# Blender 5.0.0
# www.blender.org
mtllib ZEDXMini.mtl
o ZEDX_Mini
v -0.016135 0.032480 0.016208
v -0.015385 0.032551 0.016180
v -0.015381 0.032922 0.016292
v -0.014635 0.032604 0.016158
v -0.014631 0.032969 0.016289
v -0.013885 0.031889 0.016096
v -0.013883 0.032643 0.016146
v -0.013076 0.032743 0.016158
v -0.013285 0.033026 0.016282
v -0.012786 0.033050 0.016280
v -0.013072 0.033322 0.016313
v -0.012407 0.035527 0.016240
v -0.012378 0.036332 0.016117
v -0.012000 0.037000 0.016000
v -0.016139 0.045537 0.005631
v -0.015179 0.045513 0.005129
v -0.015179 0.045485 0.005411
v -0.015411 0.045489 0.005663
v -0.014637 0.045445 0.005543
v -0.014634 0.045504 0.005945
v -0.013889 0.045445 0.004867
v -0.013886 0.045421 0.005611
v -0.013880 0.045515 0.006012
v -0.013139 0.045387 0.004872
v -0.013134 0.045400 0.005643
v -0.012388 0.045329 0.004878
v -0.012382 0.045395 0.005660
v -0.016130 0.045650 0.006400
v -0.015379 0.045652 0.006406
v -0.014628 0.045656 0.006413
v -0.014626 0.045772 0.007123
v -0.014626 0.045648 0.007831
v -0.011635 0.031896 0.015985
v -0.011635 0.032680 0.016094
v -0.011630 0.033214 0.016289
v -0.011628 0.035596 0.016221
v -0.010884 0.032679 0.016077
v -0.010880 0.033310 0.016285
v -0.010134 0.031901 0.015911
v -0.010132 0.032679 0.016063
v -0.009378 0.033402 0.016266
v -0.009378 0.034126 0.016265
v -0.009378 0.034864 0.016249
v -0.009378 0.035598 0.016191
v -0.008634 0.031909 0.015837
v -0.008628 0.033403 0.016256
v -0.009000 0.034000 0.016000
v -0.009000 0.035000 0.016000
v -0.009000 0.036000 0.016000
v -0.007884 0.031914 0.015800
v -0.008000 0.036000 0.016000
v -0.007000 0.036000 0.016000
v -0.006382 0.031926 0.015726
v -0.006378 0.032686 0.016019
v -0.006378 0.033404 0.016227
v -0.006000 0.034000 0.016000
v -0.006000 0.035000 0.016000
v -0.006000 0.036000 0.016000
v -0.012000 0.036000 0.016000
v -0.012000 0.037000 0.016000
v -0.009000 0.036000 0.016000
v -0.009000 0.037000 0.016000
v -0.009000 0.036000 0.016000
v -0.009000 0.037000 0.016000
v -0.008000 0.036000 0.016000
v -0.007000 0.036000 0.016000
v -0.006000 0.036000 0.016000
v -0.006000 0.037000 0.016000
v -0.011637 0.045277 0.004885
v -0.011630 0.045390 0.005672
v -0.010887 0.045227 0.004894
v -0.010879 0.045392 0.005679
v -0.010136 0.045192 0.004904
v -0.010128 0.045396 0.005683
v -0.008641 0.045124 0.004126
v -0.008635 0.045143 0.004924
v -0.007888 0.045066 0.004131
v -0.007883 0.045131 0.004930
v -0.007134 0.045011 0.004137
v -0.007129 0.045126 0.004933
v -0.006384 0.044962 0.004146
v -0.006377 0.045127 0.004937
v -0.008625 0.045664 0.006415
v -0.010202 0.043049 0.012125
v -0.005633 0.031934 0.015689
v -0.005628 0.032687 0.016012
v -0.006000 0.034000 0.016000
v -0.006000 0.035000 0.016000
v -0.006000 0.036000 0.016000
v -0.005000 0.036000 0.016000
v -0.004136 0.031948 0.015625
v -0.004129 0.032689 0.015997
v -0.004000 0.036000 0.016000
v -0.003378 0.033404 0.016188
v -0.003000 0.034000 0.016000
v -0.003000 0.035000 0.016000
v -0.003000 0.036000 0.016000
v -0.002580 0.031888 0.015551
v -0.002629 0.032692 0.015982
v -0.003000 0.034000 0.016000
v -0.003000 0.035000 0.016000
v -0.003000 0.036000 0.016000
v -0.001884 0.031577 0.015503
v -0.001886 0.032030 0.015556
v -0.001879 0.032694 0.015974
v -0.002000 0.036000 0.016000
v -0.001135 0.031637 0.015466
v -0.001135 0.032087 0.015551
v -0.001129 0.032695 0.015967
v -0.001000 0.036000 0.016000
v -0.000386 0.031691 0.015432
v -0.000384 0.032132 0.015557
v -0.000378 0.033405 0.016149
v 0.000000 0.034000 0.016000
v 0.000000 0.035000 0.016000
v 0.000000 0.036000 0.016000
v -0.006000 0.036000 0.016000
v -0.006000 0.037000 0.016000
v -0.005000 0.036000 0.016000
v -0.004000 0.036000 0.016000
v -0.003000 0.036000 0.016000
v -0.003000 0.037000 0.016000
v -0.003378 0.037672 0.015633
v -0.003000 0.036000 0.016000
v -0.003000 0.037000 0.016000
v -0.002000 0.036000 0.016000
v -0.001000 0.036000 0.016000
v 0.000000 0.036000 0.016000
v 0.000000 0.037000 0.016000
v -0.000378 0.037614 0.015614
v -0.005635 0.044923 0.004156
v -0.004135 0.044871 0.004173
v -0.003391 0.044792 0.003382
v -0.003384 0.044865 0.004179
v -0.002599 0.044736 0.003384
v -0.002513 0.044759 0.003815
v -0.002975 0.044761 0.003385
v -0.002709 0.044842 0.004128
v -0.001886 0.044689 0.003386
v -0.001880 0.044748 0.003844
v -0.001136 0.044649 0.003398
v -0.001129 0.044745 0.003865
v -0.000385 0.044618 0.003411
v -0.000378 0.044746 0.003877
v -0.004875 0.045668 0.006412
v -0.004875 0.045743 0.007119
v 0.000364 0.031737 0.015406
v 0.000366 0.032169 0.015564
v 0.000000 0.034000 0.016000
v 0.000000 0.035000 0.016000
v 0.000000 0.036000 0.016000
v 0.001114 0.031778 0.015377
v 0.001117 0.032199 0.015573
v 0.001000 0.036000 0.016000
v 0.001865 0.031811 0.015362
v 0.001868 0.032222 0.015582
v 0.002000 0.036000 0.016000
v 0.002615 0.031839 0.015346
v 0.002619 0.032241 0.015588
v 0.002622 0.033406 0.016110
v 0.003000 0.034000 0.016000
v 0.003000 0.035000 0.016000
v 0.003000 0.036000 0.016000
v 0.003365 0.031151 0.015244
v 0.003365 0.031865 0.015332
v 0.003000 0.034000 0.016000
v 0.003000 0.035000 0.016000
v 0.003000 0.036000 0.016000
v 0.004116 0.033406 0.016091
v 0.004000 0.034000 0.016000
v 0.004000 0.035000 0.016000
v 0.004000 0.036000 0.016000
v 0.004863 0.031156 0.015170
v 0.004859 0.031904 0.015320
v 0.004850 0.032679 0.015889
v 0.004840 0.033395 0.016081
v 0.004834 0.034124 0.016082
v 0.004834 0.034867 0.016064
v 0.004836 0.035606 0.016002
v 0.005579 0.031150 0.015135
v 0.005533 0.031981 0.015361
v 0.005281 0.032290 0.015595
v 0.005733 0.032651 0.015516
v 0.005399 0.032658 0.015758
v 0.005761 0.033380 0.015496
v 0.005432 0.033390 0.015789
v 0.005759 0.034117 0.015501
v 0.005426 0.034123 0.015796
v 0.005756 0.034866 0.015491
v 0.005415 0.034866 0.015788
v 0.005715 0.035610 0.015465
v 0.005381 0.035606 0.015755
v 0.000000 0.036000 0.016000
v 0.000000 0.037000 0.016000
v 0.001000 0.036000 0.016000
v 0.002000 0.036000 0.016000
v 0.003000 0.036000 0.016000
v 0.003000 0.037000 0.016000
v 0.002622 0.037558 0.015594
v 0.003000 0.036000 0.016000
v 0.003000 0.037000 0.016000
v 0.004000 0.036000 0.016000
v 0.004000 0.037000 0.016000
v 0.004115 0.037529 0.015582
v 0.004841 0.036344 0.015883
v 0.005100 0.037395 0.015561
v 0.004872 0.037133 0.015688
v 0.004865 0.037776 0.015478
v 0.004661 0.037497 0.015584
v 0.004840 0.038560 0.015150
v 0.004837 0.039402 0.014701
v 0.004842 0.039034 0.014918
v 0.004832 0.040343 0.014071
v 0.004835 0.039975 0.014331
v 0.004837 0.040775 0.013739
v 0.004842 0.041579 0.013121
v 0.004844 0.041204 0.013409
v 0.005643 0.036345 0.015406
v 0.005313 0.036343 0.015692
v 0.005474 0.037126 0.015353
v 0.005233 0.036919 0.015623
v 0.005763 0.037985 0.014771
v 0.005531 0.037765 0.015084
v 0.005632 0.038559 0.014635
v 0.005296 0.038555 0.014957
v 0.005738 0.039473 0.013997
v 0.005467 0.039214 0.014436
v 0.005189 0.038945 0.014855
v 0.005792 0.040322 0.013307
v 0.005543 0.040077 0.013778
v 0.005288 0.039827 0.014221
v 0.005674 0.040846 0.013032
v 0.005298 0.040770 0.013505
v 0.005334 0.041443 0.012945
v 0.005166 0.041135 0.013347
v 0.000363 0.044558 0.002631
v 0.000367 0.044598 0.003421
v 0.001117 0.044586 0.000374
v 0.001117 0.044550 0.001866
v 0.001118 0.044509 0.002635
v 0.001121 0.044589 0.003427
v 0.004862 0.045422 0.005663
v 0.004861 0.045556 0.006023
v 0.005613 0.044595 0.003424
v 0.005607 0.044762 0.003880
v 0.005600 0.044902 0.004260
v 0.005587 0.045148 0.004921
v 0.005505 0.045406 0.005713
v 0.005201 0.045549 0.006030
v 0.000434 0.044946 0.009355
v 0.004837 0.043224 0.011719
v 0.004839 0.043935 0.010901
v 0.004837 0.043561 0.011350
v 0.004833 0.044804 0.009561
v 0.004838 0.044517 0.010048
v 0.004840 0.044203 0.010528
v 0.005103 0.045561 0.007377
v 0.004866 0.045516 0.007824
v 0.004837 0.045256 0.008573
v 0.004837 0.044983 0.009193
v 0.004861 0.045673 0.006391
v 0.004884 0.045698 0.007141
v 0.004661 0.045600 0.007570
v 0.005704 0.043193 0.010928
v 0.005484 0.042968 0.011471
v 0.005798 0.044051 0.009565
v 0.005660 0.043905 0.010039
v 0.005451 0.043675 0.010685
v 0.005246 0.043450 0.011231
v 0.005784 0.044781 0.007993
v 0.005673 0.044672 0.008564
v 0.005513 0.044482 0.009307
v 0.005318 0.044257 0.010037
v 0.005189 0.044121 0.010429
v 0.005565 0.045371 0.006369
v 0.005457 0.045331 0.007121
v 0.005539 0.045085 0.007776
v 0.005330 0.044991 0.008563
v 0.005220 0.044884 0.009039
v 0.005227 0.045614 0.006382
v 0.005206 0.045592 0.006911
v 0.004837 0.042432 0.012448
v 0.004840 0.042059 0.012753
v 0.004838 0.042856 0.012083
v 0.005466 0.042201 0.012191
v 0.005221 0.041955 0.012667
v 0.005258 0.042736 0.011970
v 0.007116 0.022876 0.012796
v 0.007580 0.022875 0.013136
v 0.007118 0.023626 0.012792
v 0.007582 0.023625 0.013136
v 0.007120 0.024376 0.012789
v 0.007584 0.024375 0.013136
v 0.007439 0.024375 0.013640
v 0.007124 0.025876 0.012782
v 0.007588 0.025875 0.013136
v 0.007127 0.027376 0.012776
v 0.007592 0.027375 0.013136
v 0.007129 0.028126 0.012772
v 0.007594 0.028125 0.013136
v 0.007131 0.028876 0.012769
v 0.007596 0.028875 0.013136
v 0.007598 0.029625 0.013136
v 0.007447 0.029625 0.013647
v 0.006513 0.031128 0.014754
v 0.006208 0.031133 0.015036
v 0.006512 0.031879 0.014757
v 0.006193 0.031892 0.015080
v 0.006160 0.032639 0.015120
v 0.006510 0.033365 0.014762
v 0.006144 0.033370 0.015137
v 0.006161 0.034061 0.014427
v 0.006111 0.034112 0.015172
v 0.006088 0.034830 0.014368
v 0.006078 0.034869 0.015187
v 0.006058 0.035579 0.014332
v 0.006050 0.035618 0.015146
v 0.007205 0.031125 0.013961
v 0.006840 0.031126 0.014393
v 0.007209 0.033373 0.013963
v 0.006844 0.033368 0.014395
v 0.007210 0.034119 0.013964
v 0.006845 0.034110 0.014329
v 0.007205 0.034863 0.013951
v 0.006761 0.034851 0.014177
v 0.007170 0.035602 0.013920
v 0.006689 0.035584 0.014127
v 0.007135 0.030376 0.012762
v 0.007600 0.030375 0.013136
v 0.007137 0.031126 0.012759
v 0.007602 0.031125 0.013136
v 0.007141 0.032626 0.012752
v 0.007606 0.032625 0.013135
v 0.007142 0.033377 0.012749
v 0.007608 0.033375 0.013135
v 0.007144 0.034130 0.012744
v 0.007609 0.034126 0.013135
v 0.007456 0.034124 0.013650
v 0.007146 0.034888 0.012724
v 0.007628 0.034876 0.013131
v 0.007453 0.034869 0.013633
v 0.007148 0.035647 0.012690
v 0.007653 0.035625 0.013125
v 0.007433 0.035608 0.013580
v 0.006563 0.041856 0.011102
v 0.006419 0.041579 0.011541
v 0.007132 0.038621 0.010913
v 0.007137 0.038349 0.011376
v 0.007125 0.039404 0.010181
v 0.007130 0.039166 0.010668
v 0.007123 0.039979 0.009955
v 0.007101 0.041693 0.007888
v 0.007108 0.041462 0.008479
v 0.007217 0.041700 0.010194
v 0.006966 0.041537 0.010779
v 0.007143 0.037404 0.012013
v 0.007143 0.037919 0.011868
v 0.007136 0.038870 0.011183
v 0.007123 0.038613 0.011633
v 0.007129 0.039682 0.010478
v 0.006752 0.039468 0.010982
v 0.007506 0.039387 0.011639
v 0.007122 0.040511 0.009781
v 0.006455 0.040327 0.010327
v 0.007554 0.040187 0.010933
v 0.007114 0.041278 0.009009
v 0.007120 0.040986 0.009490
v 0.007627 0.040874 0.010124
v 0.007410 0.040830 0.010657
v 0.007105 0.041983 0.008146
v 0.006598 0.041789 0.008795
v 0.007617 0.041622 0.009375
v 0.007409 0.041524 0.010021
v 0.007333 0.041221 0.010461
v 0.006389 0.036625 0.013926
v 0.006062 0.036342 0.014186
v 0.005999 0.036351 0.015065
v 0.006288 0.036986 0.013822
v 0.005824 0.036981 0.014267
v 0.005915 0.037083 0.014953
v 0.006130 0.037729 0.013649
v 0.006044 0.037794 0.014568
v 0.005851 0.037493 0.014880
v 0.006269 0.038607 0.013053
v 0.005984 0.038394 0.013499
v 0.005956 0.038575 0.014295
v 0.006089 0.039198 0.012863
v 0.006030 0.039285 0.013794
v 0.005864 0.038987 0.014160
v 0.006507 0.040199 0.012509
v 0.005843 0.039847 0.012703
v 0.005929 0.039844 0.013513
v 0.006267 0.040856 0.012309
v 0.005995 0.040650 0.012812
v 0.007017 0.036423 0.013939
v 0.006552 0.036178 0.014031
v 0.007144 0.036886 0.012150
v 0.007285 0.037277 0.013303
v 0.007080 0.037068 0.013653
v 0.007177 0.037822 0.013197
v 0.006794 0.037819 0.013481
v 0.007255 0.038764 0.012524
v 0.007026 0.038524 0.013017
v 0.006555 0.038162 0.013313
v 0.007133 0.039339 0.012278
v 0.006610 0.039251 0.012594
v 0.006798 0.039994 0.012266
v 0.006349 0.039594 0.012421
v 0.007148 0.036398 0.012618
v 0.007633 0.036372 0.013118
v 0.007386 0.036345 0.013484
v 0.006630 0.037181 0.012504
v 0.007483 0.037078 0.013107
v 0.007346 0.036791 0.013404
v 0.007648 0.037874 0.012375
v 0.007423 0.037834 0.012847
v 0.007460 0.038568 0.012334
v 0.007357 0.038269 0.012697
v 0.006333 0.044572 0.000374
v 0.006334 0.044533 0.001869
v 0.006328 0.044493 0.002631
v 0.006320 0.044588 0.003398
v 0.006338 0.044794 0.004095
v 0.006457 0.044701 0.004878
v 0.006087 0.044921 0.004336
v 0.006141 0.045006 0.004893
v 0.006075 0.045007 0.005624
v 0.007007 0.043096 0.000380
v 0.007017 0.043082 0.001131
v 0.007027 0.043066 0.001882
v 0.007036 0.043048 0.002633
v 0.007046 0.043025 0.003389
v 0.007056 0.042977 0.004150
v 0.007062 0.042922 0.004641
v 0.006972 0.044375 0.000375
v 0.006965 0.044358 0.001872
v 0.006947 0.044342 0.002624
v 0.006912 0.044349 0.003378
v 0.006853 0.044353 0.004127
v 0.006798 0.044334 0.004865
v 0.007068 0.042831 0.005142
v 0.007075 0.042774 0.005656
v 0.007333 0.043396 0.000378
v 0.007358 0.043378 0.001128
v 0.007392 0.043356 0.001878
v 0.007450 0.043325 0.002627
v 0.007499 0.043291 0.003377
v 0.007526 0.043235 0.004127
v 0.007467 0.043092 0.004867
v 0.007575 0.043127 0.005626
v 0.007481 0.043723 0.000376
v 0.007484 0.043723 0.001126
v 0.007480 0.043715 0.001875
v 0.007467 0.043698 0.002624
v 0.007452 0.043673 0.003372
v 0.007426 0.043637 0.004118
v 0.007403 0.043592 0.004866
v 0.007372 0.043531 0.005614
v 0.006445 0.042317 0.010828
v 0.006043 0.042228 0.011481
v 0.006509 0.043268 0.009499
v 0.006392 0.043019 0.010079
v 0.006028 0.042973 0.010720
v 0.005901 0.042700 0.011208
v 0.006517 0.044024 0.007960
v 0.006408 0.043898 0.008564
v 0.006221 0.043739 0.009290
v 0.005993 0.043535 0.010037
v 0.005871 0.043394 0.010434
v 0.006196 0.044452 0.007734
v 0.006037 0.044303 0.008564
v 0.005922 0.044183 0.009076
v 0.005998 0.044972 0.006355
v 0.005920 0.044908 0.007091
v 0.005864 0.044857 0.007503
v 0.007083 0.042296 0.006397
v 0.007093 0.042222 0.007158
v 0.007099 0.042159 0.007626
v 0.007288 0.042602 0.008864
v 0.007200 0.042447 0.009304
v 0.006959 0.042263 0.010029
v 0.006724 0.042102 0.010617
v 0.007281 0.043326 0.007277
v 0.007212 0.043219 0.007828
v 0.007120 0.042990 0.008596
v 0.006810 0.043018 0.009274
v 0.006695 0.042779 0.009860
v 0.007051 0.043682 0.007054
v 0.006800 0.043768 0.007760
v 0.006719 0.043529 0.008564
v 0.006624 0.043414 0.009009
v 0.006703 0.044236 0.006349
v 0.006638 0.044162 0.007090
v 0.006590 0.044109 0.007469
v 0.006629 0.042821 0.006431
v 0.007049 0.042612 0.007156
v 0.007509 0.042337 0.007849
v 0.007503 0.042400 0.008644
v 0.007399 0.042114 0.009333
v 0.007326 0.041943 0.009714
v 0.007572 0.043120 0.006375
v 0.007469 0.043127 0.007078
v 0.007431 0.042905 0.007851
v 0.007359 0.042763 0.008386
v 0.007345 0.043462 0.006358
v 0.007318 0.043410 0.006790
v 0.005885 0.041948 0.011920
v -0.012372 0.034864 -0.015500
v -0.012372 0.035599 -0.015443
v -0.012372 0.036332 -0.015329
v -0.014626 0.045771 -0.006369
v -0.015796 0.045516 -0.004527
v -0.015798 0.045521 -0.004473
v -0.016129 0.045688 -0.005648
v -0.016083 0.045518 -0.004830
v -0.015386 0.045484 -0.004634
v -0.015379 0.045682 -0.005654
v -0.015386 0.045506 -0.005036
v -0.014636 0.045443 -0.004765
v -0.014644 0.045486 -0.004082
v -0.014628 0.045676 -0.005659
v -0.014633 0.045517 -0.005167
v -0.013886 0.045418 -0.004832
v -0.013889 0.045426 -0.004118
v -0.013881 0.045523 -0.005231
v -0.013134 0.045404 -0.004873
v -0.013138 0.045370 -0.004124
v -0.012383 0.045396 -0.004900
v -0.012388 0.045316 -0.004130
v -0.010125 0.045634 -0.007045
v -0.010125 0.045760 -0.006374
v -0.011631 0.045391 -0.004920
v -0.011637 0.045267 -0.004137
v -0.010889 0.045418 -0.005008
v -0.010887 0.045220 -0.004146
v -0.008637 0.045125 -0.004168
v -0.008640 0.045122 -0.003372
v -0.007885 0.045101 -0.004173
v -0.007890 0.045066 -0.003377
v -0.007131 0.045090 -0.004178
v -0.007136 0.045010 -0.003382
v -0.006379 0.045079 -0.004184
v -0.006385 0.044958 -0.003389
v -0.004125 0.045405 -0.007799
v -0.005629 0.045074 -0.004186
v -0.005636 0.044911 -0.003396
v -0.004887 0.044869 -0.003405
v -0.003134 0.044762 -0.003055
v -0.003135 0.044764 -0.002876
v -0.003383 0.044802 -0.003367
v -0.003387 0.044798 -0.002620
v -0.002635 0.044737 -0.003119
v -0.002634 0.044819 -0.003533
v -0.001884 0.044713 -0.003189
v -0.001888 0.044689 -0.002627
v -0.001881 0.044828 -0.003598
v -0.001132 0.044700 -0.003233
v -0.001138 0.044638 -0.002635
v -0.000381 0.044696 -0.003261
v -0.000387 0.044587 -0.002644
v 0.004107 0.034123 -0.015729
v 0.004108 0.034865 -0.015712
v 0.004112 0.035600 -0.015651
v 0.004667 0.034123 -0.015698
v 0.004649 0.034868 -0.015687
v 0.004974 0.034866 -0.015486
v 0.004583 0.035605 -0.015643
v 0.004921 0.035605 -0.015467
v 0.005794 0.033375 -0.014788
v 0.005433 0.034123 -0.015118
v 0.005792 0.034122 -0.014792
v 0.005423 0.034866 -0.015111
v 0.005754 0.034864 -0.014759
v 0.005390 0.035603 -0.015078
v 0.005733 0.035600 -0.014747
v 0.004109 0.036142 -0.015572
v 0.004101 0.036508 -0.015497
v 0.004099 0.037063 -0.015357
v 0.004103 0.037804 -0.015116
v 0.004105 0.038361 -0.014893
v 0.004102 0.038721 -0.014719
v 0.004103 0.039271 -0.014425
v 0.004106 0.039743 -0.014141
v 0.004104 0.040107 -0.013885
v 0.004102 0.040613 -0.013510
v 0.004100 0.040984 -0.013226
v 0.004506 0.036089 -0.015585
v 0.004777 0.036350 -0.015450
v 0.004821 0.037089 -0.015243
v 0.004822 0.037789 -0.015014
v 0.005023 0.037992 -0.014773
v 0.004584 0.038318 -0.014908
v 0.004819 0.038572 -0.014686
v 0.004808 0.039294 -0.014314
v 0.005005 0.039509 -0.014019
v 0.004557 0.039728 -0.014149
v 0.004852 0.040071 -0.013780
v 0.004676 0.040579 -0.013511
v 0.004872 0.040816 -0.013212
v 0.005322 0.036338 -0.015017
v 0.005689 0.036337 -0.014681
v 0.005215 0.037078 -0.014924
v 0.005662 0.037125 -0.014499
v 0.005515 0.037301 -0.013785
v 0.005140 0.037501 -0.014853
v 0.005385 0.037786 -0.014530
v 0.005435 0.037706 -0.013714
v 0.005293 0.038554 -0.014277
v 0.005710 0.038629 -0.013802
v 0.005532 0.038735 -0.013109
v 0.005174 0.039011 -0.014150
v 0.005390 0.039285 -0.013776
v 0.005433 0.039129 -0.012989
v 0.005259 0.039878 -0.013517
v 0.005544 0.040105 -0.013044
v 0.004105 0.042241 -0.012256
v 0.004109 0.042672 -0.011896
v 0.004802 0.042297 -0.012133
v 0.004539 0.042672 -0.011900
v 0.004110 0.043042 -0.011547
v 0.004110 0.043408 -0.011177
v 0.004140 0.043844 -0.010667
v 0.004396 0.044068 -0.010368
v 0.004137 0.044269 -0.010087
v 0.004106 0.044689 -0.009412
v 0.004108 0.044884 -0.009048
v 0.004107 0.045131 -0.008545
v 0.004109 0.045425 -0.007797
v 0.004116 0.045637 -0.007090
v 0.004114 0.045720 -0.006379
v 0.004995 0.042518 -0.011772
v 0.004793 0.043010 -0.011508
v 0.005007 0.043278 -0.011029
v 0.004551 0.043412 -0.011176
v 0.004752 0.043737 -0.010741
v 0.004931 0.044010 -0.010236
v 0.004448 0.044068 -0.010369
v 0.004756 0.044275 -0.010024
v 0.004835 0.044689 -0.009302
v 0.005038 0.044791 -0.008795
v 0.004592 0.044898 -0.009020
v 0.004838 0.045055 -0.008577
v 0.004760 0.045413 -0.007761
v 0.004949 0.045523 -0.007090
v 0.005091 0.045552 -0.006520
v 0.004459 0.045537 -0.007429
v 0.004602 0.045637 -0.007094
v 0.004878 0.045689 -0.006327
v 0.005473 0.042242 -0.011480
v 0.005724 0.042464 -0.010966
v 0.005479 0.042990 -0.010748
v 0.005711 0.043203 -0.010186
v 0.005444 0.043688 -0.009952
v 0.005661 0.043905 -0.009295
v 0.005790 0.044046 -0.008800
v 0.005299 0.044273 -0.009287
v 0.005493 0.044481 -0.008553
v 0.005651 0.044652 -0.007818
v 0.005779 0.044777 -0.007078
v 0.005838 0.044833 -0.006674
v 0.005190 0.044884 -0.008301
v 0.005294 0.044984 -0.007814
v 0.005423 0.045112 -0.007076
v 0.005496 0.045224 -0.006354
v 0.005162 0.045565 -0.006046
v 0.000371 0.044694 -0.003282
v 0.000365 0.044546 -0.002652
v 0.001119 0.044516 -0.002659
v 0.001118 0.044527 -0.001874
v 0.001117 0.044562 -0.001117
v 0.004846 0.045505 -0.005554
v 0.004850 0.045630 -0.005909
v 0.005478 0.045362 -0.005693
v 0.005583 0.045238 -0.004898
v 0.005594 0.044988 -0.004178
v 0.005170 0.045557 -0.005997
v 0.006166 0.033374 -0.014424
v 0.006531 0.033373 -0.014040
v 0.005743 0.034107 -0.014045
v 0.006514 0.034117 -0.014016
v 0.005719 0.034839 -0.014054
v 0.006372 0.034855 -0.013880
v 0.005685 0.035536 -0.014028
v 0.006327 0.035580 -0.013828
v 0.006838 0.033374 -0.013692
v 0.006852 0.034120 -0.013677
v 0.007310 0.034125 -0.013112
v 0.006818 0.034131 -0.012476
v 0.006860 0.034868 -0.013654
v 0.007313 0.034920 -0.013032
v 0.006818 0.034949 -0.012597
v 0.006830 0.035610 -0.013612
v 0.007243 0.035621 -0.013097
v 0.006565 0.035653 -0.012679
v 0.005820 0.035529 -0.012610
v 0.007279 0.035238 -0.012808
v 0.007260 0.035627 -0.012725
v 0.007308 0.035633 -0.012791
v 0.006833 0.035629 -0.011655
v 0.005629 0.036226 -0.013965
v 0.006196 0.036287 -0.013706
v 0.005576 0.036771 -0.013885
v 0.005868 0.037017 -0.013505
v 0.005902 0.037619 -0.013270
v 0.006394 0.037893 -0.013146
v 0.005659 0.038223 -0.013237
v 0.006024 0.038502 -0.012807
v 0.006545 0.038872 -0.012572
v 0.005763 0.039113 -0.012598
v 0.006297 0.039200 -0.012330
v 0.005577 0.039657 -0.012450
v 0.006228 0.040049 -0.012266
v 0.006771 0.036347 -0.013533
v 0.007142 0.036357 -0.013068
v 0.006914 0.036411 -0.012497
v 0.006673 0.037084 -0.013429
v 0.007056 0.037044 -0.012960
v 0.007326 0.037083 -0.012427
v 0.006580 0.037453 -0.013346
v 0.006784 0.037754 -0.013013
v 0.007294 0.037798 -0.012294
v 0.006712 0.038418 -0.012759
v 0.006986 0.038584 -0.012284
v 0.006762 0.039297 -0.012103
v 0.006641 0.039758 -0.011930
v 0.007321 0.036367 -0.012733
v 0.007320 0.036380 -0.012755
v 0.007320 0.036761 -0.012706
v 0.007303 0.036770 -0.012725
v 0.007334 0.038043 -0.011992
v 0.007328 0.038279 -0.011964
v 0.006008 0.041462 -0.011469
v 0.006438 0.041587 -0.010803
v 0.006835 0.036398 -0.011672
v 0.006836 0.037172 -0.011705
v 0.006732 0.037942 -0.011809
v 0.006848 0.037917 -0.010931
v 0.007270 0.038462 -0.011486
v 0.007265 0.038750 -0.011742
v 0.006479 0.038844 -0.011163
v 0.006860 0.038655 -0.010162
v 0.007060 0.039306 -0.010814
v 0.006860 0.039514 -0.010301
v 0.007193 0.040069 -0.010868
v 0.006969 0.040220 -0.010112
v 0.006873 0.040193 -0.009445
v 0.006940 0.040757 -0.010741
v 0.007316 0.040559 -0.009887
v 0.006742 0.040970 -0.009466
v 0.006884 0.040950 -0.008687
v 0.006716 0.041379 -0.010582
v 0.006964 0.041543 -0.010040
v 0.007270 0.041353 -0.009074
v 0.006852 0.041607 -0.008737
v 0.006896 0.041798 -0.007959
v 0.006906 0.041683 -0.007150
v 0.007335 0.038060 -0.011949
v 0.007341 0.038609 -0.011617
v 0.007342 0.038950 -0.011231
v 0.007350 0.039417 -0.010900
v 0.007300 0.039745 -0.010523
v 0.007358 0.040104 -0.010541
v 0.007361 0.040137 -0.010386
v 0.007287 0.040454 -0.010432
v 0.007366 0.040747 -0.010053
v 0.007360 0.041032 -0.009538
v 0.007306 0.041244 -0.009740
v 0.007378 0.041533 -0.009259
v 0.007383 0.041836 -0.008636
v 0.007296 0.042006 -0.008177
v 0.005898 0.041970 -0.011194
v 0.006056 0.042240 -0.010740
v 0.006448 0.042315 -0.010084
v 0.006029 0.042978 -0.009976
v 0.006388 0.043014 -0.009330
v 0.006501 0.043258 -0.008728
v 0.005869 0.043396 -0.009691
v 0.005986 0.043530 -0.009290
v 0.006214 0.043732 -0.008524
v 0.006385 0.043872 -0.007819
v 0.006503 0.044010 -0.007078
v 0.006565 0.044082 -0.006608
v 0.006237 0.044495 -0.006396
v 0.005897 0.044886 -0.006185
v 0.006722 0.042099 -0.009877
v 0.006951 0.042258 -0.009277
v 0.007196 0.042394 -0.008571
v 0.007097 0.042256 -0.007713
v 0.007295 0.042549 -0.008086
v 0.006721 0.042491 -0.007207
v 0.006918 0.042468 -0.006399
v 0.006685 0.042770 -0.009110
v 0.006789 0.043017 -0.008515
v 0.007085 0.042977 -0.007825
v 0.007184 0.043156 -0.007094
v 0.007297 0.043237 -0.006358
v 0.006610 0.043398 -0.008238
v 0.006692 0.043499 -0.007818
v 0.006813 0.043651 -0.007083
v 0.006855 0.043811 -0.006356
v 0.007297 0.041948 -0.008969
v 0.007388 0.042074 -0.008604
v 0.007399 0.042377 -0.007886
v 0.007405 0.042645 -0.007132
v 0.007248 0.042761 -0.006394
v 0.007329 0.042745 -0.007597
v 0.007410 0.042843 -0.007113
v 0.007418 0.042910 -0.006374
v 0.006381 0.044618 -0.004862
v 0.006408 0.044697 -0.004130
v 0.006278 0.044694 -0.003435
v 0.006318 0.044495 -0.002638
v 0.005960 0.044929 -0.005608
v 0.006047 0.044965 -0.004879
v 0.006057 0.044930 -0.004148
v 0.005995 0.044826 -0.003747
v 0.006928 0.042566 -0.005637
v 0.006937 0.042464 -0.004890
v 0.006947 0.042439 -0.004137
v 0.006957 0.042419 -0.003382
v 0.006967 0.042409 -0.002626
v 0.007060 0.042957 -0.005387
v 0.007331 0.043313 -0.005860
v 0.007028 0.043032 -0.004893
v 0.006833 0.043135 -0.004149
v 0.006740 0.043215 -0.003398
v 0.006621 0.043287 -0.002631
v 0.006978 0.043128 -0.001871
v 0.006988 0.043118 -0.001121
v 0.006998 0.043108 -0.000371
v 0.007074 0.043693 -0.005600
v 0.007262 0.044004 -0.000372
v 0.006771 0.044293 -0.004116
v 0.006835 0.044310 -0.003374
v 0.006889 0.044314 -0.002623
v 0.006964 0.044368 -0.000372
v 0.006953 0.042872 -0.005904
v 0.007430 0.043110 -0.005618
v 0.007440 0.043296 -0.004873
v 0.007449 0.043329 -0.004124
v 0.007459 0.043364 -0.003376
v 0.007458 0.043382 -0.002625
v 0.007436 0.043385 -0.001874
v 0.007402 0.043390 -0.001124
v 0.007363 0.043395 -0.000373
v 0.007300 0.043445 -0.005355
v 0.007330 0.043490 -0.004858
v 0.007367 0.043549 -0.004113
v 0.007403 0.043598 -0.003368
v 0.007435 0.043636 -0.002621
v 0.007458 0.043670 -0.001872
v 0.007467 0.043695 -0.001123
v 0.007473 0.043713 -0.000374
v 0.005587 0.007875 0.015136
v 0.007059 0.000376 0.012888
v 0.007061 0.001000 0.012886
v 0.007524 0.000375 0.013143
v 0.007405 0.000375 0.013608
v 0.007062 0.001500 0.012884
v 0.007338 0.001200 0.013095
v 0.007406 0.001125 0.013610
v 0.007063 0.001876 0.012882
v 0.007525 0.001876 0.013139
v 0.007407 0.001876 0.013610
v 0.007065 0.002626 0.012879
v 0.007527 0.002625 0.013139
v 0.007067 0.003376 0.012876
v 0.007529 0.003375 0.013139
v 0.007532 0.004125 0.013139
v 0.007411 0.004125 0.013612
v 0.007071 0.004876 0.012870
v 0.007533 0.004875 0.013139
v 0.007073 0.005626 0.012867
v 0.007535 0.005625 0.013139
v 0.006179 0.007875 0.015021
v 0.007178 0.008625 0.013928
v 0.007075 0.006376 0.012865
v 0.007537 0.006375 0.013138
v 0.007076 0.007126 0.012862
v 0.007539 0.007125 0.013138
v 0.007078 0.007876 0.012859
v 0.007540 0.007875 0.013138
v 0.007416 0.007875 0.013617
v 0.007080 0.008626 0.012855
v 0.007542 0.008625 0.013138
v 0.007418 0.008625 0.013618
v 0.007084 0.010126 0.012849
v 0.007547 0.010125 0.013138
v 0.007420 0.010125 0.013620
v 0.007086 0.010876 0.012846
v 0.007549 0.010875 0.013138
v 0.007088 0.011626 0.012844
v 0.007551 0.011625 0.013138
v 0.007090 0.012376 0.012841
v 0.007552 0.012375 0.013138
v 0.007092 0.013126 0.012837
v 0.007554 0.013125 0.013138
v 0.007093 0.013876 0.012834
v 0.007556 0.013875 0.013138
v 0.007097 0.015376 0.012828
v 0.007561 0.015375 0.013137
v 0.007427 0.015375 0.013627
v 0.007099 0.016126 0.012825
v 0.007563 0.016125 0.013137
v 0.007101 0.016876 0.012822
v 0.007564 0.016875 0.013137
v 0.007103 0.017626 0.012819
v 0.007566 0.017625 0.013137
v 0.006498 0.018375 0.014737
v 0.006196 0.018375 0.015027
v 0.007105 0.018376 0.012815
v 0.007568 0.018375 0.013137
v 0.007107 0.019126 0.012812
v 0.007570 0.019125 0.013137
v 0.007572 0.019875 0.013137
v 0.007433 0.019875 0.013633
v 0.007110 0.020626 0.012805
v 0.007574 0.020625 0.013137
v 0.007114 0.022126 0.012799
v 0.007578 0.022125 0.013137
v -0.011622 -0.000375 -0.015521
v -0.011462 -0.000375 -0.015031
v -0.011456 -0.000375 -0.014607
v -0.011446 -0.000375 -0.013814
v -0.011430 -0.000374 -0.012585
v -0.010185 -0.000375 -0.012579
v -0.006314 -0.000375 -0.012629
v -0.005122 -0.000375 -0.015604
v -0.005126 -0.000375 -0.015340
v -0.005117 -0.000375 -0.014616
v -0.005107 -0.000375 -0.013821
v -0.005118 -0.000375 -0.012644
v -0.011303 0.000823 -0.015525
v -0.011603 0.000482 -0.015521
v -0.011276 0.001131 -0.015526
v -0.011655 0.001134 -0.015521
v -0.011426 0.000844 -0.015524
v -0.011334 0.000501 -0.015278
v -0.011340 0.000441 -0.014599
v -0.011330 0.000443 -0.013824
v -0.011298 0.000517 -0.012731
v -0.011356 0.001158 -0.015524
v -0.011066 0.001152 -0.015342
v -0.010939 0.001343 -0.014578
v -0.010978 0.001263 -0.013820
v -0.011001 0.001209 -0.013055
v -0.011007 0.001991 -0.015529
v -0.010695 0.001681 -0.015369
v -0.010693 0.001674 -0.014794
v -0.010209 0.000415 -0.012579
v -0.010692 0.001669 -0.014353
v -0.010688 0.001666 -0.013819
v -0.010541 0.001507 -0.012574
v -0.010496 0.002314 -0.015536
v -0.010216 0.002139 -0.015354
v -0.010388 0.001985 -0.014577
v -0.010309 0.002043 -0.013811
v -0.010280 0.002059 -0.012957
v -0.010195 0.002696 -0.015540
v -0.010010 0.002520 -0.015542
v -0.010122 0.003377 -0.015541
v -0.009387 0.000388 -0.012589
v -0.009414 0.001188 -0.012589
v -0.009795 0.002409 -0.015102
v -0.009768 0.002422 -0.014594
v -0.009744 0.002430 -0.013818
v -0.009643 0.002441 -0.012587
v -0.009398 0.002995 -0.015549
v -0.009425 0.002577 -0.015373
v -0.009348 0.002604 -0.014590
v -0.009327 0.002609 -0.013827
v -0.009259 0.002633 -0.013241
v -0.009372 0.003379 -0.015550
v -0.008630 0.001164 -0.012599
v -0.008653 0.002097 -0.012599
v -0.008630 0.003076 -0.015560
v -0.008630 0.002768 -0.015352
v -0.008654 0.002765 -0.014587
v -0.008654 0.002764 -0.013838
v -0.008667 0.002763 -0.013100
v -0.008622 0.003381 -0.015560
v -0.007864 0.001164 -0.012609
v -0.007837 0.002096 -0.012610
v -0.007854 0.003060 -0.015570
v -0.007864 0.002759 -0.015350
v -0.007836 0.002758 -0.014590
v -0.007840 0.002759 -0.013838
v -0.007824 0.002759 -0.013106
v -0.007871 0.003382 -0.015570
v -0.007107 0.000388 -0.012619
v -0.007082 0.001186 -0.012619
v -0.006679 0.002362 -0.015585
v -0.006726 0.002368 -0.015322
v -0.006766 0.002399 -0.014609
v -0.006785 0.002417 -0.013820
v -0.006867 0.002422 -0.012622
v -0.007008 0.002762 -0.015581
v -0.007160 0.002574 -0.015328
v -0.007188 0.002590 -0.014600
v -0.007202 0.002600 -0.013829
v -0.007258 0.002626 -0.013250
v -0.007120 0.003381 -0.015580
v -0.006290 0.000413 -0.012629
v -0.005847 0.001625 -0.015154
v -0.005839 0.001624 -0.014616
v -0.005835 0.001631 -0.013823
v -0.005980 0.001476 -0.012633
v -0.006311 0.002190 -0.015590
v -0.006172 0.001965 -0.015331
v -0.006225 0.002019 -0.014614
v -0.006219 0.002022 -0.013817
v -0.006234 0.002045 -0.012973
v -0.006365 0.002636 -0.015589
v -0.009374 0.016122 -0.015552
v -0.009494 0.016763 -0.015551
v -0.009309 0.016968 -0.015297
v -0.009338 0.017024 -0.014571
v -0.009336 0.017041 -0.013849
v -0.009333 0.017054 -0.013298
v -0.009797 0.017625 -0.015547
v -0.009493 0.017626 -0.015310
v -0.009487 0.017631 -0.014557
v -0.009477 0.017631 -0.013860
v -0.009466 0.017631 -0.013208
v -0.008624 0.016118 -0.015562
v -0.008645 0.016415 -0.015562
v -0.008693 0.016447 -0.015264
v -0.008759 0.016480 -0.014574
v -0.008754 0.016484 -0.013818
v -0.008859 0.016548 -0.012788
v -0.008783 0.017631 -0.012600
v -0.007870 0.016117 -0.015572
v -0.007848 0.016428 -0.015572
v -0.007799 0.016448 -0.015264
v -0.007746 0.016468 -0.014580
v -0.007760 0.016462 -0.013820
v -0.007661 0.016499 -0.012741
v -0.007750 0.017631 -0.012613
v -0.007118 0.016120 -0.015582
v -0.007020 0.016775 -0.015583
v -0.007191 0.016966 -0.015291
v -0.007150 0.017010 -0.014584
v -0.007141 0.017007 -0.013850
v -0.007133 0.017014 -0.013261
v -0.006747 0.017625 -0.015587
v -0.007004 0.017626 -0.015293
v -0.006992 0.017631 -0.014574
v -0.006985 0.017631 -0.013860
v -0.006978 0.017632 -0.013148
v -0.009491 0.018485 -0.015552
v -0.009307 0.018278 -0.015291
v -0.009328 0.018220 -0.014570
v -0.009329 0.018205 -0.013851
v -0.009326 0.018196 -0.013309
v -0.008644 0.018830 -0.015562
v -0.008690 0.018774 -0.015264
v -0.008759 0.018746 -0.014572
v -0.008754 0.018746 -0.013821
v -0.008851 0.018683 -0.012822
v -0.007849 0.018816 -0.015572
v -0.007803 0.018772 -0.015264
v -0.007747 0.018756 -0.014579
v -0.007760 0.018768 -0.013823
v -0.007668 0.018729 -0.012779
v -0.007023 0.018472 -0.015583
v -0.007193 0.018281 -0.015284
v -0.007158 0.018235 -0.014582
v -0.007152 0.018237 -0.013852
v -0.007144 0.018233 -0.013276
v -0.005159 0.000398 -0.015604
v -0.005236 0.000415 -0.015333
v -0.005233 0.000444 -0.014615
v -0.005222 0.000441 -0.013829
v -0.005226 0.000513 -0.012766
v -0.005333 0.001165 -0.015602
v -0.005601 0.001273 -0.015339
v -0.005552 0.001208 -0.014614
v -0.005551 0.001224 -0.013827
v -0.005517 0.001184 -0.013080
v -0.005622 0.001877 -0.015598
v -0.005862 0.001637 -0.015595
v 0.004629 0.008625 -0.015684
v 0.004952 0.008625 -0.015462
v 0.004105 0.012375 -0.015726
v 0.004635 0.012375 -0.015686
v 0.007219 0.001125 -0.013112
v 0.006734 0.001126 -0.012472
v -0.026883 0.022875 0.016323
v -0.026599 0.022875 0.016490
v -0.026599 0.023625 0.016490
v -0.025862 0.022875 0.016480
v -0.025862 0.023625 0.016480
v -0.029041 0.025874 0.013500
v -0.029023 0.026625 0.013851
v -0.028601 0.026624 0.014391
v -0.026880 0.024375 0.016321
v -0.026878 0.025875 0.016319
v -0.026876 0.027375 0.016317
v -0.026874 0.028875 0.016315
v -0.026599 0.024375 0.016490
v -0.026600 0.025125 0.016490
v -0.026600 0.025875 0.016489
v -0.026600 0.026625 0.016489
v -0.026600 0.027375 0.016489
v -0.026600 0.028125 0.016489
v -0.026600 0.028875 0.016489
v -0.026600 0.029625 0.016489
v -0.025862 0.024375 0.016480
v -0.025862 0.025125 0.016480
v -0.025861 0.025875 0.016480
v -0.025861 0.026625 0.016480
v -0.025861 0.027375 0.016480
v -0.025861 0.028125 0.016480
v -0.025861 0.028875 0.016479
v -0.025861 0.029625 0.016479
v -0.029027 0.031124 0.013471
v -0.029015 0.031124 0.013825
v -0.028593 0.031124 0.014387
v -0.029022 0.031894 0.013748
v -0.028591 0.031874 0.014387
v -0.029011 0.032624 0.013823
v -0.028591 0.032625 0.014385
v -0.029021 0.034871 0.013192
v -0.029002 0.034871 0.013829
v -0.028581 0.034866 0.014373
v -0.029021 0.035656 0.013047
v -0.028980 0.035618 0.013830
v -0.028547 0.035605 0.014334
v -0.027471 0.030375 0.015482
v -0.026898 0.030374 0.015834
v -0.026872 0.030375 0.016313
v -0.027470 0.031125 0.015481
v -0.026895 0.031145 0.015922
v -0.026870 0.030910 0.016313
v -0.027469 0.031874 0.015480
v -0.026894 0.031874 0.015832
v -0.027458 0.034865 0.015468
v -0.026887 0.034851 0.015806
v -0.027427 0.035602 0.015433
v -0.026886 0.035568 0.015760
v -0.026600 0.030375 0.016489
v -0.026869 0.031410 0.016313
v -0.026671 0.031146 0.016489
v -0.026869 0.031874 0.016312
v -0.026598 0.031875 0.016488
v -0.026595 0.032625 0.016488
v -0.026592 0.033375 0.016488
v -0.026863 0.034122 0.016311
v -0.026589 0.034124 0.016488
v -0.026849 0.034863 0.016309
v -0.026565 0.034869 0.016473
v -0.026792 0.035602 0.016308
v -0.026468 0.035607 0.016417
v -0.025860 0.030374 0.016479
v -0.025860 0.031125 0.016479
v -0.025860 0.031875 0.016479
v -0.025860 0.032625 0.016479
v -0.025860 0.033375 0.016479
v -0.025860 0.034123 0.016478
v -0.025861 0.034866 0.016464
v -0.025864 0.035601 0.016409
v -0.029031 0.039283 0.011539
v -0.029038 0.040076 0.010838
v -0.029044 0.040933 0.010181
v -0.029040 0.040726 0.010572
v -0.029052 0.041660 0.009419
v -0.029029 0.039457 0.011713
v -0.029035 0.040272 0.011036
v -0.028998 0.040053 0.011517
v -0.029036 0.041185 0.010428
v -0.029019 0.040902 0.010803
v -0.028597 0.040793 0.011538
v -0.029040 0.041892 0.009668
v -0.029017 0.041620 0.010143
v -0.028649 0.041570 0.010817
v -0.029027 0.038977 0.011959
v -0.029019 0.036363 0.013086
v -0.028898 0.036360 0.013820
v -0.028478 0.036341 0.014257
v -0.029017 0.037105 0.013073
v -0.028651 0.037133 0.013840
v -0.029023 0.037854 0.012482
v -0.028984 0.037852 0.013079
v -0.028562 0.037821 0.013642
v -0.029023 0.038592 0.012363
v -0.028659 0.038608 0.013088
v -0.028436 0.038370 0.013486
v -0.028939 0.039268 0.012252
v -0.028517 0.039991 0.012244
v -0.027740 0.036340 0.014997
v -0.027690 0.038555 0.014221
v -0.027769 0.039218 0.013725
v -0.027586 0.038926 0.014122
v -0.027726 0.041530 0.012046
v -0.027360 0.036338 0.015361
v -0.026885 0.036303 0.015700
v -0.027577 0.037421 0.014847
v -0.027322 0.037133 0.015173
v -0.026884 0.037064 0.015652
v -0.027506 0.037816 0.014769
v -0.026736 0.037763 0.015007
v -0.026883 0.037685 0.015623
v -0.027342 0.038550 0.014580
v -0.026888 0.038495 0.015016
v -0.027453 0.039420 0.013960
v -0.026930 0.039173 0.014300
v -0.026888 0.039134 0.014922
v -0.027261 0.040000 0.013688
v -0.026894 0.039984 0.014267
v -0.027371 0.040812 0.013002
v -0.026900 0.040670 0.013639
v -0.026895 0.040461 0.014159
v -0.027421 0.041527 0.012412
v -0.026908 0.041442 0.012905
v -0.026901 0.041270 0.013445
v -0.026587 0.036374 0.016300
v -0.026337 0.036118 0.016349
v -0.026601 0.037109 0.016127
v -0.026864 0.038156 0.015578
v -0.026669 0.037918 0.015863
v -0.026666 0.038617 0.015569
v -0.026462 0.038355 0.015691
v -0.026852 0.039626 0.014835
v -0.026654 0.039396 0.015160
v -0.026647 0.040059 0.014735
v -0.026441 0.039771 0.014936
v -0.026591 0.041017 0.014021
v -0.026590 0.040635 0.014315
v -0.026757 0.041823 0.013336
v -0.026547 0.041564 0.013601
v -0.025858 0.036545 0.016254
v -0.025857 0.037067 0.016129
v -0.025859 0.037805 0.015895
v -0.025128 0.036524 0.016249
v -0.025000 0.037000 0.016000
v -0.025128 0.037803 0.015886
v -0.024378 0.036499 0.016244
v -0.024000 0.037000 0.016000
v -0.029126 0.043569 0.003370
v -0.029112 0.043532 0.004118
v -0.029097 0.043495 0.004866
v -0.029078 0.043455 0.005613
v -0.029034 0.044010 0.000374
v -0.028983 0.043920 0.003367
v -0.028943 0.043883 0.004115
v -0.028893 0.043843 0.004863
v -0.028833 0.043796 0.005609
v -0.027886 0.045157 0.000374
v -0.027866 0.045135 0.001867
v -0.027818 0.045081 0.003360
v -0.027785 0.045040 0.004107
v -0.027744 0.044992 0.004855
v -0.027691 0.044942 0.005603
v -0.027474 0.045495 0.001866
v -0.027453 0.045471 0.002611
v -0.027421 0.045435 0.003356
v -0.027373 0.045385 0.004100
v -0.027315 0.045325 0.004847
v -0.027234 0.045240 0.005596
v -0.027039 0.045896 0.001863
v -0.027030 0.045920 0.002608
v -0.027021 0.046009 0.003291
v -0.027011 0.045852 0.004089
v -0.027001 0.045813 0.004849
v -0.026991 0.045779 0.005606
v -0.026936 0.046367 0.000374
v -0.026897 0.046321 0.002613
v -0.026883 0.046304 0.003011
v -0.026809 0.046333 0.003505
v -0.026575 0.046281 0.004105
v -0.026579 0.046201 0.004857
v -0.026586 0.046112 0.005611
v -0.026600 0.046445 0.000375
v -0.026603 0.046389 0.002615
v -0.026593 0.046345 0.003300
v -0.029062 0.042307 0.008567
v -0.029088 0.043114 0.006351
v -0.029080 0.042888 0.007113
v -0.029070 0.042762 0.007856
v -0.029059 0.042701 0.008285
v -0.029056 0.043423 0.006088
v -0.029047 0.042497 0.008774
v -0.028996 0.042281 0.009392
v -0.028625 0.042297 0.010054
v -0.028466 0.042056 0.010580
v -0.029058 0.043332 0.006581
v -0.029047 0.043229 0.007103
v -0.028979 0.043125 0.007851
v -0.028770 0.043044 0.008612
v -0.028564 0.042896 0.009304
v -0.028423 0.042728 0.009805
v -0.028819 0.043690 0.006340
v -0.028594 0.043781 0.007027
v -0.028552 0.043595 0.007828
v -0.027730 0.042205 0.011458
v -0.027743 0.042821 0.010778
v -0.027600 0.042660 0.011170
v -0.027828 0.043749 0.009253
v -0.027942 0.044452 0.006991
v -0.027827 0.044349 0.007827
v -0.027694 0.044219 0.008567
v -0.027606 0.044135 0.008981
v -0.027624 0.044888 0.006351
v -0.027587 0.044859 0.006753
v -0.027431 0.042406 0.011662
v -0.027568 0.043355 0.010378
v -0.027443 0.043189 0.010779
v -0.026903 0.042842 0.011368
v -0.027493 0.044006 0.009469
v -0.027379 0.043740 0.010087
v -0.026931 0.043679 0.010727
v -0.026922 0.043546 0.011385
v -0.027536 0.044805 0.007243
v -0.027463 0.044723 0.007826
v -0.027312 0.044559 0.008555
v -0.027104 0.044310 0.009206
v -0.026939 0.044415 0.009946
v -0.026931 0.044217 0.010580
v -0.027134 0.045132 0.006338
v -0.027129 0.045023 0.007012
v -0.026964 0.045189 0.007814
v -0.026955 0.045041 0.008540
v -0.026945 0.044954 0.009322
v -0.026891 0.044854 0.009698
v -0.026981 0.045739 0.006357
v -0.026963 0.045691 0.007099
v -0.026916 0.045619 0.007626
v -0.026865 0.043355 0.011866
v -0.026794 0.044088 0.011092
v -0.026635 0.043800 0.011572
v -0.026591 0.044751 0.010203
v -0.026582 0.044353 0.010841
v -0.026332 0.044116 0.011166
v -0.026820 0.045579 0.008110
v -0.026604 0.045506 0.008555
v -0.026596 0.045198 0.009337
v -0.026591 0.044955 0.009825
v -0.026586 0.046000 0.006357
v -0.026593 0.045884 0.007102
v -0.026607 0.045715 0.007865
v -0.025865 0.044110 0.011166
v -0.027591 0.041913 0.011895
v -0.026908 0.042115 0.012071
v -0.026908 0.042110 0.012758
v -0.026915 0.042862 0.012087
v -0.026848 0.042610 0.012596
v -0.026594 0.042304 0.013029
v -0.026684 0.043093 0.012336
v -0.026461 0.043456 0.011970
v -0.022878 0.036448 0.016234
v -0.023000 0.037000 0.016000
v -0.021378 0.036397 0.016225
v -0.021000 0.037000 0.016000
v -0.021378 0.037802 0.015834
v -0.018378 0.037802 0.015792
v -0.023634 0.046434 0.000376
v -0.023635 0.046411 0.001867
v -0.023636 0.046376 0.002612
v -0.023634 0.046299 0.003813
v -0.018388 0.045697 0.005613
v -0.023631 0.045875 0.007088
v -0.023628 0.045709 0.007823
v -0.022884 0.045819 0.007088
v -0.022879 0.045702 0.007828
v -0.022134 0.045797 0.007096
v -0.021388 0.045821 0.006353
v -0.021381 0.045793 0.007105
v -0.020634 0.045766 0.006359
v -0.020628 0.045790 0.007111
v -0.019883 0.045723 0.006366
v -0.019877 0.045788 0.007113
v -0.019134 0.045692 0.006374
v -0.019127 0.045785 0.007116
v -0.018383 0.045672 0.006382
v -0.017638 0.045639 0.005618
v -0.016889 0.045584 0.005623
v -0.017632 0.045658 0.006389
v -0.016881 0.045652 0.006395
v -0.029246 0.022875 -0.012889
v -0.029382 0.022875 -0.012344
v -0.027238 0.022875 -0.015204
v -0.027236 0.023625 -0.015203
v -0.026578 0.022875 -0.015331
v -0.026578 0.023625 -0.015331
v -0.029236 0.029625 -0.012880
v -0.029365 0.029625 -0.012345
v -0.027235 0.024375 -0.015203
v -0.027218 0.024374 -0.014473
v -0.027234 0.025125 -0.015202
v -0.027232 0.025875 -0.015202
v -0.027231 0.026625 -0.015202
v -0.027218 0.026624 -0.014473
v -0.027230 0.027375 -0.015201
v -0.027228 0.028125 -0.015201
v -0.027227 0.028875 -0.015200
v -0.027226 0.029625 -0.015200
v -0.027218 0.029624 -0.014474
v -0.026578 0.024375 -0.015331
v -0.026578 0.025125 -0.015331
v -0.026578 0.025875 -0.015331
v -0.026578 0.026625 -0.015331
v -0.026578 0.027375 -0.015332
v -0.026578 0.028125 -0.015332
v -0.026577 0.028875 -0.015332
v -0.026577 0.029625 -0.015332
v -0.029230 0.034124 -0.012873
v -0.029353 0.034124 -0.012345
v -0.029224 0.034869 -0.012861
v -0.029352 0.034872 -0.012344
v -0.029196 0.035609 -0.012816
v -0.029349 0.035617 -0.012343
v -0.027813 0.034123 -0.014329
v -0.027799 0.034868 -0.014321
v -0.027752 0.035607 -0.014294
v -0.028149 0.035605 -0.013900
v -0.027224 0.030375 -0.015199
v -0.027223 0.031125 -0.015199
v -0.027218 0.031124 -0.014474
v -0.027222 0.031875 -0.015198
v -0.027220 0.032625 -0.015198
v -0.027219 0.033375 -0.015198
v -0.027218 0.034124 -0.015197
v -0.027217 0.034121 -0.014474
v -0.027212 0.034872 -0.015186
v -0.027198 0.034860 -0.014457
v -0.027192 0.035617 -0.015147
v -0.027134 0.035586 -0.014400
v -0.026577 0.030375 -0.015332
v -0.026577 0.031125 -0.015332
v -0.026577 0.031875 -0.015332
v -0.026577 0.032625 -0.015332
v -0.026577 0.033375 -0.015332
v -0.026577 0.034123 -0.015333
v -0.026579 0.034866 -0.015318
v -0.026583 0.035603 -0.015263
v -0.029133 0.036346 -0.012726
v -0.029340 0.036364 -0.012343
v -0.029083 0.036771 -0.012653
v -0.029253 0.037066 -0.012349
v -0.029190 0.037838 -0.012088
v -0.029101 0.038266 -0.011946
v -0.028915 0.037814 -0.012414
v -0.027656 0.036334 -0.014224
v -0.028087 0.036341 -0.013830
v -0.027969 0.037113 -0.013740
v -0.027828 0.037816 -0.013632
v -0.028207 0.037812 -0.013209
v -0.027631 0.038542 -0.013441
v -0.028081 0.038572 -0.012969
v -0.028298 0.038829 -0.012566
v -0.027463 0.038882 -0.013293
v -0.027742 0.039219 -0.012970
v -0.028168 0.039285 -0.012407
v -0.027620 0.039732 -0.012696
v -0.027932 0.039963 -0.012202
v -0.027688 0.040592 -0.011998
v -0.027149 0.036357 -0.015073
v -0.027275 0.036320 -0.014514
v -0.027055 0.037092 -0.014969
v -0.027272 0.037092 -0.014374
v -0.027434 0.037354 -0.013987
v -0.026951 0.037502 -0.014850
v -0.027210 0.037817 -0.014590
v -0.027311 0.037754 -0.013849
v -0.027132 0.038586 -0.014348
v -0.027260 0.038509 -0.013735
v -0.027016 0.039054 -0.014195
v -0.027258 0.039249 -0.013728
v -0.027237 0.039307 -0.013044
v -0.027062 0.040071 -0.013553
v -0.027246 0.039971 -0.012925
v -0.027361 0.040178 -0.012415
v -0.026915 0.040389 -0.013341
v -0.027088 0.040747 -0.013012
v -0.027087 0.040669 -0.012042
v -0.026989 0.041238 -0.012690
v -0.027167 0.041538 -0.012290
v -0.026591 0.036338 -0.015151
v -0.026601 0.037074 -0.014980
v -0.026598 0.037543 -0.014842
v -0.026586 0.037911 -0.014708
v -0.026591 0.038543 -0.014447
v -0.026590 0.039096 -0.014178
v -0.026581 0.039460 -0.013964
v -0.026592 0.040015 -0.013608
v -0.026604 0.040395 -0.013341
v -0.026600 0.040764 -0.013058
v -0.026595 0.041252 -0.012684
v -0.026591 0.041628 -0.012396
v -0.029334 0.037857 -0.011595
v -0.029233 0.038560 -0.011575
v -0.029323 0.038607 -0.010853
v -0.029144 0.039112 -0.011301
v -0.029272 0.039372 -0.010871
v -0.029311 0.039358 -0.010108
v -0.029167 0.039944 -0.010621
v -0.029290 0.040172 -0.010167
v -0.029300 0.040113 -0.009362
v -0.029177 0.040827 -0.009903
v -0.029297 0.040852 -0.009351
v -0.029086 0.041211 -0.009701
v -0.029172 0.041519 -0.009267
v -0.029286 0.041598 -0.008606
v -0.029277 0.041608 -0.007866
v -0.028858 0.039315 -0.011512
v -0.028929 0.040109 -0.010799
v -0.029060 0.040412 -0.010392
v -0.027965 0.040791 -0.011510
v -0.027682 0.041520 -0.011279
v -0.028092 0.041536 -0.010754
v -0.028274 0.041790 -0.010291
v -0.027426 0.041040 -0.011752
v -0.027177 0.041393 -0.011485
v -0.027044 0.042075 -0.012028
v -0.026585 0.042106 -0.012028
v -0.029079 0.041934 -0.008956
v -0.029168 0.042103 -0.008582
v -0.029252 0.042378 -0.007881
v -0.029264 0.042349 -0.007115
v -0.029128 0.042752 -0.007629
v -0.029201 0.042887 -0.007102
v -0.029217 0.043109 -0.006330
v -0.029078 0.043408 -0.006044
v -0.028684 0.042222 -0.009235
v -0.028934 0.042429 -0.008550
v -0.028521 0.042978 -0.008469
v -0.028834 0.042977 -0.007838
v -0.028950 0.043202 -0.007078
v -0.029036 0.043309 -0.006533
v -0.028707 0.043724 -0.006301
v -0.027497 0.041867 -0.011092
v -0.027693 0.042197 -0.010699
v -0.028114 0.042277 -0.010036
v -0.027534 0.042628 -0.010386
v -0.027722 0.042830 -0.010024
v -0.027987 0.043042 -0.009338
v -0.027707 0.043508 -0.009150
v -0.027922 0.043690 -0.008456
v -0.028095 0.043829 -0.007813
v -0.027592 0.044139 -0.008231
v -0.027712 0.044243 -0.007817
v -0.027853 0.044382 -0.007074
v -0.027965 0.044481 -0.006353
v -0.027593 0.044880 -0.006143
v -0.027221 0.042220 -0.011458
v -0.027210 0.042270 -0.010769
v -0.027064 0.042860 -0.011338
v -0.027209 0.042969 -0.010723
v -0.027279 0.043079 -0.009924
v -0.027495 0.043316 -0.009607
v -0.027052 0.043575 -0.010602
v -0.027199 0.043819 -0.010074
v -0.027189 0.043592 -0.009254
v -0.027403 0.043947 -0.008696
v -0.027014 0.044235 -0.009809
v -0.027082 0.044514 -0.009249
v -0.027177 0.044359 -0.008474
v -0.027154 0.044431 -0.007745
v -0.027407 0.044692 -0.007050
v -0.027515 0.044802 -0.006619
v -0.026910 0.044830 -0.008912
v -0.027004 0.044970 -0.008571
v -0.027121 0.045164 -0.007840
v -0.027157 0.045318 -0.007120
v -0.027012 0.044917 -0.006305
v -0.026968 0.045644 -0.006885
v -0.027024 0.045716 -0.006347
v -0.026579 0.042479 -0.011726
v -0.026580 0.042901 -0.011367
v -0.026577 0.043262 -0.011011
v -0.026581 0.043601 -0.010646
v -0.026586 0.043967 -0.010216
v -0.026590 0.044235 -0.009847
v -0.026597 0.044605 -0.009286
v -0.026604 0.044826 -0.008920
v -0.026597 0.045016 -0.008543
v -0.026580 0.045347 -0.007802
v -0.026575 0.045520 -0.007344
v -0.026588 0.045632 -0.006978
v -0.026596 0.045799 -0.006336
v -0.029243 0.043097 -0.005618
v -0.029234 0.043098 -0.004871
v -0.029224 0.043101 -0.004124
v -0.029214 0.043103 -0.003376
v -0.029112 0.043459 -0.005606
v -0.029150 0.043521 -0.004864
v -0.029174 0.043568 -0.004119
v -0.029185 0.043606 -0.003371
v -0.029189 0.043636 -0.002623
v -0.029184 0.043657 -0.001874
v -0.029179 0.043674 -0.001125
v -0.028902 0.043892 -0.004112
v -0.028943 0.043929 -0.003365
v -0.028981 0.043962 -0.002618
v -0.029004 0.043985 -0.001870
v -0.029023 0.044004 -0.001122
v -0.027660 0.044934 -0.005603
v -0.027727 0.044974 -0.004858
v -0.027784 0.045020 -0.004109
v -0.027815 0.045060 -0.003358
v -0.027844 0.045101 -0.002612
v -0.027877 0.045147 -0.001119
v -0.027045 0.045067 -0.005576
v -0.027167 0.045177 -0.004846
v -0.027273 0.045287 -0.004098
v -0.027340 0.045362 -0.003347
v -0.027409 0.045431 -0.002604
v -0.027441 0.045466 -0.001861
v -0.027473 0.045497 -0.001117
v -0.027071 0.045802 -0.005610
v -0.027097 0.045877 -0.004866
v -0.027116 0.045932 -0.004116
v -0.027107 0.045940 -0.003354
v -0.027097 0.046066 -0.002619
v -0.027088 0.045947 -0.001862
v -0.027078 0.045912 -0.001116
v -0.027068 0.045891 -0.000371
v -0.026906 0.046318 -0.002375
v -0.026916 0.046334 -0.001864
v -0.026931 0.046357 -0.001119
v -0.026586 0.045940 -0.005597
v -0.026578 0.046052 -0.004852
v -0.026575 0.046157 -0.004105
v -0.026508 0.046246 -0.003274
v -0.026687 0.046290 -0.002860
v -0.026529 0.046314 -0.002614
v -0.026608 0.046363 -0.001862
v -0.026604 0.046411 -0.001118
v -0.023629 0.045804 -0.006333
v -0.022881 0.045788 -0.006340
v -0.022129 0.045785 -0.006349
v -0.021377 0.045784 -0.006354
v -0.019876 0.045781 -0.006359
v -0.023634 0.046144 -0.004099
v -0.023635 0.046279 -0.002857
v -0.023635 0.046310 -0.002483
v -0.023635 0.046417 -0.000369
v -0.022136 0.045821 -0.005602
v -0.021382 0.045775 -0.005607
v -0.020632 0.045746 -0.005613
v -0.019882 0.045724 -0.005620
v -0.019131 0.045713 -0.005627
v -0.019137 0.045713 -0.004862
v -0.018380 0.045704 -0.005632
v -0.018386 0.045660 -0.004867
v -0.017629 0.045697 -0.005637
v -0.017637 0.045609 -0.004873
v -0.016879 0.045692 -0.005643
v -0.016889 0.045562 -0.004882
v -0.035753 -0.000358 0.000320
v -0.035451 -0.000361 0.000935
v -0.035234 -0.000367 0.001473
v -0.034016 -0.000364 0.002362
v -0.033354 -0.000367 0.002792
v -0.032560 -0.000375 0.002782
v -0.031706 -0.000349 0.001171
v -0.032443 -0.000339 0.001504
v -0.032433 -0.000364 0.002242
v -0.029874 -0.000368 0.001147
v -0.029263 -0.000373 0.001538
v -0.029252 -0.000374 0.002389
v -0.029217 -0.000376 0.005060
v -0.028794 -0.000374 0.002673
v -0.028452 -0.000377 0.004721
v -0.028858 -0.000376 0.004726
v -0.028294 -0.000374 0.002667
v -0.027628 -0.000377 0.002658
v -0.027859 -0.000378 0.004715
v -0.027238 -0.000377 0.003418
v -0.027229 -0.000377 0.004101
v -0.026598 -0.000375 0.016494
v -0.025866 -0.000375 0.016484
v -0.036266 0.000253 0.000281
v -0.035718 -0.000086 0.000308
v -0.035571 0.000320 0.000258
v -0.035450 0.000243 0.000897
v -0.035227 0.000335 0.001477
v -0.035512 0.000819 0.000136
v -0.035264 0.000680 0.001052
v -0.035194 0.000657 0.001454
v -0.034701 0.000341 0.001861
v -0.034854 0.000679 0.001063
v -0.034820 0.000679 0.001624
v -0.034102 0.000340 0.002298
v -0.033931 0.000676 0.002277
v -0.033300 0.000311 0.002791
v -0.033365 0.000675 0.002385
v -0.032433 0.000550 0.002087
v -0.032527 0.000462 0.002781
v -0.032640 0.000673 0.001070
v -0.032600 0.000673 0.001896
v -0.032795 0.000674 0.002375
v -0.031809 0.000250 0.001172
v -0.032439 0.000239 0.001701
v -0.032433 0.000174 0.002207
v -0.031962 0.000671 0.001035
v -0.032440 0.000331 0.001589
v -0.031132 0.000329 0.001163
v -0.031133 0.000669 0.000788
v -0.030278 0.000281 0.001152
v -0.029825 0.000042 0.001146
v -0.030317 0.000667 0.000820
v -0.029662 0.000425 0.001144
v -0.029262 0.000268 0.001456
v -0.029249 0.000364 0.002369
v -0.029215 0.000385 0.005020
v -0.029277 0.000799 0.000121
v -0.029268 0.000762 0.000902
v -0.029256 0.001051 0.001758
v -0.029248 0.001103 0.002319
v -0.029121 0.001364 0.004616
v -0.029213 0.001111 0.004870
v -0.029276 0.001599 0.000088
v -0.029253 0.001845 0.001833
v -0.029225 0.001845 0.002245
v -0.029166 0.001904 0.004528
v -0.029213 0.001885 0.004900
v -0.029252 0.002551 0.001810
v -0.029141 0.002230 0.002121
v -0.029209 0.002651 0.004378
v -0.029259 0.003360 0.001095
v -0.029221 0.003339 0.001524
v -0.029158 0.003640 0.003785
v -0.029219 0.003380 0.004147
v -0.029258 0.004040 0.001058
v -0.029129 0.003700 0.001361
v -0.029210 0.004162 0.003615
v -0.029265 0.004860 0.000345
v -0.029204 0.004832 0.000745
v -0.029168 0.005104 0.003009
v -0.029225 0.004860 0.003378
v -0.029260 0.005523 0.000304
v -0.029113 0.005162 0.000580
v -0.029216 0.005661 0.002814
v -0.028792 0.000360 0.002634
v -0.028575 0.000402 0.004686
v -0.028960 0.000393 0.004695
v -0.028797 0.001091 0.002507
v -0.028833 0.001134 0.004580
v -0.029068 0.000863 0.004673
v -0.028812 0.001821 0.002288
v -0.028803 0.001919 0.004381
v -0.028804 0.002633 0.001926
v -0.028807 0.002258 0.002104
v -0.028483 0.003052 0.003941
v -0.028764 0.002733 0.004085
v -0.028808 0.003292 0.001574
v -0.028765 0.003429 0.003756
v -0.029011 0.003136 0.003922
v -0.028802 0.004091 0.001147
v -0.028806 0.003716 0.001348
v -0.028810 0.004239 0.003326
v -0.028809 0.004788 0.000775
v -0.028809 0.004907 0.002970
v -0.029058 0.004619 0.003163
v -0.028811 0.005166 0.000574
v -0.028861 0.005723 0.002535
v -0.028254 0.000350 0.002628
v -0.027544 0.000356 0.002618
v -0.027885 0.000415 0.004675
v -0.028101 0.001044 0.002508
v -0.027244 0.001073 0.002628
v -0.027928 0.001209 0.004554
v -0.027793 0.001688 0.002319
v -0.027232 0.001874 0.003423
v -0.027856 0.002026 0.004336
v -0.028250 0.002677 0.001894
v -0.027827 0.002437 0.002006
v -0.027770 0.002831 0.004028
v -0.028204 0.002576 0.004144
v -0.027859 0.003171 0.001625
v -0.027239 0.003375 0.002602
v -0.027805 0.003599 0.003653
v -0.028226 0.004139 0.001114
v -0.027785 0.003895 0.001238
v -0.027758 0.004346 0.003254
v -0.027825 0.004655 0.000832
v -0.027244 0.004886 0.001887
v -0.027843 0.005086 0.002861
v -0.027723 0.005362 0.000454
v -0.027803 0.005825 0.002466
v -0.027236 0.000381 0.003423
v -0.027227 0.000394 0.004105
v -0.027225 0.001194 0.004102
v -0.027242 0.001927 0.002665
v -0.027235 0.001973 0.003181
v -0.027223 0.001813 0.004097
v -0.027240 0.002596 0.002663
v -0.027231 0.002652 0.003339
v -0.027247 0.003443 0.001911
v -0.027241 0.003491 0.002419
v -0.027236 0.003260 0.002803
v -0.027229 0.003315 0.003346
v -0.027246 0.004095 0.001929
v -0.027237 0.004152 0.002576
v -0.027253 0.004959 0.001177
v -0.027246 0.005009 0.001687
v -0.027242 0.004758 0.002079
v -0.027235 0.004813 0.002597
v -0.027251 0.005603 0.001185
v -0.027243 0.005666 0.001821
v -0.029104 0.000374 0.013638
v -0.029047 0.000375 0.013982
v -0.029046 0.002625 0.013972
v -0.028641 0.002624 0.014416
v -0.026915 0.000375 0.016352
v -0.026913 0.001875 0.016350
v -0.026968 0.003374 0.015828
v -0.026911 0.003375 0.016348
v -0.026909 0.004875 0.016346
v -0.026598 0.000375 0.016494
v -0.026598 0.001125 0.016494
v -0.026598 0.001875 0.016493
v -0.026598 0.002625 0.016493
v -0.026598 0.003375 0.016493
v -0.026598 0.004125 0.016493
v -0.026598 0.004875 0.016493
v -0.026598 0.005625 0.016493
v -0.025866 0.000375 0.016484
v -0.025866 0.001125 0.016484
v -0.025866 0.001875 0.016484
v -0.025866 0.002625 0.016484
v -0.025865 0.003375 0.016484
v -0.025865 0.004125 0.016484
v -0.025865 0.004875 0.016483
v -0.025865 0.005625 0.016483
v -0.029176 0.006551 0.002239
v -0.029231 0.006329 0.002598
v -0.029118 0.007556 0.001630
v -0.029214 0.007226 0.001955
v -0.029229 0.007136 0.002642
v -0.029178 0.007920 0.001503
v -0.029236 0.007889 0.001901
v -0.029130 0.009026 0.000841
v -0.029230 0.008703 0.001192
v -0.029187 0.009429 0.000648
v -0.029243 0.009390 0.001148
v -0.029251 0.010109 0.000361
v -0.028868 0.006372 0.002189
v -0.029107 0.006093 0.002406
v -0.028807 0.007476 0.001599
v -0.028803 0.007100 0.001800
v -0.028812 0.007940 0.001352
v -0.028800 0.008939 0.000806
v -0.028803 0.008550 0.001026
v -0.028808 0.009539 0.000401
v -0.027868 0.006200 0.000008
v -0.027250 0.006386 0.001151
v -0.027867 0.006568 0.002070
v -0.027831 0.007308 0.001675
v -0.028247 0.007029 0.001830
v -0.027255 0.007884 0.000436
v -0.027880 0.008046 0.001282
v -0.027676 0.008927 0.000797
v -0.028267 0.008494 0.001049
v -0.028016 0.009432 0.000477
v -0.027259 0.006441 0.000443
v -0.027252 0.006496 0.000945
v -0.027248 0.006251 0.001341
v -0.027241 0.006311 0.001831
v -0.027249 0.007184 0.001059
v -0.027247 0.007797 0.001059
v -0.029089 0.006374 0.013607
v -0.029078 0.010874 0.013583
v -0.029043 0.006375 0.013955
v -0.029041 0.010125 0.013938
v -0.028629 0.010124 0.014408
v -0.029040 0.010875 0.013934
v -0.026906 0.006375 0.016344
v -0.026904 0.007875 0.016342
v -0.026902 0.009375 0.016340
v -0.027496 0.010874 0.015509
v -0.026948 0.010874 0.015830
v -0.026900 0.010875 0.016338
v -0.026598 0.006375 0.016493
v -0.026598 0.007125 0.016493
v -0.026598 0.007875 0.016492
v -0.026598 0.008625 0.016492
v -0.026599 0.009375 0.016492
v -0.026599 0.010125 0.016492
v -0.026599 0.010875 0.016492
v -0.026599 0.011625 0.016492
v -0.025865 0.006375 0.016483
v -0.025865 0.007125 0.016483
v -0.025865 0.007875 0.016483
v -0.025865 0.008625 0.016483
v -0.025864 0.009375 0.016483
v -0.025864 0.010125 0.016483
v -0.025864 0.010875 0.016482
v -0.025864 0.011625 0.016482
v -0.029164 0.017622 0.005606
v -0.029148 0.016078 0.007095
v -0.029139 0.015857 0.007867
v -0.029129 0.015889 0.008633
v -0.029119 0.016110 0.009379
v -0.029157 0.016820 0.006308
v -0.029096 0.016519 0.006807
v -0.029115 0.016591 0.009638
v -0.029107 0.016857 0.010156
v -0.029146 0.017607 0.006037
v -0.029102 0.017613 0.010406
v -0.029027 0.016276 0.007323
v -0.028971 0.016190 0.007860
v -0.028991 0.016217 0.008652
v -0.029068 0.016330 0.009145
v -0.028984 0.017013 0.006486
v -0.028779 0.016740 0.007017
v -0.028641 0.016522 0.007858
v -0.028659 0.016572 0.008671
v -0.028830 0.016822 0.009417
v -0.029073 0.017090 0.009941
v -0.028775 0.017624 0.006409
v -0.028501 0.017327 0.006670
v -0.028637 0.017572 0.009683
v -0.028984 0.017596 0.010070
v -0.027956 0.016830 0.007106
v -0.027980 0.016521 0.007829
v -0.027926 0.016676 0.008842
v -0.028211 0.016982 0.009267
v -0.028281 0.017888 0.006467
v -0.027911 0.017504 0.006572
v -0.027610 0.016981 0.009266
v -0.027928 0.017397 0.009573
v -0.027315 0.016825 0.007109
v -0.027138 0.016640 0.007784
v -0.027127 0.016611 0.008620
v -0.027146 0.017461 0.006952
v -0.027123 0.017419 0.008820
v -0.027112 0.017594 0.009648
v -0.029063 0.016874 0.013550
v -0.029037 0.016875 0.013905
v -0.026898 0.012375 0.016336
v -0.026941 0.013874 0.015831
v -0.026896 0.013875 0.016334
v -0.026894 0.015375 0.016332
v -0.026892 0.016125 0.016331
v -0.026890 0.017625 0.016329
v -0.026599 0.012375 0.016492
v -0.026599 0.013125 0.016492
v -0.026599 0.013875 0.016491
v -0.026599 0.014625 0.016491
v -0.026599 0.015375 0.016491
v -0.026599 0.016125 0.016491
v -0.026599 0.016875 0.016491
v -0.026599 0.017625 0.016491
v -0.025864 0.012375 0.016482
v -0.025864 0.013125 0.016482
v -0.025864 0.013875 0.016482
v -0.025863 0.014625 0.016482
v -0.025863 0.015375 0.016482
v -0.025863 0.016125 0.016482
v -0.025863 0.016875 0.016481
v -0.025863 0.017625 0.016481
v -0.029162 0.018375 0.005604
v -0.029124 0.018384 0.005998
v -0.029099 0.018380 0.010454
v -0.029152 0.019147 0.006148
v -0.029071 0.019497 0.009770
v -0.029101 0.019188 0.010203
v -0.029147 0.019854 0.006395
v -0.029138 0.020113 0.007099
v -0.029094 0.020278 0.007861
v -0.029114 0.020256 0.008640
v -0.029108 0.019967 0.009456
v -0.029100 0.019883 0.010130
v -0.029127 0.020640 0.007871
v -0.028724 0.018410 0.006390
v -0.028390 0.018746 0.006546
v -0.028599 0.018390 0.009753
v -0.028951 0.018385 0.010108
v -0.028926 0.019195 0.006465
v -0.028545 0.019327 0.006920
v -0.028386 0.019697 0.007470
v -0.028471 0.019601 0.008947
v -0.028751 0.019267 0.009536
v -0.029012 0.018976 0.010013
v -0.029067 0.019622 0.006628
v -0.028922 0.019794 0.007052
v -0.028717 0.019887 0.007818
v -0.028754 0.019884 0.008640
v -0.028957 0.019800 0.009277
v -0.028272 0.018150 0.006441
v -0.027920 0.018458 0.006463
v -0.027998 0.018402 0.009744
v -0.027912 0.019330 0.006915
v -0.027908 0.019788 0.007759
v -0.027920 0.019697 0.008736
v -0.027982 0.019160 0.009430
v -0.028246 0.019822 0.008060
v -0.028255 0.019799 0.008384
v -0.027144 0.018418 0.006939
v -0.027109 0.018433 0.009635
v -0.027142 0.019265 0.006978
v -0.027131 0.019319 0.007814
v -0.027119 0.019328 0.008758
v -0.027312 0.019147 0.009424
v -0.029034 0.019875 0.013890
v -0.028612 0.019874 0.014398
v -0.026889 0.018375 0.016328
v -0.026887 0.019875 0.016326
v -0.026885 0.021375 0.016325
v -0.026599 0.018375 0.016491
v -0.026599 0.019125 0.016491
v -0.026599 0.019875 0.016490
v -0.026599 0.020625 0.016490
v -0.026599 0.021375 0.016490
v -0.026599 0.022125 0.016490
v -0.025863 0.018375 0.016481
v -0.025863 0.019125 0.016481
v -0.025863 0.019875 0.016481
v -0.025862 0.020625 0.016481
v -0.025862 0.021375 0.016481
v -0.025862 0.022125 0.016481
v -0.040104 -0.000376 -0.007077
v -0.039856 -0.000376 -0.006632
v -0.039341 -0.000373 -0.007127
v -0.039296 -0.000379 -0.006527
v -0.038654 -0.000384 -0.006535
v -0.039803 -0.000377 -0.000102
v -0.039297 -0.000380 -0.000242
v -0.037801 -0.000372 -0.006547
v -0.037941 -0.000380 -0.000259
v -0.038660 -0.000385 -0.000250
v -0.036101 -0.000268 -0.006569
v -0.037826 -0.000368 -0.004907
v -0.037129 -0.000355 -0.004504
v -0.037272 -0.000359 -0.002314
v -0.037787 -0.000369 -0.001847
v -0.036521 -0.000313 -0.000278
v -0.035903 -0.000346 -0.004522
v -0.037307 -0.000374 -0.003376
v -0.036117 -0.000347 -0.002327
v -0.030059 -0.000374 -0.007248
v -0.027258 -0.000375 -0.015240
v -0.026841 -0.000376 -0.012296
v -0.026579 -0.000375 -0.015327
v -0.029252 -0.000374 -0.009703
v -0.029403 -0.000375 -0.009337
v -0.029382 -0.000376 -0.007737
v -0.028806 -0.000374 -0.009708
v -0.027417 -0.000375 -0.010420
v -0.027822 -0.000373 -0.009721
v -0.026932 -0.000376 -0.011442
v -0.027423 -0.000375 -0.010908
v -0.040010 -0.000375 0.000282
v -0.039341 -0.000373 0.000365
v -0.040083 0.000382 -0.007044
v -0.039885 0.000384 -0.006573
v -0.039884 0.001105 -0.006840
v -0.039932 0.001115 -0.006352
v -0.039720 0.001493 -0.006654
v -0.040037 0.001875 -0.006410
v -0.039791 0.002305 -0.006051
v -0.039340 0.000350 -0.007065
v -0.039302 0.000410 -0.006438
v -0.039308 0.000948 -0.006258
v -0.038693 0.000422 -0.006442
v -0.038814 0.000896 -0.006286
v -0.039835 0.000386 -0.000161
v -0.039699 0.001444 -0.006036
v -0.039674 0.001458 -0.000711
v -0.039874 0.001130 -0.000387
v -0.039819 0.001954 -0.005703
v -0.039690 0.002290 -0.005221
v -0.039671 0.002296 -0.001523
v -0.039778 0.001962 -0.001040
v -0.039996 0.001873 -0.000342
v -0.040052 0.002668 -0.005639
v -0.039898 0.002618 -0.004887
v -0.039840 0.002866 -0.004145
v -0.039798 0.002944 -0.003376
v -0.039829 0.002871 -0.002607
v -0.039867 0.002625 -0.001856
v -0.040008 0.002660 -0.001117
v -0.039769 0.002305 -0.000700
v -0.039728 0.002924 -0.005258
v -0.039903 0.003124 -0.004862
v -0.040058 0.003300 -0.004128
v -0.040048 0.003308 -0.003374
v -0.040038 0.003290 -0.002622
v -0.039890 0.003126 -0.001887
v -0.039712 0.002923 -0.001494
v -0.039299 0.000409 -0.000317
v -0.039308 0.001377 -0.006029
v -0.039304 0.001378 -0.000722
v -0.039305 0.000950 -0.000497
v -0.039313 0.001884 -0.005633
v -0.039306 0.002287 -0.005162
v -0.039308 0.002273 -0.001598
v -0.039313 0.001876 -0.001125
v -0.039303 0.002530 -0.004741
v -0.039300 0.002733 -0.004168
v -0.039304 0.002832 -0.003375
v -0.039301 0.002727 -0.002584
v -0.039305 0.002516 -0.002016
v -0.039346 0.003144 -0.004815
v -0.039344 0.003361 -0.004111
v -0.039344 0.003389 -0.003375
v -0.039344 0.003358 -0.002640
v -0.039346 0.003140 -0.001935
v -0.037967 0.000421 -0.006452
v -0.038086 0.000419 -0.000335
v -0.038704 0.000423 -0.000328
v -0.038477 0.001243 -0.006123
v -0.038514 0.001222 -0.000651
v -0.038825 0.000881 -0.000476
v -0.038521 0.001886 -0.005639
v -0.038450 0.002378 -0.005012
v -0.037889 0.002731 -0.004178
v -0.037708 0.002828 -0.003393
v -0.037956 0.002720 -0.002590
v -0.038473 0.002370 -0.001752
v -0.038540 0.001869 -0.001130
v -0.038770 0.002558 -0.004675
v -0.038630 0.002730 -0.004184
v -0.038591 0.002830 -0.003376
v -0.038632 0.002718 -0.002568
v -0.038771 0.002546 -0.002088
v -0.036459 0.000435 -0.006467
v -0.037825 0.000385 -0.004908
v -0.037315 0.000449 -0.004204
v -0.037048 0.000782 -0.003401
v -0.037294 0.000441 -0.002570
v -0.037609 0.000373 -0.001827
v -0.036682 0.000361 -0.000345
v -0.037310 0.001379 -0.006051
v -0.038010 0.001125 -0.004875
v -0.037812 0.001159 -0.004137
v -0.037803 0.001158 -0.003382
v -0.037793 0.001139 -0.002626
v -0.037818 0.001125 -0.001875
v -0.037396 0.001361 -0.000740
v -0.037813 0.001888 -0.005645
v -0.037288 0.002306 -0.005145
v -0.036405 0.002727 -0.004200
v -0.036028 0.002820 -0.003493
v -0.036522 0.002735 -0.002671
v -0.037387 0.002278 -0.001637
v -0.037922 0.001865 -0.001135
v -0.036390 0.000448 -0.004206
v -0.035856 0.000778 -0.003411
v -0.036532 0.000429 -0.002616
v -0.029931 0.000283 -0.007196
v -0.029735 0.000595 -0.007132
v -0.030242 0.000956 -0.007010
v -0.030225 0.001738 -0.006618
v -0.029742 0.002014 -0.006421
v -0.030134 0.002350 -0.006107
v -0.029708 0.002649 -0.005761
v -0.031039 0.003367 -0.004095
v -0.031066 0.003333 -0.002729
v -0.030457 0.003366 -0.003780
v -0.030489 0.003367 -0.003420
v -0.030508 0.003367 -0.003174
v -0.030569 0.005338 -0.004423
v -0.030609 0.005251 -0.004089
v -0.030632 0.005193 -0.003384
v -0.030600 0.005255 -0.002917
v -0.030629 0.005672 -0.004547
v -0.030742 0.005658 -0.004101
v -0.030364 0.005738 -0.003398
v -0.030679 0.005679 -0.002672
v -0.030594 0.005932 -0.002296
v -0.030331 0.001782 -0.000411
v -0.030463 0.002684 -0.005708
v -0.030332 0.002604 -0.001182
v -0.030333 0.002240 -0.000783
v -0.030211 0.002845 -0.005475
v -0.030306 0.003252 -0.004587
v -0.030501 0.003345 -0.004194
v -0.030217 0.003313 -0.002668
v -0.030312 0.003098 -0.002004
v -0.030319 0.002864 -0.001555
v -0.029317 0.003883 -0.003562
v -0.029317 0.003521 -0.003502
v -0.029317 0.003836 -0.003514
v -0.029319 0.003674 -0.003688
v -0.029861 0.005318 -0.005139
v -0.030269 0.004993 -0.004747
v -0.030405 0.004837 -0.004081
v -0.030425 0.004790 -0.003391
v -0.030332 0.004877 -0.002616
v -0.030134 0.005052 -0.002087
v -0.030107 0.005654 -0.005325
v -0.030469 0.005660 -0.004928
v -0.030544 0.005473 -0.002462
v -0.030332 0.005636 -0.001918
v -0.029911 0.005872 -0.001604
v -0.030679 0.006381 -0.004678
v -0.030016 0.006403 -0.003977
v -0.030010 0.006401 -0.003426
v -0.030302 0.006387 -0.002758
v -0.030623 0.006379 -0.002252
v -0.030648 0.007087 -0.004595
v -0.030784 0.007097 -0.004099
v -0.030008 0.006967 -0.003423
v -0.030700 0.007114 -0.002635
v -0.030604 0.006886 -0.002280
v -0.030589 0.007462 -0.004469
v -0.030645 0.007575 -0.004091
v -0.030674 0.007641 -0.003384
v -0.030625 0.007553 -0.002854
v -0.030260 0.006376 -0.005459
v -0.030526 0.006382 -0.005022
v -0.030424 0.006378 -0.001871
v -0.030033 0.006378 -0.001511
v -0.030186 0.007111 -0.005385
v -0.030494 0.007090 -0.004959
v -0.030558 0.007336 -0.002410
v -0.030355 0.007168 -0.001897
v -0.029963 0.006936 -0.001566
v -0.029946 0.007545 -0.005183
v -0.030307 0.007807 -0.004806
v -0.030474 0.007939 -0.004095
v -0.030504 0.007989 -0.003385
v -0.030455 0.007811 -0.002630
v -0.030171 0.007860 -0.002071
v -0.029932 0.008166 -0.004544
v -0.030174 0.008359 -0.004115
v -0.030235 0.008405 -0.003377
v -0.030062 0.008270 -0.002655
v -0.029811 0.008096 -0.002355
v -0.027257 0.000375 -0.015239
v -0.026839 0.000374 -0.012296
v -0.027255 0.001125 -0.015239
v -0.026837 0.001124 -0.012296
v -0.027254 0.001875 -0.015239
v -0.026835 0.001874 -0.012295
v -0.027252 0.002625 -0.015238
v -0.027251 0.003375 -0.015238
v -0.027250 0.004125 -0.015237
v -0.027360 0.004125 -0.014626
v -0.027248 0.004875 -0.015237
v -0.027247 0.005625 -0.015236
v -0.026579 0.000375 -0.015327
v -0.026579 0.001125 -0.015328
v -0.026579 0.001875 -0.015328
v -0.026578 0.002625 -0.015328
v -0.026578 0.003375 -0.015328
v -0.026578 0.004125 -0.015328
v -0.026578 0.004875 -0.015328
v -0.026578 0.005625 -0.015328
v -0.029216 0.000357 -0.009664
v -0.029401 0.000368 -0.009341
v -0.029380 0.000328 -0.007725
v -0.029160 0.000817 -0.009598
v -0.029400 0.001123 -0.009407
v -0.029378 0.000983 -0.007663
v -0.029441 0.001080 -0.006974
v -0.029393 0.001866 -0.009217
v -0.029366 0.001744 -0.006919
v -0.029236 0.002579 -0.008984
v -0.029386 0.002607 -0.008591
v -0.029364 0.002458 -0.006919
v -0.029356 0.002504 -0.006259
v -0.029127 0.002900 -0.008815
v -0.029342 0.003284 -0.008585
v -0.029374 0.003351 -0.007840
v -0.029353 0.003156 -0.006208
v -0.029255 0.003913 -0.008273
v -0.029373 0.004162 -0.007897
v -0.029356 0.004857 -0.007708
v -0.029235 0.005375 -0.007493
v -0.029359 0.005642 -0.007127
v -0.028808 0.000353 -0.009670
v -0.028798 0.000877 -0.009589
v -0.028800 0.001252 -0.009506
v -0.028803 0.001817 -0.009324
v -0.028805 0.002548 -0.009004
v -0.028807 0.002903 -0.008816
v -0.028803 0.003273 -0.008619
v -0.028795 0.003970 -0.008247
v -0.028795 0.004356 -0.008042
v -0.028800 0.004790 -0.007810
v -0.028794 0.005427 -0.007471
v -0.028797 0.005811 -0.007266
v -0.027415 0.000170 -0.010376
v -0.027625 0.000350 -0.009685
v -0.027837 0.001019 -0.009570
v -0.028363 0.001312 -0.009498
v -0.027400 0.001700 -0.009511
v -0.028206 0.001776 -0.009345
v -0.027399 0.002288 -0.009577
v -0.027750 0.002472 -0.009051
v -0.027693 0.003047 -0.008752
v -0.028193 0.003344 -0.008588
v -0.027385 0.003728 -0.008799
v -0.027838 0.003981 -0.008253
v -0.028395 0.004365 -0.008042
v -0.027372 0.004606 -0.007986
v -0.028199 0.004736 -0.007846
v -0.027372 0.005219 -0.008055
v -0.027797 0.005443 -0.007473
v -0.028366 0.005825 -0.007263
v -0.026916 0.000368 -0.011442
v -0.027419 0.000404 -0.010750
v -0.027413 0.000664 -0.010308
v -0.026884 0.001119 -0.011443
v -0.027418 0.001117 -0.010821
v -0.027412 0.001097 -0.010310
v -0.026858 0.001871 -0.011443
v -0.027416 0.001870 -0.010832
v -0.027397 0.002887 -0.009554
v -0.027396 0.003317 -0.009553
v -0.027391 0.004118 -0.009316
v -0.027384 0.004355 -0.008792
v -0.027370 0.005827 -0.008035
v -0.029575 0.001807 -0.000441
v -0.029606 0.002586 -0.001171
v -0.029284 0.002360 -0.000665
v -0.029344 0.003145 -0.005473
v -0.029411 0.003218 -0.004694
v -0.029472 0.003339 -0.002795
v -0.029327 0.003159 -0.002178
v -0.029291 0.003084 -0.001361
v -0.029343 0.004113 -0.005585
v -0.029331 0.004095 -0.004608
v -0.029308 0.004108 -0.002851
v -0.029297 0.004129 -0.002041
v -0.029286 0.004117 -0.001171
v -0.029338 0.005029 -0.005424
v -0.029390 0.004895 -0.004737
v -0.029500 0.004674 -0.002636
v -0.029320 0.005020 -0.002133
v -0.029285 0.004930 -0.001223
v -0.029337 0.005718 -0.005488
v -0.029621 0.005470 -0.001782
v -0.029286 0.005679 -0.001445
v -0.029143 0.011380 -0.012726
v -0.029169 0.011369 -0.012360
v -0.029288 0.011648 -0.012866
v -0.029409 0.011645 -0.012366
v -0.028450 0.011383 -0.013462
v -0.028752 0.011361 -0.013008
v -0.028844 0.011361 -0.012361
v -0.028586 0.011659 -0.013595
v -0.028961 0.011658 -0.013210
v -0.027548 0.011365 -0.014225
v -0.027947 0.011358 -0.013750
v -0.028057 0.011358 -0.013113
v -0.028043 0.011358 -0.012345
v -0.027806 0.011664 -0.014376
v -0.028230 0.011662 -0.013960
v -0.027246 0.006375 -0.015236
v -0.027244 0.007125 -0.015236
v -0.027243 0.007875 -0.015235
v -0.027241 0.008625 -0.015235
v -0.027240 0.009375 -0.015234
v -0.027346 0.009375 -0.014627
v -0.027240 0.010126 -0.015233
v -0.027344 0.010137 -0.014620
v -0.026836 0.010199 -0.013966
v -0.026825 0.010184 -0.013136
v -0.026814 0.010202 -0.012299
v -0.027244 0.010879 -0.015227
v -0.026844 0.011156 -0.014377
v -0.026959 0.011183 -0.013919
v -0.026993 0.011228 -0.013130
v -0.026987 0.011232 -0.012268
v -0.027252 0.011628 -0.015217
v -0.027165 0.011698 -0.014472
v -0.026578 0.006375 -0.015328
v -0.026578 0.007125 -0.015328
v -0.026578 0.007875 -0.015329
v -0.026578 0.008625 -0.015329
v -0.026578 0.009375 -0.015329
v -0.026578 0.010125 -0.015329
v -0.026578 0.010875 -0.015329
v -0.026579 0.011625 -0.015329
v -0.029339 0.006355 -0.006916
v -0.029346 0.006350 -0.006248
v -0.029229 0.006840 -0.006712
v -0.029345 0.007093 -0.006304
v -0.029325 0.007845 -0.006121
v -0.029218 0.008235 -0.005932
v -0.029174 0.011371 -0.011625
v -0.029167 0.011374 -0.010126
v -0.029157 0.011379 -0.008626
v -0.029149 0.011384 -0.007126
v -0.029400 0.011654 -0.011625
v -0.029381 0.011654 -0.010126
v -0.029342 0.011654 -0.007126
v -0.028801 0.006292 -0.007009
v -0.028797 0.006882 -0.006695
v -0.028800 0.007264 -0.006491
v -0.028808 0.007791 -0.006209
v -0.028808 0.008246 -0.005929
v -0.028816 0.011361 -0.010871
v -0.028812 0.011361 -0.010125
v -0.028813 0.011361 -0.009376
v -0.028813 0.011361 -0.008626
v -0.028814 0.011361 -0.007876
v -0.028815 0.011362 -0.007126
v -0.028816 0.011362 -0.006376
v -0.027359 0.006113 -0.007238
v -0.028150 0.006226 -0.007052
v -0.027358 0.006699 -0.007296
v -0.027758 0.006901 -0.006696
v -0.028341 0.007284 -0.006485
v -0.027345 0.007607 -0.006489
v -0.028107 0.007707 -0.006263
v -0.027345 0.008149 -0.006543
v -0.027655 0.008257 -0.005935
v -0.027334 0.008799 -0.005822
v -0.027959 0.011358 -0.011566
v -0.027849 0.011358 -0.010837
v -0.027819 0.011358 -0.010124
v -0.027823 0.011359 -0.009379
v -0.027829 0.011359 -0.008629
v -0.027835 0.011359 -0.007879
v -0.027842 0.011359 -0.007129
v -0.027849 0.011359 -0.006379
v -0.027356 0.007291 -0.007281
v -0.027343 0.008729 -0.006523
v -0.027339 0.009325 -0.006324
v -0.026827 0.010232 -0.011445
v -0.027395 0.010158 -0.010842
v -0.027009 0.011120 -0.011443
v -0.027394 0.010740 -0.010830
v -0.027385 0.010730 -0.010123
v -0.027375 0.010740 -0.009379
v -0.027365 0.010752 -0.008629
v -0.027355 0.010764 -0.007879
v -0.027346 0.010776 -0.007129
v -0.027336 0.010778 -0.006374
v -0.029371 0.006374 -0.005503
v -0.029283 0.006357 -0.001355
v -0.029270 0.006399 -0.000398
v -0.029346 0.007005 -0.005427
v -0.029735 0.007346 -0.001721
v -0.029283 0.007041 -0.001541
v -0.029271 0.007084 -0.000612
v -0.029330 0.007687 -0.005306
v -0.029565 0.007897 -0.004899
v -0.029519 0.007680 -0.001932
v -0.029278 0.007773 -0.001277
v -0.029242 0.007616 -0.000761
v -0.029330 0.008509 -0.005509
v -0.029321 0.008283 -0.004702
v -0.029360 0.008379 -0.004055
v -0.029432 0.008452 -0.003398
v -0.029295 0.008314 -0.002750
v -0.029286 0.008381 -0.002067
v -0.029277 0.008422 -0.001373
v -0.029213 0.008920 -0.005233
v -0.029309 0.009079 -0.004847
v -0.029311 0.009134 -0.004104
v -0.029302 0.009139 -0.003383
v -0.029292 0.009100 -0.002655
v -0.029266 0.009033 -0.002071
v -0.029112 0.010619 -0.000682
v -0.029173 0.010415 -0.000314
v -0.029141 0.011389 -0.005626
v -0.029127 0.011395 -0.003369
v -0.029150 0.011353 -0.002606
v -0.029203 0.011241 -0.001847
v -0.029226 0.010955 -0.001028
v -0.029258 0.010900 -0.000360
v -0.029322 0.011653 -0.005626
v -0.029293 0.011653 -0.003374
v -0.029285 0.011654 -0.002621
v -0.029276 0.011653 -0.001869
v -0.029266 0.011645 -0.001119
v -0.028795 0.006615 -0.000200
v -0.028802 0.007043 -0.000428
v -0.028808 0.008040 -0.000977
v -0.028806 0.007672 -0.000764
v -0.028817 0.008613 -0.005609
v -0.028798 0.008815 -0.001670
v -0.028818 0.008489 -0.001317
v -0.028809 0.008916 -0.005243
v -0.028805 0.009166 -0.004811
v -0.028700 0.009418 -0.004016
v -0.028695 0.009456 -0.003447
v -0.028799 0.009335 -0.002672
v -0.028806 0.009042 -0.002005
v -0.028579 0.009867 0.000129
v -0.028343 0.009445 -0.003728
v -0.028349 0.009446 -0.003721
v -0.028790 0.010610 -0.000743
v -0.028799 0.010185 -0.000191
v -0.028817 0.011362 -0.005626
v -0.028819 0.011362 -0.004876
v -0.028820 0.011362 -0.004125
v -0.028817 0.011361 -0.003368
v -0.028808 0.011302 -0.002598
v -0.028797 0.011119 -0.001820
v -0.028784 0.010836 -0.001137
v -0.028397 0.006621 -0.000209
v -0.028169 0.006985 -0.000406
v -0.028325 0.008042 -0.000985
v -0.027775 0.007645 -0.000764
v -0.028217 0.008613 -0.005615
v -0.028371 0.008810 -0.001671
v -0.027965 0.008472 -0.001315
v -0.027264 0.008656 -0.000413
v -0.027643 0.008920 -0.005246
v -0.028054 0.009207 -0.004714
v -0.028263 0.009383 -0.004164
v -0.028319 0.009441 -0.003263
v -0.028181 0.009344 -0.002722
v -0.027860 0.009054 -0.002041
v -0.027271 0.009419 -0.001069
v -0.027388 0.009881 0.000099
v -0.027322 0.009559 -0.005115
v -0.027317 0.009511 -0.004656
v -0.027678 0.009426 -0.003962
v -0.027765 0.009453 -0.003453
v -0.027292 0.009465 -0.002714
v -0.027279 0.010196 -0.001893
v -0.027582 0.010600 -0.000752
v -0.027962 0.010261 -0.000289
v -0.027856 0.011360 -0.005629
v -0.027862 0.011360 -0.004879
v -0.027870 0.011360 -0.004127
v -0.027875 0.011358 -0.003356
v -0.027884 0.011290 -0.002550
v -0.027838 0.011090 -0.001746
v -0.028238 0.010872 -0.001215
v -0.027265 0.007927 -0.000303
v -0.027272 0.008728 -0.001041
v -0.027265 0.008795 -0.000537
v -0.027262 0.008569 -0.000225
v -0.027330 0.009528 -0.005698
v -0.027279 0.009438 -0.001768
v -0.027271 0.009530 -0.001115
v -0.027269 0.009357 -0.000956
v -0.027263 0.009405 -0.000472
v -0.027307 0.010284 -0.004107
v -0.027298 0.010245 -0.003370
v -0.027278 0.009895 -0.001708
v -0.027269 0.009986 -0.001063
v -0.027326 0.010767 -0.005622
v -0.027316 0.010760 -0.004878
v -0.027307 0.010766 -0.004128
v -0.027297 0.010777 -0.003363
v -0.027286 0.010774 -0.002571
v -0.027280 0.010806 -0.002027
v -0.029259 0.012388 -0.012902
v -0.029409 0.012390 -0.012344
v -0.029257 0.013875 -0.012901
v -0.029405 0.013875 -0.012343
v -0.029253 0.017625 -0.012896
v -0.029395 0.017625 -0.012343
v -0.027823 0.012385 -0.014361
v -0.027256 0.012375 -0.015211
v -0.027204 0.012387 -0.014471
v -0.027255 0.013125 -0.015210
v -0.027219 0.013124 -0.014471
v -0.027254 0.013875 -0.015209
v -0.027252 0.014625 -0.015209
v -0.027251 0.015375 -0.015209
v -0.027218 0.015374 -0.014471
v -0.027250 0.016125 -0.015208
v -0.027248 0.016875 -0.015208
v -0.027247 0.017625 -0.015207
v -0.026579 0.012375 -0.015329
v -0.026579 0.013125 -0.015329
v -0.026579 0.013875 -0.015329
v -0.026579 0.014625 -0.015330
v -0.026579 0.015375 -0.015330
v -0.026579 0.016125 -0.015330
v -0.026578 0.016875 -0.015330
v -0.026578 0.017625 -0.015330
v -0.029334 0.015353 -0.007130
v -0.029324 0.015355 -0.006373
v -0.029352 0.016106 -0.008644
v -0.029342 0.016097 -0.007891
v -0.029242 0.016115 -0.007181
v -0.029265 0.016126 -0.006369
v -0.029359 0.016865 -0.009396
v -0.029324 0.016895 -0.008606
v -0.029114 0.016546 -0.007950
v -0.029075 0.016368 -0.007508
v -0.029087 0.016415 -0.006067
v -0.029358 0.017617 -0.009405
v -0.029230 0.017598 -0.008847
v -0.029032 0.016300 -0.006956
v -0.029038 0.016311 -0.006615
v -0.029054 0.017096 -0.008422
v -0.028837 0.016901 -0.007968
v -0.028840 0.016520 -0.007190
v -0.028831 0.016588 -0.006344
v -0.028855 0.017628 -0.008470
v -0.028581 0.017317 -0.008325
v -0.028104 0.016816 -0.007878
v -0.027817 0.016529 -0.007221
v -0.027946 0.016658 -0.006194
v -0.028295 0.017880 -0.008534
v -0.027647 0.017376 -0.008368
v -0.027331 0.016989 -0.007231
v -0.027317 0.016965 -0.006116
v -0.027336 0.017799 -0.007777
v -0.029312 0.016099 -0.005609
v -0.029139 0.016740 -0.005491
v -0.029301 0.016856 -0.004852
v -0.029081 0.017274 -0.005164
v -0.029242 0.017593 -0.004861
v -0.029289 0.017620 -0.004110
v -0.028798 0.016981 -0.005729
v -0.028817 0.017566 -0.005333
v -0.029020 0.017821 -0.005043
v -0.028262 0.016978 -0.005732
v -0.027819 0.017455 -0.005399
v -0.027308 0.017849 -0.005641
v -0.029386 0.021375 -0.012344
v -0.029384 0.022125 -0.012344
v -0.027821 0.021375 -0.014346
v -0.027246 0.018375 -0.015207
v -0.027218 0.018374 -0.014472
v -0.027244 0.019125 -0.015206
v -0.027243 0.019875 -0.015206
v -0.027242 0.020625 -0.015205
v -0.027240 0.021375 -0.015205
v -0.027218 0.021374 -0.014472
v -0.027239 0.022125 -0.015204
v -0.026578 0.018375 -0.015330
v -0.026578 0.019125 -0.015330
v -0.026578 0.019875 -0.015330
v -0.026578 0.020625 -0.015331
v -0.026578 0.021375 -0.015331
v -0.026578 0.022125 -0.015331
v -0.029356 0.018376 -0.009404
v -0.029226 0.018382 -0.008911
v -0.029354 0.019135 -0.009400
v -0.029247 0.019180 -0.008686
v -0.029103 0.019509 -0.008267
v -0.029342 0.019897 -0.008650
v -0.029238 0.019941 -0.007935
v -0.029195 0.020182 -0.007138
v -0.029198 0.020140 -0.006354
v -0.029331 0.020645 -0.007886
v -0.029321 0.020652 -0.007129
v -0.029311 0.020650 -0.006373
v -0.028769 0.018392 -0.008539
v -0.028410 0.018737 -0.008458
v -0.028973 0.018971 -0.008486
v -0.028685 0.019325 -0.008079
v -0.028403 0.019705 -0.007511
v -0.028529 0.019591 -0.006045
v -0.028964 0.019748 -0.007728
v -0.028762 0.019799 -0.007159
v -0.028827 0.019757 -0.006370
v -0.028278 0.018124 -0.008561
v -0.027737 0.018486 -0.008533
v -0.027307 0.018814 -0.005735
v -0.027733 0.019327 -0.008085
v -0.027729 0.019784 -0.007259
v -0.027637 0.019622 -0.006123
v -0.028263 0.019820 -0.006903
v -0.028274 0.019798 -0.006618
v -0.027334 0.018407 -0.007783
v -0.027315 0.018370 -0.006272
v -0.027333 0.019010 -0.007765
v -0.027325 0.019035 -0.007159
v -0.027317 0.019032 -0.006542
v -0.029270 0.018378 -0.004763
v -0.029287 0.018376 -0.004107
v -0.029113 0.019363 -0.005322
v -0.029296 0.019086 -0.004903
v -0.029280 0.019889 -0.005624
v -0.029293 0.019890 -0.004859
v -0.029301 0.020641 -0.005619
v -0.029292 0.020630 -0.004872
v -0.028701 0.018394 -0.005247
v -0.029008 0.018393 -0.005033
v -0.028840 0.019176 -0.005532
v -0.029055 0.018842 -0.005091
v -0.029025 0.019713 -0.005824
v -0.027701 0.018423 -0.005268
v -0.028086 0.019134 -0.005554
v -0.027308 0.018023 -0.005652
v -0.040007 0.000378 0.000263
v -0.039854 0.001106 0.000091
v -0.039694 0.001491 -0.000097
v -0.039341 0.000350 0.000304
v -0.039350 0.001064 0.000100
v -0.030256 0.000795 0.000070
v -0.030315 0.001359 -0.000161
v -0.028806 0.005538 0.000375
v -0.029223 0.006173 0.000020
v -0.028798 0.006233 0.000004
v -0.029065 0.009890 0.000146
v -0.027268 0.006934 -0.000364
v -0.027258 0.007985 0.000209
v -0.027255 0.008629 0.000288
v 0.005586 -0.011625 0.015138
v 0.006992 -0.023624 0.012452
v 0.006637 -0.023623 0.013108
v 0.006994 -0.022874 0.012451
v 0.006629 -0.022873 0.013108
v 0.006996 -0.022124 0.012451
v 0.006620 -0.022123 0.013108
v 0.006998 -0.021374 0.012451
v 0.006610 -0.021373 0.013108
v 0.007000 -0.020624 0.012451
v 0.006600 -0.020623 0.013108
v 0.007009 -0.019874 0.012976
v 0.007501 -0.023625 0.013233
v 0.007502 -0.022875 0.013230
v 0.007504 -0.022125 0.013227
v 0.007505 -0.021375 0.013224
v 0.007380 -0.021375 0.013571
v 0.007507 -0.020625 0.013221
v 0.007508 -0.019875 0.013218
v 0.007382 -0.019875 0.013574
v 0.007018 -0.016124 0.012959
v 0.007026 -0.013124 0.012947
v 0.007513 -0.017625 0.013209
v 0.007384 -0.017625 0.013578
v 0.007514 -0.016875 0.013206
v 0.007385 -0.016875 0.013579
v 0.007515 -0.016125 0.013203
v 0.007516 -0.015375 0.013201
v 0.007387 -0.015375 0.013581
v 0.007517 -0.013875 0.013195
v 0.007389 -0.013875 0.013584
v 0.007518 -0.013125 0.013192
v 0.007390 -0.013125 0.013585
v 0.006150 -0.011625 0.015008
v 0.007031 -0.010874 0.012937
v 0.007039 -0.007874 0.012924
v 0.007520 -0.011625 0.013187
v 0.007392 -0.011625 0.013587
v 0.007521 -0.010875 0.013184
v 0.007521 -0.010125 0.013181
v 0.007393 -0.010125 0.013590
v 0.007524 -0.007875 0.013173
v 0.007396 -0.007875 0.013593
v 0.007525 -0.006375 0.013167
v 0.007398 -0.006375 0.013596
v 0.007044 -0.005624 0.012914
v 0.007048 -0.004124 0.012908
v 0.007052 -0.002624 0.012902
v 0.007056 -0.001124 0.012895
v 0.007525 -0.005625 0.013164
v 0.007399 -0.005625 0.013597
v 0.007525 -0.004875 0.013162
v 0.007400 -0.004875 0.013598
v 0.007525 -0.004125 0.013160
v 0.007524 -0.003375 0.013157
v 0.007402 -0.003375 0.013601
v 0.007524 -0.002625 0.013154
v 0.007402 -0.002625 0.013602
v 0.007525 -0.001125 0.013148
v 0.007404 -0.001125 0.013604
v -0.009501 -0.019246 -0.015545
v -0.009356 -0.019084 -0.015289
v -0.009373 -0.019047 -0.014574
v -0.009374 -0.019035 -0.013839
v -0.009379 -0.019019 -0.013235
v -0.009817 -0.018375 -0.015541
v -0.009584 -0.018376 -0.015304
v -0.009577 -0.018380 -0.014563
v -0.009570 -0.018380 -0.013845
v -0.009558 -0.018381 -0.013086
v -0.008640 -0.019590 -0.015556
v -0.008670 -0.019564 -0.015266
v -0.008710 -0.019554 -0.014580
v -0.008713 -0.019551 -0.013822
v -0.008800 -0.019506 -0.012748
v -0.008728 -0.018380 -0.012595
v -0.007846 -0.019553 -0.015567
v -0.007662 -0.019411 -0.015161
v -0.007578 -0.019360 -0.014612
v -0.007726 -0.019461 -0.013829
v -0.007624 -0.019403 -0.012853
v -0.007195 -0.018873 -0.014898
v -0.007190 -0.018860 -0.014852
v -0.007689 -0.018381 -0.012608
v -0.007036 -0.019212 -0.015576
v -0.007265 -0.018984 -0.015449
v -0.007203 -0.018899 -0.014400
v -0.007203 -0.018909 -0.013862
v -0.007200 -0.018913 -0.013345
v -0.006774 -0.018376 -0.015580
v -0.007101 -0.018438 -0.015194
v -0.007093 -0.018466 -0.014604
v -0.007075 -0.018380 -0.013875
v -0.007069 -0.018381 -0.013260
v -0.009503 -0.017503 -0.015545
v -0.009365 -0.017657 -0.015289
v -0.009383 -0.017696 -0.014575
v -0.009381 -0.017711 -0.013839
v -0.009383 -0.017732 -0.013226
v -0.009374 -0.016872 -0.015547
v -0.008642 -0.017154 -0.015556
v -0.008677 -0.017166 -0.015272
v -0.008719 -0.017183 -0.014578
v -0.008716 -0.017183 -0.013816
v -0.008805 -0.017224 -0.012714
v -0.008623 -0.016869 -0.015556
v -0.007845 -0.017190 -0.015567
v -0.007787 -0.017251 -0.015262
v -0.007711 -0.017285 -0.014579
v -0.007726 -0.017275 -0.013824
v -0.007617 -0.017331 -0.012825
v -0.007870 -0.016868 -0.015566
v -0.007033 -0.017538 -0.015577
v -0.007248 -0.017776 -0.015296
v -0.007203 -0.017845 -0.014585
v -0.007195 -0.017837 -0.013862
v -0.007188 -0.017833 -0.013332
v -0.007118 -0.016871 -0.015576
v -0.011280 -0.001545 -0.015525
v -0.011587 -0.001845 -0.015520
v -0.011284 -0.001579 -0.015524
v -0.011593 -0.001233 -0.015521
v -0.010859 -0.002602 -0.015530
v -0.010695 -0.002424 -0.014709
v -0.011422 -0.001550 -0.015523
v -0.011095 -0.001859 -0.015417
v -0.010946 -0.002085 -0.014532
v -0.010979 -0.002015 -0.013820
v -0.011002 -0.001960 -0.013053
v -0.011443 -0.001609 -0.015522
v -0.011336 -0.001253 -0.015280
v -0.011342 -0.001189 -0.014599
v -0.011331 -0.001192 -0.013824
v -0.011299 -0.001267 -0.012729
v -0.010199 -0.003450 -0.015538
v -0.010015 -0.003273 -0.015541
v -0.010493 -0.003087 -0.015535
v -0.010214 -0.002896 -0.015349
v -0.010380 -0.002743 -0.014531
v -0.010311 -0.002794 -0.013811
v -0.010282 -0.002810 -0.012955
v -0.010693 -0.002420 -0.014289
v -0.010689 -0.002418 -0.013819
v -0.010541 -0.002257 -0.012574
v -0.010209 -0.001165 -0.012578
v -0.009372 -0.004129 -0.015549
v -0.009397 -0.003751 -0.015548
v -0.009425 -0.003330 -0.015372
v -0.009352 -0.003356 -0.014589
v -0.009331 -0.003361 -0.013826
v -0.009262 -0.003386 -0.013239
v -0.009797 -0.003161 -0.015096
v -0.009771 -0.003173 -0.014593
v -0.009747 -0.003182 -0.013818
v -0.009644 -0.003190 -0.012586
v -0.009414 -0.001938 -0.012588
v -0.009387 -0.001138 -0.012589
v -0.008622 -0.004131 -0.015558
v -0.008630 -0.003828 -0.015558
v -0.008629 -0.003520 -0.015352
v -0.008654 -0.003517 -0.014587
v -0.008654 -0.003516 -0.013837
v -0.008667 -0.003515 -0.013098
v -0.008653 -0.002845 -0.012598
v -0.008629 -0.001914 -0.012599
v -0.007871 -0.004132 -0.015568
v -0.007854 -0.003812 -0.015568
v -0.007864 -0.003513 -0.015349
v -0.007836 -0.003512 -0.014590
v -0.007840 -0.003512 -0.013837
v -0.007824 -0.003512 -0.013102
v -0.007837 -0.002844 -0.012609
v -0.007864 -0.001914 -0.012609
v -0.007006 -0.003513 -0.015580
v -0.007157 -0.003325 -0.015328
v -0.007185 -0.003341 -0.014600
v -0.007199 -0.003350 -0.013829
v -0.007256 -0.003376 -0.013249
v -0.006677 -0.003113 -0.015584
v -0.006723 -0.003119 -0.015322
v -0.006763 -0.003149 -0.014609
v -0.006782 -0.003167 -0.013820
v -0.006865 -0.003171 -0.012622
v -0.007082 -0.001936 -0.012619
v -0.007107 -0.001138 -0.012619
v -0.006366 -0.003386 -0.015588
v -0.006312 -0.002946 -0.015589
v -0.006173 -0.002720 -0.015327
v -0.006224 -0.002771 -0.014614
v -0.006217 -0.002774 -0.013816
v -0.006232 -0.002796 -0.012972
v -0.005845 -0.002377 -0.015145
v -0.005838 -0.002375 -0.014616
v -0.005834 -0.002383 -0.013823
v -0.005980 -0.002226 -0.012633
v -0.006290 -0.001163 -0.012629
v -0.005618 -0.002631 -0.015598
v -0.005861 -0.002389 -0.015594
v -0.005328 -0.001915 -0.015601
v -0.005598 -0.002022 -0.015335
v -0.005550 -0.001960 -0.014614
v -0.005549 -0.001976 -0.013826
v -0.005515 -0.001935 -0.013079
v -0.005158 -0.001148 -0.015604
v -0.005235 -0.001165 -0.015333
v -0.005233 -0.001193 -0.014615
v -0.005222 -0.001190 -0.013829
v -0.005226 -0.001263 -0.012766
v 0.004104 -0.022875 -0.015721
v 0.004584 -0.022875 -0.015666
v 0.004607 -0.007125 -0.015675
v 0.004930 -0.007125 -0.015444
v 0.004105 -0.003375 -0.015724
v 0.004612 -0.003375 -0.015677
v 0.007160 -0.020625 -0.013112
v 0.006678 -0.020624 -0.012469
v -0.016440 -0.046262 0.005406
v -0.016164 -0.046228 0.005651
v -0.015384 -0.046182 0.005633
v -0.014635 -0.046156 0.005645
v -0.013888 -0.046146 0.004868
v -0.013884 -0.046131 0.005657
v -0.013138 -0.046092 0.004873
v -0.013132 -0.046117 0.005667
v -0.012387 -0.046039 0.004879
v -0.012380 -0.046114 0.005675
v -0.016126 -0.046364 0.006448
v -0.016128 -0.046255 0.006063
v -0.015375 -0.046372 0.006463
v -0.015378 -0.046253 0.006085
v -0.014627 -0.046250 0.006097
v -0.013125 -0.046489 0.007124
v -0.013125 -0.046378 0.007776
v -0.016135 -0.033201 0.016217
v -0.016132 -0.033579 0.016304
v -0.015385 -0.033272 0.016191
v -0.015381 -0.033644 0.016307
v -0.014634 -0.033325 0.016170
v -0.014631 -0.033692 0.016303
v -0.013884 -0.033365 0.016156
v -0.013885 -0.032639 0.016101
v -0.012382 -0.033423 0.016131
v -0.012384 -0.032645 0.016027
v -0.011636 -0.045991 0.004887
v -0.011629 -0.046114 0.005681
v -0.010885 -0.045947 0.004896
v -0.010877 -0.046121 0.005685
v -0.010134 -0.045917 0.004905
v -0.010126 -0.046128 0.005689
v -0.009389 -0.045906 0.004121
v -0.009384 -0.045893 0.004915
v -0.008639 -0.045852 0.004127
v -0.008633 -0.045877 0.004925
v -0.007886 -0.045798 0.004132
v -0.007881 -0.045872 0.004931
v -0.007133 -0.045748 0.004139
v -0.007128 -0.045871 0.004934
v -0.006383 -0.045704 0.004148
v -0.006376 -0.045876 0.004937
v -0.007873 -0.046386 0.006346
v -0.007124 -0.046409 0.006416
v -0.007124 -0.046507 0.007122
v -0.010877 -0.043800 0.012128
v -0.011439 -0.033850 0.016286
v -0.011664 -0.034102 0.016306
v -0.011668 -0.033503 0.016159
v -0.011938 -0.033791 0.016281
v -0.010881 -0.033932 0.016289
v -0.010130 -0.034035 0.016286
v -0.010134 -0.033432 0.016085
v -0.010135 -0.032653 0.015916
v -0.008634 -0.032661 0.015842
v -0.007884 -0.032666 0.015805
v -0.006379 -0.033436 0.016030
v -0.006383 -0.032677 0.015730
v -0.005633 -0.045670 0.004157
v -0.005626 -0.045883 0.004940
v -0.004139 -0.045601 0.003378
v -0.004133 -0.045631 0.004174
v -0.003390 -0.045547 0.003383
v -0.003382 -0.045628 0.004180
v -0.002813 -0.045510 0.003387
v -0.002604 -0.045603 0.004115
v -0.002438 -0.045487 0.003385
v -0.002339 -0.045515 0.003797
v -0.001885 -0.045453 0.003386
v -0.001879 -0.045508 0.003811
v -0.001135 -0.045420 0.003398
v -0.001127 -0.045508 0.003825
v -0.000388 -0.045385 0.002627
v -0.000384 -0.045394 0.003411
v -0.000377 -0.045511 0.003832
v -0.001124 -0.046443 0.006410
v -0.001125 -0.046516 0.007116
v -0.004879 -0.033439 0.016010
v -0.004885 -0.032692 0.015659
v -0.003379 -0.033442 0.015990
v -0.003387 -0.032706 0.015596
v -0.001880 -0.033446 0.015970
v -0.001961 -0.032669 0.015529
v -0.001130 -0.033447 0.015960
v -0.001135 -0.032381 0.015471
v -0.001136 -0.032831 0.015547
v -0.000386 -0.032437 0.015435
v -0.000385 -0.032880 0.015548
v 0.000364 -0.045376 0.001866
v 0.000365 -0.045333 0.002631
v 0.000369 -0.045380 0.003421
v 0.001121 -0.045381 0.000374
v 0.001121 -0.045345 0.001867
v 0.001122 -0.045304 0.002635
v 0.001124 -0.045381 0.003425
v 0.004852 -0.046343 0.005972
v 0.004852 -0.046211 0.005616
v 0.005178 -0.046305 0.006015
v 0.005600 -0.045684 0.004180
v 0.005585 -0.045943 0.004904
v 0.005490 -0.046124 0.005704
v 0.004114 -0.046480 0.006401
v 0.004112 -0.046523 0.007112
v 0.004106 -0.046369 0.007727
v 0.004102 -0.046264 0.008086
v 0.004102 -0.046090 0.008542
v 0.004106 -0.045761 0.009286
v 0.004110 -0.045570 0.009666
v 0.004104 -0.044979 0.010599
v 0.004103 -0.044716 0.010966
v 0.004103 -0.044347 0.011400
v 0.004103 -0.044012 0.011762
v 0.004922 -0.046458 0.006449
v 0.004763 -0.046490 0.007112
v 0.004598 -0.046389 0.007644
v 0.005136 -0.046301 0.006718
v 0.005069 -0.046285 0.007091
v 0.004832 -0.046258 0.007875
v 0.004831 -0.046011 0.008582
v 0.004771 -0.045730 0.009269
v 0.004480 -0.045571 0.009661
v 0.004954 -0.045526 0.009474
v 0.004832 -0.045271 0.010061
v 0.004694 -0.044987 0.010566
v 0.005117 -0.044832 0.010374
v 0.004891 -0.044728 0.010815
v 0.004833 -0.044321 0.011354
v 0.004834 -0.043981 0.011725
v 0.005174 -0.046326 0.006243
v 0.005428 -0.046088 0.006428
v 0.005536 -0.045869 0.007066
v 0.005377 -0.045823 0.007824
v 0.005239 -0.045687 0.008562
v 0.005811 -0.045560 0.007299
v 0.005732 -0.045482 0.007826
v 0.005595 -0.045345 0.008566
v 0.005449 -0.045187 0.009215
v 0.005745 -0.044746 0.009462
v 0.005545 -0.044553 0.010126
v 0.005321 -0.044332 0.010770
v 0.005174 -0.044155 0.011180
v 0.005815 -0.044083 0.010351
v 0.005713 -0.043810 0.010850
v 0.005335 -0.043716 0.011465
v 0.005844 -0.043382 0.011137
v 0.005728 -0.043095 0.011576
v 0.004105 -0.043653 0.012118
v 0.004104 -0.042865 0.012778
v 0.004105 -0.042382 0.013148
v 0.004835 -0.043613 0.012092
v 0.004834 -0.042811 0.012764
v 0.004863 -0.042276 0.013165
v 0.004646 -0.041992 0.013441
v 0.005185 -0.043436 0.011923
v 0.005310 -0.042950 0.012204
v 0.005276 -0.042263 0.012781
v 0.004108 -0.040757 0.014370
v 0.004107 -0.039861 0.014928
v 0.004106 -0.039286 0.015211
v 0.004817 -0.041532 0.013760
v 0.004974 -0.041042 0.014045
v 0.004784 -0.040804 0.014313
v 0.004889 -0.040067 0.014745
v 0.004695 -0.039818 0.014944
v 0.005115 -0.039637 0.014822
v 0.004891 -0.039384 0.015106
v 0.004828 -0.038558 0.015481
v 0.004583 -0.038279 0.015605
v 0.005036 -0.038035 0.015551
v 0.004831 -0.037818 0.015719
v 0.004840 -0.037102 0.015885
v 0.004837 -0.036361 0.016003
v 0.005527 -0.041581 0.013037
v 0.005745 -0.040982 0.013252
v 0.005483 -0.040757 0.013728
v 0.005717 -0.040048 0.013965
v 0.005361 -0.040035 0.014348
v 0.005828 -0.039620 0.014102
v 0.005544 -0.039393 0.014527
v 0.005239 -0.039159 0.014940
v 0.005733 -0.038572 0.014714
v 0.005372 -0.038561 0.015072
v 0.005808 -0.038089 0.014824
v 0.005489 -0.037818 0.015220
v 0.005164 -0.037542 0.015588
v 0.005570 -0.037100 0.015326
v 0.005217 -0.037093 0.015639
v 0.005645 -0.036361 0.015379
v 0.005283 -0.036355 0.015703
v 0.000364 -0.032486 0.015403
v 0.000366 -0.032919 0.015554
v 0.001114 -0.032529 0.015377
v 0.001116 -0.032953 0.015558
v 0.001864 -0.032566 0.015356
v 0.001867 -0.032980 0.015566
v 0.002614 -0.032598 0.015340
v 0.002618 -0.033003 0.015572
v 0.002615 -0.031897 0.015286
v 0.004114 -0.032651 0.015312
v 0.004115 -0.031902 0.015212
v 0.004835 -0.035619 0.016062
v 0.004843 -0.034140 0.016076
v 0.004846 -0.033425 0.015854
v 0.004853 -0.032677 0.015308
v 0.004860 -0.031902 0.015175
v 0.005682 -0.035615 0.015407
v 0.005316 -0.035615 0.015735
v 0.005682 -0.034867 0.015425
v 0.005329 -0.034872 0.015742
v 0.005680 -0.034129 0.015426
v 0.005337 -0.034140 0.015733
v 0.005652 -0.033396 0.015450
v 0.005310 -0.033408 0.015710
v 0.005496 -0.032735 0.015327
v 0.005220 -0.033060 0.015569
v 0.005577 -0.031893 0.015140
v 0.005585 -0.025125 0.015139
v 0.005956 -0.045542 0.003792
v 0.006021 -0.045651 0.004153
v 0.006050 -0.045713 0.004886
v 0.005979 -0.045695 0.005617
v 0.006332 -0.045390 0.000375
v 0.006333 -0.045353 0.001870
v 0.006326 -0.045314 0.002628
v 0.006248 -0.045414 0.003459
v 0.006381 -0.045441 0.004133
v 0.006842 -0.045084 0.000375
v 0.006838 -0.045067 0.001872
v 0.006826 -0.045052 0.002623
v 0.006792 -0.045040 0.003375
v 0.006746 -0.045027 0.004121
v 0.007225 -0.044598 0.000377
v 0.007268 -0.044524 0.001124
v 0.007223 -0.044584 0.001876
v 0.007193 -0.044586 0.002624
v 0.007162 -0.044580 0.003372
v 0.007122 -0.044562 0.004119
v 0.007075 -0.044447 0.005620
v 0.006784 -0.043979 0.000388
v 0.006793 -0.044102 0.001161
v 0.006609 -0.044179 0.001876
v 0.006694 -0.044130 0.002634
v 0.006792 -0.044072 0.003395
v 0.006933 -0.043992 0.004147
v 0.007139 -0.043903 0.004886
v 0.007351 -0.043933 0.005644
v 0.006805 -0.043159 0.001874
v 0.006815 -0.043156 0.002627
v 0.006825 -0.043160 0.003383
v 0.006835 -0.043172 0.004141
v 0.006844 -0.043190 0.004894
v 0.006854 -0.043207 0.005647
v 0.007227 -0.044225 0.001424
v 0.007244 -0.044215 0.001879
v 0.007304 -0.044237 0.002627
v 0.007322 -0.044242 0.003375
v 0.007329 -0.044236 0.004122
v 0.007321 -0.044218 0.004868
v 0.007303 -0.044195 0.005357
v 0.007288 -0.044302 0.001410
v 0.007299 -0.044301 0.001878
v 0.007312 -0.044290 0.002629
v 0.007322 -0.044274 0.003379
v 0.007326 -0.044253 0.004128
v 0.007312 -0.044237 0.004875
v 0.007282 -0.044223 0.005359
v 0.005913 -0.045653 0.006353
v 0.005865 -0.045612 0.006808
v 0.006209 -0.045217 0.007022
v 0.006089 -0.045115 0.007826
v 0.005954 -0.044973 0.008564
v 0.005865 -0.044878 0.008971
v 0.006539 -0.044801 0.007233
v 0.006459 -0.044707 0.007826
v 0.006371 -0.044479 0.008615
v 0.006070 -0.044500 0.009251
v 0.005961 -0.044256 0.009865
v 0.006567 -0.044099 0.008890
v 0.006478 -0.043978 0.009299
v 0.006238 -0.043776 0.010062
v 0.006011 -0.043597 0.010654
v 0.006504 -0.043261 0.010253
v 0.006265 -0.043082 0.010840
v 0.006020 -0.042899 0.011373
v 0.006511 -0.042518 0.011021
v 0.006253 -0.042329 0.011554
v 0.006623 -0.044900 0.006351
v 0.006588 -0.044859 0.006742
v 0.006936 -0.044512 0.006354
v 0.006800 -0.044546 0.007035
v 0.006758 -0.044344 0.007830
v 0.006665 -0.044221 0.008403
v 0.007363 -0.043808 0.006433
v 0.007278 -0.043901 0.007116
v 0.007139 -0.043840 0.007843
v 0.006958 -0.043758 0.008559
v 0.006751 -0.043613 0.009301
v 0.006636 -0.043456 0.009763
v 0.006865 -0.043327 0.006478
v 0.006873 -0.043247 0.007166
v 0.007072 -0.043120 0.007926
v 0.007243 -0.043252 0.008717
v 0.007344 -0.042945 0.008342
v 0.007143 -0.043018 0.009324
v 0.006795 -0.043021 0.010023
v 0.006664 -0.042771 0.010532
v 0.006885 -0.042446 0.007923
v 0.006896 -0.042515 0.008690
v 0.006999 -0.042270 0.009250
v 0.007190 -0.042317 0.010078
v 0.006808 -0.042280 0.010780
v 0.005871 -0.043481 0.007014
v 0.007361 -0.043549 0.007126
v 0.007353 -0.043513 0.007858
v 0.007300 -0.043433 0.008235
v 0.007221 -0.043567 0.006776
v 0.007334 -0.043498 0.007139
v 0.007378 -0.043410 0.007881
v 0.007378 -0.043111 0.008537
v 0.007360 -0.042803 0.009118
v 0.007372 -0.042668 0.008836
v 0.007405 -0.042395 0.009391
v 0.007384 -0.042126 0.009888
v 0.006907 -0.041740 0.009492
v 0.006945 -0.041513 0.010023
v 0.007163 -0.041579 0.010794
v 0.006919 -0.040947 0.010250
v 0.007084 -0.040669 0.010698
v 0.006930 -0.040216 0.010881
v 0.006933 -0.039506 0.011032
v 0.006708 -0.039406 0.011672
v 0.006945 -0.038683 0.011770
v 0.007343 -0.041919 0.009671
v 0.007416 -0.041651 0.010147
v 0.007375 -0.041390 0.010595
v 0.007372 -0.041107 0.010410
v 0.007423 -0.040849 0.010855
v 0.007340 -0.040581 0.011297
v 0.007380 -0.040143 0.011146
v 0.007405 -0.040068 0.011581
v 0.007063 -0.039819 0.011352
v 0.007398 -0.039457 0.011681
v 0.007178 -0.038913 0.012008
v 0.006214 -0.041520 0.012244
v 0.005940 -0.041318 0.012751
v 0.006473 -0.040809 0.012451
v 0.005678 -0.040577 0.012730
v 0.005870 -0.040489 0.013429
v 0.006421 -0.040266 0.012468
v 0.006036 -0.039915 0.012746
v 0.005594 -0.039880 0.013340
v 0.006307 -0.039374 0.013097
v 0.005831 -0.039156 0.013483
v 0.005522 -0.039016 0.013907
v 0.006046 -0.038456 0.013588
v 0.005609 -0.038442 0.014072
v 0.006306 -0.037772 0.013844
v 0.005677 -0.037729 0.014256
v 0.005876 -0.037607 0.014904
v 0.006454 -0.037289 0.013980
v 0.005962 -0.037021 0.014131
v 0.005915 -0.037103 0.014959
v 0.005973 -0.036332 0.014246
v 0.005556 -0.036336 0.014688
v 0.006745 -0.040800 0.012068
v 0.006998 -0.040046 0.012277
v 0.006749 -0.039852 0.012765
v 0.007220 -0.039315 0.012467
v 0.006864 -0.039270 0.013023
v 0.006574 -0.038940 0.013349
v 0.006894 -0.038456 0.012281
v 0.007142 -0.038613 0.013004
v 0.006772 -0.038580 0.013516
v 0.006955 -0.037929 0.012358
v 0.007238 -0.037837 0.013220
v 0.006913 -0.037839 0.013654
v 0.006958 -0.037155 0.012442
v 0.007299 -0.037310 0.013319
v 0.007011 -0.037073 0.013768
v 0.006572 -0.036816 0.014076
v 0.006961 -0.036422 0.012558
v 0.006768 -0.036211 0.013030
v 0.007084 -0.036357 0.013822
v 0.006665 -0.036353 0.014144
v 0.007399 -0.039351 0.012147
v 0.007453 -0.038650 0.012396
v 0.007359 -0.038417 0.012791
v 0.007418 -0.037884 0.012606
v 0.007435 -0.037863 0.012918
v 0.006993 -0.037168 0.012816
v 0.007452 -0.037101 0.013135
v 0.007312 -0.036817 0.013430
v 0.006720 -0.036729 0.012942
v 0.007462 -0.036401 0.013101
v 0.007339 -0.036359 0.013482
v 0.006006 -0.035575 0.014278
v 0.005586 -0.035580 0.014723
v 0.006323 -0.034847 0.014574
v 0.006041 -0.034862 0.015079
v 0.006429 -0.034116 0.014677
v 0.006061 -0.034120 0.015061
v 0.006075 -0.033385 0.015050
v 0.006434 -0.032627 0.014677
v 0.006101 -0.032638 0.015024
v 0.006435 -0.031876 0.014677
v 0.006117 -0.031881 0.014997
v 0.006962 -0.035633 0.012460
v 0.006760 -0.035644 0.013086
v 0.007117 -0.035615 0.013860
v 0.006721 -0.035609 0.014192
v 0.006963 -0.034876 0.012453
v 0.006757 -0.034878 0.013108
v 0.007124 -0.034868 0.013862
v 0.006776 -0.034863 0.014286
v 0.006965 -0.034124 0.012452
v 0.006759 -0.034124 0.013108
v 0.006759 -0.034118 0.014308
v 0.006967 -0.033374 0.012452
v 0.006751 -0.033373 0.013108
v 0.006969 -0.032624 0.012452
v 0.006743 -0.032623 0.013108
v 0.006971 -0.031874 0.012452
v 0.006735 -0.031873 0.013108
v 0.007130 -0.031875 0.013863
v 0.006761 -0.031875 0.014312
v 0.006973 -0.031124 0.012452
v 0.006725 -0.031123 0.013108
v 0.006975 -0.030374 0.012452
v 0.006716 -0.030373 0.013108
v 0.007472 -0.035625 0.013260
v 0.007365 -0.035617 0.013529
v 0.007474 -0.034875 0.013277
v 0.007369 -0.034872 0.013543
v 0.007476 -0.034125 0.013275
v 0.007478 -0.033375 0.013272
v 0.007480 -0.032625 0.013269
v 0.007482 -0.031875 0.013266
v 0.007484 -0.031125 0.013263
v 0.007370 -0.031125 0.013553
v 0.007486 -0.030375 0.013260
v 0.006131 -0.025125 0.014998
v 0.006977 -0.029624 0.012452
v 0.006707 -0.029623 0.013108
v 0.006979 -0.028874 0.012451
v 0.006699 -0.028873 0.013108
v 0.006980 -0.028124 0.012451
v 0.006691 -0.028123 0.013108
v 0.006982 -0.027374 0.012452
v 0.006683 -0.027373 0.013108
v 0.006984 -0.026624 0.012452
v 0.006674 -0.026623 0.013108
v 0.006986 -0.025874 0.012453
v 0.006664 -0.025873 0.013108
v 0.006988 -0.025124 0.012453
v 0.006654 -0.025123 0.013108
v 0.006990 -0.024374 0.012452
v 0.006645 -0.024373 0.013108
v 0.007487 -0.029625 0.013256
v 0.007489 -0.028875 0.013254
v 0.007372 -0.028875 0.013557
v 0.007491 -0.028125 0.013251
v 0.007493 -0.027375 0.013248
v 0.007495 -0.026625 0.013245
v 0.007375 -0.026625 0.013561
v 0.007496 -0.025875 0.013242
v 0.007498 -0.025125 0.013239
v 0.007499 -0.024375 0.013236
v 0.007377 -0.024375 0.013566
v -0.013125 -0.046492 -0.006371
v -0.016128 -0.046402 -0.005653
v -0.016135 -0.046246 -0.005098
v -0.016135 -0.046222 -0.004698
v -0.015377 -0.046400 -0.005658
v -0.015381 -0.046261 -0.005218
v -0.015385 -0.046187 -0.004818
v -0.014635 -0.046163 -0.004869
v -0.014638 -0.046179 -0.004118
v -0.013883 -0.046147 -0.004898
v -0.013887 -0.046127 -0.004122
v -0.013126 -0.046397 -0.005665
v -0.013131 -0.046142 -0.004917
v -0.013136 -0.046076 -0.004128
v -0.012431 -0.046161 -0.005005
v -0.012386 -0.046028 -0.004135
v -0.012372 -0.037815 -0.015138
v -0.012372 -0.037081 -0.015313
v -0.012372 -0.036348 -0.015429
v -0.009424 -0.043801 -0.011380
v -0.011630 -0.046133 -0.004933
v -0.011637 -0.045983 -0.004141
v -0.010879 -0.046133 -0.004937
v -0.010886 -0.045946 -0.004149
v -0.010128 -0.046132 -0.004940
v -0.010135 -0.045914 -0.004157
v -0.009385 -0.045889 -0.004166
v -0.009389 -0.045901 -0.003371
v -0.008635 -0.045869 -0.004174
v -0.008639 -0.045850 -0.003376
v -0.007882 -0.045856 -0.004179
v -0.007886 -0.045797 -0.003380
v -0.007129 -0.045849 -0.004183
v -0.007134 -0.045747 -0.003386
v -0.006378 -0.045844 -0.004186
v -0.006384 -0.045701 -0.003392
v -0.010118 -0.038623 -0.014904
v -0.010122 -0.035341 -0.015529
v -0.004124 -0.046397 -0.007082
v -0.004124 -0.046513 -0.006376
v -0.001125 -0.046520 -0.006379
v -0.005628 -0.045843 -0.004188
v -0.005635 -0.045659 -0.003400
v -0.004878 -0.045842 -0.004190
v -0.004885 -0.045627 -0.003408
v -0.003348 -0.045567 -0.003359
v -0.003353 -0.045549 -0.002660
v -0.003076 -0.045519 -0.003040
v -0.003078 -0.045521 -0.002941
v -0.002632 -0.045588 -0.003499
v -0.002633 -0.045502 -0.003084
v -0.001880 -0.045597 -0.003549
v -0.001882 -0.045481 -0.003139
v -0.001886 -0.045453 -0.002627
v -0.001125 -0.046402 -0.005722
v -0.001131 -0.045469 -0.003175
v -0.001136 -0.045407 -0.002636
v -0.000379 -0.045467 -0.003197
v -0.000386 -0.045363 -0.002646
v 0.004100 -0.043445 -0.011917
v 0.004118 -0.042925 -0.012348
v 0.004115 -0.042323 -0.012811
v 0.004351 -0.042616 -0.012583
v 0.004493 -0.043424 -0.011901
v 0.004754 -0.042978 -0.012076
v 0.004653 -0.042155 -0.012806
v 0.004838 -0.042348 -0.012476
v 0.004107 -0.046324 -0.007504
v 0.004110 -0.046446 -0.007091
v 0.004110 -0.046534 -0.006381
v 0.004098 -0.045669 -0.009094
v 0.004098 -0.045936 -0.008548
v 0.004098 -0.046204 -0.007870
v 0.004106 -0.044850 -0.010397
v 0.004101 -0.045120 -0.010021
v 0.004095 -0.045467 -0.009457
v 0.004102 -0.044188 -0.011205
v 0.004104 -0.044559 -0.010770
v 0.004102 -0.043816 -0.011574
v 0.004464 -0.046323 -0.007474
v 0.004570 -0.046409 -0.007092
v 0.004711 -0.046481 -0.006374
v 0.004542 -0.045659 -0.009040
v 0.004790 -0.045763 -0.008499
v 0.004750 -0.046093 -0.007778
v 0.004900 -0.046180 -0.007085
v 0.005023 -0.046252 -0.006363
v 0.004450 -0.044845 -0.010387
v 0.004625 -0.045014 -0.010045
v 0.004836 -0.045273 -0.009347
v 0.004986 -0.045487 -0.008687
v 0.004508 -0.044169 -0.011182
v 0.004721 -0.044441 -0.010694
v 0.004951 -0.044712 -0.010031
v 0.004739 -0.043707 -0.011456
v 0.004957 -0.043955 -0.010951
v 0.004945 -0.043185 -0.011698
v 0.005120 -0.045593 -0.008194
v 0.005201 -0.045669 -0.007816
v 0.005334 -0.045797 -0.007079
v 0.005437 -0.045885 -0.006351
v 0.005245 -0.044991 -0.009149
v 0.005433 -0.045180 -0.008443
v 0.005159 -0.044170 -0.010452
v 0.005311 -0.044339 -0.010028
v 0.005532 -0.044548 -0.009376
v 0.005170 -0.043456 -0.011198
v 0.005417 -0.043673 -0.010675
v 0.005674 -0.043909 -0.010027
v 0.005811 -0.044079 -0.009598
v 0.005316 -0.042971 -0.011473
v 0.005704 -0.043019 -0.010942
v 0.005684 -0.042344 -0.011540
v 0.000372 -0.045467 -0.003211
v 0.000367 -0.045329 -0.002654
v 0.000365 -0.045346 -0.001874
v 0.000364 -0.045385 -0.001117
v 0.001121 -0.045358 -0.001117
v 0.004111 -0.046398 -0.005741
v 0.004659 -0.046423 -0.005822
v 0.004875 -0.046332 -0.005597
v 0.004840 -0.046094 -0.004927
v 0.005585 -0.045875 -0.005667
v 0.005575 -0.045970 -0.004887
v 0.005588 -0.045805 -0.004160
v 0.005596 -0.045611 -0.003632
v 0.005598 -0.045469 -0.003248
v 0.005600 -0.045318 -0.002650
v 0.004094 -0.041385 -0.013531
v 0.004092 -0.041756 -0.013246
v 0.004099 -0.040513 -0.014161
v 0.004097 -0.040876 -0.013905
v 0.004095 -0.040032 -0.014445
v 0.004100 -0.039118 -0.014909
v 0.004093 -0.039479 -0.014735
v 0.004098 -0.038563 -0.015125
v 0.004090 -0.037821 -0.015362
v 0.004104 -0.036856 -0.015582
v 0.004092 -0.037221 -0.015506
v 0.004109 -0.036352 -0.015647
v 0.004595 -0.041315 -0.013491
v 0.004847 -0.041592 -0.013045
v 0.004505 -0.040474 -0.014142
v 0.004778 -0.040764 -0.013729
v 0.004759 -0.039974 -0.014252
v 0.004950 -0.040164 -0.013959
v 0.004520 -0.039049 -0.014891
v 0.004764 -0.039305 -0.014594
v 0.004651 -0.038574 -0.014997
v 0.004971 -0.038570 -0.014726
v 0.004835 -0.037841 -0.015084
v 0.005068 -0.038090 -0.014809
v 0.004455 -0.036786 -0.015570
v 0.004730 -0.037063 -0.015357
v 0.004501 -0.036354 -0.015608
v 0.004837 -0.036355 -0.015380
v 0.005526 -0.041603 -0.012298
v 0.005183 -0.040552 -0.013468
v 0.005389 -0.040818 -0.013051
v 0.005427 -0.040661 -0.012228
v 0.005104 -0.039669 -0.014103
v 0.005270 -0.039982 -0.013751
v 0.005386 -0.039938 -0.012801
v 0.005568 -0.040238 -0.012364
v 0.005190 -0.039309 -0.014201
v 0.005211 -0.039143 -0.013449
v 0.005478 -0.039364 -0.013038
v 0.005328 -0.038587 -0.014390
v 0.005344 -0.038490 -0.013605
v 0.005142 -0.037597 -0.014888
v 0.005379 -0.037859 -0.014596
v 0.005473 -0.037772 -0.013726
v 0.005211 -0.037089 -0.014947
v 0.005232 -0.036975 -0.014176
v 0.005542 -0.037236 -0.013808
v 0.005279 -0.036353 -0.015006
v 0.005258 -0.036275 -0.014266
v 0.004104 -0.035616 -0.015703
v 0.004552 -0.035617 -0.015648
v 0.004879 -0.035616 -0.015405
v 0.005313 -0.035615 -0.015036
v 0.005295 -0.035583 -0.014287
v 0.005328 -0.034871 -0.015040
v 0.005695 -0.034871 -0.014702
v 0.005700 -0.034124 -0.014699
v 0.005847 -0.044860 -0.008191
v 0.005927 -0.044946 -0.007817
v 0.006054 -0.045082 -0.007080
v 0.006146 -0.045179 -0.006341
v 0.005951 -0.044243 -0.009111
v 0.006049 -0.044496 -0.008487
v 0.006338 -0.044462 -0.007842
v 0.006511 -0.044770 -0.006340
v 0.005843 -0.043383 -0.010391
v 0.005970 -0.043545 -0.010031
v 0.006227 -0.043765 -0.009302
v 0.006456 -0.043951 -0.008552
v 0.005980 -0.043023 -0.010576
v 0.006341 -0.043014 -0.010027
v 0.005992 -0.042146 -0.011322
v 0.006252 -0.042333 -0.010810
v 0.006641 -0.044201 -0.007617
v 0.006718 -0.044307 -0.007085
v 0.006797 -0.044423 -0.006348
v 0.006622 -0.043447 -0.009005
v 0.006718 -0.043598 -0.008564
v 0.006822 -0.043837 -0.007859
v 0.007064 -0.043835 -0.007109
v 0.007197 -0.043864 -0.006371
v 0.006652 -0.042769 -0.009787
v 0.006757 -0.043032 -0.009280
v 0.007048 -0.043089 -0.008602
v 0.007172 -0.043121 -0.007872
v 0.006688 -0.043187 -0.007137
v 0.006698 -0.043218 -0.006387
v 0.006644 -0.042033 -0.010500
v 0.006777 -0.042297 -0.010047
v 0.007130 -0.042359 -0.009360
v 0.006004 -0.042465 -0.008671
v 0.006681 -0.042453 -0.007913
v 0.005888 -0.045619 -0.005433
v 0.005947 -0.045648 -0.004868
v 0.006002 -0.045666 -0.004138
v 0.005977 -0.045605 -0.003688
v 0.006225 -0.045234 -0.005623
v 0.006339 -0.045339 -0.004122
v 0.006274 -0.045430 -0.003397
v 0.006321 -0.045311 -0.002630
v 0.006674 -0.044960 -0.004113
v 0.006723 -0.044993 -0.003369
v 0.006770 -0.045016 -0.002620
v 0.006805 -0.044574 -0.005587
v 0.006933 -0.044537 -0.004861
v 0.007003 -0.044555 -0.004116
v 0.007064 -0.044571 -0.003369
v 0.007116 -0.044583 -0.002620
v 0.007158 -0.044591 -0.001871
v 0.007192 -0.044597 -0.001122
v 0.007215 -0.044599 -0.000373
v 0.007202 -0.043870 -0.005623
v 0.007124 -0.043880 -0.004873
v 0.006359 -0.043960 -0.004131
v 0.006094 -0.044038 -0.003382
v 0.006745 -0.043962 -0.002625
v 0.006755 -0.043970 -0.001871
v 0.006764 -0.043974 -0.001118
v 0.006774 -0.043976 -0.000368
v 0.006708 -0.043216 -0.005633
v 0.006718 -0.043203 -0.004884
v 0.006728 -0.043187 -0.004132
v 0.006738 -0.043175 -0.003380
v 0.005946 -0.041334 -0.011997
v 0.006138 -0.040814 -0.012144
v 0.005825 -0.039696 -0.012556
v 0.006264 -0.040097 -0.012265
v 0.005606 -0.038870 -0.013144
v 0.006121 -0.039220 -0.012863
v 0.006527 -0.039539 -0.012549
v 0.005790 -0.038479 -0.013243
v 0.006444 -0.038570 -0.013190
v 0.006242 -0.037793 -0.013509
v 0.006535 -0.038030 -0.013301
v 0.005594 -0.036694 -0.013866
v 0.006115 -0.037047 -0.013706
v 0.005628 -0.036260 -0.013894
v 0.006328 -0.036334 -0.013824
v 0.006693 -0.039905 -0.012060
v 0.006638 -0.039051 -0.012694
v 0.006799 -0.039319 -0.012315
v 0.006722 -0.038574 -0.012830
v 0.007057 -0.038613 -0.012348
v 0.006616 -0.037533 -0.013374
v 0.006791 -0.037813 -0.013065
v 0.007127 -0.037874 -0.012371
v 0.006664 -0.037092 -0.013445
v 0.006957 -0.037112 -0.013071
v 0.005768 -0.037156 -0.012494
v 0.006715 -0.036355 -0.013527
v 0.007055 -0.036371 -0.013098
v 0.006638 -0.036386 -0.012454
v 0.006574 -0.040396 -0.011860
v 0.006736 -0.041514 -0.010769
v 0.007107 -0.041610 -0.010106
v 0.005725 -0.041750 -0.009488
v 0.006673 -0.041681 -0.008668
v 0.006703 -0.040804 -0.011361
v 0.007019 -0.040850 -0.010839
v 0.006218 -0.040924 -0.010184
v 0.006665 -0.040922 -0.009429
v 0.006860 -0.040143 -0.011625
v 0.007109 -0.040125 -0.010874
v 0.006657 -0.040173 -0.010190
v 0.007141 -0.039370 -0.011618
v 0.006649 -0.039419 -0.010938
v 0.006641 -0.038655 -0.011681
v 0.006643 -0.037906 -0.011701
v 0.006646 -0.037144 -0.011681
v 0.005659 -0.035579 -0.013919
v 0.006378 -0.035609 -0.013871
v 0.005886 -0.034868 -0.014148
v 0.006441 -0.034872 -0.013932
v 0.006071 -0.034125 -0.014332
v 0.006438 -0.034125 -0.013938
v 0.006738 -0.035617 -0.013570
v 0.007108 -0.035624 -0.013110
v 0.006640 -0.035627 -0.012464
v 0.006742 -0.034872 -0.013585
v 0.007121 -0.034874 -0.013112
v 0.006642 -0.034874 -0.012467
v -0.036263 -0.000977 0.000264
v -0.035717 -0.000604 0.000304
v -0.035482 -0.001554 0.000102
v -0.035159 -0.001321 0.001034
v -0.035129 -0.001321 0.001388
v -0.035524 -0.001040 0.000251
v -0.035452 -0.000994 0.000947
v -0.035231 -0.001084 0.001478
v -0.034854 -0.001518 0.000107
v -0.034860 -0.001321 0.001063
v -0.034821 -0.001321 0.001474
v -0.034754 -0.001052 0.001825
v -0.034061 -0.001323 0.001790
v -0.033785 -0.001324 0.002175
v -0.034334 -0.001306 0.002077
v -0.034065 -0.001053 0.002328
v -0.033378 -0.001492 0.000098
v -0.033377 -0.001325 0.001063
v -0.033365 -0.001325 0.002234
v -0.033321 -0.001092 0.002792
v -0.032588 -0.001632 0.000039
v -0.032652 -0.001327 0.001061
v -0.032878 -0.001326 0.001842
v -0.032964 -0.001326 0.002235
v -0.032458 -0.001269 0.001318
v -0.032485 -0.001309 0.001850
v -0.032541 -0.001214 0.002781
v -0.031895 -0.001515 0.000072
v -0.031911 -0.001329 0.000760
v -0.031899 -0.001053 0.001173
v -0.032442 -0.000733 0.001622
v -0.032435 -0.000737 0.002196
v -0.031124 -0.001331 0.000651
v -0.031125 -0.001122 0.001163
v -0.030285 -0.001333 0.000704
v -0.030286 -0.001033 0.001152
v -0.029805 -0.000759 0.001146
v -0.029260 -0.019881 0.005607
v -0.029258 -0.019127 0.005601
v -0.029256 -0.018373 0.005602
v -0.029244 -0.021390 0.007119
v -0.029234 -0.021396 0.007872
v -0.029225 -0.021394 0.008625
v -0.029252 -0.020642 0.006356
v -0.029212 -0.020680 0.007060
v -0.029180 -0.020923 0.007863
v -0.029188 -0.020893 0.008641
v -0.029213 -0.020655 0.009394
v -0.029210 -0.019942 0.006316
v -0.029085 -0.020274 0.006728
v -0.029100 -0.020157 0.009688
v -0.029201 -0.019874 0.010140
v -0.029173 -0.019138 0.006064
v -0.029197 -0.019131 0.010330
v -0.029180 -0.018357 0.006088
v -0.029195 -0.018367 0.010302
v -0.028961 -0.020505 0.007250
v -0.028776 -0.020525 0.007916
v -0.028808 -0.020514 0.008592
v -0.029011 -0.020474 0.009192
v -0.028955 -0.019757 0.006492
v -0.028744 -0.020034 0.006969
v -0.028445 -0.020425 0.007633
v -0.028518 -0.020312 0.008875
v -0.028804 -0.019951 0.009475
v -0.029035 -0.019641 0.009943
v -0.028773 -0.019132 0.006459
v -0.028437 -0.019454 0.006572
v -0.028642 -0.019152 0.009741
v -0.028974 -0.019145 0.010024
v -0.028798 -0.018377 0.006468
v -0.028498 -0.018067 0.006643
v -0.028670 -0.018334 0.009694
v -0.028986 -0.018343 0.010001
v -0.028336 -0.020492 0.008231
v -0.028332 -0.020483 0.008315
v -0.027845 -0.020047 0.006963
v -0.027886 -0.020484 0.007866
v -0.027779 -0.020336 0.008817
v -0.028138 -0.019874 0.009407
v -0.028280 -0.018860 0.006446
v -0.027833 -0.019212 0.006484
v -0.027261 -0.019852 0.009409
v -0.027802 -0.019260 0.009709
v -0.028281 -0.018637 0.006458
v -0.027688 -0.018125 0.006599
v -0.027233 -0.017614 0.007169
v -0.027438 -0.017705 0.009312
v -0.027857 -0.018201 0.009637
v -0.027240 -0.019891 0.007114
v -0.027231 -0.019927 0.007835
v -0.027222 -0.019921 0.008509
v -0.027239 -0.019173 0.007086
v -0.027217 -0.019198 0.008738
v -0.027207 -0.018927 0.009499
v -0.027237 -0.018463 0.007103
v -0.027227 -0.018236 0.007769
v -0.027215 -0.018265 0.008742
v -0.027206 -0.018522 0.009506
v -0.029164 -0.023625 0.013761
v -0.029158 -0.021375 0.013750
v -0.029051 -0.023626 0.014076
v -0.029051 -0.021376 0.014068
v -0.026949 -0.023625 0.016383
v -0.026946 -0.022125 0.016381
v -0.026944 -0.020625 0.016379
v -0.027529 -0.019125 0.015548
v -0.027025 -0.019126 0.015826
v -0.026942 -0.019125 0.016378
v -0.026598 -0.023625 0.016498
v -0.026598 -0.022875 0.016498
v -0.026598 -0.022125 0.016497
v -0.026598 -0.021375 0.016497
v -0.026598 -0.020625 0.016497
v -0.026598 -0.019875 0.016497
v -0.026598 -0.019125 0.016497
v -0.026598 -0.018375 0.016497
v -0.025869 -0.023625 0.016488
v -0.025869 -0.022875 0.016488
v -0.025869 -0.022125 0.016488
v -0.025869 -0.021375 0.016488
v -0.025869 -0.020625 0.016488
v -0.025869 -0.019875 0.016488
v -0.025869 -0.019125 0.016488
v -0.025869 -0.018375 0.016487
v -0.029244 -0.017599 0.006345
v -0.029096 -0.017287 0.006819
v -0.029119 -0.017391 0.009614
v -0.029196 -0.017648 0.010114
v -0.029233 -0.016859 0.007118
v -0.029223 -0.016667 0.007869
v -0.029212 -0.016695 0.008633
v -0.029204 -0.016884 0.009354
v -0.029194 -0.016864 0.010135
v -0.028994 -0.017790 0.006515
v -0.028795 -0.017505 0.007028
v -0.028594 -0.017198 0.007847
v -0.028634 -0.017272 0.008677
v -0.028842 -0.017589 0.009414
v -0.029056 -0.017889 0.009902
v -0.029022 -0.017045 0.007340
v -0.028949 -0.016967 0.007855
v -0.028970 -0.016993 0.008661
v -0.029053 -0.017094 0.009119
v -0.028059 -0.017535 0.007075
v -0.027733 -0.017223 0.007706
v -0.027839 -0.017341 0.008824
v -0.028209 -0.017692 0.009312
v -0.027222 -0.017537 0.008034
v -0.027216 -0.017520 0.008488
v -0.029149 -0.017625 0.013731
v -0.029141 -0.014625 0.013716
v -0.029052 -0.017626 0.014055
v -0.029052 -0.014626 0.014044
v -0.026940 -0.017625 0.016376
v -0.027020 -0.016876 0.015826
v -0.026939 -0.016875 0.016375
v -0.026937 -0.015375 0.016372
v -0.026936 -0.014625 0.016371
v -0.026934 -0.013125 0.016369
v -0.026598 -0.017625 0.016497
v -0.026598 -0.016875 0.016497
v -0.026598 -0.016125 0.016496
v -0.026598 -0.015375 0.016496
v -0.026598 -0.014625 0.016496
v -0.026598 -0.013875 0.016496
v -0.026598 -0.013125 0.016496
v -0.026598 -0.012375 0.016496
v -0.025869 -0.017625 0.016487
v -0.025868 -0.016875 0.016487
v -0.025868 -0.016125 0.016487
v -0.025868 -0.015375 0.016487
v -0.025868 -0.014625 0.016487
v -0.025868 -0.013875 0.016487
v -0.025868 -0.013125 0.016487
v -0.025868 -0.012375 0.016486
v -0.029304 -0.010899 0.000397
v -0.029213 -0.010256 0.000495
v -0.029160 -0.009731 0.000808
v -0.029275 -0.009422 0.001168
v -0.029217 -0.008667 0.001459
v -0.029279 -0.008641 0.001902
v -0.029146 -0.008263 0.001603
v -0.029255 -0.007947 0.001935
v -0.029193 -0.007170 0.002242
v -0.029266 -0.007140 0.002652
v -0.029127 -0.006800 0.002377
v -0.029233 -0.006470 0.002698
v -0.029254 -0.006388 0.003393
v -0.028797 -0.010200 0.000414
v -0.028799 -0.009654 0.000783
v -0.028800 -0.009260 0.001009
v -0.028808 -0.008693 0.001311
v -0.028801 -0.008187 0.001581
v -0.028800 -0.007808 0.001783
v -0.028807 -0.007196 0.002110
v -0.028803 -0.006732 0.002357
v -0.028799 -0.006356 0.002557
v -0.028081 -0.010172 0.000434
v -0.027708 -0.009639 0.000780
v -0.028296 -0.009217 0.001026
v -0.027297 -0.008575 0.000503
v -0.027977 -0.008784 0.001253
v -0.027299 -0.007965 0.000195
v -0.027625 -0.008189 0.001567
v -0.027798 -0.006935 -0.000019
v -0.027284 -0.007122 0.001181
v -0.027866 -0.007289 0.002049
v -0.028192 -0.006241 0.000355
v -0.027291 -0.006191 0.000434
v -0.027804 -0.006576 0.002429
v -0.027294 -0.007876 0.000538
v -0.027289 -0.007921 0.000982
v -0.027294 -0.007216 0.000466
v -0.027288 -0.007269 0.000911
v -0.027276 -0.007006 0.001787
v -0.027275 -0.006434 0.001768
v -0.029134 -0.011625 0.013700
v -0.029124 -0.007875 0.013681
v -0.029053 -0.011626 0.014033
v -0.029054 -0.007875 0.014019
v -0.029053 -0.007125 0.014016
v -0.028658 -0.007126 0.014426
v -0.026932 -0.011625 0.016367
v -0.026930 -0.010125 0.016365
v -0.026998 -0.008626 0.015827
v -0.026928 -0.008625 0.016363
v -0.026925 -0.007125 0.016361
v -0.026598 -0.011625 0.016496
v -0.026598 -0.010875 0.016496
v -0.026598 -0.010125 0.016495
v -0.026598 -0.009375 0.016495
v -0.026598 -0.008625 0.016495
v -0.026598 -0.007875 0.016495
v -0.026598 -0.007125 0.016495
v -0.026598 -0.006375 0.016495
v -0.025868 -0.011625 0.016486
v -0.025868 -0.010875 0.016486
v -0.025867 -0.010125 0.016486
v -0.025867 -0.009375 0.016486
v -0.025867 -0.008625 0.016486
v -0.025867 -0.007875 0.016486
v -0.025867 -0.007125 0.016485
v -0.025867 -0.006375 0.016485
v -0.029290 -0.005665 0.000392
v -0.029233 -0.005439 0.000780
v -0.029185 -0.005794 0.002983
v -0.029253 -0.005574 0.003341
v -0.029275 -0.004782 0.001063
v -0.029117 -0.004422 0.001336
v -0.029227 -0.004911 0.003555
v -0.029241 -0.004886 0.004144
v -0.029277 -0.004111 0.001095
v -0.029213 -0.004084 0.001506
v -0.029171 -0.004342 0.003757
v -0.029239 -0.004101 0.004119
v -0.029266 -0.003293 0.001814
v -0.029128 -0.002954 0.002098
v -0.029222 -0.003402 0.004335
v -0.029286 -0.002365 0.000119
v -0.029264 -0.002598 0.001834
v -0.029221 -0.002595 0.002233
v -0.029179 -0.002655 0.004508
v -0.029225 -0.002635 0.004900
v -0.029283 -0.001562 0.000163
v -0.029273 -0.001532 0.000904
v -0.029263 -0.001805 0.001763
v -0.029256 -0.001854 0.002318
v -0.029131 -0.002085 0.004604
v -0.029221 -0.001844 0.004861
v -0.029651 -0.001165 0.001144
v -0.029265 -0.001006 0.001472
v -0.029253 -0.001113 0.002367
v -0.029220 -0.001136 0.005007
v -0.028794 -0.005879 0.000555
v -0.028796 -0.005496 0.000759
v -0.028870 -0.005623 0.002949
v -0.029115 -0.005341 0.003156
v -0.028803 -0.004800 0.001131
v -0.028808 -0.004428 0.001329
v -0.028864 -0.004983 0.003290
v -0.028806 -0.004038 0.001537
v -0.028814 -0.004153 0.003732
v -0.029066 -0.003859 0.003914
v -0.028803 -0.003342 0.001908
v -0.028808 -0.002973 0.002085
v -0.028580 -0.003768 0.003921
v -0.028810 -0.003471 0.004057
v -0.028816 -0.002574 0.002262
v -0.028801 -0.002673 0.004359
v -0.028802 -0.001840 0.002491
v -0.028847 -0.001867 0.004568
v -0.029079 -0.001589 0.004671
v -0.028793 -0.001108 0.002626
v -0.028599 -0.001155 0.004681
v -0.028978 -0.001146 0.004689
v -0.028409 -0.005883 0.000549
v -0.027872 -0.005465 0.000765
v -0.027271 -0.005633 0.001889
v -0.027854 -0.005817 0.002834
v -0.027720 -0.004614 0.001217
v -0.027781 -0.005089 0.003221
v -0.027823 -0.003914 0.001591
v -0.027258 -0.004138 0.002626
v -0.027832 -0.004337 0.003622
v -0.028236 -0.003394 0.001874
v -0.027784 -0.003167 0.001983
v -0.027793 -0.003571 0.004003
v -0.028230 -0.003298 0.004124
v -0.027757 -0.002432 0.002297
v -0.027243 -0.002608 0.003447
v -0.027861 -0.002762 0.004319
v -0.028068 -0.001787 0.002494
v -0.027251 -0.001822 0.002721
v -0.027919 -0.001968 0.004538
v -0.028245 -0.001095 0.002621
v -0.027506 -0.001103 0.002610
v -0.027884 -0.001172 0.004669
v -0.027280 -0.005720 0.001209
v -0.027275 -0.005775 0.001659
v -0.027268 -0.005468 0.002110
v -0.027262 -0.005528 0.002563
v -0.027268 -0.004851 0.001960
v -0.027261 -0.004916 0.002543
v -0.027267 -0.004228 0.001942
v -0.027261 -0.004278 0.002411
v -0.027255 -0.003991 0.002840
v -0.027249 -0.004047 0.003328
v -0.027255 -0.003356 0.002691
v -0.027247 -0.003413 0.003319
v -0.027253 -0.002681 0.002677
v -0.027247 -0.002722 0.003175
v -0.027235 -0.002538 0.004084
v -0.027233 -0.001953 0.004084
v -0.027240 -0.001135 0.003437
v -0.027231 -0.001151 0.004100
v -0.029115 -0.004125 0.013662
v -0.029051 -0.004125 0.014003
v -0.026923 -0.005625 0.016359
v -0.026921 -0.004125 0.016357
v -0.026919 -0.002625 0.016355
v -0.026917 -0.001125 0.016353
v -0.026598 -0.005625 0.016495
v -0.026598 -0.004875 0.016495
v -0.026598 -0.004125 0.016494
v -0.026598 -0.003375 0.016494
v -0.026598 -0.002625 0.016494
v -0.026598 -0.001875 0.016494
v -0.026598 -0.001125 0.016494
v -0.025867 -0.005625 0.016485
v -0.025867 -0.004875 0.016485
v -0.025867 -0.004125 0.016485
v -0.025866 -0.003375 0.016485
v -0.025866 -0.002625 0.016485
v -0.025866 -0.001875 0.016485
v -0.025866 -0.001125 0.016484
v -0.039754 -0.002985 -0.005991
v -0.039679 -0.002189 -0.006614
v -0.039945 -0.002573 -0.006352
v -0.039835 -0.001846 -0.006796
v -0.039974 -0.001832 -0.006325
v -0.040071 -0.001133 -0.007027
v -0.039897 -0.001133 -0.006547
v -0.039307 -0.001646 -0.006226
v -0.039299 -0.001166 -0.006405
v -0.038883 -0.001611 -0.006247
v -0.038749 -0.001183 -0.006408
v -0.039654 -0.003592 -0.005173
v -0.039787 -0.003754 -0.004839
v -0.040020 -0.003974 -0.004128
v -0.040039 -0.004009 -0.003375
v -0.040019 -0.003979 -0.002621
v -0.039776 -0.003754 -0.001912
v -0.039644 -0.003591 -0.001580
v -0.039925 -0.003346 -0.005561
v -0.039973 -0.003312 -0.004817
v -0.039898 -0.003514 -0.004132
v -0.039865 -0.003590 -0.003376
v -0.039889 -0.003520 -0.002619
v -0.039952 -0.003317 -0.001926
v -0.039903 -0.003348 -0.001188
v -0.039730 -0.002985 -0.000760
v -0.039881 -0.002656 -0.005659
v -0.039722 -0.002982 -0.005121
v -0.039702 -0.002987 -0.001622
v -0.039839 -0.002663 -0.001085
v -0.039915 -0.002575 -0.000396
v -0.039725 -0.002152 -0.005983
v -0.039693 -0.002166 -0.000760
v -0.039916 -0.001845 -0.000414
v -0.039848 -0.001134 -0.000186
v -0.039480 -0.003198 -0.004621
v -0.039260 -0.003339 -0.004247
v -0.039302 -0.003454 -0.003376
v -0.039264 -0.003328 -0.002511
v -0.039484 -0.003192 -0.002126
v -0.039313 -0.002573 -0.005573
v -0.039267 -0.003030 -0.004952
v -0.039009 -0.003219 -0.004574
v -0.039009 -0.003216 -0.002182
v -0.039263 -0.003028 -0.001791
v -0.039311 -0.002560 -0.001190
v -0.039305 -0.002082 -0.005977
v -0.039301 -0.002079 -0.000783
v -0.039303 -0.001644 -0.000535
v -0.039295 -0.001165 -0.000357
v -0.038779 -0.003386 -0.004031
v -0.038700 -0.003456 -0.003376
v -0.038775 -0.003389 -0.002725
v -0.038557 -0.002580 -0.005578
v -0.038520 -0.002994 -0.005027
v -0.038407 -0.003336 -0.004276
v -0.038018 -0.003457 -0.003386
v -0.038429 -0.003320 -0.002486
v -0.038529 -0.002978 -0.001725
v -0.038559 -0.002557 -0.001195
v -0.038556 -0.001964 -0.006063
v -0.038586 -0.001954 -0.000706
v -0.038913 -0.001600 -0.000516
v -0.038114 -0.001176 -0.006419
v -0.038219 -0.001181 -0.000375
v -0.038773 -0.001185 -0.000369
v -0.037974 -0.002584 -0.005584
v -0.037477 -0.002960 -0.005105
v -0.036833 -0.003369 -0.004161
v -0.036631 -0.003458 -0.003465
v -0.036929 -0.003393 -0.002748
v -0.037552 -0.002925 -0.001659
v -0.038032 -0.002554 -0.001197
v -0.037465 -0.002112 -0.005985
v -0.037827 -0.001875 -0.004875
v -0.037437 -0.001956 -0.004129
v -0.037811 -0.001891 -0.003380
v -0.037402 -0.001946 -0.002643
v -0.034598 -0.002512 -0.001189
v -0.037538 -0.002097 -0.000815
v -0.036630 -0.001095 -0.006458
v -0.037665 -0.001121 -0.004917
v -0.037319 -0.001176 -0.004192
v -0.037310 -0.001417 -0.003394
v -0.037298 -0.001170 -0.002574
v -0.037411 -0.001108 -0.001794
v -0.036906 -0.001000 -0.000342
v -0.035637 -0.003415 -0.002872
v -0.036474 -0.003017 -0.001800
v -0.036287 -0.002019 -0.002735
v -0.037491 -0.002232 -0.002238
v -0.037493 -0.001509 -0.001512
v -0.036466 -0.001944 -0.000725
v -0.036597 -0.001120 -0.004163
v -0.036155 -0.001417 -0.003408
v -0.036743 -0.001104 -0.002649
v -0.036354 -0.001029 -0.001724
v -0.035654 -0.000872 -0.000337
v -0.030599 -0.008210 -0.004475
v -0.030657 -0.008321 -0.004091
v -0.030679 -0.008381 -0.003384
v -0.030637 -0.008298 -0.002839
v -0.030665 -0.007833 -0.004614
v -0.030807 -0.007845 -0.004100
v -0.030099 -0.007707 -0.003415
v -0.030718 -0.007874 -0.002627
v -0.030618 -0.007656 -0.002263
v -0.030696 -0.007125 -0.004718
v -0.030051 -0.007129 -0.003970
v -0.030044 -0.007129 -0.003423
v -0.030037 -0.007128 -0.002834
v -0.030644 -0.007126 -0.002219
v -0.030659 -0.006416 -0.004611
v -0.030798 -0.006406 -0.004100
v -0.030147 -0.006536 -0.003412
v -0.030713 -0.006384 -0.002634
v -0.030616 -0.006609 -0.002266
v -0.029876 -0.008872 -0.004475
v -0.030105 -0.009030 -0.004107
v -0.030221 -0.009122 -0.003375
v -0.029989 -0.008947 -0.002668
v -0.029737 -0.008793 -0.002387
v -0.029927 -0.008235 -0.005171
v -0.030310 -0.008554 -0.004798
v -0.030466 -0.008705 -0.004100
v -0.030501 -0.008747 -0.003383
v -0.030450 -0.008565 -0.002616
v -0.030112 -0.008573 -0.002114
v -0.030159 -0.007845 -0.005363
v -0.030504 -0.007835 -0.004980
v -0.030562 -0.008100 -0.002400
v -0.030360 -0.007932 -0.001888
v -0.029944 -0.007686 -0.001589
v -0.030280 -0.007124 -0.005481
v -0.030543 -0.007122 -0.005049
v -0.030440 -0.007125 -0.001839
v -0.030054 -0.007125 -0.001501
v -0.030154 -0.006412 -0.005360
v -0.030509 -0.006419 -0.004962
v -0.030558 -0.006158 -0.002411
v -0.030357 -0.006329 -0.001892
v -0.029939 -0.006576 -0.001591
v -0.029620 -0.003345 -0.005731
v -0.029672 -0.002738 -0.006383
v -0.030091 -0.003058 -0.006070
v -0.030200 -0.002455 -0.006583
v -0.029707 -0.001336 -0.007118
v -0.030230 -0.001700 -0.006983
v -0.029907 -0.001028 -0.007181
v -0.030493 -0.001067 -0.007164
v -0.032576 -0.002431 -0.000372
v -0.032292 -0.002093 -0.000173
v -0.030590 -0.006042 -0.004471
v -0.030643 -0.005928 -0.004089
v -0.030662 -0.005864 -0.003384
v -0.030626 -0.005948 -0.002852
v -0.030283 -0.004034 -0.003529
v -0.030251 -0.004034 -0.003430
v -0.030286 -0.004034 -0.003393
v -0.031098 -0.003841 -0.004784
v -0.031024 -0.004033 -0.004018
v -0.031033 -0.004011 -0.002792
v -0.029904 -0.006020 -0.005162
v -0.030303 -0.005696 -0.004773
v -0.030449 -0.005534 -0.004079
v -0.030467 -0.005480 -0.003387
v -0.030440 -0.005681 -0.002647
v -0.030094 -0.005680 -0.002134
v -0.029344 -0.004852 -0.003923
v -0.029337 -0.004604 -0.003423
v -0.029338 -0.004762 -0.003468
v -0.029340 -0.004855 -0.003598
v -0.029681 -0.005410 -0.002511
v -0.030172 -0.003537 -0.005436
v -0.030131 -0.003920 -0.004587
v -0.030246 -0.004035 -0.004068
v -0.030244 -0.003999 -0.002743
v -0.030326 -0.003748 -0.001959
v -0.030307 -0.003560 -0.001605
v -0.030437 -0.003391 -0.005657
v -0.030328 -0.003310 -0.001231
v -0.030330 -0.002941 -0.000814
v -0.030359 -0.002429 -0.000396
v -0.030662 -0.002078 -0.000184
v -0.029301 -0.022125 -0.012942
v -0.029497 -0.022125 -0.012338
v -0.027843 -0.019126 -0.014397
v -0.027319 -0.023625 -0.015233
v -0.027318 -0.022875 -0.015233
v -0.027317 -0.022125 -0.015232
v -0.027315 -0.021375 -0.015232
v -0.027314 -0.020625 -0.015231
v -0.027313 -0.019875 -0.015231
v -0.027421 -0.019876 -0.014657
v -0.027311 -0.019125 -0.015231
v -0.027420 -0.019126 -0.014655
v -0.027310 -0.018375 -0.015230
v -0.026582 -0.023625 -0.015324
v -0.026582 -0.022875 -0.015324
v -0.026582 -0.022125 -0.015324
v -0.026582 -0.021375 -0.015324
v -0.026581 -0.020625 -0.015324
v -0.026581 -0.019875 -0.015324
v -0.026581 -0.019125 -0.015324
v -0.026581 -0.018375 -0.015324
v -0.029438 -0.021399 -0.007888
v -0.029428 -0.021406 -0.007131
v -0.029419 -0.021404 -0.006371
v -0.029446 -0.020650 -0.008651
v -0.029332 -0.020634 -0.007876
v -0.029277 -0.020828 -0.007141
v -0.029227 -0.020713 -0.006274
v -0.029454 -0.019886 -0.009402
v -0.029332 -0.019880 -0.008639
v -0.029146 -0.020182 -0.008177
v -0.029085 -0.020391 -0.005907
v -0.029452 -0.019130 -0.009409
v -0.029275 -0.019141 -0.008844
v -0.029450 -0.018370 -0.009408
v -0.029275 -0.018351 -0.008811
v -0.029039 -0.020433 -0.007648
v -0.028813 -0.020482 -0.007097
v -0.028801 -0.020463 -0.006523
v -0.029033 -0.019657 -0.008437
v -0.028769 -0.020037 -0.008031
v -0.028524 -0.020422 -0.007387
v -0.028780 -0.020294 -0.006091
v -0.028798 -0.019141 -0.008516
v -0.028514 -0.019463 -0.008427
v -0.028856 -0.018367 -0.008474
v -0.028618 -0.018064 -0.008354
v -0.028346 -0.020498 -0.006790
v -0.028349 -0.020486 -0.006681
v -0.027948 -0.020053 -0.008035
v -0.027580 -0.020459 -0.007263
v -0.027671 -0.020337 -0.006184
v -0.028307 -0.018862 -0.008556
v -0.027524 -0.019347 -0.008481
v -0.027429 -0.019589 -0.007564
v -0.027407 -0.019219 -0.005903
v -0.028315 -0.018637 -0.008543
v -0.027574 -0.018142 -0.008407
v -0.027420 -0.017907 -0.007195
v -0.027407 -0.018117 -0.006119
v -0.027421 -0.019694 -0.006893
v -0.027417 -0.019699 -0.006617
v -0.027429 -0.018913 -0.007686
v -0.027423 -0.019183 -0.007171
v -0.027414 -0.019161 -0.006497
v -0.027428 -0.018609 -0.007688
v -0.027421 -0.018463 -0.007157
v -0.029407 -0.020653 -0.005604
v -0.029125 -0.020053 -0.005442
v -0.029395 -0.019894 -0.004846
v -0.029090 -0.019423 -0.005124
v -0.029266 -0.019127 -0.004871
v -0.029384 -0.019129 -0.004104
v -0.029101 -0.018106 -0.005163
v -0.029284 -0.018393 -0.004878
v -0.029382 -0.018370 -0.004105
v -0.028776 -0.019897 -0.005601
v -0.028838 -0.019140 -0.005256
v -0.029054 -0.018862 -0.005063
v -0.028826 -0.018364 -0.005298
v -0.029057 -0.018661 -0.005071
v -0.028117 -0.019870 -0.005590
v -0.027806 -0.019232 -0.005285
v -0.027896 -0.018201 -0.005366
v -0.029294 -0.016125 -0.012936
v -0.029482 -0.016125 -0.012339
v -0.029290 -0.013135 -0.012932
v -0.029475 -0.013138 -0.012341
v -0.029311 -0.012403 -0.012908
v -0.029473 -0.012401 -0.012361
v -0.028614 -0.012417 -0.013624
v -0.028986 -0.012417 -0.013242
v -0.027839 -0.013134 -0.014394
v -0.027812 -0.012422 -0.014405
v -0.028252 -0.012418 -0.013996
v -0.027309 -0.017625 -0.015230
v -0.027307 -0.016875 -0.015229
v -0.027306 -0.016125 -0.015229
v -0.027412 -0.016126 -0.014648
v -0.027305 -0.015375 -0.015228
v -0.027303 -0.014625 -0.015228
v -0.027302 -0.013875 -0.015227
v -0.027301 -0.013125 -0.015227
v -0.027404 -0.013132 -0.014648
v -0.027295 -0.012377 -0.015231
v -0.027403 -0.012419 -0.014668
v -0.026581 -0.017625 -0.015325
v -0.026581 -0.016875 -0.015325
v -0.026581 -0.016125 -0.015325
v -0.026581 -0.015375 -0.015325
v -0.026581 -0.014625 -0.015325
v -0.026581 -0.013875 -0.015325
v -0.026581 -0.013125 -0.015325
v -0.026580 -0.012375 -0.015325
v -0.029448 -0.017615 -0.009399
v -0.029365 -0.017660 -0.008600
v -0.029140 -0.017312 -0.007966
v -0.029088 -0.017110 -0.007482
v -0.029105 -0.017161 -0.006077
v -0.029436 -0.016853 -0.008647
v -0.029426 -0.016846 -0.007893
v -0.029262 -0.016853 -0.007163
v -0.029283 -0.016864 -0.006376
v -0.029415 -0.016099 -0.007131
v -0.029405 -0.016102 -0.006372
v -0.029463 -0.012411 -0.011625
v -0.029434 -0.012411 -0.009376
v -0.029405 -0.012410 -0.007126
v -0.029082 -0.017875 -0.008415
v -0.028825 -0.017622 -0.008022
v -0.028812 -0.017206 -0.007178
v -0.028796 -0.017267 -0.006337
v -0.029041 -0.017056 -0.006919
v -0.029041 -0.017063 -0.006635
v -0.028060 -0.017532 -0.007920
v -0.027737 -0.017210 -0.007227
v -0.027876 -0.017344 -0.006173
v -0.029172 -0.017490 -0.005490
v -0.029389 -0.017605 -0.004848
v -0.029380 -0.017619 -0.004117
v -0.029397 -0.016846 -0.005606
v -0.029395 -0.016114 -0.005621
v -0.029376 -0.012409 -0.004876
v -0.029367 -0.012409 -0.004126
v -0.029357 -0.012408 -0.003374
v -0.029347 -0.012409 -0.002621
v -0.029337 -0.012406 -0.001869
v -0.029328 -0.012396 -0.001120
v -0.028779 -0.017690 -0.005688
v -0.028227 -0.017695 -0.005687
v -0.029204 -0.012074 -0.012786
v -0.029249 -0.012049 -0.012359
v -0.028510 -0.012084 -0.013521
v -0.028793 -0.012044 -0.013050
v -0.028841 -0.012040 -0.012359
v -0.027607 -0.012070 -0.014278
v -0.027986 -0.012042 -0.013789
v -0.028057 -0.012042 -0.013112
v -0.028052 -0.012042 -0.012346
v -0.027285 -0.011628 -0.015240
v -0.026910 -0.011882 -0.014389
v -0.027017 -0.011871 -0.013917
v -0.027056 -0.011920 -0.013133
v -0.027051 -0.011923 -0.012277
v -0.027278 -0.010876 -0.015245
v -0.027398 -0.010887 -0.014617
v -0.026890 -0.010948 -0.013965
v -0.026879 -0.010935 -0.013138
v -0.026868 -0.010948 -0.012302
v -0.027276 -0.010125 -0.015245
v -0.026866 -0.010130 -0.012297
v -0.027275 -0.009375 -0.015245
v -0.027273 -0.008625 -0.015244
v -0.027272 -0.007875 -0.015244
v -0.027270 -0.007125 -0.015243
v -0.027269 -0.006375 -0.015243
v -0.026580 -0.011625 -0.015326
v -0.026580 -0.010875 -0.015326
v -0.026579 -0.010125 -0.015326
v -0.026579 -0.009375 -0.015326
v -0.026579 -0.008625 -0.015326
v -0.026579 -0.007875 -0.015326
v -0.026579 -0.007125 -0.015326
v -0.026579 -0.006375 -0.015326
v -0.029252 -0.012053 -0.011624
v -0.029243 -0.012057 -0.010126
v -0.029239 -0.012059 -0.009376
v -0.029234 -0.012061 -0.008626
v -0.029229 -0.012063 -0.007876
v -0.029224 -0.012065 -0.007126
v -0.029220 -0.012067 -0.006376
v -0.029200 -0.008946 -0.005903
v -0.029333 -0.008596 -0.006110
v -0.029222 -0.007557 -0.006687
v -0.029384 -0.007838 -0.006321
v -0.029351 -0.007106 -0.006900
v -0.029381 -0.007095 -0.006244
v -0.029228 -0.006093 -0.007468
v -0.029390 -0.006382 -0.007128
v -0.028825 -0.012040 -0.011613
v -0.028810 -0.012039 -0.010870
v -0.028807 -0.012039 -0.010126
v -0.028808 -0.012039 -0.009375
v -0.028808 -0.012039 -0.008625
v -0.028808 -0.012039 -0.007875
v -0.028809 -0.012039 -0.007125
v -0.028809 -0.012038 -0.006376
v -0.028808 -0.008954 -0.005902
v -0.028809 -0.008540 -0.006169
v -0.028797 -0.007594 -0.006673
v -0.028799 -0.007972 -0.006472
v -0.028801 -0.007042 -0.006968
v -0.028794 -0.006139 -0.007450
v -0.028797 -0.006522 -0.007246
v -0.027965 -0.012042 -0.011556
v -0.027663 -0.012042 -0.010872
v -0.027809 -0.012042 -0.010122
v -0.027805 -0.012042 -0.009379
v -0.027810 -0.012041 -0.008629
v -0.027815 -0.012041 -0.007879
v -0.027820 -0.012041 -0.007129
v -0.027794 -0.012041 -0.006361
v -0.027449 -0.011318 -0.010711
v -0.027441 -0.011276 -0.010119
v -0.027431 -0.011304 -0.009380
v -0.027422 -0.011332 -0.008630
v -0.027412 -0.011360 -0.007880
v -0.027402 -0.011387 -0.007130
v -0.027392 -0.011403 -0.006358
v -0.027382 -0.009634 -0.005907
v -0.027389 -0.008938 -0.006615
v -0.027569 -0.008969 -0.005908
v -0.027388 -0.008398 -0.006585
v -0.028077 -0.008447 -0.006229
v -0.027395 -0.007482 -0.007362
v -0.027700 -0.007627 -0.006671
v -0.028323 -0.008002 -0.006462
v -0.027393 -0.006901 -0.007327
v -0.028115 -0.006969 -0.007017
v -0.027401 -0.006002 -0.008115
v -0.027741 -0.006169 -0.007449
v -0.028346 -0.006544 -0.007240
v -0.027124 -0.011781 -0.011438
v -0.027455 -0.011450 -0.011147
v -0.026933 -0.010982 -0.011440
v -0.027450 -0.010948 -0.010900
v -0.026894 -0.010138 -0.011441
v -0.027447 -0.010132 -0.010847
v -0.027389 -0.010093 -0.006339
v -0.027390 -0.009507 -0.006552
v -0.027396 -0.008061 -0.007322
v -0.027402 -0.006592 -0.008072
v -0.029215 -0.012069 -0.005626
v -0.029210 -0.012071 -0.004876
v -0.029206 -0.012073 -0.004126
v -0.029200 -0.012073 -0.003370
v -0.029218 -0.012034 -0.002609
v -0.029268 -0.011921 -0.001852
v -0.029291 -0.011670 -0.001074
v -0.029316 -0.011653 -0.000358
v -0.029152 -0.011328 -0.000749
v -0.029207 -0.011005 -0.000238
v -0.029181 -0.009624 -0.005180
v -0.029303 -0.009806 -0.004845
v -0.029360 -0.009934 -0.004114
v -0.029350 -0.009956 -0.003378
v -0.029341 -0.009889 -0.002645
v -0.029278 -0.009766 -0.002110
v -0.029121 -0.010606 0.000109
v -0.029351 -0.009296 -0.005539
v -0.029365 -0.009081 -0.004696
v -0.029357 -0.009109 -0.004060
v -0.029353 -0.009124 -0.003391
v -0.029340 -0.009086 -0.002722
v -0.029332 -0.009129 -0.002071
v -0.029307 -0.009152 -0.001366
v -0.029372 -0.008426 -0.005353
v -0.029544 -0.008606 -0.004854
v -0.029480 -0.008395 -0.001966
v -0.029319 -0.008525 -0.001264
v -0.029251 -0.008351 -0.000768
v -0.029372 -0.007734 -0.005443
v -0.029685 -0.008079 -0.001753
v -0.029321 -0.007802 -0.001523
v -0.029309 -0.007841 -0.000605
v -0.029371 -0.007101 -0.005510
v -0.029317 -0.007103 -0.001334
v -0.029304 -0.007141 -0.000402
v -0.029370 -0.006457 -0.005539
v -0.029647 -0.006179 -0.001760
v -0.029316 -0.006400 -0.001440
v -0.028809 -0.012038 -0.005626
v -0.028809 -0.012038 -0.004875
v -0.028808 -0.012038 -0.004124
v -0.028805 -0.012036 -0.003368
v -0.028800 -0.011977 -0.002598
v -0.028793 -0.011795 -0.001819
v -0.028783 -0.011549 -0.001210
v -0.028786 -0.011329 -0.000810
v -0.028791 -0.010943 -0.000283
v -0.028809 -0.009623 -0.005188
v -0.028804 -0.009844 -0.004803
v -0.028776 -0.010078 -0.004080
v -0.028764 -0.010128 -0.003387
v -0.028789 -0.010015 -0.002685
v -0.028803 -0.009753 -0.002062
v -0.028798 -0.010585 0.000093
v -0.028819 -0.009327 -0.005562
v -0.028800 -0.009527 -0.001712
v -0.028813 -0.009190 -0.001338
v -0.028805 -0.008754 -0.000999
v -0.028804 -0.008390 -0.000783
v -0.028803 -0.007792 -0.000465
v -0.028798 -0.007335 -0.000221
v -0.027719 -0.012041 -0.005592
v -0.027622 -0.012041 -0.004852
v -0.027485 -0.012041 -0.004194
v -0.027451 -0.012031 -0.003248
v -0.027653 -0.011969 -0.002544
v -0.028004 -0.011777 -0.001761
v -0.028277 -0.011578 -0.001269
v -0.027380 -0.011002 -0.005473
v -0.027370 -0.010824 -0.004784
v -0.027361 -0.010696 -0.004117
v -0.027351 -0.010631 -0.003295
v -0.027343 -0.010770 -0.002666
v -0.027334 -0.010999 -0.001938
v -0.027622 -0.011340 -0.000838
v -0.028039 -0.010960 -0.000309
v -0.027495 -0.009650 -0.005166
v -0.027917 -0.009891 -0.004704
v -0.028202 -0.010090 -0.004045
v -0.028265 -0.010129 -0.003394
v -0.028084 -0.010029 -0.002744
v -0.027757 -0.009772 -0.002102
v -0.027321 -0.010096 -0.001109
v -0.027386 -0.010580 0.000085
v -0.028168 -0.009325 -0.005575
v -0.028343 -0.009522 -0.001710
v -0.027913 -0.009181 -0.001339
v -0.027311 -0.009403 -0.000424
v -0.028317 -0.008761 -0.001009
v -0.027713 -0.008357 -0.000779
v -0.028105 -0.007733 -0.000441
v -0.028362 -0.007344 -0.000231
v -0.027361 -0.011424 -0.003968
v -0.027356 -0.011418 -0.003520
v -0.027331 -0.010657 -0.001730
v -0.027324 -0.010730 -0.001228
v -0.027380 -0.010326 -0.005644
v -0.027330 -0.010282 -0.001782
v -0.027324 -0.010357 -0.001284
v -0.027318 -0.009892 -0.000891
v -0.027314 -0.009972 -0.000544
v -0.027318 -0.009512 -0.000990
v -0.027314 -0.009605 -0.000627
v -0.027307 -0.009227 -0.000163
v -0.027306 -0.008678 -0.000236
v -0.027268 -0.005625 -0.015243
v -0.027266 -0.004875 -0.015242
v -0.027265 -0.004125 -0.015242
v -0.027263 -0.003375 -0.015241
v -0.027262 -0.002625 -0.015241
v -0.027377 -0.002625 -0.014625
v -0.026847 -0.002626 -0.012296
v -0.027261 -0.001875 -0.015241
v -0.026845 -0.001876 -0.012296
v -0.027259 -0.001125 -0.015240
v -0.026843 -0.001126 -0.012296
v -0.026579 -0.005625 -0.015326
v -0.026579 -0.004875 -0.015327
v -0.026579 -0.004125 -0.015327
v -0.026579 -0.003375 -0.015327
v -0.026579 -0.002625 -0.015327
v -0.026579 -0.001875 -0.015327
v -0.026579 -0.001125 -0.015327
v -0.029368 -0.005609 -0.007689
v -0.029388 -0.005609 -0.007091
v -0.029247 -0.004632 -0.008247
v -0.029396 -0.004900 -0.007892
v -0.029383 -0.004112 -0.008474
v -0.029394 -0.004102 -0.007838
v -0.029372 -0.003917 -0.006214
v -0.029269 -0.003176 -0.009018
v -0.029402 -0.003419 -0.008657
v -0.029379 -0.003217 -0.006929
v -0.029371 -0.003275 -0.006278
v -0.029398 -0.002616 -0.009206
v -0.029378 -0.002502 -0.006932
v -0.029154 -0.001537 -0.009589
v -0.029408 -0.001858 -0.009407
v -0.029385 -0.001737 -0.007669
v -0.029405 -0.001820 -0.006950
v -0.029209 -0.001105 -0.009656
v -0.029405 -0.001118 -0.009342
v -0.029384 -0.001080 -0.007730
v -0.028800 -0.005541 -0.007769
v -0.028794 -0.004685 -0.008225
v -0.028796 -0.005068 -0.008021
v -0.028799 -0.004040 -0.008570
v -0.028796 -0.003244 -0.008993
v -0.028795 -0.003615 -0.008796
v -0.028808 -0.002566 -0.009299
v -0.028799 -0.001586 -0.009583
v -0.028802 -0.001961 -0.009499
v -0.028809 -0.001101 -0.009662
v -0.027399 -0.005392 -0.008069
v -0.028158 -0.005479 -0.007811
v -0.027407 -0.004512 -0.008859
v -0.027786 -0.004708 -0.008228
v -0.027405 -0.003882 -0.008800
v -0.028206 -0.003990 -0.008605
v -0.027413 -0.003050 -0.009610
v -0.027817 -0.003262 -0.008999
v -0.028400 -0.003624 -0.008797
v -0.027411 -0.002460 -0.009559
v -0.028178 -0.002518 -0.009324
v -0.027817 -0.001747 -0.009560
v -0.028351 -0.002031 -0.009488
v -0.027418 -0.000913 -0.010379
v -0.027619 -0.001093 -0.009679
v -0.027408 -0.005117 -0.008822
v -0.027414 -0.003639 -0.009575
v -0.026868 -0.002624 -0.011443
v -0.027428 -0.002622 -0.010834
v -0.026888 -0.001872 -0.011442
v -0.027426 -0.001869 -0.010823
v -0.027419 -0.001849 -0.010320
v -0.026918 -0.001120 -0.011442
v -0.027423 -0.001151 -0.010752
v -0.027418 -0.001408 -0.010314
v -0.029366 -0.005743 -0.005447
v -0.029404 -0.005614 -0.004791
v -0.029325 -0.005851 -0.001989
v -0.029354 -0.004886 -0.004662
v -0.029330 -0.004767 -0.002808
v -0.029321 -0.005007 -0.002113
v -0.029362 -0.003927 -0.005497
v -0.029352 -0.003984 -0.004702
v -0.029365 -0.004016 -0.002814
v -0.029318 -0.003899 -0.002067
v -0.029309 -0.003870 -0.001340
v -0.029537 -0.003291 -0.001214
v -0.029298 -0.003125 -0.000634
v -0.029525 -0.002538 -0.000484
v -0.039658 -0.002186 -0.000138
v -0.039805 -0.001847 0.000045
v -0.040008 -0.001129 0.000255
v -0.039341 -0.001094 0.000278
v -0.036373 -0.002165 -0.000164
v -0.036359 -0.001784 0.000028
v -0.032792 -0.002098 -0.000169
v -0.031118 -0.001516 0.000062
v -0.030060 -0.002071 -0.000188
v -0.030294 -0.001629 0.000011
v -0.029229 -0.006899 0.000010
v -0.029294 -0.006348 0.000199
v -0.028797 -0.006949 -0.000016
v -0.028799 -0.006290 0.000336
v -0.027302 -0.009287 0.000263
v -0.027301 -0.008729 0.000190
v -0.029274 -0.044647 0.001134
v -0.029262 -0.044442 0.004118
v -0.029233 -0.044387 0.004865
v -0.029195 -0.044325 0.005611
v -0.029341 -0.043847 0.004120
v -0.029331 -0.043846 0.004869
v -0.029321 -0.043845 0.005617
v -0.029056 -0.044852 0.001868
v -0.028982 -0.044746 0.004110
v -0.027476 -0.046262 0.000374
v -0.027473 -0.046256 0.001115
v -0.027467 -0.046244 0.001690
v -0.027982 -0.045973 0.000374
v -0.028046 -0.045892 0.001152
v -0.027876 -0.046036 0.001913
v -0.027908 -0.045905 0.003359
v -0.027878 -0.045861 0.004108
v -0.027832 -0.045817 0.004858
v -0.027769 -0.045778 0.005606
v -0.026968 -0.047098 0.000376
v -0.026961 -0.047091 0.001121
v -0.026944 -0.047075 0.001866
v -0.026923 -0.047054 0.002422
v -0.027297 -0.046782 0.000375
v -0.027287 -0.046769 0.001121
v -0.027276 -0.046617 0.001910
v -0.027232 -0.046873 0.002665
v -0.027258 -0.046781 0.003368
v -0.027228 -0.046752 0.004119
v -0.027190 -0.046700 0.004868
v -0.027157 -0.046635 0.005615
v -0.027464 -0.046233 0.002183
v -0.027439 -0.046206 0.002599
v -0.027394 -0.046158 0.003345
v -0.027340 -0.046096 0.004093
v -0.027265 -0.046016 0.004843
v -0.027172 -0.045926 0.005587
v -0.026575 -0.047023 0.002913
v -0.026572 -0.046995 0.003356
v -0.026575 -0.046934 0.004106
v -0.026583 -0.046768 0.005601
v -0.029150 -0.044255 0.006355
v -0.029102 -0.044190 0.006934
v -0.029311 -0.043844 0.006365
v -0.029265 -0.043902 0.007165
v -0.029241 -0.043727 0.007857
v -0.029159 -0.043543 0.008588
v -0.029081 -0.043420 0.008982
v -0.029290 -0.043101 0.007864
v -0.029281 -0.043097 0.008608
v -0.029205 -0.043062 0.009290
v -0.029136 -0.042783 0.009832
v -0.029269 -0.042354 0.009357
v -0.029230 -0.042348 0.010098
v -0.029145 -0.042088 0.010577
v -0.028815 -0.044436 0.007140
v -0.029059 -0.044113 0.007422
v -0.029006 -0.044032 0.007830
v -0.028875 -0.043868 0.008568
v -0.028755 -0.043059 0.010096
v -0.028862 -0.042292 0.010784
v -0.027687 -0.045722 0.006349
v -0.027598 -0.045642 0.007082
v -0.027536 -0.045577 0.007485
v -0.028021 -0.045262 0.007090
v -0.027935 -0.045191 0.007726
v -0.027782 -0.045055 0.008570
v -0.027656 -0.044938 0.009103
v -0.027969 -0.044496 0.009315
v -0.027756 -0.044314 0.010042
v -0.027619 -0.044169 0.010455
v -0.027811 -0.043737 0.010735
v -0.027673 -0.043476 0.011249
v -0.027919 -0.042944 0.011443
v -0.027114 -0.046556 0.006360
v -0.027063 -0.046482 0.007100
v -0.026994 -0.046414 0.007680
v -0.027217 -0.045961 0.006334
v -0.027207 -0.045937 0.007065
v -0.027198 -0.045947 0.007823
v -0.027166 -0.045957 0.008597
v -0.027054 -0.045775 0.009329
v -0.026966 -0.045647 0.009758
v -0.027428 -0.045462 0.007968
v -0.027267 -0.045288 0.008519
v -0.027066 -0.044984 0.009229
v -0.027148 -0.045295 0.010046
v -0.027034 -0.045045 0.010666
v -0.027491 -0.044785 0.009571
v -0.027309 -0.044582 0.009977
v -0.027156 -0.044458 0.010755
v -0.027040 -0.044360 0.011551
v -0.027384 -0.043918 0.010909
v -0.027014 -0.043560 0.011343
v -0.027413 -0.043199 0.011700
v -0.026589 -0.046655 0.006346
v -0.026599 -0.046542 0.007089
v -0.026589 -0.046392 0.007785
v -0.026571 -0.046283 0.008151
v -0.026580 -0.046158 0.008561
v -0.026595 -0.045867 0.009303
v -0.026597 -0.045632 0.009785
v -0.026591 -0.045438 0.010156
v -0.026583 -0.045075 0.010756
v -0.026571 -0.044818 0.011111
v -0.026586 -0.044518 0.011506
v -0.027662 -0.042744 0.011961
v -0.027792 -0.042226 0.012230
v -0.027607 -0.041936 0.012656
v -0.026942 -0.044159 0.011925
v -0.027035 -0.043728 0.012228
v -0.026934 -0.043420 0.012649
v -0.026996 -0.042843 0.012043
v -0.027023 -0.043048 0.012841
v -0.027382 -0.042399 0.012411
v -0.027122 -0.042223 0.012932
v -0.027010 -0.042139 0.013555
v -0.026601 -0.044156 0.011927
v -0.026602 -0.043794 0.012297
v -0.026601 -0.043424 0.012649
v -0.026584 -0.043005 0.012999
v -0.026571 -0.042600 0.013317
v -0.026576 -0.042227 0.013603
v -0.025876 -0.043790 0.012293
v -0.029257 -0.041610 0.010106
v -0.029218 -0.041588 0.010840
v -0.029123 -0.041313 0.011268
v -0.029246 -0.040860 0.010854
v -0.029181 -0.040790 0.011553
v -0.029234 -0.040109 0.011601
v -0.028745 -0.041578 0.011545
v -0.029157 -0.040085 0.012133
v -0.029216 -0.039404 0.012394
v -0.029144 -0.039174 0.012807
v -0.029183 -0.038547 0.013071
v -0.029077 -0.038244 0.013416
v -0.029209 -0.037863 0.013097
v -0.029136 -0.037848 0.013506
v -0.029207 -0.037120 0.013101
v -0.029185 -0.037112 0.013621
v -0.029205 -0.036374 0.013105
v -0.029191 -0.036368 0.013715
v -0.028891 -0.039357 0.013010
v -0.029003 -0.038729 0.013261
v -0.028694 -0.038505 0.013716
v -0.028850 -0.037833 0.013836
v -0.028966 -0.037098 0.013949
v -0.029035 -0.036358 0.014036
v -0.027743 -0.041532 0.012813
v -0.027995 -0.040826 0.013033
v -0.027937 -0.039990 0.013712
v -0.027655 -0.039784 0.014183
v -0.027780 -0.039303 0.014311
v -0.028281 -0.038775 0.014038
v -0.027962 -0.038552 0.014477
v -0.027643 -0.038332 0.014911
v -0.027731 -0.037832 0.014987
v -0.027833 -0.037089 0.015086
v -0.027897 -0.036350 0.015156
v -0.027350 -0.041479 0.013120
v -0.027110 -0.041534 0.013769
v -0.026981 -0.041293 0.014227
v -0.027543 -0.041108 0.013336
v -0.027278 -0.040766 0.013673
v -0.027075 -0.040755 0.014503
v -0.026931 -0.040454 0.014881
v -0.027470 -0.040257 0.014000
v -0.027047 -0.039927 0.014270
v -0.027008 -0.040062 0.015027
v -0.027369 -0.039277 0.014633
v -0.027084 -0.039289 0.015263
v -0.026940 -0.039025 0.015632
v -0.027524 -0.038811 0.014799
v -0.027087 -0.038502 0.015002
v -0.027004 -0.038580 0.015737
v -0.027244 -0.037803 0.015251
v -0.027073 -0.037841 0.015869
v -0.027407 -0.037079 0.015423
v -0.027069 -0.037052 0.016018
v -0.026905 -0.036777 0.016325
v -0.027494 -0.036347 0.015515
v -0.027069 -0.036339 0.015894
v -0.026930 -0.036356 0.016354
v -0.026583 -0.041734 0.013981
v -0.026587 -0.041361 0.014267
v -0.026592 -0.040857 0.014641
v -0.026596 -0.040490 0.014900
v -0.026591 -0.040040 0.015173
v -0.026584 -0.039467 0.015482
v -0.026592 -0.039101 0.015660
v -0.026592 -0.038569 0.015872
v -0.026582 -0.037828 0.016117
v -0.026579 -0.037241 0.016266
v -0.026593 -0.036871 0.016343
v -0.026604 -0.036356 0.016418
v -0.029191 -0.035622 0.013786
v -0.029180 -0.031125 0.013796
v -0.029054 -0.035616 0.014094
v -0.029053 -0.034873 0.014112
v -0.029052 -0.031126 0.014101
v -0.027931 -0.035615 0.015191
v -0.027941 -0.034873 0.015200
v -0.027535 -0.035614 0.015558
v -0.027068 -0.035609 0.015841
v -0.026958 -0.035618 0.016387
v -0.027546 -0.034873 0.015569
v -0.027066 -0.034872 0.015826
v -0.026966 -0.034874 0.016397
v -0.026964 -0.033375 0.016395
v -0.026961 -0.031875 0.016393
v -0.026600 -0.035618 0.016481
v -0.026599 -0.034874 0.016500
v -0.026598 -0.034125 0.016499
v -0.026598 -0.033375 0.016499
v -0.026598 -0.032625 0.016499
v -0.026598 -0.031875 0.016499
v -0.026598 -0.031125 0.016499
v -0.026598 -0.030375 0.016499
v -0.025871 -0.035615 0.016472
v -0.025871 -0.034873 0.016490
v -0.025871 -0.034125 0.016490
v -0.025871 -0.033375 0.016490
v -0.025871 -0.032625 0.016490
v -0.025871 -0.031875 0.016490
v -0.025870 -0.031125 0.016490
v -0.025870 -0.030375 0.016489
v -0.029174 -0.028125 0.013782
v -0.029171 -0.026625 0.013775
v -0.029051 -0.026626 0.014086
v -0.029051 -0.024376 0.014078
v -0.026958 -0.029625 0.016390
v -0.026954 -0.027375 0.016388
v -0.026952 -0.025875 0.016386
v -0.026951 -0.025125 0.016385
v -0.026598 -0.029625 0.016499
v -0.026598 -0.028875 0.016499
v -0.026598 -0.028125 0.016498
v -0.026598 -0.027375 0.016498
v -0.026598 -0.026625 0.016498
v -0.026598 -0.025875 0.016498
v -0.026598 -0.025125 0.016498
v -0.026598 -0.024375 0.016498
v -0.025870 -0.029625 0.016489
v -0.025870 -0.028875 0.016489
v -0.025870 -0.028125 0.016489
v -0.025870 -0.027375 0.016489
v -0.025870 -0.026625 0.016489
v -0.025870 -0.025875 0.016489
v -0.025870 -0.025125 0.016489
v -0.025870 -0.024375 0.016488
v -0.023639 -0.047085 0.000377
v -0.023566 -0.047055 0.001936
v -0.023565 -0.047018 0.002677
v -0.023635 -0.046753 0.005596
v -0.019138 -0.046430 0.005610
v -0.018388 -0.046375 0.005614
v -0.023630 -0.046528 0.007086
v -0.023627 -0.046387 0.007795
v -0.022877 -0.046386 0.007796
v -0.022132 -0.046468 0.007098
v -0.021385 -0.046483 0.006356
v -0.021379 -0.046469 0.007105
v -0.020633 -0.046434 0.006361
v -0.020627 -0.046471 0.007110
v -0.019884 -0.046397 0.006369
v -0.019877 -0.046472 0.007113
v -0.019134 -0.046372 0.006377
v -0.019127 -0.046473 0.007116
v -0.018383 -0.046357 0.006386
v -0.017639 -0.046321 0.005618
v -0.016883 -0.046268 0.005648
v -0.016627 -0.046256 0.005928
v -0.017633 -0.046347 0.006394
v -0.016872 -0.046332 0.006336
v -0.016624 -0.046268 0.006038
v -0.016885 -0.033105 0.016249
v -0.027441 -0.041904 -0.011799
v -0.027104 -0.042786 -0.011989
v -0.027008 -0.041938 -0.012643
v -0.027326 -0.042281 -0.012276
v -0.026596 -0.042805 -0.011983
v -0.026597 -0.042323 -0.012353
v -0.029075 -0.044119 -0.006710
v -0.029123 -0.044182 -0.006341
v -0.029088 -0.043399 -0.008205
v -0.029171 -0.043522 -0.007821
v -0.029253 -0.043808 -0.007021
v -0.029414 -0.043835 -0.006364
v -0.029138 -0.042744 -0.009028
v -0.029230 -0.043026 -0.008511
v -0.029460 -0.043089 -0.007855
v -0.029484 -0.043086 -0.007109
v -0.029474 -0.043098 -0.006368
v -0.029148 -0.042031 -0.009766
v -0.029277 -0.042307 -0.009306
v -0.029501 -0.042341 -0.008599
v -0.029492 -0.042351 -0.007861
v -0.028685 -0.044450 -0.006975
v -0.028735 -0.043041 -0.009315
v -0.027405 -0.045464 -0.006784
v -0.027509 -0.045599 -0.006294
v -0.027471 -0.044838 -0.008309
v -0.027714 -0.045070 -0.007789
v -0.027940 -0.045216 -0.007049
v -0.028060 -0.045300 -0.006337
v -0.027329 -0.043989 -0.009632
v -0.027626 -0.044277 -0.009229
v -0.027961 -0.044508 -0.008584
v -0.028171 -0.044667 -0.007814
v -0.028274 -0.044789 -0.007245
v -0.027353 -0.043344 -0.010371
v -0.027680 -0.043701 -0.009969
v -0.028158 -0.043774 -0.009340
v -0.028264 -0.044032 -0.008771
v -0.027319 -0.042616 -0.011041
v -0.027699 -0.042975 -0.010719
v -0.028208 -0.043072 -0.010085
v -0.028311 -0.043353 -0.009616
v -0.027599 -0.042171 -0.011395
v -0.028187 -0.042338 -0.010797
v -0.028319 -0.042626 -0.010371
v -0.026975 -0.046343 -0.006772
v -0.027081 -0.046446 -0.006345
v -0.027100 -0.045734 -0.008397
v -0.027253 -0.045916 -0.007853
v -0.027349 -0.046077 -0.007102
v -0.027381 -0.046129 -0.006336
v -0.027056 -0.044940 -0.009759
v -0.027243 -0.045179 -0.009350
v -0.027401 -0.045377 -0.008681
v -0.027398 -0.045393 -0.007775
v -0.027293 -0.045310 -0.007268
v -0.027134 -0.044298 -0.010577
v -0.027352 -0.044556 -0.010070
v -0.027415 -0.044669 -0.009247
v -0.027293 -0.044600 -0.008752
v -0.027148 -0.043585 -0.011319
v -0.027381 -0.043846 -0.010850
v -0.027426 -0.043945 -0.010203
v -0.027370 -0.043085 -0.011577
v -0.027434 -0.043214 -0.010960
v -0.027442 -0.042443 -0.011697
v -0.026599 -0.046331 -0.006819
v -0.026605 -0.046453 -0.006332
v -0.026591 -0.045705 -0.008464
v -0.026590 -0.045999 -0.007799
v -0.026587 -0.046220 -0.007187
v -0.026597 -0.044930 -0.009780
v -0.026591 -0.045265 -0.009267
v -0.026585 -0.045525 -0.008828
v -0.026593 -0.044294 -0.010591
v -0.026595 -0.044664 -0.010148
v -0.026594 -0.043595 -0.011317
v -0.026593 -0.043959 -0.010958
v -0.026594 -0.043174 -0.011681
v -0.029070 -0.044869 -0.000812
v -0.029196 -0.044281 -0.005602
v -0.029238 -0.044351 -0.004861
v -0.029276 -0.044415 -0.004116
v -0.029300 -0.044467 -0.003370
v -0.029317 -0.044512 -0.002622
v -0.029282 -0.044639 -0.001088
v -0.029333 -0.044585 -0.000375
v -0.029460 -0.043838 -0.005617
v -0.029457 -0.043837 -0.004870
v -0.029447 -0.043839 -0.004122
v -0.029437 -0.043841 -0.003374
v -0.029427 -0.043843 -0.002626
v -0.029408 -0.043846 -0.001127
v -0.029398 -0.043848 -0.000377
v -0.027441 -0.046200 -0.001496
v -0.027455 -0.046225 -0.001108
v -0.027464 -0.046246 -0.000367
v -0.027644 -0.045736 -0.005585
v -0.027749 -0.045811 -0.004854
v -0.027837 -0.045866 -0.004111
v -0.027891 -0.045896 -0.003363
v -0.027930 -0.045927 -0.002613
v -0.027873 -0.046028 -0.001801
v -0.028042 -0.045894 -0.001103
v -0.028130 -0.045378 -0.005598
v -0.028178 -0.045431 -0.004855
v -0.026909 -0.047036 -0.001519
v -0.026935 -0.047062 -0.001114
v -0.026956 -0.047082 -0.000369
v -0.027191 -0.046569 -0.005613
v -0.027228 -0.046633 -0.004867
v -0.027259 -0.046700 -0.004120
v -0.027279 -0.046750 -0.003372
v -0.027304 -0.046795 -0.002622
v -0.027324 -0.046812 -0.001786
v -0.027315 -0.046807 -0.001119
v -0.027306 -0.046795 -0.000371
v -0.027372 -0.046108 -0.005588
v -0.027362 -0.046097 -0.004849
v -0.027230 -0.045970 -0.004094
v -0.027306 -0.046049 -0.003351
v -0.027377 -0.046128 -0.002601
v -0.027414 -0.046169 -0.001993
v -0.026596 -0.046593 -0.005592
v -0.026589 -0.046705 -0.004846
v -0.026583 -0.046810 -0.004101
v -0.026578 -0.046890 -0.003356
v -0.026577 -0.046968 -0.002609
v -0.026577 -0.047010 -0.001950
v -0.029161 -0.039104 -0.012001
v -0.029271 -0.038582 -0.012170
v -0.029142 -0.037667 -0.012706
v -0.029361 -0.037903 -0.012382
v -0.029218 -0.037095 -0.012804
v -0.029525 -0.037113 -0.012339
v -0.029281 -0.036359 -0.012894
v -0.029534 -0.036367 -0.012335
v -0.028850 -0.039325 -0.012242
v -0.028416 -0.037826 -0.013439
v -0.027537 -0.041426 -0.011969
v -0.027479 -0.040515 -0.012666
v -0.027957 -0.040819 -0.012276
v -0.027323 -0.039697 -0.013212
v -0.027883 -0.039990 -0.012949
v -0.028205 -0.040172 -0.012455
v -0.027572 -0.039231 -0.013472
v -0.028125 -0.039303 -0.013109
v -0.027334 -0.038253 -0.013904
v -0.027911 -0.038534 -0.013704
v -0.028249 -0.038718 -0.013265
v -0.027442 -0.037742 -0.014076
v -0.028073 -0.037826 -0.013811
v -0.027595 -0.037056 -0.014248
v -0.028165 -0.037090 -0.013915
v -0.027749 -0.036352 -0.014356
v -0.028228 -0.036355 -0.013985
v -0.027212 -0.041590 -0.012907
v -0.027449 -0.041511 -0.012454
v -0.027174 -0.040676 -0.013585
v -0.027437 -0.040947 -0.013169
v -0.027448 -0.041057 -0.012499
v -0.027048 -0.039761 -0.014155
v -0.027369 -0.040099 -0.013828
v -0.027456 -0.040263 -0.013224
v -0.027220 -0.039348 -0.014355
v -0.027463 -0.039294 -0.013959
v -0.026967 -0.038208 -0.014823
v -0.027355 -0.038589 -0.014585
v -0.027462 -0.038816 -0.013962
v -0.027098 -0.037835 -0.014931
v -0.027456 -0.037844 -0.014729
v -0.027268 -0.037115 -0.015106
v -0.027466 -0.037081 -0.014700
v -0.027315 -0.036371 -0.015184
v -0.027464 -0.036354 -0.014693
v -0.026590 -0.040722 -0.013561
v -0.026586 -0.041089 -0.013301
v -0.026600 -0.039792 -0.014143
v -0.026594 -0.040155 -0.013930
v -0.026596 -0.039290 -0.014392
v -0.026603 -0.038237 -0.014819
v -0.026593 -0.038602 -0.014683
v -0.026606 -0.037821 -0.014942
v -0.026596 -0.037085 -0.015121
v -0.026589 -0.036350 -0.015241
v -0.029257 -0.041535 -0.010042
v -0.029509 -0.041595 -0.009344
v -0.029195 -0.040735 -0.010747
v -0.029505 -0.040848 -0.010092
v -0.029507 -0.040859 -0.009358
v -0.029173 -0.040054 -0.011304
v -0.029468 -0.040098 -0.010839
v -0.029515 -0.040105 -0.010101
v -0.029339 -0.039361 -0.011607
v -0.029523 -0.039351 -0.010844
v -0.029530 -0.038604 -0.011588
v -0.028116 -0.041559 -0.011506
v -0.029312 -0.035619 -0.012943
v -0.029532 -0.035622 -0.012336
v -0.029318 -0.034874 -0.012956
v -0.029530 -0.034875 -0.012337
v -0.027826 -0.035617 -0.014399
v -0.028261 -0.035617 -0.014022
v -0.027845 -0.034873 -0.014411
v -0.028272 -0.034873 -0.014030
v -0.027333 -0.035624 -0.015229
v -0.027462 -0.035616 -0.014691
v -0.027339 -0.034875 -0.015240
v -0.027460 -0.034873 -0.014690
v -0.027338 -0.034125 -0.015240
v -0.027337 -0.033375 -0.015239
v -0.027335 -0.032625 -0.015239
v -0.027334 -0.031875 -0.015238
v -0.027453 -0.031876 -0.014684
v -0.027333 -0.031125 -0.015238
v -0.027331 -0.030375 -0.015238
v -0.027449 -0.030376 -0.014680
v -0.026585 -0.035614 -0.015303
v -0.026583 -0.034872 -0.015322
v -0.026583 -0.034125 -0.015322
v -0.026582 -0.033375 -0.015322
v -0.026582 -0.032625 -0.015322
v -0.026582 -0.031875 -0.015322
v -0.026582 -0.031125 -0.015323
v -0.026582 -0.030375 -0.015323
v -0.029310 -0.029625 -0.012951
v -0.029516 -0.029625 -0.012337
v -0.029307 -0.026625 -0.012948
v -0.029509 -0.026625 -0.012338
v -0.027845 -0.029626 -0.014406
v -0.027845 -0.028876 -0.014406
v -0.028265 -0.028875 -0.014023
v -0.027844 -0.024376 -0.014402
v -0.027330 -0.029625 -0.015237
v -0.027447 -0.029626 -0.014679
v -0.027329 -0.028875 -0.015237
v -0.027327 -0.028125 -0.015236
v -0.027326 -0.027375 -0.015236
v -0.027441 -0.027376 -0.014674
v -0.027325 -0.026625 -0.015235
v -0.027323 -0.025875 -0.015235
v -0.027322 -0.025125 -0.015234
v -0.027321 -0.024375 -0.015234
v -0.027433 -0.024376 -0.014667
v -0.026582 -0.029625 -0.015323
v -0.026582 -0.028875 -0.015323
v -0.026582 -0.028125 -0.015323
v -0.026582 -0.027375 -0.015323
v -0.026582 -0.026625 -0.015323
v -0.026582 -0.025875 -0.015323
v -0.026582 -0.025125 -0.015323
v -0.026582 -0.024375 -0.015324
v -0.023625 -0.046337 -0.006865
v -0.023629 -0.046460 -0.006335
v -0.022878 -0.046461 -0.006344
v -0.022126 -0.046463 -0.006349
v -0.021376 -0.046465 -0.006352
v -0.019883 -0.045695 -0.008604
v -0.019126 -0.046471 -0.006360
v -0.023893 -0.047036 -0.001603
v -0.023643 -0.047052 -0.001076
v -0.023636 -0.046796 -0.004097
v -0.023636 -0.046953 -0.002607
v -0.022884 -0.046529 -0.005599
v -0.022131 -0.046482 -0.005602
v -0.021382 -0.046447 -0.005608
v -0.019881 -0.046413 -0.005624
v -0.019886 -0.046439 -0.004861
v -0.019130 -0.046406 -0.005630
v -0.019136 -0.046387 -0.004865
v -0.018387 -0.046340 -0.004870
v -0.017638 -0.046295 -0.004878
v -0.016879 -0.046401 -0.005647
v -0.016851 -0.046254 -0.004854
v -0.016579 -0.046256 -0.004571
vn -0.6415 0.2541 -0.7238
vn -0.8491 0.1770 -0.4977
vn -0.8391 0.0442 -0.5422
vn -0.5923 0.1280 -0.7955
vn -0.6861 0.1665 -0.7082
vn -0.7279 0.5857 0.3566
vn -0.6761 0.6521 0.3429
vn -0.6054 0.7194 0.3404
vn -0.6543 0.6934 0.3018
vn -0.7887 0.5513 0.2719
vn 0.7956 0.5908 0.1337
vn 0.7662 0.6211 0.1648
vn 0.7852 0.5892 0.1904
vn 0.9980 0.0239 -0.0583
vn 0.8127 0.5751 0.0938
vn 0.9667 -0.2522 0.0426
vn -0.3103 0.8205 0.4800
vn -0.3597 0.7937 0.4906
vn 0.2327 0.8369 0.4954
vn 0.2517 0.8479 0.4666
vn 0.0078 0.9023 0.4311
vn 0.8587 0.5109 0.0413
vn 0.9542 -0.2980 0.0282
vn 0.8683 0.4510 0.2068
vn 0.7700 0.5660 0.2944
vn 0.7845 0.5295 0.3228
vn 0.9943 -0.0645 0.0846
vn 0.6767 0.6860 -0.2674
vn 0.7248 0.6344 -0.2688
vn 0.7140 0.6167 -0.3316
vn 0.6831 0.6409 -0.3501
vn 0.6609 0.6739 -0.3303
vn 0.9609 0.2754 0.0299
vn 0.9334 -0.3304 -0.1404
vn 0.7773 0.5843 0.2331
vn 0.9069 -0.2598 -0.3316
vn 0.9500 -0.3123 -0.0028
vn 0.8893 -0.4435 0.1117
vn 0.8060 0.4579 0.3752
vn 0.7607 0.5002 0.4138
vn 0.7758 0.4571 0.4350
vn 0.9341 0.2624 0.2420
vn 0.0947 0.2141 0.9722
vn 0.0126 0.2725 0.9621
vn 0.0111 0.2975 0.9547
vn 0.0130 0.3239 0.9460
vn 0.0365 0.2961 0.9545
vn 0.0333 0.2460 0.9687
vn -0.0637 0.1519 0.9863
vn -0.1511 0.1003 0.9834
vn 0.0142 0.1041 0.9945
vn 0.0554 0.1606 0.9855
vn 0.1160 0.1459 0.9825
vn 0.9701 0.2321 0.0713
vn 0.9486 -0.0907 -0.3033
vn 0.7765 0.5189 0.3575
vn 0.9699 -0.1903 -0.1518
vn 0.8746 -0.4530 0.1730
vn 0.9329 -0.2881 -0.2163
vn 0.9976 -0.0547 0.0427
vn 0.9847 0.0118 -0.1737
vn 0.9731 0.2298 0.0161
vn 0.7328 0.6502 0.2005
vn 0.7054 0.6728 0.2230
vn 0.7254 0.6430 0.2456
vn 0.7501 0.6214 0.2263
vn 0.0138 0.9631 -0.2689
vn 0.0233 0.9751 -0.2204
vn 0.0617 0.9834 -0.1707
vn 0.0290 0.9670 -0.2530
vn 0.6390 0.2880 0.7133
vn 0.7621 0.4351 0.4795
vn 0.7316 0.4591 0.5040
vn 0.7221 0.4445 0.5301
vn 0.6951 0.3748 0.6135
vn 0.6126 0.0923 0.7850
vn 0.0472 0.9968 0.0641
vn 0.0367 0.9867 0.1586
vn 0.0328 0.9816 0.1881
vn 0.0183 0.9579 0.2866
vn 0.7343 0.5942 0.3283
vn 0.7075 0.6143 0.3495
vn 0.7243 0.5815 0.3705
vn 0.7500 0.5611 0.3503
vn 0.6200 0.7842 0.0240
vn 0.6800 0.7258 0.1041
vn 0.7425 0.6602 0.1136
vn 0.7399 0.6695 0.0649
vn 0.6828 0.7300 0.0301
vn 0.7192 0.6320 0.2887
vn 0.7458 0.6010 0.2872
vn -0.7295 0.6836 -0.0221
vn -0.7592 0.6486 -0.0548
vn -0.6511 0.7562 -0.0643
vn -0.6792 0.7334 -0.0286
vn -0.6943 0.7195 -0.0166
vn 0.7200 0.5572 0.4138
vn 0.7449 0.5382 0.3944
vn 0.7474 0.4809 0.4584
vn 0.7231 0.4988 0.4779
vn 0.6824 0.7036 0.1982
vn 0.6163 0.7483 0.2451
vn 0.6781 0.6930 0.2447
vn 0.6848 0.7109 0.1601
vn 0.6221 0.7621 0.1794
vn 0.6095 0.7908 0.0559
vn 0.3415 0.9256 -0.1631
vn 0.6872 0.6493 0.3260
vn 0.6073 0.7018 0.3724
vn 0.6774 0.6357 0.3702
vn -0.5580 0.2842 0.7797
vn -0.7560 0.2669 0.5977
vn -0.8028 0.2012 0.5612
vn -0.5762 0.3072 0.7574
vn 0.3399 0.7261 -0.5977
vn 0.1744 0.7209 -0.6708
vn 0.0152 0.7327 -0.6804
vn 0.0127 0.7811 -0.6243
vn 0.0319 0.8058 -0.5913
vn 0.1117 0.7991 -0.5907
vn 0.6822 0.5836 0.4405
vn 0.5895 0.6397 0.4932
vn 0.6673 0.5680 0.4818
vn 0.6940 0.5501 0.4644
vn 0.6918 0.5966 0.4067
vn -0.6781 0.3599 -0.6409
vn -0.7075 0.2934 -0.6430
vn -0.7169 0.3073 -0.6259
vn -0.8650 0.2268 -0.4476
vn -0.8006 0.3071 -0.5145
vn -0.7117 0.3781 -0.5920
vn 0.0633 0.9971 -0.0416
vn 0.5944 0.5800 0.5570
vn 0.6869 0.5259 0.5016
vn 0.6952 0.4878 0.5280
vn 0.5167 0.5810 0.6289
vn 0.5912 0.5211 0.6157
vn 0.6825 0.4666 0.5625
vn 0.8981 0.4372 0.0470
vn 0.9419 -0.3306 -0.0585
vn 0.9078 0.4160 0.0528
vn 0.9161 -0.4008 0.0064
vn 0.9239 0.3820 0.0221
vn 0.9072 -0.4187 -0.0402
vn 0.9529 0.3034 0.0031
vn 0.8736 -0.4825 -0.0631
vn 0.9753 0.2207 -0.0054
vn 0.2898 -0.9569 0.0179
vn -0.0341 0.9621 0.2707
vn -0.0071 0.9907 0.1361
vn -0.0517 0.9987 0.0037
vn -0.0373 0.9866 0.1586
vn -0.0121 0.9822 0.1876
vn 0.9867 0.1620 -0.0100
vn 0.8249 -0.5645 -0.0297
vn 0.9908 0.1354 -0.0051
vn 0.8135 -0.5815 -0.0088
vn 0.8613 -0.5040 -0.0644
vn 0.8534 -0.5140 -0.0868
vn 0.8538 -0.5165 -0.0652
vn 0.8655 -0.4991 -0.0435
vn 0.8814 -0.4708 -0.0374
vn 0.8970 -0.4407 -0.0326
vn 0.9079 -0.4183 -0.0260
vn 0.9093 -0.4159 -0.0149
vn 0.6940 0.7200 0.0100
vn 0.4049 0.8987 -0.1685
vn 0.6130 0.7899 -0.0168
vn 0.2253 0.9622 -0.1531
vn 0.5521 0.8336 0.0142
vn 0.1436 0.9894 -0.0214
vn 0.5425 0.8396 0.0292
vn 0.1345 0.9901 0.0393
vn 0.9318 0.0620 -0.3577
vn 0.8800 0.1634 -0.4460
vn 0.6646 0.0137 -0.7471
vn 0.6735 0.0431 -0.7379
vn 0.6652 0.0894 -0.7413
vn 0.9292 0.0889 -0.3589
vn 0.4823 0.8707 -0.0958
vn 0.1563 0.9527 -0.2608
vn 0.2741 0.9309 -0.2416
vn 0.0416 0.9404 -0.3375
vn 0.0167 0.9403 -0.3400
vn 0.0088 0.9739 -0.2267
vn -0.0396 0.7997 0.5991
vn 0.0095 0.7990 0.6013
vn 0.2305 0.7675 0.5982
vn 0.2168 0.7962 0.5648
vn -0.3760 0.7709 0.5142
vn -0.3038 0.9186 0.2529
vn -0.4022 0.8618 0.3092
vn 0.2422 0.9068 0.3451
vn 0.2767 0.9134 0.2987
vn 0.0692 0.9627 0.2615
vn 0.0066 0.9724 0.2332
vn 0.0175 0.9731 0.2298
vn 0.0146 0.9689 0.2472
vn 0.9969 0.0072 -0.0779
vn 0.9815 0.1721 0.0841
vn 0.9574 -0.0708 -0.2798
vn 0.8102 0.3031 0.5018
vn 0.5131 0.4638 0.7223
vn 0.6593 0.3382 0.6715
vn 0.9604 0.0290 0.2771
vn 0.6922 0.4319 0.5782
vn 0.9619 -0.2093 -0.1760
vn 0.9635 -0.1416 -0.2272
vn 0.7395 0.2751 0.6144
vn 0.9949 0.1006 0.0037
vn 0.9773 -0.1160 -0.1774
vn 0.9713 -0.2089 0.1141
vn 0.7918 0.1927 0.5796
vn 0.5167 0.2929 0.8045
vn 0.5009 0.2250 0.8357
vn 0.8118 0.1396 0.5670
vn 0.9796 0.1509 -0.1326
vn 0.9153 0.1728 -0.3639
vn 0.9381 0.1773 0.2977
vn 0.6003 0.0999 0.7935
vn 0.8464 0.0721 0.5276
vn 0.9817 0.0232 -0.1889
vn 0.9081 -0.0236 -0.4181
vn 0.9493 0.2517 0.1884
vn 0.9599 0.0957 -0.2634
vn 0.9449 -0.2393 -0.2232
vn 0.9499 -0.2634 0.1685
vn 0.9328 0.2323 0.2756
vn 0.9825 0.1328 0.1308
vn 0.9686 0.1648 0.1861
vn 0.9963 0.0778 0.0378
vn 1.0000 0.0077 0.0006
vn 0.9037 -0.0158 -0.4279
vn 0.9026 -0.0083 -0.4303
vn 0.9026 -0.0012 -0.4306
vn 0.9014 -0.0033 -0.4329
vn 0.9001 -0.0033 -0.4357
vn 0.8987 -0.0033 -0.4385
vn 0.8972 -0.0033 -0.4416
vn 0.8962 -0.0033 -0.4437
vn 0.8949 -0.0033 -0.4462
vn 0.8933 -0.0033 -0.4494
vn 0.8914 -0.0034 -0.4532
vn 0.8904 -0.0033 -0.4552
vn 0.8893 -0.0033 -0.4574
vn 0.8880 -0.0032 -0.4599
vn 0.8863 -0.0033 -0.4632
vn 0.8843 -0.0034 -0.4668
vn 0.8832 -0.0033 -0.4690
vn 0.8820 -0.0032 -0.4712
vn 0.8809 -0.0032 -0.4732
vn 0.8798 -0.0032 -0.4752
vn 0.8786 -0.0033 -0.4776
vn 0.8771 -0.0034 -0.4803
vn 0.8757 -0.0033 -0.4829
vn 0.8745 -0.0032 -0.4851
vn 0.8734 -0.0031 -0.4871
vn 0.8723 -0.0031 -0.4890
vn 0.8710 -0.0032 -0.4914
vn 0.8694 -0.0034 -0.4941
vn 0.8680 -0.0033 -0.4966
vn 0.8667 -0.0032 -0.4988
vn 0.8656 -0.0031 -0.5007
vn 0.8645 -0.0031 -0.5027
vn 0.8633 -0.0031 -0.5048
vn 0.8615 -0.0033 -0.5078
vn 0.8600 -0.0033 -0.5103
vn 0.8638 -0.0189 -0.5034
vn 0.8752 -0.0259 -0.4830
vn 0.8776 0.0115 -0.4792
vn 0.8630 0.0079 -0.5051
vn 0.8556 -0.0039 -0.5176
vn 0.8543 -0.0039 -0.5197
vn 0.8530 -0.0038 -0.5219
vn 0.8515 -0.0038 -0.5244
vn 0.8499 -0.0040 -0.5269
vn 0.8484 -0.0041 -0.5294
vn 0.8471 -0.0041 -0.5315
vn 0.8454 -0.0041 -0.5341
vn 0.8342 -0.1345 -0.5347
vn 0.9769 -0.0586 0.2056
vn 0.9663 0.0010 0.2575
vn 0.9680 0.0010 0.2511
vn 0.9695 0.0008 0.2450
vn 0.9710 0.0007 0.2392
vn 0.9724 0.0007 0.2335
vn 0.9738 0.0009 0.2274
vn 0.9754 0.0011 0.2205
vn 0.9770 0.0010 0.2133
vn 0.9785 0.0007 0.2064
vn 0.9798 0.0007 0.1999
vn 0.9811 0.0006 0.1935
vn 0.9823 0.0007 0.1872
vn 0.9836 0.0010 0.1804
vn 0.9849 0.0011 0.1730
vn 0.9862 0.0009 0.1657
vn 0.9873 0.0022 0.1588
vn 0.9884 0.0020 0.1521
vn 0.9891 -0.0009 0.1470
vn 0.9893 -0.0024 0.1462
vn 0.9888 0.0016 0.1491
vn 0.9992 0.0385 0.0118
vn 0.9870 0.1278 -0.0979
vn 0.8788 0.1380 -0.4567
vn 0.9454 0.1715 -0.2771
vn 0.9732 0.1780 -0.1458
vn 0.8721 0.2540 -0.4182
vn 0.8875 0.2769 -0.3684
vn 0.8980 0.3149 -0.3072
vn 0.8683 0.4324 -0.2432
vn 0.9816 0.1610 -0.1028
vn 0.8688 0.4734 -0.1452
vn 0.9617 0.2716 0.0376
vn 0.9594 0.2793 -0.0402
vn 0.9801 0.1839 -0.0740
vn 0.9952 0.0689 -0.0694
vn 0.9987 -0.0128 -0.0486
vn 0.9974 -0.0609 -0.0377
vn 0.9978 -0.0652 0.0076
vn 0.8853 0.4649 -0.0050
vn 0.9502 0.3115 -0.0110
vn 0.9537 0.3004 -0.0137
vn 0.9556 0.2941 -0.0164
vn 0.9592 0.2820 -0.0182
vn 0.9387 0.2710 -0.2129
vn 0.9716 -0.2255 -0.0712
vn 0.9808 -0.1333 0.1423
vn 0.9806 0.1540 0.1216
vn 0.9517 0.3070 0.0010
vn 0.9510 0.3083 -0.0238
vn 0.9680 0.2319 0.0961
vn 0.9617 0.2341 -0.1427
vn 0.9598 -0.1559 -0.2336
vn 0.9708 -0.2174 -0.1012
vn 0.9752 -0.0738 0.2084
vn 0.9640 0.1854 0.1907
vn 0.9642 0.1154 0.2385
vn 0.9802 0.1695 0.1024
vn 0.9820 0.0535 -0.1810
vn 0.9247 -0.2571 0.2807
vn 0.9544 -0.0086 0.2985
vn 0.9516 -0.0034 0.3075
vn 0.9507 -0.0025 0.3102
vn 0.9497 -0.0025 0.3131
vn 0.9469 0.0018 0.3216
vn 0.9326 0.1587 0.3242
vn 0.9978 -0.0122 -0.0654
vn 0.9911 -0.1227 0.0515
vn 0.9703 -0.0346 0.2393
vn 0.9987 0.0428 0.0291
vn 0.9962 -0.0270 -0.0827
vn 0.9198 -0.3041 0.2478
vn 0.9895 -0.0638 0.1297
vn 0.9950 -0.0932 0.0369
vn 0.9208 -0.3211 0.2213
vn 0.9997 0.0155 0.0186
vn 0.9329 -0.3577 0.0429
vn 0.9664 -0.2553 0.0313
vn 0.9984 -0.0487 0.0275
vn 0.9976 0.0599 0.0345
vn 0.9907 0.1350 0.0187
vn 0.9903 0.1309 -0.0465
vn 0.8487 -0.5139 -0.1252
vn 0.8801 -0.4747 -0.0033
vn 0.8981 -0.4397 -0.0039
vn 0.4295 0.2143 0.8773
vn 0.8154 0.1915 0.5464
vn 0.7577 0.3933 0.5208
vn 0.3590 0.4673 0.8079
vn 0.6345 0.4245 0.6459
vn 0.5604 0.4458 0.6980
vn 0.3132 0.4772 0.8211
vn 0.8604 0.2685 0.4331
vn 0.7139 0.2345 0.6599
vn 0.3730 0.3613 0.8546
vn 0.5144 0.2153 0.8301
vn 0.3240 0.3028 0.8963
vn 0.2690 0.2092 0.9402
vn 0.7789 0.2259 0.5850
vn 0.8141 0.1038 0.5713
vn 0.3257 0.1130 0.9387
vn 0.7572 0.2067 0.6196
vn 0.7308 0.3826 0.5652
vn 0.8556 0.3075 0.4164
vn 0.8984 0.3600 0.2515
vn 0.6512 0.4733 0.5933
vn 0.6662 0.4136 0.6206
vn 0.9032 0.2530 0.3468
vn 0.5794 0.4265 0.6945
vn 0.8328 0.2542 0.4919
vn 0.8875 0.2317 0.3983
vn 0.6626 0.3359 0.6694
vn 0.6703 0.2970 0.6801
vn 0.9103 0.1244 0.3948
vn 0.8523 0.1177 0.5097
vn 0.5924 0.3012 0.7472
vn 0.6070 0.2451 0.7560
vn 0.9041 0.1435 0.4025
vn 0.9506 0.0815 0.2994
vn 0.9047 0.1558 0.3966
vn 0.6652 0.1564 0.7301
vn 0.6703 0.0942 0.7361
vn 0.9099 0.0728 0.4084
vn 0.0086 -0.0886 0.9960
vn 0.0220 -0.0776 0.9967
vn 0.0276 -0.1973 0.9800
vn 0.0283 -0.2190 0.9753
vn 0.0169 -0.2436 0.9697
vn 0.8109 0.3935 0.4332
vn 0.9740 0.0832 0.2109
vn 0.9437 -0.3207 -0.0808
vn 0.9829 -0.1251 -0.1349
vn 0.9619 -0.2423 -0.1270
vn 0.9660 -0.0649 -0.2503
vn 0.9677 0.2308 0.1018
vn 0.9826 0.1035 -0.1543
vn 0.0270 0.9995 -0.0181
vn 0.1494 0.9888 0.0048
vn 0.0343 0.9994 0.0054
vn 0.0349 0.9985 0.0430
vn 0.6597 0.0723 0.7481
vn 0.8737 0.0220 0.4859
vn 0.9669 -0.0055 -0.2550
vn 0.7293 0.0423 0.6829
vn 0.8856 0.0026 0.4645
vn 0.9597 -0.0016 -0.2810
vn 0.9177 -0.0133 -0.3971
vn 0.9096 0.0569 -0.4116
vn 0.9575 0.0066 -0.2884
vn 0.6703 0.0960 0.7358
vn 0.7534 -0.0013 0.6576
vn 0.7759 -0.0019 0.6308
vn 0.7698 0.0058 0.6383
vn 0.9568 0.0071 -0.2906
vn 0.9209 0.0069 -0.3896
vn 0.9166 0.0285 -0.3987
vn 0.9220 0.0074 -0.3871
vn 0.0131 -0.0547 0.9984
vn -0.1152 -0.0493 0.9921
vn -0.0862 -0.1036 0.9909
vn 0.3052 -0.1088 0.9460
vn 0.3147 -0.0468 0.9480
vn 0.9189 -0.0132 -0.3942
vn 0.9192 -0.0131 -0.3936
vn 0.9195 -0.0132 -0.3928
vn 0.9543 0.0095 -0.2986
vn 0.9545 0.0069 -0.2982
vn 0.9998 -0.0024 -0.0173
vn 0.9999 0.0161 -0.0051
vn 0.7809 0.1069 0.6154
vn 0.3782 0.1114 0.9190
vn 0.7298 0.2418 0.6394
vn 0.5082 0.1713 0.8440
vn 0.7226 0.1656 0.6711
vn 0.6725 0.0378 0.7391
vn 0.9090 0.0515 0.4136
vn 0.6731 0.0058 0.7395
vn 0.8711 0.1022 0.4804
vn 0.7291 0.5047 -0.4623
vn 0.7542 0.4841 -0.4438
vn 0.7702 0.4420 -0.4598
vn 0.7535 0.4259 -0.5010
vn 0.7299 0.4456 -0.5184
vn 0.7045 0.4942 -0.5094
vn 0.9215 -0.0187 -0.3879
vn 0.9218 -0.0169 -0.3873
vn 0.9225 0.0100 -0.3858
vn 0.7690 0.0762 0.6346
vn 0.9229 0.0112 -0.3849
vn 0.9236 0.0122 -0.3831
vn 0.9239 0.0120 -0.3824
vn 0.6565 -0.0519 0.7526
vn 0.5771 -0.1485 0.8030
vn 0.2566 -0.2994 0.9190
vn 0.5558 -0.0806 0.8274
vn 0.1256 -0.0968 0.9873
vn 0.4715 -0.0401 0.8810
vn 0.7248 -0.0056 0.6890
vn 0.7173 -0.0047 0.6968
vn 0.4531 -0.0142 0.8913
vn 0.7206 -0.0020 0.6933
vn 0.1495 -0.0002 0.9888
vn 0.1780 0.0740 0.9812
vn 0.5259 0.0294 0.8500
vn 0.4968 -0.0095 0.8678
vn -0.0009 -0.0000 1.0000
vn -0.0005 -0.0000 1.0000
vn 0.9529 0.0054 -0.3032
vn 0.9521 0.0070 -0.3058
vn 0.9513 0.0071 -0.3083
vn 0.9421 0.0290 -0.3340
vn 0.9415 0.0052 -0.3370
vn 0.9434 0.0100 -0.3315
vn 0.9998 -0.0079 -0.0204
vn 0.9998 -0.0026 -0.0207
vn 0.8752 -0.0012 0.4838
vn 0.8734 -0.0009 0.4869
vn 0.8716 -0.0018 -0.4902
vn 0.7607 -0.0022 -0.6491
vn 0.7560 -0.0022 -0.6546
vn 0.7554 -0.0022 -0.6552
vn 0.9471 0.0049 -0.3210
vn 0.9469 0.0055 -0.3214
vn 0.0408 0.1541 0.9872
vn 0.0220 0.3230 0.9461
vn 0.0408 0.1866 0.9816
vn -0.0000 -0.0000 1.0000
vn 0.0028 0.1334 0.9911
vn 0.0050 0.1376 0.9905
vn 0.9461 0.0071 -0.3239
vn 0.0371 -0.3374 0.9406
vn 0.0391 -0.2563 0.9658
vn 0.0415 -0.0593 0.9974
vn 0.0238 -0.3983 0.9170
vn 0.0183 -0.3786 0.9254
vn 0.0305 -0.3837 0.9230
vn 0.0425 -0.0950 0.9946
vn 0.0154 -0.4167 0.9089
vn -0.0004 -0.9734 0.2291
vn 0.0106 -0.9759 0.2180
vn 0.0227 -0.9942 0.1047
vn 0.0032 -0.9976 0.0688
vn 0.0204 -0.9989 0.0410
vn 0.0168 -0.9997 0.0171
vn 0.0131 -0.9999 0.0007
vn -0.0028 -1.0000 0.0066
vn 0.0115 0.4482 0.8938
vn 0.0112 0.4205 0.9072
vn 0.0021 0.2367 0.9716
vn 0.0061 0.2307 0.9730
vn 0.0065 0.2538 0.9672
vn 0.0241 -0.4310 0.9020
vn 0.0386 -0.1390 0.9895
vn 0.0071 0.2873 0.9578
vn 0.0120 0.2748 0.9614
vn -0.0006 -0.0000 1.0000
vn -0.0003 -0.0000 1.0000
vn -0.0008 -0.0000 1.0000
vn -0.0000 0.1643 0.9864
vn 0.0057 0.2158 0.9764
vn 0.2294 0.6625 0.7131
vn 0.2299 0.7022 0.6739
vn 0.0114 0.6915 0.7222
vn 0.0399 -0.1470 0.9883
vn 0.0402 -0.1831 0.9823
vn 0.0204 -0.3196 0.9473
vn 0.0360 0.9989 -0.0289
vn 0.0299 0.9995 0.0079
vn 0.0064 0.9970 -0.0767
vn 0.0013 0.9944 -0.1060
vn 0.0433 0.9971 -0.0629
vn 0.0468 0.9972 -0.0581
vn 0.0404 0.9945 -0.0963
vn 0.0301 0.9843 -0.1738
vn 0.0624 0.9976 0.0306
vn -0.9112 0.2480 0.3290
vn -0.9721 0.1402 0.1882
vn -0.9996 0.0113 0.0273
vn -0.9987 0.0246 0.0453
vn -0.9623 0.1633 0.2175
vn -0.3618 0.1856 -0.9136
vn -0.0217 0.1752 -0.9843
vn -0.8049 0.1601 -0.5714
vn -0.6464 0.2837 -0.7083
vn -0.1157 0.3570 -0.9269
vn -0.5142 0.3628 -0.7771
vn -0.8823 0.1346 0.4510
vn -0.7098 0.1619 0.6856
vn -0.6888 0.1612 0.7068
vn -0.6582 0.2978 0.6914
vn -0.1096 0.9926 0.0521
vn 0.0408 0.9977 0.0545
vn 0.0414 0.9986 0.0333
vn 0.0417 0.9991 -0.0052
vn -0.1103 0.9939 -0.0034
vn -0.8880 0.4568 -0.0525
vn -0.7360 0.6726 -0.0767
vn -0.5856 0.8043 -0.1010
vn -0.5339 0.8371 -0.1193
vn -0.4752 0.8687 -0.1402
vn -0.8480 0.5235 -0.0828
vn 0.0736 0.9969 -0.0265
vn 0.0772 0.9966 -0.0274
vn 0.0228 0.9766 -0.2140
vn 0.0595 0.9982 -0.0119
vn 0.0528 0.9977 -0.0421
vn -0.0000 0.9763 -0.2164
vn 0.0034 0.9987 0.0507
vn 0.2052 0.9706 0.1258
vn 0.0833 0.9851 -0.1504
vn 0.0449 0.9949 -0.0905
vn 0.0085 0.9519 -0.3062
vn 0.0365 0.9900 -0.1364
vn 0.0026 0.1591 0.9873
vn 0.0050 0.1644 0.9864
vn 0.0207 -0.3360 0.9416
vn 0.0388 -0.1707 0.9846
vn 0.0030 1.0000 0.0093
vn 0.0365 -0.6778 0.7343
vn 0.0076 -0.6935 0.7204
vn 0.0372 -0.7194 0.6936
vn -0.7129 0.5377 -0.4503
vn -0.6411 0.6168 -0.4566
vn -0.6282 0.6235 -0.4654
vn -0.6977 0.5160 -0.4969
vn 0.2693 0.0106 0.9630
vn 0.2194 0.1623 0.9620
vn 0.0007 -0.0000 1.0000
vn 0.0008 -0.0000 1.0000
vn 0.0729 0.0044 0.9973
vn 0.2359 0.8718 0.4294
vn 0.0188 0.9696 -0.2439
vn 0.0139 0.9611 -0.2757
vn 0.0485 0.9966 -0.0661
vn 0.0546 0.9981 -0.0269
vn 0.0248 0.9777 -0.2084
vn 0.0594 0.9982 0.0024
vn 0.1396 0.9582 0.2496
vn 0.2576 0.9663 -0.0025
vn 0.0095 0.9994 0.0343
vn 0.0010 0.9999 -0.0160
vn 0.0020 0.9992 -0.0388
vn 0.0103 0.9766 0.2150
vn 0.0271 0.9830 -0.1815
vn 0.0574 0.9984 0.0022
vn 0.0134 0.9608 -0.2768
vn 0.0097 0.9535 -0.3012
vn 0.0188 0.9693 -0.2453
vn 0.0587 0.9980 -0.0231
vn -0.7103 0.5960 -0.3744
vn -0.6421 0.6548 -0.3986
vn -0.5266 0.7111 -0.4659
vn 0.0229 0.9789 -0.2031
vn 0.0575 0.9982 0.0143
vn 0.0736 0.9967 0.0342
vn 0.0446 0.9985 -0.0318
vn 0.0372 0.9945 -0.0982
vn 0.0640 0.9956 0.0687
vn 0.0833 0.9918 0.0968
vn 0.0042 0.1276 0.9918
vn 0.0048 0.1848 0.9828
vn 0.0008 0.0719 0.9974
vn 0.2005 0.2010 0.9589
vn 0.8057 -0.3271 0.4939
vn 0.9871 -0.0797 0.1389
vn 0.9762 0.1218 -0.1796
vn 0.9050 -0.1929 0.3791
vn 0.7688 -0.3018 0.5637
vn 0.0108 0.9772 -0.2121
vn 0.0295 0.9836 -0.1782
vn 0.0128 0.9601 -0.2794
vn 0.0281 0.9754 -0.2187
vn 0.0105 0.9743 -0.2252
vn -0.0000 0.9720 -0.2349
vn 0.0317 0.9484 -0.3156
vn 0.0153 0.9382 -0.3457
vn 0.7125 -0.6638 0.2274
vn 0.6858 -0.6920 0.2253
vn 0.6902 -0.7007 0.1807
vn 0.7184 -0.6771 0.1597
vn 0.7404 -0.6473 0.1808
vn 0.7350 -0.6382 0.2289
vn 0.0121 0.9998 0.0163
vn 0.0164 0.9993 0.0351
vn 0.0195 0.9980 0.0603
vn 0.0217 0.9957 0.0903
vn 0.0295 0.9916 0.1260
vn 0.0455 0.9867 0.1559
vn 0.0862 0.1673 0.9821
vn 0.1258 0.2140 0.9687
vn 0.0393 0.2700 0.9621
vn 0.0382 -0.1873 0.9816
vn 0.0309 -0.2149 0.9761
vn 0.0383 -0.2287 0.9727
vn 0.2824 0.0347 0.9587
vn 0.2319 0.0624 0.9707
vn 0.0736 -0.0819 0.9939
vn 0.0603 0.0313 0.9977
vn 0.6033 -0.7960 -0.0497
vn 0.6541 -0.7445 -0.1336
vn 0.7226 -0.6731 -0.1576
vn 0.7284 -0.6743 -0.1214
vn 0.6975 -0.7081 -0.1101
vn 0.3368 -0.6397 0.6909
vn 0.6177 -0.5339 0.5774
vn 0.6344 -0.4985 0.5908
vn 0.6356 -0.4772 0.6069
vn 0.3596 -0.5781 0.7325
vn 0.3332 -0.5868 0.7380
vn 0.2262 0.6305 0.7425
vn 0.5007 0.5534 0.6657
vn 0.2117 0.6189 0.7564
vn 0.1934 0.6033 0.7737
vn 0.5486 0.5167 0.6573
vn -0.6898 0.7240 0.0044
vn -0.8153 0.5788 -0.0181
vn -0.8366 0.5478 0.0112
vn 0.4643 0.8813 0.0878
vn 0.4558 0.8551 0.2469
vn 0.3739 0.9258 -0.0550
vn 0.2243 0.9470 -0.2298
vn 0.5163 0.7698 0.3751
vn 0.5598 0.7743 0.2952
vn 0.6679 0.6863 0.2878
vn 0.4974 0.7076 0.5019
vn 0.5499 0.7199 0.4235
vn 0.6665 0.6264 0.4043
vn 0.5160 0.6453 0.5634
vn 0.2306 0.7302 0.6431
vn 0.0005 0.9713 -0.2378
vn 0.0050 0.9807 -0.1956
vn 0.1455 0.9690 -0.1996
vn 0.0762 0.9546 -0.2881
vn 0.0196 0.9411 -0.3377
vn -0.0023 0.9386 -0.3449
vn -0.1710 0.9223 -0.3466
vn -0.1198 0.9370 -0.3281
vn -0.0850 0.9764 -0.1984
vn 0.0127 0.9791 -0.2028
vn 0.0339 0.9828 -0.1814
vn -0.1140 0.7754 -0.6211
vn -0.0908 0.8032 -0.5887
vn 0.0199 0.8351 -0.5497
vn 0.0489 0.4571 0.8881
vn 0.0124 0.4769 0.8789
vn 0.0046 0.2829 0.9591
vn 0.0070 0.2900 0.9570
vn 0.0946 0.3069 0.9470
vn -0.4264 0.8871 -0.1769
vn -0.6499 0.7361 -0.1892
vn -0.7156 0.6736 -0.1847
vn -0.8089 0.5735 -0.1295
vn -0.4115 0.2965 -0.8619
vn -0.0530 0.3452 -0.9370
vn 0.0504 0.3240 -0.9447
vn 0.0619 0.2782 -0.9585
vn -0.0295 0.2441 -0.9693
vn -0.5690 0.1926 -0.7995
vn -0.9036 0.1605 -0.3971
vn -0.5801 0.2881 -0.7619
vn -0.7672 0.1869 -0.6136
vn 0.4642 0.5434 0.6994
vn 0.1861 0.6016 0.7768
vn 0.2131 0.5719 0.7922
vn 0.5315 0.4950 0.6874
vn 0.2332 0.5825 0.7787
vn 0.5094 0.4930 0.7053
vn 0.2259 0.5583 0.7983
vn 0.2140 0.5257 0.8233
vn 0.4641 0.4396 0.7690
vn 0.1923 0.4830 0.8543
vn 0.2030 0.3879 0.8991
vn 0.5238 0.3448 0.7790
vn 0.2390 0.3545 0.9040
vn 0.3986 0.3150 0.8613
vn 0.4884 0.2075 0.8476
vn 0.2656 0.2773 0.9233
vn 0.2647 0.1411 0.9539
vn 0.5151 0.1599 0.8421
vn 0.2109 0.0908 0.9733
vn 0.5360 0.0966 0.8387
vn 0.0943 0.3948 0.9139
vn 0.0628 0.0631 0.9960
vn 0.0140 0.0497 0.9987
vn 0.0395 0.2510 0.9672
vn 0.0202 0.3790 0.9252
vn 0.0229 0.4003 0.9161
vn 0.0390 0.2778 0.9598
vn 0.0009 -0.0000 1.0000
vn 0.0179 -0.3614 0.9322
vn 0.0366 -0.2366 0.9709
vn 0.0005 -0.0000 1.0000
vn 0.0051 0.1099 0.9939
vn 0.0049 0.0811 0.9967
vn 0.0028 0.1957 0.9807
vn 0.1884 0.0331 0.9815
vn 0.5474 0.0423 0.8358
vn 0.5540 0.0078 0.8325
vn 0.5259 -0.0458 0.8493
vn 0.6648 -0.0105 0.7469
vn 0.1886 -0.0879 0.9781
vn 0.1264 -0.3860 0.9138
vn 0.4028 -0.2740 0.8733
vn 0.2026 -0.5065 0.8381
vn 0.0142 -0.4022 0.9154
vn 0.0339 -0.1034 0.9941
vn -0.0273 0.0121 0.9996
vn -0.0305 0.0631 0.9975
vn 0.1877 0.0225 0.9820
vn -0.0069 -0.0735 0.9973
vn 0.0275 -0.9605 0.2770
vn -0.0032 -0.9995 0.0312
vn -0.0019 -0.9981 0.0614
vn 0.0163 -0.9959 0.0888
vn 0.2734 -0.9543 0.1209
vn 0.1867 -0.9436 0.2734
vn 0.0050 0.1110 0.9938
vn 0.0100 -0.0078 0.9999
vn 0.0101 -0.0351 0.9993
vn -0.6900 0.4673 -0.5527
vn -0.5914 0.4362 -0.6783
vn -0.6114 0.4872 -0.6236
vn -0.6227 0.4942 -0.6066
vn -0.7010 0.4131 -0.5814
vn -0.7209 0.4197 -0.5515
vn -0.7322 0.4216 -0.5349
vn -0.7537 0.4066 -0.5164
vn -0.8826 0.3047 -0.3580
vn -0.8124 0.3950 -0.4289
vn -0.7102 0.4786 -0.5164
vn 0.0049 0.0783 0.9969
vn 0.0317 -0.3455 0.9379
vn 0.0159 -0.5554 0.8314
vn 0.0294 -0.3118 0.9497
vn 0.0372 0.0710 0.9968
vn 0.0425 0.0379 0.9984
vn 0.0313 0.2241 0.9741
vn 0.0257 0.2659 0.9637
vn 0.0159 -0.5347 0.8449
vn 0.0294 -0.2741 0.9613
vn 0.0186 -0.5081 0.8611
vn 0.0373 -0.2314 0.9721
vn 0.0442 -0.9427 0.3307
vn 0.4011 -0.8714 0.2824
vn 0.3567 -0.8691 0.3426
vn 0.0424 -0.9270 0.3726
vn 0.0193 -0.4770 0.8787
vn 0.0313 -0.1859 0.9821
vn 0.0133 0.2931 0.9560
vn 0.7375 0.6560 0.1606
vn 0.0178 0.9816 -0.1903
vn 0.0549 0.9957 -0.0747
vn 0.0175 0.9871 -0.1590
vn 0.0525 0.9984 -0.0208
vn 0.0300 0.9875 -0.1549
vn 0.0616 0.9972 0.0426
vn -0.7320 0.5636 -0.3829
vn -0.7233 0.6109 -0.3219
vn -0.7029 0.6451 -0.2996
vn 0.3134 -0.8600 0.4029
vn 0.6308 -0.7200 0.2892
vn 0.6564 -0.6725 0.3420
vn 0.4976 -0.7667 0.4057
vn 0.2965 -0.5309 0.7939
vn 0.4636 -0.5266 0.7126
vn 0.7758 -0.3688 0.5120
vn 0.6339 -0.4104 0.6555
vn 0.3637 -0.4873 0.7939
vn 0.0272 -0.2452 0.9691
vn 0.0388 -0.0358 0.9986
vn 0.0393 -0.1508 0.9878
vn 0.6528 0.2342 -0.7204
vn 0.7020 0.4419 -0.5584
vn 0.7689 0.3943 -0.5033
vn 0.7006 0.3475 -0.6232
vn 0.0543 0.6182 -0.7842
vn 0.0349 0.6169 -0.7863
vn 0.3717 0.5774 -0.7269
vn 0.4238 0.5594 -0.7124
vn 0.6752 0.6267 -0.3890
vn 0.7023 0.5950 -0.3908
vn 0.6919 0.5841 -0.4244
vn 0.6515 0.6110 -0.4498
vn 0.7262 0.5593 -0.3998
vn 0.7029 0.5497 -0.4513
vn 0.6773 0.5675 -0.4682
vn -0.6584 0.4095 0.6316
vn -0.6055 0.3749 0.7020
vn -0.7145 0.3817 0.5864
vn -0.7768 0.4050 0.4823
vn -0.6915 0.4422 0.5713
vn 0.6774 0.5118 -0.5284
vn 0.6953 0.4694 -0.5443
vn 0.6575 0.4947 -0.5683
vn -0.7163 0.5157 0.4701
vn -0.6434 0.5696 0.5114
vn -0.6452 0.5598 0.5200
vn -0.6572 0.6126 0.4391
vn -0.7075 0.5808 0.4027
vn -0.7392 0.5261 0.4205
vn 0.7266 -0.5938 0.3455
vn 0.8129 -0.5095 0.2821
vn 0.8865 -0.4178 0.1988
vn 0.5916 -0.6294 0.5038
vn 0.9946 -0.0875 0.0561
vn 0.8450 -0.3653 0.3906
vn 0.8556 -0.3557 0.3760
vn 0.8957 0.3056 -0.3231
vn 0.9986 -0.0441 0.0294
vn -0.2471 0.8440 0.4760
vn -0.2992 0.8413 0.4502
vn -0.5657 0.2356 0.7902
vn -0.5179 0.2754 0.8099
vn 0.6447 -0.4670 0.6052
vn 0.8160 -0.3093 0.4884
vn 0.9337 -0.1730 0.3134
vn 0.8633 0.3041 -0.4029
vn 0.9727 0.1381 -0.1863
vn 0.8257 0.3373 -0.4521
vn 0.7779 -0.3539 0.5192
vn 0.9303 -0.2952 0.2178
vn -0.8844 0.3779 -0.2739
vn -0.8091 0.4515 -0.3760
vn 0.6012 -0.6503 0.4644
vn 0.8819 -0.3163 0.3495
vn 0.7667 -0.3823 0.5158
vn 0.9691 -0.1441 0.2004
vn 0.5555 -0.4606 0.6923
vn 0.8527 -0.2131 0.4769
vn 0.7953 -0.4745 0.3771
vn 0.8299 0.3319 -0.4485
vn 0.9281 0.1952 -0.3170
vn 0.7070 0.3832 -0.5944
vn 0.9274 -0.3636 0.0872
vn 0.9969 0.0670 -0.0410
vn 0.6733 0.0465 0.7379
vn 0.7308 -0.0155 0.6825
vn 0.7321 -0.0532 0.6791
vn 0.7337 -0.0005 0.6795
vn 0.5911 0.0656 0.8040
vn 0.6587 0.3875 -0.6449
vn 0.8929 -0.0013 0.4503
vn 0.8945 -0.0011 0.4471
vn 0.9367 0.0071 -0.3500
vn 0.9376 0.0073 -0.3475
vn 0.9386 0.0072 -0.3450
vn 0.9395 0.0072 -0.3425
vn 0.9405 0.0054 -0.3398
vn 0.9936 0.0172 0.1119
vn 0.8110 -0.2794 0.5140
vn 0.8473 -0.0455 0.5291
vn 0.6743 0.7318 -0.0986
vn 0.5823 0.8130 0.0002
vn 0.7116 0.6968 -0.0906
vn 0.7174 0.6782 -0.1593
vn 0.6914 0.7082 -0.1430
vn -0.5643 0.5351 0.6287
vn -0.6204 0.5430 0.5659
vn -0.7487 0.4556 0.4815
vn -0.7563 0.4036 0.5149
vn -0.6445 0.4970 0.5811
vn -0.5579 0.1510 0.8161
vn -0.0556 0.1881 0.9806
vn -0.0242 0.1665 0.9857
vn -0.0366 -0.0140 0.9992
vn -0.5190 -0.0008 0.8548
vn 0.7147 -0.1615 0.6805
vn -0.4381 -0.2615 0.8601
vn 0.3742 0.4009 -0.8362
vn 0.7956 0.2240 -0.5629
vn -0.0386 0.1682 -0.9850
vn 0.8430 0.1247 -0.5232
vn -0.7243 0.2095 0.6568
vn 0.2348 0.0061 -0.9720
vn 0.9713 -0.0454 -0.2336
vn 0.3801 0.3702 -0.8476
vn 0.3729 0.5013 -0.7808
vn 0.4988 0.4290 -0.7531
vn 0.4528 0.4630 -0.7620
vn 0.5898 0.3639 -0.7209
vn 0.2311 0.4584 -0.8582
vn 0.3613 0.3625 -0.8591
vn 0.4768 0.2999 -0.8263
vn 0.4587 0.2736 -0.8454
vn 0.4913 0.2862 -0.8226
vn 0.5324 0.1948 -0.8238
vn 0.3168 0.2282 -0.9206
vn 0.5943 0.1103 -0.7966
vn -0.8079 0.1374 -0.5731
vn 0.8155 0.1946 -0.5450
vn 0.7172 -0.0108 -0.6968
vn 0.5699 0.3318 -0.7518
vn 0.9216 0.2476 -0.2989
vn 0.8824 0.3858 -0.2694
vn 0.7994 0.2354 -0.5527
vn 0.9253 0.2053 -0.3188
vn 0.9269 0.1194 -0.3558
vn 0.9194 0.2504 -0.3032
vn 0.9160 0.1973 -0.3493
vn 0.9169 0.2094 -0.3397
vn 0.8659 0.1792 -0.4671
vn 0.9238 0.1149 -0.3652
vn 0.0109 0.2822 0.9593
vn 0.0337 0.2790 0.9597
vn 0.0462 0.2954 0.9543
vn 0.4978 0.8640 0.0754
vn 0.9984 0.0457 -0.0339
vn 0.9998 0.0068 -0.0200
vn 0.6523 0.0770 -0.7541
vn 0.3365 0.1218 -0.9338
vn 0.3414 0.0971 -0.9349
vn 0.7198 0.0482 -0.6925
vn 0.4435 0.2057 -0.8724
vn 0.9205 -0.0166 -0.3904
vn 0.8889 -0.0013 0.4581
vn 0.8870 -0.0021 0.4618
vn 0.9218 0.0122 -0.3875
vn 0.7585 0.0037 -0.6517
vn 0.6533 0.0918 -0.7515
vn 0.8292 0.1062 -0.5488
vn 0.7980 0.0810 -0.5971
vn 0.7318 0.2260 -0.6429
vn 0.7062 0.1798 -0.6848
vn 0.7606 0.0766 -0.6447
vn -0.1203 0.5386 0.8339
vn -0.4550 0.5520 0.6988
vn -0.3929 0.5460 0.7399
vn -0.4280 0.5687 0.7024
vn -0.4117 0.5747 0.7073
vn -0.4930 0.5002 0.7119
vn 0.6547 0.7403 -0.1527
vn 0.6861 0.7053 -0.1785
vn 0.7882 0.3216 -0.5248
vn 0.4192 0.5290 -0.7379
vn 0.5519 0.5495 -0.6272
vn 0.6646 -0.5796 0.4716
vn 0.8387 -0.5164 0.1730
vn -0.3566 0.9257 0.1260
vn -0.3587 0.9289 0.0924
vn -0.3308 0.9374 0.1093
vn -0.2872 0.9495 0.1266
vn -0.2423 0.9560 0.1653
vn 0.0311 0.9834 0.1790
vn 0.0401 0.9955 0.0861
vn 0.7311 0.5821 -0.3559
vn 0.7581 0.5608 -0.3329
vn 0.7523 0.5392 -0.3786
vn 0.7870 0.5542 -0.2713
vn 0.8295 0.4882 -0.2713
vn 0.8031 0.5022 -0.3208
vn 0.7462 0.5913 -0.3059
vn 0.7540 0.5990 -0.2698
vn 0.7321 0.6460 -0.2163
vn 0.7621 0.6108 -0.2149
vn 0.7632 0.6272 -0.1551
vn 0.8517 0.5057 -0.1372
vn 0.8037 0.5608 -0.1989
vn 0.7366 0.6532 -0.1755
vn 0.0449 0.9943 0.0972
vn 0.0486 0.9853 0.1635
vn 0.0264 0.9641 0.2644
vn 0.0205 0.9613 0.2747
vn 0.0506 0.9965 0.0662
vn 0.8709 0.3828 -0.3082
vn 0.9703 0.1986 -0.1384
vn 0.9752 -0.1600 0.1532
vn 0.8140 -0.5681 0.1209
vn 0.6583 -0.7251 0.2022
vn 0.8919 0.4038 -0.2036
vn 0.9762 0.1980 -0.0890
vn 0.9711 -0.2216 0.0882
vn -0.1245 0.7317 0.6702
vn -0.4730 0.6830 0.5565
vn 0.0218 0.8879 -0.4596
vn 0.0265 0.8611 -0.5077
vn -0.0649 0.8388 -0.5405
vn -0.0442 0.8672 -0.4960
vn 0.0916 -0.9253 -0.3680
vn 0.0493 -0.9461 -0.3202
vn 0.0325 -0.9798 -0.1975
vn -0.0065 -0.9744 -0.2246
vn -0.0033 -0.9655 -0.2605
vn -0.0458 -0.9523 -0.3016
vn -0.0801 -0.9412 -0.3283
vn -0.0567 -0.9361 -0.3472
vn 0.1211 -0.4613 -0.8789
vn 0.1036 -0.5457 -0.8316
vn -0.0651 -0.5804 -0.8117
vn -0.0530 -0.5291 -0.8469
vn -0.0351 -0.4959 -0.8677
vn 0.0563 0.9984 -0.0017
vn 0.0505 0.9982 0.0319
vn 0.0205 0.9675 0.2520
vn 0.0265 0.9754 0.2187
vn 0.0585 0.9964 -0.0617
vn 0.0259 0.9988 0.0412
vn 0.4869 0.8723 0.0448
vn 0.2949 0.9386 0.1791
vn 0.3876 0.9090 0.1535
vn 0.6276 0.7785 0.0100
vn 0.1088 0.9498 0.2934
vn 0.1826 0.9430 0.2782
vn 0.3325 0.9273 0.1718
vn 0.7912 -0.6086 0.0600
vn 0.8099 -0.5712 0.1333
vn 0.8466 -0.5180 0.1219
vn 0.8468 -0.5233 0.0950
vn 0.8583 -0.5079 -0.0728
vn 0.7863 0.6075 -0.1126
vn 0.8637 0.4910 -0.1133
vn 0.6660 0.7459 -0.0070
vn 0.7332 0.6773 -0.0609
vn -0.7061 0.1013 -0.7008
vn -0.8489 0.0788 -0.5227
vn 0.1987 0.9779 0.0644
vn 0.5897 0.8074 -0.0194
vn 0.7168 -0.6692 0.1959
vn 0.9710 -0.2367 0.0342
vn 0.9616 -0.2713 0.0415
vn 0.9075 -0.4183 0.0392
vn 0.8252 -0.5641 0.0299
vn 0.7956 -0.6046 -0.0384
vn 0.7988 -0.6003 -0.0405
vn 0.8213 -0.5703 0.0161
vn 0.6295 0.7290 -0.2690
vn 0.6235 0.7219 -0.3002
vn 0.3549 0.8585 -0.3701
vn 0.3268 0.8913 -0.3142
vn 0.4711 0.8537 -0.2222
vn 0.6489 0.7287 -0.2187
vn -0.0834 0.4594 0.8843
vn -0.3551 0.4044 0.8428
vn -0.6624 0.2683 0.6994
vn 0.0025 0.3466 0.9380
vn -0.1844 0.5394 0.8216
vn -0.0680 0.7511 0.6566
vn 0.8110 -0.5849 0.0140
vn 0.8409 0.5313 -0.1029
vn 0.8449 0.5272 -0.0899
vn 0.8718 0.4853 -0.0673
vn 0.9038 0.4245 -0.0546
vn 0.9328 0.3583 -0.0385
vn -0.0396 0.9871 -0.1552
vn -0.0691 0.9810 -0.1815
vn -0.0111 0.9916 -0.1286
vn 0.9588 0.2836 -0.0180
vn 0.9778 0.2095 -0.0034
vn 0.9885 0.1512 0.0014
vn -0.8471 0.3179 -0.4258
vn -0.9306 0.2262 -0.2879
vn -0.8703 0.3047 -0.3871
vn 0.0326 0.9989 -0.0343
vn 0.0419 0.9989 -0.0227
vn 0.0615 0.9979 -0.0194
vn 0.0587 0.9982 0.0085
vn 0.0278 0.9750 0.2203
vn 0.0201 0.6625 -0.7488
vn -0.1294 0.6544 -0.7450
vn -0.1768 0.6380 -0.7494
vn -0.1879 0.6741 -0.7143
vn 0.0545 0.9982 0.0269
vn 0.0235 0.9683 0.2487
vn -0.0134 -0.1929 -0.9811
vn 0.0747 -0.2012 -0.9767
vn 0.1286 -0.2544 -0.9585
vn 0.1432 -0.2613 -0.9546
vn -0.0130 -0.2682 -0.9633
vn 0.0292 -0.9992 0.0278
vn -0.0027 -0.9999 0.0153
vn -0.0024 -1.0000 -0.0005
vn -0.1586 0.7085 -0.6876
vn 0.0415 0.5904 -0.8060
vn 0.0369 0.5509 -0.8337
vn -0.0870 0.5159 -0.8522
vn -0.0255 0.5971 -0.8017
vn -0.0343 0.6084 -0.7929
vn -0.0560 0.6246 -0.7789
vn -0.0780 0.6123 -0.7868
vn 0.0468 0.6070 -0.7933
vn 0.0503 0.2449 -0.9682
vn 0.0183 0.1945 -0.9807
vn -0.0124 0.1916 -0.9814
vn -0.0669 0.1725 -0.9827
vn 0.0521 0.4695 -0.8814
vn 0.0402 0.4112 -0.9106
vn -0.0740 0.3875 -0.9189
vn -0.1030 0.5210 -0.8473
vn 0.0475 0.4782 -0.8770
vn -0.0652 0.9120 -0.4051
vn 0.0243 0.9177 -0.3965
vn -0.1471 0.5346 -0.8322
vn -0.0490 -0.3751 -0.9257
vn -0.0342 -0.3340 -0.9420
vn -0.0130 -0.3409 -0.9400
vn 0.0322 0.8872 0.4603
vn -0.0441 0.8857 0.4621
vn -0.5915 0.7754 0.2210
vn 0.0019 0.9976 0.0692
vn 0.1228 0.9824 0.1407
vn 0.2099 0.8684 0.4492
vn 0.0588 0.9978 -0.0317
vn 0.0307 0.9839 0.1759
vn 0.0170 0.9577 0.2874
vn 0.0380 0.9917 0.1226
vn 0.0618 0.9963 -0.0590
vn 0.0265 0.9704 0.2401
vn 0.0440 0.9973 0.0594
vn 0.0625 0.9945 -0.0846
vn 0.0393 0.9847 0.1699
vn 0.0475 0.9989 -0.0056
vn 0.0195 0.9815 0.1903
vn 0.0546 0.9968 0.0576
vn 0.0727 0.9958 -0.0553
vn 0.0192 0.9870 0.1594
vn 0.0809 0.9918 -0.0992
vn 0.4309 0.8971 0.0972
vn 0.1073 0.9454 0.3078
vn 0.4873 0.8731 -0.0137
vn 0.6954 0.6586 0.2875
vn 0.0200 0.9924 0.1212
vn 0.0288 0.9990 -0.0330
vn 0.7900 0.6129 -0.0168
vn 0.0517 0.9967 0.0621
vn 0.0418 0.9943 0.0981
vn 0.0169 0.9577 0.2872
vn 0.0240 0.9663 0.2561
vn 0.5425 0.8254 -0.1562
vn -0.1836 0.9808 0.0657
vn -0.5064 0.8516 0.1354
vn 0.6831 0.6987 -0.2125
vn 0.5646 0.7360 -0.3736
vn 0.6367 0.6623 -0.3948
vn -0.8511 0.5250 0.0047
vn -0.6904 0.7227 0.0335
vn -0.6800 0.7327 0.0281
vn -0.8542 0.5198 0.0154
vn -0.6233 0.7775 -0.0832
vn -0.7560 0.6517 -0.0604
vn -0.7781 0.6266 -0.0451
vn -0.7987 0.6010 -0.0308
vn 0.0243 0.9969 0.0752
vn 0.0214 0.9940 0.1076
vn 0.0177 0.9905 0.1362
vn 0.1623 0.8769 -0.4524
vn 0.3760 0.8021 -0.4639
vn 0.3211 0.7936 -0.5168
vn 0.4916 0.6987 -0.5197
vn 0.5656 0.8247 -0.0061
vn 0.5586 0.8292 -0.0186
vn 0.5494 0.6146 -0.5660
vn 0.3665 0.6491 -0.6666
vn 0.0177 0.6984 -0.7155
vn 0.1674 0.6520 -0.7395
vn -0.1266 0.4994 -0.8571
vn -0.3484 0.4032 -0.8462
vn -0.8525 0.3009 -0.4274
vn -0.1448 0.9282 -0.3426
vn 0.1269 -0.4706 -0.8732
vn -0.0301 -0.4040 -0.9143
vn 0.0962 -0.4194 -0.9027
vn 0.8381 0.3340 -0.4312
vn 0.5719 0.4407 -0.6919
vn 0.6382 0.3691 -0.6756
vn 0.3880 0.4508 -0.8039
vn 0.7580 0.2345 -0.6086
vn 0.4132 0.4105 -0.8129
vn 0.8332 0.2286 -0.5035
vn 0.5903 0.3083 -0.7460
vn 0.6322 0.2492 -0.7337
vn 0.3919 0.3044 -0.8682
vn 0.6382 0.2130 -0.7398
vn 0.3921 0.2555 -0.8838
vn 0.6483 0.1534 -0.7458
vn 0.4022 0.2027 -0.8928
vn 0.5496 0.1008 -0.8293
vn 0.2715 0.5851 -0.7641
vn 0.2050 0.5398 -0.8164
vn 0.2271 0.3955 -0.8899
vn 0.1766 0.1875 -0.9662
vn 0.2456 0.1062 -0.9635
vn 0.0023 0.1071 -0.9943
vn 0.5799 0.0466 -0.8133
vn 0.7168 -0.0897 -0.6914
vn 0.7321 -0.0452 -0.6797
vn 0.2896 0.0478 -0.9560
vn 0.0140 0.0500 -0.9986
vn -0.9426 0.2913 -0.1634
vn -0.8520 0.4713 -0.2282
vn 0.3076 0.0156 -0.9514
vn 0.0201 0.0106 -0.9997
vn 0.1151 -0.6131 -0.7815
vn 0.0908 -0.6581 -0.7475
vn 0.0841 -0.6899 -0.7190
vn -0.0111 -0.6925 -0.7214
vn -0.0628 -0.6798 -0.7307
vn -0.0604 -0.6436 -0.7630
vn -0.0530 -0.6309 -0.7740
vn -0.7278 0.0914 0.6796
vn -0.6087 0.0882 0.7885
vn -0.6383 0.1374 0.7575
vn -0.4997 0.4092 0.7635
vn -0.0603 -0.8865 -0.4589
vn -0.0078 -0.9027 -0.4302
vn 0.0989 -0.9166 -0.3874
vn 0.0537 -0.0455 -0.9975
vn 0.0410 -0.0969 -0.9944
vn -0.0133 -0.1182 -0.9929
vn -0.0119 -0.0271 -0.9996
vn 0.0413 0.9936 -0.1050
vn -0.8296 0.5556 0.0550
vn -0.6825 0.7279 0.0663
vn 0.0793 0.9960 -0.0415
vn 0.0923 0.9955 -0.0228
vn 0.0817 0.9954 0.0491
vn -0.1320 0.3923 0.9103
vn -0.5610 0.3498 0.7502
vn 0.0409 0.9942 0.0990
vn 0.0171 0.9517 0.3064
vn 0.0357 0.9867 0.1585
vn 0.0604 0.9981 -0.0094
vn 0.0567 0.9981 0.0242
vn 0.0268 0.9767 0.2129
vn 0.0433 0.9945 -0.0952
vn 0.0423 0.9964 -0.0739
vn 0.9452 0.0072 -0.3265
vn 0.9499 0.0099 -0.3123
vn 0.8969 -0.0019 0.4422
vn 0.9173 0.0309 0.3970
vn 0.9342 0.0285 -0.3555
vn 0.9335 0.0072 -0.3584
vn 0.9325 0.0073 -0.3611
vn 0.9315 0.0073 -0.3636
vn 0.1206 -0.0003 0.9927
vn 0.4642 0.0206 0.8855
vn 0.9306 0.0073 -0.3661
vn 0.9296 0.0072 -0.3686
vn 0.8856 -0.0021 0.4644
vn 0.9261 0.0292 -0.3760
vn 0.9262 0.0071 -0.3769
vn 0.9251 0.0073 -0.3797
vn 0.9241 0.0074 -0.3822
vn 0.9230 0.0074 -0.3846
vn 0.8912 -0.0008 0.4535
vn 0.9530 0.0050 -0.3030
vn 0.8892 -0.0009 0.4575
vn 0.9182 -0.0166 -0.3959
vn 0.9186 0.0078 -0.3951
vn 0.9184 0.0072 -0.3955
vn 0.9103 -0.0477 -0.4112
vn 0.9198 -0.0351 0.3908
vn 0.9372 0.0025 0.3489
vn 0.9079 -0.0131 -0.4189
vn 0.8943 -0.0021 0.4475
vn 0.8925 -0.0019 0.4511
vn 0.1372 -0.0002 0.9905
vn 0.4841 -0.0015 0.8750
vn 0.9199 -0.0135 -0.3919
vn -0.2353 0.3403 0.9104
vn -0.2823 0.0037 0.9593
vn -0.2446 -0.4830 0.8408
vn 0.5347 -0.5493 0.6422
vn 0.6293 -0.0037 0.7771
vn 0.5563 0.4511 0.6979
vn -0.3589 -0.7043 -0.6125
vn -0.8460 -0.4491 -0.2874
vn -0.9048 -0.0147 -0.4256
vn -0.3196 -0.0174 -0.9474
vn -0.3308 -0.9437 -0.0056
vn -0.8483 -0.5294 0.0114
vn -0.9999 -0.0109 0.0106
vn -0.3547 -0.9350 -0.0028
vn -0.8483 -0.5293 0.0126
vn -0.9998 -0.0088 0.0185
vn -0.3029 -0.9390 -0.1627
vn -0.7770 -0.5566 -0.2941
vn -0.9382 -0.0034 -0.3460
vn -0.1372 -0.5329 -0.8350
vn -0.2836 -0.2333 -0.9301
vn -0.3588 -0.0003 -0.9334
vn 0.4125 -0.6894 -0.5955
vn 0.3719 -0.0168 -0.9281
vn 0.3701 -0.9289 -0.0124
vn 0.3741 -0.9273 -0.0096
vn 0.2968 -0.9362 -0.1883
vn 0.1022 -0.5203 -0.8479
vn 0.8648 -0.4243 -0.2686
vn 0.9200 -0.0109 -0.3917
vn 0.8623 -0.5064 -0.0059
vn 0.8548 -0.5190 -0.0058
vn 0.7552 -0.5443 -0.3653
vn 0.2306 -0.2167 -0.9486
vn 0.9999 -0.0077 -0.0117
vn 0.9999 -0.0091 -0.0042
vn 0.8973 -0.0036 -0.4414
vn 0.2778 -0.0005 -0.9606
vn -0.8794 0.0021 -0.4760
vn -0.8712 0.0019 -0.4910
vn -0.9933 0.0024 -0.1156
vn -0.9937 0.0024 -0.1116
vn -0.8553 0.4289 -0.2907
vn -0.3646 0.6930 -0.6220
vn -0.8561 0.5166 0.0124
vn -0.8563 0.5163 0.0143
vn -0.7849 0.5486 -0.2880
vn -0.2858 0.2380 -0.9282
vn -0.3337 0.9427 -0.0043
vn -0.3607 0.9327 -0.0040
vn -0.3113 0.9407 -0.1346
vn -0.1460 0.5525 -0.8206
vn -0.0105 -0.0036 -0.9999
vn -0.0130 -0.0001 -0.9999
vn 0.4191 0.6780 -0.6039
vn 0.3747 0.9271 -0.0113
vn 0.3798 0.9250 -0.0119
vn 0.3052 0.9386 -0.1607
vn 0.1107 0.5403 -0.8342
vn -0.0131 -0.0002 -0.9999
vn 0.8714 0.4084 -0.2716
vn 0.8693 0.4942 -0.0059
vn 0.8621 0.5067 -0.0053
vn 0.7610 0.5400 -0.3594
vn 0.2325 0.2189 -0.9476
vn -0.0130 -0.0002 -0.9999
vn -0.0128 -0.0000 -0.9999
vn -0.0127 -0.0000 -0.9999
vn -0.1917 -0.3241 -0.9264
vn -0.3076 -0.4124 -0.8575
vn -0.3573 -0.5042 -0.7862
vn -0.2635 -0.6379 -0.7237
vn -0.6311 -0.6447 -0.4313
vn -0.4740 -0.3507 -0.8077
vn -0.0491 -0.0343 -0.9982
vn -0.4885 -0.8726 -0.0041
vn -0.6707 -0.7413 -0.0257
vn -0.7692 -0.6372 -0.0478
vn -0.4969 -0.8678 0.0086
vn -0.6473 -0.7622 0.0077
vn -0.7715 -0.6362 0.0079
vn -0.5332 -0.8262 -0.1820
vn -0.6517 -0.7001 -0.2918
vn -0.7718 -0.6358 0.0064
vn -0.0956 -0.0523 -0.9940
vn -0.0128 -0.0002 -0.9999
vn -0.0549 -0.2927 -0.9546
vn -0.0511 -0.9153 -0.3994
vn -0.2381 -0.9494 -0.2049
vn -0.0023 -0.3341 -0.9425
vn -0.1228 -0.9924 0.0039
vn -0.3313 -0.9435 0.0026
vn -0.1314 -0.9913 0.0030
vn -0.3323 -0.9431 0.0079
vn -0.1314 -0.8850 -0.4466
vn -0.3727 -0.8664 -0.3323
vn -0.0129 0.0011 -0.9999
vn -0.0132 -0.0001 -0.9999
vn 0.0107 -0.2619 -0.9650
vn 0.0334 -0.9173 -0.3968
vn -0.0231 -0.3359 -0.9416
vn 0.1079 -0.9942 0.0015
vn 0.1114 -0.9938 0.0014
vn 0.0860 -0.8612 -0.5010
vn -0.0130 0.0003 -0.9999
vn -0.0131 -0.0001 -0.9999
vn 0.0500 -0.1771 -0.9829
vn 0.2214 -0.9539 -0.2026
vn 0.2422 -0.6426 -0.7269
vn 0.3165 -0.9486 -0.0047
vn 0.3134 -0.9496 -0.0001
vn 0.2908 -0.7684 -0.5701
vn 0.0251 -0.0368 -0.9990
vn 0.4830 -0.8755 -0.0125
vn 0.4859 -0.8740 -0.0094
vn 0.4778 -0.8654 -0.1511
vn 0.2612 -0.4820 -0.8363
vn 0.4879 -0.6882 -0.5370
vn 0.0530 -0.1188 -0.9915
vn 0.6225 -0.6595 -0.4215
vn 0.4634 -0.3515 -0.8134
vn 0.6621 -0.7484 -0.0380
vn 0.6569 -0.7539 -0.0099
vn 0.0850 -0.0544 -0.9949
vn 0.1073 -0.1799 -0.9778
vn 0.7607 -0.6460 -0.0636
vn 0.7603 -0.6494 -0.0135
vn 0.7594 -0.6506 -0.0019
vn 0.8550 -0.5185 -0.0132
vn 0.6333 -0.5371 -0.5573
vn 0.1273 -0.1128 -0.9854
vn 0.7886 -0.4918 -0.3690
vn 0.7465 -0.2368 -0.6218
vn 0.8505 -0.5247 -0.0354
vn 0.0245 -0.0004 -0.9997
vn 0.7186 -0.0001 -0.6955
vn -0.9010 0.2512 -0.3537
vn 0.7592 -0.4031 -0.5110
vn 0.5139 -0.2468 -0.8216
vn 0.7688 0.5011 -0.3972
vn 0.9631 -0.2689 -0.0082
vn 0.9632 -0.2684 -0.0160
vn 0.9059 -0.2831 -0.3149
vn 0.8734 -0.3972 -0.2818
vn -0.0101 0.0037 -0.9999
vn 0.4766 -0.2385 -0.8462
vn 0.9999 0.0002 -0.0146
vn 0.9999 -0.0009 -0.0107
vn 0.9750 0.0004 -0.2224
vn 0.3917 -0.1173 -0.9126
vn 0.4872 0.0009 -0.8733
vn -0.9703 0.0001 0.2419
vn -0.6960 0.0018 -0.7180
vn -0.6952 0.0016 -0.7188
vn -0.6944 0.0016 -0.7196
vn -0.6938 0.0016 -0.7202
vn -0.6934 0.0016 -0.7205
vn -0.6931 0.0016 -0.7209
vn -0.6921 0.0016 -0.7218
vn -0.6913 0.0016 -0.7226
vn -0.9705 0.0023 0.2411
vn -0.0140 -0.0003 -0.9999
vn -0.7789 0.0008 -0.6271
vn -0.7795 0.0008 -0.6264
vn -0.7858 0.0010 -0.6185
vn -0.7860 -0.0016 -0.6183
vn -0.7786 0.0008 -0.6275
vn -0.7790 0.0008 -0.6271
vn -0.9593 -0.2333 -0.1589
vn -0.5566 -0.1097 -0.8235
vn -0.6468 -0.0005 -0.7627
vn -0.9976 -0.0005 -0.0688
vn -0.9635 -0.2672 0.0144
vn -0.9999 -0.0004 0.0119
vn -0.9655 -0.2602 0.0107
vn -1.0000 -0.0002 0.0052
vn -0.7501 -0.2301 -0.6201
vn -0.7231 0.0087 -0.6907
vn -0.0377 -0.0001 -0.9993
vn -0.7984 -0.4960 -0.3415
vn -0.3700 -0.1691 -0.9135
vn -0.8783 -0.4780 0.0131
vn -0.8542 -0.5196 -0.0199
vn -0.7863 -0.4957 -0.3688
vn -0.6167 -0.5373 -0.5754
vn -0.1669 -0.1470 -0.9750
vn 0.7545 -0.0218 -0.6559
vn 0.5697 -0.1207 -0.8130
vn 0.7028 -0.0448 -0.7100
vn 0.3303 0.0018 -0.9439
vn 0.3339 0.0046 -0.9426
vn 0.3461 -0.0028 -0.9382
vn 0.0399 -0.0002 -0.9992
vn 0.0305 -0.0002 -0.9995
vn 0.9990 -0.0337 -0.0305
vn 0.7224 -0.0576 -0.6891
vn 0.3512 -0.0063 -0.9363
vn 0.3663 0.0027 -0.9305
vn 0.0496 -0.0004 -0.9988
vn 0.0328 0.3145 0.9487
vn 0.0525 0.2749 0.9600
vn 0.0129 -0.0000 0.9999
vn -0.2591 0.0006 0.9658
vn -0.2572 0.0006 0.9663
vn 0.0129 0.0002 0.9999
vn 0.0230 0.9913 -0.1296
vn 0.0543 0.9984 0.0134
vn -0.2649 0.0006 0.9643
vn -0.8572 0.0017 0.5150
vn -0.8544 0.0017 0.5197
vn -0.2611 0.0006 0.9653
vn -0.2630 0.0006 0.9648
vn 0.0267 0.9954 -0.0918
vn 0.0595 0.9970 0.0492
vn 0.0319 0.9979 -0.0563
vn 0.0635 0.9953 0.0731
vn -0.6053 0.0018 0.7960
vn -0.6248 -0.0100 0.7807
vn -0.6348 0.0021 0.7727
vn -0.6243 0.0146 0.7810
vn -0.6086 0.0394 0.7925
vn -0.7431 0.0348 0.6683
vn -0.7556 -0.0041 0.6550
vn -0.7595 0.0023 0.6505
vn -0.7550 0.0085 0.6556
vn -0.7435 0.0028 0.6687
vn -0.7347 0.0026 0.6784
vn -0.7259 0.0024 0.6878
vn -0.7189 0.0024 0.6951
vn -0.7096 0.0023 0.7046
vn -0.8437 0.0208 0.5364
vn -0.8383 0.0154 0.5450
vn -0.8287 0.0154 0.5595
vn -0.8190 -0.0055 0.5737
vn -0.6901 -0.0083 0.7236
vn -0.5861 -0.0040 0.8102
vn -0.5902 0.0314 0.8067
vn -0.8427 0.0019 0.5384
vn -0.8367 0.0019 0.5476
vn -0.8114 0.0017 0.5845
vn -0.8144 0.0017 0.5803
vn -0.8173 0.0017 0.5763
vn -0.8201 0.0017 0.5722
vn -0.8239 0.0017 0.5667
vn -0.8260 0.0017 0.5636
vn -0.8287 0.0017 0.5596
vn -0.8317 0.0017 0.5552
vn -0.8449 0.0020 0.5349
vn -0.6942 0.6844 0.2229
vn -0.7148 0.6633 0.2216
vn -0.8626 0.4706 0.1857
vn 0.0346 -0.2369 0.9709
vn 0.0362 -0.2416 0.9697
vn 0.0424 -0.0690 0.9967
vn 0.0414 -0.0967 0.9945
vn 0.0248 -0.2362 0.9714
vn 0.3390 -0.6795 0.6507
vn 0.3404 -0.7098 0.6167
vn 0.6186 -0.5918 0.5169
vn 0.6396 -0.5538 0.5331
vn -0.3206 0.8789 0.3532
vn 0.0376 0.9991 -0.0185
vn 0.0448 0.9988 0.0172
vn 0.0519 0.9972 0.0541
vn 0.0609 -0.9968 -0.0516
vn 0.0377 -0.9962 0.0790
vn 0.0339 -0.9932 0.1111
vn 0.0334 -0.9891 0.1431
vn 0.0565 0.9943 0.0904
vn 0.0416 -0.0621 0.9972
vn -0.5206 0.2741 0.8086
vn -0.4791 0.1987 0.8550
vn -0.8121 0.3487 0.4679
vn -0.6429 0.4634 0.6099
vn -0.7917 0.4039 0.4583
vn -0.8158 0.3814 0.4349
vn -0.8353 0.2838 0.4709
vn -0.8299 0.3063 0.4662
vn 0.0406 0.0816 0.9958
vn 0.0445 0.1272 0.9909
vn 0.0391 0.1716 0.9844
vn 0.0356 0.2059 0.9779
vn 0.0432 0.0380 0.9983
vn 0.0405 0.0674 0.9969
vn 0.0369 0.0871 0.9955
vn 0.0404 -0.1293 0.9908
vn 0.0216 -0.1838 0.9827
vn 0.0308 -0.1581 0.9869
vn 0.0133 0.0468 0.9988
vn 0.0129 0.0098 0.9999
vn 0.0129 0.0001 0.9999
vn 0.0130 0.0001 0.9999
vn 0.0130 0.0002 0.9999
vn 0.0129 -0.0122 0.9998
vn 0.2782 0.1183 0.9532
vn 0.0197 0.1624 0.9865
vn 0.0237 0.1867 0.9821
vn 0.0140 0.0702 0.9974
vn 0.0434 0.0672 0.9968
vn 0.0397 0.1149 0.9926
vn 0.0370 0.1605 0.9863
vn 0.0424 0.1073 0.9933
vn 0.0407 0.1376 0.9896
vn 0.0405 0.2192 0.9748
vn 0.7768 -0.5588 0.2904
vn 0.7542 -0.5973 0.2727
vn 0.7626 -0.6055 0.2276
vn 0.8165 -0.5392 0.2063
vn 0.9374 -0.3235 0.1291
vn 0.8504 -0.4709 0.2345
vn -0.7707 0.3343 0.5425
vn -0.9009 0.2156 0.3767
vn -0.8503 0.1781 0.4952
vn -0.9102 0.1688 0.3782
vn -0.7978 0.2540 0.5467
vn -0.9289 0.1813 0.3229
vn -0.8237 0.1756 0.5391
vn -0.7813 0.1128 0.6138
vn -0.5200 0.1744 0.8362
vn -0.7512 0.1115 0.6506
vn -0.8114 0.0933 0.5769
vn -0.6452 0.5112 0.5678
vn -0.8807 0.2709 0.3886
vn -0.7949 0.3246 0.5126
vn -0.7384 0.4088 0.5363
vn -0.6376 0.3532 0.6846
vn -0.5780 0.4313 0.6927
vn -0.6491 0.3865 0.6552
vn -0.0764 0.9963 -0.0383
vn -0.1054 0.9874 -0.1182
vn -0.0462 0.9973 -0.0576
vn -0.2435 0.9412 -0.2344
vn -0.0130 0.9319 -0.3624
vn -0.1783 0.9833 -0.0367
vn -0.7119 0.3432 0.6128
vn 0.0487 0.9983 0.0304
vn 0.0530 0.9986 -0.0043
vn 0.0556 0.9978 -0.0360
vn 0.0508 0.9931 -0.1060
vn 0.0423 0.9916 -0.1222
vn -0.9602 0.1564 0.2313
vn -0.9958 0.0517 0.0759
vn -0.9147 0.1795 0.3621
vn -0.9930 0.0696 0.0950
vn -0.9732 0.0826 0.2145
vn -0.5629 0.6118 0.5557
vn -0.8051 0.4383 0.3997
vn -0.5328 0.5834 0.6130
vn -0.7873 0.3858 0.4809
vn -0.9331 0.2451 0.2631
vn -0.7735 0.4320 0.4637
vn -0.7784 0.4398 0.4480
vn -0.8888 0.3092 0.3382
vn -0.5672 0.5713 0.5932
vn -0.9966 -0.0829 0.0033
vn -0.8922 -0.4506 -0.0304
vn -0.8906 -0.4545 -0.0157
vn -0.9978 -0.0663 0.0071
vn -0.9922 0.0548 0.1119
vn -0.9220 0.0609 0.3823
vn -0.9989 0.0193 0.0433
vn -0.1213 0.8716 -0.4750
vn -0.3649 0.8332 -0.4155
vn -0.6895 0.6739 -0.2653
vn -0.9227 0.2433 0.2989
vn -0.9167 0.2881 0.2769
vn -0.9542 0.1982 0.2242
vn -0.9995 0.0157 0.0285
vn -0.9996 0.0149 0.0236
vn -0.6609 0.6983 0.2749
vn -0.7855 0.5906 0.1849
vn -0.8215 0.5423 0.1764
vn -0.7911 0.5985 0.1264
vn -0.8023 0.5903 0.0887
vn -0.7906 0.6058 0.0892
vn -0.7712 0.5286 0.3547
vn -0.7872 0.5228 0.3270
vn -0.7984 0.5486 0.2483
vn -0.8024 0.5543 0.2212
vn -0.6574 0.5985 0.4578
vn -0.7996 0.4900 0.3471
vn -0.8045 0.4387 0.4005
vn -0.9004 0.3051 0.3101
vn -0.7841 0.6118 0.1044
vn -0.7756 0.6209 0.1134
vn -0.7550 0.6442 0.1228
vn -0.7807 0.5615 0.2744
vn -0.7237 0.6283 0.2854
vn -0.6717 0.7178 0.1832
vn -0.6243 0.7703 0.1298
vn -0.5686 0.8112 0.1362
vn -0.6864 0.7106 0.1546
vn -0.5875 0.7986 0.1310
vn -0.6220 0.7735 0.1220
vn -0.7121 0.5922 0.3772
vn -0.6499 0.6936 0.3106
vn -0.0380 0.6870 0.7256
vn -0.0574 0.7597 0.6477
vn -0.8426 0.4273 0.3277
vn -0.5048 0.5995 0.6210
vn -0.9734 0.2290 0.0018
vn -0.9794 0.1996 0.0301
vn 0.0108 0.3057 0.9521
vn -0.7257 0.6684 0.1634
vn -0.9101 0.3975 0.1169
vn -0.7748 0.6214 0.1165
vn -0.9134 0.3945 0.1005
vn -0.9284 0.3650 0.0694
vn -0.9904 0.1337 0.0353
vn -0.7616 0.6408 0.0969
vn -0.9423 0.3298 0.0569
vn -0.8941 0.3669 0.2568
vn -0.9224 0.3364 0.1898
vn -0.9622 0.2388 0.1309
vn -0.9926 0.1038 0.0626
vn -0.9851 0.1498 0.0849
vn -0.9969 0.0701 0.0367
vn -0.9477 0.2478 0.2010
vn -0.7873 0.0017 0.6165
vn -0.1827 0.0006 0.9832
vn -0.1844 0.0006 0.9829
vn -0.1861 0.0006 0.9825
vn -0.7903 0.0017 0.6127
vn -0.6678 0.7436 0.0324
vn -0.6959 0.7181 0.0077
vn -0.6419 0.7666 -0.0136
vn -0.8581 0.5134 -0.0004
vn -0.8603 0.5098 0.0073
vn -0.6370 0.7700 0.0357
vn -0.7872 0.6120 0.0759
vn -0.7679 0.6364 0.0733
vn -0.7726 0.6243 0.1157
vn -0.7352 0.6704 0.1001
vn -0.7270 0.6801 0.0946
vn -0.7287 0.6815 0.0677
vn -0.7088 0.7047 0.0330
vn -0.6529 0.7507 0.1009
vn -0.6710 0.7367 0.0836
vn -0.7877 0.6106 0.0819
vn -0.9593 0.2784 0.0481
vn -0.8120 0.5797 0.0683
vn -0.9718 0.2320 0.0419
vn 0.6575 0.5537 -0.5109
vn -0.2379 0.0503 0.9700
vn -0.2728 0.0118 0.9620
vn -0.2773 0.0011 0.9608
vn -0.2815 0.0099 0.9595
vn -0.4383 0.0013 0.8988
vn -0.2808 -0.0075 0.9597
vn -0.2747 0.0006 0.9615
vn -0.8327 0.0439 0.5520
vn -0.8468 0.0368 0.5307
vn -0.8600 0.0111 0.5101
vn -0.8972 0.0026 0.4416
vn -0.8887 0.0029 0.4585
vn -0.8830 0.0027 0.4694
vn -0.9011 0.0027 0.4335
vn -0.8710 0.0133 0.4912
vn -0.8864 0.0165 0.4626
vn -0.8879 -0.0145 0.4597
vn -0.8697 -0.0081 0.4934
vn -0.8562 0.0036 0.5166
vn -0.7483 0.0018 0.6634
vn -0.7444 0.0018 0.6677
vn -0.1352 0.0005 0.9908
vn -0.1369 0.0005 0.9906
vn -0.1381 0.0005 0.9904
vn -0.1395 0.0005 0.9902
vn -0.8579 -0.0123 0.5137
vn -0.8347 0.0017 0.5507
vn -0.8361 0.0017 0.5486
vn -0.8390 0.0017 0.5441
vn -0.8410 0.0017 0.5411
vn -0.8435 0.0017 0.5371
vn -0.8462 0.0017 0.5328
vn -0.8492 0.0017 0.5280
vn -0.8601 0.0017 0.5101
vn -0.8630 0.0017 0.5053
vn -0.9785 0.0081 0.2059
vn -0.9746 -0.0119 0.2238
vn -0.8152 -0.0373 0.5779
vn -0.8579 0.0188 0.5135
vn -0.9381 0.0207 0.3459
vn -0.9997 0.0074 0.0251
vn -0.9995 0.0025 0.0301
vn -0.9999 -0.0103 -0.0007
vn -0.9798 -0.1018 -0.1721
vn -0.9876 -0.0152 -0.1563
vn -0.9991 0.0022 0.0433
vn -0.8279 0.0019 0.5609
vn -0.8224 0.0019 0.5689
vn -0.7717 0.0018 0.6360
vn -0.7742 0.0017 0.6330
vn -0.7756 0.0017 0.6312
vn -0.7787 0.0017 0.6274
vn -0.7817 0.0017 0.6236
vn -0.7851 0.0017 0.6194
vn -0.7932 0.0017 0.6089
vn -0.7961 0.0017 0.6052
vn -0.7990 0.0017 0.6013
vn -0.8020 0.0017 0.5974
vn -0.8053 0.0017 0.5929
vn -0.8081 0.0017 0.5891
vn -0.9950 0.0026 0.0999
vn -0.9939 0.0024 0.1102
vn -0.8816 0.0025 0.4721
vn -0.2688 0.0006 0.9632
vn -0.2668 0.0006 0.9637
vn -0.2727 0.0006 0.9621
vn -0.2707 0.0006 0.9627
vn -0.8581 0.0019 -0.5136
vn -0.8562 0.0019 -0.5167
vn -0.9886 0.0023 -0.1502
vn -0.9892 0.0023 -0.1463
vn -0.9921 0.0024 0.1255
vn -0.8658 0.0023 0.5003
vn -0.9552 0.0025 0.2958
vn -0.9355 0.0083 0.3532
vn -0.9997 0.0012 0.0227
vn -0.9438 -0.0029 0.3305
vn 0.0284 0.9886 -0.1479
vn -0.1847 0.7094 -0.6802
vn -0.4606 0.5861 -0.6666
vn -0.4876 0.6058 -0.6287
vn -0.0925 0.3794 -0.9206
vn -0.0128 0.1156 -0.9932
vn 0.0178 0.5493 0.8355
vn 0.0260 0.3579 0.9334
vn 0.0321 0.2945 0.9551
vn -0.7772 -0.4235 -0.4655
vn -0.6788 -0.5005 -0.5374
vn -0.6198 -0.5674 -0.5421
vn -0.6769 -0.5582 -0.4799
vn -0.7149 -0.5360 -0.4491
vn -0.7724 -0.4917 -0.4021
vn -0.8497 -0.3835 -0.3619
vn 0.0810 -0.7276 -0.6812
vn -0.5761 0.8172 -0.0173
vn -0.4994 0.8633 -0.0730
vn -0.2926 0.9398 -0.1768
vn -0.7495 0.6550 -0.0964
vn -0.1972 0.9737 -0.1137
vn -0.7479 0.6571 -0.0943
vn -0.2009 0.9749 -0.0960
vn -0.7558 0.6498 -0.0808
vn -0.1622 0.9782 -0.1299
vn -0.7754 0.6184 -0.1279
vn -0.1321 0.9793 -0.1531
vn -0.7899 0.5984 -0.1341
vn -0.7496 0.6544 -0.0998
vn -0.8653 0.5012 0.0106
vn -0.7722 0.6294 -0.0866
vn -0.7806 0.6156 -0.1081
vn -0.7808 0.6089 -0.1402
vn -0.7888 0.5979 -0.1426
vn -0.8014 0.5970 -0.0370
vn -1.0000 -0.0012 0.0090
vn -0.9984 -0.0405 -0.0383
vn -0.9932 0.0028 -0.1161
vn -0.9932 0.0029 -0.1165
vn -0.1276 0.9026 0.4110
vn 0.1331 0.9509 0.2794
vn 0.4080 0.9121 0.0404
vn -0.9656 0.2601 -0.0004
vn -0.9542 0.2992 -0.0096
vn -0.9387 0.3439 -0.0255
vn -0.9991 0.0300 0.0296
vn -0.9995 0.0325 0.0060
vn -0.9176 0.3956 -0.0394
vn -0.9983 0.0591 0.0019
vn -0.9944 0.1058 -0.0047
vn -0.9843 0.1752 -0.0218
vn -0.9348 0.3416 -0.0972
vn 0.0390 -0.9952 -0.0899
vn 0.0468 -0.9979 -0.0453
vn 0.0594 -0.9980 0.0216
vn 0.0337 -0.9896 -0.1401
vn -0.6124 0.7584 -0.2232
vn -0.7930 0.5861 -0.1665
vn -0.7326 0.6222 -0.2759
vn -0.6480 0.7006 -0.2989
vn -0.4753 0.7718 -0.4225
vn -0.6954 0.6117 -0.3772
vn -0.5951 0.6633 -0.4538
vn -0.7727 0.5123 -0.3748
vn -0.6170 0.5382 -0.5741
vn -0.1959 0.7042 -0.6824
vn -0.7536 0.4609 -0.4687
vn -0.6527 0.5286 -0.5428
vn -0.7637 0.4195 -0.4907
vn -0.6196 0.5353 -0.5741
vn -0.5899 0.8009 -0.1033
vn -0.7277 0.6613 -0.1820
vn -0.7789 0.5796 -0.2396
vn -0.8508 0.4688 -0.2375
vn -0.6083 0.7468 -0.2690
vn -0.5587 0.7788 -0.2852
vn -0.5689 0.7490 -0.3396
vn -0.6926 0.5810 -0.4275
vn -0.8015 0.5119 -0.3092
vn -0.6512 0.6307 -0.4222
vn -0.7875 0.5155 -0.3378
vn -0.6342 0.5411 -0.5522
vn -0.7834 0.4250 -0.4536
vn -0.6405 0.5205 -0.5647
vn -0.6364 0.4889 -0.5967
vn -0.7921 0.2754 -0.5447
vn -0.7726 0.3601 -0.5228
vn -0.7486 0.6290 -0.2097
vn -0.7337 0.6314 -0.2512
vn -0.9088 0.3890 -0.1507
vn -0.9965 0.0804 -0.0219
vn -0.9994 0.0313 -0.0121
vn -0.9859 0.1329 -0.1019
vn -0.8854 0.3394 -0.3175
vn -0.6036 0.4597 -0.6514
vn -0.8092 0.3646 -0.4607
vn -0.4607 0.5432 -0.7019
vn -0.9494 0.2017 -0.2407
vn -0.7771 0.0008 -0.6293
vn -0.7773 0.0009 -0.6292
vn -0.7861 0.0010 -0.6181
vn -0.7868 0.0128 -0.6171
vn -0.7774 0.0115 -0.6289
vn -0.7769 0.0010 -0.6296
vn -0.7772 0.0009 -0.6292
vn -0.9859 0.1210 -0.1158
vn -0.9994 0.0294 -0.0155
vn -0.9985 0.0396 -0.0374
vn -0.9953 0.0642 -0.0722
vn -0.9843 0.0903 -0.1513
vn -0.5928 0.4895 -0.6395
vn -0.6815 0.4769 -0.5551
vn -0.4094 0.5451 -0.7316
vn -0.6311 0.4046 -0.6618
vn -0.7533 0.3790 -0.5375
vn -0.5127 0.4585 -0.7259
vn -0.6675 0.2950 -0.6837
vn -0.7390 0.2620 -0.6207
vn -0.6906 0.1094 -0.7149
vn -0.0953 0.1040 -0.9900
vn -0.7640 0.0602 -0.6425
vn -0.6760 0.5498 -0.4906
vn -0.8372 0.3662 -0.4061
vn -0.5684 0.4904 -0.6606
vn -0.7742 0.3888 -0.4994
vn -0.6211 0.4327 -0.6534
vn -0.7055 0.4100 -0.5781
vn -0.8383 0.1918 -0.5103
vn -0.6440 0.3062 -0.7011
vn -0.7829 0.2224 -0.5810
vn -0.7270 0.2793 -0.6272
vn -0.7984 0.0095 -0.6021
vn -0.5051 0.0652 -0.8606
vn -0.9675 0.0693 -0.2433
vn -0.9860 0.0273 -0.1643
vn -0.1067 0.0439 -0.9933
vn -0.7807 0.0509 -0.6229
vn -0.1098 0.0091 -0.9939
vn -0.1098 -0.0010 -0.9940
vn -0.1092 -0.0010 -0.9940
vn -0.1085 -0.0010 -0.9941
vn -0.1079 -0.0010 -0.9942
vn -0.1073 -0.0010 -0.9942
vn -0.7777 0.0008 -0.6286
vn -0.1067 -0.0010 -0.9943
vn -0.7780 0.0008 -0.6283
vn -0.7874 0.0538 -0.6140
vn -0.4819 0.0482 -0.8749
vn -0.4923 0.0128 -0.8703
vn -0.4761 0.0063 -0.8794
vn -0.4604 -0.0065 -0.8877
vn -0.4580 -0.3288 -0.8259
vn -0.6425 -0.3767 -0.6674
vn -0.6653 -0.3455 -0.6619
vn -0.6695 -0.3438 -0.6585
vn -0.8185 -0.3439 -0.4603
vn -0.8690 0.0045 -0.4948
vn -0.8699 0.0019 -0.4932
vn -0.8715 0.0019 -0.4905
vn -0.8777 0.0103 -0.4791
vn -0.8709 0.0348 -0.4902
vn -0.8303 0.0024 -0.5573
vn -0.8324 0.0024 -0.5542
vn -0.6209 0.0047 -0.7839
vn -0.6198 0.0047 -0.7847
vn -0.6138 0.0047 -0.7894
vn -0.8277 0.0023 -0.5612
vn -0.9926 0.0103 -0.1214
vn -0.9940 0.0036 -0.1098
vn -0.8546 0.0019 -0.5193
vn -0.8534 0.0019 -0.5213
vn -0.9879 0.0023 -0.1552
vn -0.9883 0.0023 -0.1528
vn -0.1062 -0.0004 -0.9943
vn -0.7782 0.0008 -0.6280
vn -0.1055 -0.0010 -0.9944
vn -0.7784 0.0008 -0.6278
vn -0.1050 -0.0005 -0.9945
vn -0.7784 0.0008 -0.6277
vn -0.1043 -0.0010 -0.9945
vn -0.1037 -0.0010 -0.9946
vn -0.1031 -0.0010 -0.9947
vn -0.1025 -0.0010 -0.9947
vn -0.1020 -0.0004 -0.9948
vn -0.7796 0.0009 -0.6263
vn -0.1013 -0.0010 -0.9949
vn -0.7797 0.0009 -0.6261
vn -0.8583 -0.0017 -0.5132
vn -0.9898 -0.0013 -0.1428
vn -0.7358 -0.0056 0.6771
vn -0.1284 -0.0108 0.9917
vn -0.1313 0.0006 0.9913
vn -0.1327 0.0005 0.9912
vn -0.7418 0.0018 0.6706
vn -0.2553 0.0006 0.9669
vn -0.2535 0.0006 0.9673
vn -0.2516 0.0006 0.9678
vn -0.2497 0.0006 0.9683
vn -0.2478 0.0006 0.9688
vn -0.2461 0.0006 0.9693
vn -0.2436 0.0006 0.9699
vn -0.1371 -0.6075 -0.7824
vn -0.5483 -0.5437 -0.6354
vn -0.7067 -0.1199 -0.6973
vn -0.0705 -0.1113 -0.9913
vn -0.2644 -0.9083 -0.3241
vn -0.7996 -0.5701 -0.1890
vn -0.2590 -0.9481 0.1847
vn -0.8363 -0.5427 0.0775
vn -0.2101 -0.6841 0.6985
vn -0.7109 -0.4892 0.5052
vn -0.2525 -0.1603 0.9542
vn -0.8343 -0.0579 0.5482
vn -0.6757 0.3126 -0.6676
vn -0.1670 0.4425 -0.8811
vn -0.2514 0.3310 0.9095
vn -0.8000 0.1979 0.5664
vn -0.5326 -0.8123 -0.2379
vn -0.1709 -0.9725 -0.1585
vn -0.3085 -0.8106 -0.4978
vn -0.4906 -0.8564 0.1609
vn -0.1521 -0.9879 0.0297
vn -0.2158 -0.8864 0.4094
vn -0.5553 -0.5048 -0.6610
vn -0.4419 -0.0981 -0.8917
vn -0.3478 -0.6537 0.6721
vn -0.2022 -0.3824 0.9016
vn -0.4493 0.2824 -0.8476
vn -0.4705 -0.1347 0.8720
vn -0.1216 0.0003 0.9926
vn -0.1346 0.1707 0.9761
vn -0.5062 0.2547 0.8239
vn -0.9606 -0.2302 -0.1554
vn -0.7116 -0.5862 -0.3872
vn -0.9278 -0.2409 -0.2848
vn -0.9400 -0.3347 -0.0661
vn -0.9308 -0.3617 0.0524
vn -0.9504 -0.2800 0.1353
vn -0.7024 -0.6090 0.3685
vn -0.9840 -0.1172 0.1340
vn -0.8099 -0.4059 0.4235
vn -0.6942 -0.3478 0.6302
vn -0.9471 -0.1164 0.2990
vn -0.8417 -0.2264 -0.4901
vn -0.8537 -0.0639 -0.5168
vn -0.9241 -0.0342 0.3807
vn -0.8707 0.1525 -0.4676
vn -0.9904 0.0392 -0.1329
vn -0.9303 0.0879 0.3560
vn -0.9997 -0.0197 0.0143
vn 0.6738 0.0062 0.7389
vn 0.7683 -0.0934 0.6332
vn 0.8064 -0.2635 0.5294
vn 0.5974 0.1228 0.7925
vn -0.9994 0.0002 0.0357
vn -0.9995 0.0088 0.0295
vn -0.2423 0.0006 0.9702
vn -0.2405 0.0006 0.9706
vn -0.2387 0.0006 0.9711
vn -0.2367 0.0006 0.9716
vn -0.2349 0.0006 0.9720
vn -0.2331 0.0006 0.9725
vn -0.2313 0.0006 0.9729
vn -0.2295 0.0006 0.9733
vn -0.7860 0.0010 -0.6182
vn -0.9928 0.0023 -0.1194
vn -0.9417 0.2501 -0.2250
vn -0.3318 0.6782 -0.6557
vn -0.6772 0.6791 -0.2832
vn -0.1726 0.8893 -0.4235
vn -0.7052 0.6967 0.1314
vn -0.5519 0.6344 0.5413
vn -0.1181 0.7831 0.6106
vn -0.0610 0.9906 0.1222
vn -0.1121 0.7071 -0.6982
vn -0.6341 0.5565 -0.5369
vn -0.2748 0.5014 0.8205
vn -0.5292 0.6729 0.5168
vn -0.4451 0.8585 -0.2547
vn -0.4305 0.8953 0.1143
vn -0.8825 0.2609 -0.3913
vn -0.9911 0.0856 -0.1022
vn -0.6963 0.3994 0.5964
vn -0.9546 0.1717 0.2436
vn -0.9625 0.2013 -0.1818
vn -0.8711 0.4263 -0.2437
vn -0.9893 0.1274 -0.0714
vn -0.8526 0.5062 -0.1300
vn -0.8310 0.5503 0.0816
vn -0.8214 0.5187 0.2373
vn -0.9085 0.3172 0.2720
vn -0.9725 0.1999 0.1194
vn -0.9851 0.1703 -0.0234
vn -0.9797 0.1977 0.0343
vn -0.2277 0.0006 0.9737
vn -0.2259 0.0006 0.9742
vn -0.2241 0.0006 0.9746
vn -0.2223 0.0006 0.9750
vn -0.2205 0.0006 0.9754
vn -0.2187 0.0006 0.9758
vn -0.2170 0.0006 0.9762
vn -0.2152 0.0006 0.9766
vn -0.3908 -0.4371 -0.8101
vn -0.8047 -0.4640 -0.3703
vn -0.9274 -0.0798 -0.3655
vn -0.4637 -0.3516 -0.8132
vn -0.9749 -0.1404 -0.1730
vn -0.7320 0.2572 0.6309
vn -0.8327 0.5359 0.1394
vn -0.9042 0.3923 -0.1688
vn -0.9965 -0.0642 -0.0527
vn -0.4135 -0.4595 -0.7861
vn -0.8160 -0.4609 -0.3488
vn -0.9346 -0.0692 -0.3489
vn -0.4884 -0.3438 -0.8020
vn -0.9206 -0.3674 0.1323
vn -0.5545 0.3142 0.7706
vn -0.9540 0.0576 0.2944
vn -0.4074 0.4974 0.7659
vn -0.2236 -0.5904 -0.7756
vn -0.2667 -0.5184 -0.8125
vn -0.5784 -0.3730 -0.7255
vn -0.1777 -0.5319 -0.8279
vn -0.1746 -0.4443 -0.8787
vn -0.2035 -0.4828 -0.8518
vn -0.8852 -0.4645 -0.0248
vn -0.9204 -0.3907 -0.0138
vn -0.9867 0.0823 0.1405
vn -0.9949 0.0803 -0.0616
vn -0.1873 -0.4558 -0.8702
vn -0.9394 0.0615 0.3371
vn -0.8275 0.4521 0.3329
vn -0.9140 0.3815 -0.1379
vn -0.9439 -0.0549 -0.3257
vn -0.8321 -0.4483 -0.3266
vn -0.9167 -0.3672 0.1576
vn -0.8081 -0.3329 -0.4859
vn -0.6855 -0.3887 -0.6156
vn -0.8556 -0.2665 -0.4438
vn -0.1818 -0.4426 -0.8781
vn -0.7769 -0.2687 -0.5694
vn -0.1658 -0.4815 -0.8607
vn -0.6528 -0.3571 -0.6681
vn -0.8437 -0.2660 -0.4663
vn -0.1935 -0.4733 -0.8594
vn -0.2686 -0.4440 -0.8548
vn -0.8075 -0.2544 -0.5322
vn -0.9502 -0.1561 -0.2698
vn -0.5384 -0.4152 -0.7333
vn -0.2903 -0.4577 -0.8404
vn -0.8768 -0.2295 -0.4226
vn -0.9294 -0.2585 -0.2634
vn -0.9970 -0.0433 -0.0639
vn -0.9309 -0.0702 -0.3585
vn -0.9275 0.0119 -0.3736
vn -0.9350 0.0045 -0.3546
vn -0.9370 -0.0194 -0.3487
vn -0.9952 -0.0478 -0.0859
vn -0.9998 -0.0118 -0.0152
vn -0.9519 -0.3063 0.0112
vn -0.9474 -0.3200 0.0107
vn -0.4707 -0.8823 0.0056
vn -0.4839 -0.8751 0.0059
vn -0.4866 -0.8736 0.0057
vn -0.2135 0.0006 0.9770
vn -0.2117 0.0006 0.9773
vn -0.2100 0.0006 0.9777
vn -0.2082 0.0006 0.9781
vn -0.2065 0.0006 0.9784
vn -0.2048 0.0006 0.9788
vn -0.2030 0.0006 0.9792
vn -0.2013 0.0006 0.9795
vn -0.6863 0.0017 -0.7273
vn -0.6856 0.0017 -0.7280
vn -0.8238 0.0023 -0.5668
vn -0.8225 0.0023 -0.5687
vn -0.8203 0.0022 -0.5719
vn -0.6899 0.0017 -0.7239
vn -0.6890 0.0017 -0.7248
vn -0.6878 0.0017 -0.7259
vn -0.6875 0.0017 -0.7262
vn -0.9077 0.0026 0.4196
vn -0.9136 0.0029 0.4066
vn -0.8838 0.0022 0.4680
vn -0.8745 0.0022 0.4849
vn -0.8610 0.0024 0.5086
vn -0.8555 0.0023 0.5178
vn -0.9243 0.0022 0.3817
vn -0.9269 0.0031 0.3754
vn -0.9390 0.0030 0.3438
vn -0.8212 0.0020 0.5707
vn -0.9254 0.3482 -0.1496
vn -0.9995 -0.0262 -0.0146
vn -0.4506 0.4498 0.7711
vn -0.8569 0.4264 0.2897
vn -0.4324 -0.4563 -0.7777
vn -0.5221 -0.3332 -0.7851
vn -0.5126 0.3388 0.7889
vn -0.9991 0.0282 0.0329
vn -0.4180 0.4544 0.7866
vn -0.4588 -0.4337 -0.7755
vn -0.8467 -0.4326 -0.3097
vn -0.9463 -0.0611 -0.3174
vn -0.5058 -0.2842 -0.8145
vn -0.9128 -0.3689 0.1755
vn -0.4815 0.3007 0.8233
vn -0.9314 0.0505 0.3606
vn -0.9047 0.4078 -0.1231
vn -0.9812 -0.1121 -0.1570
vn -0.4160 0.2328 0.8791
vn -0.8351 0.4425 0.3267
vn -0.3784 -0.3142 -0.8707
vn -0.7799 -0.4613 -0.4231
vn -0.8805 -0.0526 -0.4711
vn -0.2750 -0.1581 -0.9484
vn -0.9789 0.1277 -0.1595
vn -0.7814 0.4534 -0.4287
vn -0.8832 0.0593 -0.4653
vn -0.9089 0.0346 -0.4155
vn -0.9193 0.0031 -0.3936
vn -0.9087 -0.0273 -0.4166
vn -0.7849 0.0295 0.6190
vn -0.9856 0.0675 0.1548
vn -0.9779 -0.0040 0.2091
vn -0.9881 -0.0590 0.1420
vn -0.8235 -0.0314 0.5665
vn -0.3451 -0.0788 -0.9353
vn -0.5578 0.1221 0.8209
vn -0.3720 0.0038 -0.9282
vn -0.5182 -0.0095 0.8552
vn -0.1762 0.4558 0.8725
vn -0.2173 -0.4364 -0.8731
vn -0.0231 -0.4246 -0.9051
vn -0.1637 0.4411 0.8824
vn -0.2484 -0.3744 -0.8934
vn -0.1866 -0.3426 -0.9208
vn -0.2051 -0.2631 -0.9427
vn -0.0475 0.4350 0.8992
vn -0.0653 0.3063 0.9497
vn -0.0863 0.4639 0.8817
vn -0.2230 -0.1860 -0.9569
vn -0.1347 0.1268 0.9827
vn -0.1722 0.1915 0.9663
vn -0.0317 -0.0958 -0.9949
vn -0.0055 0.0960 0.9954
vn -0.2391 0.0942 0.9664
vn -0.0143 0.0039 -0.9999
vn 0.0127 -0.0053 0.9999
vn -0.2575 -0.0038 0.9663
vn -0.2411 -0.4518 -0.8589
vn -0.7971 -0.2736 -0.5383
vn -0.0165 0.4840 0.8749
vn -0.4669 0.4214 0.7774
vn -0.6459 0.3342 0.6864
vn -0.0303 0.4549 0.8900
vn -0.9400 -0.1719 -0.2946
vn -0.4798 -0.4308 -0.7643
vn -0.2626 -0.4596 -0.8484
vn -0.8656 -0.2392 -0.4400
vn -0.7852 0.3002 0.5416
vn -0.0583 0.4806 0.8750
vn -0.7755 -0.2803 -0.5657
vn -0.0339 0.4888 0.8717
vn -0.5209 0.4201 0.7431
vn -0.7025 0.3076 0.6418
vn -0.0521 0.4475 0.8928
vn -0.9307 -0.1737 -0.3218
vn -0.4297 -0.4178 -0.8005
vn -0.8776 -0.1649 -0.4502
vn -0.8086 0.2788 0.5181
vn -0.7956 -0.1443 -0.5884
vn -0.5561 0.3708 0.7438
vn -0.7019 0.2078 0.6813
vn -0.7144 -0.1336 -0.6869
vn -0.8120 0.0972 0.5755
vn -0.9383 -0.0758 -0.3376
vn -0.5415 -0.1671 -0.8239
vn -0.4589 -0.1153 -0.8809
vn -0.9488 -0.0558 -0.3108
vn -0.8537 0.0435 0.5189
vn -0.3804 0.0070 -0.9248
vn -0.9382 0.0075 -0.3460
vn -0.8624 0.0004 0.5063
vn -0.7524 0.3412 0.5634
vn -0.9902 0.0596 0.1265
vn -0.7942 -0.4217 -0.4375
vn -0.0165 -0.9629 -0.2695
vn -0.0145 -0.9667 -0.2554
vn -0.0029 -1.0000 -0.0058
vn -0.0022 -1.0000 -0.0016
vn -0.9450 -0.3271 0.0009
vn -0.1188 -0.4750 -0.8719
vn -0.0409 -0.4581 -0.8879
vn -0.1429 -0.4381 -0.8875
vn -0.4797 -0.4040 -0.7789
vn -0.0748 -0.5056 -0.8595
vn -0.0793 -0.4303 -0.8992
vn -0.9946 0.0458 0.0930
vn -0.9964 -0.0842 -0.0062
vn -0.9999 0.0081 -0.0090
vn -0.9977 -0.0182 -0.0658
vn -0.9966 0.0331 0.0753
vn -0.9972 0.0493 0.0569
vn -0.8417 0.4862 0.2350
vn -0.4137 0.4294 0.8028
vn -0.9052 0.1254 0.4061
vn -0.0568 0.3500 0.9350
vn -0.8877 0.0017 0.4604
vn -0.2752 0.0768 0.9583
vn -0.2470 0.0012 0.9690
vn 0.0408 0.3527 0.9348
vn 0.3182 0.2677 0.9094
vn 0.2444 -0.0219 0.9694
vn 0.3279 -0.5440 0.7723
vn 0.0159 -0.5384 0.8425
vn -0.0798 -0.4486 0.8902
vn -0.2908 -0.0727 0.9540
vn 0.6653 0.6363 0.3905
vn 0.8629 0.5016 0.0610
vn 0.9412 0.1977 0.2741
vn 0.9959 0.0041 0.0898
vn 0.9948 -0.0047 0.1015
vn 0.8344 -0.0328 0.5503
vn -0.5602 0.0047 0.8284
vn -0.5825 0.6851 0.4374
vn -0.7901 0.1359 0.5977
vn 0.6066 0.0003 -0.7950
vn -0.9141 0.1539 0.3750
vn -0.9210 0.0104 0.3894
vn -0.7905 0.0060 0.6124
vn -0.5893 0.2993 0.7504
vn -0.1287 -0.8948 -0.4276
vn -0.0140 -0.9136 -0.4064
vn -0.0166 -0.8525 -0.5224
vn -0.1255 -0.8065 -0.5778
vn -0.1268 -0.9638 -0.2345
vn -0.1205 -0.9927 -0.0027
vn -0.8446 0.3049 -0.4400
vn -0.7396 0.2979 -0.6036
vn -0.8640 0.2663 -0.4272
vn -0.9989 0.0278 -0.0378
vn -0.7389 -0.0044 -0.6738
vn -0.7374 0.1493 -0.6587
vn -0.1106 -0.9671 0.2292
vn -0.0097 -0.9690 0.2469
vn -0.0063 -0.9652 0.2615
vn -0.1024 -0.8978 0.4283
vn -0.0109 -0.9147 0.4040
vn -0.0054 -0.8552 0.5183
vn -0.0907 -0.8084 0.5815
vn -0.1214 -0.6922 -0.7115
vn -0.0127 -0.6955 -0.7184
vn -0.0236 -0.4951 -0.8685
vn -0.1291 -0.5533 -0.8229
vn -0.0819 -0.6922 0.7170
vn 0.0050 -0.6974 0.7167
vn -0.0874 -0.5533 0.8284
vn 0.0035 -0.4957 0.8685
vn -0.1373 -0.3998 -0.9063
vn -0.0250 -0.3806 -0.9244
vn -0.0229 -0.2223 -0.9747
vn -0.1421 -0.2040 -0.9686
vn -0.0229 -0.2399 -0.9705
vn -0.0968 -0.4019 0.9106
vn 0.0058 -0.3788 0.9254
vn 0.0053 -0.2285 0.9735
vn 0.0048 -0.2495 0.9684
vn -0.0135 0.0264 -0.9996
vn -0.1475 0.0237 -0.9888
vn -0.0097 0.0191 -0.9998
vn 0.0127 0.0211 0.9997
vn 0.0137 0.0141 0.9998
vn -0.6983 0.6619 0.2726
vn -0.0065 0.9315 0.3636
vn -0.8433 0.5264 0.1087
vn -0.8881 0.4595 0.0137
vn -0.8406 0.5339 -0.0909
vn -0.8354 -0.4855 -0.2575
vn -0.5177 -0.6969 -0.4964
vn -0.6755 -0.7263 -0.1274
vn -0.5992 -0.8006 0.0051
vn -0.6671 -0.7323 0.1367
vn -0.8286 -0.4867 0.2765
vn -0.4691 -0.7172 0.5154
vn -0.7361 -0.4755 -0.4817
vn -0.5197 -0.4712 -0.7127
vn -0.7237 -0.4768 0.4989
vn -0.4749 -0.4794 0.7380
vn -0.8590 -0.2367 -0.4539
vn -0.7167 -0.1052 -0.6894
vn -0.8552 -0.2317 0.4636
vn -0.6564 0.0178 -0.7542
vn -0.3775 0.8204 0.4295
vn -0.8638 0.4107 -0.2919
vn -0.8346 0.3151 0.4519
vn -0.0010 -0.9424 -0.3346
vn -0.5460 -0.7740 -0.3206
vn -0.3058 -0.8551 -0.4188
vn -0.1676 -0.8626 -0.4773
vn -0.3101 -0.9029 -0.2977
vn -0.0108 -0.8097 -0.5867
vn -0.7726 -0.5159 -0.3701
vn -0.8684 -0.2802 -0.4091
vn -0.7144 -0.3708 -0.5934
vn -0.6392 -0.4538 -0.6209
vn -0.6673 -0.4570 -0.5881
vn -0.6106 -0.4917 -0.6208
vn -0.6034 -0.5113 -0.6120
vn -0.8378 -0.3493 -0.4195
vn -0.8079 -0.3616 -0.4654
vn -0.7889 -0.3619 -0.4967
vn -0.0208 -0.1971 -0.9802
vn -0.1258 -0.3669 -0.9217
vn -0.5883 -0.3345 -0.7362
vn -0.7852 -0.1651 -0.5968
vn -0.0980 -0.2111 0.9725
vn -0.0975 0.0201 0.9950
vn -0.6924 -0.1015 0.7143
vn -0.6268 0.0121 0.7791
vn -0.0280 -0.0160 -0.9995
vn -0.8478 0.0545 -0.5275
vn -0.8180 0.1205 0.5625
vn -0.8576 -0.0041 0.5144
vn -0.0101 -0.7473 0.6644
vn 0.0508 -0.7623 0.6452
vn 0.0211 -0.7357 0.6769
vn 0.0153 -0.4622 0.8866
vn 0.0052 -0.4584 0.8887
vn -0.0981 -0.7033 0.7041
vn 0.0355 -0.6194 0.7843
vn -0.1916 -0.5400 0.8196
vn -0.0633 -0.6631 0.7458
vn 0.0071 -0.7013 0.7128
vn -0.8089 -0.4447 0.3846
vn -0.9379 -0.0134 0.3467
vn -0.9387 -0.3403 -0.0546
vn -0.9992 -0.0341 0.0218
vn -0.4857 -0.6056 0.6303
vn -0.3656 -0.0054 0.9307
vn -0.9741 -0.2098 0.0838
vn -0.5620 -0.5869 -0.5829
vn -0.5542 -0.0323 -0.8317
vn -0.9994 -0.0310 0.0176
vn -0.8428 -0.2952 -0.4500
vn -0.9070 0.0125 -0.4210
vn -0.7016 -0.5685 0.4296
vn -0.9997 -0.0055 0.0226
vn -0.9267 0.0599 0.3711
vn -0.9992 -0.0357 -0.0164
vn -0.3186 -0.9479 -0.0021
vn -0.9556 -0.0040 -0.2946
vn -0.9964 -0.0775 -0.0336
vn -0.6829 -0.5376 -0.4946
vn -0.3790 -0.6431 0.6654
vn -0.6937 -0.4108 0.5917
vn -0.8041 -0.3752 0.4611
vn -0.6902 -0.4634 -0.5558
vn -0.3497 -0.6487 -0.6760
vn -0.6159 0.5856 0.5271
vn -0.4591 -0.6102 0.6457
vn -0.8091 0.0987 0.5793
vn -0.8231 -0.5642 -0.0642
vn -0.9943 0.0780 -0.0728
vn -0.4669 -0.5665 -0.6790
vn -0.7836 0.0911 -0.6146
vn -0.8739 0.2300 0.4282
vn -0.4698 0.5660 0.6775
vn -0.0624 0.6038 0.7947
vn -0.4832 -0.6319 -0.6060
vn -0.2201 -0.7157 -0.6628
vn -0.8184 0.3913 0.4208
vn -0.0724 0.8519 0.5187
vn -0.0350 0.9452 0.3246
vn -0.8504 -0.3613 0.3825
vn -0.8978 -0.3661 0.2449
vn -0.7462 -0.6465 0.1592
vn -0.9700 0.1871 0.1551
vn -0.7663 0.3627 0.5303
vn -0.8621 0.2126 0.4600
vn -0.8179 -0.0107 0.5753
vn -0.8050 -0.1970 0.5596
vn -0.7751 -0.2436 0.5830
vn -0.8728 -0.2551 0.4160
vn -0.7638 -0.2485 0.5957
vn -0.8742 -0.2544 0.4135
vn -0.7507 -0.3097 0.5836
vn -0.9899 -0.0561 0.1303
vn -0.7841 -0.2861 0.5508
vn -0.9942 -0.0377 0.1006
vn -0.9971 -0.0456 0.0608
vn -0.8547 -0.4595 0.2413
vn -0.6375 -0.5758 0.5119
vn -0.8986 -0.2194 0.3798
vn -0.8295 -0.2477 -0.5005
vn -0.6629 -0.3392 -0.6675
vn -0.5858 -0.3940 -0.7082
vn -0.7693 -0.3288 -0.5477
vn -0.0386 0.4790 0.8769
vn -0.1480 -0.5146 -0.8446
vn -0.7863 -0.3852 -0.4830
vn -0.3241 -0.4521 -0.8310
vn -0.7390 -0.6726 0.0387
vn -0.7553 -0.6476 -0.1010
vn -0.7629 -0.6381 -0.1040
vn -0.7811 -0.6235 0.0330
vn -0.7526 -0.6351 0.1738
vn -0.7803 -0.6072 0.1501
vn -0.9688 0.1896 0.1597
vn -0.9849 -0.0857 -0.1501
vn -0.8866 -0.3613 -0.2890
vn -0.9595 -0.2714 -0.0751
vn -0.9178 0.3948 -0.0421
vn -0.9855 -0.1669 0.0294
vn -0.9984 0.0513 -0.0249
vn -0.9769 -0.2039 0.0633
vn -0.4699 0.6855 -0.5561
vn -0.0084 0.7979 -0.6027
vn -0.6834 0.4138 0.6014
vn -0.8883 0.2505 0.3849
vn -0.9925 -0.1065 -0.0603
vn -0.7728 -0.5080 -0.3804
vn -0.1097 0.5259 0.8434
vn -0.1859 0.4897 0.8518
vn -0.4186 -0.6187 -0.6648
vn -0.2026 -0.7378 -0.6439
vn -0.0280 -0.6760 -0.7364
vn 0.0070 0.4692 0.8831
vn -0.1236 0.3961 0.9098
vn -0.5039 0.3301 0.7982
vn -0.7145 -0.4658 -0.5221
vn -0.9694 0.1531 0.1916
vn -0.9292 0.3451 -0.1324
vn -0.8753 0.3989 0.2734
vn -0.9088 -0.3700 -0.1928
vn -0.9273 -0.3154 0.2016
vn -0.6670 0.6630 -0.3401
vn -0.8061 -0.1480 -0.5729
vn -0.8621 -0.4238 0.2778
vn -0.4832 0.3625 0.7969
vn -0.1073 0.9638 0.2440
vn -0.7437 -0.6270 -0.2318
vn -0.6068 -0.6035 -0.5173
vn -0.8093 -0.5815 0.0832
vn -0.6645 -0.6539 0.3618
vn -0.7910 -0.2975 -0.5345
vn -0.4700 -0.2968 -0.8313
vn -0.4104 -0.5587 -0.7207
vn -0.8670 -0.3338 0.3700
vn -0.6484 -0.3553 0.6734
vn -0.3882 -0.6448 0.6584
vn -0.9822 -0.0251 0.1862
vn -0.9157 0.0489 0.3988
vn -0.9987 -0.0272 -0.0428
vn -0.9933 0.1020 -0.0548
vn -0.9082 0.0721 -0.4123
vn -0.9935 -0.0124 0.1133
vn -0.9396 -0.2414 0.2428
vn -0.9838 0.0453 -0.1733
vn -0.9132 -0.4069 -0.0229
vn -0.9922 -0.0845 -0.0915
vn -0.9800 0.0045 0.1990
vn -0.9807 0.1921 -0.0374
vn -0.8962 0.3238 -0.3032
vn -0.9984 0.0351 0.0436
vn -0.9955 0.0927 0.0214
vn -0.8692 -0.0360 -0.4932
vn -0.5079 -0.0289 -0.8610
vn -0.7664 -0.0315 0.6416
vn -0.4327 -0.0120 0.9015
vn -0.3908 -0.3363 0.8569
vn -0.8279 0.2333 -0.5100
vn -0.4590 0.2576 -0.8502
vn -0.6682 0.2862 0.6867
vn -0.8795 0.2918 0.3759
vn -0.3489 0.2762 0.8955
vn -0.6216 0.5647 -0.5428
vn -0.3278 0.5268 -0.7842
vn -0.8203 0.5299 -0.2155
vn -0.8542 0.5164 0.0610
vn -0.8006 0.5068 0.3198
vn -0.5220 0.5432 0.6576
vn -0.4548 0.8589 -0.2355
vn -0.3252 0.7975 -0.5082
vn -0.4904 0.8685 0.0726
vn -0.4316 0.8561 0.2843
vn -0.3787 0.7928 0.4775
vn -0.1651 0.0006 0.9863
vn -0.1663 0.0006 0.9861
vn -0.1676 0.0006 0.9859
vn -0.6884 0.0016 -0.7253
vn -0.0709 -0.0011 -0.9975
vn -0.0704 -0.0011 -0.9975
vn -0.6877 0.0016 -0.7260
vn -0.6890 0.0016 -0.7248
vn -0.0714 -0.0011 -0.9974
vn -0.6895 0.0016 -0.7243
vn -0.0720 -0.0003 -0.9974
vn -0.6901 0.0016 -0.7237
vn -0.0724 -0.0011 -0.9974
vn -0.6907 0.0016 -0.7231
vn -0.0730 -0.0011 -0.9973
vn -0.0735 -0.0010 -0.9973
vn -0.0740 -0.0010 -0.9973
vn -0.0745 -0.0010 -0.9972
vn -0.9624 0.0190 -0.2711
vn -0.4822 0.0754 -0.8728
vn -0.5352 -0.0040 -0.8447
vn -0.9749 0.0014 -0.2228
vn -0.5500 -0.3987 0.7338
vn -0.4679 -0.4194 0.7780
vn -0.7448 -0.3398 0.5743
vn -0.9330 0.0906 -0.3482
vn -0.9124 -0.0030 -0.4092
vn -0.3194 -0.0113 -0.9475
vn -0.7939 0.1578 -0.5872
vn -0.3653 0.1758 -0.9141
vn -0.9703 0.1326 -0.2022
vn -0.6739 0.3420 -0.6549
vn -0.9589 -0.0576 0.2777
vn -0.9388 0.3271 0.1077
vn -0.8395 0.4276 -0.3353
vn -0.9463 0.0719 -0.3153
vn -0.9401 -0.3172 -0.1245
vn -0.8663 -0.4071 0.2895
vn -0.8370 0.2369 -0.4933
vn -0.9749 0.1018 -0.1979
vn -0.5722 0.3473 -0.7429
vn -0.7411 0.2312 -0.6304
vn -0.1768 -0.4384 -0.8812
vn -0.5149 -0.3947 -0.7610
vn -0.0658 -0.5010 -0.8630
vn -0.0705 -0.4363 -0.8970
vn -0.1069 -0.4762 -0.8728
vn -0.9698 0.1697 -0.1749
vn -0.8138 0.4285 -0.3926
vn -0.7127 0.3250 -0.6216
vn -0.3358 0.4164 -0.8449
vn -0.9988 0.0311 -0.0369
vn -0.9708 0.1904 -0.1458
vn -0.8575 0.2660 -0.4405
vn -0.5980 0.4384 -0.6710
vn -0.5549 -0.8316 -0.0225
vn -0.5024 -0.8646 0.0056
vn -0.0415 -0.9991 0.0009
vn -0.0468 -0.9989 0.0011
vn -0.0515 -0.9987 -0.0000
vn -0.0602 -0.9975 -0.0373
vn -0.8490 0.2752 -0.4511
vn -0.5795 0.4399 -0.6861
vn -0.7357 0.2798 -0.6168
vn -0.0102 0.1036 -0.9946
vn -0.0131 -0.0051 -0.9999
vn -0.0486 0.2161 -0.9752
vn -0.0917 0.2779 -0.9562
vn -0.0763 0.3363 -0.9387
vn -0.0291 0.4230 -0.9057
vn -0.0146 0.4717 -0.8816
vn -0.0206 0.4717 -0.8815
vn -0.0770 0.5168 -0.8526
vn -0.1249 0.4777 -0.8696
vn -0.0864 0.4296 -0.8989
vn -0.0807 0.5068 -0.8582
vn -0.1187 0.4794 -0.8696
vn -0.6293 0.0699 -0.7740
vn -0.9787 0.0636 -0.1953
vn -0.9804 -0.0000 -0.1969
vn -0.4825 -0.0040 -0.8759
vn -0.4685 0.1824 -0.8644
vn -0.0410 0.2527 -0.9667
vn -0.1216 0.3225 -0.9387
vn -0.7733 0.2611 -0.5778
vn -0.4945 0.3360 -0.8016
vn -0.9166 0.1047 -0.3859
vn -0.5773 0.3879 -0.7185
vn -0.1182 0.4542 -0.8831
vn -0.4234 0.4418 -0.7909
vn -0.8729 0.2105 -0.4401
vn -0.0240 0.4653 -0.8848
vn -0.1082 0.4397 -0.8916
vn -0.7341 0.3729 -0.5675
vn -0.4403 0.4171 -0.7951
vn -0.9062 0.1113 -0.4079
vn -0.0363 0.4610 -0.8866
vn -0.9280 0.0258 -0.3718
vn -0.9993 0.0099 -0.0361
vn -0.9991 0.0021 -0.0422
vn -0.9242 0.0016 -0.3819
vn -0.9438 0.0205 -0.3298
vn -0.9304 0.0021 -0.3667
vn -0.9966 -0.0240 -0.0786
vn -0.9995 -0.0309 -0.0089
vn -0.9975 -0.0506 -0.0486
vn -0.9697 -0.1310 -0.2063
vn -0.8397 -0.3187 -0.4396
vn -0.9899 -0.0848 -0.1138
vn -0.9475 -0.1166 -0.2976
vn -0.8175 -0.3103 -0.4851
vn -0.9867 -0.1015 -0.1266
vn -0.9371 -0.1150 -0.3297
vn -0.7945 -0.3301 -0.5098
vn -0.9829 -0.1193 -0.1402
vn -0.9229 -0.1125 -0.3682
vn -0.7676 -0.3508 -0.5364
vn -0.9794 -0.1362 -0.1491
vn -0.9200 -0.1027 -0.3782
vn -0.8031 -0.2374 -0.5465
vn -0.9881 -0.0425 -0.1477
vn -0.9798 0.0328 -0.1971
vn -0.9439 -0.0155 -0.3300
vn -0.9385 0.0047 -0.3453
vn -0.9344 0.0006 -0.3563
vn -0.9340 0.0142 -0.3571
vn -0.9814 0.1868 -0.0452
vn -0.9790 0.2032 -0.0150
vn -0.9720 0.2347 0.0140
vn -0.9684 0.2490 0.0126
vn -0.9642 0.2650 0.0129
vn -0.9605 0.2778 0.0165
vn -0.9622 0.2722 -0.0036
vn -0.9915 0.1072 -0.0741
vn -0.9773 -0.0293 -0.2099
vn -0.9299 0.0111 -0.3676
vn -0.9997 0.0115 -0.0218
vn -0.9394 0.0001 -0.3428
vn -0.9859 0.0522 -0.1592
vn -0.9557 -0.2940 0.0111
vn -0.9645 -0.2641 0.0036
vn -0.9706 0.0644 -0.2318
vn -0.9912 0.0915 -0.0959
vn -0.9958 0.0457 -0.0794
vn -0.9744 0.1487 -0.1684
vn -0.9779 0.1338 -0.1606
vn -0.4391 0.6569 0.6129
vn -0.8319 0.5088 -0.2216
vn -0.6971 0.6661 -0.2653
vn -0.6762 -0.1059 0.7291
vn -0.8018 -0.0933 0.5903
vn -0.7634 -0.1598 0.6258
vn -0.6427 -0.1800 0.7447
vn -0.8654 0.4232 0.2685
vn -0.7015 0.6759 0.2258
vn -0.9455 -0.0401 -0.3230
vn -1.0000 0.0058 -0.0061
vn -0.8932 -0.1638 0.4187
vn -0.6710 0.7047 0.2305
vn -0.9965 -0.0137 0.0830
vn -0.9998 0.0018 0.0198
vn -0.7411 -0.5509 -0.3838
vn -0.9286 -0.2387 -0.2841
vn -0.6133 -0.6306 0.4755
vn -0.7767 -0.4526 0.4380
vn -0.9962 -0.0515 0.0698
vn -0.7995 -0.1367 -0.5849
vn -0.4794 -0.4977 0.7228
vn -0.8693 -0.2049 0.4498
vn -0.9429 -0.3180 -0.0994
vn -0.4714 -0.8510 -0.2317
vn -0.4615 -0.8861 -0.0429
vn -0.0210 -0.9998 -0.0042
vn -0.2807 -0.9244 -0.2582
vn -0.3393 -0.8762 -0.3423
vn -0.0750 -0.9972 -0.0051
vn -0.3101 -0.9153 -0.2568
vn -0.0717 -0.9973 -0.0129
vn -0.3274 -0.7774 -0.5371
vn -0.9666 0.0988 0.2366
vn -0.7397 0.0832 -0.6678
vn -0.7844 0.0010 -0.6203
vn -0.9573 -0.2801 0.0719
vn -0.8167 0.0486 -0.5750
vn -0.7433 -0.6672 0.0478
vn -0.9706 -0.0024 0.2406
vn -0.6901 -0.7237 0.0046
vn -0.9972 -0.0749 0.0067
vn -0.6888 -0.7244 -0.0264
vn -0.8023 -0.2526 -0.5408
vn -0.8223 -0.0906 -0.5618
vn -0.0750 -0.0010 -0.9972
vn -0.0756 -0.0010 -0.9971
vn -0.0761 -0.0010 -0.9971
vn -0.0766 -0.0010 -0.9971
vn -0.0773 -0.0009 -0.9970
vn -0.0791 -0.0001 -0.9969
vn -0.0831 0.0011 -0.9965
vn -0.0884 0.0010 -0.9961
vn -0.2213 -0.2565 0.9409
vn -0.2117 -0.2525 0.9441
vn 0.2889 -0.2442 0.9257
vn 0.2967 -0.1783 0.9382
vn -0.1504 -0.2333 0.9607
vn -0.5974 0.4469 -0.6659
vn -0.7392 0.2837 -0.6109
vn -0.9431 -0.3323 0.0106
vn -0.4511 -0.8925 0.0046
vn -1.0000 -0.0024 -0.0079
vn -0.9999 0.0104 -0.0127
vn -0.9224 0.0233 -0.3855
vn -0.9269 -0.0053 -0.3753
vn -0.0824 0.4343 -0.8970
vn -0.0907 0.5149 -0.8524
vn -0.1412 0.4821 -0.8647
vn -0.0935 0.4538 -0.8862
vn -0.5874 0.5055 -0.6321
vn -0.0593 0.6078 -0.7918
vn -0.8024 0.2276 0.5517
vn -0.7845 0.1698 0.5965
vn -0.8097 0.0059 0.5869
vn -0.1323 0.4396 -0.8884
vn -0.7542 0.3560 -0.5518
vn -0.4658 0.4101 -0.7842
vn -0.9170 0.1128 -0.3827
vn -0.0462 0.4576 -0.8880
vn -0.1459 0.4692 -0.8709
vn -0.7715 0.3589 -0.5253
vn -0.5301 0.5241 -0.6665
vn -0.9402 0.1227 -0.3177
vn -0.4650 -0.8853 0.0073
vn -0.0200 -0.9998 0.0010
vn -0.3585 -0.9291 -0.0910
vn -0.4560 -0.8900 0.0042
vn -0.0237 -0.9997 0.0011
vn -0.4444 -0.8958 0.0040
vn -0.0275 -0.9996 0.0010
vn -0.4325 -0.9016 0.0040
vn -0.0314 -0.9995 0.0011
vn -0.4215 -0.9068 0.0027
vn -0.0349 -0.9994 0.0010
vn -0.4138 -0.9104 -0.0001
vn -0.0388 -0.9992 0.0010
vn -0.9812 0.1178 -0.1529
vn -0.9917 0.0919 -0.0902
vn -0.8775 0.3559 -0.3214
vn -0.9975 0.0589 -0.0400
vn -0.7351 -0.6163 -0.2826
vn -0.1521 -0.9844 -0.0880
vn -0.8719 -0.3924 -0.2929
vn -0.9538 -0.3002 0.0134
vn -0.9515 -0.3074 0.0106
vn -0.9476 -0.3192 0.0105
vn -0.9433 -0.3317 0.0105
vn -0.9388 -0.3445 0.0093
vn -0.9357 -0.3527 0.0067
vn -0.9579 -0.0170 -0.2866
vn -0.7839 -0.1594 -0.6001
vn -0.7294 -0.2605 -0.6326
vn -0.8557 -0.2646 -0.4446
vn -0.9988 -0.0310 -0.0381
vn -0.8428 -0.2727 -0.4641
vn -0.9980 -0.0373 -0.0509
vn -0.8292 -0.2803 -0.4836
vn -0.9984 -0.0349 -0.0455
vn -0.7497 -0.0174 -0.6615
vn -0.8110 0.1207 -0.5724
vn -0.9243 0.2498 -0.2886
vn -0.9312 0.0878 -0.3537
vn -0.7712 -0.5602 -0.3023
vn -0.8815 -0.4229 -0.2100
vn -0.9803 -0.1554 -0.1218
vn -0.8702 -0.3747 -0.3200
vn -0.9781 -0.1438 -0.1504
vn -0.8671 -0.2309 -0.4413
vn -0.9761 -0.1225 -0.1794
vn -0.9398 -0.0913 -0.3294
vn -0.3896 0.3637 0.8461
vn -0.5307 0.6098 -0.5887
vn -0.6322 0.3650 0.6834
vn -0.8441 0.2902 0.4509
vn -0.7116 0.4242 0.5600
vn -0.7778 0.4541 -0.4345
vn -0.8471 0.4486 -0.2850
vn -0.7140 0.6838 -0.1502
vn -0.6831 0.7279 0.0605
vn -0.7273 0.6647 0.1707
vn -0.7894 0.4945 0.3638
vn -0.7470 0.5175 0.4174
vn -0.7326 0.6362 -0.2420
vn -0.5876 0.6533 -0.4774
vn -0.7975 0.5966 -0.0891
vn -0.8162 0.5769 0.0315
vn -0.8012 0.5805 0.1453
vn -0.7308 0.5280 0.4326
vn -0.8127 -0.5195 -0.2639
vn -0.6119 -0.6581 -0.4386
vn -0.9809 -0.1941 -0.0111
vn -0.6339 -0.7677 -0.0944
vn -0.9951 -0.0980 -0.0131
vn -0.7506 -0.6382 -0.1712
vn -0.9994 -0.0339 -0.0051
vn -0.1541 0.4202 0.8942
vn -0.1591 0.5452 0.8231
vn -0.2206 0.5579 0.8001
vn -0.0844 0.7123 -0.6968
vn -0.2640 0.6803 0.6837
vn -0.2743 0.7426 0.6110
vn -0.0581 0.8116 -0.5813
vn -0.1053 0.9293 -0.3541
vn -0.1928 0.9708 -0.1429
vn -0.2202 0.9749 0.0322
vn -0.1894 0.9555 0.2260
vn -0.2150 0.7999 0.5604
vn -0.0075 0.9992 -0.0390
vn -0.0012 0.9963 -0.0860
vn -0.1269 -0.8188 -0.5599
vn -0.5326 0.8463 0.0114
vn -0.5268 0.8499 0.0113
vn -0.9675 0.2525 0.0112
vn -0.9707 0.2402 0.0112
vn -0.5445 0.8385 0.0194
vn -0.5409 0.8410 0.0104
vn -0.0913 -0.9855 -0.1431
vn -0.1314 -0.9477 -0.2910
vn -0.1409 -0.8817 -0.4503
vn -0.1576 0.5180 0.8407
vn -0.0718 0.7159 -0.6945
vn -0.4385 0.5922 0.6761
vn -0.1526 0.7853 0.6000
vn -0.5464 0.6729 -0.4987
vn -0.1796 0.9161 -0.3585
vn -0.0612 0.9761 -0.2085
vn -0.1541 0.9723 0.1758
vn -0.0264 0.9956 0.0899
vn -0.4876 0.8022 0.3446
vn -0.9499 0.2372 0.2035
vn -0.8266 0.5062 -0.2459
vn -0.9435 0.3114 -0.1130
vn -0.5612 0.8142 -0.1488
vn -0.4812 0.8739 0.0693
vn -0.7870 0.6077 0.1064
vn -0.9906 -0.1129 -0.0777
vn -0.2673 -0.7614 -0.5906
vn -0.6253 -0.6908 -0.3630
vn -0.4091 -0.9125 -0.0012
vn -0.4040 -0.9148 0.0007
vn -0.3949 -0.9187 0.0023
vn -0.3770 -0.9257 -0.0295
vn -0.3290 -0.9371 -0.1165
vn -0.4119 -0.8635 -0.2910
vn -0.1838 -0.9006 -0.3940
vn -0.9428 0.3323 -0.0262
vn -0.7826 0.4210 0.4586
vn -0.9912 0.1097 -0.0737
vn -0.9156 0.2588 -0.3076
vn -0.8454 0.3850 0.3703
vn -0.9452 -0.0944 0.3126
vn -0.9932 -0.0997 -0.0594
vn -0.9865 0.1493 -0.0673
vn -0.9807 0.1802 0.0754
vn -0.9454 -0.0555 0.3212
vn -0.9364 -0.1146 -0.3317
vn -0.9345 -0.3559 0.0057
vn -0.9330 -0.3597 0.0076
vn -0.9292 -0.3694 0.0098
vn -0.9216 -0.3881 -0.0000
vn -0.8292 -0.4245 -0.3635
vn -0.9081 -0.4182 -0.0226
vn -0.9926 0.0060 -0.1209
vn -0.9529 0.2554 -0.1634
vn -0.9995 0.0327 0.0011
vn -0.9989 0.0432 0.0155
vn -0.9993 0.0269 0.0249
vn -0.9942 0.0726 0.0792
vn -0.9987 0.0203 0.0469
vn -0.9969 0.0106 0.0773
vn -0.9977 -0.0134 0.0667
vn -0.9354 -0.1947 0.2951
vn -0.9514 -0.2688 0.1501
vn -0.9457 -0.3222 0.0435
vn -0.9523 -0.3024 -0.0412
vn -0.9718 -0.2039 -0.1186
vn -0.9998 -0.0168 -0.0097
vn -0.9489 0.0642 -0.3089
vn -0.9418 0.0785 -0.3269
vn -0.9978 0.0222 -0.0627
vn -0.8752 0.1988 -0.4410
vn -0.9353 0.1750 -0.3075
vn -0.9997 0.0203 -0.0161
vn -0.9420 0.1711 -0.2887
vn -0.9996 0.0201 -0.0222
vn -0.9931 0.0599 -0.1011
vn -0.8381 0.2827 -0.4665
vn -0.9952 0.0515 -0.0838
vn -0.8511 0.2757 -0.4468
vn -0.7519 0.4111 -0.5154
vn -0.9861 0.1211 -0.1141
vn -0.9921 0.1121 -0.0565
vn -0.9995 0.0311 -0.0025
vn -0.9968 0.0790 -0.0111
vn -0.9880 0.1540 -0.0081
vn -0.9785 0.2063 0.0060
vn -0.9748 0.2226 0.0112
vn -0.9999 -0.0147 -0.0067
vn -0.9989 -0.0184 -0.0428
vn -0.9987 0.0197 -0.0467
vn -0.9669 0.1297 -0.2198
vn -0.9522 0.2498 -0.1759
vn -0.9943 0.1055 -0.0175
vn -0.9931 0.1142 0.0275
vn -0.9968 0.0662 0.0442
vn -0.9870 0.1109 0.1164
vn -0.9958 0.0379 0.0838
vn -0.9907 0.0171 0.1353
vn -0.9919 -0.0214 0.1253
vn -0.9974 -0.0309 0.0653
vn -0.9941 -0.0753 0.0776
vn -0.9559 -0.2524 0.1503
vn -0.9970 -0.0699 0.0325
vn -0.9979 -0.0638 -0.0128
vn -0.9998 -0.0188 -0.0080
vn -0.9737 0.2275 0.0113
vn -0.9639 0.2661 0.0112
vn -0.9610 0.2486 -0.1213
vn -0.9871 0.0004 -0.1600
vn -0.9848 -0.0079 -0.1737
vn -0.9774 -0.0265 -0.2098
vn -0.9537 -0.0871 -0.2877
vn -0.8750 -0.1819 -0.4486
vn -0.9692 -0.1194 -0.2154
vn -0.9881 -0.0936 -0.1219
vn -0.9956 -0.0640 -0.0687
vn -0.9982 -0.0451 -0.0386
vn -0.9691 -0.1706 -0.1783
vn -0.9661 -0.2020 -0.1606
vn -0.9975 -0.0590 -0.0381
vn -0.9842 -0.1656 -0.0627
vn -0.9977 -0.0611 -0.0281
vn -0.9595 -0.2788 -0.0392
vn -0.9795 -0.2009 -0.0138
vn -0.9892 -0.1467 -0.0060
vn -0.9941 -0.1085 -0.0009
vn -0.9987 -0.0512 0.0026
vn -0.9976 -0.0659 0.0207
vn -0.9956 -0.0910 0.0244
vn -0.9911 -0.1303 0.0281
vn -0.9811 -0.1890 0.0404
vn -0.9980 -0.0534 0.0345
vn -0.9859 -0.1435 0.0861
vn -0.9965 -0.0602 0.0578
vn -0.9980 -0.0356 0.0519
vn -0.9352 -0.2234 0.2746
vn -0.9967 -0.0419 0.0693
vn -0.9932 -0.0650 0.0965
vn -0.9638 -0.1497 0.2207
vn -0.9341 -0.1647 0.3168
vn -0.9933 -0.0408 0.1078
vn -0.9991 -0.0101 0.0403
vn -0.9998 0.0003 0.0194
vn -0.9808 0.0024 0.1951
vn -0.9818 0.0025 0.1897
vn -0.9841 0.0026 0.1775
vn -0.9859 0.0026 0.1674
vn -0.9885 0.0025 0.1515
vn -0.9904 0.0024 0.1382
vn -0.9743 -0.1225 -0.1890
vn -0.9643 -0.0427 -0.2612
vn -0.9627 0.0284 -0.2691
vn -0.9660 0.1305 -0.2230
vn -0.8428 -0.0330 -0.5373
vn -0.6818 -0.0505 -0.7298
vn -0.6549 -0.1180 -0.7465
vn -0.8201 -0.0806 -0.5665
vn -0.7857 -0.0116 -0.6185
vn -0.7905 -0.0121 -0.6124
vn -0.7832 -0.0018 -0.6218
vn -0.7830 -0.0024 -0.6221
vn -0.8332 0.0023 -0.5530
vn -0.8344 0.0024 -0.5512
vn -0.8391 -0.0035 -0.5439
vn -0.6312 -0.0054 -0.7756
vn -0.1761 0.0006 0.9844
vn -0.1778 0.0006 0.9841
vn -0.1794 0.0006 0.9838
vn -0.7846 0.0014 -0.6200
vn -0.7841 0.0011 -0.6206
vn -0.0921 -0.0002 -0.9957
vn -0.0936 -0.0010 -0.9956
vn -0.7813 0.0009 -0.6242
vn -0.0942 -0.0010 -0.9955
vn -0.7813 0.0009 -0.6241
vn -0.0948 -0.0010 -0.9955
vn -0.7811 0.0009 -0.6244
vn -0.0954 -0.0010 -0.9954
vn -0.0960 -0.0010 -0.9954
vn -0.7810 0.0009 -0.6246
vn -0.0966 -0.0010 -0.9953
vn -0.7809 0.0009 -0.6247
vn -0.0972 -0.0010 -0.9953
vn -0.9076 0.4133 0.0733
vn -0.9702 0.2130 0.1156
vn -0.9989 0.0422 0.0217
vn -0.9231 0.3752 -0.0844
vn -0.9994 0.0360 -0.0019
vn -0.9249 0.2288 0.3038
vn -0.9988 0.0271 0.0412
vn -0.9965 0.0557 0.0624
vn -0.8362 0.4603 0.2981
vn -0.7699 0.6029 0.2094
vn -0.8839 0.1325 0.4485
vn -0.9949 0.0251 0.0975
vn -0.7153 0.6942 -0.0796
vn -0.7131 0.7009 0.0149
vn -0.3987 0.7042 0.5875
vn -0.6100 0.4495 0.6526
vn -0.4404 0.8837 0.1588
vn -0.4369 0.8530 -0.2854
vn -0.8037 0.5460 -0.2364
vn -0.3984 0.2861 0.8715
vn -0.1367 0.5215 0.8423
vn -0.3290 0.9277 0.1765
vn -0.1884 0.8051 0.5624
vn -0.2454 0.8964 -0.3691
vn -0.5521 0.3916 0.7361
vn -0.0268 0.1882 0.9818
vn -0.8512 0.4946 0.1758
vn -0.7733 0.5375 -0.3364
vn -0.9665 0.0540 0.2509
vn -0.9852 0.1545 -0.0742
vn -0.8820 0.3433 -0.3229
vn -0.9858 0.0938 -0.1395
vn -0.9281 0.0974 -0.3592
vn -0.8098 0.2630 -0.5245
vn -0.9999 0.0078 -0.0116
vn -0.4051 0.6557 -0.6371
vn -0.4351 0.3176 -0.8425
vn -0.6933 0.1235 -0.7100
vn -0.0744 0.7133 -0.6969
vn -0.3645 0.3881 -0.8465
vn -0.8636 0.1421 -0.4838
vn -0.1600 0.0006 0.9871
vn -0.7712 0.0017 0.6366
vn -0.7685 0.0018 0.6398
vn -0.1569 0.0005 0.9876
vn -0.1584 0.0005 0.9874
vn -0.8505 -0.0052 -0.5260
vn -0.6903 -0.0097 -0.7235
vn -0.1996 0.0006 0.9799
vn -0.7807 0.0009 -0.6249
vn -0.0978 -0.0010 -0.9952
vn -0.7805 0.0009 -0.6252
vn -0.0983 -0.0010 -0.9952
vn -0.7803 0.0009 -0.6254
vn -0.0989 -0.0010 -0.9951
vn -0.0995 -0.0010 -0.9950
vn -0.7800 0.0009 -0.6257
vn -0.1001 -0.0010 -0.9950
vn -0.7799 0.0009 -0.6259
vn -0.1007 -0.0010 -0.9949
vn -0.8769 -0.0411 0.4789
vn -0.9933 -0.0054 0.1153
vn -0.8907 -0.2139 0.4011
vn -0.9967 -0.0252 0.0772
vn -0.9871 -0.1053 0.1209
vn -0.8921 -0.3868 0.2336
vn -0.7645 -0.4442 0.4671
vn -0.9971 -0.0635 0.0420
vn -0.9942 -0.1053 0.0214
vn -0.8817 -0.4677 0.0618
vn -0.9962 -0.0861 -0.0105
vn -0.8941 -0.4337 -0.1116
vn -0.4280 -0.1447 -0.8921
vn -0.9040 0.0451 -0.4251
vn -0.8278 -0.3188 -0.4617
vn -0.9958 -0.0553 -0.0724
vn -0.4496 -0.5383 -0.7128
vn -0.1573 -0.5653 -0.8097
vn -0.3689 -0.1174 -0.9220
vn -0.1632 -0.8361 -0.5237
vn -0.5427 -0.7506 -0.3770
vn -0.9343 -0.2886 -0.2093
vn -0.6236 -0.6508 -0.4332
vn -0.8463 -0.3295 -0.4186
vn -0.4195 -0.8669 -0.2693
vn -0.9493 -0.1379 -0.2826
vn -0.7053 -0.2629 -0.6583
vn -0.6938 -0.0763 -0.7161
vn -0.9318 -0.0342 -0.3613
vn -0.9995 -0.0289 -0.0111
vn -1.0000 -0.0063 -0.0061
vn -0.9678 -0.2515 -0.0122
vn -0.4726 -0.8620 0.1833
vn -0.9622 -0.2666 0.0561
vn -0.4647 -0.6193 0.6328
vn -0.9190 -0.2722 0.2853
vn -0.9605 -0.0417 0.2753
vn -0.4701 -0.1682 0.8664
vn -0.0479 -0.9834 -0.1749
vn -0.3586 -0.9204 0.1560
vn -0.0373 -0.9993 0.0025
vn -0.0857 -0.9156 0.3929
vn -0.3112 -0.6634 0.6805
vn -0.0781 -0.3749 0.9238
vn -0.3391 -0.1305 0.9317
vn -0.0210 0.0207 0.9996
vn -0.5171 -0.7635 0.3870
vn -0.5068 -0.3653 0.7809
vn 0.8817 -0.0005 0.4719
vn 0.8832 -0.0006 0.4689
vn 0.8803 -0.0014 0.4744
vn 0.9551 -0.0034 -0.2964
vn 0.8966 -0.0009 0.4429
vn 0.8720 -0.0011 0.4895
vn 0.8726 0.0146 -0.4883
vn 0.8754 -0.0020 -0.4834
vn 0.8736 -0.0019 -0.4867
vn 0.8841 -0.0007 0.4672
vn 0.8904 -0.0019 0.4552
vn 0.8916 -0.0011 0.4529
vn 0.8993 -0.0021 0.4373
vn 0.7758 -0.0019 0.6310
vn 0.8974 -0.0012 0.4412
vn 0.8953 -0.0019 0.4455
vn 0.7825 -0.0018 0.6227
vn 0.7698 -0.0226 0.6379
vn 0.8702 -0.0064 0.4926
vn 0.8709 -0.0010 0.4915
vn 0.8772 -0.0009 0.4801
vn 0.8783 -0.0009 0.4781
vn 0.8796 -0.0008 0.4758
vn 0.8978 -0.0010 0.4405
vn -0.1921 0.3242 -0.9263
vn -0.0127 -0.0002 -0.9999
vn -0.0129 -0.0004 -0.9999
vn -0.0551 0.2931 -0.9545
vn 0.7579 -0.0022 -0.6524
vn 0.9899 -0.0000 0.1419
vn 0.7673 -0.0024 -0.6413
vn 0.7136 -0.5511 -0.4325
vn 0.8691 -0.0376 -0.4932
vn 0.9053 0.0625 -0.4202
vn 0.9183 0.1170 -0.3782
vn 0.8885 -0.1323 -0.4393
vn 0.8988 0.0028 -0.4383
vn 0.8969 0.0028 -0.4422
vn 0.8952 0.0025 -0.4457
vn 0.8937 0.0024 -0.4488
vn 0.7306 -0.0001 0.6828
vn -0.3056 0.4112 -0.8588
vn -0.1676 0.1460 -0.9750
vn -0.6516 0.7006 -0.2908
vn -0.6172 0.5371 -0.5750
vn -0.7990 0.4951 -0.3414
vn -0.3690 0.1672 -0.9143
vn -0.7718 0.6358 0.0067
vn -0.7716 0.6360 0.0074
vn -0.8786 0.4773 0.0129
vn -0.7690 0.6374 -0.0484
vn -0.8544 0.5193 -0.0188
vn -0.4720 0.3506 -0.8089
vn -0.7862 0.4951 -0.3698
vn -0.9594 0.2311 -0.1616
vn -0.5577 0.1076 -0.8230
vn -0.9639 0.2659 0.0128
vn -0.9658 0.2589 0.0092
vn -0.7495 0.2289 -0.6212
vn -0.0954 0.0518 -0.9941
vn 0.6143 -0.0018 -0.7890
vn 0.8197 -0.2564 -0.5122
vn 0.7468 -0.0957 -0.6581
vn 0.3261 0.0003 -0.9453
vn 0.9260 0.0055 -0.3776
vn 0.7464 0.5918 -0.3046
vn 0.2569 0.2499 -0.9336
vn 0.9999 0.0093 -0.0045
vn 0.8205 0.5716 -0.0042
vn 0.9999 0.0073 -0.0087
vn 0.8271 0.5620 -0.0036
vn 0.8855 0.0089 -0.4645
vn 0.8213 0.4740 -0.3174
vn 0.2137 0.9607 -0.1774
vn 0.0807 0.5302 -0.8440
vn 0.2537 0.9673 -0.0000
vn 0.2653 0.9642 -0.0029
vn 0.3051 0.7163 -0.6276
vn 0.2732 0.0139 -0.9619
vn -0.4817 0.8566 -0.1849
vn -0.1557 0.5008 -0.8515
vn -0.5414 0.8407 0.0064
vn -0.4203 0.9074 0.0019
vn -0.4646 0.6747 -0.5735
vn -0.9030 0.4288 0.0267
vn -0.8805 0.4733 0.0288
vn -0.4199 0.0154 -0.9074
vn -0.7322 0.5195 -0.4405
vn -0.2402 0.2012 -0.9496
vn -0.8824 0.4704 0.0014
vn -0.8846 0.4664 -0.0034
vn -0.8844 0.4041 -0.2335
vn -0.9315 0.0876 -0.3529
vn -0.3073 0.0080 -0.9516
vn -0.9973 0.0706 0.0186
vn -0.9999 0.0089 0.0133
vn -0.9382 0.0129 -0.3459
vn -0.9991 -0.0157 0.0403
vn -0.9992 0.0285 0.0293
vn -0.9985 0.0515 -0.0201
vn -0.9184 0.1343 -0.3721
vn -0.9104 -0.2787 -0.3057
vn -0.9422 -0.3230 0.0888
vn 0.2641 -0.2499 -0.9316
vn 0.7545 -0.5877 -0.2921
vn 0.8274 -0.5615 -0.0071
vn 0.8335 -0.5525 -0.0062
vn 0.8300 -0.4575 -0.3190
vn 0.2366 -0.9618 -0.1375
vn 0.0918 -0.5560 -0.8261
vn 0.2802 -0.9599 -0.0119
vn 0.2767 -0.9609 -0.0123
vn 0.3104 -0.7073 -0.6351
vn -0.0129 0.0001 -0.9999
vn -0.0130 -0.0000 -0.9999
vn -0.3733 -0.9089 -0.1861
vn -0.1563 -0.5192 -0.8402
vn -0.4560 -0.8900 -0.0024
vn -0.4312 -0.9022 -0.0015
vn -0.4708 -0.6643 -0.5805
vn -0.7844 -0.5039 -0.3617
vn -0.2609 -0.2076 -0.9428
vn -0.8930 -0.4498 0.0188
vn -0.8884 -0.4587 0.0204
vn -0.8909 -0.3883 -0.2356
vn -0.0123 -0.0045 -0.9999
vn 0.4167 0.1118 -0.9021
vn 0.2786 0.1200 -0.9529
vn 0.0591 -0.0458 -0.9972
vn 0.0477 -0.0002 -0.9989
vn -0.6184 -0.5879 0.5215
vn -0.7127 -0.5502 0.4352
vn -0.6240 -0.6782 0.3882
vn -0.6273 -0.6348 0.4512
vn 0.6877 0.3160 -0.6536
vn 0.2230 0.1033 -0.9693
vn 0.4165 0.3590 -0.8352
vn 0.8748 0.4820 -0.0496
vn 0.7585 0.6434 -0.1032
vn 0.5738 0.2875 -0.7669
vn 0.9139 0.2975 -0.2763
vn 0.9637 0.2664 -0.0170
vn 0.9632 0.2686 -0.0084
vn 0.8507 0.5245 -0.0360
vn 0.7463 0.2359 -0.6224
vn 0.7881 0.4920 -0.3698
vn 0.1233 0.1591 -0.9795
vn 0.4667 0.7099 -0.5276
vn 0.2571 0.4809 -0.8382
vn 0.0505 0.1201 -0.9915
vn 0.6272 0.7773 -0.0483
vn 0.7607 0.6490 -0.0136
vn 0.7611 0.6455 -0.0640
vn 0.6627 0.7479 -0.0386
vn 0.4627 0.3512 -0.8140
vn 0.6224 0.6584 -0.4232
vn 0.0846 0.0538 -0.9950
vn 0.2891 0.7678 -0.5717
vn 0.0494 0.1758 -0.9832
vn 0.4769 0.8661 -0.1497
vn 0.4864 0.8737 -0.0096
vn 0.3130 0.9497 -0.0009
vn 0.4831 0.8755 -0.0134
vn 0.3166 0.9485 -0.0052
vn 0.2425 0.6402 -0.7289
vn 0.2221 0.9533 -0.2047
vn 0.0244 0.0343 -0.9991
vn -0.0129 -0.0002 -0.9999
vn 0.0108 0.2606 -0.9654
vn -0.0129 -0.0001 -0.9999
vn 0.0844 0.8597 -0.5037
vn 0.1119 0.9937 -0.0002
vn 0.1081 0.9941 0.0013
vn 0.0338 0.9164 -0.3989
vn -0.0229 0.3339 -0.9423
vn -0.1326 0.8844 -0.4475
vn -0.1325 0.9912 0.0024
vn -0.1243 0.9922 0.0022
vn -0.0529 0.9141 -0.4021
vn -0.0027 0.3319 -0.9433
vn -0.0127 -0.0001 -0.9999
vn -0.0488 0.0338 -0.9982
vn -0.3743 0.8657 -0.3324
vn -0.3343 0.9424 0.0070
vn -0.3336 0.9427 0.0002
vn -0.2414 0.9481 -0.2069
vn -0.5320 0.8267 -0.1831
vn -0.3570 0.5040 -0.7865
vn -0.4969 0.8678 0.0076
vn -0.4886 0.8725 -0.0050
vn -0.2638 0.6365 -0.7248
vn -0.6474 0.7622 0.0068
vn -0.6708 0.7412 -0.0267
vn -0.6307 0.6446 -0.4320
vn 0.0256 0.4599 0.8876
vn 0.0212 0.4824 0.8757
vn 0.0287 0.4195 0.9073
vn 0.6097 -0.0925 0.7872
vn 0.5995 -0.1501 0.7861
vn 0.8992 -0.0039 0.4375
vn 0.7743 -0.0640 0.6295
vn 0.5889 -0.1888 0.7859
vn 0.7142 -0.2158 0.6659
vn 0.5019 -0.2675 0.8225
vn 0.3269 -0.3426 0.8808
vn 0.6314 -0.2853 0.7211
vn 0.9487 -0.1799 0.2599
vn 0.9373 -0.2169 0.2728
vn 0.3461 -0.3848 0.8557
vn 0.6200 -0.3145 0.7188
vn 0.8359 -0.1904 0.5148
vn 0.5661 -0.3892 0.7267
vn 0.9475 -0.0446 0.3165
vn 0.8903 -0.2864 0.3540
vn -0.0554 -0.9846 0.1657
vn -0.0901 -0.9860 0.1401
vn -0.1097 -0.9861 0.1247
vn 0.0456 -0.9902 0.1318
vn 0.0325 -0.9854 0.1668
vn 0.8797 -0.2749 0.3881
vn 0.7172 -0.3981 0.5720
vn 0.0339 -0.9989 -0.0309
vn 0.0277 -0.9973 -0.0680
vn 0.0246 -0.9942 -0.1050
vn 0.0282 -0.9884 -0.1489
vn 0.0012 -0.9762 -0.2170
vn -0.0014 -0.9730 -0.2309
vn -0.0053 -0.9686 -0.2487
vn -0.0048 -0.9730 -0.2307
vn 0.9993 -0.0327 -0.0200
vn 1.0000 -0.0082 -0.0045
vn 0.6636 -0.7481 -0.0000
vn 0.6874 -0.7253 -0.0379
vn 0.9892 -0.0024 -0.1468
vn 0.9979 -0.0506 -0.0415
vn 0.9989 -0.0369 -0.0306
vn 0.0327 0.2560 0.9661
vn 0.1045 -0.3124 0.9442
vn 0.1775 -0.4689 0.8652
vn 0.3312 -0.5735 0.7493
vn 0.1723 -0.6064 0.7763
vn 0.0182 -0.9998 0.0044
vn 0.0188 -0.9989 0.0432
vn 0.0549 -0.9975 0.0438
vn 0.0492 -0.9983 0.0311
vn 0.0484 -0.9988 -0.0058
vn 0.6852 -0.4938 0.5354
vn 0.0323 -0.6150 0.7879
vn 0.6923 -0.5209 0.4994
vn 0.6839 -0.5542 0.4744
vn 0.6454 -0.5994 0.4735
vn 0.6900 -0.5783 0.4353
vn 0.6673 -0.6188 0.4145
vn 0.3956 -0.7260 0.5625
vn 0.5903 -0.6685 0.4523
vn 0.0181 0.5267 0.8498
vn 0.0362 0.3703 0.9282
vn 0.0257 0.4196 0.9073
vn 0.1701 0.3974 0.9017
vn 0.2327 0.4815 0.8450
vn 0.3001 0.2578 0.9184
vn 0.0232 0.3818 0.9240
vn 0.0168 -0.9983 0.0558
vn 0.0231 -0.9995 0.0209
vn 0.0342 -0.9981 -0.0503
vn -0.0053 -0.9949 -0.1008
vn -0.0010 -0.9995 -0.0320
vn 0.6759 -0.6794 0.2856
vn 0.6480 -0.7279 0.2243
vn 0.6678 -0.7258 0.1654
vn 0.5823 -0.7960 0.1649
vn 0.6441 -0.7576 0.1056
vn 0.6010 -0.7910 0.1146
vn 0.2904 -0.9538 -0.0771
vn 0.4744 -0.8799 -0.0287
vn 0.4424 -0.8915 -0.0970
vn 0.3604 -0.9175 -0.1683
vn 0.0953 -0.9490 -0.3005
vn 0.0418 -0.7526 0.6572
vn 0.2276 -0.7969 0.5595
vn 0.3655 -0.7923 0.4885
vn 0.1106 -0.8688 0.4827
vn 0.0273 -0.9084 0.4173
vn 0.0115 -0.9834 -0.1811
vn -0.6336 -0.3792 0.6744
vn -0.6423 -0.4257 0.6374
vn -0.6642 -0.4466 0.5995
vn -0.6682 -0.4282 0.6084
vn -0.7713 -0.3372 0.5398
vn 0.6154 -0.0386 0.7873
vn 0.6172 -0.0086 0.7867
vn 0.5841 0.0451 0.8104
vn -0.1925 -0.4652 0.8641
vn -0.1542 -0.4569 0.8761
vn 0.0286 -0.4794 0.8771
vn 0.0311 -0.4086 0.9122
vn -0.1544 -0.4355 0.8869
vn -0.0590 -0.7003 0.7114
vn -0.0608 -0.7359 0.6744
vn 0.0587 -0.9419 -0.3306
vn 0.2509 -0.9447 -0.2113
vn -0.6056 -0.1887 -0.7731
vn -0.7807 -0.1461 -0.6076
vn 0.8921 0.0024 -0.4518
vn 0.0015 -0.9781 -0.2082
vn 0.0172 -0.9830 -0.1828
vn 0.0430 -0.9991 -0.0004
vn 0.0136 -0.9998 -0.0172
vn -0.0560 -0.8678 -0.4938
vn -0.6135 -0.6931 -0.3785
vn -0.3610 -0.7568 -0.5449
vn -0.0410 -0.8107 -0.5841
vn 0.0823 -0.8467 -0.5256
vn 0.1083 -0.8488 -0.5175
vn 0.0036 -0.9524 -0.3048
vn 0.0380 0.2613 0.9645
vn 0.0287 0.2557 0.9663
vn 0.0274 0.2144 0.9764
vn 0.8784 0.0146 -0.4778
vn 0.8762 0.0146 -0.4817
vn 0.8742 0.0146 -0.4853
vn 0.8905 0.0027 -0.4551
vn 0.8885 0.0029 -0.4589
vn 0.8864 0.0027 -0.4630
vn 0.8845 0.0023 -0.4666
vn 0.8827 0.0022 -0.4699
vn 0.8810 0.0021 -0.4732
vn 0.8794 0.0022 -0.4762
vn 0.8776 0.0026 -0.4795
vn 0.7502 -0.0011 0.6612
vn 0.8755 0.0027 -0.4832
vn -0.0128 -0.0011 -0.9999
vn -0.0127 0.0498 -0.9987
vn 0.8805 0.0146 -0.4737
vn 0.8736 0.0025 -0.4867
vn 0.8826 0.0147 -0.4700
vn 0.8718 0.0023 -0.4898
vn 0.7322 -0.0286 0.6805
vn 0.6144 -0.1279 0.7786
vn 0.8845 0.0147 -0.4663
vn 0.8701 0.0021 -0.4929
vn 0.8859 0.0145 -0.4636
vn 0.8683 -0.0004 -0.4960
vn 0.8892 0.0203 -0.4570
vn 0.8673 0.0069 -0.4978
vn 0.7361 -0.0588 0.6743
vn 0.8743 -0.0392 0.4838
vn 0.8957 0.0405 -0.4428
vn 0.8620 0.0740 -0.5015
vn 0.7005 -0.1090 0.7053
vn 0.8717 -0.0751 0.4842
vn 0.9033 0.0709 -0.4230
vn 0.8520 0.1003 -0.5139
vn 0.6254 -0.2943 0.7227
vn 0.4992 -0.2701 0.8233
vn 0.4561 -0.1370 0.8793
vn 0.5474 -0.0041 0.8368
vn 0.3765 -0.1222 0.9183
vn 0.8929 -0.1256 0.4324
vn 0.8991 -0.2662 0.3475
vn 0.9479 0.0881 0.3061
vn 0.6212 -0.1948 0.7590
vn 0.8535 -0.0991 0.5116
vn 0.9888 0.0641 -0.1346
vn 0.8586 0.1593 -0.4873
vn 0.8012 0.2848 -0.5262
vn 0.8073 -0.1749 0.5637
vn 0.7961 -0.2181 0.5645
vn 0.9904 0.0082 0.1379
vn 0.8304 0.2318 -0.5067
vn 0.8114 0.2802 -0.5129
vn -0.6106 -0.7917 -0.0208
vn -0.6062 -0.7953 0.0053
vn -0.6277 -0.7783 0.0138
vn -0.6237 -0.7811 0.0296
vn -0.7265 -0.6862 0.0353
vn -0.9002 -0.4353 0.0145
vn -0.7199 -0.6940 -0.0136
vn 0.6369 0.4433 -0.6308
vn 0.8513 0.3263 -0.4108
vn 0.7153 -0.6156 -0.3306
vn 0.6708 -0.6664 -0.3255
vn 0.6599 -0.6511 -0.3749
vn 0.6781 -0.6177 -0.3982
vn 0.7099 -0.5955 -0.3760
vn 0.9958 -0.0561 0.0723
vn 0.6938 -0.1182 0.7104
vn 0.3316 -0.2043 0.9210
vn 0.3489 -0.2268 0.9093
vn 0.3722 -0.2726 0.8872
vn 0.5430 -0.2635 0.7973
vn 0.4679 -0.3216 0.8232
vn 0.3601 -0.4436 0.8207
vn 0.5508 -0.4549 0.6998
vn 0.7290 -0.2851 0.6223
vn 0.3107 -0.5471 0.7772
vn 0.5471 -0.3891 0.7411
vn 0.4178 -0.5324 0.7362
vn 0.6870 -0.4171 0.5951
vn 0.4143 -0.3538 0.8385
vn 0.5966 -0.2291 0.7691
vn 0.7286 -0.3600 0.5827
vn -0.7226 -0.2324 0.6511
vn -0.5797 -0.2516 0.7750
vn -0.1363 -0.9870 0.0854
vn -0.1412 -0.9870 0.0763
vn 0.0541 -0.9966 0.0617
vn 0.7080 -0.6534 -0.2680
vn 0.6587 -0.7047 -0.2637
vn 0.6525 -0.6963 -0.2990
vn 0.7010 -0.6458 -0.3026
vn 0.9485 0.0289 0.3156
vn 0.9337 -0.2141 0.2871
vn 0.9015 -0.2494 0.3536
vn 0.9272 -0.2541 0.2751
vn 0.4124 -0.3316 0.8485
vn 0.9467 0.0423 0.3192
vn 0.9393 -0.2343 0.2505
vn 0.9741 -0.1023 0.2016
vn 0.8112 -0.1210 0.5721
vn 0.7519 -0.2145 0.6234
vn 0.7015 -0.3742 0.6065
vn 0.0351 -0.9934 -0.1093
vn 0.0558 -0.9984 0.0096
vn 0.0236 -0.9827 -0.1837
vn -0.1734 -0.9482 0.2663
vn -0.2225 -0.9256 0.3063
vn -0.1549 -0.9237 0.3503
vn 0.0119 -0.9713 0.2374
vn 0.8349 0.3283 -0.4418
vn 0.6595 0.5353 -0.5277
vn 0.8617 0.2855 -0.4194
vn 0.9152 -0.2500 0.3160
vn 0.9856 0.1209 -0.1181
vn 0.7286 0.4289 -0.5340
vn -0.3786 -0.2026 -0.9031
vn 0.7891 0.3776 -0.4845
vn 0.9447 -0.2084 0.2531
vn 0.9688 0.1665 -0.1835
vn 0.7653 0.4343 -0.4750
vn -0.7391 -0.3670 0.5649
vn -0.9081 -0.2453 0.3393
vn -0.9167 -0.2373 0.3216
vn -0.8677 -0.2991 0.3971
vn -0.7136 -0.4349 0.5492
vn -0.6143 -0.5178 0.5954
vn -0.6275 -0.4735 0.6181
vn -0.6426 -0.4415 0.6262
vn 0.7629 0.4647 -0.4495
vn 0.9686 -0.1779 0.1738
vn 0.9709 0.1413 -0.1936
vn 0.7418 0.4895 -0.4584
vn 0.6676 -0.7141 -0.2106
vn 0.7166 -0.6645 -0.2119
vn 0.8164 -0.4176 0.3989
vn 0.8050 -0.3809 0.4548
vn 0.7657 -0.4350 0.4739
vn 0.8515 0.4527 -0.2644
vn 0.9392 -0.2844 0.1924
vn 0.9994 -0.0213 -0.0273
vn 0.7644 0.5436 -0.3468
vn 0.8023 -0.4858 0.3468
vn 0.8043 -0.5101 0.3048
vn 0.9698 0.2275 -0.0879
vn 0.8282 0.4980 -0.2572
vn 0.9380 0.3132 -0.1486
vn 0.9872 -0.1419 -0.0735
vn 0.9574 -0.2419 0.1579
vn 0.9964 0.0763 0.0368
vn 0.9973 0.0490 0.0543
vn -0.7200 -0.6897 0.0769
vn -0.8904 -0.4504 0.0653
vn -0.9035 -0.4250 0.0546
vn 0.9639 -0.2642 0.0326
vn 0.7382 -0.4557 0.4973
vn 0.7251 -0.4982 0.4755
vn 0.7557 -0.4744 0.4515
vn 0.7637 -0.4961 0.4131
vn 0.7389 -0.5168 0.4324
vn 0.7224 -0.5566 0.4104
vn 0.7507 -0.5351 0.3875
vn 0.7603 -0.5445 0.3542
vn 0.9980 0.0614 0.0158
vn -0.7238 -0.4788 0.4968
vn -0.8805 -0.3245 0.3455
vn -0.9360 -0.2610 0.2363
vn -0.8624 -0.3991 0.3116
vn 0.7384 -0.5754 0.3516
vn 0.7459 -0.5855 0.3175
vn 0.7308 -0.6175 0.2909
vn 0.6952 -0.6435 0.3203
vn 0.7043 -0.6507 0.2839
vn 0.7786 -0.6097 0.1488
vn 0.8077 -0.5816 0.0971
vn 0.8121 -0.5734 0.1081
vn 0.7459 -0.6521 0.1356
vn 0.7504 -0.6516 0.1115
vn -0.7476 -0.6424 -0.1686
vn -0.5899 -0.7832 -0.1964
vn -0.6430 -0.7525 -0.1426
vn -0.7901 -0.6042 -0.1029
vn 0.7264 -0.6613 0.1873
vn 0.7388 -0.6730 0.0354
vn 0.6886 -0.7250 0.0112
vn 0.8481 -0.5288 0.0334
vn 0.8148 -0.5778 0.0476
vn -0.4704 -0.8781 0.0880
vn 0.7302 -0.4448 -0.5186
vn 0.7151 -0.4349 -0.5472
vn 0.6136 -0.3222 -0.7209
vn 0.5084 -0.2796 -0.8144
vn 0.7088 -0.3700 -0.6005
vn 0.8938 -0.2507 -0.3719
vn 0.8001 -0.3524 -0.4854
vn 0.9095 -0.2287 -0.3472
vn 0.7598 -0.4188 -0.4974
vn 0.7241 -0.4411 0.5303
vn 0.7089 -0.4806 0.5162
vn 0.7088 -0.5384 0.4557
vn 0.7035 -0.5941 0.3901
vn 0.8891 -0.2314 -0.3949
vn 0.7104 -0.3309 -0.6212
vn 0.6632 -0.4894 -0.5662
vn 0.6157 -0.5161 -0.5955
vn 0.4824 -0.5464 -0.6846
vn 0.5328 -0.5217 -0.6663
vn 0.5170 -0.5232 -0.6775
vn 0.4952 -0.5024 -0.7088
vn 0.8074 -0.3081 -0.5031
vn 0.6834 -0.6324 0.3647
vn 0.7098 -0.6135 0.3461
vn 0.6939 -0.7065 0.1394
vn 0.6965 -0.7081 0.1159
vn 0.6733 -0.7368 0.0618
vn 0.8834 0.4606 -0.0864
vn -0.0849 0.9764 -0.1988
vn 0.8954 0.4235 -0.1377
vn -0.3851 0.9149 -0.1213
vn 0.8516 0.5067 -0.1344
vn -0.3312 -0.9401 0.0808
vn -0.5641 0.8230 -0.0669
vn 0.8312 0.5464 -0.1024
vn -0.1985 -0.9777 0.0684
vn -0.7038 0.7098 -0.0302
vn 0.8241 0.5606 -0.0807
vn -0.0017 -0.9990 0.0444
vn -0.7985 0.5976 0.0728
vn 0.8292 0.5581 0.0308
vn 0.2357 -0.9699 0.0606
vn -0.1727 0.9794 -0.1046
vn 0.9327 -0.2922 -0.2113
vn 0.9951 -0.0038 -0.0988
vn 0.8891 -0.4574 0.0150
vn 0.9274 -0.3741 0.0087
vn 0.2678 -0.9635 -0.0081
vn 0.3416 -0.9306 -0.1316
vn 0.4856 -0.2003 -0.8509
vn 0.4975 -0.2307 -0.8362
vn 0.4294 -0.2835 -0.8575
vn 0.1080 -0.3061 -0.9459
vn 0.6142 -0.7881 -0.0421
vn 0.6534 -0.7566 0.0247
vn 0.2535 -0.9666 0.0378
vn 0.6507 -0.7590 0.0238
vn 0.0560 -0.9984 -0.0018
vn 0.0853 -0.9963 -0.0054
vn 0.0726 -0.9951 0.0678
vn 0.0343 -0.9932 0.1109
vn 0.0315 -0.9857 0.1653
vn 0.5633 -0.8253 -0.0391
vn 0.3444 -0.9207 -0.1834
vn 0.1454 -0.9466 -0.2876
vn 0.7874 -0.5309 -0.3131
vn 0.7429 -0.5786 -0.3366
vn 0.7281 -0.5585 -0.3975
vn 0.7559 -0.5364 -0.3754
vn 0.0764 -0.9489 -0.3063
vn -0.3472 -0.9360 0.0583
vn -0.4076 -0.9130 0.0186
vn -0.1271 -0.9865 0.1028
vn 0.0219 -0.9849 -0.1719
vn 0.0297 -0.9917 -0.1247
vn 0.0599 -0.9964 0.0607
vn 0.0561 -0.9978 0.0354
vn 0.0160 -0.9767 -0.2142
vn 0.0509 -0.9987 0.0049
vn 0.0132 -0.9743 -0.2248
vn 0.0174 -0.9831 -0.1823
vn 0.0449 -0.9990 0.0020
vn 0.0407 -0.9987 -0.0308
vn 0.0079 -0.9640 -0.2658
vn 0.0351 -0.9965 -0.0765
vn -0.5424 -0.5587 -0.6274
vn 0.0270 -0.9861 0.1637
vn 0.0349 -0.9928 0.1148
vn 0.0377 -0.9976 0.0583
vn 0.0160 -0.9712 0.2379
vn -0.0052 -0.9780 -0.2086
vn 0.0221 0.2245 0.9742
vn 0.0102 0.2401 0.9707
vn 0.0325 0.1959 0.9801
vn 0.0064 -0.4628 0.8864
vn 0.0140 -0.4946 0.8690
vn -0.3263 -0.4483 0.8322
vn -0.7881 -0.3771 0.4865
vn 0.0097 -0.5682 0.8228
vn 0.4468 0.2595 0.8562
vn 0.0235 -0.8750 0.4836
vn 0.0335 -0.8180 0.5743
vn 0.0098 0.0415 0.9991
vn 0.0099 0.0177 0.9998
vn 0.0276 0.1634 0.9862
vn 0.0240 0.1983 0.9799
vn 0.0073 -0.9633 -0.2685
vn -0.4846 -0.6284 0.6085
vn -0.0602 -0.6952 0.7163
vn -0.0676 -0.5692 0.8194
vn 0.0171 -0.9745 -0.2237
vn 0.0530 -0.9819 -0.1820
vn 0.0714 -0.9969 -0.0336
vn -0.9353 -0.3405 0.0962
vn -0.9183 -0.3683 0.1455
vn 0.0235 -0.9666 -0.2550
vn 0.0673 -0.9972 -0.0334
vn 0.0179 -0.9753 -0.2203
vn 0.0542 -0.9984 -0.0164
vn 0.0740 -0.9968 -0.0312
vn 0.0374 -0.9927 0.1148
vn 0.0422 -0.9830 0.1786
vn 0.3324 -0.9425 0.0355
vn 0.2711 -0.9625 0.0030
vn 0.0033 -0.9527 -0.3039
vn 0.0066 -0.9599 -0.2803
vn 0.0424 -0.9965 -0.0718
vn 0.0208 0.3531 0.9354
vn 0.6895 -0.4517 -0.5662
vn 0.0243 -0.5521 0.8334
vn 0.7022 -0.7101 -0.0517
vn 0.5155 -0.8543 0.0666
vn 0.6534 -0.7551 -0.0543
vn 0.0146 -0.9680 -0.2504
vn 0.0547 -0.9979 -0.0356
vn 0.0197 -0.9760 -0.2171
vn 0.0523 -0.9986 -0.0029
vn 0.0245 -0.9833 -0.1806
vn 0.0552 -0.9981 0.0260
vn -0.5810 -0.8108 0.0713
vn -0.5603 -0.8236 0.0884
vn 0.0302 -0.9893 -0.1425
vn 0.0578 -0.9971 0.0501
vn 0.6895 -0.4927 -0.5309
vn 0.7124 -0.4905 -0.5019
vn 0.6982 -0.5239 -0.4879
vn 0.6693 -0.5429 -0.5073
vn 0.6552 -0.5237 -0.5445
vn 0.0044 -0.9530 -0.3030
vn 0.0072 -0.9598 -0.2807
vn 0.0420 -0.9969 -0.0659
vn 0.0358 -0.9939 -0.1046
vn 0.0138 -0.9680 -0.2507
vn 0.0477 -0.9984 -0.0294
vn 0.3217 -0.9465 -0.0241
vn 0.3153 -0.9267 -0.2043
vn 0.4632 -0.8114 -0.3565
vn 0.0964 -0.8744 -0.4755
vn 0.3283 -0.8306 -0.4499
vn 0.4546 -0.8316 -0.3191
vn 0.2409 -0.9176 -0.3161
vn 0.5972 -0.7729 -0.2144
vn 0.5870 -0.8046 -0.0897
vn 0.3921 -0.7762 -0.4937
vn 0.0583 -0.7932 -0.6062
vn 0.2737 -0.7603 -0.5891
vn 0.4995 -0.7437 -0.4444
vn 0.6268 -0.6934 -0.3555
vn 0.4573 -0.6832 -0.5694
vn 0.0727 -0.7677 -0.6367
vn 0.3234 -0.6903 -0.6473
vn 0.6146 -0.6396 -0.4618
vn 0.4706 -0.6106 -0.6369
vn 0.3244 -0.6251 -0.7099
vn 0.6209 -0.5722 -0.5358
vn 0.0536 -0.9966 -0.0631
vn 0.0422 -0.9991 -0.0083
vn 0.6628 -0.5981 -0.4506
vn 0.6529 -0.5827 -0.4839
vn -0.5354 -0.8415 -0.0726
vn -0.6093 -0.7917 -0.0451
vn 0.8668 -0.1254 -0.4827
vn 0.6178 -0.0421 -0.7852
vn 0.6877 -0.5674 -0.4529
vn 0.6978 -0.5801 -0.4202
vn -0.8341 -0.5437 0.0928
vn -0.8683 -0.4900 0.0772
vn -0.5301 -0.8417 0.1026
vn -0.5235 -0.8471 0.0908
vn -0.5668 -0.8181 0.0972
vn -0.6813 -0.7146 0.1589
vn -0.7147 -0.6793 0.1666
vn -0.7960 -0.5928 0.1225
vn 0.9254 -0.2550 -0.2803
vn 0.7608 -0.4783 -0.4387
vn 0.7373 -0.4960 -0.4587
vn 0.0277 -0.9940 0.1057
vn 0.0447 -0.9966 0.0696
vn 0.0174 -0.9650 0.2616
vn 0.0087 -0.9570 0.2901
vn 0.0067 -0.9992 -0.0389
vn 0.0430 -0.9984 -0.0380
vn 0.0448 -0.9983 -0.0368
vn 0.2019 -0.9591 0.1985
vn 0.0119 -0.9621 0.2723
vn 0.3120 -0.9354 0.1667
vn 0.4096 -0.9069 0.0989
vn 0.1191 -0.9547 0.2727
vn 0.2014 -0.9499 0.2392
vn 0.1245 -0.6124 -0.7807
vn 0.1180 -0.6072 -0.7858
vn 0.3849 -0.5671 -0.7282
vn 0.4173 -0.5312 -0.7373
vn 0.1184 -0.5912 -0.7978
vn 0.1071 -0.5894 -0.8007
vn 0.3431 -0.5130 -0.7869
vn 0.4772 -0.4171 -0.7735
vn 0.6227 -0.4169 -0.6621
vn 0.4946 -0.3935 -0.7749
vn 0.3477 -0.3972 -0.8493
vn 0.6329 -0.2789 -0.7223
vn -0.2768 -0.5971 0.7529
vn -0.1091 -0.5542 0.8252
vn -0.1255 -0.5909 0.7969
vn -0.1600 -0.6174 0.7702
vn -0.1828 -0.6050 0.7750
vn -0.2324 -0.6382 0.7340
vn 0.6438 -0.2382 -0.7272
vn 0.3062 -0.1942 -0.9320
vn 0.3402 -0.1002 -0.9350
vn 0.6044 -0.0940 -0.7912
vn 0.0114 -0.9513 0.3080
vn 0.0250 -0.9781 0.2064
vn 0.0289 -0.9841 0.1755
vn 0.7104 -0.1429 -0.6891
vn 0.8838 -0.1931 -0.4262
vn 0.8168 -0.2461 -0.5218
vn 0.8399 -0.2560 -0.4786
vn 0.6097 -0.3007 -0.7334
vn 0.8781 -0.2320 -0.4184
vn 0.9120 -0.1789 -0.3692
vn 0.7105 -0.2903 -0.6410
vn 0.8909 -0.2382 -0.3868
vn 0.8534 -0.3022 -0.4248
vn 0.9074 -0.0815 -0.4124
vn 0.7975 -0.0942 -0.5959
vn 0.7603 -0.1832 -0.6232
vn 0.8788 -0.0684 -0.4722
vn 0.9119 -0.0173 -0.4100
vn 0.6200 -0.0761 -0.7809
vn 0.9073 -0.0828 -0.4123
vn 0.9295 -0.0773 -0.3605
vn 0.3677 -0.0465 -0.9288
vn 0.8902 -0.2511 -0.3802
vn -0.0854 -0.8712 -0.4835
vn -0.5457 -0.7786 0.3099
vn -0.7130 -0.6372 0.2926
vn -0.7346 -0.6389 0.2285
vn -0.6546 -0.7185 0.2352
vn 0.2340 -0.6048 -0.7612
vn 0.0658 -0.9959 -0.0621
vn 0.0506 -0.9979 -0.0392
vn 0.0462 -0.9989 -0.0095
vn 0.0574 -0.9981 0.0215
vn 0.0465 -0.9977 0.0490
vn 0.0592 -0.9978 -0.0311
vn 0.0569 -0.9984 -0.0069
vn 0.0558 -0.9982 0.0203
vn 0.0478 -0.9976 0.0510
vn 0.0491 -0.9953 -0.0833
vn 0.0487 -0.9914 -0.1216
vn 0.0475 -0.9916 -0.1201
vn 0.0450 -0.9952 -0.0870
vn 0.0489 -0.9955 -0.0817
vn 0.0515 -0.9973 -0.0530
vn 0.0474 -0.9986 -0.0239
vn 0.0437 -0.9990 0.0118
vn 0.0492 -0.9977 0.0457
vn -0.0598 -0.7864 -0.6148
vn 0.0395 -0.9958 0.0826
vn 0.0172 -0.9646 0.2633
vn 0.0142 -0.9579 0.2868
vn 0.0116 -0.9521 0.3056
vn -0.0008 -0.9648 0.2629
vn -0.8968 -0.1555 0.4142
vn -0.8386 -0.2202 0.4982
vn -0.7102 -0.3046 0.6347
vn -0.6988 -0.3159 0.6418
vn -0.6583 -0.2988 0.6909
vn -0.5156 -0.2937 0.8049
vn 0.0180 -0.9616 0.2739
vn 0.7351 -0.6198 -0.2747
vn -0.7133 -0.6577 -0.2423
vn -0.6074 -0.7578 -0.2384
vn -0.7252 -0.6519 -0.2217
vn 0.7118 -0.5368 -0.4530
vn -0.9174 -0.3979 -0.0064
vn 0.8807 -0.4400 -0.1754
vn 0.9850 -0.1448 -0.0937
vn 0.7676 -0.6060 -0.2085
vn 0.7592 -0.5983 -0.2564
vn 0.9959 0.0094 -0.0904
vn 0.7923 -0.5949 -0.1358
vn 0.9184 -0.3280 -0.2214
vn 0.9781 0.0580 -0.1998
vn 0.9904 0.1309 -0.0444
vn 0.9646 0.2105 0.1586
vn 0.9391 0.3388 -0.0569
vn 0.3265 -0.9187 0.2223
vn 0.0749 -0.9392 0.3352
vn -0.8031 -0.5202 0.2905
vn -0.8667 -0.4486 0.2183
vn -0.4606 -0.8058 0.3722
vn -0.6362 -0.6799 0.3647
vn 0.4620 -0.8805 0.1063
vn 0.0395 -0.9569 0.2877
vn 0.0138 -0.9951 0.0979
vn -0.1510 -0.5512 0.8206
vn 0.0137 -0.3700 0.9289
vn -0.0191 -0.7909 0.6116
vn 0.0171 -0.7797 0.6259
vn 0.7283 -0.6838 -0.0455
vn 0.7533 -0.6530 -0.0781
vn 0.8214 -0.5640 -0.0850
vn 0.7481 -0.6446 -0.1575
vn 0.0108 -0.9512 0.3083
vn 0.0203 -0.9715 0.2364
vn 0.0134 -0.9570 0.2898
vn 0.0184 -0.9639 0.2656
vn 0.0181 -0.9677 0.2514
vn 0.0213 -0.9789 0.2031
vn 0.0040 -0.9782 0.2077
vn -0.0004 -0.9736 0.2284
vn -0.1943 -0.7692 0.6088
vn -0.1071 -0.8532 0.5105
vn 0.9982 0.0554 -0.0228
vn 0.9678 0.1270 0.2173
vn 0.9272 -0.3698 0.0597
vn 0.9378 0.1764 0.2991
vn 0.9920 -0.0336 0.1218
vn 0.9707 0.2135 -0.1105
vn 0.9870 0.0958 -0.1293
vn 0.4460 -0.4358 -0.7818
vn 0.3395 -0.5228 -0.7820
vn 0.3684 -0.4615 -0.8071
vn 0.4502 -0.3703 -0.8125
vn 0.4656 -0.4754 -0.7465
vn 0.3238 -0.3958 -0.8594
vn 0.4128 -0.4252 -0.8055
vn 0.3615 -0.2687 -0.8928
vn 0.5260 -0.2846 -0.8014
vn 0.3493 -0.1788 -0.9198
vn 0.4467 -0.1387 -0.8838
vn 0.4281 -0.1001 -0.8981
vn 0.3521 -0.1280 -0.9272
vn 0.8441 -0.2557 -0.4712
vn 0.6446 -0.3777 -0.6647
vn 0.7239 -0.4054 -0.5583
vn 0.7470 -0.3041 -0.5912
vn 0.9893 -0.0999 -0.1064
vn 0.9021 -0.0094 -0.4315
vn 0.6145 -0.1923 -0.7651
vn 0.9689 0.2374 0.0701
vn 0.6282 -0.1759 -0.7579
vn 0.9967 -0.0808 0.0080
vn 0.9802 0.1018 0.1698
vn 0.6747 -0.1211 -0.7281
vn 0.9826 -0.1854 0.0109
vn 0.0232 -0.9755 0.2188
vn -0.3016 -0.2508 -0.9198
vn -0.0131 -0.2595 -0.9657
vn -0.1632 -0.3302 -0.9297
vn -0.0164 -0.1957 0.9805
vn -0.0627 -0.2208 0.9733
vn -0.5745 -0.1680 0.8011
vn 0.9751 0.1101 0.1924
vn 0.9670 0.1462 0.2085
vn 0.9818 -0.1872 0.0323
vn 0.9434 -0.0517 0.3276
vn 0.9825 -0.0424 0.1814
vn 0.9980 0.0627 0.0094
vn 0.4820 -0.2385 -0.8431
vn 0.4163 -0.1146 -0.9020
vn 0.6087 -0.3055 -0.7322
vn -0.7536 -0.6495 0.1016
vn -0.7508 -0.6508 0.1127
vn -0.7401 -0.6664 0.0904
vn 0.0488 -0.9983 0.0322
vn 0.0402 -0.9992 0.0065
vn 0.0475 -0.9979 0.0438
vn 0.0518 -0.9954 0.0810
vn 0.0640 -0.9943 0.0856
vn 0.0613 -0.9935 0.0955
vn -0.0797 -0.9905 -0.1120
vn -0.0536 -0.9900 -0.1304
vn -0.0265 -0.9873 -0.1568
vn -0.0092 -0.9774 -0.2112
vn 0.0225 -0.9825 -0.1849
vn 0.0129 -0.9873 -0.1585
vn 0.0334 -0.9855 0.1662
vn 0.0136 -0.9837 0.1792
vn 0.0494 -0.9980 -0.0405
vn 0.0355 -0.9971 -0.0667
vn -0.8950 -0.2502 0.3692
vn -0.5782 -0.3817 0.7211
vn -0.4633 -0.8636 0.1989
vn -0.4388 -0.8387 0.3227
vn 0.0080 -0.9950 0.0999
vn -0.1843 -0.9404 0.2857
vn -0.6489 -0.0432 -0.7597
vn -0.6953 0.0014 -0.7187
vn 0.0019 -0.9887 0.1500
vn -0.0986 -0.9685 0.2287
vn -0.1259 -0.9438 0.3055
vn -0.0922 -0.9830 0.1589
vn -0.0205 -0.9946 0.1021
vn 0.0790 -0.9791 0.1876
vn 0.0542 -0.9983 0.0225
vn -0.4185 -0.6735 0.6093
vn 0.4096 -0.8527 0.3241
vn 0.6300 -0.7591 0.1641
vn 0.0989 -0.9325 0.3475
vn 0.9034 -0.1078 0.4149
vn 0.9958 -0.0420 0.0815
vn -0.0047 -0.9220 0.3873
vn -0.0893 -0.9046 0.4169
vn -0.1979 0.0006 0.9802
vn -0.1962 0.0006 0.9806
vn -0.1945 0.0006 0.9809
vn -0.1928 0.0006 0.9812
vn -0.1911 0.0006 0.9816
vn -0.1894 0.0006 0.9819
vn -0.1877 0.0006 0.9822
vn -0.8107 0.0002 0.5854
vn -0.6876 -0.0448 0.7247
vn -0.3462 0.0904 -0.9338
vn -0.5858 -0.1011 0.8042
vn -0.2801 0.1669 -0.9453
vn -0.3778 0.3231 -0.8677
vn -0.9236 -0.3659 -0.1141
vn -0.9457 0.0760 -0.3159
vn -0.4951 0.3000 -0.8154
vn -0.4617 -0.2526 0.8503
vn -0.8620 -0.4070 0.3021
vn -0.5253 -0.2947 0.7982
vn -0.9468 -0.0396 0.3193
vn -0.8447 0.4232 -0.3278
vn -0.4484 0.4347 -0.7810
vn -0.9998 0.0196 -0.0023
vn -0.9299 0.3401 0.1402
vn -0.5134 0.3412 -0.7874
vn -0.4565 -0.4440 0.7710
vn -0.5625 -0.3137 0.7650
vn -0.4355 0.4490 -0.7802
vn -0.9982 0.0503 -0.0313
vn -0.9313 -0.3403 -0.1299
vn -0.9439 0.0812 -0.3202
vn -0.4975 0.3475 -0.7948
vn -0.4174 -0.4853 0.7683
vn -0.8485 -0.5065 0.1530
vn -0.7435 -0.2616 0.6155
vn -0.0336 0.1045 -0.9940
vn -0.0195 -0.0949 0.9953
vn -0.2325 -0.1014 0.9673
vn -0.2259 0.1961 -0.9542
vn -0.1759 -0.1323 0.9755
vn -0.1597 -0.2008 0.9665
vn -0.1958 0.2799 -0.9398
vn -0.0538 -0.3223 0.9451
vn -0.1789 0.3546 -0.9177
vn -0.2560 0.3858 -0.8864
vn -0.0324 -0.4379 0.8985
vn -0.0311 0.4285 -0.9030
vn -0.2255 0.4387 -0.8699
vn -0.0611 -0.4631 0.8842
vn -0.1692 -0.4421 0.8809
vn -0.0316 -0.4543 0.8903
vn -0.0169 -0.4833 0.8753
vn -0.9860 0.1121 -0.1238
vn -0.8317 0.4279 -0.3538
vn -0.0955 -0.5203 0.8486
vn -0.1522 -0.4816 0.8630
vn -0.0025 -0.4664 0.8846
vn -0.1411 -0.3968 0.9070
vn -0.4569 0.1241 -0.8808
vn -0.8502 -0.0429 0.5246
vn -0.5532 0.1623 -0.8170
vn -0.8025 -0.1034 0.5875
vn -0.7152 0.1492 -0.6828
vn -0.7961 0.1672 -0.5817
vn -0.6698 -0.2271 0.7069
vn -0.5063 -0.3803 0.7740
vn -0.4637 0.4088 -0.7860
vn -0.6589 -0.3355 0.6732
vn -0.7757 0.2846 -0.5633
vn -0.2666 0.4614 -0.8462
vn -0.8602 0.2593 -0.4391
vn -0.4567 -0.4208 0.7838
vn -0.5102 0.4229 -0.7489
vn -0.2424 0.4479 -0.8606
vn -0.0359 -0.4773 0.8780
vn -0.6586 -0.4169 0.6264
vn -0.7806 0.2802 -0.5587
vn -0.1658 0.4761 -0.8636
vn -0.8286 0.2800 -0.4848
vn -0.9104 -0.1136 0.3979
vn -0.4787 -0.4667 0.7437
vn -0.5212 0.8533 0.0112
vn -0.5082 0.8612 0.0064
vn -0.0171 0.9999 0.0006
vn -0.0149 0.9999 0.0011
vn -0.0194 0.9998 0.0006
vn -0.1811 0.0006 0.9835
vn -0.1745 0.0006 0.9847
vn -0.6834 0.0015 -0.7300
vn -0.6831 0.0015 -0.7303
vn -0.6823 0.0015 -0.7311
vn -0.6817 0.0015 -0.7317
vn -0.6810 0.0016 -0.7323
vn -0.6805 0.0015 -0.7328
vn -0.6801 0.0013 -0.7332
vn -0.7228 -0.0818 -0.6862
vn -0.9687 -0.0967 0.2288
vn -0.9713 0.0024 0.2380
vn -0.6859 0.0015 -0.7277
vn -0.6851 0.0016 -0.7284
vn -0.6845 0.0015 -0.7290
vn -0.6840 0.0016 -0.7295
vn -0.4156 0.4198 -0.8069
vn -0.9521 -0.2974 -0.0708
vn -0.9273 0.3478 -0.1386
vn -0.6282 0.3700 -0.6845
vn -0.4933 -0.3145 0.8110
vn -0.8884 -0.3922 0.2387
vn -0.9477 0.2871 0.1392
vn -0.9095 -0.0947 0.4048
vn -0.1439 0.4859 -0.8621
vn -0.1719 0.4773 -0.8617
vn -0.1514 0.4452 -0.8825
vn -0.1375 0.4833 -0.8646
vn -0.9537 0.0554 -0.2956
vn -0.4106 0.4003 -0.8192
vn -0.5768 0.3650 -0.7308
vn -0.1672 0.4377 -0.8834
vn -0.1792 0.4888 -0.8538
vn -0.1411 0.5454 -0.8262
vn -0.2426 0.5288 -0.8134
vn -0.0952 0.6058 -0.7899
vn -0.6134 0.3872 -0.6884
vn -0.7472 0.2955 -0.5952
vn -0.6285 0.3832 -0.6769
vn -0.1575 0.4433 -0.8825
vn -0.7605 0.2869 -0.5825
vn -0.6534 0.4210 -0.6292
vn -0.1728 0.0006 0.9849
vn -0.1712 0.0006 0.9852
vn -0.1700 0.0006 0.9854
vn -0.1627 0.0006 0.9867
vn -0.1615 0.0006 0.9869
vn -0.7695 0.0018 0.6386
vn -0.9961 0.0025 0.0878
vn -0.9982 0.0023 0.0594
vn -0.9148 0.0025 0.4039
vn -0.2936 -0.8780 -0.3781
vn -0.8195 -0.5553 -0.1420
vn -0.9752 -0.1597 -0.1535
vn -0.5497 -0.5821 -0.5992
vn -0.3317 -0.9232 0.1943
vn -0.8543 -0.5196 -0.0101
vn -0.7300 -0.5196 0.4439
vn -0.9927 -0.0847 0.0854
vn -0.5557 -0.5760 -0.5995
vn -0.0643 -0.6870 -0.7238
vn -0.2620 -0.3446 -0.9014
vn -0.4109 -0.2474 -0.8775
vn -0.3699 -0.8834 -0.2878
vn -0.3386 -0.9296 0.1457
vn -0.4498 -0.6872 0.5706
vn -0.0648 -0.7836 0.6179
vn -0.4453 -0.3430 0.8271
vn -0.1786 -0.4831 0.8572
vn -0.7704 -0.5535 -0.3162
vn -0.9156 -0.2845 -0.2841
vn -0.7211 -0.6712 -0.1719
vn -0.6925 -0.7131 0.1093
vn -0.7091 -0.6408 0.2943
vn -0.8557 -0.3837 0.3472
vn -0.7988 -0.2913 -0.5264
vn -0.7754 -0.1478 -0.6139
vn -0.6288 -0.4078 0.6621
vn -0.4350 -0.2341 0.8695
vn -0.9072 -0.0943 0.4101
vn -0.9274 0.3221 0.1903
vn -0.9180 0.3926 0.0563
vn -0.9257 0.3698 -0.0789
vn -0.9225 0.1975 0.3318
vn -0.8341 0.3938 0.3863
vn -0.8891 0.3072 -0.3393
vn -0.9051 0.0610 0.4209
vn -0.4437 0.8856 0.1375
vn -0.6214 0.7014 0.3492
vn -0.4855 0.8443 -0.2268
vn -0.6807 0.6251 -0.3820
vn -0.4013 0.6628 0.6321
vn -0.6062 0.3736 0.7022
vn -0.1598 0.9235 0.3487
vn -0.5041 0.5511 -0.6650
vn -0.2404 0.8496 -0.4695
vn -0.7705 0.2665 -0.5791
vn -0.4152 0.1722 0.8933
vn -0.1356 0.4153 0.8995
vn -0.7615 0.0983 -0.6407
vn -0.3959 0.1542 -0.9053
vn -0.1007 0.9825 -0.1568
vn -0.0830 0.9963 -0.0230
vn -0.3070 0.9407 0.1445
vn -0.2991 0.6979 0.6508
vn -0.3971 0.8451 -0.3579
vn -0.0503 0.6201 -0.7829
vn -0.3444 0.2026 0.9167
vn -0.0532 0.0309 0.9981
vn -0.2778 0.2165 -0.9359
vn -0.6553 0.5004 -0.5659
vn -0.0626 -0.1374 0.9885
vn -0.8822 0.4661 0.0675
vn -0.7907 0.4453 0.4202
vn -0.8978 0.4392 -0.0320
vn -0.9025 0.0765 0.4239
vn -0.9260 -0.0052 0.3776
vn -0.9902 0.0990 -0.0983
vn -0.8122 0.0132 -0.5833
vn -0.7880 -0.1410 -0.5993
vn -0.9974 0.0024 0.0717
vn -0.6739 0.0017 -0.7388
vn -0.6732 0.0017 -0.7394
vn -0.6766 0.0017 -0.7364
vn -0.6756 0.0017 -0.7373
vn -0.6747 0.0017 -0.7381
vn -0.6693 0.0017 -0.7430
vn -0.6685 0.0017 -0.7437
vn -0.6648 -0.0067 -0.7470
vn -0.6711 0.0017 -0.7414
vn -0.6702 0.0017 -0.7422
vn -0.1524 0.0005 0.9883
vn -0.1510 0.0005 0.9885
vn -0.1539 0.0005 0.9881
vn -0.1554 0.0005 0.9879
vn -0.4277 -0.0119 0.9039
vn -0.3343 -0.3178 0.8873
vn -0.4957 -0.0145 -0.8684
vn -0.7524 -0.1491 -0.6416
vn -0.4358 -0.2790 -0.8557
vn -0.8416 -0.2735 -0.4657
vn -0.8425 -0.3010 0.4467
vn -0.6643 -0.4368 0.6065
vn -0.6322 -0.3396 0.6964
vn -0.4266 -0.4172 0.8025
vn -0.6856 -0.3663 0.6290
vn -0.4665 -0.5906 0.6584
vn -0.8588 -0.2968 -0.4175
vn -0.3370 -0.5257 -0.7810
vn -0.7251 -0.3325 -0.6030
vn -0.7973 -0.4750 0.3724
vn -0.7039 -0.5241 0.4793
vn -0.4377 -0.7549 0.4884
vn -0.5866 -0.6025 -0.5412
vn -0.5925 -0.5924 -0.5459
vn -0.8715 -0.4213 -0.2509
vn -0.3403 -0.8185 -0.4628
vn -0.7234 -0.5178 -0.4566
vn -0.5112 -0.5230 -0.6820
vn -0.4030 -0.8639 0.3020
vn -0.6812 -0.5524 0.4804
vn -0.4453 -0.8929 0.0664
vn -0.4000 -0.8883 -0.2256
vn -0.6813 -0.6799 -0.2712
vn -0.4938 -0.7283 -0.4751
vn -0.7216 0.5257 -0.4505
vn -0.5917 0.6729 -0.4440
vn -0.8204 0.5114 -0.2557
vn -0.7523 0.6370 -0.1679
vn -0.6579 0.7474 -0.0930
vn -0.5946 0.8037 -0.0207
vn -0.5445 -0.3868 -0.7442
vn -0.6267 -0.5206 -0.5798
vn -0.9471 -0.2572 -0.1921
vn -0.8996 0.1347 -0.4153
vn -0.9943 0.1023 -0.0294
vn -0.8323 0.3686 -0.4139
vn -0.5501 0.8283 -0.1062
vn -0.7232 0.6222 -0.2999
vn -0.6872 0.7250 -0.0461
vn -0.1645 0.9838 -0.0707
vn -0.0736 0.9971 -0.0187
vn -0.0956 -0.4769 -0.8737
vn -0.0715 -0.4480 -0.8912
vn -0.2048 -0.4392 -0.8747
vn -0.0624 -0.4421 -0.8948
vn -0.0700 -0.5068 -0.8592
vn -0.1081 -0.4794 -0.8709
vn -0.0836 -0.4435 -0.8924
vn -0.2156 -0.4823 -0.8491
vn -0.0653 -0.4739 -0.8781
vn -0.0226 -0.6085 -0.7932
vn -0.4790 0.8778 0.0105
vn -0.5030 0.8643 -0.0067
vn -0.4942 0.8693 0.0067
vn -0.5086 0.8610 0.0065
vn -0.5229 0.8524 0.0082
vn -0.5166 0.8559 -0.0250
vn -0.0336 0.9994 0.0006
vn -0.0306 0.9995 0.0005
vn -0.0279 0.9996 0.0005
vn -0.0251 0.9997 0.0006
vn -0.0222 0.9998 0.0005
vn -0.0221 0.9997 -0.0081
vn -0.7129 -0.2944 -0.6365
vn -0.5308 -0.4443 -0.7217
vn -0.5424 -0.4490 -0.7100
vn -0.5621 0.8271 0.0061
vn -0.5249 0.8489 -0.0623
vn -0.5569 0.5694 -0.6047
vn -0.0665 -0.0011 -0.9978
vn -0.0660 -0.0011 -0.9978
vn -0.0655 -0.0011 -0.9978
vn -0.0651 -0.0003 -0.9979
vn -0.0646 -0.0011 -0.9979
vn -0.0642 -0.0012 -0.9979
vn -0.0648 -0.0019 -0.9979
vn -0.0675 -0.0031 -0.9977
vn -0.7906 -0.0161 -0.6121
vn -0.0712 -0.0030 -0.9975
vn -0.7467 0.1109 -0.6558
vn -0.1298 -0.4240 0.8963
vn -0.1526 -0.4867 0.8602
vn -0.1144 -0.4228 0.8990
vn -0.1186 -0.5475 0.8284
vn -0.5945 -0.4023 0.6962
vn -0.3375 -0.3992 0.8525
vn -0.6479 -0.4082 0.6432
vn -0.9963 0.0860 0.0059
vn -0.9998 -0.0064 -0.0200
vn -0.9994 -0.0054 -0.0348
vn -0.9700 0.0087 0.2428
vn -0.0790 0.6850 -0.7242
vn -0.6830 0.7303 0.0104
vn -0.7507 0.6589 0.0477
vn -0.9334 0.3558 0.0460
vn -0.0770 0.9970 -0.0089
vn -0.0980 -0.5146 0.8518
vn -0.3419 0.8885 -0.3060
vn -0.1110 -0.4227 0.8995
vn -0.3848 0.7870 -0.4822
vn -0.8381 0.2979 -0.4571
vn -0.5735 0.3223 -0.7531
vn -0.7317 0.4556 -0.5070
vn -0.9859 -0.1095 0.1265
vn -0.3168 0.8970 -0.3083
vn -0.4022 0.8171 -0.4130
vn -0.6511 0.3084 -0.6936
vn -0.6804 0.2777 -0.6782
vn -0.5362 0.7880 -0.3027
vn -0.6889 0.2679 -0.6735
vn -0.8248 0.2566 -0.5038
vn -0.3208 -0.6519 -0.6871
vn -0.1964 -0.6711 -0.7149
vn -0.4423 -0.3277 -0.8349
vn -0.3813 -0.2565 -0.8882
vn -0.3415 -0.8923 -0.2953
vn -0.4567 -0.8086 -0.3708
vn -0.9319 0.3083 -0.1913
vn -0.9708 0.2071 0.1213
vn -0.9698 -0.2277 -0.0873
vn -0.9256 -0.3132 0.2123
vn -0.8249 -0.3947 -0.4046
vn -0.7399 -0.2630 -0.6192
vn -0.7194 -0.6281 -0.2965
vn -0.8935 -0.4359 -0.1081
vn -0.9761 -0.1864 -0.1116
vn -0.9789 -0.1118 -0.1710
vn -0.9066 -0.0996 -0.4101
vn -0.3453 -0.9238 0.1657
vn -0.4991 -0.8539 0.1474
vn -0.3253 -0.7021 0.6334
vn -0.2696 -0.7770 0.5688
vn -0.6230 -0.3514 0.6988
vn -0.1085 -0.4799 0.8706
vn -0.6245 -0.7770 -0.0796
vn -0.8758 -0.4740 0.0913
vn -0.6232 -0.7820 0.0101
vn -0.6823 -0.6856 0.2538
vn -0.7657 -0.5349 0.3573
vn -0.8997 -0.2546 0.3544
vn -0.5326 -0.4500 0.7168
vn -0.3313 -0.2554 0.9083
vn -0.8497 -0.1260 0.5119
vn -0.0735 -0.0017 -0.9973
vn -0.6922 0.0004 -0.7217
vn -0.0739 -0.0003 -0.9973
vn -0.6922 0.0014 -0.7217
vn -0.0733 -0.0010 -0.9973
vn -0.6915 0.0017 -0.7223
vn -0.0728 -0.0010 -0.9973
vn -0.6908 0.0016 -0.7230
vn -0.0723 -0.0010 -0.9974
vn -0.0718 -0.0010 -0.9974
vn -0.0713 -0.0010 -0.9975
vn -0.0708 -0.0010 -0.9975
vn -0.8211 -0.0017 -0.5708
vn -0.6054 0.0034 -0.7959
vn -0.7658 0.0018 0.6431
vn -0.7609 0.0052 0.6488
vn -0.9925 0.0024 -0.1222
vn -0.5293 -0.5212 0.6695
vn -0.1825 -0.4814 0.8573
vn -0.7560 0.0018 0.6546
vn -0.1479 0.0005 0.9890
vn -0.1495 0.0005 0.9888
vn -0.4679 0.1784 -0.8656
vn -0.3866 0.1675 -0.9069
vn -0.2473 0.5832 -0.7737
vn -0.3129 0.5858 -0.7476
vn -0.5767 0.7225 -0.3814
vn -0.3018 0.8278 -0.4729
vn -0.6698 -0.0669 -0.7396
vn -0.6705 0.0109 -0.7419
vn -0.8984 0.0793 -0.4320
vn -0.7142 0.2350 -0.6593
vn -0.7766 0.4060 -0.4818
vn -0.6518 0.6429 -0.4023
vn -0.8405 0.5143 -0.1706
vn -0.9948 -0.0357 0.0959
vn -0.9967 -0.0075 0.0812
vn -0.6317 0.2474 0.7346
vn -0.9839 0.1658 -0.0667
vn -0.9912 0.1318 -0.0121
vn -0.9606 0.2139 0.1775
vn -0.6061 0.7743 0.1822
vn -0.0097 -0.1419 0.9898
vn -0.0090 0.0299 0.9995
vn -0.2938 0.1774 0.9393
vn -0.3100 0.7031 0.6400
vn -0.0622 0.4092 0.9103
vn -0.2885 0.6944 0.6592
vn -0.0326 0.9856 -0.1661
vn -0.3027 0.9322 -0.1984
vn -0.0271 0.9995 -0.0158
vn -0.0778 0.9363 0.3425
vn -0.3217 0.9360 0.1428
vn -0.8439 0.0790 0.5306
vn -0.4724 0.4114 0.7795
vn -0.8803 0.2442 0.4067
vn -0.4973 0.7814 0.3770
vn -0.7405 0.4802 0.4701
vn -0.8883 0.3947 0.2349
vn -0.8586 0.5056 0.0841
vn -0.0703 -0.0010 -0.9975
vn -0.0698 -0.0010 -0.9976
vn -0.0693 -0.0010 -0.9976
vn -0.6846 0.0017 -0.7289
vn -0.0688 -0.0010 -0.9976
vn -0.6837 0.0017 -0.7298
vn -0.0683 -0.0010 -0.9977
vn -0.6828 0.0017 -0.7306
vn -0.0678 -0.0010 -0.9977
vn -0.6820 0.0017 -0.7314
vn -0.0673 -0.0010 -0.9977
vn -0.6811 0.0017 -0.7322
vn -0.6069 0.0044 -0.7947
vn -0.5702 -0.6375 -0.5181
vn -0.2344 -0.9357 0.2638
vn -0.0506 -0.9837 0.1724
vn -0.1375 -0.9872 -0.0807
vn -0.6612 0.6971 0.2771
vn -0.0394 -0.9921 -0.1192
vn -0.3618 -0.9295 -0.0715
vn -0.7330 -0.2264 -0.6414
vn -0.1900 -0.9582 -0.2141
vn -0.8607 0.1997 -0.4683
vn -0.5716 0.7179 0.3973
vn -0.6830 0.6439 0.3447
vn -0.4614 0.6233 0.6313
vn 0.1251 -0.4177 -0.8999
vn -0.3026 0.8761 -0.3753
vn -0.7117 0.6811 0.1719
vn -0.7299 0.6610 -0.1740
vn -0.6209 0.6209 -0.4785
vn -0.8451 0.3533 0.4011
vn -0.6356 0.3578 0.6841
vn -0.9881 0.1486 0.0389
vn -0.9905 -0.1146 -0.0763
vn -0.9941 0.0990 0.0441
vn -0.9703 0.2381 -0.0433
vn -0.8843 0.3555 -0.3026
vn -0.7981 0.2730 -0.5372
vn -0.9806 0.0725 -0.1823
vn -0.4154 0.5578 -0.7186
vn -0.4821 0.2693 -0.8337
vn -0.1188 -0.9885 -0.0931
vn -0.3682 -0.9297 0.0005
vn -0.3365 -0.9416 -0.0161
vn -0.2921 -0.9559 -0.0319
vn -0.2607 -0.9585 -0.1154
vn -0.3820 0.3233 0.8658
vn -0.4509 0.5045 0.7363
vn -0.5610 0.8278 0.0060
vn -0.0366 0.9993 0.0006
vn -0.5679 0.8231 0.0061
vn -0.0397 0.9992 0.0006
vn -0.5743 0.8186 0.0057
vn -0.0435 0.9991 -0.0015
vn -0.0515 0.9980 -0.0373
vn -0.0765 0.9864 -0.1453
vn -0.1144 0.9516 -0.2852
vn -0.1261 0.8883 -0.4416
vn -0.0990 0.8254 -0.5558
vn -0.0722 0.7633 -0.6420
vn -0.0467 -0.9236 -0.3804
vn -0.0187 -0.8282 -0.5601
vn -0.1080 -0.9803 -0.1653
vn -0.1283 -0.9909 0.0413
vn -0.0934 -0.9651 0.2448
vn -0.1588 -0.8173 0.5539
vn -0.0293 -0.7316 -0.6811
vn -0.2376 -0.7620 0.6025
vn -0.2152 -0.6914 0.6897
vn -0.1749 -0.5668 0.8051
vn -0.5697 0.8218 -0.0055
vn -0.6215 0.7823 0.0421
vn -0.6691 0.7410 0.0571
vn -0.6779 0.7303 -0.0838
vn -0.5846 0.7885 -0.1908
vn -0.3974 0.8833 -0.2486
vn -0.1682 0.9148 -0.3673
vn -0.9864 -0.1187 -0.1141
vn -0.9757 -0.2193 0.0028
vn -0.9676 0.2522 0.0118
vn -0.6177 0.7122 -0.3335
vn -0.2559 0.7726 -0.5811
vn -0.4611 -0.7938 -0.3966
vn -0.7105 -0.5314 -0.4613
vn -0.3200 -0.9345 -0.1561
vn -0.2740 -0.9609 0.0411
vn -0.3880 -0.8914 0.2342
vn -0.5937 -0.7010 0.3950
vn -0.9797 -0.1327 0.1501
vn -0.1155 -0.7330 -0.6703
vn -0.1515 -0.8000 0.5806
vn -0.4883 -0.5917 0.6415
vn -0.1576 -0.5253 0.8362
vn -0.9656 0.1430 -0.2171
vn -0.9733 0.0435 0.2254
vn -0.9187 -0.2323 0.3194
vn -0.9854 -0.1211 -0.1200
vn -0.9985 0.0456 -0.0299
vn -0.9677 -0.0156 0.2516
vn -0.8399 -0.3850 0.3825
vn -0.9672 -0.2520 0.0313
vn -0.0670 -0.0011 -0.9978
vn -0.0675 -0.0011 -0.9977
vn -0.0679 -0.0011 -0.9977
vn -0.0684 -0.0011 -0.9977
vn -0.0690 -0.0002 -0.9976
vn -0.6865 0.0016 -0.7272
vn -0.0694 -0.0011 -0.9976
vn -0.6872 0.0016 -0.7265
vn -0.0700 -0.0006 -0.9975
vn -0.7097 -0.3361 -0.6191
vn -0.7235 -0.3090 -0.6173
vn -0.5552 -0.4445 -0.7030
vn -0.5717 -0.4208 -0.7044
vn -0.6998 -0.3310 -0.6331
vn -0.5404 -0.3777 -0.7519
vn -0.4688 -0.0826 -0.8794
vn -0.3450 -0.1739 -0.9223
vn -0.0848 -0.4824 -0.8718
vn -0.0656 -0.3455 -0.9361
vn -0.0813 -0.2798 -0.9566
vn -0.0438 -0.2175 -0.9751
vn -0.0112 -0.1143 -0.9934
vn -0.4639 -0.4016 -0.7897
vn -0.1658 -0.3212 -0.9324
vn -0.0583 -0.2516 -0.9661
vn -0.4942 -0.1695 -0.8527
vn -0.6367 -0.0766 -0.7673
vn -0.9802 -0.0602 -0.1886
vn -0.9293 -0.0051 -0.3692
vn -0.9280 -0.0219 -0.3720
vn -0.7290 0.5617 -0.3912
vn -0.9661 0.0568 0.2519
vn -0.6613 -0.6489 0.3763
vn -0.0761 -0.9493 0.3052
vn -0.1197 -0.8441 0.5226
vn -0.5171 -0.6251 0.5847
vn -0.0843 -0.7622 0.6418
vn -0.8945 -0.4456 0.0357
vn -0.9559 -0.2053 0.2102
vn -0.5997 -0.3227 0.7323
vn -0.7476 0.0045 0.6641
vn -0.9899 -0.0086 0.1416
vn -0.9996 0.0020 0.0283
vn -0.8605 0.0051 -0.5095
vn -0.9974 0.0048 -0.0716
vn -0.9892 0.0100 0.1462
vn -0.7990 -0.2620 -0.5412
vn -0.9807 -0.0616 -0.1858
vn -0.9890 0.1228 -0.0822
vn -0.8496 -0.3411 0.4023
vn -0.7432 -0.5683 0.3532
vn -0.9913 -0.1253 0.0395
vn -0.8868 -0.3448 -0.3078
vn -0.9968 -0.0647 0.0460
vn -0.8106 -0.5820 0.0647
vn -0.9739 -0.2229 -0.0429
vn -0.7652 -0.6031 -0.2252
vn -0.9120 -0.0102 -0.4101
vn -0.9985 -0.0164 0.0527
vn -0.9084 -0.0063 0.4180
vn -0.8925 0.4495 0.0382
vn -0.9504 0.2209 0.2191
vn -0.4654 0.6399 -0.6115
vn -0.8817 0.3436 -0.3233
vn -0.7784 0.6249 -0.0598
vn -0.4555 0.6808 0.5736
vn -0.6311 0.5357 0.5610
vn -0.3510 -0.1011 -0.9309
vn -0.8407 -0.3045 -0.4477
vn -0.5133 0.6056 -0.6082
vn -0.0367 0.5126 -0.8579
vn -0.8197 -0.5548 0.1424
vn -0.5707 -0.6735 0.4697
vn -0.9257 -0.0777 -0.3701
vn -0.9740 0.1522 -0.1679
vn -0.5931 0.8051 0.0050
vn -0.9249 0.3756 0.0583
vn -0.5022 0.6095 -0.6134
vn -0.0343 0.8658 -0.4991
vn -0.8036 -0.1365 0.5793
vn -0.5869 -0.4637 0.6638
vn -0.8376 0.4502 0.3095
vn -0.3347 0.9317 0.1413
vn -0.0260 0.2803 -0.9596
vn -0.9694 0.2454 -0.0059
vn -0.7807 0.4352 0.4485
vn 0.0021 0.2848 0.9586
vn -0.0196 0.5242 -0.8514
vn -0.9996 -0.0270 -0.0009
vn -0.9819 -0.1044 0.1582
vn -0.9877 0.0813 0.1336
vn -0.6574 0.5787 0.4827
vn 0.0043 0.5226 0.8526
vn -0.0028 0.7117 -0.7025
vn -0.0052 0.7140 -0.7001
vn -0.8820 0.4711 -0.0097
vn -0.8107 0.5071 0.2926
vn -0.6455 0.5121 0.5666
vn -0.3290 0.6782 0.6571
vn 0.0147 0.7182 0.6957
vn -0.0175 0.8512 -0.5246
vn -0.0193 0.9561 -0.2924
vn -0.0020 1.0000 -0.0015
vn -0.0045 0.9590 0.2833
vn 0.0027 0.8568 0.5156
vn -0.0227 0.2627 -0.9646
vn -0.1444 0.2424 -0.9594
vn 0.0039 0.2693 0.9631
vn -0.0172 0.4085 -0.9126
vn -0.1403 0.4269 -0.8933
vn 0.0031 0.4149 0.9099
vn -0.1317 0.5777 -0.8055
vn -0.1220 0.7133 -0.6902
vn -0.0912 0.5751 0.8130
vn -0.0825 0.7172 0.6919
vn -0.1005 0.4314 0.8965
vn -0.1084 0.8544 -0.5082
vn -0.0165 0.9242 -0.3815
vn -0.0003 0.9817 -0.1905
vn -0.1096 0.9593 -0.2602
vn -0.0006 1.0000 -0.0054
vn 0.0049 0.9834 0.1813
vn -0.0054 0.9231 0.3845
vn -0.0994 0.9605 0.2600
vn -0.0859 0.8571 0.5079
vn -0.1175 0.9931 -0.0019
vn -0.7408 0.1202 -0.6608
vn -0.9069 0.1943 -0.3740
vn -0.5630 0.4755 -0.6759
vn -0.8297 0.4026 -0.3866
vn -0.5220 0.4803 0.7049
vn -0.8251 0.4005 0.3986
vn -0.9031 0.1839 0.3880
vn -0.5584 0.7117 -0.4262
vn -0.1900 0.8974 -0.3982
vn -0.9304 0.3369 -0.1442
vn -0.1658 0.8948 0.4144
vn -0.5354 0.7198 0.4418
vn -0.9277 0.3350 0.1646
vn -0.7712 0.6304 -0.0888
vn -0.6878 0.7259 0.0047
vn -0.7669 0.6338 0.1013
vn -0.7717 -0.5099 0.3802
vn -0.5455 -0.7707 0.3292
vn -0.3041 -0.8543 0.4216
vn -0.7425 -0.6501 0.1614
vn -0.8090 -0.5878 0.0028
vn -0.7500 -0.6438 -0.1518
vn -0.0982 0.2465 0.9642
vn -0.7165 0.1139 0.6882
vn -0.7774 -0.1428 0.6125
vn -0.1504 -0.3138 0.9375
vn -0.0023 -0.9995 -0.0308
vn -0.7756 -0.6312 0.0061
vn -0.7659 -0.6426 0.0212
vn -0.7358 -0.6769 0.0201
vn -0.8437 -0.5351 0.0441
vn -0.8398 -0.5428 0.0065
vn -0.3994 -0.9161 0.0358
vn -0.8266 -0.5627 0.0115
vn -0.7251 -0.6870 0.0471
vn -0.7375 -0.6746 0.0322
vn -0.7659 -0.6412 0.0480
vn -0.7826 -0.6183 0.0727
vn -0.7394 -0.6691 0.0747
vn -0.7834 -0.6136 0.0987
vn -0.7787 -0.6164 0.1173
vn -0.7842 -0.6168 0.0680
vn -0.0841 -0.9236 0.3741
vn -0.4949 -0.3546 -0.7933
vn -0.2859 -0.4751 -0.8322
vn 0.0436 -0.7818 0.6220
vn -0.6805 -0.7244 -0.1101
vn -0.5039 -0.8617 -0.0590
vn -0.4982 -0.8631 -0.0831
vn -0.8780 -0.4768 -0.0424
vn -0.8585 -0.5098 -0.0559
vn -0.8297 -0.5538 -0.0700
vn -0.9069 -0.3504 0.2340
vn -0.4110 -0.8928 -0.1844
vn -0.2673 -0.9197 -0.2875
vn -0.7470 -0.6371 0.1900
vn -0.7908 -0.6120 -0.0096
vn -0.7821 -0.6230 -0.0159
vn -0.5125 -0.5033 -0.6957
vn -0.0770 -0.5962 -0.7991
vn -0.0446 -0.6098 -0.7913
vn -0.2744 -0.5967 -0.7541
vn -0.6382 -0.7593 0.1269
vn -0.6846 -0.7024 0.1948
vn -0.6107 -0.5498 0.5699
vn -0.4909 -0.5776 0.6522
vn -0.1786 -0.8197 0.5443
vn 0.0142 -0.9890 0.1470
vn -0.4940 -0.6379 0.5908
vn 0.0661 -0.9876 -0.1425
vn 0.0807 -0.9953 -0.0538
vn 0.0683 -0.9973 0.0284
vn -0.8062 -0.5898 0.0476
vn -0.7179 -0.6895 0.0959
vn 0.0564 -0.9974 0.0440
vn -0.0712 -0.8776 0.4741
vn 0.0590 -0.9957 0.0713
vn -0.8251 -0.5595 0.0784
vn -0.6483 -0.7507 0.1271
vn -0.7649 -0.6057 0.2192
vn -0.5574 -0.7678 0.3158
vn -0.7347 -0.6210 0.2729
vn -0.7620 -0.5720 0.3036
vn -0.7349 -0.6366 0.2339
vn -0.8096 -0.5406 0.2287
vn -0.7142 -0.6389 0.2859
vn -0.7480 -0.5928 0.2985
vn -0.5797 -0.7298 0.3624
vn -0.6121 -0.7309 0.3018
vn -0.7555 -0.5953 0.2734
vn -0.7416 -0.4927 0.4552
vn -0.6402 -0.5602 0.5256
vn -0.6503 -0.4850 0.5847
vn -0.8082 -0.3868 0.4441
vn -0.7214 -0.5547 0.4146
vn -0.5664 -0.5683 0.5968
vn -0.2540 -0.7673 0.5889
vn -0.7331 -0.5821 -0.3518
vn -0.6747 -0.6131 -0.4110
vn -0.6234 -0.6759 -0.3931
vn -0.6438 -0.6910 -0.3286
vn -0.7881 -0.5515 -0.2734
vn -0.7347 -0.4705 0.4887
vn -0.6255 -0.5745 0.5279
vn -0.8093 -0.4263 0.4041
vn -0.7294 -0.3965 0.5575
vn -0.6320 -0.5075 0.5856
vn -0.6412 -0.5774 0.5054
vn -0.7351 -0.4679 0.4906
vn -0.6589 -0.5325 0.5313
vn -0.9047 -0.2232 0.3628
vn -0.9424 -0.0869 0.3231
vn -0.9678 -0.0420 0.2484
vn -0.7406 -0.3248 0.5882
vn -0.5435 -0.2440 -0.8032
vn -0.7140 -0.2219 -0.6640
vn -0.7427 -0.2077 -0.6365
vn -0.6064 -0.3911 0.6923
vn -0.7439 -0.3910 0.5420
vn -0.7398 -0.4209 0.5249
vn -0.7306 -0.3600 0.5801
vn -0.6218 -0.5018 0.6013
vn -0.8066 -0.3112 0.5025
vn -0.5149 -0.4485 0.7305
vn -0.7239 -0.3487 0.5953
vn -0.6357 -0.4079 0.6554
vn -0.7240 -0.3362 0.6024
vn -0.7668 -0.2895 0.5730
vn -0.6242 -0.2468 0.7412
vn -0.7957 -0.1896 0.5753
vn -0.7379 -0.2289 0.6349
vn -0.6508 -0.3220 0.6876
vn -0.7592 -0.2526 0.5998
vn -0.7474 -0.2185 0.6274
vn -0.7405 -0.1577 0.6533
vn -0.7434 -0.1630 0.6487
vn -0.6795 -0.0671 0.7306
vn -0.8511 -0.0139 0.5249
vn -0.6633 -0.0542 0.7464
vn -0.5901 -0.1688 0.7895
vn -0.6775 0.0017 -0.7355
vn -0.6804 0.0017 -0.7328
vn -0.6793 0.0017 -0.7338
vn -0.6783 0.0017 -0.7348
vn -0.7522 0.0018 0.6590
vn -0.7549 0.0018 0.6558
vn -0.1466 0.0005 0.9892
vn -0.1452 0.0005 0.9894
vn -0.1438 0.0005 0.9896
vn -0.1424 0.0005 0.9898
vn -0.1410 0.0005 0.9900
vn -0.1340 0.0005 0.9910
vn -0.0216 -0.1909 -0.9814
vn -0.0399 -0.1125 -0.9929
vn -0.0539 -0.0506 -0.9973
vn -0.0592 -0.0112 -0.9982
vn -0.0606 -0.0010 -0.9982
vn -0.0611 -0.0011 -0.9981
vn -0.0615 -0.0011 -0.9981
vn -0.0620 -0.0010 -0.9981
vn -0.0625 -0.0010 -0.9980
vn -0.0629 -0.0010 -0.9980
vn -0.0634 -0.0010 -0.9980
vn -0.0639 -0.0010 -0.9980
vn -0.0644 -0.0010 -0.9979
vn -0.0648 -0.0010 -0.9979
vn -0.0654 -0.0004 -0.9979
vn -0.0658 -0.0010 -0.9978
vn -0.0663 -0.0004 -0.9978
vn -0.0668 -0.0010 -0.9978
vn -0.7179 -0.0304 0.6955
vn -0.8212 -0.0076 0.5705
vn -0.6123 -0.0260 0.7902
vn -0.0660 -0.7191 -0.6918
vn -0.0008 -0.9920 -0.1263
vn -0.1172 -0.9904 -0.0736
vn -0.0993 -0.9905 -0.0955
vn -0.6720 0.0017 -0.7406
vn -0.6498 -0.0344 -0.7593
vn -0.6134 -0.0802 -0.7857
vn -0.8515 -0.0238 -0.5238
vn -0.8876 -0.0627 -0.4563
vn -0.6986 -0.1130 -0.7065
vn -0.7562 -0.4413 -0.4832
vn -0.7559 -0.4269 -0.4964
vn -0.8671 -0.2806 -0.4116
vn -0.9285 -0.2240 -0.2961
vn -0.9537 -0.1931 -0.2308
vn -0.6676 -0.3688 -0.6468
vn -0.5038 -0.1597 -0.8489
vn -0.6706 -0.2428 -0.7009
vn -0.6892 -0.3512 -0.6338
vn -0.4346 -0.5218 -0.7340
vn -0.7068 -0.4366 -0.5567
vn -0.9126 -0.1124 -0.3930
vn -0.7776 -0.1825 -0.6017
vn -0.8664 -0.2001 -0.4575
vn -0.8120 -0.2346 -0.5344
vn -0.8141 -0.0859 -0.5743
vn -0.6477 -0.2465 -0.7209
vn -0.8818 -0.0939 -0.4621
vn -0.8882 -0.2755 -0.3678
vn -0.7520 -0.3944 -0.5282
vn -0.8272 -0.1993 -0.5254
vn -0.9096 -0.1432 -0.3901
vn -0.7836 -0.3871 -0.4859
vn -0.8701 -0.3067 -0.3858
vn -0.8712 -0.3440 -0.3503
vn -0.6703 -0.4456 -0.5934
vn -0.8447 -0.4959 -0.2014
vn -0.6933 -0.6699 -0.2658
vn -0.0624 -0.7468 -0.6621
vn -0.7262 -0.6840 -0.0697
vn -0.7474 -0.6603 -0.0735
vn -0.7569 -0.6463 -0.0970
vn -0.7446 -0.6644 -0.0642
vn -0.6750 -0.7355 -0.0590
vn -0.5638 -0.8170 -0.1213
vn -0.7870 -0.6118 -0.0791
vn -0.7904 -0.6122 -0.0232
vn -0.7792 -0.6206 -0.0881
vn -0.7775 -0.6211 -0.0981
vn -0.7862 -0.6179 -0.0120
vn -0.5944 -0.8014 -0.0671
vn -0.8346 -0.5508 0.0082
vn -0.7077 -0.6941 -0.1322
vn -0.8704 -0.4862 -0.0779
vn -0.7734 -0.6072 -0.1823
vn -0.8705 -0.4747 -0.1295
vn -0.8335 -0.5525 -0.0027
vn -0.8196 -0.5728 -0.0106
vn -0.9198 -0.3752 -0.1149
vn -0.7253 -0.4383 -0.5308
vn -0.4302 -0.6167 -0.6592
vn -0.3719 -0.5891 -0.7174
vn -0.7291 -0.4972 -0.4702
vn -0.4250 -0.6789 -0.5987
vn -0.7122 -0.5688 -0.4114
vn -0.7332 -0.5828 -0.3504
vn -0.4153 -0.8125 -0.4091
vn -0.7174 -0.6521 -0.2451
vn -0.6379 -0.7319 -0.2394
vn -0.9455 -0.2359 -0.2243
vn -0.8492 -0.3113 -0.4265
vn -0.7160 -0.4624 -0.5230
vn -0.9542 -0.1898 -0.2314
vn -0.8389 -0.3999 -0.3692
vn -0.7179 -0.5402 -0.4391
vn -0.9528 -0.2492 -0.1734
vn -0.8327 -0.4674 -0.2968
vn -0.8221 -0.4913 -0.2876
vn -0.7455 -0.5338 -0.3991
vn -0.6777 -0.6064 -0.4159
vn -0.9001 -0.3741 -0.2234
vn -0.8088 -0.5668 -0.1569
vn -0.7813 -0.5682 -0.2584
vn -0.6462 -0.7160 -0.2642
vn -0.8728 -0.4740 -0.1160
vn -0.6075 -0.6317 -0.4815
vn -0.8284 -0.4568 -0.3243
vn -0.9369 -0.3093 -0.1633
s 1
usemtl Material.005
f 1445//1 1460//2 1458//3 1443//4 1444//5
f 1290//6 1298//7 1302//8 1301//9 1289//10
f 506//11 488//12 483//13 502//14
f 505//15 506//11 502//14 501//16
f 1337//17 1331//18 255//19 254//20 250//21
f 458//22 505//15 501//16 450//23
f 504//24 485//25 479//26 498//27
f 658//28 780//29 779//30 655//31 657//32
f 503//33 504//24 498//27 497//34
f 484//35 503//33 502//14 483//13
f 502//14 503//33 497//34 496//36
f 501//16 502//14 496//36 495//37
f 450//23 501//16 495//37 442//38
f 500//39 481//40 354//41 373//42
f 14//43 1352//44 1350//45 1237//46 1234//47 1231//48 1217//49 1153//50 1161//51 12//52 13//53
f 499//54 500//39 373//42 372//55
f 480//56 499//54 498//27 479//26
f 498//27 499//54 372//55 371//57
f 497//34 498//27 371//57 370//58
f 478//59 497//34 370//58 352//60
f 497//34 478//59 477//61 496//36
f 496//36 477//61 476//62 495//37
f 495//37 476//62 442//38
f 494//63 470//64 465//65 489//66
f 142//67 140//68 136//69 138//70
f 407//71 355//72 345//73 346//74 393//75 390//76
f 535//77 536//78 538//79 534//80
f 491//81 467//82 461//83 486//84
f 427//85 473//86 492//87 440//88 424//89
f 466//90 490//91 489//66 465//65
f 1608//92 1607//93 1601//94 1602//95 1609//96
f 462//97 487//98 486//84 461//83
f 482//99 459//100 345//73 355//72
f 481//40 482//99 355//72 354//41
f 475//101 277//102 270//103 470//64
f 277//102 475//101 474//104 276//105
f 276//105 474//104 473//86 275//106
f 275//106 473//86 427//85 248//107
f 472//108 272//109 266//110 467//82
f 1200//111 1184//112 1181//113 1197//114
f 635//115 634//116 621//117 622//118 623//119 637//120
f 469//121 268//122 264//123 463//124
f 468//125 469//121 463//124 462//97
f 1449//126 1447//127 1442//128 1440//129 1441//130 1450//131
f 535//77 537//132 536//78
f 265//133 464//134 463//124 264//123
f 463//124 464//134 460//135 459//100
f 265//133 287//136 285//137 507//138 460//135 464//134
f 459//100 460//135 346//74 345//73
f 457//139 458//22 450//23 449//140
f 456//141 457//139 449//140 448//142
f 455//143 456//141 448//142 447//144
f 454//145 455//143 447//144 446//146
f 453//147 454//145 446//146 445//148
f 2154//149 2153//150 2098//151 2099//152 2151//153
f 452//154 453//147 445//148 444//155
f 451//156 452//154 444//155 443//157
f 449//140 450//23 442//38 441//158
f 434//159 449//140 441//158
f 449//140 434//159 433//160 448//142
f 448//142 433//160 432//161 447//144
f 447//144 432//161 431//162 446//146
f 446//146 431//162 430//163 445//148
f 445//148 430//163 429//164 444//155
f 444//155 429//164 428//165 443//157
f 424//89 440//88 439//166 423//167
f 423//167 439//166 438//168 422//169
f 422//169 438//168 437//170 421//171
f 421//171 437//170 436//172 420//173
f 573//174 571//175 570//176 572//177 574//178 575//179
f 248//107 427//85 426//180 247//181
f 426//180 427//85 424//89
f 247//181 426//180 425//182 246//183
f 425//182 426//180 424//89 423//167
f 246//183 425//182 423//167 245//184
f 245//184 423//167 422//169 244//185
f 1333//186 1341//187 252//188 256//189 1332//190
f 1340//191 1335//192 259//193 258//194 263//195 32//196 1364//197 1362//198
f 362//199 417//200 359//201
f 418//202 403//203 400//204 416//205
f 403//203 418//202 417//200 402//206
f 417//200 418//202 416//205 415//207
f 359//201 417//200 415//207 357//208
f 416//205 400//204 398//209 413//210
f 415//207 416//205 413//210 412//211
f 357//208 415//207 412//211 356//212
f 414//213 399//214 395//215 411//216
f 399//214 414//213 413//210 398//209
f 413//210 414//213 411//216 410//217
f 412//211 413//210 410//217 409//218
f 397//219 412//211 409//218
f 412//211 397//219 356//212
f 411//216 395//215 326//220 344//221
f 410//217 411//216 344//221 343//222
f 409//218 410//217 343//222 342//223
f 430//163 431//162 432//161 433//160 434//159 441//158 442//38 476//62 477//61 478//59 352//60 353//224 366//225 367//226 363//227 351//228 349//229 350//230 347//231 348//232 357//208 356//212 397//219 409//218 342//223 339//233 336//234 334//235 332//236 330//237 328//238 301//239 299//240 297//241 295//242 292//243 290//244 288//245 919//246 917//247 913//248 911//249 907//250 905//251 903//252 900//253 898//254 896//255 894//256 892//257 890//258 887//259 884//260 881//261 879//262 877//263 873//264 871//265 867//266 865//267 862//268 859//269 856//270 855//271 2735//272 2734//273 2733//274 2732//275 2722//276 2721//277 2708//278 2707//279 2698//280 2696//281 2694//282 2692//283 2690//284 2688//285 3359//286 3357//287 3355//288 3353//289 3351//290 3349//291 3347//292 3345//293 3331//294 3329//295 3325//296 3323//297 3321//298 3318//299 3314//300 3310//301 3284//302 3280//303 3277//304 3235//305 3233//306 3232//307 3230//308 3227//309 3211//310 3210//311 3203//312 3202//313 3155//314 3154//315 3153//316 3152//317 3151//318 3150//319 3143//320 3142//321 3618//322 3617//323 3616//324 3615//325 3622//326 3621//327 3620//328 3619//329 3586//330 3585//331 3591//332 3656//333 3660//334 3663//335 3665//336 3666//337 3667//338 3668//339 3651//340 3677//341 3680//342 2902//343 1087//344 688//345 691//346 699//347 734//348 735//349 737//350 741//351 743//352 746//353 750//354 755//355 756//356 791//357 817//358 818//359 819//360 820//361 821//362 828//363 829//364 830//365 428//165 429//164
f 408//366 391//367 387//368 406//369
f 391//367 408//366 407//71 390//76
f 407//71 408//366 406//369 405//370
f 406//369 387//368 384//371 403//203
f 405//370 406//369 403//203 402//206
f 404//372 385//373 381//374 401//375
f 385//373 404//372 403//203 384//371
f 403//203 404//372 401//375 400//204
f 401//375 381//374 378//376 399//214
f 400//204 401//375 399//214 398//209
f 399//214 378//376 375//377 395//215
f 396//378 376//379 316//380 327//381
f 376//379 396//378 395//215 375//377
f 395//215 396//378 327//381 326//220
f 394//382 232//383 229//384 391//367
f 393//75 394//382 391//367 390//76
f 392//385 230//386 226//387 388//388
f 230//386 392//385 391//367 229//384
f 391//367 392//385 388//388 387//368
f 227//389 389//390 388//388 226//387
f 388//388 389//390 386//391 385//373
f 387//368 388//388 385//373 384//371
f 386//391 224//392 222//393 382//394
f 385//373 386//391 382//394 381//374
f 383//395 223//396 220//397 380//398
f 223//396 383//395 382//394 222//393
f 382//394 383//395 380//398 379//399
f 381//374 382//394 379//399 378//376
f 379//399 380//398 377//400 376//379
f 378//376 379//399 376//379 375//377
f 377//400 218//401 191//402 317//403
f 11//404 1//405 3//406 5//407 9//408
f 355//72 374//409 373//42 354//41
f 373//42 374//409 369//410 368//411
f 372//55 373//42 368//411 367//226
f 371//57 372//55 367//226 366//225
f 353//224 371//57 366//225
f 371//57 353//224 352//60 370//58
f 454//145 453//147 436//172 437//170 438//168 439//166 440//88 457//139 456//141 455//143
f 368//411 369//410 365//412 364//413
f 367//226 368//411 364//413 363//227
f 365//412 362//199 361//414
f 364//413 365//412 361//414 360//415
f 351//228 364//413 360//415 349//229
f 364//413 351//228 363//227
f 361//414 362//199 359//201 358//416
f 350//230 361//414 358//416 347//231
f 361//414 350//230 349//229 360//415
f 348//232 359//201 357//208
f 359//201 348//232 347//231 358//416
f 240//417 421//171 420//173 419//418 238//419 239//420
f 344//221 326//220 324//421 341//422
f 343//222 344//221 341//422 340//423
f 342//223 343//222 340//423 339//233
f 341//422 324//421 322//424 338//425
f 340//423 341//422 338//425 337//426
f 339//233 340//423 337//426 336//234
f 2745//427 2735//272 855//271 857//428
f 336//234 337//426 335//429 334//235
f 321//430 319//431 318//432 320//433
f 334//235 335//429 333//434 332//236
f 869//435 868//436 867//266 871//265 872//437
f 4900//438 4892//439 4876//440 3075//441 3104//442
f 2733//274 2740//443 2738//444 2736//445 2732//275
f 330//237 331//446 329//447 328//238
f 688//345 1087//344 1086//448 687//449
f 327//381 316//380 314//450 325//451
f 326//220 327//381 325//451 324//421
f 325//451 314//450 312//452 323//453
f 324//421 325//451 323//453 322//424
f 323//453 312//452 310//454 321//430
f 322//424 323//453 321//430 320//433
f 317//403 191//402 189//455 315//456
f 315//456 189//455 187//457 313//458
f 773//459 785//460 752//461 751//462 733//463 772//464
f 2721//277 2725//465 2723//466 2718//467 2708//278
f 312//452 313//458 311//468 310//454
f 2716//469 2714//470 2713//471 2707//279 2708//278 2718//467
f 309//472 183//473 181//474 308//475
f 308//475 181//474 180//476 306//477
f 307//478 308//475 306//477 305//479
f 306//477 910//480 909//481 305//479
f 3120//482 3119//483 3309//484 3344//485
f 97//486 93//486 96//487
f 301//239 302//488 300//489 299//240
f 299//240 300//489 298//490 297//241
f 915//491 914//492 913//248 917//247 918//493
f 2902//343 3680//342 3679//494 2901//495
f 3371//496 3367//497 3366//498 3368//499 3369//500 3370//501
f 292//243 293//502 291//503 290//244
f 2959//504 2960//505 2961//506
f 101//507 96//487 95//508 100//509
f 102//507 97//486 96//487 101//507
f 290//244 291//503 289//510 288//245
f 104//511 98//512 103//513
f 105//514 99//515 98//512 104//511
f 108//516 104//511 103//513 107//517
f 109//518 105//514 104//511 108//516
f 2919//519 4940//520 4941//521 4943//522 4945//523 4947//524 4949//525 2918//526
f 130//527 123//528 122//529 125//530 129//531
f 112//532 108//516 107//517 111//533
f 1351//534 1350//45 1352//44 1353//535
f 116//536 110//537 115//538
f 117//507 67//507 58//507 89//507
f 118//539 68//540 67//507 117//507
f 284//541 251//542 84//543
f 50//544 53//545 54//546
f 119//507 117//507 89//507 90//507
f 120//507 119//507 90//507 93//486
f 121//507 120//507 93//486 97//486
f 124//507 121//507 97//486 102//507
f 125//530 122//529 121//507 124//507
f 126//487 124//507 102//507 106//507
f 127//507 126//487 106//507 110//537
f 128//487 127//507 110//537 116//536
f 1640//547 1641//548 1633//549 1632//550 1639//551
f 71//552 73//553 76//554 75//555
f 1169//556 1168//557 1163//558 1162//559 1167//560
f 2143//561 2054//562 2047//563 2049//564 2145//565 2144//566
f 1197//114 1181//113 1178//567 1179//568 1190//569 1198//570
f 1274//571 1358//572 1357//573 1356//574 1273//575
f 1586//576 1592//577 1599//578 1598//579 1597//580 1585//581
f 137//582 138//70 136//69 135//583
f 134//584 138//70 137//582 133//585
f 136//69 140//68 139//586 135//583
f 145//587 146//588 262//589 261//590
f 140//68 142//67 141//591 139//586
f 142//67 144//592 143//593 141//591
f 89//507 58//507 57//507 88//507
f 88//507 57//507 56//594 87//595
f 86//596 54//546 53//545 85//597
f 263//195 262//589 146//588 31//598 32//196
f 3050//599 2949//600 3015//601
f 1524//602 1536//603 1535//604 1533//605
f 48//606 47//607 56//594 57//507 52//608 51//609 49//610
f 250//21 254//20 260//611
f 80//612 82//613 81//614 79//615
f 78//616 80//612 79//615 77//617
f 672//618 648//619 630//620 531//621 511//622 521//623
f 76//554 78//616 77//617 75//555
f 141//591 143//593 237//624 236//625 139//586
f 72//626 74//627 73//553 71//552
f 70//628 72//626 71//552 69//629
f 1526//630 1538//631 1537//632 1536//603
f 27//633 70//628 69//629 26//634
f 17//635 19//636 22//637 21//638 16//639
f 67//507 66//507 52//608 58//507
f 66//507 65//507 51//609 52//608
f 65//507 63//507 49//610 51//609
f 64//640 62//641 61//642 63//507
f 63//507 61//642 44//643 49//610
f 3271//644 3288//645 3289//646 3290//647 3275//648
f 245//184 244//185 241//649 144//592 142//67 138//70 134//584 132//650 82//613 80//612 78//616 74//627 72//626 70//628 27//633 23//651 20//652 30//653 83//654 243//655 242//656 247//181 246//183
f 3173//657 3038//658 3037//659 3172//660 3176//661 3177//662
f 32//196 31//598 1373//663 1371//664 1369//665 1367//666 1365//667 1363//668 1364//197
f 62//641 60//669 59//670 61//642
f 60//669 14//43 13//53 59//670
f 59//670 13//53 12//52 36//671
f 58//507 52//608 57//507
f 5//407 4//672 7//673 8//674 9//408
f 49//610 44//643 43//675 48//606
f 48//606 43//675 42//676 47//607
f 47//607 42//676 41//677 46//678
f 3494//679 3472//680 3560//681 3596//682 3592//683
f 3053//684 3057//685 3058//686 3059//687 3055//688 3054//689
f 287//136 284//541 282//690 285//137
f 284//541 287//136 265//133 251//542
f 286//691 283//692 216//693 234//694
f 283//692 286//691 285//137 282//690
f 1248//695 1602//95 1596//696 1243//697
f 281//698 262//589 257//699 276//105
f 262//589 281//698 280//700 261//590
f 280//700 281//698 276//105 275//106
f 261//590 280//700 249//701 243//655
f 249//701 280//700 275//106 248//107
f 279//702 260//611 254//20 272//109
f 260//611 279//702 278//703 259//193
f 259//193 278//703 277//102 258//194
f 277//102 278//703 271//704 270//103
f 258//194 277//102 276//105 257//699
f 274//705 256//189 252//188 268//122
f 256//189 274//705 273//706 255//19
f 255//19 273//706 272//109 254//20
f 272//109 273//706 267//707 266//110
f 269//708 253//709 251//542 265//133
f 253//709 269//708 268//122 252//188
f 268//122 269//708 265//133 264//123
f 262//589 263//195 258//194 257//699
f 530//710 629//711 647//712 646//713 628//714 544//715 1578//716 1579//717 1580//718 1629//719 1630//720
f 622//118 1572//721 1573//722 624//723 623//119
f 243//655 249//701 248//107 242//656
f 242//656 248//107 247//181
f 204//724 199//725 198//726 201//727 203//728
f 1585//581 1597//580 1544//729 1543//730 1530//731 1523//732
f 237//624 241//649 240//417 236//625
f 1462//733 1480//734 579//735 578//736 1479//737 1459//738
f 1439//739 1442//128 1447//127 1446//740 1445//1 1438//741
f 235//742 217//743 215//744 233//745
f 217//743 235//742 234//694 216//693
f 233//745 230//386 229//384 232//383 507//138 285//137 286//691 234//694 235//742
f 233//745 215//744 213//746 230//386
f 231//747 214//748 211//749 227//389
f 214//748 231//747 230//386 213//746
f 230//386 231//747 227//389 226//387
f 228//750 212//751 210//752 225//753
f 212//751 228//750 227//389 211//749
f 225//753 210//752 208//754 223//396
f 224//392 225//753 223//396 222//393
f 223//396 208//754 206//755 220//397
f 221//756 207//757 205//758 219//759
f 207//757 221//756 220//397 206//755
f 219//759 205//758 179//760 192//761
f 218//401 219//759 192//761 191//402
f 209//762 204//724 203//728 207//757
f 208//754 209//762 207//757 206//755
f 207//757 203//728 202//763 205//758
f 205//758 202//763 172//764 179//760
f 2984//765 2983//766 2985//767 2986//768
f 203//728 201//727 200//507 202//763
f 202//763 200//507 168//769 172//764
f 99//515 92//770 91//771 98//512
f 201//727 198//726 197//507 200//507
f 200//507 197//507 163//507 168//769
f 197//507 196//507 157//507 163//507
f 196//507 195//507 154//507 157//507
f 150//772 149//773 161//774 162//507 157//507 154//507 151//608
f 195//507 193//507 151//608 154//507
f 194//775 129//531 128//487 193//507
f 193//507 128//487 116//536 151//608
f 192//761 179//760 178//776 190//777
f 191//402 192//761 190//777 189//455
f 189//455 190//777 188//778 187//457
f 187//457 188//778 186//779 185//780
f 186//779 176//781 175//782 184//783
f 185//780 186//779 184//783 183//473
f 184//783 175//782 182//784
f 183//473 184//783 182//784 181//474
f 181//474 174//785 173//786 180//476
f 179//760 172//764 171//787 178//776
f 178//776 171//787 170//788 177//789
f 177//789 170//788 169//790 176//781
f 3007//791 2919//519 2918//526 2948//792 2980//793 3006//794 3017//795 3018//796
f 161//774 149//773 114//797 113//798 160//799
f 1510//800 1509//801 1508//802 1455//803 1453//804 1505//805 1506//806 1507//807 1499//808 1501//809 1511//810
f 168//769 163//507 162//507 167//507
f 167//507 162//507 161//774 166//811
f 165//812 159//813 158//814
f 2929//815 2927//816 2926//817 2928//818
f 163//507 157//507 162//507
f 159//813 156//819 155//820 158//814
f 156//819 153//821 152//822 155//820
f 3008//823 3007//791 3018//796 3021//824 3022//825 3009//826
f 153//821 148//827 147//828 152//822
f 151//608 116//536 115//538 150//772
f 150//772 115//538 114//797 149//773
f 148//827 112//532 111//533 147//828
f 1238//829 1237//46 1350//45 1351//534
f 474//104 475//101 470//64 494//63 493//830
f 29//831 30//653 20//652 18//832
f 28//833 29//831 18//832 15//834
f 374//409 355//72 407//71 405//370 402//206 417//200 362//199 365//412 369//410
f 25//835 27//633 26//634 24//836
f 22//637 25//835 24//836 21//638
f 20//652 23//651 22//637 19//636
f 1538//631 1526//630 1525//837 1527//838 1539//839
f 18//832 20//652 19//636 17//635
f 16//639 18//832 17//635
f 3023//840 3022//825 3036//841 3040//842 3025//843
f 3065//844 3064//845 3078//846 3080//847 3066//848
f 10//849 11//404 9//408 8//674
f 7//673 4//672 6//850
f 5//407 3//406 2//851 4//672
f 712//852 732//853 733//463 751//462 747//854 725//855
f 3//406 1//405 2//851
f 586//856 616//857 618//858 599//859
f 654//860 778//861 777//862 653//863
f 777//862 778//861 775//864 774//865
f 653//863 777//862 774//865 652//866
f 459//100 482//99 481//40 487//98 462//97 463//124
f 1192//867 1205//868 1208//869 1211//870 1210//871
f 317//403 315//456 313//458 312//452 314//450 316//380 376//379 377//400
f 650//872 772//464 771//873 649//874
f 771//873 772//464 733//463 732//853
f 1285//875 1296//876 1307//877 1306//878 1291//879 1284//880
f 770//881 755//355 754//882 769//883
f 769//883 754//882 753//884 768//885
f 768//885 753//884 749//886 766//887
f 23//651 27//633 25//835 22//637
f 767//888 768//885 766//887 765//889
f 1685//890 1683//891 1681//892 1684//893
f 766//887 749//886 748//894 765//889
f 765//889 748//894 745//895 763//896
f 764//897 765//889 763//896 762//898
f 747//854 764//897 762//898 744//899
f 763//896 745//895 743//352 761//900
f 762//898 763//896 761//900 760//901
f 1517//902 1525//837 1526//630 1536//603 1524//602 1516//903
f 761//900 743//352 742//904 760//901
f 760//901 742//904 740//905 759//906
f 758//907 760//901 759//906
f 759//906 740//905 738//908 758//907
f 758//907 738//908 736//909 757//910
f 739//911 758//907 731//912 723//913
f 731//912 758//907 757//910 730//914
f 757//910 736//909 721//915 730//914
f 754//882 755//355 750//354
f 753//884 754//882 750//354 749//886
f 749//886 750//354 746//353
f 748//894 749//886 746//353 745//895
f 3305//916 3304//917 3303//918 3306//919 3307//920
f 745//895 746//353 743//352
f 744//899 739//911 723//913 724//921 725//855 747//854
f 916//922 902//923 901//924 904//925 906//926 908//927 912//928 914//492 915//491
f 742//904 743//352 741//351 740//905
f 740//905 741//351 737//350
f 738//908 740//905 737//350 736//909
f 736//909 737//350 735//349
f 721//915 736//909 735//349 718//929
f 718//929 735//349 734//348 715//930
f 715//930 734//348 699//347 694//931
f 813//932 814//933 809//934 783//935 784//936
f 1342//937 1295//938 1175//939 1172//940 1194//941
f 1674//942 1673//943 2676//944 2046//945 1650//946
f 723//913 731//912 730//914 721//915
f 729//947 718//929 715//930 727//948
f 718//929 729//947 728//949 717//950
f 728//949 729//947 727//948 726//951
f 717//950 728//949 726//951 714//952
f 727//948 715//930 694//931 698//953
f 726//951 727//948 698//953 697//954
f 714//952 726//951 697//954 693//955
f 712//852 725//855 724//921 710//956
f 710//956 724//921 723//913 708//957
f 708//957 723//913 722//958 707//959
f 722//958 723//913 721//915 720//960
f 707//959 722//958 720//960 705//961
f 720//960 721//915 718//929 717//950
f 705//961 720//960 719//962 704//963
f 719//962 720//960 717//950 716//964
f 704//963 719//962 716//964 703//965
f 716//964 717//950 714//952 713//966
f 703//965 716//964 713//966 701//967
f 713//966 714//952 693//955 692//968
f 1445//1 1444//5 1436//969 1438//741
f 615//970 712//852 711//971
f 711//971 712//852 710//956 709//972
f 615//970 711//971 709//972 613//973
f 709//972 710//956 708//957 707//959
f 613//973 709//972 707//959 610//974
f 610//974 707//959 706//975 609//976
f 706//975 707//959 705//961 704//963
f 609//976 706//975 704//963 607//977
f 607//977 704//963 703//965 604//978
f 604//978 703//965 702//979 603//980
f 702//979 703//965 701//967 700//981
f 603//980 702//979 700//981 601//982
f 1354//983 1236//984 1235//985 1238//829 1351//534 1353//535
f 694//931 699//347 691//346
f 698//953 694//931 691//346 696//986
f 697//954 698//953 696//986 695//987
f 693//955 697//954 695//987 690//988
f 696//986 691//346 690//988 695//987
f 692//968 693//955 690//988 689//989
f 684//990 692//968 689//989 682//991
f 690//988 691//346 688//345 687//449
f 689//989 690//988 687//449 686//992
f 682//991 689//989 686//992 680//993
f 2728//994 2729//995 2727//996 2726//997
f 680//993 686//992 685//998 678//999
f 683//1000 684//990 682//991 681//1001
f 681//1001 682//991 680//993 679//1002
f 573//174 681//1001 679//1002 571//175
f 679//1002 680//993 678//999 677//1003
f 571//175 679//1002 677//1003 569//1004
f 489//66 484//35 483//13 488//12 493//830 494//63
f 1226//1005 214//748 213//746 215//744 217//743 216//693 283//692 1347//1006 1230//1007 1227//1008 1228//1009 1225//1010
f 468//125 462//97 461//83 467//82 266//110 267//707
f 664//1011 784//936 783//935 660//1012
f 649//874 615//970 614//1013 597//1014 599//859 618//858 631//1015
f 788//1016 790//1017 756//356 755//355
f 790//1017 791//357 756//356
f 1270//1018 1271//1019 1272//1020 1338//1021 1339//1022 1361//1023 1359//1024
f 776//1025 793//1026 792//1027 775//864
f 793//1026 794//1028 789//1029 787//1030
f 779//30 797//1031 793//1026 776//1025
f 797//1031 798//1032 794//1028 793//1026
f 780//29 798//1032 797//1031 779//30
f 781//1033 799//1034 798//1032 780//29
f 799//1034 800//1035 796//1036 795//1037
f 782//1038 800//1035 799//1034 781//1033
f 547//1039 550//1040 553//1041 545//1042 546//1043
f 801//1044 802//1045 769//883 768//885
f 802//1045 803//1046 770//881 769//883
f 789//1029 803//1046 802//1045 787//1030
f 803//1046 788//1016 755//355 770//881
f 804//1047 790//1017 788//1016 803//1046
f 805//1048 791//357 790//1017 804//1047
f 794//1028 806//1049 803//1046 789//1029
f 806//1049 807//1050 804//1047 803//1046
f 807//1050 808//1051 805//1048 804//1047
f 796//1036 808//1051 807//1050 795//1037
f 1349//1052 84//543 251//542 253//709 252//188 1341//187 1330//1053
f 626//1054 625//1055 1574//1056 1575//1057
f 3444//1058 3439//1059 3440//1060 3410//1061 5210//1062 5024//1063 5028//1064 5027//1065
f 3504//1066 3502//1067 5133//1068 5136//1069 5135//1070
f 529//1071 533//1072 532//1073 528//1074
f 1640//547 1643//1075 1642//1076 1641//548
f 673//1077 813//932 784//936 664//1011
f 674//1078 814//933 813//932 673//1077
f 814//933 815//1079 810//1080 809//934
f 675//1081 815//1079 814//933 674//1078
f 815//1079 816//1082 811//1083 810//1080
f 675//1081 816//1082 815//1079
f 822//1084 824//1085 818//359 817//358
f 824//1085 825//1086 819//360 818//359
f 825//1086 826//1087 820//361 819//360
f 826//1087 827//1088 821//362 820//361
f 827//1088 828//363 821//362
f 800//1035 831//1089 823//1090 796//1036
f 811//1083 834//1091 833//1092 810//1080
f 1436//969 1444//5 1415//1093 1410//1094
f 812//1095 835//1096 834//1091 811//1083
f 492//87 493//830 488//12 506//11 505//15
f 837//1097 817//358 791//357 805//1048
f 808//1051 838//1098 837//1097 805//1048
f 823//1090 838//1098 808//1051 796//1036
f 838//1098 822//1084 817//358 837//1097
f 839//1099 824//1085 822//1084 838//1098
f 840//1100 825//1086 824//1085 839//1099
f 841//1101 826//1087 825//1086 840//1100
f 842//1102 827//1088 826//1087 841//1101
f 843//1103 828//363 827//1088 842//1102
f 844//1104 829//364 828//363 843//1103
f 533//1072 535//77 534//80 532//1073
f 662//1105 661//1106 642//1107 643//1108 644//1109 663//1110
f 2679//1111 2675//1112 2674//1113 2677//1114 1678//1115 2678//1116
f 845//1117 830//365 829//364 844//1104
f 831//1089 846//1118 838//1098 823//1090
f 846//1118 847//1119 839//1099 838//1098
f 765//889 764//897 747//854 751//462 752//461 767//888
f 847//1119 848//1120 840//1100 839//1099
f 848//1120 849//1121 841//1101 840//1100
f 849//1121 850//1122 842//1102 841//1101
f 2097//1123 2098//151 2153//150 2152//1124 2150//1125
f 850//1122 851//1126 843//1103 842//1102
f 851//1126 852//1127 844//1104 843//1103
f 852//1127 853//1128 845//1117 844//1104
f 1505//805 1493//1129 1494//1130 1496//1131 1506//806
f 1357//573 239//420 238//419 670//1132 1637//1133 1356//574
f 537//132 539//1134 538//79 536//78
f 145//587 261//590 243//655 83//654
f 539//1134 541//1135 540//1136 538//79
f 617//1137 616//857 1515//1138 1568//1139 1569//1140
f 541//1135 543//1141 542//1142 540//1136
f 3389//1143 3509//1144 3510//1145 3508//1146 3388//1147
f 3441//1148 3412//1149 3411//1150 3410//1061 3440//1060
f 622//118 621//117 1571//1151 1572//721
f 584//1152 583//1153 1485//1154 1486//1155 1487//1156 1488//1157 1489//1158 1515//1138 616//857 586//856 585//1159
f 578//736 577//1160 576//1161 510//1162 1478//1163 1479//737
f 581//1164 580//1165 1482//1166 1483//1167 582//1168
f 1576//1169 627//1170 626//1054 1575//1057
f 583//1153 582//1168 1483//1167 1484//1171 1485//1154
f 5139//1172 5138//1173 3408//1174
f 1699//1175 1702//1176 2678//1116 1678//1115 1679//1177 1682//1178 1690//1179 1696//1180
f 527//1181 529//1071 528//1074 526//1182
f 526//1182 525//1183 523//1184
f 524//1185 527//1181 526//1182 523//1184
f 525//1183 522//1186 519//1187 523//1184
f 520//1188 524//1185 523//1184 519//1187
f 522//1186 518//1189 516//1190 519//1187
f 518//1189 522//1186 521//623 517//1191
f 518//1189 515//1192 512//1193 516//1190
f 515//1192 518//1189 517//1191 514//1194
f 515//1192 513//1195 512//1193
f 676//1196 672//618 671//1197 673//1077
f 672//618 676//1196 665//1198 648//619
f 665//1198 676//1196 673//1077 664//1011
f 471//1199 466//90 465//65 470//64 270//103 271//704
f 671//1197 674//1078 673//1077
f 419//418 812//1095 668//1200 669//1201 670//1132 238//419
f 451//156 853//1128 852//1127 851//1126 832//1202
f 560//1203 667//1204 666//1205 559//1206
f 648//619 665//1198 664//1011 645//1207
f 1270//1018 1359//1024 1358//572 1274//571 1275//1208 1269//1209
f 486//84 480//56 479//26 485//25 490//91 491//81
f 662//1105 663//1110 659//1210 658//28
f 661//1106 662//1105 658//28 657//32
f 642//1107 661//1106 657//32 640//1211
f 683//1000 681//1001 573//174 575//179 601//982 700//981
f 471//1199 472//108 467//82 491//81 490//91 466//90
f 653//863 656//1212 654//860
f 244//185 422//169 421//171 240//417 241//649
f 1617//1213 1609//96 1602//95 1248//695 1249//1214 1254//1215 1260//1216
f 1601//94 1600//1217 1599//578 1592//577 1593//1218 1594//1219 1595//1220 1596//696 1602//95
f 630//620 648//619 647//712 629//711
f 647//712 648//619 645//1207 644//1109
f 646//713 647//712 644//1109 643//1108
f 646//713 643//1108 628//714
f 514//1194 517//1191 521//623 511//622 1633//549 1641//548 1642//1076 1644//1221 1646//1222 1648//1223
f 641//1224 642//1107 640//1211 639//1225
f 624//723 638//1226 637//120 623//119
f 637//120 638//1226 636//1227 635//115
f 435//1228 436//172 453//147 452//154 451//156 832//1202 836//1229
f 634//116 635//115 633//1230 632//1231
f 621//117 634//116 632//1231 620//1232
f 620//1232 632//1231 619//1233 617//1137
f 619//1233 632//1231 631//1015 618//858
f 2146//1234 2051//1235 2052//1236
f 544//715 628//714 627//1170 1576//1169 1577//1237
f 3506//1238 5137//1239 5139//1172 3408//1174 3505//1240
f 617//1137 619//1233 618//858 616//857
f 614//1013 615//970 613//973 612//1241
f 597//1014 614//1013 612//1241 595//1242
f 612//1241 613//973 610//974 609//976
f 595//1242 612//1241 611//1243 594//1244
f 611//1243 612//1241 609//976 608//1245
f 594//1244 611//1243 608//1245 593//1246
f 608//1245 609//976 607//977 606//1247
f 593//1246 608//1245 606//1247 591//1248
f 606//1247 607//977 604//978 603//980
f 591//1248 606//1247 605//1249 590//1250
f 605//1249 606//1247 603//980 602//1251
f 590//1250 605//1249 602//1251 589//1252
f 602//1251 603//980 601//982 600//1253
f 589//1252 602//1251 600//1253 588//1254
f 600//1253 601//982 575//179 574//178
f 588//1254 600//1253 574//178 568//1255
f 586//856 599//859 598//1256 585//1159
f 598//1256 599//859 597//1014
f 585//1159 598//1256 597//1014 584//1152
f 584//1152 597//1014 596//1257 583//1153
f 596//1257 597//1014 595//1242 594//1244
f 583//1153 596//1257 594//1244 582//1168
f 582//1168 594//1244 593//1246 581//1164
f 581//1164 593//1246 592//1258 580//1165
f 592//1258 593//1246 591//1248 590//1250
f 580//1165 592//1258 590//1250 579//735
f 579//735 590//1250 589//1252 578//736
f 578//736 589//1252 588//1254 577//1160
f 577//1160 588//1254 587//1259 576//1161
f 587//1259 588//1254 568//1255 567//1260
f 576//1161 587//1259 567//1260 563//1261
f 568//1255 574//178 572//177 566//1262
f 677//1003 3673//1263 3556//1264 569//1004
f 567//1260 568//1255 566//1262 565//1265
f 563//1261 567//1260 565//1265 562//1266
f 1525//837 1517//902 1518//1267 1520//1268 1527//838
f 562//1266 565//1265 564//1269 561//1270
f 3432//1271 3431//1272 3450//1273 3391//1274 5034//1275 5036//1276 4962//1277
f 531//621 630//620 629//711 530//710
f 1179//568 1128//1278 1139//1279 1195//1280 1190//569
f 214//748 1226//1005 1224//1281 212//751 211//749
f 3444//1058 5027//1065 5026//1282 5215//1283 3443//1284
f 3549//1285 3511//1286 3390//1287 3409//1288
f 1357//573 1358//572 1359//1024 81//614 131//1289 133//585 137//582 135//583 139//586 236//625 240//417 239//420
f 3511//1286 3509//1144 3389//1143 3390//1287
f 543//1141 546//1043 545//1042 542//1142
f 758//907 739//911 744//899 762//898 760//901
f 1249//1214 1248//695 1243//697 1244//1290 1250//1291
f 550//1040 551//1292 549//1293 548//1294
f 1222//1295 210//752 212//751 1224//1281 1221//1296
f 553//1041 550//1040 548//1294 552//1297
f 556//1298 553//1041 552//1297 554//1299
f 555//1300 558//1301 557//1302 554//1299
f 557//1302 556//1298 554//1299
f 558//1301 560//1203 559//1206 557//1302
f 74//627 78//616 76//554 73//553
f 1637//1133 670//1132 669//1201 560//1203 558//1301 555//1300 549//1293 551//1292 547//1039 546//1043 543//1141 1635//1303 1636//1304
f 443//157 428//165 830//365 845//1117
f 853//1128 451//156 443//157 845//1117
f 288//245 289//510 920//1305 919//246
f 293//502 292//243 295//242 296//1306
f 309//472 308//475 307//478 310//454 311//468
f 333//434 331//446 330//237 332//236
f 913//248 914//492 912//928 911//249
f 911//249 912//928 908//927 907//250
f 2746//1307 2745//427 857//428 858//1308
f 907//250 908//927 906//926 905//251
f 905//251 906//926 904//925 903//252
f 903//252 904//925 901//924 900//253
f 185//780 183//473 309//472 311//468 313//458 187//457
f 296//1306 295//242 297//241 298//490
f 898//254 899//1309 897//1310 896//255
f 896//255 897//1310 895//1311 894//256
f 894//256 895//1311 893//1312 892//257
f 180//476 854//1313 875//1314 910//480 306//477
f 892//257 893//1312 891//1315 890//258
f 890//258 891//1315 888//1316 887//259
f 2726//997 2727//996 2724//1317 2723//466 2725//465
f 899//1309 898//254 900//253 901//924
f 884//260 885//1318 882//1319 881//261
f 881//261 882//1319 880//1320 879//262
f 879//262 880//1320 878//1321 877//263
f 877//263 878//1321 874//1322 873//264
f 873//264 874//1322 872//437 871//265
f 294//1323 293//502 296//1306 298//490 300//489 302//488 303//1324 304//1325
f 2734//273 2743//1326 2741//1327 2740//443 2733//274
f 867//266 868//436 866//1328 865//267
f 865//267 866//1328 863//1329 862//268
f 863//1329 864//1330 861//1331 860//1332
f 862//268 863//1329 860//1332 859//269
f 860//1332 861//1331 858//1308 857//428
f 856//270 860//1332 857//428 855//271
f 860//1332 856//270 859//269
f 2741//1327 2742//1333 2739//1334 2738//444 2740//443
f 2726//997 2725//465 2721//277 2722//276 2728//994
f 2687//1335 3120//482 3344//485 2720//1336
f 2730//1337 2728//994 2722//276 2732//275 2736//445
f 1686//1338 1654//1339 3700//1340 3707//1341 1655//1342 1689//1343
f 1064//1344 1069//1345 1049//1346 1038//1347
f 1069//1345 1064//1344 1063//1348 1068//1349
f 1069//1345 1068//1349 1048//1350 1049//1346
f 1068//1349 1063//1348 1062//1351 1067//1352
f 1068//1349 1067//1352 1047//1353 1048//1350
f 1067//1352 1062//1351 1061//1354 1066//1355
f 1067//1352 1066//1355 1046//1356 1047//1353
f 1066//1355 1061//1354 1060//1357 1065//1358
f 1066//1355 1065//1358 1045//1359 1046//1356
f 1059//1360 1064//1344 1038//1347 1031//1361
f 1064//1344 1059//1360 1058//1362 1063//1348
f 1063//1348 1058//1362 1057//1363 1062//1351
f 1062//1351 1057//1363 1056//1364 1061//1354
f 1061//1354 1056//1364 1055//1365 1060//1357
f 1054//1366 1059//1360 1031//1361 1024//1367
f 1059//1360 1054//1366 1053//1368 1058//1362
f 1058//1362 1053//1368 1052//1369 1057//1363
f 1057//1363 1052//1369 1051//1370 1056//1364
f 1056//1364 1051//1370 1050//1371 1055//1365
f 1053//1368 1054//1366 1024//1367 1023//1372
f 1052//1369 1053//1368 1023//1372 1022//1373
f 1051//1370 1052//1369 1022//1373 1021//1374
f 1050//1371 1051//1370 1021//1374 1020//1375
f 1385//1376 1379//1377 1380//1378 1386//1379
f 1038//1347 1049//1346 1044//1380 1037//1381
f 1049//1346 1048//1350 1043//1382 1044//1380
f 1048//1350 1047//1353 1042//1383 1043//1382
f 1047//1353 1046//1356 1041//1384 1042//1383
f 1046//1356 1045//1359 1040//1385 1041//1384
f 1037//1381 1044//1380 1043//1382 1036//1386
f 1036//1386 1043//1382 1042//1383 1035//1387
f 1035//1387 1042//1383 1041//1384 1034//1388
f 1034//1388 1041//1384 1040//1385 1033//1389
f 1033//1389 1040//1385 1039//1390 1032//1391
f 1031//1361 1038//1347 1037//1381 1030//1392
f 1030//1392 1037//1381 1036//1386 1029//1393
f 1029//1393 1036//1386 1035//1387 1028//1394
f 1028//1394 1035//1387 1034//1388 1027//1395
f 1027//1395 1034//1388 1033//1389 1026//1396
f 1026//1396 1033//1389 1032//1391 1025//1397
f 1024//1367 1031//1361 1030//1392 1019//1398
f 1019//1398 1030//1392 1029//1393 1018//1399
f 1018//1399 1029//1393 1028//1394 1017//1400
f 1017//1400 1028//1394 1027//1395 1016//1401
f 1016//1401 1027//1395 1026//1396 1015//1402
f 1015//1402 1026//1396 1025//1397 1014//1403
f 1023//1372 1024//1367 1019//1398 1018//1399
f 1022//1373 1023//1372 1018//1399 1017//1400
f 1021//1374 1022//1373 1017//1400 1016//1401
f 1020//1375 1021//1374 1016//1401 1015//1402
f 1002//1404 1013//1405 997//1406
f 997//1406 1013//1405 1008//1407 992//1408
f 996//1409 1012//1410 1007//1411 991//1412
f 1012//1410 996//1409 995//1413 1011//1414
f 1012//1410 1011//1414 1006//1415 1007//1411
f 1011//1414 995//1413 994//1416 1010//1417
f 1011//1414 1010//1417 1005//1418 1006//1415
f 1010//1417 994//1416 993//1419 1009//1420
f 1010//1417 1009//1420 1004//1421 1005//1418
f 1009//1420 993//1419 992//1408 1008//1407
f 991//1412 1007//1411 1003//1422 990//1423
f 989//1391 1002//1404 997//1406 984//1424
f 988//1425 1001//1426 996//1409 983//1427
f 1001//1426 988//1425 987//1428 1000//1429
f 1001//1426 1000//1429 995//1413 996//1409
f 1000//1429 987//1428 986//1430 999//1431
f 1000//1429 999//1431 994//1416 995//1413
f 999//1431 986//1430 985//1432 998//1433
f 999//1431 998//1433 993//1419 994//1416
f 998//1433 985//1432 984//1424 997//1406
f 998//1433 997//1406 992//1408 993//1419
f 983//1427 996//1409 991//1412 982//1434
f 981//1435 989//1391 984//1424 976//1436
f 980//1437 988//1425 983//1427 975//1438
f 988//1425 980//1437 979//1439 987//1428
f 987//1428 979//1439 978//1440 986//1430
f 986//1430 978//1440 977//1441 985//1432
f 985//1432 977//1441 976//1436 984//1424
f 975//1438 983//1427 982//1434 974//1442
f 973//1443 981//1435 976//1436 968//1444
f 972//1445 980//1437 975//1438 967//1446
f 980//1437 972//1445 971//1447 979//1439
f 979//1439 971//1447 970//1448 978//1440
f 978//1440 970//1448 969//1449 977//1441
f 977//1441 969//1449 968//1444 976//1436
f 967//1446 975//1438 974//1442 963//1450
f 971//1447 972//1445 967//1446 966//1451
f 970//1448 971//1447 966//1451 965//1452
f 969//1449 970//1448 965//1452 964//1453
f 960//1454 969//1449 964//1453 955//1455
f 969//1449 960//1454 959//1456 968//1444
f 958//1457 967//1446 963//1450 953//1458
f 967//1446 958//1457 957//1459 966//1451
f 966//1451 957//1459 956//1460 965//1452
f 965//1452 956//1460 955//1455 964//1453
f 953//1458 963//1450 962//1397 950//1461
f 959//1456 960//1454 955//1455 954//1462
f 957//1459 958//1457 953//1458 952//1463
f 956//1460 957//1459 952//1463 951//1464
f 949//1465 956//1460 951//1464 944//1466
f 956//1460 949//1465 948//1467 955//1455
f 955//1455 948//1467 947//1468 954//1462
f 946//1469 953//1458 950//1461 941//1470
f 953//1458 946//1469 945//1471 952//1463
f 952//1463 945//1471 944//1466 951//1464
f 941//1470 950//1461 926//1472 925//1473
f 1441//130 1491//1474 1493//1129 1505//805 1453//804 1450//131
f 948//1467 949//1465 944//1466 943//1475
f 947//1468 948//1467 943//1475 942//1476
f 785//460 786//1477 801//1044 768//885 767//888 752//461
f 945//1471 946//1469 941//1470 940//1478
f 944//1466 945//1471 940//1478 939//1479
f 943//1475 944//1466 939//1479 938//1480
f 942//1476 943//1475 938//1480 937//1481
f 935//1482 942//1476 937//1481 933//1483
f 940//1478 941//1470 925//1473 924//1484
f 939//1479 940//1478 924//1484 923//1485
f 938//1480 939//1479 923//1485 922//1486
f 934//1487 938//1480 922//1486 921//1488
f 938//1480 934//1487 933//1483 937//1481
f 2349//1489 2348//1490 2347//1491 2346//1492 2345//1493 2344//1494 2234//1495 2233//1496 2231//1497 2232//1498
f 936//1499 935//1482 933//1483 934//1487
f 1389//1500 1387//1501 1388//1502 1392//1503 1391//1504 1390//1505
f 1071//1506 1070//1507 928//1508 929//1509
f 1072//1510 1071//1506 929//1509 930//1511
f 1073//1512 1072//1510 930//1511 931//1513
f 1074//1514 1073//1512 931//1513 932//1515
f 1003//1422 1074//1514 932//1515 927//1516
f 1076//1517 1075//1518 1070//1507 1071//1506
f 1077//1519 1076//1517 1071//1506 1072//1510
f 1077//1519 1005//1418 1004//1421 1076//1517
f 1078//1520 1077//1519 1072//1510 1073//1512
f 1078//1520 1006//1415 1005//1418 1077//1519
f 1079//1521 1078//1520 1073//1512 1074//1514
f 1079//1521 1007//1411 1006//1415 1078//1520
f 1007//1411 1079//1521 1074//1514 1003//1422
f 1081//1522 1080//1523 1075//1518 1076//1517
f 1081//1522 1009//1420 1008//1407 1080//1523
f 1009//1420 1081//1522 1076//1517 1004//1421
f 685//998 3678//1524 3672//1525 3674//1526 678//999
f 1085//1527 1082//1528 2900//1529 2899//1530 1084//1531
f 687//449 1086//448 2901//495 3679//494 3676//1532 3675//1533 3678//1524 685//998 686//992
f 2897//1534 2896//1535 2895//1536 2899//1530 2900//1529
f 1236//984 1233//1537 1232//1538 1235//985
f 1235//985 1232//1538 1231//48 1234//47
f 1092//1539 1090//1540 1089//1541 1091//1542
f 166//811 161//774 160//799 169//790 170//788
f 1378//1543 28//833 15//834 1376//1544
f 1102//1545 1097//1546 1096//1547 1100//1548 1101//1549
f 1377//1550 1378//1543 1376//1544 1375//1551
f 1374//1552 1377//1550 1375//1551 1360//1553
f 1872//1554 1129//1555 1132//1556 1135//1557 1137//1558 1125//1559 1122//1560 1120//1561 1118//1562 1095//1563 1998//1564 1867//1565 1805//1566 3903//1567 4911//1568 4910//1569 4881//1570 4880//1571 4883//1572 4887//1573 3787//1574
f 1873//1575 1808//1576 1809//1577 1810//1578 1869//1579 1870//1580 1871//1581 1874//1582 1932//1583 1934//1584 1933//1585
f 1301//9 1300//1586 1294//1587 1288//1588 1289//10
f 37//1589 34//1590 33//1591 39//1592 40//1593
f 3031//1594 3030//1595 3044//1596 3047//1597 3057//685 3053//684
f 1336//1598 250//21 260//611 259//193 1335//192
f 1371//664 1373//663 1372//1599 1370//1600
f 199//725 130//527 129//531 194//775 198//726
f 1369//665 1371//664 1370//1600 1368//1601
f 3399//1602 3395//1603 3397//1604 3398//1605
f 1367//666 1369//665 1368//1601 1366//1606
f 1365//667 1367//666 1366//1606
f 1362//198 1364//197 1363//668 1361//1023
f 158//814 155//820 164//1607 165//812
f 1233//1537 1220//1608 1218//1609 1232//1538
f 659//1210 781//1033 780//29 658//28
f 1230//1007 1215//1610 1211//870 1227//1008
f 1215//1610 1230//1007 1229//1611 1214//1612
f 1228//1009 1212//1613 1209//1614 1225//1010
f 1212//1613 1228//1009 1227//1008 1211//870
f 1226//1005 1225//1010 1223//1615 1224//1281
f 2984//765 2986//768 2988//1616 2990//1617 3093//1618 3095//1619 3101//1620 3103//1621 3108//1622 3119//483 3120//482 2687//1335 854//1313 180//476 173//786 164//1607 155//820 152//822 147//828 111//533 107//517 103//513 98//512 91//771 85//597 53//545 50//544 45//1623 39//1592 33//1591 6//850 4//672 2//851 1//405 11//404 35//1624 38//1625 41//677 42//676 43//675 1160//1626 1159//1627 1158//1542 1157//1542 1156//1542 1155//1542 1154//1542 1115//1542 1114//1628 1113//1628 1112//1628 1111//1628 1110//1628 1109//1628 1108//1628 1092//1539 1091//1542 2013//1542 2012//1542 2011//1542 2010//1542 2009//1542 2008//1542 1953//1542 1952//1542 1951//1542 1950//1542 1949//1542 1948//1542 1947//1542 1946//1542 1890//1542 1889//1542 1888//1542 1887//1542 1886//1542 1885//1542 1884//1542 1883//1542 1826//1542 1825//1542 1824//1542 1823//1542 1822//1542 1821//1542 1820//1542 1819//1542 1672//1542 4036//1542 4035//1542 4034//1542 4033//1542 4032//1542 4031//1542 4030//1542 3924//1542 3923//1542 3922//1542 3921//1542 3920//1542 3919//1542 3918//1542 3917//1542 3856//1542 3855//1542 3854//1542 3853//1542 3852//1542 3851//1542 3850//1542 3849//1542 3805//1542 3804//1628 3803//1629 3802//1628 3801//1628 3800//1628 3799//1628 3798//1630 4931//1630 4930//1630 4929//1630 4928//1630 4927//1630 4926//1630 4925//1630 4924//1630 4907//1630 4906//1630 4905//1630 4904//1630 4903//1542 4902//1630 4901//1631 4900//438 3104//442 3105//1632 2955//1633 2954//1634 2951//1635 4957//1636 2920//1637 2922//1638 2927//816 2929//815 2957//1639 2958//1640 2959//504 2961//506 2982//1641
f 129//531 125//530 124//507 126//487 127//507 128//487
f 3199//1642 3195//1643 3194//1644 3198//1645 3217//1646 3218//1647
f 175//782 109//518 108//516 112//532 148//827 153//821 156//819 159//813 165//812 174//785 181//474 182//784
f 1225//1010 1209//1614 1206//1648 1223//1615
f 1224//1281 1207//1649 1204//1650 1221//1296
f 1207//1649 1224//1281 1223//1615 1206//1648
f 1222//1295 1221//1296 1219//1651 1220//1608
f 1221//1296 1204//1650 1201//1652 1219//1651
f 1220//1608 1202//1653 1199//1654 1218//1609
f 1202//1653 1220//1608 1219//1651 1201//1652
f 1218//1609 1199//1654 1196//1655 1216//1656
f 1217//49 1216//1656 1152//1657 1153//50
f 1216//1656 1196//1655 1140//1658 1152//1657
f 1215//1610 1214//1612 1210//871 1211//870
f 1214//1612 1213//1659 1210//871
f 1212//1613 1211//870 1208//869 1209//1614
f 69//629 71//552 75//555 77//617 79//615 81//614 1359//1024 1361//1023 1363//668 1365//667 1366//1606 1368//1601 1370//1600 1360//1553 1375//1551 1376//1544 15//834 18//832 16//639 21//638 24//836 26//634
f 1188//1660 1186//1661 1192//867 1210//871 1213//1659 1194//941 1172//940 1189//1662
f 1209//1614 1208//869 1205//868 1206//1648
f 1207//1649 1206//1648 1203//1663 1204//1650
f 1206//1648 1193//1664 1191//1665 1203//1663
f 1193//1664 1206//1648 1205//868 1192//867
f 1204//1650 1203//1663 1200//111 1201//1652
f 1202//1653 1201//1652 1198//570 1199//1654
f 1201//1652 1200//111 1197//114 1198//570
f 393//75 346//74 460//135 507//138 232//383 394//382
f 1199//1654 1198//570 1195//1280 1196//1655
f 1198//570 1190//569 1195//1280
f 1628//1666 1273//575 1356//574 1637//1133 1636//1304 1626//1667 1627//1668
f 1196//1655 1195//1280 1139//1279 1140//1658
f 2169//1669 2096//1670 2097//1123 2150//1125 2170//1671
f 435//1228 419//418 420//173 436//172
f 473//86 474//104 493//830 492//87
f 440//88 492//87 505//15 458//22 457//139
f 1187//1672 1191//1665 1193//1664 1192//867 1186//1661
f 543//1141 541//1135 539//1134 537//132 535//77 533//1072 529//1071 527//1181 524//1185 520//1188 513//1195 515//1192 1649//1673 1647//1674 1645//1675 1643//1075 1640//547 1639//551 1638//1676 1630//720 1629//719 1634//1677 1635//1303
f 227//389 228//750 225//753 224//392 386//391 389//390
f 1189//1662 1172//940 1169//556
f 486//84 487//98 481//40 500//39 499//54 480//56
f 1189//1662 1169//556 1167//560 1188//1660
f 1188//1660 1185//1678 1186//1661
f 1188//1660 1176//1679 1185//1678
f 1176//1679 1188//1660 1167//560 1162//559
f 1187//1672 1186//1661 1183//1680 1184//112
f 1186//1661 1185//1678 1182//1681 1183//1680
f 1184//112 1183//1680 1180//1682 1181//113
f 1183//1680 1182//1681 1180//1682
f 1296//876 1285//875 1175//939 1295//938 1297//1683
f 1349//1052 1330//1053 1328//1684 1348//1685
f 1348//1685 1346//1686 1347//1006
f 1348//1685 1345//1687 1343//1688 1346//1686
f 1345//1687 1348//1685 1328//1684 1308//1689
f 1230//1007 1347//1006 1229//1611
f 1347//1006 1344//1690 1214//1612 1229//1611
f 1344//1690 1347//1006 1346//1686 1343//1688
f 1345//1687 1308//1689 1305//1691 1343//1688
f 1344//1690 1343//1688 1213//1659 1214//1612
f 1343//1688 1342//937 1194//941 1213//1659
f 1342//937 1343//1688 1305//1691 1295//938
f 5049//1692 5042//1693 5043//1694 5050//1695
f 1181//113 1180//1682 1177//1696 1178//567
f 1179//568 1178//567 1127//1697 1128//1278
f 1178//567 1177//1696 1126//1698 1127//1697
f 2168//1699 2076//1700 2077//1701 2096//1670 2169//1669
f 1175//939 1171//1702 1172//940
f 1175//939 1174//1703 1170//1704 1171//1702
f 1172//940 1171//1702 1168//557 1169//556
f 1171//1702 1165//1705 1163//558 1168//557
f 1165//1705 1171//1702 1170//1704 1164//1706
f 835//1096 836//1229 832//1202 851//1126 850//1122 849//1121 834//1091
f 1341//187 1333//186 1330//1053
f 1335//192 1340//191 1334//1707
f 1340//191 1327//1708 1321//1709 1334//1707
f 1327//1708 1340//191 1339//1022 1326//1710
f 1326//1710 1339//1022 1338//1021 1325//1711
f 1325//1711 1338//1021 1272//1020 1265//1712
f 1337//17 1324//1713 1317//1714 1331//18
f 1324//1713 1337//17 1336//1598 1323//1715
f 1323//1715 1336//1598 1335//192 1322//1716
f 1322//1716 1335//192 1334//1707 1321//1709
f 1333//186 1332//190 1329//1717 1330//1053
f 1332//190 1318//1718 1311//1719 1329//1717
f 1318//1718 1332//190 1331//18 1317//1714
f 1330//1053 1312//1720 1308//1689 1328//1684
f 1312//1720 1330//1053 1329//1717 1311//1719
f 1327//1708 1326//1710 1320//1721 1321//1709
f 1326//1710 1325//1711 1319//1722 1320//1721
f 1325//1711 1265//1712 1259//1723 1319//1722
f 1324//1713 1323//1715 1316//1724 1317//1714
f 1323//1715 1322//1716 1315//1725 1316//1724
f 1322//1716 1321//1709 1314//1726 1315//1725
f 1321//1709 1320//1721 1313//1727 1314//1726
f 1320//1721 1304//1728 1299//1729 1313//1727
f 1304//1728 1320//1721 1319//1722 1303//1730
f 1303//1730 1319//1722 1259//1723 1253//1731
f 1318//1718 1317//1714 1310//1732 1311//1719
f 1317//1714 1316//1724 1309//1733 1310//1732
f 1316//1724 1302//8 1298//7 1309//1733
f 1302//8 1316//1724 1315//1725 1301//9
f 1301//9 1315//1725 1314//1726 1300//1586
f 1312//1720 1311//1719 1307//877 1308//1689
f 1311//1719 1310//1732 1306//878 1307//877
f 1291//879 1306//878 1310//1732 1309//1733 1298//7 1290//6
f 1308//1689 1297//1683 1295//938 1305//1691
f 1297//1683 1308//1689 1307//877 1296//876
f 560//1203 669//1201 668//1200 667//1204
f 2167//1734 2166//1735 2074//1736 2075//1737
f 834//1091 849//1121 848//1120 847//1119 846//1118 831//1089 833//1092
f 1591//1738 1239//1739 1244//1290 1243//697 1596//696
f 700//981 701//967 713//966 692//968 684//990 683//1000
f 664//1011 660//1012 659//1210 663//1110 644//1109 645//1207
f 220//397 221//756 219//759 218//401 377//400 380//398
f 14//43 1355//1740 1353//535 1352//44
f 2146//1234 2145//565 2049//564 2051//1235
f 1294//1587 1293//1741 1287//1742 1288//1588
f 1293//1741 1292//1743 1286//1744 1287//1742
f 1292//1743 1281//1745 1277//1746 1286//1744
f 1281//1745 1292//1743 1247//1747 1242//1748
f 1291//879 1290//6 1283//1749 1284//880
f 1290//6 1289//10 1282//1750 1283//1749
f 1289//10 1280//1751 1276//1752 1282//1750
f 1280//1751 1289//10 1288//1588 1279//1753
f 1279//1753 1288//1588 1287//1742 1278//1754
f 1278//1754 1287//1742 1286//1744 1277//1746
f 1285//875 1284//880 1174//1703 1175//939
f 1284//880 1283//1749 1173//1755 1174//1703
f 1281//1745 1242//1748 1277//1746
f 3907//1756 3913//1757 3914//1758 3915//1759 3908//1760
f 1332//190 256//189 255//19 1331//18
f 1267//1761 1266//1762 1620//1763 1616//1764 1617//1213 1260//1216 1261//1765
f 1370//1600 1372//1599 1374//1552 1360//1553
f 642//1107 641//1224 626//1054 627//1170 628//714 643//1108
f 1275//1208 1268//1766 1262//1767 1269//1209
f 1268//1766 1275//1208 1274//571 1267//1761
f 1265//1712 1272//1020 1271//1019 1264//1768
f 1264//1768 1271//1019 1270//1018 1263//1769
f 1263//1769 1270//1018 1269//1209 1262//1767
f 1268//1766 1267//1761 1261//1765 1262//1767
f 795//1037 807//1050 806//1049 794//1028 798//1032 799//1034
f 1265//1712 1264//1768 1258//1770 1259//1723
f 1264//1768 1263//1769 1257//1771 1258//1770
f 1263//1769 1262//1767 1256//1772 1257//1771
f 1262//1767 1261//1765 1255//1773 1256//1772
f 1261//1765 1260//1216 1254//1215 1255//1773
f 1233//1537 1236//984 1354//983 1355//1740 14//43 60//669 62//641 64//640 68//540 123//528 130//527 199//725 204//724 209//762 208//754 210//752 1222//1295 1220//1608
f 1253//1731 1259//1723 1258//1770 1252//1774
f 1252//1774 1258//1770 1257//1771 1251//1775
f 1251//1775 1257//1771 1256//1772 1250//1291
f 555//1300 554//1299 552//1297 548//1294 549//1293
f 779//30 776//1025 775//864 778//861 654//860 655//31
f 1340//191 1362//198 1361//1023 1339//1022
f 1242//1748 1247//1747 1246//1776 1241//1777
f 1241//1777 1246//1776 1245//1778 1240//1779
f 1240//1779 1245//1778 1244//1290 1239//1739
f 1292//1743 1293//1741 1299//1729
f 775//864 792//1027 786//1477 785//460 773//459 774//865
f 1348//1685 1347//1006 283//692 282//690 284//541 84//543
f 651//1780 650//872 649//874 631//1015 632//1231 633//1230
f 1253//1731 1252//1774 1251//1775 1250//1291 1244//1290 1245//1778 1246//1776 1247//1747 1292//1743 1299//1729 1304//1728 1303//1730
f 1238//829 1235//985 1234//47 1237//46
f 1161//51 1153//50 1151//1781 1160//1626
f 1160//1626 1151//1781 1149//1782 1159//1627
f 1159//1627 1149//1782 1147//1783 1158//1542
f 1158//1542 1147//1783 1146//1783 1157//1542
f 1157//1542 1146//1783 1145//1784 1156//1542
f 1156//1542 1145//1784 1143//1785 1155//1542
f 1155//1542 1143//1785 1141//1786 1154//1542
f 1154//1542 1141//1786 1107//1787 1115//1542
f 1153//50 1152//1657 1150//1788 1151//1781
f 1152//1657 1140//1658 1138//1789 1150//1788
f 1151//1781 1150//1788 1148//1790 1149//1782
f 1803//1791 4018//1792 3902//1793 3903//1567 1805//1566 1804//1794
f 1145//1784 1144//1795 1142//1796 1143//1785
f 1143//1785 1134//1797 1131//1798 1141//1786
f 1134//1797 1143//1785 1142//1796 1133//1799
f 4912//1800 4891//1801 4897//1802 4898//1803 4899//1804 4916//1805
f 1140//1658 1139//1279 1137//1558 1138//1789
f 1130//1806 1933//1585 1934//1584 1935//1807 1936//1808 1937//1809 1999//1810 2000//1811 2001//1812 1088//1813 1096//1547 1097//1546 1098//1814 1099//1815 1131//1798 1134//1797 1133//1799
f 4878//1816 4877//1817 4879//1818 4880//1571 4881//1570
f 1136//1819 1135//1557 1132//1556 1133//1799
f 1133//1799 1132//1556 1129//1555 1130//1806
f 1128//1278 1127//1697 1124//1820 1125//1559
f 1127//1697 1126//1698 1123//1821 1124//1820
f 1093//1822 1965//1823 1959//1824 1956//1825 1930//1826
f 3906//1827 3836//1828 3837//1829 3838//1830 3839//1831 3840//1832 3904//1833 3905//1834 3907//1756
f 1808//1576 3906//1827 3907//1756 3908//1760 4019//1835 4020//1836 4021//1837 4022//1838 1806//1839 1807//1840 1809//1577
f 4017//1841 3899//1842 3901//1843 3902//1793 4018//1792
f 1104//1844 1098//1814 1097//1546 1102//1545 1103//1845
f 1106//1846 1099//1815 1098//1814 1104//1844 1105//1847
f 4305//1848 4221//1849 4222//1850 4306//1851
f 1108//1628 1100//1548 1090//1540 1092//1539
f 1109//1628 1101//1549 1100//1548 1108//1628
f 1110//1628 1102//1545 1101//1549 1109//1628
f 1111//1628 1103//1845 1102//1545 1110//1628
f 1112//1628 1104//1844 1103//1845 1111//1628
f 1113//1628 1105//1847 1104//1844 1112//1628
f 1114//1628 1106//1846 1105//1847 1113//1628
f 1115//1542 1107//1787 1106//1846 1114//1628
f 3899//1842 3898//1852 3900//1853 3901//1843
f 1120//1561 1119//1854 1117//1855 1118//1562
f 1116//1856 1117//1855 1119//1854 1121//1857 1124//1820 1123//1821
f 1122//1560 1121//1857 1119//1854 1120//1561
f 544//715 1577//1237 1578//716
f 1630//720 1638//1676 1631//1858
f 1638//1676 1639//551 1632//550 1631//1858
f 1628//1666 1620//1763 1266//1762 1273//575
f 531//621 530//710 1630//720 1631//1858 1632//550 1633//549 511//622
f 1643//1075 1645//1675 1644//1221 1642//1076
f 772//464 650//872 651//1780 652//866 774//865 773//459
f 2148//1859 2147//1860 2146//1234 2052//1236 2053//1861
f 31//598 146//588 145//587 83//654 30//653 29//831 28//833 1378//1543 1377//1550 1374//1552 1372//1599 1373//663
f 580//1165 579//735 1480//734 1481//1862 1482//1166
f 510//1162 576//1161 563//1261 509//1863
f 1645//1675 1647//1674 1646//1222 1644//1221
f 1647//1674 1649//1673 1648//1223 1646//1222
f 1649//1673 515//1192 514//1194 1648//1223
f 660//1012 783//935 782//1038 781//1033 659//1210
f 3100//1864 3102//1865 3099//1866
f 4975//1867 5002//1868 4998//1869 4999//1870 4980//1871 4970//1872 4976//1873
f 3450//1273 3448//1874 3391//1274
f 1620//1763 1628//1666 1627//1668 1619//1875
f 1619//1875 1627//1668 1626//1667 1618//1876
f 1618//1876 1626//1667 1625//1877 1614//1878
f 1614//1878 1625//1877 1624//1879 1613//1880
f 1613//1880 1624//1879 1623//1881 1612//1882
f 1612//1882 1623//1881 1622//1883 1611//1884
f 1611//1884 1622//1883 1621//1885 1610//1886
f 1610//1886 1621//1885 1580//718 1567//1887
f 273//706 274//705 268//122 469//121 468//125 267//707
f 1620//1763 1619//1875 1615//1888 1616//1764
f 1619//1875 1618//1876 1614//1878 1615//1888
f 1617//1213 1616//1764 1609//96
f 1616//1764 1615//1888 1608//92 1609//96
f 1615//1888 1614//1878 1607//93 1608//92
f 1614//1878 1613//1880 1606//1889 1607//93
f 1613//1880 1612//1882 1605//1890 1606//1889
f 1612//1882 1611//1884 1604//1891 1605//1890
f 1611//1884 1610//1886 1603//1892 1604//1891
f 1610//1886 1567//1887 1565//1893 1603//1892
f 657//32 655//31 654//860 656//1212 639//1225 640//1211
f 1601//94 1607//93 1606//1889 1600//1217
f 1600//1217 1606//1889 1605//1890 1599//578
f 1599//578 1605//1890 1604//1891 1598//579
f 1598//579 1604//1891 1603//1892 1597//580
f 1597//580 1603//1892 1565//1893 1544//729
f 2664//1894 2662//1895 2607//1896 2606//1897
f 1623//1881 1624//1879 1625//1877 1626//1667 1636//1304 1635//1303 1634//1677
f 551//1292 550//1040 547//1039
f 1337//17 250//21 1336//1598
f 1685//890 1687//1898 1692//1899 1691//1900 1690//1179 1682//1178 1683//891
f 1591//1738 1596//696 1595//1220 1590//1901
f 1590//1901 1595//1220 1594//1219 1589//1902
f 1589//1902 1594//1219 1593//1218 1588//1903
f 82//613 132//650 131//1289 81//614
f 1174//1703 1173//1755 1166//1904 1164//1706 1170//1704
f 1589//1902 1588//1903 1584//1905
f 1588//1903 1587//1906 1583//1907 1584//1905
f 1587//1906 1586//576 1582//1908 1583//1907
f 1586//576 1585//581 1581//1909 1582//1908
f 1585//581 1523//732 1522//1910 1581//1909
f 2974//1911 2972//1912 2976//1913 2977//1914
f 1567//1887 1580//718 1579//717 1566//1915
f 1566//1915 1579//717 1578//716 1564//1916
f 1564//1916 1578//716 1577//1237 1563//1917
f 1563//1917 1577//1237 1576//1169 1562//1918
f 1562//1918 1576//1169 1575//1057 1561//1919
f 1561//1919 1575//1057 1574//1056 1556//1920
f 1556//1920 1574//1056 1573//722 1555//1921
f 1555//1921 1573//722 1572//721 1552//1922
f 1552//1922 1572//721 1571//1151 1551//1923
f 1551//1923 1571//1151 1570//1924 1548//1925
f 1548//1925 1570//1924 1569//1140 1547//1926
f 1547//1926 1569//1140 1568//1139 1545//1927
f 1545//1927 1568//1139 1515//1138 1514//1928
f 1567//1887 1566//1915 1564//1916 1565//1893
f 1544//729 1565//1893 1560//1929 1543//730
f 1565//1893 1564//1916 1559//1930 1560//1929
f 1564//1916 1563//1917 1558//1931 1559//1930
f 1563//1917 1562//1918 1557//1932 1558//1931
f 1562//1918 1561//1919 1556//1920 1557//1932
f 1543//730 1560//1929 1559//1930 1542//1933
f 1542//1933 1559//1930 1558//1931 1541//1934
f 1541//1934 1558//1931 1557//1932 1540//1935
f 1540//1935 1557//1932 1554//1936 1538//631
f 1557//1932 1556//1920 1553//1937 1554//1936
f 1556//1920 1555//1921 1552//1922 1553//1937
f 1538//631 1554//1936 1553//1937 1537//632
f 1537//632 1553//1937 1550//1938 1536//603
f 1553//1937 1552//1922 1549//1939 1550//1938
f 1552//1922 1551//1923 1548//1925 1549//1939
f 1536//603 1550//1938 1549//1939 1535//604
f 1535//604 1549//1939 1548//1925 1534//1940
f 1534//1940 1548//1925 1546//1941 1532//1942
f 1548//1925 1547//1926 1545//1927 1546//1941
f 1532//1942 1546//1941 1545//1927 1531//1943
f 1531//1943 1545//1927 1513//1944 1509//801
f 1545//1927 1514//1928 1477//1945 1513//1944
f 1541//1934 1540//1935 1538//631 1539//839
f 278//703 279//702 272//109 472//108 471//1199 271//704
f 1203//1663 1191//1665 1187//1672 1184//112 1200//111
f 1535//604 1534//1940 1532//1942 1533//605
f 1533//605 1532//1942 1510//800 1511//810
f 1532//1942 1531//1943 1509//801 1510//800
f 1523//732 1530//731 1529//1946 1522//1910
f 1522//1910 1529//1946 1528//1947 1521//1948
f 667//1204 668//1200 812//1095 811//1083 666//1205
f 489//66 490//91 485//25 504//24 503//33 484//35
f 1522//1910 1521//1948 1519//1949
f 1521//1948 1520//1268 1518//1267 1519//1949
f 1519//1949 1518//1267 1504//1950
f 1518//1267 1517//902 1503//1951 1504//1950
f 1517//902 1516//903 1502//1952 1503//1951
f 1514//1928 1515//1138 1489//1158 1477//1945
f 1509//801 1513//1944 1512//1953 1508//802
f 1513//1944 1477//1945 1475//1954 1512//1953
f 1508//802 1512//1953 1475//1954 1456//1955
f 1508//802 1456//1955 1455//803
f 1255//1773 1254//1215 1249//1214 1250//1291 1256//1772
f 1499//808 1507//807 1497//1956
f 1497//1956 1507//807 1506//806 1496//1131
f 1542//1933 1541//1934 1539//839 1527//838 1520//1268 1521//1948 1528//1947
f 639//1225 638//1226 624//723 625//1055 626//1054 641//1224
f 1419//1957 1417//1958 1418//1959 1423//1960 1422//1961 1421//1962 1420//1963
f 1503//1951 1502//1952 1500//1964
f 1502//1952 1501//809 1499//808 1500//1964
f 1500//1964 1499//808 1497//1956 1498//1965
f 1498//1965 1497//1956 1495//1966
f 1497//1956 1496//1131 1494//1130 1495//1966
f 1495//1966 1494//1130 1492//1967
f 1494//1130 1493//1129 1491//1474 1492//1967
f 1492//1967 1491//1474 1490//1968
f 1491//1474 1441//130 1440//129 1490//1968
f 1490//1968 1440//129 1439//739
f 1477//1945 1489//1158 1488//1157 1476//1969
f 1476//1969 1488//1157 1487//1156 1474//1970
f 1474//1970 1487//1156 1486//1155 1473//1971
f 1473//1971 1486//1155 1485//1154 1470//1972
f 1470//1972 1485//1154 1484//1171 1468//1973
f 1468//1973 1484//1171 1483//1167 1467//1974
f 1467//1974 1483//1167 1482//1166 1465//1975
f 1465//1975 1482//1166 1481//1862 1463//1976
f 1463//1976 1481//1862 1480//734 1462//733
f 1459//738 1479//737 1478//1163 1457//1977
f 1457//1977 1478//1163 1435//1978 1426//1979
f 1477//1945 1476//1969 1474//1970 1475//1954
f 1456//1955 1475//1954 1472//1980 1455//803
f 1475//1954 1474//1970 1471//1981 1472//1980
f 1474//1970 1473//1971 1470//1972 1471//1981
f 1455//803 1472//1980 1471//1981 1454//1982
f 1454//1982 1471//1981 1469//1983 1452//1984
f 1471//1981 1470//1972 1468//1973 1469//1983
f 1452//1984 1469//1983 1468//1973 1451//1985
f 1451//1985 1468//1973 1466//1986 1448//1987
f 1468//1973 1467//1974 1465//1975 1466//1986
f 1448//1987 1466//1986 1464//1988 1446//740
f 1466//1986 1465//1975 1463//1976 1464//1988
f 1446//740 1464//1988 1461//1989 1445//1
f 1464//1988 1463//1976 1460//2 1461//1989
f 1463//1976 1462//733 1459//738 1460//2
f 1445//1 1461//1989 1460//2
f 649//874 771//873 732//853 712//852 615//970
f 1460//2 1459//738 1457//1977 1458//3
f 1443//4 1458//3 1427//1990 1414//1991
f 1458//3 1457//1977 1426//1979 1427//1990
f 1455//803 1454//1982 1452//1984 1453//804
f 1453//804 1452//1984 1449//126 1450//131
f 1452//1984 1451//1985 1448//1987 1449//126
f 1449//126 1448//1987 1446//740 1447//127
f 653//863 652//866 651//1780 633//1230 635//115 636//1227
f 1283//1749 1282//1750 1276//1752 1166//1904 1173//1755
f 1444//5 1443//4 1414//1991 1415//1093
f 800//1035 782//1038 783//935 809//934 810//1080 833//1092 831//1089
f 1440//129 1442//128 1439//739
f 675//1081 674//1078 671//1197 672//618 521//623 522//1186 525//1183 526//1182 528//1074 532//1073 534//80 538//79 540//1136 542//1142 545//1042 553//1041 556//1298 557//1302 559//1206 666//1205 811//1083 816//1082
f 1439//739 1438//741 1436//969 1437//1992
f 1437//1992 1436//969 1410//1094 1411//1993
f 1426//1979 1435//1978 1434//1994 1424//1995
f 1424//1995 1434//1994 1433//1996 1422//1961
f 1422//1961 1433//1996 1432//1997 1421//1962
f 1421//1962 1432//1997 1431//1998 1420//1963
f 1420//1963 1431//1998 1430//1999 1419//1957
f 1419//1957 1430//1999 1429//2000 1417//1958
f 1417//1958 1429//2000 1428//2001 1416//2002
f 1416//2002 1428//2001 1405//2003 1396//2004
f 1414//1991 1427//1990 1425//2005 1413//2006
f 1427//1990 1426//1979 1424//1995 1425//2005
f 1413//2006 1425//2005 1423//1960 1412//2007
f 1425//2005 1424//1995 1422//1961 1423//1960
f 2608//2008 2545//2009 2342//2010 2343//2011 2336//2012 2337//2013 2331//2014 2539//2015 2541//2016 2543//2017 1379//1377 1385//1376 1406//2018 1408//2019 1413//2006 1412//2007
f 5196//2020 5192//2021 5187//2022 5188//2023 5190//2024 5201//2025
f 1411//1993 1410//1094 1408//2019 1409//2026
f 1409//2026 1408//2019 1406//2018 1407//2027
f 5185//2028 5183//2029 5184//2030 5186//2031
f 1396//2004 1405//2003 1404//2032 1395//2033
f 1395//2033 1404//2032 1403//2034 1394//2035
f 1394//2035 1403//2034 1402//2036 1393//2037
f 1393//2037 1402//2036 1401//2038 1391//1504
f 1391//1504 1401//2038 1400//2039 1390//1505
f 1390//1505 1400//2039 1399//2040 1389//1500
f 1389//1500 1399//2040 1398//2041 1387//1501
f 1387//1501 1398//2041 1384//2042 1382//2043
f 1382//2043 1384//2042 1383//2044 1381//2045
f 4307//2046 4305//1848 4306//1851 4308//2047
f 4889//2048 4893//2049 4894//2050 4895//2051 4890//2052
f 1091//1542 1089//1541 2007//2053 2013//1542
f 2013//1542 2007//2053 2006//2054 2012//1542
f 2012//1542 2006//2054 2005//2055 2011//1542
f 2011//1542 2005//2055 2004//2056 2010//1542
f 2010//1542 2004//2056 2003//2057 2009//1542
f 2009//1542 2003//2057 2002//2058 2008//1542
f 2008//1542 2002//2058 1945//2059 1953//1542
f 1100//1548 1096//1547 1088//1813 1089//1541 1090//1540
f 1088//1813 2001//1812 2006//2054 2007//2053 1089//1541
f 2000//1811 2004//2056 2005//2055 2006//2054 2001//1812
f 2002//2058 1999//1810 1937//1809 1945//2059
f 1129//1555 1872//1554 1873//1575 1933//1585 1130//1806
f 1988//2060 1996//2061 1992//2062 1984//2063
f 1996//2061 1988//2060 1987//2064 1995//2065
f 1996//2061 1995//2065 1992//2062
f 1995//2065 1987//2064 1986//2066 1994//2067
f 1994//2067 1986//2066 1985//2068 1993//2069
f 1993//2069 1985//2068 1983//2070 1991//2071
f 1984//2063 1992//2062 1929//2072 1923//2073
f 1991//2071 1983//2070 1921//2074 1927//2075
f 1980//2076 1990//2077 1987//2064 1974//2078
f 1990//2077 1980//2076 1979//2079 1989//2080
f 1990//2077 1989//2080 1986//2066 1987//2064
f 1989//2080 1979//2079 1973//2081 1986//2066
f 1975//2082 1988//2060 1984//2063 1969//2083
f 1988//2060 1975//2082 1974//2078 1987//2064
f 1986//2066 1973//2081 1972//2084 1985//2068
f 1985//2068 1972//2084 1968//2085 1983//2070
f 1969//2083 1984//2063 1923//2073 1914//2086
f 1983//2070 1968//2085 1967//2087 1982//2088
f 1983//2070 1982//2088 1920//2089 1921//2074
f 1982//2088 1967//2087 1912//2090 1920//2089
f 1964//2091 1981//2092 1975//2082 1958//2093
f 1981//2092 1964//2091 1963//2094 1980//2076
f 1981//2092 1980//2076 1974//2078 1975//2082
f 1980//2076 1963//2094 1962//2095 1979//2079
f 1979//2079 1962//2095 1961//2096 1978//2097
f 1979//2079 1978//2097 1972//2084 1973//2081
f 1978//2097 1961//2096 1960//2098 1977//2099
f 1978//2097 1977//2099 1971//2100 1972//2084
f 1977//2099 1960//2098 1957//2101 1971//2100
f 1959//1824 1976//2102 1970//2103 1956//1825
f 1976//2102 1959//1824 1958//2093 1975//2082
f 1976//2102 1975//2082 1969//2083 1970//2103
f 1972//2084 1971//2100 1967//2087 1968//2085
f 1971//2100 1957//2101 1955//2104 1967//2087
f 1956//1825 1970//2103 1915//2105 1901//2106
f 1970//2103 1969//2083 1914//2086 1915//2105
f 1967//2087 1955//2104 1900//2107 1912//2090
f 1139//1279 1128//1278 1125//1559 1137//1558
f 1966//2108 1962//2095 1963//2094
f 1966//2108 1961//2096 1962//2095
f 1965//1823 1964//2091 1958//2093 1959//1824
f 3113//2109 3111//2110 3302//2111 3304//917 3305//916 3115//2112
f 1957//2101 1954//2113 1955//2104
f 1955//2104 1954//2113 1891//2114 1900//2107
f 1953//1542 1945//2059 1944//2115 1952//1542
f 1952//1542 1944//2115 1943//2116 1951//1542
f 1951//1542 1943//2116 1942//2117 1950//1542
f 1950//1542 1942//2117 1941//2118 1949//1542
f 1949//1542 1941//2118 1940//2119 1948//1542
f 1948//1542 1940//2119 1939//2120 1947//1542
f 1947//1542 1939//2120 1938//2121 1946//1542
f 1946//1542 1938//2121 1882//2122 1890//1542
f 1393//2037 1391//1504 1392//1503 1397//2123 1396//2004 1395//2033 1394//2035
f 1943//2116 1936//1808 1935//1807 1942//2117
f 1379//1377 2543//2017 2544//2124 2606//1897 2607//1896 1380//1378
f 1934//1584 1940//2119 1941//2118 1942//2117 1935//1807
f 1932//1583 1938//2121 1939//2120 1940//2119 1934//1584
f 1121//1857 1122//1560 1125//1559 1124//1820
f 1923//2073 1929//2072 1928//2125 1922//2126
f 1922//2126 1928//2125 1926//2127 1918//2128
f 1925//2129 1927//2075 1924//2130
f 1927//2075 1921//2074 1916//2131 1924//2130
f 1918//2128 1926//2127 1925//2129 1917//2132
f 1917//2132 1925//2129 1924//2130 1916//2131
f 1914//2086 1923//2073 1919//2133 1910//2134
f 1923//2073 1922//2126 1918//2128 1919//2133
f 1921//2074 1913//2135 1907//2136 1916//2131
f 1913//2135 1921//2074 1920//2089 1912//2090
f 1910//2134 1919//2133 1918//2128 1909//2137
f 1909//2137 1918//2128 1917//2132 1908//2138
f 1908//2138 1917//2132 1916//2131 1907//2136
f 1901//2106 1915//2105 1911//2139 1899//2140
f 1915//2105 1914//2086 1910//2134 1911//2139
f 1913//2135 1912//2090 1906//2141 1907//2136
f 1912//2090 1900//2107 1896//2142 1906//2141
f 1899//2140 1911//2139 1910//2134 1898//2143
f 1898//2143 1910//2134 1905//2144 1895//2145
f 1910//2134 1909//2137 1904//2146 1905//2144
f 1909//2137 1908//2138 1903//2147 1904//2146
f 1908//2138 1907//2136 1902//2148 1903//2147
f 1907//2136 1897//2149 1892//2150 1902//2148
f 1897//2149 1907//2136 1906//2141 1896//2142
f 1895//2145 1905//2144 1904//2146 1894//2151
f 1894//2151 1904//2146 1903//2147 1893//2152
f 1893//2152 1903//2147 1902//2148 1892//2150
f 1900//2107 1891//2114 1896//2142
f 1897//2149 1896//2142 1892//2150
f 1925//2129 1926//2127 1928//2125 1929//2072 1992//2062 1995//2065 1994//2067 1993//2069 1991//2071 1927//2075
f 1890//1542 1882//2122 1881//2153 1889//1542
f 1889//1542 1881//2153 1880//2154 1888//1542
f 1888//1542 1880//2154 1879//2155 1887//1542
f 1887//1542 1879//2155 1878//2156 1886//1542
f 1886//1542 1878//2156 1877//2157 1885//1542
f 1885//1542 1877//2157 1876//2158 1884//1542
f 1884//1542 1876//2158 1875//2159 1883//1542
f 1883//1542 1875//2159 1818//2160 1826//1542
f 1932//1583 1874//1582 1881//2153 1882//2122 1938//2121
f 1869//1579 1875//2159 1876//2158 1877//2157 1870//1580
f 1874//1582 1871//1581 1879//2155 1880//2154 1881//2153
f 1870//1580 1877//2157 1878//2156 1879//2155 1871//1581
f 1135//1557 1136//1819 1138//1789 1137//1558
f 1853//2161 1862//2162 1861//2163 1850//2164
f 1862//2162 1853//2161 1852//2165
f 1852//2165 2684//2166 1857//2167 1858//2168 1861//2163 1862//2162
f 1850//2164 1861//2163 1858//2168 1848//2169
f 1849//2170 1860//2171 1801//2172 1781//2173
f 1860//2171 1849//2170 1848//2169 1859//2174
f 1859//2174 1848//2169 1780//2175 1800//2176
f 1848//2169 1858//2168 1857//2167 1847//2177
f 1846//2178 1856//2179 1854//2180 1844//2181
f 1855//2182 1845//2183 1844//2181 1854//2180
f 1855//2182 1854//2180 1852//2165 1853//2161
f 4545//2184 4544//2185 4566//2186 4567//2187
f 1851//2188 1850//2164 1848//2169 1849//2170
f 1794//2189 1790//2190 1791//2191 1795//2192 1799//2193 1798//2194
f 1848//2169 1847//2177 1780//2175
f 1836//2195 1846//2178 1844//2181 1834//2196
f 1835//2197 1845//2183 1843//2198 1832//2199
f 1845//2183 1835//2197 1834//2196 1844//2181
f 1832//2199 1843//2198 1841//2200 1829//2201
f 1830//2202 1842//2203 1839//2204 1827//2205
f 1842//2203 1830//2202 1829//2201 1841//2200
f 1828//2206 1840//2207 1757//2208 1734//2209
f 1840//2207 1828//2206 1827//2205 1839//2204
f 1840//2207 1839//2204 1757//2208
f 1838//2210 1836//2195 1837//2211
f 2416//2212 2301//2213 2302//2214 2417//2215
f 1837//2211 1836//2195 1834//2196 1835//2197
f 1835//2197 1832//2199 1833//2216
f 1833//2216 1830//2202 1831//2217
f 1833//2216 1832//2199 1829//2201 1830//2202
f 1831//2217 1830//2202 1827//2205 1828//2206
f 2382//2218 2381//2219 2377//2220 2378//2221 2379//2222
f 1826//1542 1818//2160 1817//2223 1825//1542
f 1825//1542 1817//2223 1816//2224 1824//1542
f 1824//1542 1816//2224 1815//2225 1823//1542
f 1823//1542 1815//2225 1814//2226 1822//1542
f 1822//1542 1814//2226 1813//2227 1821//1542
f 1821//1542 1813//2227 1812//2228 1820//1542
f 1820//1542 1812//2228 1811//2229 1819//1542
f 1819//1542 1811//2229 1671//2230 1672//1542
f 1810//1578 1817//2223 1818//2160 1875//2159 1869//1579
f 4231//2231 4229//2232 4230//2233 4232//2234 4319//2235 4318//2236 4317//2237 4316//2238 4233//2239
f 1809//1577 1807//1840 1813//2227 1814//2226 1815//2225
f 1807//1840 1806//1839 1811//2229 1812//2228 1813//2227
f 1865//2240 1804//1794 1805//1566 1867//1565 1866//2241
f 1136//1819 1133//1799 1142//1796 1144//1795 1148//1790 1150//1788 1138//1789
f 3834//2242 3833//2243 3783//2244 3782//2245 4911//1568 3903//1567 3902//1793 3901//1843 3900//1853
f 1093//1822 1930//1826 1931//2246 1997//2247 1094//2248 1117//1855 1116//1856
f 1872//1554 3787//1574 3788//2249 3836//1828 3906//1827 1808//1576 1873//1575
f 1781//2173 1801//2172 1797//2250 1778//2251
f 1800//2176 1780//2175 1777//2252 1796//2253
f 1779//2254 1799//2193 1795//2192 1776//2255
f 1799//2193 1779//2254 1778//2251 1798//2194
f 1798//2194 1778//2251 1775//2256 1794//2189
f 1778//2251 1797//2250 1796//2253 1777//2252
f 1776//2255 1795//2192 1791//2191 1772//2257
f 1794//2189 1775//2256 1771//2258 1790//2190
f 1773//2259 1793//2260 1789//2261 1769//2262
f 1793//2260 1773//2259 1772//2257 1792//2263
f 1792//2263 1772//2257 1768//2264 1788//2265
f 1772//2257 1791//2191 1790//2190 1771//2258
f 1769//2262 1789//2261 1786//2266 1765//2267
f 1788//2265 1768//2264 1764//2268 1785//2269
f 1766//2270 1787//2271 1784//2272 1763//2273
f 1787//2271 1766//2270 1765//2267
f 3991//2274 4013//2275 4014//2276 4016//2277 1670//2278 1783//2279 1784//2272 1787//2271 1765//2267 1762//2280 1782//2281 1669//2282 4015//2283 3994//2284
f 1765//2267 1786//2266 1785//2269 1764//2268
f 1763//2273 1784//2272 1783//2279 1760//2285
f 1762//2280 1759//2286 1782//2281
f 1760//2285 1783//2279 1670//2278 1668//2287
f 1782//2281 1759//2286 1667//2288 1669//2282
f 1779//2254 1781//2173 1778//2251
f 1788//2265 1785//2269 1786//2266 1789//2261 1793//2260 1792//2263
f 1778//2251 1777//2252 1774//2289 1775//2256
f 1773//2259 1776//2255 1772//2257
f 1748//2290 1773//2259 1769//2262 1745//2291
f 1772//2257 1771//2258 1767//2292 1768//2264
f 1746//2293 1770//2294 1766//2270 1742//2295
f 1770//2294 1746//2293 1745//2291 1769//2262
f 1770//2294 1769//2262 1765//2267 1766//2270
f 1768//2264 1744//2296 1741//2297 1764//2268
f 1744//2296 1768//2264 1767//2292 1743//2298
f 1742//2295 1766//2270 1763//2273 1739//2299
f 1765//2267 1764//2268 1761//2300 1762//2280
f 1764//2268 1741//2297 1738//2301 1761//2300
f 1739//2299 1763//2273 1760//2285 1736//2302
f 1762//2280 1761//2300 1758//2303 1759//2286
f 1761//2300 1738//2301 1735//2304 1758//2303
f 1736//2302 1760//2285 1668//2287 1664//2305
f 1759//2286 1758//2303 1666//2306 1667//2288
f 1758//2303 1735//2304 1663//2307 1666//2306
f 1734//2209 1757//2208 1754//2308 1730//2309
f 1756//2310 1733//2311 1729//2312 1753//2313
f 1731//2314 1755//2315 1752//2316 1727//2317
f 1755//2315 1731//2314 1730//2309 1754//2308
f 1755//2315 1754//2308 1752//2316
f 1753//2313 1729//2312 1725//2318 1750//2319
f 1727//2317 1752//2316 1748//2290 1723//2320
f 1751//2321 1726//2322 1722//2323 1747//2324
f 1726//2322 1751//2321 1750//2319 1725//2318
f 1724//2325 1749//2326 1746//2293 1720//2327
f 1749//2326 1724//2325 1723//2320 1748//2290
f 1749//2326 1748//2290 1745//2291 1746//2293
f 1747//2324 1722//2323 1718//2328 1743//2298
f 1720//2327 1746//2293 1742//2295 1716//2329
f 1744//2296 1719//2330 1715//2331 1741//2297
f 1719//2330 1744//2296 1743//2298 1718//2328
f 1716//2329 1742//2295 1739//2299 1711//2332
f 1741//2297 1715//2331 1710//2333 1738//2301
f 1712//2334 1740//2335 1737//2336 1706//2337
f 1740//2335 1712//2334 1711//2332 1739//2299
f 1740//2335 1739//2299 1736//2302 1737//2336
f 1738//2301 1710//2333 1705//2338 1735//2304
f 1706//2337 1737//2336 1665//2339 1662//2340
f 1737//2336 1736//2302 1664//2305 1665//2339
f 1735//2304 1705//2338 1661//2341 1663//2307
f 1734//2209 1730//2309 1731//2314
f 1733//2311 1732//2342 1728//2343 1729//2312
f 2137//2344 2111//2345 2117//2346 2116//2347 2110//2348 2136//2349
f 1729//2312 1728//2343 1725//2318
f 4622//2350 4635//2351 4632//2352 4630//2353 4618//2354 4620//2355
f 1727//2317 1723//2320 1724//2325
f 1726//2322 1725//2318 1721//2356 1722//2323
f 2354//2357 2228//2358 2301//2213 2416//2212
f 1722//2323 1721//2356 1718//2328
f 1720//2327 1716//2329 1717//2359
f 1719//2330 1718//2328 1714//2360 1715//2331
f 1717//2359 1716//2329 1711//2332 1712//2334
f 1709//2361 1708//2362 1703//2363 1704//2364
f 1708//2362 1702//1176 1700//2365 1703//2363
f 1705//2338 1704//2364 1660//2366 1661//2341
f 1704//2364 1701//2367 1659//2368 1660//2366
f 1701//2367 1704//2364 1703//2363 1700//2365
f 1702//1176 1699//1175 1698//2369 1700//2365
f 1699//1175 1696//1180 1693//2370 1698//2369
f 131//1289 132//650 134//584 133//585
f 1656//2371 3710//2372 3714//2373 3716//2374 3717//2375 1659//2368 1701//2367 1700//2365 1698//2369 1693//2370
f 1697//2376 1691//1900 1688//2377 1694//2378
f 1691//1900 1697//2376 1696//1180 1690//1179
f 1696//1180 1697//2376 1694//2378 1693//2370
f 1695//2379 1689//1343 1655//1342 1658//2380
f 1689//1343 1695//2379 1694//2378 1688//2377
f 1694//2378 1695//2379 1658//2380 1657//2381
f 1693//2370 1694//2378 1657//2381 1656//2371
f 1692//1899 1687//1898 1686//1338 1689//1343
f 1691//1900 1692//1899 1689//1343 1688//2377
f 1592//577 1586//576 1587//1906 1588//1903 1593//1218
f 1687//1898 1685//890 1684//893 1686//1338
f 1686//1338 1684//893 1653//2382 1654//1339
f 1543//730 1542//1933 1528//1947 1529//1946 1530//731
f 1683//891 1680//2383 1677//2384 1681//892
f 1680//2383 1683//891 1682//1178 1679//1177
f 566//1262 1083//2385 1082//1528 1085//1527 564//1269 565//1265
f 1677//2384 1676//2386 1651//2387 1652//2388
f 1676//2386 1674//942 1650//946 1651//2387
f 1674//942 1676//2386 1675//2389 1673//943
f 2095//2390 2118//2391 2112//2392 2089//2393
f 2118//2391 2095//2390 2094//2394 2117//2346
f 2118//2391 2117//2346 2111//2345 2112//2392
f 2117//2346 2094//2394 2093//2395 2116//2347
f 2433//2396 2374//2397 2373//2398 2371//2399 2426//2400 2429//2401
f 2116//2347 2093//2395 2092//2402 2115//2403
f 2116//2347 2115//2403 2109//2404 2110//2348
f 2115//2403 2092//2402 2091//2405 2114//2406
f 2115//2403 2114//2406 2108//2407 2109//2404
f 2114//2406 2091//2405 2088//2408 2108//2407
f 2090//2409 2113//2410 2105//2411 2085//2412
f 2113//2410 2090//2409 2089//2393 2112//2392
f 2108//2407 2088//2408 2087//2413 2107//2414
f 2107//2414 2087//2413 2084//2415 2104//2416
f 2086//2417 2106//2418 2103//2419 2083//2420
f 2106//2418 2086//2417 2085//2412 2105//2411
f 2106//2418 2105//2411 2102//2421 2103//2419
f 2104//2416 2084//2415 2056//2422 2058//2423
f 2104//2416 2058//2423 2057//2424 2101//2425
f 2083//2420 2103//2419 2023//2426 2020//2427
f 2103//2419 2102//2421 2022//2428 2023//2426
f 2101//2425 2057//2424 2018//2429 2021//2430
f 2081//2431 2100//2432 2099//152 2080//2433
f 2080//2433 2099//152 2098//151 2079//2434
f 2079//2434 2098//151 2097//1123 2078//2435
f 2078//2435 2097//1123 2096//1670 2077//1701
f 1299//1729 1293//1741 1294//1587 1300//1586 1314//1726 1313//1727
f 513//1195 520//1188 519//1187 516//1190 512//1193
f 2073//2436 2095//2390 2089//2393 2065//2437
f 2095//2390 2073//2436 2072//2438 2094//2394
f 2094//2394 2072//2438 2071//2439 2093//2395
f 2093//2395 2071//2439 2070//2440 2092//2402
f 2092//2402 2070//2440 2069//2441 2091//2405
f 2091//2405 2069//2441 2064//2442 2088//2408
f 2066//2443 2090//2409 2085//2412 2061//2444
f 2090//2409 2066//2443 2065//2437 2089//2393
f 2088//2408 2064//2442 2063//2445 2087//2413
f 2087//2413 2063//2445 2060//2446 2084//2415
f 2062//2447 2086//2417 2083//2420 2059//2448
f 2086//2417 2062//2447 2061//2444 2085//2412
f 2084//2415 2060//2446 2050//2449 2056//2422
f 2059//2448 2083//2420 2020//2427 2019//2450
f 2082//2451 2081//2431 2073//2436 2074//1736
f 2081//2431 2080//2433 2072//2438 2073//2436
f 2080//2433 2079//2434 2071//2439 2072//2438
f 2079//2434 2078//2435 2070//2440 2071//2439
f 2078//2435 2077//1701 2069//2441 2070//2440
f 2077//1701 2076//1700 2068//2452 2069//2441
f 2075//1737 2074//1736 2066//2443 2067//2453
f 2074//1736 2073//2436 2065//2437 2066//2443
f 2069//2441 2068//2452 2063//2445 2064//2442
f 2068//2452 2053//1861 2052//1236 2063//2445
f 2067//2453 2066//2443 2061//2444 2062//2447
f 2063//2445 2052//1236 2050//2449 2060//2446
f 4196//2454 4049//2455 4048//2456 4210//2457 4211//2458
f 4216//2459 4210//2457 4048//2456 4055//2460
f 5151//2461 5095//2462 5102//2463 5099//2464 5154//2465 5001//2466 5002//1868 4975//1867 5143//2467 5145//2468 5148//2469
f 4186//2470 4184//2471 4040//2472 4042//2473
f 2058//2423 2056//2422 2055//2474 2057//2424
f 2057//2424 2055//2474 2017//2475 2018//2429
f 2056//2422 2050//2449 2048//2476 2055//2474
f 2055//2474 2048//2476 2015//2477 2017//2475
f 2047//563 2054//562 2016//2478 2014//2479
f 2052//1236 2051//1235 2049//564 2050//2449
f 2050//2449 2049//564 2047//563 2048//2476
f 2048//2476 2047//563 2014//2479 2015//2477
f 2673//2480 2059//2448 2019//2450 2045//2481
f 2674//1113 2062//2447 2059//2448 2673//2480
f 2675//1112 2067//2453 2062//2447 2674//1113
f 2676//944 2673//2480 2045//2481 2046//945
f 2677//1114 2674//1113 2673//2480 2676//944
f 4673//2482 3708//2483 3701//2484 4188//2485 4220//2486 4675//2487
f 3051//2488 4802//2489 4801//2490 4805//2491 2949//600 3050//599
f 144//592 241//649 237//624 143//593
f 2119//2492 2101//2425 2021//2430 2024//2493
f 2120//2494 2119//2492 2024//2493 2025//2495
f 2121//2496 2120//2494 2025//2495 2026//2497
f 2124//2498 2123//2499 2027//2500 2028//2501
f 2125//2502 2124//2498 2028//2501 2029//2503
f 2102//2421 2125//2502 2029//2503 2022//2428
f 2126//2504 2104//2416 2101//2425 2119//2492
f 2127//2505 2126//2504 2119//2492 2120//2494
f 2128//2506 2127//2505 2120//2494 2121//2496
f 2129//2507 2128//2506 2121//2496 2122//2508
f 2130//2509 2129//2507 2122//2508 2123//2499
f 2131//2510 2130//2509 2123//2499 2124//2498
f 2132//2511 2131//2510 2124//2498 2125//2502
f 2105//2411 2132//2511 2125//2502 2102//2421
f 2133//2512 2107//2414 2104//2416 2126//2504
f 2134//2513 2133//2512 2126//2504 2127//2505
f 2134//2513 2108//2407 2107//2414 2133//2512
f 2135//2514 2134//2513 2127//2505 2128//2506
f 2135//2514 2109//2404 2108//2407 2134//2513
f 2136//2349 2135//2514 2128//2506 2129//2507
f 2136//2349 2110//2348 2109//2404 2135//2514
f 2137//2344 2136//2349 2129//2507 2130//2509
f 2138//2515 2137//2344 2130//2509 2131//2510
f 2138//2515 2112//2392 2111//2345 2137//2344
f 2139//2516 2138//2515 2131//2510 2132//2511
f 2139//2516 2113//2410 2112//2392 2138//2515
f 2113//2410 2139//2516 2132//2511 2105//2411
f 1702//1176 1708//2362 1707//2517 2678//1116
f 2140//2518 2121//2496 2026//2497 2030//2519
f 2141//2520 2140//2518 2030//2519 2031//2521
f 2141//2520 2122//2508 2121//2496 2140//2518
f 2142//2522 2141//2520 2031//2521 2032//2523
f 2679//1111 1713//2524 2308//2525 2164//2526
f 1713//2524 2679//1111 2678//1116 1707//2517
f 2142//2522 2123//2499 2122//2508 2141//2520
f 2123//2499 2142//2522 2032//2523 2027//2500
f 4216//2459 4055//2460 4037//2527 4181//2528
f 1713//2524 2310//2529 2308//2525
f 2173//2530 2172//2531 2100//2432 2081//2431 2082//2451
f 4664//2532 4662//2533 4661//2534 4657//2535 4654//2536 4511//2537 4507//2538 4504//2539 4505//2540 4508//2541 4677//2542 3925//2543 3929//2544 3933//2545 3937//2546 3941//2547 3947//2548 3946//2549 3945//2550 3940//2551
f 5088//2552 5107//2553 5104//2554 5095//2462 5087//2555
f 1733//2311 1756//2310 2680//2556 1732//2342
f 787//1030 802//1045 801//1044 786//1477 792//1027 793//1026
f 2173//2530 2082//2451 2074//1736 2166//1735
f 4182//2557 4039//2558 4038//2559
f 4493//2560 4492//2561 4485//2562 4486//2563 4487//2564 4494//2565
f 2160//2566 2159//2567 2155//2568 2156//2569
f 2161//2570 2160//2566 2156//2569 2157//2571
f 2162//2572 2161//2570 2157//2571 2158//2573
f 2168//1699 2149//2574 2148//1859 2165//2575
f 2164//2526 2067//2453 2675//1112 2679//1111
f 2681//2576 2428//2577 1732//2342
f 1838//2210 2458//2578 2452//2579
f 2681//2576 2682//2580 2464//2581 2428//2577
f 2682//2580 2681//2576 1732//2342 2680//2556
f 2683//2582 2481//2583 2477//2584 1846//2178
f 2683//2582 1838//2210 2452//2579 2481//2583
f 1838//2210 2683//2582 1846//2178 1836//2195
f 2682//2580 1847//2177 2489//2585 2464//2581
f 2684//2166 2490//2586 2489//2585 1847//2177
f 1852//2165 2492//2587 2490//2586 2684//2166
f 1856//2179 2504//2588 2496//2589 1854//2180
f 1856//2179 1846//2178 2477//2584 2504//2588
f 1857//2167 2684//2166 1847//2177
f 1852//2165 2685//2590 2520//2591 2492//2587
f 2686//2592 2523//2593 2520//2591 2685//2590
f 2686//2592 1854//2180 2496//2589 2523//2593
f 1854//2180 2686//2592 2685//2590 1852//2165
f 1524//602 1533//605 1511//810 1501//809 1502//1952 1516//903
f 2175//2594 2174//2595 2169//1669 2170//1671
f 2152//1124 2175//2594 2170//1671 2150//1125
f 2153//150 2176//2596 2175//2594 2152//1124
f 2154//149 2177//2597 2176//2596 2153//150
f 2177//2597 2154//149 2151//153 2171//2598
f 2180//2599 2179//2600 2174//2595 2175//2594
f 2180//2599 2156//2569 2155//2568 2179//2600
f 2181//2601 2180//2599 2175//2594 2176//2596
f 2181//2601 2157//2571 2156//2569 2180//2599
f 2182//2602 2181//2601 2176//2596 2177//2597
f 2182//2602 2158//2573 2157//2571 2181//2601
f 2185//2603 2184//2604 2178//2605 2179//2600
f 2159//2567 2185//2603 2179//2600 2155//2568
f 2186//2606 2162//2572 2158//2573 2182//2602
f 2187//2607 2186//2606 2182//2602 2183//2608
f 2187//2607 2163//2609 2162//2572 2186//2606
f 2190//2610 2189//2611 2159//2567 2160//2566
f 2191//2612 2190//2610 2160//2566 2161//2570
f 2192//2613 2191//2612 2161//2570 2162//2572
f 2193//2614 2192//2613 2162//2572 2163//2609
f 2195//2615 2194//2616 2189//2611 2190//2610
f 2196//2617 2195//2615 2190//2610 2191//2612
f 2197//2618 2196//2617 2191//2612 2192//2613
f 2198//2619 2197//2618 2192//2613 2193//2614
f 2200//2620 2199//2621 2194//2616 2195//2615
f 2201//2622 2200//2620 2195//2615 2196//2617
f 2202//2623 2201//2622 2196//2617 2197//2618
f 2204//2624 2203//2625 2184//2604 2185//2603
f 2189//2611 2204//2624 2185//2603 2159//2567
f 2205//2626 2193//2614 2163//2609 2187//2607
f 2206//2627 2205//2626 2187//2607 2188//2628
f 2208//2629 2207//2630 2203//2625 2204//2624
f 2194//2616 2208//2629 2204//2624 2189//2611
f 2198//2619 2210//2631 2209//2632 2197//2618
f 2210//2631 2198//2619 2193//2614 2205//2626
f 2211//2633 2210//2631 2205//2626 2206//2627
f 2213//2634 2212//2635 2207//2630 2208//2629
f 2199//2621 2213//2634 2208//2629 2194//2616
f 2200//2620 2214//2636 2213//2634 2199//2621
f 2201//2622 2215//2637 2214//2636 2200//2620
f 2202//2623 2216//2638 2215//2637 2201//2622
f 2216//2638 2202//2623 2197//2618 2209//2632
f 2217//2639 2216//2638 2209//2632 2210//2631
f 2219//2640 2218//2641 2213//2634 2214//2636
f 2220//2642 2219//2640 2214//2636 2215//2637
f 2221//2643 2220//2642 2215//2637 2216//2638
f 2222//2644 2221//2643 2216//2638 2217//2639
f 1847//2177 2682//2580 2680//2556 1756//2310 1780//2175
f 1416//2002 1396//2004 1397//2123 1418//1959 1417//1958
f 3837//1829 3842//2645 3843//2646 3844//2647 3838//1830
f 2223//2648 2235//2649 2036//2650 2034//2651
f 2225//2652 2236//2653 2235//2649 2223//2648
f 2227//2654 2237//2655 2236//2653 2225//2652
f 2229//2656 2238//2657 2237//2655 2227//2654
f 2230//2658 2239//2659 2238//2657 2229//2656
f 2231//1497 2240//2660 2239//2659 2230//2658
f 2233//1496 2241//2661 2240//2660 2231//1497
f 2234//1495 2242//2662 2241//2661 2233//1496
f 2244//2663 2243//2664 2037//2665 2038//2666
f 3692//2667 3696//2668 1653//2382 1684//893 1681//892 1677//2384 1652//2388 3688//2669
f 2143//561 2245//2670 2039//2671 2033//2672
f 2247//2673 2246//2674 2243//2664 2244//2663
f 2144//566 2248//2675 2245//2670 2143//561
f 2145//565 2249//2676 2248//2675 2144//566
f 4003//2677 4001//2678 4002//2679 4004//2680 4006//2681 4005//2682
f 2251//2683 2248//2675 2249//2676
f 2146//1234 2251//2683 2249//2676 2145//565
f 2253//2684 2252//2685 2250//2686
f 4628//2687 4461//2688 4433//2689 4617//2690 4619//2691 4618//2354 4630//2353
f 2147//1860 2254//2692 2251//2683 2146//1234
f 2148//1859 2255//2693 2254//2692 2147//1860
f 2257//2694 2256//2695 2252//2685 2253//2684
f 2258//2696 2257//2694 2253//2684
f 2149//2574 2259//2697 2255//2693 2148//1859
f 2261//2698 2260//2699 2257//2694 2258//2696
f 2454//2700 2453//2701 2482//2702 2483//2703 2484//2704 2485//2705
f 2264//2706 2263//2707 2262//2708
f 2243//2664 2265//2709 2040//2710 2037//2665
f 2246//2674 2266//2711 2265//2709 2243//2664
f 2247//2673 2267//2712 2266//2711 2246//2674
f 2250//2686 2268//2713 2267//2712 2247//2673
f 2252//2685 2269//2714 2268//2713 2250//2686
f 2256//2695 2270//2715 2269//2714 2252//2685
f 2257//2694 2271//2716 2270//2715 2256//2695
f 2260//2699 2272//2717 2271//2716 2257//2694
f 2261//2698 2273//2718 2272//2717 2260//2699
f 2262//2708 2274//2719 2273//2718 2261//2698
f 2263//2707 2275//2720 2274//2719 2262//2708
f 2264//2706 2276//2721 2275//2720 2263//2707
f 2278//2722 2277//2723 2041//2724 2042//2725
f 2265//2709 2278//2722 2042//2725 2040//2710
f 2266//2711 2279//2726 2278//2722 2265//2709
f 2267//2712 2280//2727 2279//2726 2266//2711
f 2282//2728 2281//2729 2279//2726 2280//2727
f 2268//2713 2282//2728 2280//2727 2267//2712
f 2284//2730 2283//2731 2281//2729 2282//2728
f 2269//2714 2284//2730 2282//2728 2268//2713
f 2270//2715 2285//2732 2284//2730 2269//2714
f 2271//2716 2286//2733 2285//2732 2270//2715
f 2288//2734 2287//2735 2285//2732 2286//2733
f 2272//2717 2288//2734 2286//2733 2271//2716
f 2273//2718 2289//2736 2288//2734 2272//2717
f 2291//2737 2290//2738 2288//2734 2289//2736
f 2293//2739 2292//2740 2290//2738 2291//2737
f 2276//2721 2294//2741 2293//2739 2275//2720
f 2295//2742 2224//2743 2035//2744 2043//2745
f 2296//2746 2295//2742 2043//2745 2044//2747
f 4570//2748 4469//2749 4470//2750 4451//2751 4453//2752 4471//2753 4455//2754 4458//2755 4472//2756 4460//2757 4627//2758 4642//2759 4629//2760 4631//2761 4643//2762 4633//2763 4636//2764 4648//2765 4651//2766 4650//2767 4647//2768 4645//2769 4468//2770 4466//2670 4443//2771 4444//2772 4445//2773 4446//2774 4447//2775 4448//2776 4449//2777 4542//2778
f 2278//2722 2297//2779 2296//2746 2277//2723
f 2298//2780 2226//2781 2224//2743 2295//2742
f 2299//2782 2298//2780 2295//2742 2296//2746
f 2279//2726 2300//2783 2297//2779 2278//2722
f 2301//2213 2228//2358 2226//2781 2298//2780
f 2302//2214 2301//2213 2298//2780 2299//2782
f 2281//2729 2300//2783 2279//2726
f 2459//2784 2382//2218 2379//2222 2453//2701
f 2460//2785 2459//2784 2453//2701 2454//2700
f 2284//2730 2303//2786 2283//2731
f 1757//2208 1839//2204 1842//2203 1851//2188 1849//2170 1781//2173 1779//2254 1776//2255 1773//2259 1748//2290 1752//2316 1754//2308
f 2285//2732 2304//2787 2303//2786 2284//2730
f 2287//2735 2305//2788 2304//2787 2285//2732
f 2288//2734 2306//2789 2305//2788 2287//2735
f 2290//2738 2306//2789 2288//2734
f 2293//2739 2307//2790 2292//2740
f 2167//1734 2310//2529 2309//2791 2166//1735
f 2310//2529 2167//1734 2164//2526 2308//2525
f 2168//1699 2311//2792 2259//2697 2149//2574
f 2169//1669 2312//2793 2311//2792 2168//1699
f 4840//2794 4829//2795 4828//2796 4839//2797
f 2173//2530 2315//2798 2314//2799 2172//2531
f 2315//2798 2173//2530 2166//1735 2309//2791
f 2310//2529 2315//2798 2309//2791
f 2317//2800 2316//2801 2311//2792 2312//2793
f 2174//2595 2317//2800 2312//2793 2169//1669
f 2318//2802 2177//2597 2171//2598 2313//2803
f 2319//2804 2318//2802 2313//2803 2314//2799
f 2320//2805 2319//2804 2314//2799 2315//2798
f 2322//2806 2321//2807 2316//2801 2317//2800
f 2322//2806 2179//2600 2178//2605 2321//2807
f 2179//2600 2322//2806 2317//2800 2174//2595
f 2323//2808 2182//2602 2177//2597 2318//2802
f 2324//2809 2323//2808 2318//2802 2319//2804
f 2324//2809 2183//2608 2182//2602 2323//2808
f 2325//2810 2324//2809 2319//2804 2320//2805
f 2184//2604 2326//2811 2321//2807 2178//2605
f 2327//2812 2187//2607 2183//2608 2324//2809
f 2328//2813 2327//2812 2324//2809 2325//2810
f 2328//2813 2188//2628 2187//2607 2327//2812
f 2332//2814 2331//2014 2329//2815 2330//2816
f 2335//2817 2330//2816 2329//2815 2334//2818
f 2337//2013 2336//2012 2333//2819 2334//2818
f 2331//2014 2337//2013 2334//2818 2329//2815
f 2340//2820 2334//2818 2333//2819 2339//2821
f 2341//2822 2335//2817 2334//2818 2340//2820
f 2343//2011 2342//2010 2338//2823 2339//2821
f 2336//2012 2343//2011 2339//2821 2333//2819
f 2351//2824 2350//2825 2348//1490 2349//1489
f 1423//1960 1418//1959 1397//2123 1392//1503 1388//1502 2615//2826 2608//2008 1412//2007
f 2356//2827 2355//2828 2350//2825 2351//2824
f 2357//2829 2356//2827 2351//2824 2352//2830
f 2357//2829 2339//2821 2338//2823 2356//2827
f 2358//2831 2357//2829 2352//2830 2353//2832
f 2358//2831 2340//2820 2339//2821 2357//2829
f 2359//2833 2358//2831 2353//2832 2354//2357
f 2359//2833 2341//2822 2340//2820 2358//2831
f 2361//2834 2360//2835 2355//2828 2356//2827
f 2342//2010 2361//2834 2356//2827 2338//2823
f 2344//1494 2362//2836 2242//2662 2234//1495
f 2345//1493 2363//2837 2362//2836 2344//1494
f 2346//1492 2364//2838 2363//2837 2345//1493
f 2347//1491 2365//2839 2364//2838 2346//1492
f 2348//1490 2366//2840 2365//2839 2347//1491
f 2350//2825 2367//2841 2366//2840 2348//1490
f 2355//2828 2368//2842 2367//2841 2350//2825
f 2360//2835 2369//2843 2368//2842 2355//2828
f 4874//2844 4873//2845 3073//2846 3074//2847 4875//2848
f 2373//2398 2372//2849 2370//2850 2371//2399
f 2380//2851 2332//2814 2330//2816 2376//2852
f 4585//2853 4391//2854 4467//2855 4644//2856
f 2370//2850 2383//2857 2276//2721 2264//2706
f 2372//2849 2384//2858 2383//2857 2370//2850
f 2373//2398 2385//2859 2384//2858 2372//2849
f 2374//2397 2386//2860 2385//2859 2373//2398
f 2375//2861 2387//2862 2386//2860 2374//2397
f 2428//2577 2432//2863 2431//2864 2427//2865 2328//2813 2325//2810 2320//2805 2315//2798 2310//2529 1713//2524 1707//2517 1708//2362 1709//2361 1714//2360 1718//2328 1721//2356 1725//2318 1728//2343 1732//2342
f 2396//2866 2395//2867 2293//2739 2294//2741
f 2398//2868 2397//2869 2395//2867 2396//2866
f 2385//2859 2399//2870 2398//2868 2384//2858
f 2401//2871 2400//2872 2398//2868 2399//2870
f 2386//2860 2401//2871 2399//2870 2385//2859
f 2403//2873 2402//2874 2400//2872 2401//2871
f 2387//2862 2403//2873 2401//2871 2386//2860
f 2407//2875 2389//2876 2388//2876 2406//2877
f 2408//2878 2390//2879 2389//2876 2407//2875
f 2409//2880 2391//2881 2390//2879 2408//2878
f 2410//2882 2392//2883 2391//2881 2409//2880
f 2411//2884 2393//2885 2392//2883 2410//2882
f 2412//2886 2394//2887 2393//2885 2411//2884
f 1753//2313 1750//2319 1774//2289 1777//2252 1780//2175 1756//2310
f 2395//2867 2307//2790 2293//2739
f 2398//2868 2413//2888 2397//2869
f 2400//2872 2413//2888 2398//2868
f 2403//2873 2414//2889 2402//2874
f 2404//2890 2415//2891 2414//2889 2403//2873
f 2381//2219 2380//2851 2376//2852 2377//2220
f 2418//2892 2359//2833 2354//2357 2416//2212
f 2418//2892 2405//2893 2341//2822 2359//2833
f 2419//2894 2418//2892 2416//2212 2417//2215
f 2419//2894 2406//2877 2405//2893 2418//2892
f 2420//2895 2407//2875 2406//2877 2419//2894
f 2421//2896 2408//2878 2407//2875 2420//2895
f 2422//2897 2409//2880 2408//2878 2421//2896
f 2423//2898 2410//2882 2409//2880 2422//2897
f 2424//2899 2411//2884 2410//2882 2423//2898
f 2425//2900 2412//2886 2411//2884 2424//2899
f 2426//2400 2371//2399 2326//2811
f 2203//2625 2426//2400 2326//2811 2184//2604
f 2427//2865 2206//2627 2188//2628 2328//2813
f 1800//2176 1796//2253 1797//2250 1801//2172 1860//2171 1859//2174
f 2038//2666 4615//2901 4611//2902 4608//2903 4605//2904 4602//2905 4600//2906 4598//2907 4419//2908 4417//2909 4506//2910 4509//2911 4652//2912 4655//2913 4659//2914 4658//2915 4603//2916 4607//2917 4606//2918 4609//2919 4612//2920 4616//2921 2039//2671 2245//2670 2248//2675 2251//2683 2254//2692 2255//2693 2259//2697 2311//2792 2316//2801 2321//2807 2326//2811 2371//2399 2370//2850 2264//2706 2262//2708 2261//2698 2258//2696 2253//2684 2250//2686 2247//2673 2244//2663
f 2207//2630 2429//2401 2426//2400 2203//2625
f 2211//2633 2431//2864 2430//2922 2210//2631
f 2431//2864 2211//2633 2206//2627 2427//2865
f 2212//2635 2433//2396 2429//2401 2207//2630
f 2213//2634 2434//2923 2433//2396 2212//2635
f 2435//2924 2217//2639 2210//2631 2430//2922
f 2436//2925 2435//2924 2430//2922 2431//2864
f 2437//2926 2436//2925 2431//2864 2432//2863
f 2438//2927 2375//2861 2374//2397 2433//2396
f 2439//2928 2438//2927 2433//2396 2434//2923
f 2218//2641 2439//2928 2434//2923 2213//2634
f 2219//2640 2440//2929 2439//2928 2218//2641
f 2220//2642 2441//2930 2440//2929 2219//2640
f 2221//2643 2442//2931 2441//2930 2220//2642
f 2222//2644 2443//2932 2442//2931 2221//2643
f 2443//2932 2222//2644 2217//2639 2435//2924
f 2444//2933 2443//2932 2435//2924 2436//2925
f 2446//2934 2445//2935 2438//2927 2439//2928
f 2447//2936 2446//2934 2439//2928 2440//2929
f 2448//2937 2447//2936 2440//2929 2441//2930
f 2449//2938 2448//2937 2441//2930 2442//2931
f 2450//2939 2449//2938 2442//2931 2443//2932
f 2458//2578 2457//2940 2451//2941 2452//2579
f 2482//2702 2453//2701 2379//2222 2378//2221 2391//2881 2392//2883 2393//2885 2394//2887
f 2461//2942 2460//2785 2454//2700 2455//2943
f 2462//2944 2461//2942 2455//2943 2456//2945
f 2463//2946 2462//2944 2456//2945 2457//2940
f 2463//2946 2457//2940 2458//2578
f 2465//2947 2432//2863 2428//2577 2464//2581
f 2437//2926 2467//2948 2466//2949 2436//2925
f 2467//2948 2437//2926 2432//2863 2465//2947
f 2438//2927 2468//2950 2387//2862 2375//2861
f 2444//2933 2470//2951 2469//2952 2443//2932
f 2470//2951 2444//2933 2436//2925 2466//2949
f 2445//2935 2471//2953 2468//2950 2438//2927
f 2446//2934 2472//2954 2471//2953 2445//2935
f 2447//2936 2473//2955 2472//2954 2446//2934
f 2448//2937 2474//2956 2473//2955 2447//2936
f 2449//2938 2475//2957 2474//2956 2448//2937
f 2450//2939 2476//2958 2475//2957 2449//2938
f 2476//2958 2450//2939 2443//2932 2469//2952
f 2479//2959 2478//2960 2473//2955 2474//2956
f 2481//2583 2452//2579 2451//2941 2480//2961
f 4408//2962 4407//2963 4347//2964 4348//2965 4410//2966 4409//2967
f 2486//2968 2455//2943 2454//2700 2485//2705
f 2487//2969 2456//2945 2455//2943 2486//2968
f 2488//2970 2457//2940 2456//2945 2487//2969
f 2457//2940 2488//2970 2480//2961 2451//2941
f 2467//2948 2492//2587 2491//2971 2466//2949
f 2468//2950 2493//2972 2403//2873 2387//2862
f 2470//2951 2495//2973 2494//2974 2469//2952
f 2495//2973 2470//2951 2466//2949 2491//2971
f 2496//2589 2495//2973 2491//2971 2492//2587
f 2497//2975 2404//2890 2403//2873 2493//2972
f 2471//2953 2497//2975 2493//2972 2468//2950
f 2472//2954 2498//2976 2497//2975 2471//2953
f 2473//2955 2499//2977 2498//2976 2472//2954
f 2475//2957 2501//2978 2500//2979 2474//2956
f 2476//2958 2502//2980 2501//2978 2475//2957
f 2502//2980 2476//2958 2469//2952 2494//2974
f 2503//2981 2502//2980 2494//2974 2495//2973
f 2506//2982 2505//2983 2497//2975 2498//2976
f 2507//2984 2506//2982 2498//2976 2499//2977
f 2478//2960 2507//2984 2499//2977 2473//2955
f 2479//2959 2508//2985 2507//2984 2478//2960
f 2508//2985 2479//2959 2474//2956 2500//2979
f 2509//2986 2508//2985 2500//2979 2501//2978
f 2510//2987 2509//2986 2501//2978 2502//2980
f 2512//2988 2511//2989 2503//2981 2504//2588
f 2512//2988 2481//2583 2480//2961 2511//2989
f 2481//2583 2512//2988 2504//2588 2477//2584
f 2513//2990 2482//2702 2394//2887 2412//2886
f 2514//2991 2483//2703 2482//2702 2513//2990
f 2515//2992 2484//2704 2483//2703 2514//2991
f 2516//2993 2485//2705 2484//2704 2515//2992
f 2517//2994 2486//2968 2485//2705 2516//2993
f 2518//2995 2487//2969 2486//2968 2517//2994
f 2519//2996 2518//2995 2510//2987 2511//2989
f 2519//2996 2488//2970 2487//2969 2518//2995
f 2488//2970 2519//2996 2511//2989 2480//2961
f 2496//2589 2522//2997 2521//2998 2495//2973
f 2523//2593 2496//2589 2492//2587 2520//2591
f 2497//2975 2524//2999 2415//2891 2404//2890
f 2503//2981 2526//3000 2525//3001 2502//2980
f 2527//3002 2503//2981 2495//2973 2521//2998
f 2528//3003 2527//3002 2521//2998 2522//2997
f 2528//3003 2504//2588 2503//2981 2527//3002
f 2504//2588 2528//3003 2522//2997 2496//2589
f 2505//2983 2524//2999 2497//2975
f 2492//2587 2467//2948 2465//2947 2464//2581 2489//2585 2490//2586
f 2507//2984 2529//3004 2506//2982
f 2508//2985 2530//3005 2529//3004 2507//2984
f 2509//2986 2530//3005 2508//2985
f 2531//3006 2510//2987 2502//2980 2525//3001
f 2532//3007 2531//3006 2525//3001 2526//3000
f 2532//3007 2511//2989 2510//2987 2531//3006
f 2511//2989 2532//3007 2526//3000 2503//2981
f 2533//3008 2513//2990 2412//2886 2425//2900
f 2534//3009 2514//2991 2513//2990 2533//3008
f 2535//3010 2515//2992 2514//2991 2534//3009
f 2536//3011 2516//2993 2515//2992 2535//3010
f 2302//2214 2299//2782 2296//2746 2297//2779 2300//2783 2281//2729 2283//2731 2303//2786 2304//2787 2305//2788 2306//2789 2290//2738 2292//2740 2307//2790 2395//2867 2397//2869 2413//2888 2400//2872 2402//2874 2414//2889 2415//2891 2524//2999 2505//2983 2506//2982 2529//3004 2530//3005 2509//2986 2510//2987 2538//3012 2537//3013 2536//3011 2535//3010 2534//3009 2533//3008 2425//2900 2424//2899 2423//2898 2422//2897 2421//2896 2420//2895 2419//2894 2417//2215
f 2537//3013 2517//2994 2516//2993 2536//3011
f 2538//3012 2518//2995 2517//2994 2537//3013
f 2518//2995 2538//3012 2510//2987
f 2540//3014 2539//2015 2331//2014 2332//2814
f 1999//1810 2002//2058 2003//2057 2004//2056 2000//1811
f 3728//3015 3723//3016 3722//3017 3721//3018 3724//3019 3718//3020 3719//3021 3720//3022 3806//3023 3810//3024 3811//3025 3812//3026 3813//3027 3814//3028 3954//3029 3950//3030 3944//3031 3939//3032 3936//3033 3932//3034 3928//3035 3869//3036 3866//3037 3864//3038 3862//3039 3860//3040 3858//3041 3857//3042 4480//3043 4368//3044 4367//3045 4366//3046 4365//3047 4364//3048 4360//3049 4296//3050 4293//3051 4290//3052 4288//3053 4244//3054 4243//3055 4242//3056 4245//3057 4249//3058 4253//3059 4255//3060 4335//3061 4340//3062 4341//3063 4344//3064 4345//3065 4362//3066 4363//3067 4348//2965 4347//2964 4346//3068 4310//3069 4308//2047 4306//1851 4222//1850 5186//2031 5184//2030 5158//3070 5156//3071 5094//3072 5092//3073 5090//3074 5153//3075 5152//3076 5150//3077 5147//3078 5144//3079 4977//3080 4978//3081 4973//3082 4974//3083 5045//3084 5046//3085 5047//3086 5048//3087 5049//1692 5050//1695 5051//3088 4686//3089 4687//3090 4688//3091 4725//3092 4730//3093 4731//3094 4734//3095 4806//3096 4807//3097 4809//3098 4811//3099 4814//3100 4816//3101 4818//3102 4820//3103 4822//3104 4908//3105 4909//3106 3780//3107 3781//3108 3831//3109 3832//3110 3898//1852 3899//1842 4017//1841 3809//3111 3736//3112 3734//3113 3732//3114
f 1410//1094 1415//1093 1414//1991 1413//2006 1408//2019
f 5155//3115 5160//3116 5113//3117 5093//3118
f 2547//3119 2546//3120 2360//2835 2361//2834
f 2545//2009 2547//3119 2361//2834 2342//2010
f 2549//3121 2548//3122 2546//3120 2547//3119
f 5174//3123 5171//3124 5166//3125 5161//3126 5187//2022 5192//2021
f 3905//1834 3904//1833 3909//3127 3910//3128 3911//3129
f 2553//3130 2549//3121 2547//3119 2545//2009 2608//2008 2615//2826 2610//3131
f 2546//3120 2557//3132 2369//2843 2360//2835
f 2548//3122 2558//3133 2557//3132 2546//3120
f 2550//3134 2559//3135 2558//3133 2548//3122
f 2551//3136 2560//3137 2559//3135 2550//3134
f 2552//3138 2561//3139 2560//3137 2551//3136
f 2554//3138 2562//3140 2561//3139 2552//3138
f 2555//3141 2563//3142 2562//3140 2554//3138
f 2556//3143 2564//3144 2563//3142 2555//3141
f 2569//3145 2568//3146 2565//3147
f 2570//3148 2569//3145 2565//3147 2566//3149
f 2572//3150 2571//3151 2567//3152
f 2573//3153 2572//3150 2567//3152 2568//3146
f 2574//3154 2573//3153 2568//3146 2569//3145
f 2577//3155 2576//3156 2571//3151 2572//3150
f 2570//3148 2579//3157 2578//3158 2569//3145
f 2573//3153 2581//3159 2580//3160 2572//3150
f 2574//3154 2582//3161 2581//3159 2573//3153
f 2582//3161 2574//3154 2569//3145 2578//3158
f 2583//3162 2582//3161 2578//3158 2579//3157
f 2575//3163 2583//3162 2579//3157 2570//3148
f 2584//3164 2577//3155 2572//3150 2580//3160
f 2585//3165 2584//3164 2580//3160 2581//3159
f 2582//3161 2587//3166 2586//3167 2581//3159
f 2583//3162 2588//3168 2587//3166 2582//3161
f 2585//3165 2590//3169 2589//3170 2584//3164
f 2590//3169 2585//3165 2581//3159 2586//3167
f 2591//3171 2590//3169 2586//3167 2587//3166
f 2592//3172 2591//3171 2587//3166 2588//3168
f 2591//3171 2593//3173 2590//3169
f 2594//3174 2570//3148 2566//3149
f 2595//3175 2575//3163 2570//3148 2594//3174
f 2596//3176 2595//3175 2594//3174
f 2598//3177 2597//3178 2595//3175 2596//3176
f 2599//3179 2598//3177 2596//3176
f 2595//3175 2600//3180 2583//3162 2575//3163
f 2597//3178 2601//3181 2600//3180 2595//3175
f 2598//3177 2602//3182 2601//3181 2597//3178
f 2600//3180 2603//3183 2588//3168 2583//3162
f 2604//3184 2592//3172 2588//3168 2603//3183
f 2601//3181 2604//3184 2603//3183 2600//3180
f 2604//3184 2605//3185 2592//3172
f 3796//3186 3789//3187 3786//3188 3794//3189 3795//3190
f 5183//2029 5157//3191 5158//3070 5184//2030
f 5157//3191 5162//3192 5160//3116 5155//3115
f 1806//1839 4022//1838 4029//3193 1671//2230 1811//2229
f 2609//3194 2617//3195 2564//3144 2556//3143
f 2611//3196 2618//3197 2617//3195 2609//3194
f 2612//3198 2619//3199 2618//3197 2611//3196
f 2613//3198 2620//3200 2619//3199 2612//3198
f 2614//3201 2621//3202 2620//3200 2613//3198
f 2616//3203 2622//3204 2621//3202 2614//3201
f 1381//2045 1383//2044 2622//3204 2616//3203
f 2624//3205 2623//3206 2576//3156 2577//3155
f 2626//3207 2625//3208 2623//3206 2624//3205
f 2628//3209 2625//3208 2626//3207
f 2629//3210 2628//3209 2626//3207 2627//3211
f 2632//3212 2628//3209 2629//3210
f 2633//3213 2632//3212 2629//3210 2630//3214
f 2634//3215 2633//3213 2630//3214 2631//3216
f 2670//3217 2672//3218 2605//3185 2604//3184
f 2672//3218 2670//3217 2646//3219 2653//3220
f 2667//3221 2671//3222 2670//3217 2665//3223
f 2671//3222 2667//3221 2640//3224 2649//3225
f 2671//3222 2649//3225 2646//3219 2670//3217
f 2665//3223 2670//3217 2604//3184 2601//3181
f 2661//3226 2669//3227 2667//3221 2659//3228
f 2669//3227 2661//3226 2631//3216 2643//3229
f 2669//3227 2643//3229 2640//3224 2667//3221
f 2660//3230 2668//3231 2666//3232 2657//3233
f 2668//3231 2660//3230 2659//3228 2667//3221
f 2668//3231 2667//3221 2665//3223 2666//3232
f 2657//3233 2666//3232 2602//3182 2598//3177
f 2666//3232 2665//3223 2601//3181 2602//3182
f 84//543 1349//1052 1348//1685
f 2664//1894 2663//3234 2661//3226 2662//1895
f 2663//3234 2634//3215 2631//3216 2661//3226
f 2662//1895 2661//3226 2659//3228 2660//3230
f 2660//3230 2657//3233 2658//3235
f 2658//3235 2657//3233 2598//3177 2599//3179
f 2649//3225 2656//3236 2653//3220 2646//3219
f 2656//3236 2649//3225 2648//3237 2655//3238
f 2655//3238 2648//3237 2647//3239 2654//3240
f 2591//3171 2592//3172 2605//3185 2672//3218 2653//3220 2656//3236 2655//3238 2654//3240 2652//3241 2593//3173
f 2654//3240 2647//3239 2645//3242 2652//3241
f 2652//3241 2645//3242 2590//3169 2593//3173
f 2643//3229 2651//3243 2649//3225 2640//3224
f 2651//3243 2643//3229 2642//3244 2650//3245
f 2651//3243 2650//3245 2648//3237 2649//3225
f 2650//3245 2642//3244 2639//3246 2648//3237
f 2648//3237 2639//3246 2638//3247 2647//3239
f 2647//3239 2638//3247 2636//3248 2645//3242
f 2645//3242 2636//3248 2635//3249 2644//3250
f 2645//3242 2644//3250 2589//3170 2590//3169
f 2644//3250 2635//3249 2584//3164 2589//3170
f 2643//3229 2631//3216 2630//3214 2642//3244
f 2642//3244 2630//3214 2629//3210 2641//3251
f 2642//3244 2641//3251 2638//3247 2639//3246
f 2641//3251 2629//3210 2627//3211 2638//3247
f 2638//3247 2627//3211 2626//3207 2637//3252
f 2638//3247 2637//3252 2635//3249 2636//3248
f 2637//3252 2626//3207 2624//3205 2635//3249
f 2635//3249 2624//3205 2577//3155 2584//3164
f 2715//3253 2714//470 2716//469 2717//3254
f 2712//3255 2711//3256 2713//471 2714//470 2715//3253
f 902//923 889//3257 888//1316 891//1315 893//1312 895//1311 897//1310 899//1309 901//924
f 3363//3258 3362//3259 3364//3260 3365//3261 3366//498 3367//497
f 303//1324 302//488 301//239 328//238 329//447
f 2719//3262 2718//467 2723//466 2724//1317
f 2687//1335 2720//1336 875//1314 854//1313
f 2730//1337 2731//3263 2729//995 2728//994
f 2736//445 2737//3264 2731//3263 2730//1337
f 864//1330 863//1329 866//1328 868//436 869//435 870//3265
f 2738//444 2739//1334 2737//3264 2736//445
f 918//493 917//247 919//246 920//1305
f 318//432 876//3266 886//3267 889//3257 902//923 916//922 294//1323 304//1325 338//425 322//424 320//433
f 2743//1326 2744//3268 2742//1333 2741//1327
f 876//3266 3327//3269 3316//3270 3336//3271 3342//3272 3363//3258 3367//497 3371//496 2703//3273 2706//3274 2710//3275 2712//3255 2715//3253 2717//3254 2719//3262 2724//1317 2727//996 2729//995 2731//3263 2737//3264 2739//1334 2742//1333 2744//3268 2746//1307 858//1308 861//1331 864//1330 870//3265 883//3276 886//3267
f 885//1318 884//260 887//259 888//1316
f 2735//272 2745//427 2743//1326 2734//273
f 2718//467 2719//3262 2717//3254 2716//469
f 2860//3277 2872//3278 2852//3279 2853//3280
f 2745//427 2746//1307 2744//3268 2743//1326
f 2703//3273 3371//496 3370//501 2699//3281 2700//3282 2701//3283 2702//3284
f 304//1325 303//1324 329//447 331//446 333//434 335//429 337//426 338//425
f 2703//3273 2702//3284 2704//3285 2705//3286 2706//3274
f 2711//3256 2712//3255 2710//3275 2709//3287
f 2706//3274 2705//3286 2709//3287 2710//3275
f 2698//280 2705//3286 2704//3285 2697//3288
f 2697//3288 2704//3285 2702//3284 2695//3289
f 2695//3289 2702//3284 2701//3283 2693//3290
f 2693//3290 2701//3283 2700//3282 2691//3291
f 2691//3291 2700//3282 2699//3281 2689//3292
f 2698//280 2697//3288 2696//281
f 875//1314 2720//1336 3344//485 3309//484 3308//3293 909//481 910//480
f 2696//281 2697//3288 2695//3289 2694//282
f 2694//282 2695//3289 2693//3290 2692//283
f 2692//283 2693//3290 2691//3291 2690//284
f 2690//284 2691//3291 2689//3292 2688//285
f 2873//3294 2883//3295 2872//3278
f 2874//3296 2884//3297 2883//3295 2873//3294
f 2886//3298 2885//3299 2883//3295 2884//3297
f 2878//3300 2886//3298 2884//3297 2874//3296
f 2879//3301 2887//3302 2886//3298 2878//3300
f 2880//3303 2888//3304 2887//3302 2879//3301
f 2881//3305 2889//3306 2888//3304 2880//3303
f 2891//3307 2890//3308 2885//3299 2886//3298
f 2892//3309 2891//3307 2886//3298 2887//3302
f 2893//3310 2892//3309 2887//3302 2888//3304
f 2894//3311 2893//3310 2888//3304 2889//3306
f 2882//3312 2894//3311 2889//3306 2881//3305
f 929//1509 928//1508 2890//3308 2891//3307
f 930//1511 929//1509 2891//3307 2892//3309
f 931//1513 930//1511 2892//3309 2893//3310
f 932//1515 931//1513 2893//3310 2894//3311
f 927//1516 932//1515 2894//3311 2882//3312
f 310//454 307//478 305//479 319//431 321//430
f 1083//2385 2898//3313 2897//1534 2900//1529 1082//1528
f 564//1269 1085//1527 1084//1531 561//1270
f 569//1004 3556//1264 3555//3314 3554//3315 570//176 571//175
f 2752//3316 2753//3317 2748//3318 2747//3319
f 2753//3317 2754//3320 2749//3321 2748//3318
f 2754//3320 2755//3322 2750//3323 2749//3321
f 2755//3322 2756//3324 2751//3325 2750//3323
f 2748//3318 2758//3326 2757//3327 2747//3319
f 2749//3321 2759//3328 2758//3326 2748//3318
f 2750//3323 2760//3329 2759//3328 2749//3321
f 2751//3325 2761//3330 2760//3329 2750//3323
f 2756//3324 2762//3331 2761//3330 2751//3325
f 2758//3326 2764//3332 2763//3333 2757//3327
f 2759//3328 2765//3334 2764//3332 2758//3326
f 2760//3329 2766//3335 2765//3334 2759//3328
f 2761//3330 2767//3336 2766//3335 2760//3329
f 2769//3337 2768//3338 2764//3332 2765//3334
f 2762//3331 2770//3339 2767//3336 2761//3330
f 2764//3332 2772//3340 2771//3341 2763//3333
f 2766//3335 2774//3342 2773//3343 2765//3334
f 2767//3336 2775//3344 2774//3342 2766//3335
f 2777//3345 2776//3346 2771//3341 2772//3340
f 2768//3338 2777//3345 2772//3340 2764//3332
f 2769//3337 2778//3347 2777//3345 2768//3338
f 2778//3347 2769//3337 2765//3334 2773//3343
f 2779//3348 2778//3347 2773//3343 2774//3342
f 2780//3349 2779//3348 2774//3342 2775//3344
f 2770//3339 2780//3349 2775//3344 2767//3336
f 4287//3350 4284//3351 4285//3352 4276//3353 4280//3354 4279//3355
f 2781//3356 2782//3357 2753//3317 2752//3316
f 2782//3357 2783//3358 2754//3320 2753//3317
f 2783//3358 2784//3359 2755//3322 2754//3320
f 2784//3359 2785//3360 2756//3324 2755//3322
f 2788//3361 2782//3357 2781//3356 2787//3362
f 2789//3363 2783//3358 2782//3357 2788//3361
f 2790//3364 2784//3359 2783//3358 2789//3363
f 2791//3365 2785//3360 2784//3359 2790//3364
f 2785//3360 2791//3365 2762//3331 2756//3324
f 2786//3366 2792//3367 2787//3362 2781//3356
f 2794//3368 2788//3361 2787//3362 2793//3369
f 2795//3370 2789//3363 2788//3361 2794//3368
f 2796//3371 2790//3364 2789//3363 2795//3370
f 2797//3372 2791//3365 2790//3364 2796//3371
f 2791//3365 2797//3372 2770//3339 2762//3331
f 2792//3367 2798//1391 2793//3369 2787//3362
f 2800//3373 2799//3374 2776//3346 2777//3345
f 2800//3373 2794//3368 2793//3369 2799//3374
f 2801//3375 2800//3373 2777//3345 2778//3347
f 2801//3375 2795//3370 2794//3368 2800//3373
f 2802//3376 2801//3375 2778//3347 2779//3348
f 2802//3376 2796//3371 2795//3370 2801//3375
f 2803//3377 2802//3376 2779//3348 2780//3349
f 2803//3377 2797//3372 2796//3371 2802//3376
f 2797//3372 2803//3377 2780//3349 2770//3339
f 2798//1391 2804//3378 2799//3374 2793//3369
f 2808//3379 2807//3380 2805//3381 2806//3382
f 4753//3383 4741//3384 4751//3385 4752//3386
f 2812//3387 2806//3382 2805//3381 2811//3388
f 2806//3382 2812//3387 2809//3389
f 2812//3387 2813//3390 2810//3391 2809//3389
f 2807//3380 2816//3392 2811//3388 2805//3381
f 2816//3392 2817//3393 2812//3387 2811//3388
f 2808//3379 2817//3393 2816//3392 2807//3380
f 2817//3393 2818//3394 2813//3390 2812//3387
f 2818//3394 2819//3395 2814//3396 2813//3390
f 2819//3395 2820//3397 2815//3398 2814//3396
f 921//1488 922//1486 2817//3393 2808//3379
f 922//1486 923//1485 2818//3394 2817//3393
f 923//1485 924//1484 2819//3395 2818//3394
f 924//1484 925//1473 2820//3397 2819//3395
f 2823//3399 2824//3400 2822//3401 2821//3402
f 2809//3389 2824//3400 2823//3399
f 2810//3391 2825//3403 2824//3400 2809//3389
f 2813//3390 2828//3404 2825//3403 2810//3391
f 2828//3404 2829//3405 2826//3406 2825//3403
f 2814//3396 2829//3405 2828//3404 2813//3390
f 2829//3405 2830//3407 2827//3408 2826//3406
f 2815//3398 2830//3407 2829//3405 2814//3396
f 2820//3397 2831//3409 2830//3407 2815//3398
f 925//1473 926//1472 2831//3409 2820//3397
f 2822//3401 2834//3410 2833//3411 2821//3402
f 2824//3400 2838//3412 2834//3410 2822//3401
f 2838//3412 2839//3413 2835//3414 2834//3410
f 2825//3403 2839//3413 2838//3412 2824//3400
f 2839//3413 2840//3415 2836//3416 2835//3414
f 2826//3406 2840//3415 2839//3413 2825//3403
f 2840//3415 2841//3417 2837//3418 2836//3416
f 2827//3408 2841//3417 2840//3415 2826//3406
f 2830//3407 2842//3419 2841//3417 2827//3408
f 2831//3409 2843//3420 2842//3419 2830//3407
f 2833//3411 2845//3421 2844//1391 2832//3422
f 2834//3410 2846//3423 2845//3421 2833//3411
f 2835//3414 2847//3424 2846//3423 2834//3410
f 2836//3416 2848//3425 2847//3424 2835//3414
f 2837//3418 2849//3426 2848//3425 2836//3416
f 2841//3417 2850//3427 2849//3426 2837//3418
f 2842//3419 2851//1391 2850//3427 2841//3417
f 2845//3421 2853//3280 2852//3279 2844//1391
f 2846//3423 2854//3428 2853//3280 2845//3421
f 2847//3424 2855//3429 2854//3428 2846//3423
f 2848//3425 2856//3430 2855//3429 2847//3424
f 2849//3426 2857//3431 2856//3430 2848//3425
f 2850//3427 2858//3432 2857//3431 2849//3426
f 2851//1391 2859//3422 2858//3432 2850//3427
f 963//1450 974//1442 982//1434 991//1412 990//1423 1003//1422 927//1516 2882//3312 2871//3433 2870//3434 2859//3422 2851//1391 2842//3419 2843//3420 2831//3409 926//1472 950//1461 962//1397
f 2854//3428 2861//3435 2860//3277 2853//3280
f 2855//3429 2862//3436 2861//3435 2854//3428
f 2856//3430 2863//3437 2862//3436 2855//3429
f 2857//3431 2864//3438 2863//3437 2856//3430
f 2866//3439 2865//3440 2860//3277 2861//3435
f 2867//3441 2866//3439 2861//3435 2862//3436
f 2868//3442 2867//3441 2862//3436 2863//3437
f 2869//3443 2868//3442 2863//3437 2864//3438
f 2858//3432 2869//3443 2864//3438 2857//3431
f 2859//3422 2870//3434 2869//3443 2858//3432
f 2865//3440 2873//3294 2872//3278 2860//3277
f 2866//3439 2874//3296 2873//3294 2865//3440
f 2867//3441 2875//3444 2874//3296 2866//3439
f 2868//3442 2876//3445 2875//3444 2867//3441
f 2869//3443 2877//3446 2876//3445 2868//3442
f 2879//3301 2878//3300 2874//3296 2875//3444
f 2880//3303 2879//3301 2875//3444 2876//3445
f 2881//3305 2880//3303 2876//3445 2877//3446
f 2870//3434 2881//3305 2877//3446 2869//3443
f 2871//3433 2882//3312 2881//3305 2870//3434
f 10//849 8//674 34//1590 37//1589 38//1625 35//1624
f 3094//3447 3096//3448 3095//1619 3093//1618
f 40//1593 39//1592 45//1623
f 2991//3449 3094//3447 3093//1618 2990//1617
f 3092//3450 3075//441 3074//2847 3090//3451
f 3091//3452 3092//3450 3090//3451 3089//3453
f 3090//3451 3074//2847 3073//2846 3088//3454
f 3089//3453 3090//3451 3088//3454 3087//3455
f 3088//3454 3073//2846 3072//3456 3087//3455
f 3087//3455 3072//3456 3070//3457 3085//3458
f 3086//3459 3087//3455 3085//3458 3084//3460
f 3085//3458 3070//3457 3069//3461 3083//3462
f 3084//3460 3085//3458 3083//3462 3082//3463
f 3083//3462 3069//3461 3068//3464 3082//3463
f 3082//3463 3068//3464 3066//848 3080//847
f 3081//3465 3082//3463 3080//847 3079//3466
f 8//674 7//673 6//850 33//1591 34//1590
f 3079//3466 3080//847 3078//846
f 4778//3467 4777//3468 4722//3469 4935//3470 4938//3471
f 3077//3472 3078//846 3076//3473
f 2948//792 2918//526 4949//525 4948//3474 4950//3475 4954//3476 4955//3477 2913//3478 2915//3479 2946//3480 2947//3481
f 3610//3482 3135//3483 3130//3484 3602//3485 3607//3486 3608//3487 3609//3488
f 3095//1619 3097//3489 3099//1866 3101//1620
f 3072//3456 3073//2846 3071//3490 3070//3457
f 3068//3464 3069//3461 3067//3491 3066//848
f 123//528 68//540 118//539 122//529
f 174//785 165//812 164//1607 173//786
f 3064//845 3065//844 3063//3492
f 3055//688 3063//3492 3056//3493
f 2995//3494 2996//3495 2992//3496 4933//3497 4932//3498
f 3049//3499 3058//686 3057//685 3047//1597
f 3056//3493 3052//3500 3055//688
f 3055//688 3052//3500 3051//2488 3054//689
f 1355//1740 1354//983 1353//535
f 3053//684 3050//599 3015//601 3031//1594
f 3048//3501 3049//3499 3047//1597 3046//3502
f 3046//3502 3047//1597 3044//1596 3043//3503
f 3045//3504 3046//3502 3043//3503 3042//3505
f 3044//1596 3030//1595 3029//3506 3043//3503
f 3043//3503 3029//3506 3028//3507 3042//3505
f 3100//1864 3098//3508 3096//3448 3094//3447 2991//3449 2989//3509 2987//3510 3106//3511 3118//3512 3117//3513 3107//3514 3102//1865
f 5226//3515 5224//3516 5223//3517 5214//3518 5216//3519
f 3038//658 3039//3520 3036//841 3035//3521
f 3037//659 3038//658 3035//3521 3034//3522
f 3036//841 3022//825 3021//824 3035//3521
f 3035//3521 3021//824 3020//3523 3034//3522
f 3033//3524 3019//3525 3016//3526 3032//3527
f 3004//3528 3033//3524 3032//3527 3001//3529
f 3032//3527 3016//3526 2999//3530 3001//3529
f 3031//1594 3015//601 3014//3531 3030//1595
f 3028//3507 3029//3506 3027//3532 3026//3533
f 3025//843 3026//3533 3024//3534 3023//840
f 3023//840 3010//3535 3009//826 3022//825
f 3020//3523 3021//824 3018//796 3017//795
f 3019//3525 3020//3523 3017//795 3016//3526
f 3017//795 3006//794 3005//3536 3016//3526
f 4848//3537 4832//3538 4831//3539 4844//3540 4845//3541
f 3104//442 3110//3542 3112//3543 3114//3544 3105//1632
f 4870//3545 4869//3546 3061//3547 3062//3548 4871//3549
f 2949//600 4805//2491 4800//3550 4799//3551
f 3000//3552 3004//3528 3001//3529 2999//3530
f 3004//3528 3000//3552 3003//3553
f 4876//440 4875//2848 3074//2847 3075//441
f 5093//3118 5113//3117 5111//3554 5091//3555
f 2689//3292 2699//3281 3370//501 3360//3556
f 2998//3557 2994//3558 2993//3559 2997//3560
f 2997//3560 2993//3559 2992//3496 2996//3495
f 5030//3561 5010//3562 5009//3563 5029//3564 3446//3565 3447//3566
f 2994//3558 2978//3567 2977//1914
f 2994//3558 2977//1914 2976//1913 2993//3559
f 2688//285 2689//3292 3360//3556 3359//286
f 2989//3509 2991//3449 2990//1617 2988//1616
f 2989//3509 2986//768 2985//767 2987//3510
f 2986//768 2989//3509 2988//1616
f 122//529 118//539 117//507 119//507 120//507 121//507
f 198//726 194//775 193//507 195//507 196//507 197//507
f 3062//3548 3061//3547 3067//3491 3069//3461 3070//3457
f 2956//3568 2952//3569 2950//3570 2954//1634 2955//1633
f 3342//3272 3341//3571 3343//3572 3361//3573 3362//3259 3363//3258
f 3360//3556 3370//501 3369//500 3358//3574
f 3358//3574 3369//500 3368//499 3356//3575
f 3356//3575 3368//499 3366//498 3354//3576
f 886//3267 883//3276 882//1319 885//1318 888//1316 889//3257
f 3354//3576 3366//498 3365//3261 3352//3577
f 3352//3577 3365//3261 3364//3260 3350//3578
f 3350//3578 3364//3260 3362//3259 3348//3579
f 1087//344 2902//343 2901//495 1086//448
f 3348//3579 3362//3259 3361//3573 3346//3580
f 3346//3580 3361//3573 3343//3572 3332//3581
f 3359//286 3360//3556 3358//3574 3357//287
f 3357//287 3358//3574 3356//3575 3355//288
f 319//431 3328//3582 3327//3269 876//3266 318//432
f 3355//288 3356//3575 3354//3576 3353//289
f 3353//289 3354//3576 3352//3577 3351//290
f 3351//290 3352//3577 3350//3578 3349//291
f 3349//291 3350//3578 3348//3579 3347//292
f 3347//292 3348//3579 3346//3580 3345//293
f 3345//293 3346//3580 3332//3581 3331//294
f 2705//3286 2698//280 2707//279 2713//471 2711//3256 2709//3287
f 3332//3581 3343//3572 3341//3571 3330//3583
f 2747//3319 2757//3327 2763//3333 2771//3341 2776//3346 2799//3374 2804//3378 2798//1391 2792//3367 2786//3366 2832//3422 2844//1391 2852//3279 2872//3278 2883//3295 2885//3299 2890//3308 928//1508 1070//1507 1075//1518 1080//1523 1008//1407 1013//1405 1002//1404 989//1391 981//1435 973//1443 961//3584 1014//1403 1025//1397 1032//1391 1039//1390 1040//1385 1045//1359 1065//1358 1060//1357 1055//1365 1050//1371 508//3585 562//1266 561//1270 1084//1531 2899//1530 2895//1536 3549//1285 3409//1288
f 3330//3583 3341//3571 3340//3586 3326//3587
f 3326//3587 3340//3586 3339//3588 3324//3589
f 3328//3582 3320//3590 3317//3591 3316//3270 3327//3269
f 3324//3589 3339//3588 3338//3592 3322//3593
f 294//1323 916//922 915//491 918//493 920//1305 289//510 291//503 293//502
f 3322//3593 3338//3592 3337//3594 3319//3595
f 3319//3595 3337//3594 3335//3596 3315//3597
f 3336//3271 3316//3270 3312//3598 3334//3599
f 3335//3596 3336//3271 3334//3599 3333//3600
f 3315//3597 3335//3596 3333//3600 3311//3601
f 3334//3599 3312//3598 3286//3602 3298//3603
f 3333//3600 3334//3599 3298//3603 3297//3604
f 3311//3601 3333//3600 3297//3604 3285//3605
f 3331//294 3332//3581 3330//3583 3329//295
f 3329//295 3330//3583 3326//3587 3325//296
f 3325//296 3326//3587 3324//3589 3323//297
f 3323//297 3324//3589 3322//3593 3321//298
f 3321//298 3322//3593 3319//3595 3318//299
f 3320//3590 3303//918 3301//3606 3317//3591
f 3318//299 3319//3595 3315//3597 3314//300
f 3317//3591 3301//3606 3299//3607 3313//3608
f 3316//3270 3317//3591 3313//3608 3312//3598
f 3314//300 3315//3597 3311//3601 3310//301
f 3313//3608 3299//3607 3266//3609 3287//3610
f 3312//3598 3313//3608 3287//3610 3286//3602
f 3310//301 3311//3601 3285//3605 3284//302
f 3309//484 3119//483 3117//3513 3307//920
f 3308//3293 3309//484 3307//920 3306//919
f 3307//920 3117//3513 3115//2112 3305//916
f 3303//918 3320//3590 3328//3582 319//431 305//479 909//481 3308//3293 3306//919
f 3303//918 3304//917 3302//2111 3301//3606
f 3302//2111 3111//2110 3109//3611 3300//3612
f 3301//3606 3302//2111 3300//3612 3299//3607
f 3300//3612 3109//3611 3091//3452 3267//3613
f 3299//3607 3300//3612 3267//3613 3266//3609
f 12//52 1161//51 1160//1626 43//675 44//643 36//671
f 3298//3603 3286//3602 3282//3614 3295//3615
f 3297//3604 3298//3603 3295//3615 3294//3616
f 3285//3605 3297//3604 3296//3617 3284//302
f 3296//3617 3297//3604 3294//3616 3293//3618
f 3284//302 3296//3617 3293//3618 3280//303
f 3295//3615 3282//3614 3281//3619 3294//3616
f 3294//3616 3281//3619 3278//3620 3292//3621
f 3293//3618 3294//3616 3292//3621 3291//3622
f 3280//303 3293//3618 3291//3622 3277//304
f 3291//3622 3292//3621 3290//647 3289//646
f 3277//304 3291//3622 3289//646 3274//3623
f 5061//3624 4694//3625 4695//3626 4696//3627 4689//3628 4682//3629 5037//3630
f 3274//3623 3289//646 3246//3631 3235//305
f 3246//3631 3289//646 3288//645 3245//3632
f 3562//3633 3474//3634 3473//3635 3477//3636 3561//3637
f 3245//3632 3288//645 3243//3638
f 3287//3610 3266//3609 3264//3639 3283//3640
f 3286//3602 3287//3610 3283//3640 3282//3614
f 3283//3640 3264//3639 3263//3641 3282//3614
f 3282//3614 3263//3641 3260//3642 3279//3643
f 3281//3619 3282//3614 3279//3643 3278//3620
f 3235//305 3277//304 3274//3623
f 3275//648 3276//3644 3273//3645 3272//3646
f 3271//644 3275//648 3272//3646
f 3273//3645 3256//3647 3255//3648 3272//3646
f 3272//3646 3255//3648 3253//3649 3270//3650
f 3271//644 3272//3646 3270//3650 3269//3651
f 3270//3650 3253//3649 3252//3652 3269//3651
f 3269//3651 3252//3652 3249//3653 3268//3654
f 4839//2797 4828//2796 4827//3655 4838//3656
f 4935//3470 4722//3469 4721//3657 4720//3658 4934//3659
f 3558//3660 3470//3661 3469//3662 3474//3634 3557//3663
f 3267//3613 3091//3452 3089//3453 3265//3664
f 3266//3609 3267//3613 3265//3664 3264//3639
f 3265//3664 3089//3453 3087//3455 3262//3665
f 3264//3639 3265//3664 3262//3665 3261//3666
f 3263//3641 3264//3639 3261//3666 3260//3642
f 3262//3665 3087//3455 3086//3459 3261//3666
f 3261//3666 3086//3459 3084//3460 3259//3667
f 3260//3642 3261//3666 3259//3667 3258//3668
f 3259//3667 3084//3460 3082//3463 3257//3669
f 3258//3668 3259//3667 3257//3669 3256//3647
f 3257//3669 3082//3463 3081//3465 3256//3647
f 3256//3647 3081//3465 3079//3466 3254//3670
f 3255//3648 3256//3647 3254//3670 3253//3649
f 3254//3670 3079//3466 3078//846 3251//3671
f 3253//3649 3254//3670 3251//3671 3250//3672
f 3252//3652 3253//3649 3250//3672 3249//3653
f 3251//3671 3078//846 3077//3472 3250//3672
f 3250//3672 3077//3472 3076//3473 3248//3673
f 3249//3653 3250//3672 3248//3673 3247//3674
f 2962//3675 2964//3676 2965//3677
f 4781//3678 4780//3679 4779//3680 4939//3681 4940//520 2919//519 3007//791 3008//823
f 3235//305 3246//3631 3245//3632 3234//3682
f 3234//3682 3245//3632 3244//3683 3233//306
f 3244//3683 3245//3632 3243//3638 3242//3684
f 3233//306 3244//3683 3242//3684 3232//307
f 3242//3684 3243//3638 3241//3685 3240//3686
f 3232//307 3242//3684 3240//3686 3231//3687
f 2014//2479 2016//2478 2033//2672 4185//3688 4186//2470 4042//2473
f 3231//3687 3240//3686 3239//3689 3230//308
f 3239//3689 3240//3686 3238//3690 3237//3691
f 3230//308 3239//3689 3237//3691 3228//3692
f 4832//3538 4824//3693 4813//3694 4810//3695 4808//3696 4812//3697 4789//3698 4790//3699 4830//3700 4831//3539
f 3228//3692 3237//3691 3236//3701 3227//309
f 3236//3701 3237//3691 3226//3702 3225//3703
f 3227//309 3236//3701 3225//3703 3212//3704
f 3233//306 3235//305 3234//3682
f 3230//308 3232//307 3231//3687
f 3560//681 3472//680 3471//3705 3559//3706
f 3227//309 3230//308 3228//3692
f 3213//3707 3229//3708 3214//3709
f 3227//309 3212//3704 3211//310
f 3212//3704 3225//3703 3224//3710 3211//310
f 3224//3710 3225//3703 3223//3711 3222//3712
f 3211//310 3224//3710 3222//3712 3206//3713
f 3223//3711 3207//3714 3205//3715 3222//3712
f 3222//3712 3205//3715 3199//1642 3218//1647
f 3206//3713 3222//3712 3221//3716 3204//3717
f 3221//3716 3222//3712 3218//1647 3217//1646
f 3204//3717 3221//3716 3220//3718 3203//312
f 3220//3718 3221//3716 3217//1646 3216//3719
f 3203//312 3220//3718 3219//3720 3202//313
f 3219//3720 3220//3718 3216//3719 3215//3721
f 3202//313 3219//3720 3215//3721 3196//3722
f 4690//3723 4684//3724 4683//3725 4682//3629 4689//3628
f 3217//1646 3198//1645 3197//3726 3216//3719
f 3216//3719 3197//3726 3196//3722 3215//3721
f 3214//3709 3188//3727 3186//3728 3209//3729
f 3213//3707 3214//3709 3209//3729 3208//3730
f 3207//3714 3213//3707 3208//3730
f 3210//311 3211//310 3206//3713 3204//3717
f 3203//312 3210//311 3204//3717
f 3209//3729 3186//3728 3185//3731 3208//3730
f 3208//3730 3185//3731 3183//3732 3201//3733
f 3207//3714 3208//3730 3201//3733 3200//3734
f 3205//3715 3207//3714 3200//3734 3199//1642
f 3155//314 3202//313 3196//3722 3149//3735
f 4742//3736 4736//3737 4735//3738 4733//3739 4741//3384
f 3200//3734 3182//3740 3181//3741 3199//1642
f 3199//1642 3181//3741 3178//3742 3195//1643
f 3175//3743 3040//842 3036//841 3039//3520 3174//3744
f 3196//3722 3197//3726 3193//3745 3192//3746
f 3149//3735 3196//3722 3192//3746 3141//3747
f 3193//3745 3176//661 3172//660 3191//3748
f 3192//3746 3193//3745 3191//3748 3190//3749
f 4965//3750 4986//3751 5062//3752 5038//3753
f 3162//3754 3141//3747 3192//3746 3190//3749 3134//3755 3133//3756 3139//3757 3140//3758 3161//3759
f 3572//3760 3571//3761 3623//3762 3624//3763 3652//3764 3661//3765 3657//3766 3653//3767 3587//3768
f 3188//3727 3189//3769 3187//3770 3186//3728
f 3187//3770 3049//3499 3048//3501 3186//3728
f 3186//3728 3048//3501 3046//3502 3184//3771
f 3185//3731 3186//3728 3184//3771 3183//3732
f 3184//3771 3046//3502 3045//3504 3183//3732
f 3183//3732 3045//3504 3042//3505 3180//3772
f 3530//3773 3528//3774 3482//3775 3468//3776 3436//3777 3438//3778 3513//3779 3515//3780 3529//3781
f 3180//3772 3042//3505 3041//3782 3179//3783
f 3179//3783 3041//3782 3040//842 3175//3743
f 3174//3744 3039//3520 3038//658 3173//657
f 3172//660 3037//659 3034//3522 3171//3784
f 3170//3785 3033//3524 3004//3528 3124//3786
f 3169//3787 3149//3735 3141//3747 3162//3754
f 3149//3735 3169//3787 3168//3788 3148//3789
f 3168//3788 3169//3787 3162//3754 3161//3759
f 3148//3789 3168//3788 3167//3790 3147//3791
f 3167//3790 3168//3788 3161//3759 3160//3792
f 3147//3791 3167//3790 3166//3793 3146//3794
f 3166//3793 3167//3790 3160//3792 3159//3795
f 3146//3794 3166//3793 3165//3796 3145//3797
f 3165//3796 3166//3793 3159//3795 3158//3798
f 3145//3797 3165//3796 3164//3799 3144//3800
f 3164//3799 3165//3796 3158//3798 3157//3801
f 3144//3800 3164//3799 3163//3802 3143//320
f 3163//3802 3164//3799 3157//3801 3156//3803
f 3143//320 3163//3802 3156//3803 3136//3804
f 3161//3759 3140//3758 3160//3792
f 3160//3792 3140//3758 3139//3757 3159//3795
f 3159//3795 3139//3757 3138//3805 3158//3798
f 3158//3798 3138//3805 3137//3806 3157//3801
f 3157//3801 3137//3806 3136//3804 3156//3803
f 3154//315 3155//314 3149//3735 3148//3789
f 3153//316 3154//315 3148//3789 3147//3791
f 3152//317 3153//316 3147//3791 3146//3794
f 3151//318 3152//317 3146//3794 3145//3797
f 3150//319 3151//318 3145//3797 3144//3800
f 3143//320 3150//319 3144//3800
f 3142//321 3143//320 3136//3804 3135//3483
f 2998//3557 2997//3560 3127//3807 3128//3808
f 3258//3668 3256//3647 3273//3645 3276//3644 3279//3643 3260//3642
f 3510//1145 3525//3809 3522//3810 3520//3811 3507//3812 3508//1146
f 3134//3755 3129//3813 3128//3808 3133//3756
f 3133//3756 3128//3808 3127//3807 3132//3814
f 3132//3814 3127//3807 3126//3815 3131//3816
f 3425//3817 3420//3818 3419//3819 3422//3820 3424//3821
f 3129//3813 3123//3822 3122//3823
f 3128//3808 3129//3813 3122//3823 3121//3824
f 3577//3825 3568//3826 3562//3633 3561//3637 3567//3827 3576//3828
f 3278//3620 3279//3643 3276//3644 3275//648 3290//647 3292//3621
f 3124//3786 3004//3528 3003//3553 3123//3822
f 3123//3822 3003//3553 3002//3829 3122//3823
f 3122//3823 3002//3829 3121//3824
f 4704//3830 4703//3831 4933//3497 4934//3659 4720//3658 4719//3832
f 2910//3833 2908//3834 2907//3835 2909//3836
f 2912//3837 2910//3833 2909//3836 2911//3838
f 2916//3839 2914//3840 2904//3841 2905//3842
f 2914//3840 2916//3839 2915//3479 2913//3478
f 2917//3843 2916//3839 2905//3842 2906//3844
f 4181//2528 4037//2527 4039//2558 4182//2557 4180//3845
f 3381//3846 3379//3847 3378//3848 3377//3849
f 2980//793 2948//792 2947//3481 2979//3850
f 2925//3851 2953//3852 2952//3569 2928//818 2926//817 2924//3853
f 68//540 64//640 63//507 65//507 66//507 67//507
f 4672//3854 4670//3855 4666//3856 4067//3857 4187//3858
f 3119//483 3108//1622 3107//3514 3117//3513
f 3118//3512 3106//3511 3116//3859
f 3117//3513 3118//3512 3116//3859 3115//2112
f 3116//3859 3106//3511 3105//1632 3114//3544
f 3115//2112 3116//3859 3114//3544 3113//2109
f 3113//2109 3114//3544 3112//3543 3111//2110
f 3111//2110 3112//3543 3110//3542 3109//3611
f 3110//3542 3104//442 3075//441 3092//3450
f 3109//3611 3110//3542 3092//3450 3091//3452
f 3108//1622 3103//1621 3102//1865 3107//3514
f 3011//3860 3024//3534 3026//3533 3027//3532 3012//3861
f 95//508 87//595 56//594 55//3862 94//3863
f 167//507 166//811 170//788 171//787 172//764 168//769
f 2927//816 2922//1638 2924//3853 2926//817
f 3098//3508 3100//1864 3099//1866 3097//3489
f 3096//3448 3098//3508 3097//3489 3095//1619
f 4184//2471 4182//2557 4038//2559 4040//2472
f 2921//3864 2923//3865 2922//1638 2920//1637
f 2923//3865 2925//3851 2924//3853 2922//1638
f 86//596 85//597 91//771 92//770
f 46//678 41//677 38//1625 37//1589 40//1593 45//1623 50//544 54//546 86//596 92//770 99//515 105//514 109//518 175//782 176//781 169//790 160//799 113//798 94//3863 55//3862
f 3101//1620 3099//1866 3102//1865 3103//1621
f 2978//3567 2975//3866 2974//1911 2977//1914
f 4067//3857 4062//3867 4218//3868 4219//3869 4187//3858
f 2975//3866 2973//3870 2972//1912 2974//1911
f 2973//3870 2971//3871 2970//3872 2972//1912
f 4730//3093 4725//3092 4726//3873 4727//3874
f 2970//3872 2971//3871 2969//3875 2968//3876
f 2969//3875 2967//3877 2966//3878 2968//3876
f 2979//3850 2947//3481 2946//3480 2999//3530 3016//3526 3005//3536
f 2967//3877 2965//3677 2964//3676 2966//3878
f 3418//3879 3416//3880 3417//3881
f 3599//3882 3602//3485 3130//3484 3125//3883
f 2963//3884 2945//3885 2944//3886 2962//3675
f 59//670 36//671 44//643 61//642
f 2982//1641 2961//506 2960//505 2981//3887
f 2957//1639 2956//3568 2958//1640
f 2951//1635 2954//1634 2950//3570
f 11//404 10//849 35//1624
f 2952//3569 2953//3852 2951//1635 2950//3570
f 47//607 46//678 55//3862 56//594
f 3050//599 3053//684 3054//689 3051//2488
f 3623//3762 3571//3761 3484//3888 3528//3774
f 3060//3889 3065//844 3066//848 3067//3491 3061//3547
f 3597//3890 3594//3891 3593//3892 3592//683 3596//682
f 101//507 100//509 114//797 115//538 110//537 106//507 102//507
f 2945//3885 2943//3893 2942//3894 2944//3886
f 2943//3893 2941//3895 2940//3896 2942//3894
f 4939//3681 4779//3680 4778//3467 4938//3471
f 2941//3895 2939//3897 2938//3898 2940//3896
f 4690//3723 4689//3628 4696//3627 4697//3899 4698//3900
f 2939//3897 2937//3901 2936//3902 2938//3898
f 3483//3903 3569//3904 3565//3905 3479//3906 3478//3907 3482//3775
f 2935//3908 2933//3909 2932//3910 2934//3911
f 2933//3909 2931//3912 2930//3913 2932//3910
f 2931//3912 2912//3837 2911//3838 2930//3913
f 3453//3914 3441//1148 3440//1060 3452//3915
f 3455//3916 3443//1284 3442//3917 3454//3918
f 3456//3919 3444//1058 3443//1284 3455//3916
f 3444//1058 3456//3919 3451//3920 3439//1059
f 3456//3919 3457//3921 3452//3915 3451//3920
f 3457//3921 3458//3922 3453//3914 3452//3915
f 3460//3923 3446//3565 3445//3924 3459//3925
f 3461//3926 3447//3566 3446//3565 3460//3923
f 3447//3566 3461//3926 3454//3918 3442//3917
f 3461//3926 3462//3927 3455//3916 3454//3918
f 3464//3928 3449//3929 3448//1874 3463//3930
f 3449//3929 3464//3928 3459//3925 3445//3924
f 3464//3928 3465//3931 3460//3923 3459//3925
f 3465//3931 3461//3926 3460//3923
f 3466//3932 3450//1273 3431//1272 3435//3933
f 3450//1273 3466//3932 3463//3930 3448//1874
f 3466//3932 3467//3934 3464//3928 3463//3930
f 3436//3777 3468//3776 3466//3932 3435//3933
f 3470//3661 3456//3919 3455//3916 3469//3662
f 3471//3705 3457//3921 3456//3919 3470//3661
f 3472//680 3458//3922 3457//3921 3471//3705
f 3474//3634 3462//3927 3461//3926 3473//3635
f 3462//3927 3474//3634 3469//3662 3455//3916
f 3380//3935 3375//3936 3378//3848 3379//3847
f 3476//3937 3465//3931 3464//3928 3475//3938
f 5042//1693 5059//3939 5060//3940 5061//3624 5037//3630 5043//1694
f 3479//3906 3467//3934 3466//3932 3478//3907
f 3467//3934 3479//3906 3475//3938 3464//3928
f 570//176 3554//3315 3552//3941 3551//3942 2898//3313 1083//2385 566//1262 572//177
f 3480//3943 3481//3944 3477//3636 3476//3937
f 4723//3945 4685//3946 4684//3724 4690//3723 4698//3900 4699//3947 4700//3948 4743//3949 4746//3950 4737//3951 4724//3952
f 3468//3776 3482//3775 3478//3907 3466//3932
f 3588//3953 3581//3954 3570//3955 3569//3904 3572//3760 3587//3768
f 3486//3956 3430//3957 3429//3958 3485//3959
f 3489//3960 3488//3961 3487//3962
f 3063//3492 3055//688 3059//687 3076//3473 3078//846 3064//845
f 3491//3963 3490//3964 3441//1148 3453//3914
f 3458//3922 3492//3965 3491//3963 3453//3914
f 3494//679 3492//3965 3458//3922 3472//680
f 3495//3966 3493//3967 3492//3965 3494//679
f 3496//3968 3493//3967 3495//3966
f 3513//3779 3501//3969 3500//3970 3512//3971
f 3501//3969 3513//3779 3437//3972 3433//3973
f 3513//3779 3438//3778 3437//3972
f 3515//3780 3503//3974 3502//1067 3514//3975
f 3503//3974 3515//3780 3512//3971 3500//3970
f 3515//3780 3513//3779 3512//3971
f 3504//1066 3516//3976 3514//3975 3502//1067
f 3516//3976 3517//3977 3515//3780 3514//3975
f 3519//3978 3506//1238 3505//1240 3518//3979
f 3506//1238 3519//3978 3516//3976 3504//1066
f 3507//3812 3520//3811 3518//3979 3505//1240
f 3520//3811 3521//3980 3519//3978 3518//3979
f 4803//3981 4802//2489 3051//2488 3052//3500 3056//3493 3063//3492 3065//844 3060//3889 4868//3982 4867//3983 4866//3984 4865//3985 4804//3986
f 3522//3810 3523//3987 3521//3980 3520//3811
f 3525//3809 3510//1145 3509//1144 3524//3988
f 3511//1286 3526//3989 3524//3988 3509//1144
f 3526//3989 3527//3990 3525//3809 3524//3988
f 3398//1605 3397//1604 3396//3991 3402//3992 3400//3993
f 3530//3773 3531//3994 3528//3774
f 3533//3995 3517//3977 3516//3976 3532//3996
f 3517//3977 3533//3995 3529//3781 3515//3780
f 3533//3995 3534//3997 3530//3773 3529//3781
f 3534//3997 3535//3998 3531//3994 3530//3773
f 3519//3978 3536//3999 3532//3996 3516//3976
f 3536//3999 3537//4000 3533//3995 3532//3996
f 3537//4000 3538//4001 3534//3997 3533//3995
f 3521//3980 3539//4002 3536//3999 3519//3978
f 3539//4002 3540//4003 3537//4000 3536//3999
f 3542//4004 3523//3987 3522//3810 3541//4005
f 3523//3987 3542//4004 3539//4002 3521//3980
f 3542//4004 3543//4006 3540//4003 3539//4002
f 3525//3809 3544//4007 3541//4005 3522//3810
f 3544//4007 3545//4008 3542//4004 3541//4005
f 3545//4008 3546//4009 3543//4006 3542//4004
f 3527//3990 3547//4010 3544//4007 3525//3809
f 3547//4010 3548//4011 3545//4008 3544//4007
f 3549//1285 3550//4012 3526//3989 3511//1286
f 3550//4012 3551//3942 3527//3990 3526//3989
f 678//999 3674//1526 3673//1263 677//1003
f 3551//3942 3552//3941 3547//4010 3527//3990
f 3552//3941 3553//4013 3548//4011 3547//4010
f 2896//1535 3550//4012 3549//1285 2895//1536
f 3554//3315 3555//3314 3553//4013 3552//3941
f 3452//3915 3440//1060 3439//1059 3451//3920
f 617//1137 1569//1140 1570//1924 1571//1151 621//117 620//1232
f 5215//1283 5026//1282 5031//4014
f 3507//3812 3505//1240 3408//1174
f 4748//4015 4740//4016 4739//4017 4747//4018
f 3434//4019 3438//3778 3436//3777 3432//1271
f 3438//3778 3434//4019 3433//3973 3437//3972
f 3432//1271 3436//3777 3435//3933 3431//1272
f 5232//4020 3375//3936 3380//3935 3382//4021 3385//4022 3387//4023 3393//4024 3395//1603 3399//1602 3401//4025 3403//4026 3405//4027 3407//4028 5220//4029 5219//4030 5221//4031 5222//4032 5223//3517 5225//4033 5227//4034 5228//4035 5229//4036 5231//4037
f 3443//1284 5215//1283 3442//3917
f 509//1863 563//1261 562//1266 508//3585
f 3445//3924 3446//3565 5029//3564 5033//4038
f 3414//4039 3407//4028 3406//4040 3413//4041
f 3416//3880 3414//4039 3413//4041 3415//4042
f 3490//3964 3426//4043 3412//1149 3441//1148
f 4838//3656 4827//3655 4819//4044 4817//4045 4826//4046 4835//4047 4836//4048 4837//4049
f 3419//3819 3420//3818 3418//3879 3417//3881
f 3422//3820 3419//3819 3417//3881 3421//4050
f 3562//3633 3557//3663 3474//3634
f 3562//3633 3563//4051 3558//3660 3557//3663
f 4979//4052 4985//4053 4986//3751 4965//3750 4964//4054
f 3135//3483 3136//3804 3137//3806 3138//3805 3139//3757 3133//3756 3132//3814 3131//3816 3130//3484
f 3567//3827 3481//3944 3480//3943 3566//4055
f 3481//3944 3567//3827 3561//3637 3477//3636
f 5044//4056 5043//1694 5037//3630 4682//3629
f 3569//3904 3570//3955 3566//4055 3565//3905
f 2997//3560 2996//3495 2995//3494 3125//3883 3126//3815 3127//3807
f 2934//3911 2932//3910 2936//3902 2937//3901
f 2910//3833 2917//3843 2906//3844 2908//3834
f 3578//4057 3568//3826 3577//3825
f 3578//4057 3579//4058 3574//4059 3573//4060
f 3579//4058 3580//4061 3575//4062 3574//4059
f 3178//3742 3174//3744 3173//657 3177//662 3194//1644 3195//1643
f 3582//4063 3583//4064 3577//3825 3576//3828
f 3583//4064 3584//4065 3578//4057 3577//3825
f 3584//4065 3585//331 3579//4058 3578//4057
f 3585//331 3586//330 3580//4061 3579//4058
f 3076//3473 3049//3499 3187//3770 3189//3769 3247//3674 3248//3673
f 3588//3953 3589//4066 3582//4063 3581//3954
f 3589//4066 3590//4067 3583//4064 3582//4063
f 3590//4067 3591//332 3584//4065 3583//4064
f 3591//332 3585//331 3584//4065
f 3593//3892 3495//3966 3494//679 3592//683
f 3594//3891 3496//3968 3495//3966 3593//3892
f 3595//4068 3497//4069 3496//3968 3594//3891
f 4729//4070 4728//4071 4740//4016 4748//4015 4749//4072 4750//4073
f 3597//3890 3598//4074 3595//4068 3594//3891
f 3598//4074 3498//4075 3497//4069 3595//4068
f 3599//3882 3499//4076 3498//4075 3598//4074
f 3683//4077 4671//4078 4670//3855 4672//3854 3701//2484 3697//4079 3689//4080
f 3041//3782 3042//3505 3028//3507 3026//3533 3025//843 3040//842
f 3601//4081 3598//4074 3597//3890 3600//4082
f 3602//3485 3599//3882 3598//4074 3601//4081
f 3603//4083 3564//4084 3575//4062
f 3213//3707 3226//3702 3237//3691 3238//3690 3229//3708
f 3493//3967 3496//3968 3497//4069 3498//4075 3485//3959 3429//3958 3423//4085 3421//4050 3415//4042 3413//4041 3406//4040 3404//4086 3402//3992 3396//3991 3394//4087 3392//4088 3386//4089 3384//4090 3381//3846 3377//3849 3376//4091 3383//4092 3426//4043 3490//3964 3491//3963 3492//3965
f 4785//4093 4784//4094 3011//3860 3012//3861
f 3580//4061 3611//4095 3603//4083 3575//4062
f 3611//4095 3612//4096 3604//4097 3603//4083
f 3612//4096 3613//4098 3605//4099 3604//4097
f 3613//4098 3614//4100 3606//4101 3605//4099
f 3614//4100 3615//325 3607//3486 3606//4101
f 3615//325 3616//324 3608//3487 3607//3486
f 3616//324 3617//323 3609//3488 3608//3487
f 3617//323 3618//322 3610//3482 3609//3488
f 3586//330 3619//329 3611//4095 3580//4061
f 3619//329 3620//328 3612//4096 3611//4095
f 3620//328 3621//327 3613//4098 3612//4096
f 3621//327 3622//326 3614//4100 3613//4098
f 3622//326 3615//325 3614//4100
f 3531//3994 3624//3763 3623//3762 3528//3774
f 3626//4102 3535//3998 3534//3997 3625//4103
f 3535//3998 3626//4102 3624//3763 3531//3994
f 3628//4104 3538//4001 3537//4000 3627//4105
f 3538//4001 3628//4104 3625//4103 3534//3997
f 3628//4104 3629//4106 3626//4102 3625//4103
f 3540//4003 3630//4107 3627//4105 3537//4000
f 3630//4107 3631//4108 3628//4104 3627//4105
f 3543//4006 3632//4109 3630//4107 3540//4003
f 3632//4109 3633//4110 3631//4108 3630//4107
f 3635//4111 3546//4009 3545//4008 3634//4112
f 3546//4009 3635//4111 3632//4109 3543//4006
f 3548//4011 3636//4113 3634//4112 3545//4008
f 3636//4113 3637//4114 3635//4111 3634//4112
f 3640//4115 3629//4106 3628//4104 3639//4116
f 3629//4106 3640//4115 3638//4117 3626//4102
f 3631//4108 3641//4118 3639//4116 3628//4104
f 3641//4118 3642//4119 3640//4115 3639//4116
f 3644//4120 3633//4110 3632//4109 3643//4121
f 3633//4110 3644//4120 3641//4118 3631//4108
f 3644//4120 3645//4122 3642//4119 3641//4118
f 3635//4111 3646//4123 3643//4121 3632//4109
f 3646//4123 3647//4124 3644//4120 3643//4121
f 3647//4124 3648//4125 3645//4122 3644//4120
f 3637//4114 3649//4126 3646//4123 3635//4111
f 3649//4126 3650//4127 3647//4124 3646//4123
f 3650//4127 3651//340 3648//4125 3647//4124
f 3429//3958 3427//4128 3424//3821 3423//4085
f 5127//4129 5140//4130 3388//1147 3508//1146 3507//3812 3408//1174 5138//1173 5124//4131
f 3626//4102 3652//3764 3624//3763
f 1650//946 2046//945 4669//4132 3681//4133 3682//4134
f 3653//3767 3654//4135 3588//3953 3587//3768
f 3654//4135 3655//4136 3589//4066 3588//3953
f 3655//4136 3656//333 3590//4067 3589//4066
f 3656//333 3591//332 3590//4067
f 3657//3766 3658//4137 3653//3767
f 3658//4137 3659//4138 3654//4135 3653//3767
f 3659//4138 3660//334 3655//4136 3654//4135
f 3660//334 3656//333 3655//4136
f 3661//3765 3652//3764 3626//4102 3638//4117
f 3661//3765 3662//4139 3658//4137 3657//3766
f 3662//4139 3663//335 3659//4138 3658//4137
f 3663//335 3660//334 3659//4138
f 3640//4115 3664//4140 3661//3765 3638//4117
f 3664//4140 3665//336 3662//4139 3661//3765
f 3665//336 3663//335 3662//4139
f 3642//4119 3666//337 3664//4140 3640//4115
f 3666//337 3665//336 3664//4140
f 3645//4122 3667//338 3666//337 3642//4119
f 3648//4125 3668//339 3667//338 3645//4122
f 3651//340 3668//339 3648//4125
f 3553//4013 3669//4141 3636//4113 3548//4011
f 3669//4141 3670//4142 3637//4114 3636//4113
f 3555//3314 3671//4143 3669//4141 3553//4013
f 3671//4143 3672//1525 3670//4142 3669//4141
f 3556//1264 3673//1263 3671//4143 3555//3314
f 3673//1263 3674//1526 3672//1525 3671//4143
f 3670//4142 3675//1533 3649//4126 3637//4114
f 3675//1533 3676//1532 3650//4127 3649//4126
f 3676//1532 3677//341 3651//340 3650//4127
f 3672//1525 3678//1524 3675//1533 3670//4142
f 3679//494 3680//342 3677//341 3676//1532
f 883//3276 870//3265 869//435 872//437 874//1322 878//1321 880//1320 882//1319
f 3424//3821 3422//3820 3421//4050 3423//4085
f 4722//3469 4712//4144 4711//4145 4710//4146 4721//3657
f 3428//4147 3425//3817 3424//3821 3427//4128
f 3430//3957 3428//4147 3427//4128 3429//3958
f 4948//3474 4946//4148 4944//4149 4942//4150 4935//3470 4934//3659 4933//3497 2992//3496 2993//3559 2976//1913 2972//1912 2970//3872 2968//3876 2966//3878 2964//3676 2962//3675 2944//3886 2942//3894 2940//3896 2938//3898 2936//3902 2932//3910 2930//3913 2911//3838 2909//3836 2907//3835 2905//3842 2904//3841 2903//4151 4936//4152
f 5219//4030 5083//4153 5082//4154 5081//4155 5025//4156 5211//4157 5212//4158 5221//4031
f 3377//3849 3374//4159 3373//4160 3376//4091
f 3378//3848 3375//3936 3374//4159 3377//3849
f 3179//3783 3175//3743 3174//3744 3178//3742 3181//3741 3182//3740
f 3382//4021 3380//3935 3379//3847 3381//3846
f 5218//4161 5217//4162 5220//4029 3407//4028 3414//4039 3416//3880 3418//3879 3420//3818 3425//3817 3428//4147 3430//3957 3487//3962 3488//3961
f 3385//4022 3382//4021 3381//3846 3384//4090
f 3387//4023 3385//4022 3384//4090 3386//4089
f 625//1055 624//723 1573//722 1574//1056
f 3618//322 3142//321 3135//3483 3610//3482
f 2677//1114 2676//944 1673//943 1675//2389 1678//1115
f 3393//4024 3387//4023 3386//4089 3392//4088
f 3395//1603 3393//4024 3392//4088 3394//4087
f 3397//1604 3395//1603 3394//4087 3396//3991
f 3566//4055 3480//3943 3476//3937 3475//3938 3479//3906 3565//3905
f 3401//4025 3399//1602 3398//1605 3400//3993
f 3403//4026 3401//4025 3400//3993 3402//3992
f 3405//4027 3403//4026 3402//3992 3404//4086
f 3407//4028 3405//4027 3404//4086 3406//4040
f 3687//4163 3686//4164 3683//4077 3684//4165
f 3687//4163 3682//4134 3681//4133 3686//4164
f 3688//2669 3687//4163 3684//4165 3685//4166
f 1651//2387 1650//946 3682//4134 3687//4163
f 1652//2388 1651//2387 3687//4163 3688//2669
f 3690//4167 3684//4165 3683//4077 3689//4080
f 3692//2667 3688//2669 3685//4166 3691//4168
f 5161//3126 5159//4169 5160//3116 5162//3192 5189//4170 5188//2023 5187//2022
f 3704//4171 3699//4172 3694//4173 3693//4174 3691//4168 3685//4166 3684//4165 3690//4167 3698//4175 3702//4176 3703//4177
f 3695//4178 3692//2667 3691//4168 3693//4174
f 3696//2668 3695//4178 3693//4174 3694//4173
f 3696//2668 3692//2667 3695//4178
f 3700//1340 3696//2668 3694//4173 3699//4172
f 1654//1339 1653//2382 3696//2668 3700//1340
f 3702//4176 3698//4175 3697//4079 3701//2484
f 3705//4179 3706//4180 3703//4177 3702//4176
f 3706//4180 3707//1341 3704//4171 3703//4177
f 3707//1341 3700//1340 3699//4172 3704//4171
f 3709//4181 3702//4176 3701//2484 3708//2483
f 3710//2372 3705//4179 3702//4176 3709//4181
f 3711//4182 3706//4180 3705//4179 3710//2372
f 3712//4183 3707//1341 3706//4180 3711//4182
f 1656//2371 1657//2381 3711//4182 3710//2372
f 1657//2381 1658//2380 3712//4183 3711//4182
f 1658//2380 1655//1342 3707//1341 3712//4183
f 3714//2373 3710//2372 3709//4181 3713//4184
f 3716//2374 3714//2373 3713//4184 3715//4185
f 1672//1542 1671//2230 4029//3193 4036//1542
f 4036//1542 4029//3193 4028//4186 4035//1542
f 4035//1542 4028//4186 4027//4187 4034//1542
f 4034//1542 4027//4187 4026//4188 4033//1542
f 4033//1542 4026//4188 4025//4189 4032//1542
f 4032//1542 4025//4189 4024//4190 4031//1542
f 4031//1542 4024//4190 4023//4191 4030//1542
f 4030//1542 4023//4191 3916//4192 3924//1542
f 1381//2045 2616//3203 2614//3201 2615//2826 1388//1502 1387//1501 1382//2043
f 4020//1836 4019//1835 4023//4191 4024//4190 4025//4189
f 4021//1837 4027//4187 4028//4186 4029//3193 4022//1838
f 4020//1836 4025//4189 4026//4188 4027//4187 4021//1837
f 3788//2249 3787//1574 4887//1573 4888//4193
f 4879//1818 4829//2795 4840//2794 4882//4194
f 3832//3110 3831//3109 3833//2243 3834//2242
f 1936//1808 1943//2116 1944//2115 1945//2059 1937//1809
f 1668//2287 1670//2278 4016//2277 3998//4195
f 1669//2282 1667//2288 3997//4196 4015//2283
f 3998//4195 4016//2277 4014//2276 3995//4197
f 4015//2283 3997//4196 3994//2284
f 3995//4197 4014//2276 4013//2275 3992//4198
f 3992//4198 4013//2275 3991//2274
f 3991//2274 4012//4199 4010//4200 3988//4201
f 4012//4199 3991//2274 3990//4202 4011//4203
f 4011//4203 3990//4202 3987//4204 4009//4205
f 3988//4201 4010//4200 4008//4206 3985//4207
f 4009//4205 3987//4204 3984//4208 4007//4209
f 3985//4207 4008//4206 4007//4209 3984//4208
f 3984//4208 4006//2681 4004//2680 3982//4210
f 4006//2681 3984//4208 3983//4211 4005//2682
f 4005//2682 3983//4211 3981//4212 4003//2677
f 3982//4210 4004//2680 4002//2679 3980//4213
f 4003//2677 3981//4212 3979//4214 4001//2678
f 3980//4213 4002//2679 4001//2678 3979//4214
f 3979//4214 4000//4215 3897//4216 3891//4217
f 4000//4215 3979//4214 3978//4218 3999//4219
f 3999//4219 3978//4218 3890//4220
f 1664//2305 1668//2287 3998//4195 3975//4221
f 1667//2288 1666//2306 3996//4222 3997//4196
f 1666//2306 1663//2307 3974//4223 3996//4222
f 3975//4221 3998//4195 3995//4197 3972//4224
f 3997//4196 3996//4222 3993//4225 3994//2284
f 3996//4222 3974//4223 3971//4226 3993//4225
f 3972//4224 3995//4197 3992//4198 3970//4227
f 3994//2284 3993//4225 3990//4202 3991//2274
f 3993//4225 3971//4226 3969//4228 3990//4202
f 3970//4227 3992//4198 3989//4229 3968//4230
f 3992//4198 3991//2274 3988//4201 3989//4229
f 3990//4202 3969//4228 3966//4231 3987//4204
f 3968//4230 3989//4229 3988//4201 3967//4232
f 3967//4232 3988//4201 3985//4207 3963//4233
f 3987//4204 3966//4231 3965//4234 3986//4235
f 3987//4204 3986//4235 3983//4211 3984//4208
f 3986//4235 3965//4234 3962//4236 3983//4211
f 3985//4207 3984//4208 3982//4210
f 3983//4211 3962//4236 3960//4237 3981//4212
f 3890//4220 3887//4238 3896//4239 3897//4216 4000//4215 3999//4219
f 1853//2161 1850//2164 1851//2188 1842//2203 1841//2200 1843//2198 1845//2183 1855//2182
f 3981//4212 3978//4218 3979//4214
f 3980//4213 3979//4214 3891//4217
f 3978//4218 3956//4240 3955//4241 3977//4242
f 3978//4218 3977//4242 3889//4243 3890//4220
f 1662//2340 1665//2339 3976//4244 3954//3029
f 1665//2339 1664//2305 3975//4221 3976//4244
f 1663//2307 1661//2341 3953//4245 3974//4223
f 3954//3029 3976//4244 3973//4246 3950//3030
f 3976//4244 3975//4221 3972//4224 3973//4246
f 3974//4223 3953//4245 3948//4247 3971//4226
f 3950//3030 3973//4246 3972//4224 3949//4248
f 3949//4248 3972//4224 3970//4227 3943//4249
f 3971//4226 3948//4247 3942//4250 3969//4228
f 3943//4249 3970//4227 3968//4230 3939//3032
f 3969//4228 3942//4250 3938//4251 3966//4231
f 3939//3032 3968//4230 3964//4252 3936//3033
f 3968//4230 3967//4232 3963//4233 3964//4252
f 3966//4231 3938//4251 3937//2546 3965//4234
f 3965//4234 3937//2546 3934//4253 3962//4236
f 3936//3033 3964//4252 3963//4233 3935//4254
f 3935//4254 3963//4233 3961//4255 3931//4256
f 3962//4236 3934//4253 3930//4257 3960//4237
f 3931//4256 3961//4255 3958//4258 3928//3035
f 3961//4255 3957//4259 3958//4258
f 3960//4237 3930//4257 3929//2544 3959//4260
f 3959//4260 3929//2544 3926//4261 3956//4240
f 3928//3035 3958//4258 3957//4259 3927//4262
f 3927//4262 3957//4259 3878//4263 3868//4264
f 3956//4240 3926//4261 3925//2543 3955//4241
f 1661//2341 1660//2366 3952//4265 3953//4245
f 1660//2366 1659//2368 3717//2375 3952//4265
f 3953//4245 3952//4265 3947//2548 3948//4247
f 3952//4265 3717//2375 3716//2374 3951//4266
f 3952//4265 3951//4266 3946//2549 3947//2548
f 3951//4266 3716//2374 3715//4185 3946//2549
f 3950//3030 3949//4248 3943//4249 3944//3031
f 3948//4247 3947//2548 3941//2547 3942//4250
f 3944//3031 3943//4249 3939//3032
f 3942//4250 3941//2547 3937//2546 3938//4251
f 4406//4267 4405//4268 4346//3068 4347//2964 4407//2963
f 3937//2546 3933//2545 3934//4253
f 3936//3033 3935//4254 3931//4256 3932//3034
f 3934//4253 3933//2545 3929//2544 3930//4257
f 4421//4269 4420//4270 4405//4268 4406//4267 4422//4271
f 3932//3034 3931//4256 3928//3035
f 3929//2544 3925//2543 3926//4261
f 3928//3035 3927//4262 3868//4264 3869//3036
f 3924//1542 3916//4192 3915//1759 3923//1542
f 3923//1542 3915//1759 3914//1758 3922//1542
f 3922//1542 3914//1758 3913//1757 3921//1542
f 3921//1542 3913//1757 3912//4272 3920//1542
f 3920//1542 3912//4272 3911//3129 3919//1542
f 3919//1542 3911//3129 3910//3128 3918//1542
f 3918//1542 3910//3128 3909//3127 3917//1542
f 3917//1542 3909//3127 3848//4273 3856//1542
f 4579//4274 4396//4275 4395//4276 4394//4277 4393//4278 4392//4279 4390//4280 4385//4281 4386//4282 4584//4283 4583//4284 4582//4285 4581//4286 4580//4287
f 2612//3198 2611//3196 2609//3194 2610//3131 2615//2826 2614//3201 2613//3198
f 3907//1756 3905//1834 3911//3129 3912//4272 3913//1757
f 2555//3141 2554//3138 2552//3138 2553//3130 2610//3131 2609//3194 2556//3143
f 1117//1855 1094//2248 1095//1563 1118//1562
f 3780//3107 4909//3106 4910//1569 4911//1568 3782//2245
f 3780//3107 3782//2245 3783//2244 3781//3108
f 3898//1852 3832//3110 3834//2242 3900//1853
f 3891//4217 3897//4216 3896//4239 3888//4288
f 3888//4288 3896//4239 3887//4238
f 3887//4238 3895//4289 3893//4290 3885//4291
f 3895//4289 3887//4238 3886//4292 3894//4293
f 3895//4289 3894//4293 3892//4294 3893//4290
f 3885//4291 3893//4290 3892//4294 3884//4295
f 3890//4220 3889//4243 3886//4292 3887//4238
f 3888//4288 3887//4238 3885//4291
f 3980//4213 3891//4217 3888//4288 3885//4291 3874//4296 3875//4297 3876//4298 3877//4299 3878//4263 3957//4259 3961//4255 3963//4233 3985//4207 3982//4210
f 3885//4291 3884//4295 3882//4300 3883//4301
f 3883//4301 3882//4300 3880//4302 3881//4303
f 3872//4304 3881//4303 3880//4302 3871//4305
f 3871//4305 3880//4302 3879//4306 3870//4307
f 3868//4264 3878//4263 3877//4299 3867//4308
f 3867//4308 3877//4299 3876//4298 3865//4309
f 3865//4309 3876//4298 3875//4297 3864//3038
f 3864//3038 3875//4297 3874//4296 3863//4310
f 3863//4310 3874//4296 3873//4311 3861//4312
f 3861//4312 3873//4311 3872//4304 3860//3040
f 3860//3040 3872//4304 3871//4305 3859//4313
f 3859//4313 3871//4305 3870//4307 3858//3041
f 3869//3036 3868//4264 3866//3037
f 3868//4264 3867//4308 3865//4309 3866//3037
f 3866//3037 3865//4309 3864//3038
f 3864//3038 3863//4310 3861//4312 3862//3039
f 3862//3039 3861//4312 3860//3040
f 3860//3040 3859//4313 3858//3041
f 3856//1542 3848//4273 3847//4314 3855//1542
f 3855//1542 3847//4314 3846//4315 3854//1542
f 3854//1542 3846//4315 3845//4316 3853//1542
f 3853//1542 3845//4316 3844//2647 3852//1542
f 3852//1542 3844//2647 3843//2646 3851//1542
f 3851//1542 3843//2646 3842//2645 3850//1542
f 3850//1542 3842//2645 3841//4317 3849//1542
f 3849//1542 3841//4317 3797//4318 3805//1542
f 3840//1832 3847//4314 3848//4273 3909//3127 3904//1833
f 3845//4316 3839//1831 3838//1830 3844//2647
f 3789//3187 3796//3186 3797//4318 3841//4317 3835//4319
f 3842//2645 3837//1829 3835//4319 3841//4317
f 3839//1831 3845//4316 3846//4315 3847//4314 3840//1832
f 1802//4320 4017//1841 4018//1792 1803//1791
f 1930//1826 1864//4321 1868//4322 1931//2246
f 4908//3105 4878//1816 4881//1570 4910//1569 4909//3106
f 3827//4323 3830//4324 3778//4325 3768//4326
f 3830//4324 3827//4323 3826//4327 3829//4328
f 3829//4328 3826//4327 3767//4329 3777//4330
f 3819//4331 3828//4332 3769//4333 3753//4334
f 3828//4332 3819//4331 3818//4335 3827//4323
f 3828//4332 3827//4323 3768//4326 3769//4333
f 3827//4323 3818//4335 3817//4336 3826//4327
f 3826//4327 3817//4336 3816//4337 3825//4338
f 3826//4327 3825//4338 3766//4339 3767//4329
f 3825//4338 3816//4337 3752//4340 3766//4339
f 3813//3027 3824//4341 3819//4331 3808//4342
f 3824//4341 3813//3027 3812//3026 3823//4343
f 3824//4341 3823//4343 3818//4335 3819//4331
f 3823//4343 3812//3026 3811//3025 3822//4344
f 3823//4343 3822//4344 3817//4336 3818//4335
f 3822//4344 3811//3025 3810//3024 3821//4345
f 3822//4344 3821//4345 3816//4337 3817//4336
f 3821//4345 3810//3024 3807//4346 3816//4337
f 3809//3111 3820//4347 3754//4348 3736//3112
f 3820//4347 3809//3111 3808//4342 3819//4331
f 3820//4347 3819//4331 3753//4334 3754//4348
f 3816//4337 3807//4346 3806//3023 3815//4349
f 3816//4337 3815//4349 3751//4350 3752//4340
f 3815//4349 3806//3023 3735//4351 3751//4350
f 3725//4352 3724//3019 3721//3018
f 3726//4353 3725//4352 3721//3018 3722//3017
f 3727//4354 3726//4353 3722//3017 3723//3016
f 3728//3015 3727//4354 3723//3016
f 3729//4355 3718//3020 3724//3019
f 3730//4356 3729//4355 3724//3019 3725//4352
f 3732//3114 3731//4357 3728//3015
f 3733//4358 3719//3021 3718//3020 3729//4355
f 3735//4351 3720//3022 3719//3021 3733//4358
f 3726//4353 3738//4359 3737//4360 3725//4352
f 3727//4354 3739//4361 3738//4359 3726//4353
f 3728//3015 3740//4362 3739//4361 3727//4354
f 3730//4356 3742//4363 3741//4364 3729//4355
f 3742//4363 3730//4356 3725//4352 3737//4360
f 3743//4365 3742//4363 3737//4360 3738//4359
f 3745//4366 3744//4367 3739//4361 3740//4362
f 3731//4357 3745//4366 3740//4362 3728//3015
f 3732//3114 3746//4368 3745//4366 3731//4357
f 3747//4369 3733//4358 3729//4355 3741//4364
f 3748//4370 3747//4369 3741//4364 3742//4363
f 3750//4371 3749//4372 3745//4366 3746//4368
f 3734//3113 3750//4371 3746//4368 3732//3114
f 3751//4350 3735//4351 3733//4358 3747//4369
f 3754//4348 3753//4334 3749//4372 3750//4371
f 3736//3112 3754//4348 3750//4371 3734//3113
f 3739//4361 3756//4373 3755//4374 3738//4359
f 3743//4365 3758//4375 3757//4376 3742//4363
f 3758//4375 3743//4365 3738//4359 3755//4374
f 3759//4377 3758//4375 3755//4374 3756//4373
f 3744//4367 3759//4377 3756//4373 3739//4361
f 3745//4366 3760//4378 3759//4377 3744//4367
f 3748//4370 3762//4379 3761//4380 3747//4369
f 3762//4379 3748//4370 3742//4363 3757//4376
f 3764//4381 3763//4382 3759//4377 3760//4378
f 3749//4372 3764//4381 3760//4378 3745//4366
f 3765//4383 3751//4350 3747//4369 3761//4380
f 3766//4339 3765//4383 3761//4380 3762//4379
f 3766//4339 3752//4340 3751//4350 3765//4383
f 3753//4334 3769//4333 3764//4381 3749//4372
f 3758//4375 3771//4384 3770//4385 3757//4376
f 3759//4377 3772//4386 3771//4384 3758//4375
f 3773//4387 3762//4379 3757//4376 3770//4385
f 3777//4330 3776//4388 3773//4387 3770//4385 3771//4384 3772//4386 3774//4389 3775//4390 3779//4391 3778//4325 3830//4324 3829//4328
f 3763//4382 3774//4389 3772//4386 3759//4377
f 3764//4381 3775//4390 3774//4389 3763//4382
f 3776//4388 3766//4339 3762//4379 3773//4387
f 3777//4330 3767//4329 3766//4339 3776//4388
f 3779//4391 3769//4333 3768//4326 3778//4325
f 3769//4333 3779//4391 3775//4390 3764//4381
f 1863//4392 1802//4320 1803//1791 1804//1794 1865//2240
f 1931//2246 1868//4322 1866//2241 1867//1565 1998//1564 1997//2247
f 5185//2028 5186//2031 4222//1850 4221//1849
f 5191//4393 5173//4394 5174//3123 5192//2021 5196//2020 5195//4395 5194//4396 5193//4397
f 5168//4398 5167//4399 5165//4400 5166//3125 5171//3124 5170//4401 5169//4402
f 3799//1628 3791//4403 3790//4404 3798//1630
f 3800//1628 3792//4405 3791//4403 3799//1628
f 3801//1628 3793//4406 3792//4405 3800//1628
f 3802//1628 3794//3189 3793//4406 3801//1628
f 3803//1629 3795//3190 3794//3189 3802//1628
f 3804//1628 3796//3186 3795//3190 3803//1629
f 3805//1542 3797//4318 3796//3186 3804//1628
f 3806//3023 3720//3022 3735//4351
f 3810//3024 3806//3023 3807//4346
f 3814//3028 3813//3027 3808//4342 3809//3111
f 4507//2538 4173//4407 4169//4408 4504//2539
f 4170//4409 4506//2910 4502//4410 4165//4411
f 4506//2910 4417//2909 4415//4412 4502//4410
f 4505//2540 4504//2539 4500//4413 4501//4414
f 4504//2539 4169//4408 4168//4415 4503//4416
f 4504//2539 4503//4416 4499//4417 4500//4413
f 4503//4416 4168//4415 4164//4418 4499//4417
f 4165//4411 4502//4410 4497//4419 4159//4420
f 4502//4410 4415//4412 4413//4421 4497//4419
f 4500//4413 4499//4417 4495//4422 4496//4423
f 4499//4417 4164//4418 4158//4424 4495//4422
f 4160//4425 4498//4426 4491//4427 4154//4428
f 4498//4426 4160//4425 4159//4420 4497//4419
f 4498//4426 4497//4419 4490//4429 4491//4427
f 4497//4419 4413//4421 4412//4430 4490//4429
f 4495//4422 4158//4424 4157//4431 4494//2565
f 4495//4422 4494//2565 4487//2564 4488//4432
f 4494//2565 4157//4431 4156//4433 4493//2560
f 4493//2560 4156//4433 4155//4434 4492//2561
f 4492//2561 4155//4434 4154//4428 4491//4427
f 4492//2561 4491//4427 4484//4435 4485//2562
f 4491//4427 4490//4429 4483//4436 4484//4435
f 4482//4437 4481//4438 4479//4439 4480//3043
f 4480//3043 4479//4439 4368//3044
f 4479//4439 4478//4440 4367//3045 4368//3044
f 4478//4440 4477//4441 4366//3046 4367//3045
f 4477//4441 4476//4442 4365//3047 4366//3046
f 1679//1177 1678//1115 1675//2389 1676//2386 1677//2384 1680//2383
f 4461//2688 4472//2756 4458//2755
f 4472//2756 4461//2688 4460//2757
f 4456//4443 4471//2753 4453//2752
f 4471//2753 4456//4443 4455//2754
f 2275//2720 2293//2739 2291//2737 2289//2736 2273//2718 2274//2719
f 4452//4444 4470//2750 4469//2749 4450//4445
f 4470//2750 4452//4444 4451//2751
f 4468//2770 4467//2855 4465//4446 4466//2670
f 4467//2855 4391//2854 4389//4447 4465//4446
f 4009//4205 4007//4209 4008//4206 4010//4200 4012//4199 4011//4203
f 4443//2771 4466//2670 4464//4448 4436//4449
f 4466//2670 4465//4446 4463//4450 4464//4448
f 4465//4446 4389//4447 4384//4451 4463//4450
f 4436//4449 4464//4448 4463//4450 4435//4452
f 4435//4452 4463//4450 4384//4451 4379//4453
f 4434//4454 4462//4455 4459//4456 4432//4457
f 4462//4455 4434//4454 4433//2689 4461//2688
f 4462//4455 4461//2688 4458//2755 4459//4456
f 4432//4457 4459//4456 4456//4443 4430//4458
f 4459//4456 4458//2755 4455//2754 4456//4443
f 4431//4459 4457//4460 4454//4461 4429//4462
f 4457//4460 4431//4459 4430//4458 4456//4443
f 4457//4460 4456//4443 4453//2752 4454//4461
f 4429//4462 4454//4461 4452//4444 4428//4463
f 4454//4461 4453//2752 4451//2751 4452//4444
f 4449//2777 4448//2776 4441//4464 4442//4465
f 4448//2776 4447//2775 4440//4466 4441//4464
f 4447//2775 4446//2774 4439//4467 4440//4466
f 4446//2774 4445//2773 4438//4468 4439//4467
f 4445//2773 4444//2772 4437//4469 4438//4468
f 4444//2772 4443//2771 4436//4449 4437//4469
f 4427//4470 4442//4465 4441//4464 4426//4471
f 4426//4471 4441//4464 4440//4466 4425//4472
f 4425//4472 4440//4466 4439//4467 4424//4473
f 4424//4473 4439//4467 4438//4468 4423//4474
f 4423//4474 4438//4468 4437//4469 4422//4271
f 4422//4271 4437//4469 4436//4449 4421//4269
f 4421//4269 4436//4449 4435//4452 4420//4270
f 4420//4270 4435//4452 4379//4453 4375//4475
f 4419//2908 4434//4454 4432//4457 4416//4476
f 4434//4454 4419//2908 4418//4477 4433//2689
f 4416//4476 4432//4457 4430//4458 4414//4478
f 4415//4412 4431//4459 4429//4462 4413//4421
f 4431//4459 4415//4412 4414//4478 4430//4458
f 4413//4421 4429//4462 4428//4463 4412//4430
f 4411//4479 4427//4470 4426//4471 4410//2966
f 4410//2966 4426//4471 4425//4472 4409//2967
f 4409//2967 4425//4472 4424//4473 4408//2962
f 4408//2962 4424//4473 4423//4474 4407//2963
f 4407//2963 4423//4474 4422//4271 4406//4267
f 2165//2575 2148//1859 2053//1861 2068//2452
f 4405//4268 4420//4270 4375//4475 4372//4480
f 4417//2909 4419//2908 4416//4476
f 4417//2909 4416//4476 4414//4478 4415//4412
f 2391//2881 2378//2221 2377//2220 2376//2852 2330//2816 2335//2817 2388//2876 2389//2876 2390//2879
f 4405//4268 4372//4480 4310//3069 4346//3068
f 3857//3042 4482//4437 4480//3043
f 3858//3041 4489//4481 4482//4437 3857//3042
f 4396//4275 4404//4482 4403//4483 4395//4276
f 4395//4276 4403//4483 4402//4484 4394//4277
f 4394//4277 4402//4484 4401//4485 4393//4278
f 4393//4278 4401//4485 4400//4486 4392//4279
f 4392//4279 4400//4486 4399//4487 4390//4280
f 4390//4280 4399//4487 4398//4488 4385//4281
f 4385//4281 4398//4488 4397//4489 4380//4490
f 4380//4490 4397//4489 4334//4491 4325//4492
f 4565//4493 4534//4494 4533//4495 4532//4496 4563//4497 4564//4498
f 4677//2542 4508//2541 4676//4499
f 4388//4500 4389//4447 4391//2854 4585//2853 4587//4501 4589//4502 2035//2744 2224//2743 2226//2781 2228//2358 2354//2357 2353//2832 2352//2830 4387//4503
f 3858//3041 3870//4307 4527//4504 4489//4481
f 4389//4447 4388//4500 4383//4505 4384//4451
f 4388//4500 4387//4503 4382//4506 4383//4505
f 4387//4503 4386//4282 4381//4507 4382//4506
f 4386//4282 4385//4281 4380//4490 4381//4507
f 4379//4453 4384//4451 4383//4505 4378//4508
f 4678//4509 4676//4499 4508//2541 4534//4494
f 4378//4508 4383//4505 4382//4506 4377//4510
f 4679//4511 4677//2542 4676//4499 4678//4509
f 4377//4510 4382//4506 4381//4507 4376//4512
f 4376//4512 4381//4507 4326//4513 4314//4514
f 3870//4307 3879//4306 4557//4515 4527//4504
f 3880//4302 4561//4516 4557//4515 3879//4306
f 4381//4507 4380//4490 4325//4492 4326//4513
f 4375//4475 4379//4453 4378//4508 4374//4517
f 4374//4517 4378//4508 4377//4510 4373//4518
f 4373//4518 4377//4510 4315//4519 4311//4520
f 3884//4295 4564//4498 4563//4497 3882//4300
f 4377//4510 4376//4512 4314//4514 4315//4519
f 4372//4480 4375//4475 4374//4517 4371//4521
f 4371//4521 4374//4517 4312//4522 4309//4523
f 3886//4292 4565//4493 4564//4498 3884//4295
f 3886//4292 4678//4509 4534//4494 4565//4493
f 4374//4517 4373//4518 4311//4520 4312//4522
f 4372//4480 4371//4521 4309//4523 4310//3069
f 3889//4243 4679//4511 4678//4509 3886//4292
f 4369//4524 4370//4525 4304//4526 4300//4527
f 4370//4525 4369//4524 4352//4528 4357//4529
f 4370//4525 4357//4529 4280//3354 4304//4526
f 3880//4302 4680//4530 4577//4531 4561//4516
f 4681//4532 4578//4533 4577//4531 4680//4530
f 4681//4532 3882//4300 4563//4497 4578//4533
f 3882//4300 4681//4532 4680//4530 3880//4302
f 4358//4534 4369//4524 4300//4527 4294//4535
f 3894//4293 3886//4292 3884//4295 3892//4294
f 4369//4524 4358//4534 4339//4536 4352//4528
f 4362//3066 4345//3065 4343//4537 4361//4538
f 4361//4538 4359//4539 4360//3049 4364//3048 4363//3067 4362//3066
f 4361//4538 4358//4534 4359//4539
f 4361//4538 4343//4537 4339//4536 4358//4534
f 4360//3049 4359//4539 4295//4540 4296//3050
f 4359//4539 4358//4534 4294//4535 4295//4540
f 4357//4529 4352//4528 4351//4541 4356//4542
f 4357//4529 4356//4542 4279//3355 4280//3354
f 4356//4542 4351//4541 4350//4543 4355//4544
f 4356//4542 4355//4544 4278//4545 4279//3355
f 4355//4544 4350//4543 4267//4546 4278//4545
f 4343//4537 4354//4547 4352//4528 4339//4536
f 4354//4547 4343//4537 4342//4548 4353//4549
f 4354//4547 4353//4549 4351//4541 4352//4528
f 4353//4549 4342//4548 4338//4550 4351//4541
f 4351//4541 4338//4550 4337//4551 4350//4543
f 4350//4543 4337//4551 4336//4552 4349//4553
f 4350//4543 4349//4553 4266//4554 4267//4546
f 4349//4553 4336//4552 4256//4555 4266//4554
f 4345//3065 4344//3064 4342//4548 4343//4537
f 4344//3064 4341//3063 4342//4548
f 4342//4548 4341//3063 4337//4551 4338//4550
f 4341//3063 4340//3062 4336//4552 4337//4551
f 4340//3062 4335//3061 4336//4552
f 4336//4552 4335//3061 4255//3060 4256//4555
f 4325//4492 4334//4491 4333//4556 4323//4557
f 4323//4557 4333//4556 4332//4558 4322//4559
f 4322//4559 4332//4558 4331//4560 4321//4561
f 4321//4561 4331//4560 4330//4562 4320//4563
f 4320//4563 4330//4562 4329//4564 4318//2236
f 4318//2236 4329//4564 4328//4565 4317//2237
f 4317//2237 4328//4565 4327//4566 4316//2238
f 4316//2238 4327//4566 4241//4567 4233//2239
f 4314//4514 4326//4513 4324//4568 4313//4569
f 4326//4513 4325//4492 4323//4557 4324//4568
f 3792//4405 3785//4570 3784//4571 3790//4404 3791//4403
f 1899//2140 1898//2143 1895//2145 1894//2151 1893//2152 1892//2150 1896//2142 1891//2114 1954//2113 1957//2101 1960//2098 1961//2096 1966//2108 1963//2094 1964//2091 1965//1823 1093//1822 1116//1856 1123//1821 1126//1698 1177//1696 1180//1682 1182//1681 1185//1678 1176//1679 1162//559 1163//558 1165//1705 1164//1706 1166//1904 1276//1752 1280//1751 1279//1753 1278//1754 1277//1746 1242//1748 1241//1777 1240//1779 1239//1739 1591//1738 1590//1901 1589//1902 1584//1905 1583//1907 1582//1908 1581//1909 1522//1910 1519//1949 1504//1950 1503//1951 1500//1964 1498//1965 1495//1966 1492//1967 1490//1968 1439//739 1437//1992 1411//1993 1409//2026 1407//2027 1386//1379 1380//1378 2607//1896 2662//1895 2660//3230 2658//3235 2599//3179 2596//3176 2594//3174 2566//3149 2565//3147 2568//3146 2567//3152 2571//3151 2576//3156 2623//3206 2625//3208 2628//3209 2632//3212 2633//3213 2634//3215 2663//3234 2664//1894 2606//1897 2544//2124 2542//4572 2540//3014 2332//2814 2380//2851 2381//2219 2382//2218 2459//2784 2460//2785 2461//2942 2462//2944 2463//2946 2458//2578 1838//2210 1837//2211 1835//2197 1833//2216 1831//2217 1828//2206 1734//2209 1731//2314 1727//2317 1724//2325 1720//2327 1717//2359 1712//2334 1706//2337 1662//2340 3954//3029 3814//3028 3809//3111 4017//1841 1802//4320 1863//4392 1864//4321 1930//1826 1956//1825 1901//2106
f 3002//3829 3003//3553 3000//3552 2999//3530 2946//3480 2915//3479 2916//3839 2917//3843 2910//3833 2912//3837 2931//3912 2933//3909 2935//3908 2939//3897 2941//3895 2943//3893 2945//3885 2963//3884 2967//3877 2969//3875 2975//3866 2978//3567 2994//3558 2998//3557 3128//3808 3121//3824
f 3940//2551 4665//4573 4664//2532
f 3940//2551 4674//4574 4219//3869 4665//4573
f 3945//2550 4675//2487 4674//4574 3940//2551
f 3946//2549 3715//4185 4675//2487 3945//2550
f 4310//3069 4309//4523 4307//2046 4308//2047
f 3955//4241 3925//2543 4677//2542 4679//4511
f 4915//4575 4922//4576 4923//4577 3790//4404 3784//4571
f 4300//4527 4304//4526 4303//4578 4298//4579
f 4304//4526 4280//3354 4276//3353 4303//4578
f 4298//4579 4303//4578 4302//4580 4297//4581
f 4303//4578 4276//3353 4272//4582 4302//4580
f 4297//4581 4302//4580 4272//4582 4263//4583
f 4295//4540 4301//4584 4299//4585 4292//4586
f 4301//4584 4295//4540 4294//4535 4300//4527
f 4301//4584 4300//4527 4298//4579 4299//4585
f 4292//4586 4299//4585 4298//4579 4291//4587
f 4291//4587 4298//4579 4297//4581 4289//4588
f 4289//4588 4297//4581 4263//4583 4252//4589
f 4296//3050 4295//4540 4292//4586 4293//3051
f 3977//4242 3955//4241 4679//4511 3889//4243
f 4293//3051 4292//4586 4290//3052
f 4292//4586 4291//4587 4289//4588 4290//3052
f 4290//3052 4289//4588 4288//3053
f 4289//4588 4252//4589 4248//4590 4288//3053
f 4288//3053 4248//4590 4244//3054
f 4287//3350 4279//3355 4278//4545 4286//4591
f 4287//3350 4286//4591 4283//4592 4284//3351
f 4286//4591 4278//4545 4274//4593 4283//4592
f 4276//3353 4285//3352 4282//4594 4272//4582
f 4285//3352 4284//3351 4281//4595 4282//4594
f 4284//3351 4275//4596 4271//4597 4281//4595
f 4275//4596 4284//3351 4283//4592 4274//4593
f 4272//4582 4282//4594 4281//4595 4271//4597
f 4278//4545 4267//4546 4266//4554 4277//4598
f 4278//4545 4277//4598 4273//4599 4274//4593
f 4277//4598 4266//4554 4264//4600 4273//4599
f 4275//4596 4274//4593 4270//4601 4271//4597
f 4274//4593 4265//4602 4261//4603 4270//4601
f 4265//4602 4274//4593 4273//4599 4264//4600
f 4263//4583 4272//4582 4269//4604 4259//4605
f 4272//4582 4271//4597 4268//4606 4269//4604
f 4271//4597 4262//4607 4258//4608 4268//4606
f 4262//4607 4271//4597 4270//4601 4261//4603
f 4259//4605 4269//4604 4268//4606 4258//4608
f 4266//4554 4256//4555 4254//4609 4264//4600
f 4265//4602 4264//4600 4260//4610 4261//4603
f 4264//4600 4254//4609 4250//4611 4260//4610
f 4252//4589 4263//4583 4259//4605 4248//4590
f 4262//4607 4261//4603 4257//4612 4258//4608
f 4261//4603 4251//4613 4246//4614 4257//4612
f 4251//4613 4261//4603 4260//4610 4250//4611
f 4248//4590 4259//4605 4258//4608 4247//4615
f 4247//4615 4258//4608 4257//4612 4246//4614
f 4256//4555 4255//3060 4253//3059 4254//4609
f 4254//4609 4253//3059 4249//3058 4250//4611
f 4251//4613 4250//4611 4245//3057 4246//4614
f 4250//4611 4249//3058 4245//3057
f 4248//4590 4247//4615 4243//3055 4244//3054
f 4247//4615 4246//4614 4242//3056 4243//3055
f 4246//4614 4245//3057 4242//3056
f 4233//2239 4241//4567 4240//4616 4231//2231
f 4231//2231 4240//4616 4239//4617 4229//2232
f 4229//2232 4239//4617 4238//4618 4228//4619
f 4228//4619 4238//4618 4237//4620 4227//4621
f 4227//4621 4237//4620 4236//4622 4226//4623
f 4226//4623 4236//4622 4235//4624 4225//4625
f 4225//4625 4235//4624 4234//4626 4224//4627
f 4319//2235 4232//2234 4223//4628 4313//4569 4324//4568
f 1406//2018 1385//1376 1386//1379 1407//2027
f 4320//4563 4318//2236 4319//2235 4324//4568 4323//4557 4322//4559 4321//4561
f 2541//2016 2542//4572 2544//2124 2543//2017
f 835//1096 812//1095 419//418 435//1228 836//1229
f 4216//2459 4181//2528 4179//4629 4210//2457
f 4213//4630 4198//4631 4195//4632 4208//4633
f 4197//4634 4212//4635 4206//4636 4193//4637
f 4212//4635 4197//4634 4196//2454 4211//2458
f 4212//4635 4211//2458 4205//4638 4206//4636
f 4209//4639 4208//4633 4203//4640 4204//4641
f 4208//4633 4195//4632 4194//4642 4207//4643
f 4208//4633 4207//4643 4202//4644 4203//4640
f 4207//4643 4194//4642 4193//4637 4206//4636
f 4207//4643 4206//4636 4201//4645 4202//4644
f 4206//4636 4205//4638 4200//4646 4201//4645
f 4204//4641 4203//4640 4176//4647 4177//4648
f 4203//4640 4192//4649 4152//4650 4176//4647
f 4192//4649 4203//4640 4202//4644 4191//4651
f 4191//4651 4202//4644 4201//4645 4190//4652
f 4190//4652 4201//4645 4200//4646 4189//4653
f 4189//4653 4200//4646 4175//4654 4149//4655
f 4200//4646 4199//4656 4174//4657 4175//4654
f 5086//4658 5217//4162 5218//4161 4932//3498 4701//4659 5066//4660 5065//4661 5064//4662
f 4174//4657 4509//2911 4506//2910 4170//4409
f 4178//4663 4511//2537 4510//4664 4177//4648
f 4511//2537 4178//4663 4173//4407 4507//2538
f 4473//4665 4512//4666 4427//4470 4411//4479
f 4474//4667 4513//4668 4512//4666 4473//4665
f 4475//4669 4514//4670 4513//4668 4474//4667
f 4476//4442 4515//4671 4514//4670 4475//4669
f 4477//4441 4516//4672 4515//4671 4476//4442
f 4478//4440 4517//4673 4516//4672 4477//4441
f 4479//4439 4518//4674 4517//4673 4478//4440
f 4481//4438 4519//4675 4518//4674 4479//4439
f 4482//4437 4520//4676 4519//4675 4481//4438
f 4522//4677 4484//4435 4483//4436 4521//4678
f 4523//4679 4485//2562 4484//4435 4522//4677
f 4524//4680 4486//2563 4485//2562 4523//4679
f 4525//4681 4487//2564 4486//2563 4524//4680
f 4526//4682 4488//4432 4487//2564 4525//4681
f 4489//4481 4527//4504 4520//4676 4482//4437
f 4528//4683 4490//4429 4412//4430 4428//4463
f 4490//4429 4528//4683 4521//4678 4483//4436
f 4529//4684 4495//4422 4488//4432 4526//4682
f 4530//4685 4496//4423 4495//4422 4529//4684
f 4531//4686 4500//4413 4496//4423 4530//4685
f 4532//4496 4501//4414 4500//4413 4531//4686
f 4533//4495 4505//2540 4501//4414 4532//4496
f 4534//4494 4508//2541 4505//2540 4533//4495
f 4512//4666 4535//4687 4442//4465 4427//4470
f 4513//4668 4536//4688 4535//4687 4512//4666
f 4514//4670 4537//4689 4536//4688 4513//4668
f 4515//4671 4538//4690 4537//4689 4514//4670
f 4516//4672 4539//4691 4538//4690 4515//4671
f 4517//4673 4540//4692 4539//4691 4516//4672
f 4518//4674 4541//4693 4540//4692 4517//4673
f 4542//2778 4449//2777 4442//4465 4535//4687
f 4543//4694 4542//2778 4535//4687 4536//4688
f 4544//2185 4543//4694 4536//4688 4537//4689
f 4546//4695 4545//2184 4538//4690 4539//4691
f 4547//4696 4546//4695 4539//4691 4540//4692
f 4548//4697 4547//4696 4540//4692 4541//4693
f 4519//4675 4548//4697 4541//4693 4518//4674
f 4520//4676 4549//4698 4548//4697 4519//4675
f 4551//4699 4550//4700 4542//2778 4543//4694
f 4551//4699 4522//4677 4521//4678 4550//4700
f 4552//4701 4551//4699 4543//4694 4544//2185
f 4552//4701 4523//4679 4522//4677 4551//4699
f 4553//4702 4552//4701 4544//2185 4545//2184
f 4553//4702 4524//4680 4523//4679 4552//4701
f 4554//4703 4553//4702 4545//2184 4546//4695
f 4554//4703 4525//4681 4524//4680 4553//4702
f 4555//4704 4554//4703 4546//4695 4547//4696
f 4555//4704 4526//4682 4525//4681 4554//4703
f 4557//4515 4556//4705 4548//4697 4549//4698
f 4527//4504 4557//4515 4549//4698 4520//4676
f 4558//4706 4452//4444 4450//4445 4550//4700
f 4558//4706 4528//4683 4428//4463 4452//4444
f 4528//4683 4558//4706 4550//4700 4521//4678
f 4559//4707 4529//4684 4526//4682 4555//4704
f 4560//4708 4559//4707 4555//4704 4556//4705
f 4560//4708 4530//4685 4529//4684 4559//4707
f 4562//4709 4531//4686 4530//4685 4560//4708
f 4563//4497 4562//4709 4560//4708 4561//4516
f 4563//4497 4532//4496 4531//4686 4562//4709
f 4538//4690 4567//2187 4566//2186 4537//4689
f 4566//2186 4544//2185 4537//4689
f 4545//2184 4567//2187 4538//4690
f 4548//4697 4569//4710 4568//4711 4547//4696
f 4570//2748 4550//4700 4450//4445 4469//2749
f 4550//4700 4570//2748 4542//2778
f 4571//4712 4555//4704 4547//4696 4568//4711
f 4572//4713 4571//4712 4568//4711 4569//4710
f 4572//4713 4556//4705 4555//4704 4571//4712
f 4556//4705 4572//4713 4569//4710 4548//4697
f 4557//4515 4574//4714 4573//4715 4556//4705
f 4575//4716 4560//4708 4556//4705 4573//4715
f 4576//4717 4575//4716 4573//4715 4574//4714
f 4576//4717 4561//4516 4560//4708 4575//4716
f 4561//4516 4576//4717 4574//4714 4557//4515
f 4578//4533 4563//4497 4561//4516 4577//4531
f 3908//1760 3915//1759 3916//4192 4023//4191 4019//1835
f 1775//2256 1774//2289 1750//2319 1751//2321 1747//2324 1743//2298 1767//2292 1771//2258
f 961//3584 973//1443 968//1444 959//1456 954//1462 947//1468
f 3959//4260 3956//4240 3978//4218 3981//4212 3960//4237
f 4579//4274 4590//4718 4404//4482 4396//4275
f 4580//4287 4591//4719 4590//4718 4579//4274
f 4581//4286 4592//4720 4591//4719 4580//4287
f 4582//4285 4593//4721 4592//4720 4581//4286
f 4583//4284 4594//4722 4593//4721 4582//4285
f 4586//4723 4595//4724 4594//4722 4583//4284
f 4588//4725 4596//4726 4595//4724 4586//4723
f 2034//2651 2036//2650 4596//4726 4588//4725
f 4598//2907 4597//4727 4418//4477 4419//2908
f 4600//2906 4597//4727 4598//2907
f 4602//2905 4601//4728 4599//4729 4600//2906
f 4605//2904 4601//4728 4602//2905
f 4607//2917 4181//2528 4180//3845 4606//2918
f 4181//2528 4607//2917 4603//2916 4179//4629
f 4605//2904 4608//2903 4604//4730
f 4182//2557 4609//2919 4606//2918 4180//3845
f 4613//4731 4612//2920 4609//2919
f 4613//4731 4184//2471 4183//4732 4612//2920
f 4184//2471 4613//4731 4609//2919 4182//2557
f 4615//2901 4614//4733 4610//4734 4611//2902
f 2406//2877 2388//2876 2335//2817 2341//2822 2405//2893
f 4185//3688 4616//2921 4612//2920 4183//4732
f 2038//2666 2037//2665 4614//4733 4615//2901
f 2033//2672 2039//2671 4616//2921 4185//3688
f 4597//4727 4617//2690 4433//2689 4418//4477
f 4619//2691 4600//2906 4599//4729 4618//2354
f 4600//2906 4619//2691 4617//2690 4597//4727
f 4601//4728 4620//2355 4618//2354 4599//4729
f 4622//2350 4605//2904 4604//4730 4621//4735
f 4605//2904 4622//2350 4620//2355 4601//4728
f 4608//2903 4623//4736 4621//4735 4604//4730
f 4625//4737 4611//2902 4610//4734 4624//4738
f 4611//2902 4625//4737 4623//4736 4608//2903
f 4614//4733 4626//4739 4624//4738 4610//4734
f 2037//2665 2040//2710 4626//4739 4614//4733
f 4628//2687 4627//2758 4460//2757 4461//2688
f 4628//2687 4630//2353 4627//2758
f 4632//2352 4631//2761 4629//2760 4630//2353
f 4635//2351 4634//4740 4631//2761 4632//2352
f 4635//2351 4622//2350 4621//4735 4634//4740
f 4637//4741 4636//2764 4633//2763 4634//4740
f 4623//4736 4637//4741 4634//4740 4621//4735
f 4639//4742 4638//4743 4636//2764 4637//4741
f 4639//4742 4625//4737 4624//4738 4638//4743
f 4625//4737 4639//4742 4637//4741 4623//4736
f 4626//4739 4641//4744 4638//4743 4624//4738
f 2042//2725 2041//2724 4640//4745 4641//4744
f 2040//2710 2042//2725 4641//4744 4626//4739
f 3883//4301 3881//4303 3872//4304 3873//4311 3874//4296 3885//4291
f 2044//2747 4650//2767 4640//4745 2041//2724 2277//2723 2296//2746
f 4642//2759 4630//2353 4629//2760
f 4630//2353 4642//2759 4627//2758
f 4643//2762 4634//4740 4633//2763
f 4634//4740 4643//2762 4631//2761
f 4475//4669 4474//4667 4363//3067 4364//3048 4365//3047 4476//4442
f 4411//4479 4410//2966 4348//2965 4363//3067 4474//4667 4473//4665
f 2384//2858 2398//2868 2396//2866 2294//2741 2276//2721 2383//2857
f 4646//4746 4587//4501 4585//2853 4644//2856
f 4647//2768 4646//4746 4644//2856 4645//2769
f 4638//4743 4648//2765 4636//2764
f 4649//4747 4589//4502 4587//4501 4646//4746
f 4650//2767 4649//4747 4646//4746 4647//2768
f 4651//2766 4641//4744 4640//4745 4650//2767
f 4641//4744 4651//2766 4648//2765 4638//4743
f 2043//2745 2035//2744 4589//4502 4649//4747
f 2044//2747 2043//2745 4649//4747 4650//2767
f 4199//4656 4652//2912 4509//2911 4174//4657
f 4200//4646 4653//4748 4652//2912 4199//4656
f 4654//2536 4204//4641 4177//4648 4510//4664
f 4654//2536 4510//4664 4511//2537
f 4655//2913 4652//2912 4653//4748
f 4205//4638 4655//2913 4653//4748 4200//4646
f 4209//4639 4657//2535 4656//4749 4208//4633
f 4657//2535 4209//4639 4204//4641 4654//2536
f 4658//2915 4210//2457 4179//4629 4603//2916
f 4659//2914 4211//2458 4210//2457 4658//2915
f 4211//2458 4659//2914 4655//2913 4205//4638
f 4660//4750 4213//4630 4208//4633 4656//4749
f 4661//2534 4660//4750 4656//4749 4657//2535
f 4661//2534 4214//4751 4213//4630 4660//4750
f 4662//2533 4215//4752 4214//4751 4661//2534
f 4663//4753 4217//4754 4215//4752 4662//2533
f 4664//2532 4663//4753 4662//2533
f 4664//2532 4218//3868 4217//4754 4663//4753
f 4665//4573 4219//3869 4218//3868 4664//2532
f 4192//4649 4191//4651 4151//4755 4152//4650
f 4191//4651 4190//4652 4150//4756 4151//4755
f 4190//4652 4189//4653 4149//4655 4150//4756
f 4671//4078 4667//4757 4666//3856 4670//3855
f 2143//561 2033//2672 2016//2478 2054//562
f 3194//1644 3177//662 3176//661 3193//3745 3197//3726 3198//1645
f 4186//2470 4185//3688 4183//4732 4184//2471
f 1267//1761 1274//571 1273//575 1266//1762
f 3575//4062 3564//4084 3560//681 3559//3706 3574//4059
f 4178//4663 4177//4648 4172//4758 4173//4407
f 4177//4648 4153//4759 4148//4760 4172//4758
f 4153//4759 4177//4648 4176//4647 4152//4650
f 4149//4655 4175//4654 4171//4761 4144//4762
f 4175//4654 4174//4657 4170//4409 4171//4761
f 4173//4407 4172//4758 4168//4415 4169//4408
f 4172//4758 4148//4760 4143//4763 4168//4415
f 4144//4762 4171//4761 4166//4764 4139//4765
f 4171//4761 4170//4409 4165//4411 4166//4764
f 4168//4415 4143//4763 4142//4766 4167//4767
f 4168//4415 4167//4767 4163//4768 4164//4418
f 4167//4767 4142//4766 4138//4769 4163//4768
f 4139//4765 4166//4764 4160//4425 4135//4770
f 4166//4764 4165//4411 4159//4420 4160//4425
f 4164//4418 4163//4768 4157//4431 4158//4424
f 4163//4768 4138//4769 4137//4771 4162//4772
f 4163//4768 4162//4772 4156//4433 4157//4431
f 4162//4772 4137//4771 4136//4773 4161//4774
f 4162//4772 4161//4774 4155//4434 4156//4433
f 4161//4774 4136//4773 4135//4770 4160//4425
f 4161//4774 4160//4425 4154//4428 4155//4434
f 4153//4759 4152//4650 4147//4775 4148//4760
f 4152//4650 4151//4755 4146//4776 4147//4775
f 4151//4755 4150//4756 4145//4777 4146//4776
f 4150//4756 4149//4655 4144//4762 4145//4777
f 4148//4760 4147//4775 4142//4766 4143//4763
f 4147//4775 4146//4776 4141//4778 4142//4766
f 4146//4776 4145//4777 4140//4779 4141//4778
f 4145//4777 4144//4762 4139//4765 4140//4779
f 4142//4766 4141//4778 4137//4771 4138//4769
f 4141//4778 4140//4779 4136//4773 4137//4771
f 4140//4779 4139//4765 4135//4770 4136//4773
f 2172//2531 2314//2799 2313//2803 2171//2598 2151//153 2099//152 2100//2432
f 2027//2500 2032//2523 4132//4780 4121//4781
f 2032//2523 2031//2521 4131//4782 4132//4780
f 2031//2521 2030//2519 4130//4783 4131//4782
f 2030//2519 2026//2497 4119//4784 4130//4783
f 4123//4785 4134//4786 4129//4787 4116//4788
f 4134//4786 4123//4785 4122//4789 4133//4790
f 4134//4786 4133//4790 4128//4791 4129//4787
f 4133//4790 4122//4789 4115//4792 4128//4791
f 4121//4781 4132//4780 4131//4782 4120//4793
f 4120//4793 4131//4782 4130//4783 4119//4784
f 4116//4788 4129//4787 4128//4791 4115//4792
f 4115//4792 4127//4794 4125//4795 4108//4796
f 4127//4794 4115//4792 4114//4797 4126//4798
f 4127//4794 4126//4798 4124//4799 4125//4795
f 4126//4798 4114//4797 4107//4800 4124//4799
f 4108//4796 4125//4795 4124//4799 4107//4800
f 2022//2428 2029//2503 4123//4785 4101//4801
f 2029//2503 2028//2501 4122//4789 4123//4785
f 2028//2501 2027//2500 4121//4781 4122//4789
f 2026//2497 2025//2495 4118//4802 4119//4784
f 2025//2495 2024//2493 4117//4803 4118//4802
f 2024//2493 2021//2430 4100//4804 4117//4803
f 4101//4801 4123//4785 4116//4788 4098//4805
f 4122//4789 4121//4781 4114//4797 4115//4792
f 4121//4781 4120//4793 4113//4806 4114//4797
f 4120//4793 4119//4784 4112//4807 4113//4806
f 4119//4784 4118//4802 4111//4808 4112//4807
f 4118//4802 4117//4803 4110//4809 4111//4808
f 4117//4803 4100//4804 4097//4810 4110//4809
f 4098//4805 4116//4788 4109//4811 4096//4812
f 4116//4788 4115//4792 4108//4796 4109//4811
f 4114//4797 4113//4806 4106//4813 4107//4800
f 4113//4806 4112//4807 4105//4814 4106//4813
f 4112//4807 4111//4808 4104//4815 4105//4814
f 4111//4808 4110//4809 4103//4816 4104//4815
f 4110//4809 4097//4810 4090//4817 4103//4816
f 4096//4812 4109//4811 4108//4796 4095//4818
f 4095//4818 4108//4796 4107//4800 4094//4819
f 4094//4819 4107//4800 4106//4813 4093//4820
f 4093//4820 4106//4813 4105//4814 4092//4821
f 4092//4821 4105//4814 4104//4815 4091//4822
f 4091//4822 4104//4815 4103//4816 4090//4817
f 2020//2427 2023//2426 4102//4823 4086//4824
f 2023//2426 2022//2428 4101//4801 4102//4823
f 2021//2430 2018//2429 4047//4825 4100//4804
f 4086//4824 4102//4823 4099//4826 4085//4827
f 4102//4823 4101//4801 4098//4805 4099//4826
f 4100//4804 4047//4825 4046//4828 4097//4810
f 4085//4827 4099//4826 4098//4805 4084//4829
f 4084//4829 4098//4805 4096//4812 4082//4830
f 4097//4810 4083//4831 4077//4832 4090//4817
f 4083//4831 4097//4810 4046//4828 4044//4833
f 4082//4830 4096//4812 4095//4818 4081//4834
f 4081//4834 4095//4818 4094//4819 4080//4835
f 4080//4835 4094//4819 4089//4836 4075//4837
f 4094//4819 4093//4820 4088//4838 4089//4836
f 4093//4820 4092//4821 4087//4839 4088//4838
f 4092//4821 4079//4840 4073//4841 4087//4839
f 4079//4840 4092//4821 4091//4822 4078//4842
f 4078//4842 4091//4822 4090//4817 4077//4832
f 4075//4837 4089//4836 4088//4838 4074//4843
f 4074//4843 4088//4838 4087//4839 4073//4841
f 4644//2856 4467//2855 4468//2770 4645//2769
f 2019//2450 2020//2427 4086//4824 4071//4844
f 4071//4844 4086//4824 4085//4827 4070//4845
f 4070//4845 4085//4827 4084//4829 4069//4846
f 4069//4846 4084//4829 4082//4830 4066//4847
f 4083//4831 4068//4848 4063//4849 4077//4832
f 4068//4848 4083//4831 4044//4833 4041//4850
f 4066//4847 4082//4830 4081//4834 4065//4851
f 4065//4851 4081//4834 4076//4852 4060//4853
f 4081//4834 4080//4835 4075//4837 4076//4852
f 4079//4840 4078//4842 4072//4854 4073//4841
f 4078//4842 4064//4855 4056//4856 4072//4854
f 4064//4855 4078//4842 4077//4832 4063//4849
f 4060//4853 4076//4852 4075//4837 4059//4857
f 4059//4857 4075//4837 4074//4843 4058//4858
f 4058//4858 4074//4843 4073//4841 4057//4859
f 4057//4859 4073//4841 4072//4854 4056//4856
f 4070//4845 4069//4846 4066//4847 4067//3857
f 4068//4848 4041//4850 4039//2558 4063//4849
f 4067//3857 4066//4847 4061//4860 4062//3867
f 4066//4847 4065//4851 4060//4853 4061//4860
f 4064//4855 4063//4849 4055//2460 4056//4856
f 4063//4849 4039//2558 4037//2527 4055//2460
f 4061//4860 4060//4853 4053//4861 4054//4862
f 4060//4853 4059//4857 4052//4863 4053//4861
f 4059//4857 4058//4858 4051//4864 4052//4863
f 4058//4858 4057//4859 4050//4865 4051//4864
f 4057//4859 4056//4856 4049//2455 4050//4865
f 4056//4856 4055//2460 4048//2456 4049//2455
f 2018//2429 2017//2475 4045//4866 4047//4825
f 4047//4825 4045//4866 4044//4833 4046//4828
f 2017//2475 2015//2477 4043//4867 4045//4866
f 4045//4866 4043//4867 4041//4850 4044//4833
f 2168//1699 2165//2575 2068//2452 2076//1700
f 2015//2477 2014//2479 4042//2473 4043//4867
f 4043//4867 4042//2473 4040//2472 4041//4850
f 4041//4850 4040//2472 4038//2559 4039//2558
f 3715//4185 3713//4184 4673//2482 4675//2487
f 4675//2487 4220//2486 4219//3869 4674//4574
f 3713//4184 3709//4181 3708//2483 4673//2482
f 4062//3867 4061//4860 4217//4754 4218//3868
f 4188//2485 3701//2484 4672//3854 4187//3858
f 4217//4754 4061//4860 4054//4862 4215//4752
f 4188//2485 4187//3858 4219//3869 4220//2486
f 4214//4751 4053//4861 4052//4863 4198//4631 4213//4630
f 2167//1734 2075//1737 2067//2453 2164//2526
f 2046//945 2045//2481 4668//4868 4669//4132
f 3681//4133 4669//4132 4668//4868 4667//4757 4671//4078 3683//4077 3686//4164
f 2045//2481 2019//2450 4071//4844 4668//4868
f 4668//4868 4071//4844 4070//4845 4667//4757
f 4667//4757 4070//4845 4067//3857 4666//3856
f 5051//3088 5044//4056 4682//3629 4683//3725 4686//3089
f 2962//3675 2965//3677 2967//3877 2963//3884
f 4873//2845 4872//4869 3071//3490 3073//2846
f 4687//3090 4686//3089 4683//3725 4684//3724
f 4688//3091 4687//3090 4684//3724 4685//3946
f 3171//3784 3034//3522 3020//3523 3019//3525 3033//3524 3170//3785
f 3183//3732 3180//3772 3179//3783 3182//3740 3200//3734 3201//3733
f 2980//793 2979//3850 3005//3536 3006//794
f 114//797 100//509 95//508 94//3863 113//798
f 3499//4076 3486//3956 3485//3959 3498//4075
f 4957//1636 2921//3864 2920//1637
f 3426//4043 3383//4092 3372//4870 3411//1150 3412//1149
f 3551//3942 3550//4012 2896//1535 2897//1534 2898//3313
f 4695//3626 4694//3625 4691//4871 4692//4872
f 4696//3627 4695//3626 4692//4872 4693//4873
f 4706//4874 4705//4875 4701//4659 4702//4876
f 4706//4874 4692//4872 4691//4871 4705//4875
f 4707//4877 4706//4874 4702//4876 4703//3831
f 4707//4877 4693//4873 4692//4872 4706//4874
f 4708//4878 4707//4877 4703//3831 4704//3830
f 4713//4879 4696//3627 4693//4873 4707//4877
f 4714//4880 4713//4879 4707//4877 4708//4878
f 3559//3706 3471//3705 3470//3661 3558//3660
f 4715//4881 4714//4880 4708//4878 4709//4882
f 4716//4883 4715//4881 4709//4882 4710//4146
f 4716//4883 4698//3900 4697//3899 4715//4881
f 4717//4884 4716//4883 4710//4146 4711//4145
f 4717//4884 4699//3947 4698//3900 4716//4883
f 4718//4885 4717//4884 4711//4145 4712//4144
f 4718//4885 4700//3948 4699//3947 4717//4884
f 4194//4642 4195//4632 4198//4631 4052//4863 4051//4864
f 4719//3832 4708//4878 4704//3830
f 4782//4886 4781//3678 3008//823 3009//826 3010//3535
f 2908//3834 2906//3844 2905//3842 2907//3835
f 5122//4887 5137//1239 3506//1238 3504//1066 5135//1070 5119//4888
f 3574//4059 3559//3706 3558//3660 3563//4051 3573//4060
f 2951//1635 2953//3852 2925//3851 2923//3865 2921//3864 4957//1636
f 2982//1641 2981//3887 2983//766 2984//765
f 1709//2361 1704//2364 1705//2338 1710//2333 1715//2331 1714//2360
f 3013//4889 3012//3861 3027//3532 3029//3506 3030//1595 3014//3531
f 4725//3092 4688//3091 4685//3946 4723//3945
f 4726//3873 4725//3092 4723//3945 4724//3952
f 5063//4890 5057//4891 5058//4892 5059//3939 5042//1693 5041//4893 5040//4894 5039//4895 5038//3753 5062//3752
f 4731//3094 4730//3093 4727//3874 4728//4071
f 4732//4896 4731//3094 4728//4071 4729//4070
f 4734//3095 4731//3094 4732//4896
f 4735//3738 4734//3095 4732//4896 4733//3739
f 5025//4156 5004//4897 5003//4898 5024//1063 5210//1062 5211//4157
f 2935//3908 2934//3911 2937//3901 2939//3897
f 4738//4899 4726//3873 4724//3952 4737//3951
f 4739//4017 4738//4899 4737//3951 4746//3950 4747//4018
f 4739//4017 4727//3874 4726//3873 4738//4899
f 4740//4016 4728//4071 4727//3874 4739//4017
f 4741//3384 4733//3739 4732//4896 4729//4070 4750//4073 4751//3385
f 2971//3871 2973//3870 2975//3866 2969//3875
f 4694//3625 5061//3624 5053//4900 5054//4901 4691//4871
f 4197//4634 4050//4865 4049//2455 4196//2454
f 5114//4902 5134//4903 5133//1068 3502//1067 3503//3974 3500//3970 3501//3969 3433//3973 3434//4019 3432//1271 4962//1277 4963//4904 4960//4905
f 4215//4752 4054//4862 4053//4861 4214//4751
f 4746//3950 4743//3949 4744//4906
f 4747//4018 4746//3950 4744//4906 4745//4907
f 3124//3786 3123//3822 3129//3813 3134//3755 3190//3749 3170//3785
f 4812//3697 4742//3736 4755//4908 4788//4909 4789//3698
f 3015//601 2949//600 4799//3551 4787//4910 3013//4889 3014//3531
f 3383//4092 3376//4091 3373//4160 5230//4911 5229//4036 5228//4035 5226//3515 5216//3519 3372//4870
f 4755//4908 4742//3736 4741//3384 4753//3383 4754//4912
f 4956//4913 2914//3840 2913//3478 4955//3477
f 2914//3840 4956//4913 4953//4914 2904//3841
f 4953//4914 4956//4913 4955//3477 4952//4915
f 4759//4916 4718//4885 4712//4144 4756//4917
f 4759//4916 4743//3949 4700//3948 4718//4885
f 4955//3477 4954//3476 4951//4918 4952//4915
f 4783//4919 4782//4886 3010//3535 3023//840 3024//3534 3011//3860 4784//4094
f 4954//3476 4950//3475 4937//4920 4951//4918
f 2904//3841 4953//4914 4952//4915 2903//4151
f 4760//4921 4759//4916 4756//4917 4757//4922
f 4937//4920 4936//4152 2903//4151 4952//4915 4951//4918
f 4760//4921 4744//4906 4743//3949 4759//4916
f 4761//4923 4760//4921 4757//4922 4758//4924
f 653//863 636//1227 638//1226 639//1225 656//1212
f 4761//4923 4745//4907 4744//4906 4760//4921
f 96//487 93//486 90//507 89//507 88//507 87//595 95//508
f 4765//4925 4747//4018 4745//4907 4761//4923
f 4766//4926 4765//4925 4761//4923 4762//4927
f 4766//4926 4748//4015 4747//4018 4765//4925
f 4767//4928 4766//4926 4762//4927 4763//4929
f 4767//4928 4749//4072 4748//4015 4766//4926
f 4768//4930 4767//4928 4763//4929 4764//4931
f 4770//4932 4750//4073 4749//4072 4767//4928
f 4771//4933 4770//4932 4767//4928 4768//4930
f 4771//4933 4751//3385 4750//4073 4770//4932
f 4772//4934 4771//4933 4768//4930 4769//4935
f 4772//4934 4752//3386 4751//3385 4771//4933
f 4774//4936 4753//3383 4752//3386 4772//4934
f 4775//4937 4774//4936 4772//4934 4773//4938
f 4775//4937 4754//4912 4753//3383 4774//4936
f 4776//4939 4755//4908 4754//4912 4775//4937
f 4777//3468 4756//4917 4712//4144 4722//3469
f 4778//3467 4757//4922 4756//4917 4777//3468
f 4779//3680 4758//4924 4757//4922 4778//3467
f 4780//3679 4761//4923 4758//4924 4779//3680
f 4781//3678 4762//4927 4761//4923 4780//3679
f 4782//4886 4763//4929 4762//4927 4781//3678
f 4783//4919 4764//4931 4763//4929 4782//4886
f 4784//4094 4768//4930 4764//4931 4783//4919
f 4785//4093 4769//4935 4768//4930 4784//4094
f 4786//4940 4772//4934 4769//4935 4785//4093
f 4787//4910 4773//4938 4772//4934 4786//4940
f 4966//4941 4995//4942 4989//4943 4990//4944 4967//4945
f 4792//4946 4775//4937 4773//4938 4791//4947
f 4794//4948 4776//4939 4775//4937 4792//4946
f 4794//4948 4788//4909 4755//4908 4776//4939
f 4795//4949 4794//4948 4792//4946 4793//4950
f 4796//4951 4789//3698 4788//4909 4794//4948
f 4797//4952 4796//4951 4794//4948 4795//4949
f 4797//4952 4790//3699 4789//3698 4796//4951
f 4799//3551 4791//4947 4773//4938 4787//4910
f 4800//3550 4792//4946 4791//4947 4799//3551
f 4801//2490 4793//4950 4792//4946 4800//3550
f 4802//2489 4795//4949 4793//4950 4801//2490
f 4803//3981 4797//4952 4795//4949 4802//2489
f 4804//3986 4798//4953 4797//4952 4803//3981
f 4805//2491 4801//2490 4800//3550
f 3207//3714 3223//3711 3225//3703 3226//3702 3213//3707
f 4806//3096 4734//3095 4735//3738
f 4807//3097 4806//3096 4735//3738 4736//3737
f 1217//49 1231//48 1232//1538 1218//1609 1216//1656
f 4810//3695 4809//3098 4807//3097 4808//3696
f 4811//3099 4809//3098 4810//3695
f 3698//4175 3690//4167 3689//4080 3697//4079
f 4812//3697 4808//3696 4807//3097 4736//3737 4742//3736
f 4813//3694 4811//3099 4810//3695
f 4814//3100 4811//3099 4813//3694
f 4816//3101 4814//3100 4815//4954
f 4819//4044 4818//3102 4816//3101 4817//4045
f 4821//4955 4820//3103 4818//3102 4819//4044
f 4823//4956 4822//3104 4820//3103 4821//4955
f 4933//3497 4703//3831 4702//4876 4701//4659 4932//3498
f 4825//4957 4816//3101 4815//4954 4824//3693
f 4826//4046 4817//4045 4816//3101 4825//4957
f 3567//3827 3566//4055 3570//3955 3581//3954 3582//4063 3576//3828
f 4828//2796 4821//4955 4819//4044 4827//3655
f 4829//2795 4823//4956 4821//4955 4828//2796
f 5091//3555 5111//3554 5109//4958 5096//4959 5089//4960
f 4715//4881 4697//3899 4696//3627 4713//4879 4714//4880
f 4836//4048 4835//4047 4834//4961
f 3125//3883 3130//3484 3131//3816 3126//3815
f 4841//4962 4830//3700 4790//3699 4797//4952
f 4842//4963 4841//4962 4797//4952 4798//4953
f 4844//3540 4831//3539 4830//3700 4841//4962
f 4845//3541 4844//3540 4841//4962 4842//4963
f 3229//3708 3238//3690 3240//3686 3241//3685
f 4846//4964 4845//3541 4842//4963 4843//4965
f 4849//4966 4848//3537 4845//3541 4846//4964
f 4849//4966 4833//4967 4832//3538 4848//3537
f 4850//4968 4849//4966 4846//4964 4847//4969
f 4851//4970 4834//4961 4833//4967 4849//4966
f 4852//4971 4851//4970 4849//4966 4850//4968
f 4854//4972 4836//4048 4834//4961 4851//4970
f 4855//4973 4854//4972 4851//4970 4852//4971
f 4855//4973 4837//4049 4836//4048 4854//4972
f 4856//4974 4855//4973 4852//4971 4853//4975
f 4857//4976 4838//3656 4837//4049 4855//4973
f 4858//4977 4857//4976 4855//4973 4856//4974
f 4859//4978 4839//2797 4838//3656 4857//4976
f 4860//4979 4859//4978 4857//4976 4858//4977
f 4862//4980 4840//2794 4839//2797 4859//4978
f 4863//4981 4862//4980 4859//4978 4860//4979
f 4864//4982 4863//4981 4860//4979 4861//4983
f 4865//3985 4842//4963 4798//4953 4804//3986
f 4866//3984 4843//4965 4842//4963 4865//3985
f 4867//3983 4846//4964 4843//4965 4866//3984
f 4868//3982 4847//4969 4846//4964 4867//3983
f 4869//3546 4850//4968 4847//4969 4868//3982
f 4870//3545 4852//4971 4850//4968 4869//3546
f 4871//3549 4853//4975 4852//4971 4870//3545
f 4872//4869 4856//4974 4853//4975 4871//3549
f 4873//2845 4858//4977 4856//4974 4872//4869
f 4874//2844 4860//4979 4858//4977 4873//2845
f 4875//2848 4861//4983 4860//4979 4874//2844
f 4876//440 4864//4982 4861//4983 4875//2848
f 3059//687 3058//686 3049//3499 3076//3473
f 4051//4864 4050//4865 4197//4634 4193//4637 4194//4642
f 3342//3272 3336//3271 3335//3596 3337//3594 3338//3592 3339//3588 3340//3586 3341//3571
f 2960//505 2959//504 2958//1640 2956//3568 2955//1633 3105//1632 3106//3511 2987//3510 2985//767 2983//766 2981//3887
f 4869//3546 4868//3982 3060//3889 3061//3547
f 4950//3475 4948//3474 4936//4152 4937//4920
f 4949//525 4947//524 4946//4148 4948//3474
f 4947//524 4945//523 4944//4149 4946//4148
f 4945//523 4943//522 4942//4150 4944//4149
f 4943//522 4941//521 4942//4150
f 4938//3471 4935//3470 4942//4150 4941//521 4940//520 4939//3681
f 1629//719 1580//718 1621//1885 1622//1883 1623//1881 1634//1677
f 3229//3708 3241//3685 3243//3638 3288//645 3271//644 3269//3651 3268//3654 3214//3709
f 177//789 176//781 186//779 188//778 190//777 178//776
f 2957//1639 2929//815 2928//818 2952//3569 2956//3568
f 3798//1630 3790//4404 4923//4577 4931//1630
f 5197//4984 5195//4395 5196//2020 5201//2025 5200//4985 5199//4986 5198//4987
f 1863//4392 1865//2240 1866//2241 1868//4322 1864//4321
f 3788//2249 4888//4193 4889//2048 4890//2052 4891//1801 4912//1800 4913//4988 4914//4989 4915//4575 3784//4571 3785//4570 3786//3188 3789//3187 3835//4319 3837//1829 3836//1828
f 4931//1630 4923//4577 4922//4576 4930//1630
f 4930//1630 4922//4576 4921//4990 4929//1630
f 4929//1630 4921//4990 4920//4991 4928//1630
f 4928//1630 4920//4991 4919//4992 4927//1630
f 4927//1630 4919//4992 4918//4993 4926//1630
f 4926//1630 4918//4993 4917//4994 4925//1630
f 4925//1630 4917//4994 4916//1805 4924//1630
f 4924//1630 4916//1805 4899//1804 4907//1630
f 4922//4576 4915//4575 4914//4989 4921//4990
f 4908//3105 4822//3104 4823//4956 4877//1817 4878//1816
f 4227//4621 4226//4623 4225//4625 4224//4627 5200//4985 5201//2025 4230//2233 4229//2232 4228//4619
f 4913//4988 4919//4992 4920//4991 4921//4990 4914//4989
f 4913//4988 4912//1800 4916//1805 4917//4994 4918//4993 4919//4992
f 3831//3109 3781//3108 3783//2244 3833//2243
f 4907//1630 4899//1804 4898//1803 4906//1630
f 4906//1630 4898//1803 4897//1802 4905//1630
f 4905//1630 4897//1802 4896//4995 4904//1630
f 4904//1630 4896//4995 4895//2051 4903//1542
f 4903//1542 4895//2051 4894//2050 4902//1630
f 4902//1630 4894//2050 4893//2049 4901//1631
f 4901//1631 4893//2049 4892//439 4900//438
f 4890//2052 4895//2051 4896//4995 4897//1802 4891//1801
f 2808//3379 2806//3382 2809//3389 2823//3399 2821//3402 2833//3411 2832//3422 2786//3366 2781//3356 2752//3316 2747//3319 3409//1288 3390//1287 3389//1143 3388//1147 5140//4130 5141//4996 5142//4997 5175//4998 5176//4999 5177//5000 5178//5001 5179//5002 5180//5003 5181//5004 5182//5005 5202//5006 5203//5007 5204//5008 5205//5009 5206//5010 5207//5011 5208//5012 5209//5013 4234//4626 4235//4624 4236//4622 4237//4620 4238//4618 4239//4617 4240//4616 4241//4567 4327//4566 4328//4565 4329//4564 4330//4562 4331//4560 4332//4558 4333//4556 4334//4491 4397//4489 4398//4488 4399//4487 4400//4486 4401//4485 4402//4484 4403//4483 4404//4482 4590//4718 4591//4719 4592//4720 4593//4721 4594//4722 4595//4724 4596//4726 2036//2650 2235//2649 2236//2653 2237//2655 2238//2657 2239//2659 2240//2660 2241//2661 2242//2662 2362//2836 2363//2837 2364//2838 2365//2839 2366//2840 2367//2841 2368//2842 2369//2843 2557//3132 2558//3133 2559//3135 2560//3137 2561//3139 2562//3140 2563//3142 2564//3144 2617//3195 2618//3197 2619//3199 2620//3200 2621//3202 2622//3204 1383//2044 1384//2042 1398//2041 1399//2040 1400//2039 1401//2038 1402//2036 1403//2034 1404//2032 1405//2003 1428//2001 1429//2000 1430//1999 1431//1998 1432//1997 1433//1996 1434//1994 1435//1978 1478//1163 510//1162 509//1863 508//3585 1050//1371 1020//1375 1015//1402 1014//1403 961//3584 947//1468 942//1476 935//1482 936//1499 934//1487 921//1488
f 4893//2049 4889//2048 4886//5014 4892//439
f 4892//439 4886//5014 4864//4982 4876//440
f 1094//2248 1997//2247 1998//1564 1095//1563
f 4889//2048 4888//4193 4885//5015 4886//5014
f 4888//4193 4887//1573 4884//5016 4885//5015
f 4887//1573 4883//1572 4882//4194 4884//5016
f 4886//5014 4885//5015 4863//4981 4864//4982
f 4885//5015 4884//5016 4862//4980 4863//4981
f 4884//5016 4882//4194 4840//2794 4862//4980
f 4883//1572 4880//1571 4879//1818 4882//4194
f 4879//1818 4877//1817 4823//4956 4829//2795
f 2542//4572 2541//2016 2539//2015 2540//3014
f 1144//1795 1145//1784 1146//1783 1147//1783 1149//1782 1148//1790
f 3391//1274 5035//5017 5034//1275
f 3447//3566 3442//3917 5215//1283 5031//4014 5030//3561
f 3572//3760 3569//3904 3483//3903 3484//3888 3571//3761
f 5222//4032 5221//4031 5212//4158 5213//5018
f 5223//3517 5222//4032 5213//5018 5214//3518
f 3477//3636 3473//3635 3461//3926 3465//3931 3476//3937
f 5085//5019 5084//5020 5083//4153 5219//4030 5220//4029 5217//4162 5086//4658
f 5227//4034 5225//4033 5224//3516 5226//3515
f 4224//4627 4234//4626 5209//5013 5200//4985
f 5228//4035 5227//4034 5226//3515
f 5190//2024 5188//2023 5189//4170 4315//4519 4314//4514 4313//4569 4223//4628
f 4834//4961 4835//4047 4826//4046 4825//4957 4824//3693 4832//3538 4833//4967
f 5200//4985 5209//5013 5208//5012 5199//4986
f 5199//4986 5208//5012 5207//5011 5198//4987
f 5198//4987 5207//5011 5206//5010 5197//4984
f 5197//4984 5206//5010 5205//5009 5195//4395
f 5195//4395 5205//5009 5204//5008 5194//4396
f 5194//4396 5204//5008 5203//5007 5193//4397
f 5193//4397 5203//5007 5202//5006 5191//4393
f 5191//4393 5202//5006 5182//5005 5173//4394
f 3794//3189 3786//3188 3785//4570 3792//4405 3793//4406
f 5172//5021 5170//4401 5171//3124 5174//3123 5173//4394
f 5183//2029 5185//2028 4221//1849 4305//1848 4307//2046 4309//4523 4312//4522 4311//4520 4315//4519 5189//4170 5162//3192 5157//3191
f 1809//1577 1815//2225 1816//2224 1817//2223 1810//1578
f 5173//4394 5182//5005 5181//5004 5172//5021
f 5172//5021 5181//5004 5180//5003 5170//4401
f 5170//4401 5180//5003 5179//5002 5169//4402
f 5169//4402 5179//5002 5178//5001 5168//4398
f 5168//4398 5178//5001 5177//5000 5167//4399
f 5167//4399 5177//5000 5176//4999 5165//4400
f 5165//4400 5176//4999 5175//4998 5163//5022
f 5163//5022 5175//4998 5142//4997 5131//5023
f 2553//3130 2552//3138 2551//3136 2550//3134 2548//3122 2549//3121
f 2232//1498 4584//4283 4386//4282 4387//4503 2352//2830 2351//2824 2349//1489
f 1131//1798 1099//1815 1106//1846 1107//1787 1141//1786
f 4230//2233 5201//2025 5190//2024 4223//4628 4232//2234
f 2034//2651 4588//4725 4586//4723 4583//4284 4584//4283 2232//1498 2231//1497 2230//2658 2229//2656 2227//2654 2225//2652 2223//2648
f 5161//3126 5166//3125 5164//5024 5159//4169
f 5166//3125 5165//4400 5163//5022 5164//5024
f 5159//4169 5164//5024 5132//5025 5112//5026
f 5164//5024 5163//5022 5131//5023 5132//5025
f 5160//3116 5159//4169 5112//5026 5113//3117
f 5158//3070 5157//3191 5155//3115 5156//3071
f 5156//3071 5155//3115 5093//3118 5094//3072
f 5099//2464 5097//5027 5154//2465
f 5001//2466 5154//2465 5000//5028
f 5154//2465 5097//5027 4958//5029 5000//5028
f 5151//2461 5087//2555 5095//2462
f 3600//4082 3597//3890 3596//682 3560//681 3564//4084 3603//4083
f 5153//3075 5090//3074 5088//2552
f 5153//3075 5151//2461 5152//3076
f 5153//3075 5088//2552 5087//2555 5151//2461
f 5152//3076 5149//5030 5150//3077
f 5152//3076 5151//2461 5148//2469 5149//5030
f 5150//3077 5146//5031 5147//3078
f 5150//3077 5149//5030 5145//2468 5146//5031
f 5149//5030 5148//2469 5145//2468
f 5147//3078 5146//5031 5143//2467 5144//3079
f 5146//5031 5145//2468 5143//2467
f 5144//3079 4976//1873 4977//3080
f 5144//3079 5143//2467 4975//1867 4976//1873
f 3411//1150 3372//4870 5216//3519 5214//3518 5213//5018 5212//4158 5211//4157 5210//1062 3410//1061
f 5095//2462 5104//2554 5101//5032 5102//2463
f 5131//5023 5142//4997 5141//4996 5129//5033
f 5129//5033 5141//4996 5140//4130 5127//4129
f 5125//5034 5139//1172 5137//1239 5122//4887
f 5139//1172 5125//5034 5124//4131 5138//1173
f 5120//5035 5136//1069 5133//1068 5116//5036
f 5136//1069 5120//5035 5119//4888 5135//1070
f 5117//5037 5134//4903 5114//4902
f 5134//4903 5117//5037 5116//5036 5133//1068
f 5112//5026 5132//5025 5130//5038 5110//5039
f 5132//5025 5131//5023 5129//5033 5130//5038
f 5110//5039 5130//5038 5128//5040 5108//5041
f 5130//5038 5129//5033 5127//4129 5128//5040
f 5108//5041 5128//5040 5125//5034 5105//5042
f 5128//5040 5127//4129 5124//4131 5125//5034
f 5106//5043 5126//5044 5123//5045 5103//5046
f 5126//5044 5106//5043 5105//5042 5125//5034
f 5126//5044 5125//5034 5122//4887 5123//5045
f 5103//5046 5123//5045 5120//5035 5100//5047
f 5123//5045 5122//4887 5119//4888 5120//5035
f 5101//5032 5121//5048 5117//5037 5098//5049
f 5121//5048 5101//5032 5100//5047 5120//5035
f 5121//5048 5120//5035 5116//5036 5117//5037
f 5099//2464 5118//5050 5115//5051 5097//5027
f 5118//5050 5099//2464 5098//5049 5117//5037
f 5118//5050 5117//5037 5114//4902 5115//5051
f 5097//5027 5115//5051 4961//5052 4958//5029
f 5115//5051 5114//4902 4960//4905 4961//5052
f 5113//3117 5112//5026 5110//5039 5111//3554
f 5111//3554 5110//5039 5108//5041 5109//4958
f 5096//4959 5109//4958 5106//5043
f 5109//4958 5108//5041 5105//5042 5106//5043
f 5096//4959 5106//5043 5107//2553 5088//2552 5090//3074 5089//4960
f 5107//2553 5106//5043 5103//5046 5104//2554
f 4968//5053 4967//4945 4990//4944 4991//5054 4979//4052 4964//4054
f 5104//2554 5103//5046 5100//5047 5101//5032
f 3606//4101 3607//3486 3602//3485 3601//4081 3600//4082 3603//4083 3604//4097 3605//4099
f 5102//2463 5101//5032 5098//5049 5099//2464
f 5225//4033 5223//3517 5224//3516
f 5094//3072 5093//3118 5091//3555 5092//3073
f 5092//3073 5091//3555 5089//4960 5090//3074
f 3391//1274 3448//1874 3449//3929 3445//3924 5033//4038 5032//5055 5035//5017
f 5072//5056 5086//4658 5064//4662
f 5086//4658 5072//5056 5071//5057 5085//5019
f 5085//5019 5071//5057 5070//5058 5084//5020
f 5084//5020 5070//5058 5069//5059 5083//4153
f 5083//4153 5069//5059 5068//5060 5082//4154
f 5082//4154 5068//5060 5067//5061 5081//4155
f 5081//4155 5067//5061 5004//4897 5025//4156
f 5060//3940 5080//5062 5072//5056 5052//5063
f 5080//5062 5060//3940 5059//3939 5079//5064
f 5080//5062 5079//5064 5071//5057 5072//5056
f 5079//5064 5059//3939 5058//4892 5078//5065
f 5079//5064 5078//5065 5070//5058 5071//5057
f 5078//5065 5058//4892 5057//4891 5077//5066
f 5078//5065 5077//5066 5069//5059 5070//5058
f 5077//5066 5057//4891 5056//5067 5076//5068
f 5077//5066 5076//5068 5068//5060 5069//5059
f 5076//5068 5056//5067 5055//5069 5075//5070
f 5076//5068 5075//5070 5067//5061 5068//5060
f 5075//5070 5055//5069 4982//5071 5008//5072
f 5075//5070 5008//5072 5004//4897 5067//5061
f 5074//5073 5054//4901 5053//4900 5073//5074
f 5074//5073 5073//5074 5065//4661 5066//4660
f 5073//5074 5053//4900 5052//5063 5072//5056
f 5073//5074 5072//5056 5064//4662 5065//4661
f 2995//3494 4932//3498 5218//4161 3488//3961 3489//3960
f 5063//4890 5056//5067 5057//4891
f 5063//4890 5062//3752 5055//5069 5056//5067
f 5062//3752 4986//3751 4982//5071 5055//5069
f 5061//3624 5060//3940 5052//5063 5053//4900
f 3125//3883 2995//3494 3489//3960 3487//3962 3430//3957 3486//3956 3499//4076 3599//3882
f 4872//4869 4871//3549 3062//3548 3070//3457 3071//3490
f 3172//660 3171//3784 3170//3785 3190//3749 3191//3748
f 5045//3084 4974//3083 4969//5075
f 5051//3088 5050//1695 5043//1694 5044//4056
f 3421//4050 3417//3881 3416//3880 3415//4042
f 5049//1692 5048//3087 5041//4893 5042//1693
f 5048//3087 5047//3086 5040//4894 5041//4893
f 5047//3086 5046//3085 5039//4895 5040//4894
f 5046//3085 5045//3084 5038//3753 5039//4895
f 5045//3084 4969//5075 4965//3750 5038//3753
f 5021//5076 5036//1276 5034//1275 5018//5077
f 5036//1276 5021//5076 4959//5078 4962//1277
f 5019//5079 5035//5017 5032//5055 5014//5080
f 5035//5017 5019//5079 5018//5077 5034//1275
f 5015//5081 5033//4038 5029//3564 5009//3563
f 5033//4038 5015//5081 5014//5080 5032//5055
f 5011//5082 5031//4014 5026//1282 5005//5083
f 5031//4014 5011//5082 5010//3562 5030//3561
f 5007//5084 5028//1064 5024//1063 5003//4898
f 5028//1064 5007//5084 5006//5085 5027//1065
f 5027//1065 5006//5085 5005//5083 5026//1282
f 5000//5028 5023//5086 5021//5076 4996//5087
f 5023//5086 5000//5028 4958//5029 4961//5052
f 5023//5086 4961//5052 4959//5078 5021//5076
f 4997//5088 5022//5089 5019//5079 4992//5090
f 5022//5089 4997//5088 4996//5087 5021//5076
f 5022//5089 5021//5076 5018//5077 5019//5079
f 4993//5091 5020//5092 5015//5081 4987//5093
f 5020//5092 4993//5091 4992//5090 5019//5079
f 5020//5092 5019//5079 5014//5080 5015//5081
f 4989//4943 5017//5094 5011//5082 4983//5095
f 5017//5094 4989//4943 4988//5096 5016//5097
f 5017//5094 5016//5097 5010//3562 5011//5082
f 5016//5097 4988//5096 4987//5093 5015//5081
f 5016//5097 5015//5081 5009//3563 5010//3562
f 4985//4053 5013//5098 5007//5084 4981//5099
f 5013//5098 4985//4053 4984//5100 5012//5101
f 5013//5098 5012//5101 5006//5085 5007//5084
f 5012//5101 4984//5100 4983//5095 5011//5082
f 5012//5101 5011//5082 5005//5083 5006//5085
f 5008//5072 4982//5071 4981//5099 5007//5084
f 5008//5072 5007//5084 5003//4898 5004//4897
f 4786//4940 4785//4093 3012//3861 3013//4889 4787//4910
f 5002//1868 5001//2466 4997//5088 4998//1869
f 5001//2466 5000//5028 4996//5087 4997//5088
f 4980//1871 4999//1870 4994//5102
f 4999//1870 4998//1869 4993//5091 4994//5102
f 4998//1869 4997//5088 4992//5090 4993//5091
f 4980//1871 4994//5102 4995//4942 4966//4941 4971//5103
f 4995//4942 4994//5102 4988//5096 4989//4943
f 4994//5102 4993//5091 4987//5093 4988//5096
f 4979//4052 4991//5054 4985//4053
f 4991//5054 4990//4944 4984//5100 4985//4053
f 4824//3693 4815//4954 4814//3100 4813//3694
f 4990//4944 4989//4943 4983//5095 4984//5100
f 4986//3751 4985//4053 4981//5099 4982//5071
f 3189//3769 3188//3727 3214//3709 3268//3654 3249//3653 3247//3674
f 4980//1871 4971//5103 4970//1872
f 3568//3826 3578//4057 3573//4060 3563//4051 3562//3633
f 4973//3082 4978//3081 4972//5104
f 4978//3081 4977//3080 4971//5103 4972//5104
f 4977//3080 4976//1873 4970//1872 4971//5103
f 4974//3083 4973//3082 4968//5053 4969//5075
f 4973//3082 4972//5104 4967//4945 4968//5053
f 4972//5104 4971//5103 4966//4941 4967//4945
f 4969//5075 4968//5053 4964//4054 4965//3750
f 4961//5052 4963//4904 4962//1277 4959//5078
f 4963//4904 4961//5052 4960//4905
f 4721//3657 4710//4146 4709//4882 4708//4878 4719//3832 4720//3658
f 5231//4037 5229//4036 5230//4911
f 4705//4875 4691//4871 5054//4901 5074//5073
f 4705//4875 5074//5073 5066//4660 4701//4659
f 3374//4159 5231//4037 5230//4911 3373//4160
f 3375//3936 5232//4020 5231//4037 3374//4159
f 3528//3774 3484//3888 3483//3903 3482//3775
