# Blender 5.0.0
# www.blender.org
mtllib AlexV2Torso.mtl
o AlexV2Torso
v 0.107336 -0.060601 0.095482
v 0.117591 -0.023995 0.099214
v 0.107330 0.060620 0.095480
v 0.121847 0.093355 0.219559
v 0.127227 0.105550 0.271380
v 0.128354 0.110740 0.293351
v 0.128467 0.113961 0.307238
v 0.128081 0.116825 0.320600
v 0.126708 0.119957 0.338312
v 0.124416 0.121696 0.354942
v 0.122361 0.121991 0.366121
v 0.119802 0.121552 0.377898
v 0.116614 0.120337 0.390770
v 0.099604 0.108516 0.453551
v 0.098015 0.103830 0.462764
v 0.098244 0.105212 0.460793
v 0.097917 0.101505 0.465130
v 0.098030 0.099037 0.466879
v 0.098529 0.094809 0.468656
v 0.099059 0.091251 0.469607
v 0.100561 0.082084 0.470990
v 0.102768 0.068354 0.471975
v 0.105418 0.049285 0.472648
v 0.106506 0.039772 0.472835
v 0.107604 0.027963 0.472982
v 0.108560 0.011469 0.473074
v 0.108489 -0.013246 0.473068
v 0.108025 -0.021975 0.473026
v 0.106340 -0.041336 0.472809
v 0.105093 -0.051904 0.472585
v 0.103822 -0.061236 0.472285
v 0.099631 -0.087705 0.470264
v 0.100050 -0.085164 0.470643
v 0.098540 -0.091706 0.470204
v 0.098421 -0.095604 0.468387
v 0.098014 -0.103640 0.462937
v 0.097951 -0.100330 0.466035
v 0.098627 -0.106474 0.458443
v 0.099363 -0.108112 0.454663
v 0.100256 -0.108695 0.451411
v 0.100711 -0.110016 0.448800
v 0.116680 -0.120372 0.390526
v 0.119510 -0.121455 0.379112
v 0.120789 -0.121778 0.373510
v 0.121971 -0.121954 0.368000
v 0.124042 -0.121798 0.357108
v 0.124943 -0.121455 0.351619
v 0.126490 -0.120204 0.340163
v 0.127120 -0.119302 0.334127
v 0.127591 -0.118357 0.328583
v 0.128018 -0.117092 0.321917
v 0.128320 -0.115626 0.314803
v 0.127479 -0.106346 0.274865
v 0.127769 -0.107498 0.279730
v 0.126457 -0.103354 0.262053
v 0.108272 -0.071130 0.118603
v 0.134061 -0.088154 0.339268
v 0.142770 -0.020080 0.339402
v 0.140410 -0.020832 0.357938
v 0.136879 -0.021270 0.375487
v 0.139106 -0.057756 0.339347
v 0.136543 -0.059739 0.357915
v 0.132870 -0.060817 0.375480
v 0.127586 -0.091604 0.375614
v 0.131338 -0.090575 0.357950
v 0.118291 -0.091094 0.408842
v 0.113549 -0.110760 0.409041
v 0.117242 -0.074083 0.167055
v 0.131193 -0.068560 0.237682
v 0.126329 -0.089062 0.237866
v 0.141486 -0.016472 0.268863
v 0.143391 -0.017814 0.295910
v 0.138575 -0.047787 0.268854
v 0.140236 -0.051541 0.295835
v 0.143792 -0.019045 0.319074
v 0.140375 -0.054944 0.318993
v 0.135641 -0.079708 0.295668
v 0.135120 -0.077081 0.282755
v 0.134194 -0.074329 0.268792
v 0.135546 -0.084424 0.318833
v 0.122031 0.056347 0.165778
v 0.131193 0.068560 0.237682
v 0.135641 0.079708 0.295668
v 0.134194 0.074329 0.268792
v 0.135546 0.084424 0.318833
v 0.134061 0.088154 0.339268
v 0.135403 0.043868 0.237499
v 0.140236 0.051541 0.295835
v 0.138575 0.047787 0.268854
v 0.140375 0.054944 0.318993
v 0.139106 0.057756 0.339347
v 0.141486 0.016472 0.268863
v 0.143391 0.017814 0.295910
v 0.143792 0.019045 0.319074
v 0.142770 0.020080 0.339402
v 0.131338 0.090575 0.357950
v 0.127586 0.091604 0.375614
v 0.113549 0.110760 0.409041
v 0.136543 0.059739 0.357915
v 0.132870 0.060817 0.375480
v 0.140410 0.020832 0.357938
v 0.136879 0.021270 0.375487
v 0.103692 -0.068003 0.094156
v 0.125136 -0.109314 0.274323
v 0.102964 0.068540 0.093891
v 0.125143 0.109306 0.274309
v 0.124920 0.108492 0.270856
v 0.125315 0.110300 0.278313
v 0.125880 0.113799 0.292680
v 0.125988 0.117039 0.306510
v 0.125868 0.118530 0.313236
v 0.125635 0.119920 0.319845
v 0.124869 0.122155 0.331835
v 0.124331 0.123053 0.337596
v 0.123694 0.123790 0.343247
v 0.122135 0.124754 0.354378
v 0.120136 0.125006 0.365695
v 0.117614 0.124512 0.377590
v 0.115926 0.123897 0.384704
v 0.114457 0.123250 0.390561
v 0.100156 0.114368 0.442458
v 0.097519 0.110995 0.453968
v 0.096612 0.108553 0.459515
v 0.096328 0.106729 0.462507
v 0.096276 0.104016 0.465631
v 0.096488 0.100690 0.468184
v 0.097288 0.097467 0.469101
v 0.097254 0.094301 0.470966
v 0.097665 0.091498 0.471690
v 0.099148 0.082078 0.473182
v 0.102686 0.058747 0.474682
v 0.104995 0.039650 0.475180
v 0.106996 0.011419 0.475444
v 0.106927 -0.013190 0.475438
v 0.104817 -0.041210 0.475146
v 0.102344 -0.061112 0.474575
v 0.099243 -0.081482 0.473235
v 0.098647 -0.085212 0.472800
v 0.097850 -0.090299 0.471939
v 0.097172 -0.094892 0.470785
v 0.097201 -0.098194 0.468787
v 0.096423 -0.101441 0.467696
v 0.096277 -0.105370 0.464172
v 0.096522 -0.108134 0.460284
v 0.097298 -0.110549 0.455137
v 0.098567 -0.112626 0.449027
v 0.101090 -0.115160 0.438890
v 0.115958 -0.123908 0.384566
v 0.114516 -0.123271 0.390312
v 0.117329 -0.124416 0.378816
v 0.119755 -0.124964 0.367595
v 0.124723 -0.122397 0.333392
v 0.125572 -0.120185 0.321162
v 0.125860 -0.118716 0.314055
v 0.095123 0.118131 0.239271
v 0.077148 0.087166 0.103891
v 0.080206 0.091497 0.124553
v 0.091910 0.110616 0.205275
v 0.089643 0.118286 0.226804
v 0.084303 0.095317 0.143880
v 0.099730 0.115743 0.240725
v 0.118657 -0.110564 0.264694
v 0.098726 -0.117170 0.243919
v 0.124057 -0.108810 0.270121
v 0.089694 -0.118219 0.226653
v 0.091944 -0.111366 0.207705
v 0.080204 -0.091487 0.124555
v 0.077147 -0.087163 0.103892
v 0.075398 -0.082692 0.083858
v 0.084300 -0.095304 0.143883
v 0.103887 -0.114453 0.245509
v 0.096020 -0.116849 0.236283
v 0.096821 -0.115536 0.233138
v 0.089171 0.114395 0.214430
v 0.087493 0.118395 0.225210
v 0.074003 0.083011 0.083350
v 0.053923 0.138434 0.253686
v 0.056803 0.135295 0.249739
v 0.058242 0.136760 0.252466
v 0.061621 0.135387 0.251396
v 0.064522 0.134159 0.250370
v 0.063031 0.133003 0.247844
v 0.065768 0.131922 0.246848
v 0.069936 0.131717 0.248090
v 0.068368 0.130840 0.245774
v 0.074826 0.129289 0.245446
v 0.073154 0.128674 0.243353
v 0.077431 0.127876 0.243704
v 0.079661 0.126580 0.241965
v 0.077839 0.126238 0.240139
v 0.081401 0.125494 0.240393
v 0.083007 0.124418 0.238726
v 0.080278 0.124771 0.237904
v 0.084478 0.123351 0.236960
v 0.083513 0.122488 0.233949
v 0.086184 0.121975 0.234500
v 0.014504 0.147156 0.259134
v 0.022047 0.148094 0.260942
v 0.028869 0.146453 0.259446
v 0.027608 0.144206 0.256279
v 0.035704 0.144567 0.257961
v 0.040546 0.140598 0.253542
v 0.041907 0.142642 0.256585
v 0.046561 0.138724 0.252229
v 0.048651 0.140359 0.255018
v -0.036461 0.153525 0.273417
v -0.043145 0.153740 0.275783
v -0.035201 0.155646 0.276807
v -0.028388 0.155267 0.274500
v -0.022617 0.152578 0.268919
v -0.021410 0.154724 0.272274
v -0.015459 0.151842 0.266792
v -0.008149 0.150929 0.264749
v -0.006975 0.153135 0.268064
v 0.000471 0.152078 0.266084
v 0.008629 0.150759 0.264035
v 0.007469 0.148482 0.260769
v -0.048986 0.153776 0.277975
v -0.048024 0.155932 0.281535
v -0.025803 0.160960 0.316783
v -0.015219 0.161234 0.315177
v -0.009931 0.161289 0.314626
v 0.014658 0.160913 0.314411
v 0.039208 0.159452 0.318945
v 0.046440 0.158713 0.321653
v 0.054743 0.157565 0.326000
v 0.036339 0.153889 0.295373
v 0.046197 0.154218 0.304924
v 0.030405 0.156714 0.302681
v 0.043210 0.157076 0.312896
v 0.005952 0.153552 0.276498
v -0.014453 0.157542 0.292529
v -0.001168 0.156703 0.290181
v -0.019941 0.160182 0.319662
v -0.009624 0.160419 0.318422
v 0.010178 0.160278 0.318035
v 0.029870 0.159431 0.320660
v 0.041639 0.158478 0.324342
v 0.052031 0.157143 0.329880
v 0.058689 0.156849 0.328847
v 0.082749 0.128317 0.256258
v 0.089930 0.123230 0.248926
v 0.091915 0.121527 0.246005
v 0.076764 0.133847 0.268725
v 0.082585 0.132491 0.273761
v 0.058016 0.155975 0.324737
v 0.058980 0.154913 0.322062
v 0.057770 0.156024 0.334620
v 0.061206 0.156367 0.330957
v 0.061839 0.155053 0.338986
v 0.065779 0.155393 0.335630
v 0.063708 0.154529 0.341341
v 0.067864 0.154872 0.338190
v 0.072177 0.153546 0.344627
v 0.067572 0.153181 0.347288
v 0.074023 0.152830 0.348004
v 0.079071 0.150088 0.358128
v 0.074499 0.148885 0.364514
v 0.079841 0.149363 0.363060
v 0.075617 0.147627 0.369009
v 0.081067 0.148136 0.367817
v 0.076649 0.146064 0.374249
v 0.082537 0.146450 0.373143
v 0.083072 0.145093 0.378506
v 0.078034 0.142760 0.384472
v 0.083780 0.143396 0.383989
v 0.078969 0.137137 0.400225
v 0.084998 0.137987 0.400231
v 0.079092 0.133749 0.409153
v 0.079108 0.130456 0.417680
v 0.085469 0.131671 0.418007
v 0.007722 0.123098 0.234313
v 0.010417 0.135857 0.250909
v 0.010100 0.132926 0.247939
v 0.009684 0.142841 0.256836
v 0.008881 0.145620 0.258761
v 0.080545 0.120480 0.229672
v 0.033730 0.141888 0.254566
v 0.051770 0.136037 0.250258
v 0.048501 0.137425 0.251298
v 0.060128 0.133628 0.248349
v 0.047411 0.123317 0.234139
v 0.010464 0.129479 0.243935
v 0.013839 0.134992 0.249894
v 0.013486 0.139113 0.253671
v -0.049931 0.147600 0.273820
v 0.005294 0.124422 0.236917
v 0.003613 0.126091 0.239816
v 0.001271 0.127045 0.241559
v 0.000089 0.128673 0.243912
v -0.006770 0.132404 0.249517
v -0.015614 0.135863 0.254740
v -0.019855 0.138130 0.257621
v -0.023829 0.138916 0.259224
v -0.027570 0.140361 0.261289
v -0.042176 0.143463 0.267920
v -0.051159 0.144621 0.272143
v -0.019856 0.148067 0.265117
v -0.012323 0.146839 0.262727
v 0.002712 0.141410 0.256476
v 0.002719 0.138465 0.253997
v -0.004824 0.140187 0.256430
v -0.012319 0.141874 0.259033
v 0.002430 0.144206 0.258603
v -0.019939 0.141143 0.260015
v -0.012488 0.139354 0.257021
v -0.016388 0.137837 0.256580
v 0.001393 0.131503 0.247116
v 0.005714 0.129299 0.244018
v 0.004856 0.127716 0.242006
v 0.007500 0.131023 0.245991
v -0.005566 0.134623 0.251491
v -0.005095 0.137412 0.254042
v 0.002225 0.134584 0.250333
v -0.009151 0.135748 0.253227
v 0.006076 0.133608 0.248957
v -0.046011 0.139256 0.260816
v -0.036608 0.137448 0.256360
v -0.031768 0.136246 0.254063
v -0.024113 0.133999 0.250286
v -0.020191 0.132689 0.248214
v -0.004033 0.126159 0.237570
v 0.001113 0.123688 0.233005
v -0.051124 0.137826 0.228846
v -0.042549 0.131972 0.180126
v -0.029301 0.125266 0.170512
v 0.004968 0.121641 0.228513
v 0.018256 0.107458 0.177486
v -0.028453 0.126108 0.175880
v -0.028532 0.125579 0.173263
v 0.002900 0.122623 0.229977
v -0.040665 0.130989 0.177442
v 0.019230 0.112335 0.200523
v 0.011346 0.119737 0.225909
v 0.010023 0.120698 0.228578
v 0.008689 0.121674 0.231100
v 0.016304 0.095957 0.129683
v 0.014382 0.091750 0.112480
v 0.017132 0.091225 0.112211
v 0.012612 0.088339 0.098604
v 0.011954 0.084913 0.085240
v 0.011097 0.083527 0.079535
v 0.006129 0.085159 0.081902
v -0.010953 0.090844 0.088456
v -0.032775 0.097076 0.094080
v -0.033080 0.102359 0.105857
v -0.033915 0.110225 0.123305
v -0.036202 0.119710 0.144083
v 0.002672 0.096705 0.116630
v -0.009251 0.105103 0.130376
v -0.004318 0.095697 0.107129
v -0.005232 0.092180 0.095969
v -0.010950 0.094134 0.097700
v 0.001628 0.093496 0.105487
v -0.022278 0.110346 0.132672
v -0.022210 0.102289 0.111926
v -0.028190 0.104484 0.113488
v -0.022394 0.098043 0.101143
v -0.028119 0.099996 0.102858
v -0.016237 0.100094 0.110349
v -0.016671 0.096089 0.099424
v -0.010272 0.097896 0.108751
v -0.022701 0.114103 0.142520
v 0.003580 0.099829 0.127621
v 0.006199 0.088269 0.092494
v 0.087227 -0.104722 0.180733
v 0.089193 -0.114274 0.214073
v 0.088043 -0.117490 0.222957
v 0.087323 -0.118643 0.225808
v 0.072871 -0.083216 0.082938
v 0.048501 -0.137425 0.251298
v 0.051722 -0.136053 0.250270
v 0.056626 -0.135357 0.249787
v 0.058063 -0.136831 0.252519
v 0.062059 -0.135205 0.251248
v 0.063950 -0.132646 0.247523
v 0.068150 -0.132547 0.248903
v 0.065451 -0.133755 0.250015
v 0.071533 -0.129437 0.244250
v 0.073787 -0.128366 0.242977
v 0.075477 -0.128945 0.245037
v 0.076330 -0.127064 0.241290
v 0.078099 -0.127496 0.243208
v 0.079323 -0.125363 0.238827
v 0.082050 -0.125068 0.239747
v 0.083602 -0.123997 0.238043
v 0.082905 -0.122945 0.234777
v 0.085570 -0.120684 0.230383
v 0.008038 -0.148381 0.260633
v 0.021068 -0.145765 0.257680
v 0.022280 -0.148051 0.260888
v 0.043793 -0.142034 0.256159
v -0.005464 -0.150543 0.264038
v -0.004283 -0.152767 0.267337
v -0.012088 -0.151427 0.265845
v -0.023915 -0.154936 0.273059
v -0.025129 -0.152794 0.269699
v -0.044113 -0.153752 0.276141
v -0.048019 -0.155932 0.281533
v -0.048986 -0.153776 0.277975
v 0.055495 -0.157437 0.326548
v 0.049223 -0.158375 0.322927
v 0.037745 -0.159580 0.318492
v 0.014579 -0.160912 0.314421
v -0.009699 -0.161295 0.314588
v -0.030599 -0.160765 0.317706
v 0.036339 -0.153889 0.295373
v 0.030405 -0.156714 0.302681
v -0.021317 -0.157821 0.294060
v -0.014453 -0.157542 0.292529
v -0.019640 -0.160192 0.319616
v -0.009397 -0.160420 0.318405
v 0.036438 -0.158952 0.322463
v 0.044290 -0.158198 0.325482
v 0.052686 -0.157021 0.330370
v 0.010804 -0.160263 0.318062
v 0.092210 -0.134488 0.302155
v 0.089844 -0.136127 0.303831
v 0.073867 -0.146690 0.315268
v 0.082586 -0.132492 0.273762
v 0.091890 -0.126245 0.266379
v 0.082750 -0.128317 0.256259
v 0.089931 -0.123230 0.248927
v 0.119827 -0.111222 0.269715
v 0.063742 -0.152546 0.320519
v 0.061844 -0.143691 0.284239
v 0.065336 -0.142019 0.282841
v 0.066734 -0.143821 0.291769
v 0.068846 -0.140246 0.281285
v 0.081860 -0.140719 0.306302
v 0.076765 -0.133847 0.268726
v 0.071162 -0.134796 0.263237
v 0.074207 -0.133229 0.261750
v 0.057735 -0.156028 0.334608
v 0.063516 -0.155898 0.333172
v 0.065726 -0.155405 0.335569
v 0.061791 -0.155065 0.338932
v 0.068440 -0.154712 0.338969
v 0.067030 -0.153389 0.346381
v 0.071579 -0.153751 0.343643
v 0.074022 -0.152831 0.348002
v 0.068581 -0.151765 0.350999
v 0.077234 -0.151235 0.355218
v 0.073369 -0.149886 0.360752
v 0.079841 -0.149364 0.363058
v 0.074490 -0.148883 0.364514
v 0.080924 -0.148299 0.367205
v 0.082217 -0.146615 0.373331
v 0.076675 -0.146066 0.374272
v 0.083072 -0.145093 0.378506
v 0.078048 -0.142766 0.384472
v 0.083780 -0.143396 0.383989
v 0.078516 -0.140816 0.390107
v 0.085303 -0.134776 0.409354
v 0.079094 -0.133751 0.409154
v 0.079108 -0.130456 0.417680
v 0.085930 0.121939 0.444310
v 0.086140 0.119057 0.451292
v 0.086314 0.117132 0.455587
v 0.086478 0.115596 0.458750
v 0.086671 0.114023 0.461720
v 0.087111 0.111071 0.466425
v 0.087704 0.107602 0.470690
v 0.088322 0.103926 0.473760
v 0.089527 0.099635 0.475585
v 0.090277 0.096400 0.476560
v 0.090729 0.087226 0.479381
v 0.092883 0.072396 0.480836
v 0.094088 0.063559 0.481346
v 0.095301 0.053695 0.481757
v 0.096146 0.046071 0.482006
v 0.098446 0.014088 0.482536
v 0.098458 -0.014089 0.482539
v 0.096549 -0.042035 0.482113
v 0.094907 -0.057070 0.481634
v 0.093832 -0.065498 0.481247
v 0.092730 -0.073474 0.480762
v 0.091183 -0.084113 0.479796
v 0.090063 -0.091847 0.478557
v 0.089767 -0.097945 0.476274
v 0.088704 -0.101420 0.475266
v 0.088155 -0.104962 0.473015
v 0.087697 -0.107651 0.470666
v 0.087365 -0.109531 0.468555
v 0.087003 -0.111729 0.465499
v 0.086671 -0.114023 0.461720
v 0.086478 -0.115596 0.458750
v 0.086140 -0.119057 0.451292
v 0.085930 -0.121939 0.444310
v 0.085665 -0.126976 0.430980
v 0.093559 -0.134899 0.306842
v 0.086967 0.120286 0.447024
v 0.093559 0.134899 0.306842
v 0.086523 0.140417 0.389008
v 0.076349 0.151640 0.350625
v 0.081479 0.148197 0.364993
v 0.077786 0.150896 0.354315
v 0.100866 -0.137163 0.348613
v 0.123150 -0.123884 0.339732
v 0.123228 -0.120793 0.317187
v 0.121853 -0.125001 0.350841
v 0.120206 -0.125417 0.361541
v 0.118214 -0.125188 0.372118
v 0.113574 -0.126076 0.381499
v 0.106926 -0.133587 0.355783
v 0.095404 -0.089852 0.474348
v 0.089945 -0.107143 0.468846
v 0.093562 -0.104657 0.467794
v 0.093943 -0.109574 0.460980
v 0.093655 -0.107612 0.464238
v 0.094169 -0.097952 0.472126
v 0.090656 -0.093863 0.477275
v 0.094513 -0.095532 0.472992
v 0.094926 -0.092841 0.473727
v 0.122907 0.122888 0.328891
v 0.116975 0.127296 0.361863
v 0.096113 0.064816 0.479383
v 0.091139 0.090673 0.477968
v 0.090674 0.093734 0.477308
v 0.090368 0.101883 0.473320
v 0.089988 0.106330 0.469678
v 0.086967 -0.120286 0.447024
v 0.079086 -0.125424 0.430533
v 0.079164 -0.120018 0.443725
v 0.079268 -0.116960 0.450622
v 0.079464 -0.113330 0.457959
v 0.079578 -0.111709 0.460868
v 0.079774 -0.109387 0.464539
v 0.079095 0.125411 0.430528
v 0.079114 0.122697 0.437276
v 0.079159 0.120034 0.443731
v 0.079267 0.116965 0.450624
v 0.079365 0.114941 0.454856
v 0.079466 0.113322 0.457955
v 0.079581 0.111697 0.460861
v 0.079716 0.110035 0.463557
v 0.048699 0.149207 0.341100
v 0.052490 0.147122 0.346189
v 0.054200 0.146036 0.348890
v 0.055788 0.144918 0.351691
v 0.060683 0.140116 0.363551
v 0.058566 0.142565 0.357580
v 0.062394 0.137175 0.370316
v 0.063348 0.135772 0.373830
v 0.062638 0.139301 0.366915
v 0.062120 0.123254 0.393985
v 0.063536 0.127517 0.388481
v 0.076515 0.128927 0.413043
v 0.040189 0.152779 0.332733
v 0.029857 0.155755 0.326176
v 0.008704 0.158680 0.320337
v -0.012747 0.157933 0.322063
v -0.023365 0.156036 0.325513
v 0.076119 0.131661 0.405422
v 0.072392 0.136901 0.385557
v 0.076016 0.137616 0.391733
v 0.072156 0.143573 0.371710
v 0.076554 0.143994 0.378672
v 0.071971 0.150512 0.357526
v 0.068589 0.151767 0.350996
v 0.070344 0.151167 0.354167
v 0.051408 0.148601 0.343272
v 0.063435 0.151881 0.345748
v 0.062752 -0.125284 0.391311
v 0.063543 -0.127521 0.388485
v 0.062390 -0.123315 0.394250
v 0.063615 -0.130801 0.382845
v 0.063492 -0.129040 0.385762
v 0.063354 -0.135775 0.373831
v 0.063685 -0.132204 0.380478
v 0.062403 -0.137179 0.370316
v 0.058543 -0.142560 0.357588
v 0.060684 -0.140117 0.363550
v 0.055795 -0.144919 0.351688
v 0.052498 -0.147124 0.346184
v 0.054219 -0.146039 0.348880
v 0.051409 -0.148601 0.343271
v 0.042580 -0.151908 0.334724
v 0.035198 -0.154369 0.329178
v 0.008704 -0.158682 0.320333
v 0.002277 -0.158848 0.320114
v -0.022467 -0.156243 0.325152
v 0.062642 -0.139302 0.366914
v 0.072392 -0.136901 0.385557
v 0.074135 -0.140394 0.381747
v 0.072466 -0.133547 0.392510
v 0.076016 -0.137616 0.391733
v 0.072526 -0.130182 0.399491
v 0.076086 -0.134645 0.398568
v 0.068499 -0.128880 0.393794
v 0.076119 -0.131661 0.405422
v 0.070344 -0.151159 0.354196
v 0.072156 -0.143573 0.371710
v 0.074622 -0.147214 0.368246
v 0.073970 -0.143524 0.374896
v 0.076563 -0.143998 0.378672
v 0.007026 -0.122900 0.233982
v 0.080545 -0.120480 0.229672
v 0.009717 -0.142679 0.256711
v 0.010213 -0.140032 0.254645
v 0.010388 -0.135527 0.250580
v 0.008448 -0.128245 0.242424
v 0.007720 -0.126238 0.239632
v 0.006236 -0.124188 0.236444
v 0.066970 -0.122382 0.232977
v 0.037307 -0.137159 0.251175
v 0.024245 -0.137571 0.251861
v 0.033076 -0.141377 0.254283
v 0.009304 -0.123619 0.235198
v 0.017725 -0.133673 0.248389
v -0.050396 -0.144557 0.271772
v -0.046743 -0.144116 0.270045
v -0.042176 -0.143463 0.267920
v -0.027569 -0.140372 0.261293
v -0.023826 -0.138919 0.259227
v -0.019855 -0.138130 0.257622
v -0.015613 -0.135862 0.254741
v -0.011768 -0.134196 0.252367
v -0.008134 -0.132454 0.249868
v -0.003037 -0.130204 0.246358
v 0.000090 -0.128673 0.243912
v 0.002144 -0.126777 0.241029
v 0.003918 -0.125872 0.239455
v 0.008833 -0.130735 0.245554
v 0.005714 -0.129299 0.244018
v -0.001982 -0.133441 0.249707
v -0.005095 -0.137412 0.254042
v 0.005859 -0.132795 0.248079
v 0.002719 -0.138465 0.253997
v -0.004824 -0.140187 0.256430
v -0.012488 -0.139354 0.257021
v 0.002712 -0.141410 0.256476
v -0.012323 -0.146839 0.262727
v -0.046011 -0.139256 0.260816
v -0.041359 -0.138452 0.258602
v -0.036608 -0.137448 0.256360
v -0.031768 -0.136246 0.254063
v -0.024113 -0.133999 0.250286
v -0.020191 -0.132689 0.248214
v -0.016430 -0.131333 0.246092
v -0.004033 -0.126159 0.237570
v 0.001818 -0.123329 0.232281
v -0.049077 -0.136772 0.217147
v -0.046423 -0.135336 0.204152
v -0.045970 -0.134851 0.199527
v -0.043551 -0.133547 0.191602
v -0.043999 -0.133330 0.188342
v -0.043096 -0.132637 0.184449
v -0.048806 -0.138569 0.245259
v -0.010277 -0.117774 0.171358
v -0.029301 -0.125266 0.170512
v 0.018231 -0.107587 0.178024
v 0.012876 -0.116098 0.211603
v -0.011307 -0.120521 0.181722
v -0.030867 -0.130509 0.197621
v -0.034525 -0.131617 0.197263
v -0.038361 -0.131974 0.190517
v -0.034802 -0.130941 0.191078
v -0.028453 -0.126108 0.175880
v -0.028532 -0.125579 0.173263
v 0.017934 -0.113981 0.206792
v 0.011777 -0.119419 0.224988
v 0.010044 -0.120683 0.228530
v 0.008311 -0.121953 0.231784
v 0.016695 -0.096944 0.133737
v 0.019712 -0.096310 0.133561
v 0.014219 -0.091422 0.111144
v 0.012349 -0.087852 0.096625
v 0.014834 -0.087431 0.096328
v 0.010096 -0.083781 0.080110
v -0.038142 -0.124502 0.154808
v -0.037158 -0.122146 0.149424
v -0.033062 -0.102076 0.105226
v -0.032900 -0.099267 0.098966
v -0.031935 -0.096865 0.093919
v -0.015743 -0.092334 0.089955
v -0.006423 -0.089386 0.086901
v -0.000891 -0.087553 0.084823
v 0.004616 -0.085680 0.082558
v 0.003580 -0.099829 0.127621
v -0.009694 -0.101564 0.119660
v -0.005232 -0.092180 0.095969
v -0.004318 -0.095697 0.107129
v -0.010601 -0.096025 0.103240
v 0.001628 -0.093496 0.105487
v -0.009251 -0.105103 0.130376
v -0.032852 -0.124106 0.160473
v -0.015806 -0.111305 0.141799
v -0.022278 -0.110346 0.132672
v -0.015913 -0.103987 0.121089
v -0.022155 -0.106406 0.122465
v -0.028413 -0.108823 0.123803
v -0.028190 -0.104484 0.113488
v -0.022210 -0.102289 0.111926
v -0.016237 -0.100094 0.110349
v -0.022394 -0.098043 0.101143
v -0.010950 -0.094134 0.097700
v -0.022520 -0.095885 0.095687
v 0.006199 -0.088269 0.092494
v 0.003105 -0.083334 0.080965
v 0.008506 -0.081424 0.078503
v -0.007762 -0.087061 0.085339
v -0.021947 -0.091567 0.089885
v -0.032363 -0.094490 0.092377
v 0.024080 -0.081846 0.072652
v 0.022847 -0.079409 0.071038
v 0.012814 -0.083196 0.078610
v 0.011722 -0.080764 0.076947
v 0.031900 -0.080790 0.068026
v -0.030823 -0.084538 0.092050
v -0.006748 -0.077920 0.084963
v 0.005118 -0.073859 0.080070
v 0.007482 -0.073043 0.078985
v -0.022318 -0.082822 0.089970
v 0.022977 -0.070873 0.070964
v 0.011088 -0.072269 0.077260
v -0.023166 0.091928 0.090213
v -0.017854 0.090320 0.088709
v -0.012217 0.088528 0.086909
v -0.006628 0.086681 0.084918
v -0.001022 0.084770 0.082717
v 0.004596 0.082809 0.080304
v 0.008506 0.081424 0.078503
v -0.032743 0.094589 0.092454
v 0.011016 0.080843 0.077295
v 0.016714 0.080181 0.074397
v 0.029378 0.081141 0.069562
v 0.028770 0.078606 0.067555
v 0.031900 0.080790 0.068026
v -0.028978 0.084807 0.094209
v -0.029902 0.084765 0.092942
v -0.032133 0.083788 0.093712
v 0.007734 0.072986 0.078864
v -0.009458 0.078942 0.087247
v -0.005074 0.077497 0.085620
v -0.014173 0.080329 0.087540
v -0.016763 0.081345 0.090925
v -0.019033 0.081902 0.089891
v -0.023118 0.083052 0.090175
v -0.022557 0.083077 0.092615
v -0.026488 0.084183 0.093612
v -0.026719 0.084093 0.091113
v -0.001352 0.076418 0.085550
v -0.002605 0.076522 0.083343
v -0.011109 0.079609 0.089161
v 0.017733 0.071515 0.073843
v 0.022610 0.070917 0.071161
v 0.027334 0.070376 0.069821
v 0.030235 0.069907 0.066648
v 0.011192 0.072305 0.078136
v 0.026228 0.070599 0.071901
v 0.014175 0.072053 0.078515
v 0.032450 0.069784 0.068226
v 0.009716 0.072778 0.080686
v 0.056547 0.124016 0.393134
v 0.057110 0.125866 0.390652
v 0.057545 0.127635 0.388105
v 0.057855 0.129331 0.385483
v 0.058038 0.130962 0.382775
v 0.058092 0.132536 0.379977
v 0.058029 0.133932 0.377342
v 0.057805 0.135481 0.374229
v 0.057426 0.136973 0.371059
v 0.056883 0.138404 0.367866
v 0.056162 0.139793 0.364638
v 0.055276 0.141130 0.361438
v 0.054452 0.142158 0.358937
v 0.053382 0.143329 0.356060
v 0.052203 0.144268 0.354171
v 0.050303 0.145691 0.351059
v 0.049355 0.146617 0.347942
v 0.047748 0.147649 0.345420
v 0.044168 0.149615 0.340688
v 0.038230 0.152125 0.334833
v 0.031123 0.154370 0.329808
v 0.022956 0.156185 0.325937
v 0.014369 0.157373 0.323557
v 0.005393 0.157930 0.322563
v -0.003806 0.157795 0.322969
v -0.012005 0.157023 0.324532
v -0.015130 0.156562 0.325409
v -0.021846 0.155220 0.327834
v 0.054708 0.109829 0.408001
v 0.056364 0.112132 0.405907
v 0.057851 0.114418 0.403738
v 0.052873 0.115863 0.402363
v 0.060310 0.118899 0.399115
v 0.054938 0.119983 0.397962
v 0.061266 0.121027 0.396697
v 0.055777 0.121961 0.395663
v 0.050230 0.111584 0.406505
v 0.034106 0.097131 0.419148
v 0.031705 0.095239 0.420402
v 0.038581 0.095224 0.420055
v 0.036153 0.097708 0.418338
v 0.046545 0.101062 0.415360
v 0.043209 0.103261 0.413760
v 0.048825 0.102695 0.414343
v 0.045132 0.105227 0.412113
v 0.046951 0.107289 0.410347
v 0.048643 0.109408 0.408480
v 0.029808 0.095109 0.420911
v 0.026993 0.093096 0.422379
v 0.025133 0.091792 0.423889
v 0.023910 0.089936 0.426287
v 0.023885 0.087501 0.429393
v 0.027241 0.088340 0.426889
v 0.029057 0.090486 0.424159
v 0.017191 0.094402 0.428401
v 0.018622 0.097314 0.424452
v 0.027055 0.082462 0.435381
v -0.018060 0.155428 0.332165
v -0.016033 0.155389 0.335745
v -0.011156 0.155261 0.337809
v -0.003984 0.155996 0.336627
v -0.007378 0.155713 0.337083
v -0.001413 0.156747 0.335693
v 0.002148 0.156836 0.335568
v 0.008149 0.155807 0.336954
v 0.012313 0.155717 0.337300
v 0.019271 0.155041 0.338807
v 0.024760 0.154466 0.340286
v 0.030132 0.152423 0.344012
v 0.036124 0.150689 0.347838
v 0.044440 0.146433 0.356903
v 0.048738 0.144355 0.361704
v 0.035397 0.105956 0.415782
v 0.033637 0.104965 0.416696
v 0.029752 0.103529 0.417889
v 0.027312 0.102672 0.418589
v 0.042507 0.112111 0.409713
v 0.044673 0.112938 0.408952
v 0.053204 0.124686 0.395635
v 0.053945 0.126603 0.393117
v 0.054722 0.135200 0.379813
v 0.052629 0.138339 0.373897
v 0.052421 0.140455 0.369821
v 0.050393 0.142847 0.364889
v -0.013133 0.156316 0.330634
v -0.004292 0.157219 0.329233
v 0.004742 0.157388 0.329016
v 0.013193 0.156897 0.329932
v 0.017517 0.156403 0.330844
v 0.021766 0.155753 0.332056
v 0.025837 0.154967 0.333536
v 0.029820 0.154033 0.335316
v 0.033687 0.152953 0.337399
v 0.037320 0.151762 0.339722
v 0.043969 0.149033 0.345125
v 0.046988 0.147486 0.348222
v 0.038080 0.099451 0.417119
v 0.030960 0.105206 0.416182
v 0.033151 0.106429 0.415067
v 0.036724 0.108011 0.413683
v 0.044834 0.114310 0.407466
v 0.048261 0.118727 0.402716
v 0.051719 0.123780 0.396774
v 0.052619 0.125868 0.394090
v 0.053342 0.128004 0.391199
v 0.054298 0.132316 0.384674
v 0.053583 0.133769 0.382261
v 0.052997 0.136591 0.377213
v 0.050888 0.139445 0.371536
v 0.050233 0.141361 0.367712
v 0.048124 0.143454 0.363253
v 0.046436 0.145128 0.359737
v 0.041966 0.147565 0.354307
v 0.039796 0.149166 0.351101
v 0.037716 0.149805 0.349581
v 0.032539 0.151454 0.345894
v 0.027307 0.152950 0.342750
v 0.022616 0.154227 0.340284
v 0.016442 0.155016 0.338528
v 0.004837 0.156144 0.336446
v 0.001323 0.155531 0.337128
v -0.008751 0.154923 0.338091
v 0.015591 0.093801 0.429321
v 0.017068 0.095931 0.426318
v 0.020184 0.098976 0.422376
v 0.022028 0.100596 0.420510
v 0.024740 0.101572 0.419557
v 0.023759 0.083248 0.435814
v 0.055155 0.090697 0.434757
v 0.054205 0.087178 0.437837
v 0.054999 0.084631 0.440860
v 0.054808 0.096056 0.427929
v 0.034229 0.081010 0.438683
v 0.042451 0.080842 0.440364
v 0.045995 0.080801 0.441112
v 0.049548 0.080933 0.441858
v 0.053429 0.081520 0.442780
v 0.051902 0.094865 0.427205
v 0.052595 0.091111 0.432371
v 0.049530 0.090900 0.430691
v 0.048809 0.094696 0.425421
v 0.050215 0.087074 0.435582
v 0.052458 0.085154 0.438823
v 0.049330 0.083332 0.439256
v 0.041893 0.087618 0.431542
v 0.046185 0.087273 0.433505
v 0.041759 0.083980 0.436212
v 0.046068 0.083629 0.437832
v 0.048888 0.077922 0.447289
v 0.045415 0.078412 0.445781
v 0.033269 0.079255 0.442595
v 0.057495 0.082704 0.444339
v 0.051328 0.077320 0.449160
v 0.053122 0.076710 0.451021
v 0.059571 0.082845 0.445890
v 0.064245 0.087439 0.447801
v 0.068033 0.091044 0.450657
v 0.072322 0.097236 0.454128
v 0.074106 0.099691 0.456195
v 0.076507 0.103262 0.459610
v 0.072447 0.112317 0.434083
v 0.072287 0.115818 0.427323
v 0.057019 0.107368 0.414036
v 0.057098 0.102097 0.421933
v 0.069408 0.117513 0.416797
v 0.077157 0.117264 0.441156
v 0.074772 0.118017 0.430864
v 0.076983 0.126161 0.420843
v 0.069293 0.121431 0.409312
v 0.064084 0.105482 0.426333
v 0.059259 0.102892 0.423227
v 0.062105 0.109139 0.417577
v 0.059156 0.107980 0.415472
v 0.067444 0.107887 0.428924
v 0.068806 0.113076 0.423324
v 0.067132 0.116185 0.414365
v 0.063666 0.119110 0.403309
v 0.067006 0.120371 0.406690
v 0.056632 0.087444 0.439479
v 0.057281 0.084630 0.442619
v 0.059153 0.084462 0.444375
v 0.058777 0.086240 0.442546
v 0.061296 0.087698 0.443898
v 0.061995 0.085384 0.446602
v 0.063552 0.088203 0.446274
v 0.063323 0.090845 0.443600
v 0.061342 0.091363 0.440449
v 0.059227 0.088975 0.440427
v 0.057103 0.091033 0.436144
v 0.059313 0.092344 0.436977
v 0.063323 0.093159 0.441235
v 0.061392 0.093873 0.437774
v 0.063351 0.095522 0.438620
v 0.065262 0.092825 0.444562
v 0.065466 0.090816 0.446776
v 0.067327 0.092900 0.447960
v 0.067093 0.094795 0.445700
v 0.070798 0.096137 0.451668
v 0.070441 0.098655 0.448392
v 0.066952 0.098931 0.440680
v 0.063351 0.097884 0.435729
v 0.057142 0.096629 0.429431
v 0.059332 0.097656 0.430528
v 0.061387 0.098879 0.431560
v 0.063316 0.100234 0.432587
v 0.066900 0.101024 0.437860
v 0.070033 0.104160 0.440428
v 0.065179 0.099448 0.436737
v 0.066827 0.103103 0.434834
v 0.069173 0.105291 0.436763
v 0.072933 0.105525 0.446221
v 0.072656 0.108885 0.440412
v 0.071943 0.100501 0.449886
v 0.073315 0.102258 0.451440
v 0.075723 0.105537 0.454693
v 0.075356 0.108557 0.449487
v 0.075092 0.111653 0.443727
v 0.071112 0.082978 0.457379
v 0.072691 0.081496 0.459386
v 0.074494 0.080492 0.461876
v 0.076386 0.079999 0.464861
v 0.077727 0.077709 0.466880
v 0.079564 0.075464 0.469858
v 0.087142 0.057041 0.480164
v 0.086080 0.061980 0.479218
v 0.085280 0.071213 0.479538
v 0.082759 0.069941 0.474763
v 0.081048 0.073252 0.472223
v 0.083024 0.085866 0.478023
v 0.082450 0.089489 0.477363
v 0.081982 0.092473 0.476660
v 0.081590 0.095018 0.475884
v 0.080971 0.099299 0.473977
v 0.080391 0.103710 0.471015
v 0.079973 0.107394 0.467167
v 0.072814 0.095181 0.456549
v 0.075027 0.098442 0.459324
v 0.077356 0.099634 0.464503
v 0.075592 0.096633 0.461691
v 0.076217 0.094810 0.463813
v 0.074407 0.091714 0.461131
v 0.077847 0.097782 0.466575
v 0.076881 0.092922 0.465704
v 0.077573 0.090926 0.467388
v 0.076960 0.085914 0.466327
v 0.066739 0.088756 0.450205
v 0.074827 0.089141 0.462420
v 0.074563 0.084995 0.462242
v 0.073011 0.092602 0.458295
v 0.070741 0.090840 0.455128
v 0.072547 0.089287 0.458616
v 0.069421 0.089056 0.453891
v 0.068387 0.086894 0.453332
v 0.073042 0.086029 0.459881
v 0.070430 0.086362 0.456168
v 0.065444 0.085671 0.450213
v 0.064057 0.083798 0.449536
v 0.068527 0.083789 0.454265
v 0.069505 0.055829 0.479753
v 0.068715 0.058488 0.478615
v 0.067586 0.061864 0.476558
v 0.066445 0.064827 0.473862
v 0.065456 0.066997 0.471114
v 0.064130 0.069279 0.467471
v 0.062831 0.070956 0.464401
v 0.061774 0.071991 0.462353
v 0.060530 0.072983 0.460288
v 0.058608 0.074203 0.457566
v 0.056380 0.075344 0.454782
v 0.021742 0.081411 0.440125
v 0.013249 0.081501 0.446528
v 0.016348 0.081139 0.444762
v 0.019594 0.081242 0.442211
v 0.015973 0.085121 0.442072
v 0.011247 0.081381 0.446923
v 0.013123 0.083266 0.444579
v 0.015165 0.086491 0.440177
v 0.023918 0.079219 0.442912
v 0.020582 0.078682 0.446197
v 0.017012 0.078309 0.448855
v 0.013493 0.078077 0.450901
v 0.009785 0.078006 0.452298
v 0.007769 0.079133 0.450093
v 0.006044 0.078048 0.453196
v 0.008696 0.080506 0.447932
v 0.005338 0.079911 0.448625
v 0.004744 0.079021 0.450386
v 0.007050 0.070510 0.498367
v 0.041611 0.068484 0.488019
v 0.004740 0.075428 0.471200
v 0.004751 0.074402 0.477509
v 0.005379 0.073165 0.484636
v 0.005542 0.072753 0.486866
v 0.022170 0.076709 0.457201
v 0.025205 0.073513 0.472938
v 0.009050 0.077518 0.455707
v 0.012432 0.074543 0.472544
v 0.016066 0.071634 0.486461
v 0.036792 0.072558 0.473383
v 0.034650 0.075953 0.458644
v 0.087389 -0.056045 0.480411
v 0.085122 -0.072278 0.479458
v 0.083508 -0.082795 0.478450
v 0.082306 -0.090404 0.477162
v 0.081776 -0.093814 0.476253
v 0.081172 -0.097863 0.474707
v 0.080697 -0.101310 0.472812
v 0.080290 -0.104550 0.470269
v 0.079991 -0.107193 0.467473
v 0.087915 0.052760 0.480734
v 0.089059 0.044732 0.481323
v 0.090824 0.028308 0.482013
v 0.091709 -0.014648 0.482271
v 0.089485 -0.041329 0.481510
v 0.087996 -0.052230 0.480781
v 0.070303 0.052812 0.480713
v 0.044722 0.062993 0.501151
v 0.043021 0.064957 0.498289
v 0.040387 0.067168 0.493400
v 0.046163 0.055627 0.509268
v 0.045918 0.060162 0.504497
v 0.048943 0.051303 0.510554
v 0.067059 0.053088 0.486038
v 0.046906 0.052482 0.511523
v 0.063143 0.065996 0.476650
v 0.059450 0.066074 0.481289
v 0.052669 0.069593 0.477585
v 0.053087 0.064445 0.491587
v 0.042930 0.066610 0.493819
v 0.051964 0.063162 0.495043
v 0.045897 0.064655 0.497042
v 0.050187 0.065040 0.492858
v 0.050256 0.066458 0.489146
v 0.057510 0.064157 0.487561
v 0.048882 0.058317 0.504272
v 0.051584 0.054084 0.505816
v 0.048968 0.054015 0.508422
v 0.049032 0.055395 0.507133
v 0.051574 0.056832 0.503451
v 0.056263 0.056441 0.498801
v 0.058557 0.055837 0.496524
v 0.061233 0.052998 0.495030
v 0.064936 0.054764 0.488312
v 0.064168 0.057716 0.486974
v 0.060467 0.057046 0.492949
v 0.058145 0.058445 0.494655
v 0.055764 0.059674 0.496125
v 0.047702 0.062267 0.500083
v 0.053208 0.060781 0.497429
v 0.050095 0.062379 0.497936
v 0.054711 0.062321 0.493738
v 0.056925 0.062012 0.491727
v 0.061065 0.061406 0.487350
v 0.059351 0.061033 0.490123
v 0.059563 0.064025 0.485379
v 0.065489 0.062646 0.478936
v 0.068215 0.055409 0.482411
v 0.006686 0.069783 0.502525
v 0.006921 0.069130 0.505748
v 0.007370 0.067823 0.511891
v 0.014062 0.065332 0.516009
v 0.021042 0.063649 0.515303
v 0.028649 0.061379 0.514501
v 0.037766 0.057646 0.513388
v 0.015816 0.067118 0.508263
v 0.020654 0.067301 0.504142
v 0.015754 0.068607 0.501594
v 0.010516 0.068472 0.506142
v 0.025109 0.062918 0.514062
v 0.021803 0.064818 0.511814
v 0.019437 0.064471 0.514459
v 0.044086 0.059319 0.506871
v 0.043800 0.054547 0.512189
v 0.037463 0.060659 0.509712
v 0.041743 0.060879 0.506564
v 0.044521 0.061527 0.503662
v 0.036750 0.062874 0.506689
v 0.040047 0.061764 0.506398
v 0.035142 0.059218 0.513275
v 0.032398 0.060213 0.513770
v 0.037790 0.066237 0.498020
v 0.029868 0.066537 0.501485
v 0.030668 0.065565 0.504205
v 0.039465 0.057595 0.512203
v 0.043718 0.050290 0.514017
v 0.013682 0.060776 0.519460
v 0.020539 0.059287 0.518339
v 0.024718 0.058237 0.517610
v 0.027911 0.057350 0.517037
v 0.036628 0.054200 0.515402
v 0.040154 0.052455 0.514717
v 0.039299 0.042106 0.514969
v 0.032860 0.046191 0.516208
v 0.036130 0.045178 0.515576
v 0.041476 0.040606 0.514540
v 0.057560 0.016980 0.511297
v 0.054490 0.024207 0.511932
v 0.057056 0.024751 0.511390
v 0.056799 0.020911 0.511452
v 0.053318 0.026297 0.512172
v 0.050883 0.030139 0.512667
v 0.046680 0.035411 0.513511
v 0.054423 0.035395 0.511906
v 0.052350 0.040062 0.512314
v 0.045767 0.048089 0.513615
v 0.049840 0.043974 0.512809
v 0.030554 0.047387 0.516643
v 0.023408 0.050159 0.517949
v 0.027484 0.048733 0.517212
v 0.021290 0.050787 0.518325
v 0.017903 0.051538 0.518909
v 0.011771 0.052356 0.519924
v 0.041212 0.045120 0.514560
v 0.055059 -0.051295 0.504014
v 0.071307 -0.048585 0.481736
v 0.070521 -0.051947 0.480958
v 0.073259 -0.038556 0.483160
v 0.074941 -0.026861 0.483944
v 0.076130 -0.013814 0.484253
v 0.076236 0.011799 0.484270
v 0.074978 0.026577 0.483959
v 0.072667 0.041894 0.482792
v 0.071186 0.049089 0.481612
v 0.052105 0.046873 0.510495
v 0.054304 0.043996 0.509831
v 0.055138 0.041773 0.510160
v 0.056366 0.039298 0.509895
v 0.057446 0.036665 0.509662
v 0.058637 0.032960 0.509407
v 0.059638 0.028843 0.509198
v 0.060261 0.025298 0.509071
v 0.061125 0.016802 0.508913
v 0.061354 0.011450 0.508884
v 0.061451 0.007398 0.508878
v 0.061258 -0.014275 0.508894
v 0.061394 -0.009736 0.508881
v 0.061003 -0.018620 0.508932
v 0.060488 -0.023636 0.509027
v 0.059892 -0.027500 0.509145
v 0.058568 -0.033252 0.509422
v 0.056493 -0.039027 0.509867
v 0.055332 -0.041429 0.510118
v 0.054439 -0.043791 0.509802
v 0.047917 -0.050966 0.511815
v 0.065226 -0.050301 0.490916
v 0.065931 0.047774 0.491300
v 0.069545 0.042502 0.488051
v 0.062472 0.049932 0.495262
v 0.065226 0.050301 0.490916
v 0.068337 0.048123 0.487205
v 0.064860 0.007472 0.503299
v 0.059050 -0.050744 0.499434
v 0.053429 -0.046314 0.509340
v 0.056233 -0.049281 0.503962
v 0.062472 -0.049932 0.495262
v 0.063303 -0.047439 0.495495
v 0.065931 -0.047774 0.491300
v 0.069545 -0.042502 0.488051
v 0.068337 -0.048123 0.487205
v 0.050566 -0.049028 0.510637
v 0.068033 -0.091044 0.450657
v 0.065273 -0.088069 0.448680
v 0.063268 -0.086038 0.447564
v 0.060142 -0.083053 0.446319
v 0.076334 -0.102983 0.459312
v 0.081476 -0.072470 0.472871
v 0.079619 -0.075649 0.469992
v 0.076221 -0.079162 0.464485
v 0.074533 -0.080452 0.461941
v 0.072658 -0.081512 0.459342
v 0.071112 -0.082979 0.457379
v 0.068728 -0.083148 0.454549
v 0.083175 -0.069096 0.475369
v 0.085988 -0.062615 0.479176
v 0.073915 -0.090913 0.460478
v 0.074827 -0.089141 0.462420
v 0.074563 -0.084995 0.462242
v 0.076960 -0.085914 0.466327
v 0.073042 -0.086029 0.459881
v 0.072814 -0.095181 0.456549
v 0.072429 -0.091749 0.457643
v 0.071849 -0.088194 0.457775
v 0.070063 -0.087247 0.455456
v 0.070479 -0.091238 0.454522
v 0.069118 -0.089434 0.453287
v 0.068387 -0.086894 0.453332
v 0.067071 -0.088390 0.450882
v 0.066206 -0.085772 0.451069
v 0.067336 -0.083948 0.452907
v 0.064748 -0.083994 0.450194
v 0.080192 -0.089266 0.472760
v 0.080851 -0.086676 0.473883
v 0.077356 -0.099634 0.464503
v 0.077847 -0.097782 0.466575
v 0.076915 -0.101451 0.462180
v 0.076881 -0.092922 0.465704
v 0.077573 -0.090926 0.467388
v 0.076217 -0.094810 0.463813
v 0.075592 -0.096633 0.461691
v 0.069239 -0.056744 0.479385
v 0.068208 -0.060068 0.477769
v 0.067400 -0.062386 0.476174
v 0.066445 -0.064827 0.473862
v 0.065456 -0.066997 0.471114
v 0.062831 -0.070956 0.464401
v 0.064130 -0.069279 0.467471
v 0.061774 -0.071991 0.462353
v 0.060530 -0.072983 0.460288
v 0.058608 -0.074203 0.457566
v 0.056380 -0.075343 0.454782
v 0.057264 -0.023162 0.511349
v 0.055447 -0.032237 0.511705
v 0.053030 -0.038649 0.512179
v 0.050697 -0.042767 0.512640
v 0.047349 -0.047003 0.513300
v 0.059031 0.011367 0.510894
v 0.059666 0.007126 0.510617
v 0.060689 0.004011 0.509678
v 0.060746 0.000000 0.509646
v 0.060649 -0.004974 0.509703
v 0.059326 -0.009682 0.510777
v 0.058182 -0.014979 0.511155
v 0.044739 -0.062967 0.501185
v 0.046649 -0.055786 0.508717
v 0.046450 -0.053169 0.511297
v 0.063143 -0.065996 0.476650
v 0.059450 -0.066074 0.481289
v 0.053578 -0.069280 0.477952
v 0.060688 -0.068090 0.474853
v 0.062870 -0.069264 0.469097
v 0.066634 -0.060251 0.480293
v 0.063019 -0.061087 0.485030
v 0.067915 -0.056447 0.482006
v 0.064168 -0.057716 0.486974
v 0.065089 -0.063409 0.478481
v 0.061481 -0.063844 0.483126
v 0.049280 -0.051934 0.509745
v 0.049642 -0.054004 0.507769
v 0.051537 -0.053633 0.506261
v 0.052109 -0.057695 0.502042
v 0.053729 -0.054543 0.503228
v 0.056722 -0.051898 0.501670
v 0.056453 -0.054579 0.500091
v 0.053947 -0.057055 0.500851
v 0.048471 -0.060492 0.502055
v 0.050933 -0.060576 0.499833
v 0.056066 -0.058136 0.497442
v 0.053610 -0.059391 0.498734
v 0.055313 -0.061067 0.494893
v 0.052656 -0.062036 0.496205
v 0.049786 -0.062950 0.497318
v 0.061330 -0.052420 0.495293
v 0.058427 -0.056734 0.495906
v 0.060839 -0.055147 0.494009
v 0.060099 -0.058775 0.491800
v 0.057774 -0.059996 0.493423
v 0.059074 -0.061751 0.489576
v 0.056608 -0.062652 0.491179
v 0.053967 -0.063444 0.492642
v 0.061398 -0.060704 0.487855
v 0.059981 -0.063417 0.485860
v 0.057510 -0.064157 0.487561
v 0.045897 -0.064655 0.497042
v 0.051139 -0.064160 0.493928
v 0.048135 -0.064810 0.495019
v 0.046037 -0.066233 0.492932
v 0.052071 -0.065333 0.490569
v 0.049109 -0.065812 0.491838
v 0.054876 -0.064787 0.489139
v 0.055394 -0.066086 0.485664
v 0.044585 -0.048922 0.513851
v 0.036920 -0.054075 0.515346
v 0.034506 -0.055093 0.515808
v 0.041237 -0.051809 0.514504
v 0.056928 -0.019300 0.511428
v 0.055551 -0.022044 0.511714
v 0.052358 -0.027937 0.512367
v 0.053949 -0.025213 0.512043
v 0.048342 -0.033482 0.513178
v 0.050908 -0.030097 0.512661
v 0.043543 -0.038537 0.514135
v 0.046566 -0.035538 0.513534
v 0.039076 -0.042272 0.515013
v 0.031168 -0.047068 0.516527
v 0.028446 -0.057181 0.516939
v 0.024089 -0.049968 0.517829
v 0.027263 -0.048826 0.517253
v 0.017465 -0.051634 0.518985
v 0.035175 -0.045455 0.515761
v 0.041406 -0.040668 0.514554
v 0.025368 -0.068396 0.496637
v 0.007757 -0.066456 0.517197
v 0.007463 -0.067532 0.513161
v 0.038078 -0.057505 0.513347
v 0.015947 -0.064964 0.515635
v 0.024243 -0.064873 0.510095
v 0.040698 -0.063283 0.503411
v 0.025401 -0.066866 0.502902
v 0.020562 -0.068125 0.500651
v 0.021610 -0.065256 0.510754
v 0.015816 -0.067118 0.508263
v 0.035363 -0.064975 0.503044
v 0.029505 -0.065661 0.504606
v 0.029252 -0.067669 0.497524
v 0.042488 -0.055337 0.512434
v 0.040179 -0.057188 0.512181
v 0.035467 -0.059088 0.513236
v 0.032837 -0.060410 0.513173
v 0.028453 -0.061719 0.514030
v 0.044299 -0.061223 0.504256
v 0.041743 -0.060879 0.506564
v 0.039269 -0.061941 0.506622
v 0.025126 -0.062905 0.514059
v 0.019842 0.045979 0.513572
v 0.014083 -0.047105 0.514561
v 0.024404 -0.044547 0.512763
v 0.007930 0.047500 0.515569
v 0.010103 -0.047429 0.515212
v 0.028850 -0.042674 0.511946
v 0.032320 -0.040776 0.511298
v 0.036881 -0.037698 0.510432
v 0.045313 -0.029394 0.508793
v 0.049151 -0.023694 0.508032
v 0.051922 -0.018034 0.507476
v 0.054815 -0.009255 0.505936
v 0.055654 -0.000046 0.505829
v 0.055259 0.004482 0.506799
v 0.054769 0.008165 0.506446
v 0.051961 0.017935 0.507468
v 0.050031 0.022072 0.507518
v 0.044546 0.030299 0.508943
v 0.033678 0.039945 0.511044
v 0.028996 0.042601 0.511923
v 0.026453 0.043769 0.512391
v 0.054841 -0.077627 0.448659
v 0.043966 -0.031192 0.508078
v 0.055264 -0.006177 0.505776
v 0.014015 0.047390 0.513431
v 0.017212 0.046963 0.512580
v 0.028327 0.043471 0.510226
v 0.032124 0.041308 0.509823
v 0.035970 0.039150 0.508603
v 0.043874 0.032005 0.507163
v 0.045693 0.029881 0.506730
v 0.051133 0.022158 0.505461
v 0.051906 0.019338 0.505621
v 0.055653 0.007654 0.504642
v 0.055826 0.003850 0.504777
v 0.056493 0.000807 0.504388
v 0.052568 -0.018265 0.505346
v 0.036973 -0.038417 0.508455
v 0.029865 -0.042829 0.509801
v 0.012177 -0.047670 0.513149
v 0.009491 0.047874 0.514024
v 0.022745 0.045412 0.511866
v 0.024867 0.044736 0.511396
v 0.036965 0.037678 0.509640
v 0.039251 0.036341 0.508639
v 0.041273 0.034498 0.508270
v 0.047589 0.026841 0.506950
v 0.049625 0.023971 0.505996
v 0.053309 0.015306 0.506051
v 0.054394 0.011897 0.505452
v 0.055686 -0.002754 0.505715
v 0.053225 -0.015075 0.506142
v 0.050715 -0.021229 0.506519
v 0.050136 -0.022992 0.505971
v 0.048134 -0.026225 0.506878
v 0.046328 -0.028946 0.506614
v 0.041299 -0.034059 0.508714
v 0.039377 -0.036102 0.508644
v 0.034261 -0.039989 0.509454
v 0.026255 -0.044376 0.510930
v 0.023187 -0.045358 0.511759
v 0.016371 -0.047004 0.513232
v 0.054789 -0.102165 0.419550
v 0.054575 -0.085229 0.440012
v 0.054921 -0.082497 0.442728
v 0.054300 -0.091911 0.432667
v 0.054808 -0.096056 0.427929
v 0.054708 -0.109829 0.408001
v 0.057850 -0.114418 0.403737
v 0.059154 -0.116670 0.401477
v 0.072287 -0.115818 0.427323
v 0.057019 -0.107368 0.414036
v 0.057098 -0.102097 0.421933
v 0.074904 -0.114810 0.437491
v 0.074772 -0.118017 0.430864
v 0.077063 -0.120209 0.434635
v 0.069408 -0.117513 0.416797
v 0.069293 -0.121431 0.409312
v 0.072074 -0.122948 0.412979
v 0.072166 -0.119369 0.420248
v 0.074680 -0.121261 0.423945
v 0.074618 -0.124530 0.416837
v 0.076983 -0.126161 0.420843
v 0.070147 -0.102304 0.443253
v 0.069173 -0.105291 0.436763
v 0.072656 -0.108885 0.440412
v 0.070441 -0.098655 0.448392
v 0.072933 -0.105525 0.446221
v 0.070798 -0.096137 0.451668
v 0.073315 -0.102258 0.451440
v 0.075356 -0.108557 0.449487
v 0.075723 -0.105537 0.454693
v 0.075092 -0.111653 0.443727
v 0.077157 -0.117264 0.441156
v 0.057137 -0.093861 0.432895
v 0.055931 -0.090526 0.435640
v 0.056455 -0.087825 0.438958
v 0.056935 -0.085263 0.441784
v 0.058379 -0.083399 0.444539
v 0.059147 -0.086987 0.442267
v 0.059313 -0.092344 0.436977
v 0.061283 -0.088882 0.442830
v 0.061027 -0.085846 0.445172
v 0.063458 -0.088682 0.445761
v 0.063323 -0.090845 0.443600
v 0.061392 -0.093873 0.437774
v 0.063351 -0.095522 0.438620
v 0.063323 -0.093159 0.441235
v 0.057142 -0.096629 0.429431
v 0.059332 -0.097656 0.430528
v 0.059259 -0.102892 0.423227
v 0.061287 -0.103840 0.424475
v 0.063351 -0.097884 0.435729
v 0.063316 -0.100234 0.432587
v 0.064084 -0.105482 0.426333
v 0.065203 -0.097223 0.439579
v 0.065262 -0.092825 0.444562
v 0.065466 -0.090816 0.446776
v 0.067327 -0.092900 0.447960
v 0.066952 -0.098931 0.440680
v 0.068820 -0.096744 0.446986
v 0.066827 -0.103103 0.434834
v 0.067444 -0.107887 0.428924
v 0.064822 -0.110489 0.419678
v 0.059156 -0.107980 0.415472
v 0.063794 -0.114573 0.411243
v 0.068034 -0.112546 0.422583
v 0.067132 -0.116185 0.414365
v 0.062783 -0.118822 0.402479
v 0.073642 -0.099897 0.454733
v 0.052112 -0.077058 0.449964
v 0.004823 -0.074484 0.477031
v 0.005156 -0.075228 0.472197
v 0.004060 -0.076204 0.466583
v 0.006041 -0.078053 0.453174
v 0.003210 -0.077957 0.454948
v 0.015295 -0.078172 0.449957
v 0.011623 -0.078026 0.451673
v 0.025610 -0.079536 0.441058
v 0.022270 -0.078949 0.444547
v 0.037960 -0.079024 0.443643
v 0.041864 -0.078757 0.444654
v 0.049068 -0.077890 0.447388
v 0.046216 -0.078323 0.446063
v 0.025205 -0.073513 0.472938
v 0.018921 -0.074001 0.472765
v 0.013999 -0.075788 0.464689
v 0.021024 -0.070022 0.491686
v 0.009050 -0.077518 0.455707
v 0.033167 -0.070159 0.485234
v 0.022182 -0.071083 0.486050
v 0.052381 -0.081292 0.442522
v 0.039089 -0.080907 0.439676
v 0.056547 -0.124016 0.393134
v 0.057103 -0.125862 0.390648
v 0.057852 -0.129329 0.385482
v 0.057539 -0.127631 0.388102
v 0.058040 -0.130964 0.382776
v 0.058102 -0.132542 0.379980
v 0.058036 -0.133936 0.377343
v 0.057799 -0.135478 0.374228
v 0.057408 -0.136965 0.371057
v 0.056857 -0.138402 0.367851
v 0.056140 -0.139786 0.364641
v 0.055266 -0.141128 0.361441
v 0.053398 -0.143331 0.356054
v 0.052188 -0.144462 0.353258
v 0.050300 -0.145690 0.351061
v 0.049356 -0.146618 0.347941
v 0.047749 -0.147650 0.345419
v 0.044124 -0.149622 0.340674
v 0.038244 -0.152130 0.334819
v 0.031117 -0.154367 0.329815
v 0.022949 -0.156178 0.325955
v 0.014406 -0.157375 0.323553
v 0.005393 -0.157935 0.322553
v 0.002326 -0.157965 0.322544
v -0.007862 -0.157487 0.323612
v -0.015131 -0.156564 0.325407
v -0.021845 -0.155218 0.327837
v 0.051614 -0.113737 0.404457
v 0.052865 -0.115861 0.402358
v 0.053975 -0.117948 0.400196
v 0.054949 -0.119986 0.397970
v 0.055792 -0.121968 0.395673
v 0.031697 -0.095248 0.420395
v 0.038580 -0.095226 0.420054
v 0.040226 -0.100608 0.415948
v 0.043185 -0.103256 0.413762
v 0.046541 -0.101046 0.415374
v 0.045112 -0.105218 0.412118
v 0.048818 -0.102689 0.414349
v 0.046932 -0.107272 0.410359
v 0.048636 -0.109394 0.408493
v 0.052825 -0.107505 0.410023
v 0.033671 -0.092624 0.422210
v 0.022526 -0.081676 0.439058
v 0.027074 -0.087234 0.428463
v 0.027082 -0.081761 0.436396
v 0.029541 -0.090762 0.423870
v 0.027532 -0.089080 0.425873
v 0.048809 -0.094696 0.425421
v 0.051902 -0.094865 0.427205
v 0.051929 -0.102459 0.416823
v 0.041893 -0.087618 0.431542
v 0.045456 -0.091028 0.428468
v 0.045291 -0.085513 0.435319
v 0.044215 -0.081361 0.440080
v 0.045231 -0.083703 0.437491
v 0.049330 -0.083332 0.439256
v 0.049386 -0.085188 0.437263
v 0.049438 -0.087078 0.435168
v 0.048426 -0.081200 0.441274
v 0.052638 -0.082928 0.441083
v 0.052511 -0.087138 0.436789
v 0.051814 -0.089046 0.434237
v 0.048696 -0.088996 0.432544
v 0.051852 -0.091009 0.431974
v 0.023826 -0.083094 0.436037
v 0.013186 -0.081447 0.446596
v 0.015516 -0.081126 0.445360
v 0.018787 -0.081204 0.442894
v 0.007693 -0.078321 0.451999
v 0.015494 -0.087286 0.439019
v 0.011355 -0.081449 0.446843
v 0.014829 -0.084949 0.442335
v 0.013510 -0.083168 0.444712
v 0.002575 -0.079197 0.449959
v 0.005688 -0.079626 0.449158
v 0.008503 -0.080728 0.447638
v 0.009571 -0.079561 0.449324
v 0.004378 -0.078425 0.452119
v 0.026419 -0.092761 0.422750
v 0.024617 -0.091248 0.424566
v 0.023847 -0.088433 0.428173
v 0.029316 -0.095168 0.421004
v 0.024299 -0.100582 0.420622
v 0.018152 -0.095917 0.426286
v 0.015516 -0.091885 0.432123
v 0.029831 -0.103009 0.418470
v 0.032589 -0.104378 0.417238
v 0.037654 -0.107388 0.414430
v 0.050042 -0.119133 0.402294
v 0.053702 -0.128076 0.391093
v 0.053812 -0.126259 0.393568
v 0.054985 -0.132058 0.385109
v 0.052948 -0.138415 0.373793
v 0.052018 -0.141015 0.368686
v 0.050202 -0.142251 0.365982
v 0.047010 -0.145037 0.360040
v 0.043789 -0.147121 0.355523
v 0.039859 -0.149654 0.350338
v 0.036332 -0.150370 0.348366
v 0.033823 -0.151516 0.346079
v 0.029230 -0.152911 0.343151
v 0.014156 -0.155736 0.337423
v 0.011623 -0.156427 0.336392
v 0.008241 -0.155803 0.336961
v -0.001926 -0.156309 0.336217
v -0.004186 -0.155981 0.336650
v -0.011020 -0.155296 0.337754
v -0.007446 -0.155718 0.337073
v -0.016670 -0.155372 0.334941
v -0.018061 -0.155428 0.332164
v -0.013133 -0.156316 0.330634
v -0.008722 -0.156863 0.329785
v -0.004292 -0.157219 0.329233
v 0.000226 -0.157395 0.328972
v 0.004742 -0.157388 0.329016
v 0.009184 -0.157208 0.329359
v 0.013193 -0.156897 0.329932
v 0.021766 -0.155753 0.332056
v 0.029820 -0.154033 0.335316
v 0.037320 -0.151762 0.339721
v 0.043969 -0.149033 0.345125
v 0.046988 -0.147486 0.348221
v 0.038088 -0.099445 0.417125
v 0.034790 -0.097321 0.418879
v 0.025156 -0.101760 0.419384
v 0.021952 -0.100294 0.420854
v 0.019878 -0.098754 0.422643
v 0.018061 -0.097127 0.424711
v 0.016351 -0.095151 0.427402
v 0.015723 -0.093077 0.430357
v -0.009092 -0.154880 0.338162
v 0.031049 -0.152165 0.344549
v 0.037668 -0.149077 0.350708
v 0.041680 -0.147991 0.353507
v 0.044943 -0.146143 0.357528
v 0.048318 -0.143660 0.362909
v 0.049636 -0.141197 0.367920
v 0.051578 -0.139589 0.371373
v 0.053787 -0.134807 0.380476
v 0.053957 -0.133028 0.383510
v 0.053368 -0.130723 0.387202
v 0.052046 -0.125247 0.394922
v 0.051720 -0.123749 0.396825
v 0.049896 -0.121402 0.399660
v 0.048051 -0.118431 0.403048
v 0.046807 -0.116423 0.405248
v 0.044907 -0.114352 0.407431
v 0.042060 -0.112062 0.409739
v 0.040641 -0.110188 0.411655
v 0.037958 -0.108844 0.412892
v 0.035178 -0.107595 0.413998
v 0.033602 -0.106076 0.415490
v 0.029840 -0.104102 0.417273
v 0.027289 -0.102661 0.418598
v 0.065404 0.082876 0.080220
v 0.036307 -0.081127 0.069630
v 0.045455 0.081760 0.072959
v 0.061564 -0.082669 0.078823
v 0.046259 -0.110303 0.196282
v 0.043546 -0.085060 0.087826
v 0.038824 -0.108650 0.188589
v 0.041597 -0.068240 0.059201
v 0.053692 -0.066265 0.050272
v 0.058645 -0.065036 0.046310
v 0.060732 -0.062935 0.044592
v 0.060706 0.058094 0.044609
v 0.058599 0.065348 0.046365
v 0.060256 0.063829 0.044990
v 0.045761 0.067583 0.056245
v 0.049341 -0.081996 0.074374
v 0.040513 -0.079517 0.062423
v 0.039951 -0.081379 0.070957
v 0.066900 -0.075011 0.042154
v 0.065764 -0.072297 0.040294
v 0.059703 -0.073592 0.045442
v 0.039111 -0.077078 0.060909
v 0.069181 -0.074125 0.041111
v 0.070593 -0.068378 0.035990
v 0.073514 -0.070469 0.037248
v 0.042169 0.079265 0.061315
v 0.049321 0.082000 0.074367
v 0.047979 0.078338 0.057205
v 0.066900 0.075011 0.042154
v 0.046490 0.075895 0.055714
v 0.056236 0.074218 0.048261
v 0.065764 0.072297 0.040294
v 0.069181 0.074125 0.041111
v 0.073514 0.070469 0.037248
v 0.070593 0.068378 0.035990
v 0.118183 0.019770 0.099431
v 0.119188 -0.008637 0.099796
v 0.119161 0.009121 0.099786
v 0.116605 0.029715 0.098856
v 0.115111 0.036721 0.098312
v 0.112643 0.045741 0.097414
v 0.118279 -0.018941 0.099466
v 0.110328 -0.052700 0.096571
v 0.116620 -0.029694 0.098862
v 0.119411 0.003061 0.099878
v 0.114107 -0.040698 0.097947
v 0.110552 0.052048 0.096653
v 0.101338 -0.061921 0.069490
v 0.102253 -0.065161 0.081493
v 0.102132 0.060622 0.070382
v 0.079985 -0.068808 0.045140
v 0.096675 -0.064414 0.065517
v 0.099400 -0.063471 0.068208
v 0.080256 -0.065442 0.044212
v 0.073785 -0.067075 0.036330
v 0.102931 -0.059166 0.071460
v 0.104406 -0.056212 0.073072
v 0.105652 -0.053426 0.074052
v 0.107030 -0.049853 0.074532
v 0.070885 -0.060700 0.038937
v 0.067717 -0.062003 0.038576
v 0.066899 -0.058094 0.039300
v 0.070319 -0.058094 0.039408
v 0.067717 0.062003 0.038576
v 0.066899 0.058094 0.039300
v 0.070319 0.058094 0.039408
v 0.096247 -0.060103 0.064965
v 0.090772 -0.058094 0.059860
v 0.070885 0.060700 0.038937
v 0.073785 0.067075 0.036330
v 0.096286 0.064531 0.065079
v 0.098803 0.063724 0.067730
v 0.079984 0.068808 0.045140
v 0.080256 0.065442 0.044212
v 0.097015 0.060191 0.065431
v 0.092114 0.058865 0.061418
v 0.090513 0.057911 0.060363
v 0.103740 0.057586 0.072400
v 0.104702 0.055586 0.073351
v 0.106008 0.052531 0.074205
v 0.108486 -0.045565 0.074567
v 0.110919 -0.037100 0.074158
v 0.113163 -0.026749 0.073699
v 0.112136 -0.031929 0.073909
v 0.115465 -0.006006 0.073227
v 0.115157 -0.011186 0.073290
v 0.115323 0.008992 0.073256
v 0.115557 0.003612 0.073208
v 0.112515 0.030162 0.073831
v 0.111354 0.035333 0.074069
v 0.113496 0.024934 0.073631
v 0.107425 0.048743 0.074574
v 0.108494 0.045559 0.074577
v 0.114670 -0.016371 0.073390
v 0.114288 0.019661 0.073469
v 0.106619 0.041533 0.072436
v 0.105954 0.044800 0.072537
v 0.105952 -0.044808 0.072537
v 0.106619 -0.041533 0.072436
v 0.104148 -0.048210 0.072555
v 0.103648 0.051248 0.072385
v 0.102382 0.054001 0.071651
v 0.098536 0.059058 0.067556
v 0.100406 0.058141 0.068952
v 0.098463 -0.059233 0.067229
v 0.103772 -0.050667 0.072512
v 0.100158 -0.058192 0.068836
v 0.101489 -0.056015 0.070541
v 0.092548 -0.058928 0.062057
v 0.089452 -0.056844 0.059176
v 0.100876 0.056295 0.070462
v 0.104036 0.048616 0.072629
v 0.109200 -0.031392 0.071864
v 0.112176 -0.010992 0.071204
v 0.112558 0.003547 0.071119
v 0.111302 0.019325 0.071397
v 0.109566 0.029653 0.071782
v 0.062000 -0.062000 0.105423
v 0.062000 0.049004 0.100625
v 0.062000 0.031996 0.100625
v 0.062000 0.022004 0.100000
v 0.062000 -0.004996 0.100625
v 0.062000 -0.031996 0.100000
v 0.062000 -0.049004 0.100625
v 0.062000 -0.057800 0.100000
v 0.062000 -0.069757 0.120000
v 0.062000 -0.073373 0.117800
v 0.062000 -0.069391 0.106011
v 0.062000 -0.070655 0.103215
v 0.062667 0.070141 0.100417
v 0.062000 0.062000 0.105426
v 0.062000 0.071420 0.104206
v 0.062000 0.069391 0.106011
v 0.062000 0.070158 0.120000
v 0.062000 0.073373 0.117800
v 0.062667 -0.069678 0.100417
v 0.062000 0.004996 0.100625
v 0.062000 -0.070047 0.110000
v 0.062000 -0.057800 0.102225
v -0.024665 0.071760 0.105211
v -0.024972 0.069709 0.106953
v -0.024972 -0.069709 0.106953
v -0.024665 -0.071760 0.105211
v -0.027061 0.073711 0.118800
v -0.027273 0.070158 0.120000
v -0.027273 -0.070158 0.120000
v -0.027061 -0.073711 0.118800
v 0.067000 -0.066834 0.100000
v 0.067000 0.066834 0.100000
v 0.062995 0.068311 0.095000
v 0.066994 -0.064213 0.095000
v 0.062995 -0.068311 0.095000
v 0.066994 0.064213 0.095000
v 0.065593 0.061252 0.094876
v 0.065435 -0.061019 0.094854
v 0.063340 0.057875 0.094276
v 0.063259 -0.057741 0.094224
v 0.061669 0.055199 0.093435
v 0.060668 -0.053453 0.092709
v 0.059991 0.052167 0.092084
v 0.058979 -0.049987 0.090873
v 0.058693 0.049337 0.090494
v 0.057665 0.046338 0.088519
v 0.057649 -0.046268 0.088468
v 0.057163 0.043773 0.086625
v 0.057157 -0.043738 0.086598
v 0.057791 -0.068260 0.094849
v 0.053737 -0.068108 0.094398
v 0.049868 -0.067856 0.093652
v 0.046223 -0.067506 0.092617
v 0.042838 -0.067063 0.091304
v 0.039775 -0.066524 0.089707
v 0.036982 -0.065914 0.087902
v 0.035151 -0.065398 0.086374
v 0.029057 -0.062049 0.076458
v 0.057000 -0.034545 0.077144
v 0.029959 -0.062967 0.079177
v 0.057000 -0.036977 0.080484
v 0.031284 -0.063837 0.081752
v 0.057000 -0.040835 0.084291
v 0.033021 -0.064649 0.084160
v 0.057791 0.068260 0.094849
v 0.053737 0.068108 0.094398
v 0.049868 0.067856 0.093652
v 0.046223 0.067506 0.092617
v 0.042838 0.067063 0.091304
v 0.040500 0.066670 0.090137
v 0.037652 0.066073 0.088373
v 0.035151 0.065398 0.086374
v 0.033021 0.064649 0.084160
v 0.057000 0.040835 0.084291
v 0.057000 0.036977 0.080484
v 0.031284 0.063837 0.081752
v 0.029959 0.062967 0.079177
v 0.029057 0.062049 0.076458
v 0.057000 0.035423 0.078514
v 0.057000 0.034105 0.076458
v 0.033507 -0.039212 0.042684
v 0.039434 -0.033295 0.042703
v 0.027616 -0.045663 0.043716
v 0.045837 -0.027464 0.043757
v 0.025648 -0.047949 0.044301
v 0.050926 -0.023167 0.045212
v 0.057000 -0.027102 0.063627
v 0.039434 0.033294 0.042703
v 0.033507 0.039212 0.042684
v 0.045837 0.027464 0.043757
v 0.027617 0.045662 0.043716
v 0.025648 0.047949 0.044301
v 0.057000 0.027102 0.063627
v 0.050920 0.023168 0.045205
v 0.050108 -0.005431 0.042006
v 0.050042 0.000000 0.041798
v 0.050108 0.005431 0.042006
v 0.050312 -0.011035 0.042644
v 0.050669 -0.017010 0.043764
v 0.050312 0.011035 0.042644
v 0.050669 0.017010 0.043764
v -0.016081 0.051937 0.046519
v 0.002996 0.050437 0.042077
v -0.002454 0.050430 0.042056
v 0.008543 0.050589 0.042527
v -0.015186 0.054358 0.053688
v 0.021678 0.051477 0.045158
v 0.014375 0.050897 0.043441
v -0.007983 0.050567 0.042462
v -0.023568 0.069658 0.098987
v -0.013778 0.050859 0.043328
v -0.025917 0.066755 0.090806
v -0.020368 0.065580 0.086912
v -0.013363 0.060879 0.072995
v -0.016413 0.051039 0.043859
v -0.016238 0.063862 0.081826
v -0.015019 0.063067 0.079474
v -0.013964 0.062017 0.076365
v -0.018033 0.064745 0.084442
v -0.026749 0.069469 0.098427
v -0.021315 0.048041 0.066437
v -0.017500 0.053400 0.067123
v -0.029749 0.037525 0.071154
v -0.029749 0.036811 0.068562
v -0.029749 0.038575 0.073620
v -0.029375 0.040415 0.075826
v -0.029645 0.042222 0.079414
v -0.029749 0.045429 0.082049
v -0.029749 0.047647 0.083797
v -0.029749 0.050657 0.085805
v -0.028851 0.053236 0.086594
v -0.029749 0.058233 0.089614
v -0.029749 0.055237 0.088281
v -0.029749 0.060312 0.090404
v -0.029749 0.064415 0.092840
v -0.013705 0.059408 0.070533
v -0.023122 0.065704 0.088864
v -0.029749 0.066123 0.097898
v -0.029749 -0.066123 0.097898
v -0.026749 -0.069469 0.098427
v -0.023568 -0.069658 0.098987
v -0.029749 -0.064415 0.092840
v -0.026487 -0.066569 0.091005
v -0.015186 -0.054358 0.053688
v -0.007983 -0.050567 0.042462
v -0.002454 -0.050430 0.042056
v 0.002996 -0.050437 0.042077
v -0.013778 -0.050859 0.043328
v 0.008543 -0.050589 0.042527
v 0.014375 -0.050897 0.043441
v 0.021678 -0.051477 0.045158
v -0.014291 -0.056780 0.060858
v -0.013417 -0.059144 0.067857
v -0.021578 -0.065928 0.087944
v -0.013263 -0.060328 0.071363
v -0.013725 -0.061642 0.075253
v -0.016255 -0.063882 0.081885
v -0.018333 -0.064856 0.084772
v -0.014762 -0.062840 0.078802
v -0.025711 -0.041977 0.065649
v -0.027777 -0.039144 0.065278
v -0.029749 -0.061483 0.090835
v -0.029749 -0.058904 0.089866
v -0.029749 -0.054686 0.088021
v -0.029749 -0.051261 0.086165
v -0.029749 -0.049056 0.084790
v -0.029749 -0.046949 0.083266
v -0.029749 -0.040590 0.076852
v -0.029525 -0.039595 0.074888
v -0.029749 -0.037636 0.071446
v -0.029749 -0.036659 0.067637
v -0.029749 -0.036439 0.064925
v -0.022367 -0.061968 0.086475
v -0.020684 -0.060756 0.084234
v -0.024796 -0.051286 0.081215
v -0.022523 -0.049635 0.075641
v -0.016856 -0.057999 0.076422
v -0.021232 -0.048698 0.069607
v -0.027931 -0.039257 0.068481
v -0.024227 -0.063307 0.088492
v -0.026242 -0.064758 0.090267
v -0.029749 -0.035305 0.062027
v -0.029749 -0.035285 0.058118
v -0.029787 -0.035245 0.046378
v -0.029749 -0.036061 0.049910
v -0.029749 -0.036207 0.053689
v -0.027636 -0.037727 0.039906
v -0.029253 -0.034297 0.038936
v -0.025511 -0.040159 0.040387
v -0.020770 -0.045717 0.041906
v -0.017631 -0.049535 0.043278
v -0.027808 -0.038651 0.053688
v -0.024741 -0.041752 0.046519
v -0.022273 0.043931 0.041349
v -0.018912 0.047957 0.042672
v -0.029936 0.035140 0.039673
v -0.028145 0.037149 0.039814
v -0.029749 0.035047 0.047000
v -0.029953 0.035534 0.045139
v -0.029749 0.035274 0.058201
v -0.029749 0.036242 0.053933
v -0.023601 0.043886 0.053688
v -0.019393 0.049122 0.053688
v -0.027808 0.038651 0.053688
v -0.028570 0.033463 0.038309
v -0.024959 0.036236 0.038309
v -0.021081 0.038621 0.038309
v -0.016977 0.040593 0.038309
v -0.012691 0.042130 0.038309
v -0.008270 0.043216 0.038309
v -0.003760 0.043839 0.038309
v 0.000790 0.043993 0.038309
v 0.005332 0.043676 0.038309
v 0.009817 0.042891 0.038309
v 0.014197 0.041647 0.038309
v 0.018424 0.039957 0.038309
v 0.022455 0.037839 0.038309
v 0.026245 0.035316 0.038309
v 0.029754 0.032415 0.038309
v 0.032944 0.029167 0.038309
v 0.035782 0.025606 0.038309
v 0.038236 0.021771 0.038309
v 0.040281 0.017704 0.038309
v 0.041895 0.013446 0.038309
v 0.043060 0.009045 0.038309
v 0.043764 0.004547 0.038309
v 0.044000 0.000000 0.038309
v 0.043764 -0.004547 0.038309
v 0.043060 -0.009045 0.038309
v 0.041895 -0.013446 0.038309
v 0.040281 -0.017704 0.038309
v 0.038236 -0.021771 0.038309
v 0.035782 -0.025606 0.038309
v 0.032944 -0.029167 0.038309
v 0.029754 -0.032415 0.038309
v 0.026245 -0.035316 0.038309
v 0.022455 -0.037839 0.038309
v 0.018424 -0.039957 0.038309
v 0.014197 -0.041647 0.038309
v 0.005332 -0.043676 0.038309
v 0.009817 -0.042891 0.038309
v 0.000790 -0.043993 0.038309
v -0.003760 -0.043839 0.038309
v -0.008270 -0.043216 0.038309
v -0.012691 -0.042130 0.038309
v -0.016977 -0.040593 0.038309
v -0.021081 -0.038621 0.038309
v -0.024959 -0.036236 0.038309
v -0.033960 -0.021690 0.038380
v -0.034107 -0.021079 0.032237
v -0.032583 -0.025139 0.035503
v -0.032908 -0.024255 0.039303
v -0.032063 -0.026687 0.040255
v -0.031020 -0.030551 0.038001
v -0.030951 -0.030926 0.042055
v -0.030250 -0.034557 0.043807
v -0.034736 0.019977 0.037807
v -0.033907 0.021624 0.032854
v -0.033717 0.022215 0.038554
v -0.032804 0.024554 0.035163
v -0.032027 0.026855 0.036387
v -0.032799 0.024529 0.039403
v -0.032017 0.026836 0.040315
v -0.031022 0.030556 0.037997
v -0.031096 0.030279 0.041772
v -0.030524 0.033041 0.042991
v -0.031672 -0.024432 0.031381
v -0.028977 -0.027574 0.031381
v -0.025973 -0.030421 0.031381
v -0.022690 -0.032942 0.031381
v -0.019164 -0.035110 0.031381
v -0.015434 -0.036903 0.031381
v -0.011538 -0.038300 0.031381
v -0.007518 -0.039287 0.031381
v -0.003418 -0.039854 0.031381
v 0.000719 -0.039993 0.031381
v 0.004848 -0.039705 0.031381
v 0.012906 -0.037861 0.031381
v 0.008925 -0.038992 0.031381
v 0.016749 -0.036324 0.031381
v 0.020413 -0.034399 0.031381
v 0.023859 -0.032105 0.031381
v 0.027049 -0.029468 0.031381
v 0.029949 -0.026515 0.031381
v 0.032529 -0.023278 0.031381
v 0.034760 -0.019792 0.031381
v 0.036619 -0.016094 0.031381
v 0.038086 -0.012224 0.031381
v 0.039146 -0.008223 0.031381
v 0.039786 -0.004133 0.031381
v 0.040000 0.000000 0.031381
v 0.039786 0.004133 0.031381
v 0.039146 0.008223 0.031381
v 0.038086 0.012224 0.031381
v 0.036619 0.016094 0.031381
v 0.034760 0.019792 0.031381
v 0.032529 0.023278 0.031381
v 0.029949 0.026515 0.031381
v 0.027049 0.029468 0.031381
v 0.023859 0.032105 0.031381
v 0.020413 0.034399 0.031381
v 0.016749 0.036324 0.031381
v 0.012906 0.037861 0.031381
v 0.008925 0.038992 0.031381
v 0.004848 0.039705 0.031381
v 0.000719 0.039993 0.031381
v -0.003418 0.039854 0.031381
v -0.007518 0.039287 0.031381
v -0.011538 0.038300 0.031381
v -0.015434 0.036903 0.031381
v -0.019164 0.035110 0.031381
v -0.022690 0.032942 0.031381
v -0.025973 0.030421 0.031381
v -0.028977 0.027574 0.031381
v -0.031672 0.024432 0.031381
v -0.031967 0.024025 0.026000
v -0.029194 0.027327 0.026000
v -0.026459 0.029952 0.026000
v -0.021664 0.033579 0.026000
v -0.018736 0.035340 0.026000
v -0.014806 0.037159 0.026000
v -0.010701 0.038542 0.026000
v -0.005336 0.039596 0.026000
v -0.002166 0.039941 0.026000
v 0.003184 0.039830 0.026000
v 0.006471 0.039473 0.026000
v 0.010701 0.038542 0.026000
v 0.014806 0.037159 0.026000
v 0.018736 0.035340 0.026000
v 0.021664 0.033579 0.026000
v 0.026726 0.029700 0.026000
v 0.029194 0.027327 0.026000
v 0.031967 0.024025 0.026000
v 0.034187 0.020751 0.026000
v 0.036080 0.017216 0.026000
v 0.037906 0.012772 0.026000
v 0.039065 0.008599 0.026000
v 0.039691 0.004680 0.026000
v 0.040000 0.000000 0.026000
v 0.039781 -0.004027 0.026000
v 0.039065 -0.008599 0.026000
v 0.038121 -0.011998 0.026000
v 0.036080 -0.017216 0.026000
v 0.034187 -0.020751 0.026000
v 0.031844 -0.024207 0.026000
v 0.029195 -0.027325 0.026000
v 0.026310 -0.030093 0.026000
v 0.023843 -0.030873 0.026000
v 0.021664 -0.033579 0.026000
v 0.018736 -0.035340 0.026000
v 0.015723 -0.036734 0.026000
v 0.010701 -0.038542 0.026000
v 0.005336 -0.039596 0.026000
v 0.002166 -0.039941 0.026000
v -0.002166 -0.039941 0.026000
v -0.005336 -0.039596 0.026000
v -0.010701 -0.038542 0.026000
v -0.015723 -0.036734 0.026000
v -0.018736 -0.035340 0.026000
v -0.021664 -0.033579 0.026000
v -0.026459 -0.029952 0.026000
v -0.029195 -0.027325 0.026000
v -0.031844 -0.024207 0.026000
v -0.034378 -0.020408 0.026000
v -0.035857 -0.017636 0.026000
v -0.038300 -0.011353 0.026000
v -0.037710 -0.013276 0.036436
v -0.035914 -0.017573 0.037136
v -0.039065 -0.008599 0.026000
v -0.038860 -0.009440 0.036165
v -0.040000 0.000000 0.026000
v -0.039041 -0.003878 0.026000
v -0.039623 -0.005344 0.036059
v -0.039625 0.005293 0.036059
v -0.039065 0.008599 0.026000
v -0.038995 0.004605 0.026000
v -0.037710 0.013276 0.036436
v -0.038103 0.012063 0.026000
v -0.038837 0.009435 0.036173
v -0.036080 0.017216 0.026000
v -0.035914 0.017573 0.037136
v -0.034378 0.020408 0.026000
v -0.029887 0.000293 0.049896
v -0.034119 0.000000 0.038596
v -0.038848 -0.000110 0.036207
v 0.024527 0.030744 0.026000
v -0.029749 -0.026834 0.078571
v -0.029749 0.026718 0.078596
v -0.029749 0.049448 0.091675
v -0.029749 -0.042720 0.079406
v 0.021946 -0.071333 0.111759
v 0.045681 0.007263 0.018000
v 0.043981 0.014347 0.018000
v 0.041193 0.021078 0.018000
v 0.037386 0.027290 0.018000
v 0.032655 0.032830 0.018000
v 0.027115 0.037561 0.018000
v 0.020903 0.041368 0.018000
v 0.014172 0.044156 0.018000
v 0.007088 0.045857 0.018000
v -0.000175 0.046428 0.018000
v -0.007438 0.045857 0.018000
v -0.014522 0.044156 0.018000
v -0.021253 0.041368 0.018000
v -0.027465 0.037561 0.018000
v -0.033005 0.032830 0.018000
v -0.037736 0.027290 0.018000
v -0.041543 0.021078 0.018000
v -0.044331 0.014347 0.018000
v -0.046032 0.007263 0.018000
v -0.046603 0.000000 0.018000
v -0.046032 -0.007263 0.018000
v -0.044331 -0.014347 0.018000
v -0.041543 -0.021078 0.018000
v -0.037736 -0.027290 0.018000
v -0.033005 -0.032830 0.018000
v -0.027465 -0.037561 0.018000
v -0.021253 -0.041368 0.018000
v -0.014522 -0.044156 0.018000
v -0.007438 -0.045857 0.018000
v -0.000175 -0.046428 0.018000
v 0.007088 -0.045857 0.018000
v 0.014172 -0.044156 0.018000
v 0.020903 -0.041368 0.018000
v 0.027115 -0.037561 0.018000
v 0.032655 -0.032830 0.018000
v 0.037386 -0.027290 0.018000
v 0.041193 -0.021078 0.018000
v 0.043981 -0.014347 0.018000
v 0.045681 -0.007263 0.018000
v 0.046253 0.000000 0.018000
v 0.045681 0.007263 0.021811
v 0.043981 0.014347 0.021811
v 0.041193 0.021078 0.021811
v 0.037386 0.027290 0.021811
v 0.032655 0.032830 0.021811
v 0.027115 0.037561 0.021811
v 0.020903 0.041368 0.021811
v 0.014172 0.044156 0.021811
v 0.007088 0.045857 0.021811
v -0.000175 0.046428 0.021811
v -0.007438 0.045857 0.021811
v -0.014522 0.044156 0.021811
v -0.021253 0.041368 0.021811
v -0.027465 0.037561 0.021811
v -0.033005 0.032830 0.021811
v -0.037736 0.027290 0.021811
v -0.041543 0.021078 0.021811
v -0.044331 0.014347 0.021811
v -0.046032 0.007263 0.021811
v -0.046603 0.000000 0.021811
v -0.046032 -0.007263 0.021811
v -0.044331 -0.014347 0.021811
v -0.041543 -0.021078 0.021811
v -0.037736 -0.027290 0.021811
v -0.033005 -0.032830 0.021811
v -0.027465 -0.037561 0.021811
v -0.021253 -0.041368 0.021811
v -0.014522 -0.044156 0.021811
v -0.007438 -0.045857 0.021811
v -0.000175 -0.046428 0.021811
v 0.007088 -0.045857 0.021811
v 0.014172 -0.044156 0.021811
v 0.020903 -0.041368 0.021811
v 0.027115 -0.037561 0.021811
v 0.032655 -0.032830 0.021811
v 0.037386 -0.027290 0.021811
v 0.041193 -0.021078 0.021811
v 0.043981 -0.014347 0.021811
v 0.045681 -0.007263 0.021811
v 0.046253 0.000000 0.021811
v -0.068642 -0.085378 0.482750
v -0.068036 -0.099416 0.479303
v -0.068345 -0.101743 0.478633
v -0.069567 -0.104562 0.477320
v -0.072671 -0.106802 0.483944
v -0.070272 -0.104519 0.484588
v -0.069215 -0.102291 0.485629
v -0.069010 -0.099699 0.486631
v -0.186075 -0.039197 0.411532
v -0.185633 0.000000 0.410731
v -0.185955 0.039197 0.411588
v -0.069105 0.103616 0.477790
v -0.068085 0.100161 0.479106
v -0.069054 0.101067 0.486136
v -0.069913 0.104359 0.484843
v -0.068642 0.085378 0.482750
v -0.071742 0.106135 0.484108
v -0.069605 0.086285 0.489991
v -0.066575 0.096199 0.488224
v -0.062178 0.091550 0.490176
v -0.056999 0.087193 0.492193
v -0.070128 0.079081 0.484704
v -0.070873 0.079913 0.492520
v -0.069065 0.081811 0.483800
v -0.069765 0.082988 0.491179
v -0.068962 -0.082064 0.483715
v -0.069605 -0.086285 0.489991
v -0.059603 -0.089259 0.491211
v -0.064376 -0.093742 0.489234
v -0.066580 -0.096204 0.488222
v -0.056817 -0.087077 0.492255
v -0.070587 -0.078570 0.484879
v -0.072765 -0.076850 0.494229
v -0.069940 -0.082264 0.491445
v -0.071106 -0.079419 0.492749
v -0.031500 -0.073281 0.504693
v -0.010533 -0.090547 0.430730
v -0.012223 -0.093044 0.426990
v -0.012800 -0.094492 0.424814
v -0.015997 -0.096754 0.421217
v -0.016762 -0.098232 0.419083
v -0.021019 -0.099177 0.417318
v -0.013992 -0.154171 0.339303
v -0.017478 -0.153473 0.340406
v -0.023564 -0.152294 0.342356
v -0.028582 -0.149973 0.345717
v -0.031381 -0.148688 0.347599
v -0.034512 -0.146984 0.350057
v -0.045856 -0.136538 0.364708
v -0.048523 -0.132479 0.370276
v -0.038061 -0.106937 0.405445
v -0.037329 -0.105822 0.406995
v -0.030016 -0.102493 0.412074
v -0.028056 -0.101699 0.413312
v -0.025047 -0.100378 0.415338
v -0.026863 -0.101001 0.414344
v -0.032108 -0.103187 0.410958
v -0.045049 -0.112536 0.397435
v -0.047952 -0.118267 0.389549
v -0.049103 -0.119399 0.387986
v -0.049644 -0.125378 0.379889
v -0.049815 -0.123502 0.382425
v -0.050311 -0.126683 0.378124
v -0.049474 -0.128629 0.375494
v -0.049380 -0.130820 0.372532
v -0.048547 -0.134102 0.368084
v -0.047465 -0.135578 0.366062
v -0.045668 -0.137882 0.362884
v -0.044803 -0.140165 0.359771
v -0.042554 -0.141934 0.357280
v -0.040391 -0.143859 0.354583
v -0.038141 -0.145250 0.352594
v -0.037122 -0.146562 0.350797
v -0.034736 -0.148019 0.348722
v -0.031280 -0.149789 0.346167
v -0.027441 -0.151316 0.343908
v -0.020642 -0.153717 0.340344
v -0.015974 -0.154699 0.338629
v -0.026900 -0.155129 0.327057
v -0.025492 -0.154254 0.329489
v -0.031722 -0.152185 0.332856
v -0.037238 -0.149817 0.336485
v -0.042236 -0.147077 0.340465
v -0.048430 -0.142642 0.346631
v -0.050205 -0.141065 0.348778
v -0.053687 -0.137302 0.353873
v -0.055556 -0.134687 0.357419
v -0.012122 -0.091168 0.429798
v -0.014329 -0.095323 0.423463
v -0.019093 -0.098262 0.418762
v -0.023365 -0.088816 0.421447
v -0.025552 -0.090083 0.419587
v -0.029124 -0.088133 0.420274
v -0.031795 -0.086688 0.425105
v -0.034250 -0.087759 0.423549
v -0.036483 -0.088896 0.421815
v -0.039825 -0.090711 0.419902
v -0.042510 -0.092644 0.417270
v -0.045008 -0.094553 0.415673
v -0.046709 -0.096193 0.413789
v -0.025534 -0.086326 0.423141
v -0.024757 -0.084282 0.429140
v -0.050806 -0.101294 0.407918
v -0.048736 -0.098646 0.410486
v -0.047310 -0.097166 0.411592
v -0.044285 -0.094450 0.413975
v -0.042556 -0.093452 0.414261
v -0.040757 -0.092193 0.415744
v -0.037926 -0.090511 0.417889
v -0.029407 -0.086087 0.424861
v -0.026098 -0.085185 0.426050
v -0.030618 -0.087298 0.422030
v -0.027086 -0.087059 0.422027
v -0.032749 -0.088477 0.420050
v -0.035175 -0.089389 0.418891
v -0.022118 -0.087413 0.423602
v -0.021256 -0.086011 0.426351
v -0.016965 -0.088454 0.428245
v -0.017484 -0.089856 0.425928
v -0.018744 -0.091360 0.423361
v -0.020647 -0.092638 0.421101
v -0.023202 -0.093568 0.419248
v -0.019767 -0.085895 0.428500
v -0.023633 -0.083831 0.431284
v -0.016086 -0.084008 0.435799
v -0.019831 -0.082448 0.437677
v -0.011482 -0.085604 0.437918
v -0.011452 -0.083606 0.440656
v -0.012979 -0.084367 0.438917
v -0.014123 -0.080786 0.445156
v -0.011778 -0.080158 0.448273
v -0.017149 -0.081607 0.441564
v -0.009343 -0.082820 0.442095
v -0.010104 -0.084117 0.440122
v -0.007221 -0.081173 0.444878
v -0.002195 -0.079567 0.448849
v 0.000725 -0.079412 0.449366
v -0.005303 -0.080083 0.447396
v -0.009640 -0.081424 0.444391
v -0.044628 -0.102400 0.404808
v -0.042771 -0.101044 0.406727
v -0.041800 -0.098888 0.408427
v -0.039573 -0.098328 0.409967
v -0.037639 -0.095325 0.412378
v -0.034981 -0.093666 0.414384
v -0.032908 -0.092631 0.415733
v -0.030688 -0.091713 0.417017
v -0.028044 -0.090830 0.418370
v -0.048796 -0.109746 0.397069
v -0.050034 -0.112357 0.394051
v -0.051406 -0.115404 0.390205
v -0.052693 -0.118304 0.386184
v -0.054652 -0.122620 0.379227
v -0.055599 -0.124572 0.375544
v -0.056518 -0.126350 0.371830
v -0.057157 -0.131770 0.361358
v -0.032326 -0.096149 0.414573
v -0.035825 -0.097712 0.412234
v -0.055140 -0.128791 0.369694
v -0.054279 -0.131440 0.366148
v -0.053069 -0.134050 0.362638
v -0.051545 -0.136550 0.359257
v -0.049695 -0.138971 0.355960
v -0.047521 -0.141304 0.352764
v -0.045032 -0.143534 0.349693
v -0.042275 -0.145619 0.346803
v -0.039274 -0.147549 0.344107
v -0.036025 -0.149328 0.341597
v -0.032496 -0.150966 0.339258
v -0.028775 -0.152419 0.337152
v -0.024913 -0.153675 0.335301
v -0.020854 -0.154757 0.333680
v -0.054052 -0.106556 0.402756
v -0.056894 -0.112203 0.396561
v -0.059643 -0.118454 0.388332
v -0.061496 -0.122857 0.381079
v -0.063117 -0.126578 0.373426
v -0.066915 -0.131723 0.365357
v -0.060503 -0.131748 0.359985
v -0.068960 -0.133604 0.362375
v -0.063312 -0.133611 0.357693
v -0.053336 -0.153837 0.332183
v -0.056405 -0.148615 0.338653
v -0.045225 -0.158576 0.325329
v -0.051250 -0.157986 0.327119
v -0.025015 -0.156572 0.324970
v -0.053471 -0.141535 0.346862
v -0.063677 -0.135380 0.355434
v -0.039697 -0.151055 0.333635
v -0.187693 -0.136400 0.387802
v -0.179859 -0.132526 0.395514
v -0.177217 -0.133069 0.394088
v -0.178162 -0.139333 0.383421
v -0.174130 -0.133533 0.392521
v -0.174015 -0.138842 0.382223
v -0.152106 -0.140501 0.372299
v -0.142325 -0.141161 0.367914
v -0.129972 -0.141938 0.362664
v -0.108306 -0.142775 0.354872
v -0.103198 -0.143189 0.353087
v -0.100700 -0.139406 0.360748
v -0.088400 -0.139391 0.357450
v -0.084821 -0.142088 0.350024
v -0.083828 -0.138951 0.356909
v -0.079536 -0.138220 0.356952
v -0.077250 -0.140409 0.350695
v -0.076595 -0.137446 0.357481
v -0.072667 -0.138891 0.351920
v -0.073831 -0.136434 0.358510
v -0.066981 -0.136138 0.354733
v -0.071006 -0.135044 0.360097
v -0.184666 -0.137541 0.386492
v -0.181703 -0.138677 0.384979
v -0.174580 -0.141164 0.380975
v -0.170443 -0.142001 0.378833
v -0.120537 -0.148623 0.354444
v -0.103421 -0.150974 0.346869
v -0.086974 -0.153347 0.340050
v -0.079017 -0.154477 0.336914
v -0.071247 -0.155551 0.333964
v -0.070996 -0.148542 0.341017
v -0.063601 -0.153120 0.334806
v -0.066087 -0.148647 0.340067
v -0.075355 -0.140644 0.350215
v -0.080051 -0.141419 0.349971
v -0.078260 -0.144103 0.346894
v -0.069484 -0.143418 0.346373
v -0.073813 -0.143864 0.346471
v -0.091788 -0.143158 0.350341
v -0.087869 -0.143272 0.349429
v -0.124244 -0.143091 0.359776
v -0.133054 -0.143029 0.363027
v -0.186521 0.136869 0.387301
v -0.182348 0.131844 0.396941
v -0.189710 0.135004 0.388844
v -0.191146 0.133920 0.389489
v -0.185547 0.130611 0.399655
v -0.188096 0.128879 0.400692
v -0.192739 0.132355 0.390153
v -0.196207 0.126462 0.391435
v -0.190800 0.125257 0.401910
v -0.191810 0.122413 0.402366
v -0.192497 0.118616 0.402662
v -0.198254 0.116286 0.392070
v -0.192925 0.114178 0.402866
v -0.198398 0.114187 0.392152
v -0.198655 0.110039 0.392212
v -0.193187 -0.106085 0.403039
v -0.192760 -0.116109 0.402785
v -0.191969 -0.121676 0.402433
v -0.190837 -0.125227 0.401932
v -0.195620 -0.128001 0.391198
v -0.194632 -0.130096 0.390748
v -0.188939 -0.128022 0.400924
v -0.192017 -0.133127 0.389779
v -0.185754 -0.130422 0.399008
v -0.182770 -0.131707 0.397192
v -0.046339 -0.159748 0.321608
v -0.052477 0.159228 0.323381
v -0.076686 0.154807 0.336005
v -0.082128 0.155887 0.333600
v -0.080472 0.154275 0.337472
v -0.101847 0.151203 0.346205
v -0.114525 0.151722 0.346853
v -0.112540 0.149700 0.350852
v -0.124131 0.147456 0.356581
v -0.169670 0.144900 0.373030
v -0.171606 0.141771 0.379435
v -0.177570 0.143385 0.376853
v -0.174821 0.141096 0.381102
v -0.177345 0.139441 0.383068
v -0.180767 0.142563 0.378358
v -0.183795 0.141610 0.379749
v -0.182451 0.138329 0.385399
v -0.187046 0.140272 0.381185
v -0.190425 0.138456 0.382609
v -0.192962 0.136528 0.383627
v -0.195206 0.134187 0.384520
v -0.197380 0.130644 0.385436
v -0.198563 0.127988 0.385942
v -0.200337 0.120696 0.386600
v -0.199481 0.124848 0.386304
v -0.201399 0.110600 0.386831
v -0.201701 -0.104492 0.386838
v -0.201152 -0.113681 0.386794
v -0.200338 -0.120806 0.386604
v -0.199866 -0.123295 0.386449
v -0.198934 -0.126851 0.386093
v -0.197593 -0.130277 0.385527
v -0.196214 -0.132789 0.384938
v -0.193879 -0.135669 0.383988
v -0.191223 -0.137900 0.383012
v -0.188296 -0.139685 0.381723
v -0.184941 -0.141167 0.380260
v -0.180887 -0.142527 0.378413
v -0.177316 -0.143448 0.376732
v -0.173021 -0.144334 0.374666
v -0.122589 -0.150731 0.350424
v -0.088711 -0.155046 0.336138
v -0.065075 -0.157921 0.327470
v -0.174184 0.144123 0.375231
v -0.051250 0.157986 0.327119
v -0.194878 0.129474 0.390889
v -0.196800 0.124642 0.391611
v -0.189515 -0.135195 0.388729
v -0.070278 0.134555 0.360950
v -0.072879 0.136013 0.359002
v -0.073700 0.139260 0.351603
v -0.075354 0.137038 0.357852
v -0.078042 0.137868 0.357145
v -0.079239 0.140924 0.350388
v -0.082180 0.138705 0.356865
v -0.086424 0.142260 0.350131
v -0.086891 0.139284 0.357207
v -0.090146 0.139477 0.357791
v -0.099536 0.139453 0.360364
v -0.112534 0.142911 0.356021
v -0.124621 0.143070 0.359920
v -0.173840 0.138857 0.382145
v -0.169754 0.134040 0.390387
v -0.172675 0.133720 0.391800
v -0.179620 0.138181 0.384626
v -0.175339 0.133373 0.393122
v -0.178809 0.132759 0.394938
v -0.076223 0.140904 0.350024
v -0.087899 0.143281 0.349423
v -0.091704 0.143317 0.350176
v -0.068801 0.152721 0.336257
v -0.046383 0.159748 0.321615
v -0.061139 0.134113 0.356915
v -0.058548 0.134652 0.356068
v -0.056553 0.137948 0.351654
v -0.054455 0.139675 0.349294
v -0.063121 0.133990 0.357190
v -0.039700 0.151058 0.333633
v -0.053463 0.141533 0.346866
v -0.031061 0.154220 0.328672
v -0.068503 0.133240 0.362941
v -0.065802 0.130417 0.367427
v -0.067214 0.132054 0.364827
v -0.063117 0.126578 0.373426
v -0.062808 0.128169 0.367365
v -0.061956 0.129300 0.364071
v -0.060481 0.131734 0.360001
v -0.057167 0.131779 0.361349
v -0.028837 0.153226 0.331192
v -0.031728 0.152190 0.332850
v -0.037196 0.149821 0.336474
v -0.042229 0.147072 0.340470
v -0.048441 0.142647 0.346625
v -0.050221 0.141071 0.348770
v -0.053684 0.137300 0.353875
v -0.057722 0.129827 0.364367
v -0.057486 0.128591 0.366896
v -0.056085 0.126237 0.372543
v -0.044628 0.102400 0.404808
v -0.045982 0.104552 0.402608
v -0.050675 0.101200 0.407737
v -0.052407 0.103717 0.405598
v -0.054059 0.106556 0.402760
v -0.047434 0.107116 0.399921
v -0.050029 0.112351 0.394044
v -0.056895 0.112202 0.396562
v -0.051407 0.115403 0.390205
v -0.052689 0.118296 0.386177
v -0.059639 0.118449 0.388327
v -0.053686 0.120519 0.382758
v -0.061493 0.122849 0.381074
v -0.055599 0.124566 0.375541
v -0.054650 0.122605 0.379218
v 0.001464 -0.078389 0.452850
v -0.010615 -0.073328 0.499204
v -0.015240 -0.075205 0.492161
v -0.001484 -0.074585 0.481132
v -0.007127 -0.075797 0.477972
v -0.004616 -0.070109 0.512015
v -0.001069 -0.068718 0.514984
v -0.017383 -0.073903 0.504751
v 0.000963 -0.069252 0.510765
v -0.024778 0.101036 0.414515
v -0.028733 0.101750 0.413176
v -0.045040 0.114498 0.394776
v -0.046397 0.116670 0.391768
v -0.048374 0.118477 0.389253
v -0.048652 0.122910 0.383237
v -0.048930 0.125722 0.379425
v -0.047921 0.132074 0.370810
v -0.044572 0.138294 0.362279
v -0.046368 0.137375 0.363598
v -0.041882 0.141365 0.358002
v -0.038630 0.144204 0.354013
v -0.035512 0.146343 0.350973
v -0.031433 0.149167 0.346982
v -0.020547 0.153153 0.341044
v -0.017469 0.154134 0.339591
v -0.018736 0.099136 0.417637
v -0.015672 0.097639 0.420021
v -0.014556 0.096239 0.422110
v -0.011237 0.093175 0.426850
v -0.010532 0.090547 0.430730
v -0.014084 0.154818 0.338516
v -0.023297 0.152828 0.341665
v -0.027135 0.151415 0.343758
v -0.031524 0.150209 0.345645
v -0.035036 0.147557 0.349346
v -0.038461 0.145647 0.352091
v -0.041968 0.143002 0.355820
v -0.044477 0.139897 0.360114
v -0.048416 0.133572 0.368797
v -0.049385 0.130812 0.372544
v -0.049859 0.128084 0.376231
v -0.050389 0.124632 0.380895
v -0.049338 0.121176 0.385576
v -0.046895 0.115321 0.393580
v -0.044471 0.112294 0.397791
v -0.041989 0.109750 0.401378
v -0.038127 0.106688 0.405774
v -0.034936 0.104663 0.408743
v -0.031457 0.102892 0.411409
v -0.026395 0.100599 0.414911
v -0.042596 0.100489 0.407122
v -0.039974 0.098702 0.409560
v -0.038538 0.096000 0.411604
v -0.035989 0.094243 0.413666
v -0.033961 0.093127 0.415073
v -0.031742 0.092115 0.416436
v -0.028598 0.090999 0.418099
v -0.032326 0.096149 0.414573
v -0.035825 0.097712 0.412234
v -0.055140 0.128791 0.369694
v -0.054279 0.131440 0.366148
v -0.053069 0.134050 0.362638
v -0.051545 0.136550 0.359257
v -0.049695 0.138971 0.355960
v -0.047521 0.141304 0.352764
v -0.045032 0.143534 0.349693
v -0.042275 0.145619 0.346803
v -0.039274 0.147549 0.344107
v -0.036025 0.149328 0.341597
v -0.032496 0.150966 0.339258
v -0.028775 0.152419 0.337152
v -0.024913 0.153675 0.335301
v -0.020854 0.154757 0.333680
v -0.049755 0.099870 0.409373
v -0.046161 0.095956 0.413061
v -0.043718 0.094251 0.413550
v -0.041575 0.092833 0.414828
v -0.039323 0.091585 0.416031
v -0.034559 0.089249 0.418934
v -0.021066 0.099044 0.417490
v -0.017695 0.097478 0.420010
v -0.015159 0.095363 0.423315
v -0.013259 0.094304 0.425055
v -0.012299 0.091435 0.429390
v -0.025123 0.089919 0.419842
v -0.023025 0.088499 0.421912
v -0.034249 0.087845 0.423135
v -0.036461 0.089029 0.421230
v -0.040808 0.091291 0.419530
v -0.043277 0.093089 0.417383
v -0.045166 0.094700 0.415505
v -0.047727 0.097431 0.411905
v -0.024811 0.084279 0.429218
v -0.025433 0.086000 0.423710
v -0.029326 0.086154 0.424783
v -0.026229 0.085174 0.426143
v -0.029868 0.087656 0.421131
v -0.026820 0.087117 0.421894
v -0.031780 0.086788 0.424593
v -0.032401 0.088326 0.420262
v -0.037913 0.090227 0.418925
v -0.021741 0.086804 0.424735
v -0.019877 0.085918 0.428316
v -0.023202 0.093568 0.419248
v -0.020194 0.092352 0.421609
v -0.017722 0.090161 0.425409
v -0.016927 0.088200 0.428656
v -0.023632 0.083831 0.431284
v -0.019643 0.082383 0.437984
v -0.016304 0.083649 0.436216
v -0.011495 0.085744 0.437714
v -0.012891 0.084052 0.439368
v -0.016404 0.081399 0.442487
v -0.012516 0.080402 0.446744
v -0.009611 0.080644 0.446209
v -0.010529 0.081913 0.443420
v -0.008295 0.081820 0.443695
v -0.010338 0.084696 0.439255
v -0.010304 0.083115 0.441591
v 0.001541 0.079276 0.449753
v -0.003290 0.079777 0.448244
v -0.006056 0.080541 0.446267
v -0.007500 0.079542 0.449611
v -0.003948 0.079022 0.451126
v 0.005735 0.072259 0.489515
v -0.001483 0.074580 0.481163
v -0.017383 0.073903 0.504751
v -0.012028 0.072431 0.506860
v 0.000230 0.068641 0.514882
v -0.003840 0.069868 0.512528
v 0.005179 0.066935 0.517622
v 0.007748 0.066533 0.517067
v 0.000954 0.069254 0.510766
v 0.000099 -0.067956 0.517234
v -0.006052 -0.069439 0.513916
v -0.010421 -0.070545 0.511559
v -0.015339 -0.071763 0.509165
v -0.019080 -0.072698 0.507458
v -0.024121 -0.074007 0.505253
v -0.026978 -0.076975 0.500018
v -0.022282 -0.075426 0.502309
v -0.028989 -0.075358 0.503193
v -0.033664 -0.076771 0.501254
v -0.031460 -0.078580 0.497873
v -0.035990 -0.080379 0.495735
v -0.038422 -0.078368 0.499310
v -0.045153 -0.080992 0.496614
v -0.042339 -0.083287 0.492781
v -0.048200 -0.082361 0.495422
v -0.045186 -0.084798 0.491486
v -0.047903 -0.086393 0.490281
v -0.051129 -0.083809 0.494304
v -0.053940 -0.085341 0.493266
v -0.050499 -0.088066 0.489168
v -0.053150 -0.089933 0.488083
v -0.017311 -0.068396 0.513660
v -0.022479 -0.070090 0.510090
v 0.001483 -0.067230 0.518705
v 0.001474 -0.065819 0.520303
v 0.001723 -0.063469 0.521172
v -0.001096 -0.063937 0.521396
v -0.007198 -0.065394 0.520900
v -0.004798 -0.066252 0.519921
v 0.007915 -0.064717 0.519354
v 0.008001 -0.062294 0.520293
v 0.005193 -0.066741 0.517991
v 0.005091 -0.064694 0.520078
v -0.055706 -0.091976 0.487048
v -0.057947 -0.093989 0.486083
v -0.060060 -0.096106 0.485112
v -0.064061 -0.100868 0.483080
v -0.066226 -0.103906 0.481873
v -0.068592 -0.107563 0.480484
v -0.078624 -0.123895 0.474608
v -0.081777 -0.128082 0.473076
v -0.084225 -0.130729 0.472055
v -0.087747 -0.133682 0.470807
v -0.091770 -0.136011 0.469611
v -0.094648 -0.132592 0.474061
v -0.095556 -0.137507 0.468624
v -0.097125 -0.133530 0.473387
v -0.098684 -0.138355 0.467885
v -0.102533 -0.139042 0.467052
v -0.103929 -0.135174 0.471771
v -0.106862 -0.139493 0.466185
v -0.107231 -0.135474 0.471112
v -0.120172 -0.139376 0.463872
v -0.124377 -0.139078 0.463205
v -0.089864 -0.129600 0.475663
v -0.127465 -0.138815 0.462501
v -0.131504 -0.138443 0.460985
v -0.135598 -0.138050 0.458634
v -0.130636 -0.134153 0.466655
v -0.136819 -0.133905 0.463536
v -0.133602 -0.134437 0.465282
v -0.019080 0.072698 0.507458
v -0.011504 0.070814 0.511013
v -0.008131 0.069972 0.512756
v -0.003140 0.068885 0.515066
v 0.001075 0.067225 0.518496
v -0.054041 0.085398 0.493229
v -0.050598 0.088113 0.489121
v -0.053319 0.090056 0.488015
v -0.050884 0.083682 0.494396
v -0.047681 0.086242 0.490374
v -0.047505 0.082037 0.495692
v -0.043880 0.080457 0.497118
v -0.041147 0.082690 0.493329
v -0.039113 0.078619 0.499032
v -0.036647 0.080650 0.495426
v -0.033260 0.076644 0.501420
v -0.031075 0.078435 0.498056
v -0.027810 0.075020 0.503687
v -0.025843 0.076589 0.500566
v -0.016945 0.068270 0.513947
v 0.001100 0.064444 0.520986
v -0.009859 0.066081 0.519892
v -0.007656 0.065504 0.520815
v -0.000900 0.063891 0.521406
v -0.005267 0.065796 0.520393
v 0.007945 0.063747 0.519719
v 0.005172 0.065563 0.519461
v -0.119929 0.139374 0.463915
v -0.108310 0.139557 0.465915
v -0.102472 0.139057 0.467059
v -0.098855 0.138374 0.467851
v -0.094272 0.137037 0.468951
v -0.090813 0.135552 0.469877
v -0.091239 0.130615 0.475163
v -0.087543 0.133514 0.470877
v -0.084695 0.131191 0.471872
v -0.082868 0.129330 0.472603
v -0.081137 0.127296 0.473369
v -0.079194 0.124711 0.474314
v -0.077025 0.121502 0.475464
v -0.074309 0.117081 0.477035
v -0.071134 0.111753 0.478948
v -0.069345 0.108748 0.480037
v -0.067559 0.105919 0.481100
v -0.065771 0.103244 0.482132
v -0.063952 0.100721 0.483139
v -0.062073 0.098351 0.484126
v -0.060133 0.096161 0.485084
v -0.058071 0.094077 0.486036
v -0.083325 0.122472 0.478617
v -0.102303 0.134917 0.472122
v -0.096925 0.133429 0.473448
v -0.126493 0.134977 0.467763
v -0.135797 0.138031 0.458508
v -0.132192 0.138379 0.460658
v -0.128928 0.138683 0.462052
v -0.125447 0.138988 0.462982
v -0.195647 0.084092 0.416703
v -0.195327 0.040372 0.414885
v -0.194321 0.038049 0.411340
v -0.193677 0.034114 0.408988
v -0.193460 0.031712 0.408621
v -0.195321 0.115400 0.416854
v -0.195095 0.118228 0.416983
v -0.194564 0.121891 0.417280
v -0.193572 0.125417 0.417788
v -0.191949 0.128173 0.418513
v -0.189807 0.130212 0.419497
v -0.187057 0.131687 0.420981
v -0.184817 0.132491 0.422322
v -0.182325 0.133106 0.423918
v -0.179814 0.133573 0.425587
v -0.179659 -0.133607 0.425687
v -0.182560 -0.133076 0.423756
v -0.185554 -0.132261 0.421869
v -0.188730 -0.130873 0.420053
v -0.191525 -0.128718 0.418697
v -0.193156 -0.126315 0.417981
v -0.194189 -0.123489 0.417479
v -0.194917 -0.119609 0.417084
v -0.195307 -0.115663 0.416862
v -0.195442 -0.112635 0.416787
v -0.195625 -0.101488 0.416697
v -0.195560 -0.107981 0.416725
v -0.195636 -0.094053 0.416700
v -0.195647 -0.085525 0.416703
v -0.194157 -0.038995 0.414011
v -0.195649 -0.052971 0.416712
v -0.194791 -0.039843 0.416331
v -0.193462 -0.031722 0.408631
v -0.193786 -0.034661 0.409028
v -0.193901 -0.037263 0.411118
v -0.089916 -0.136746 0.448575
v -0.086231 -0.134836 0.451194
v -0.078940 -0.134776 0.409267
v -0.050847 -0.093946 0.449688
v -0.055630 -0.099256 0.444540
v -0.058262 -0.095331 0.479778
v -0.036441 -0.082970 0.475127
v -0.048424 -0.087356 0.485102
v -0.043038 -0.088160 0.455389
v -0.040838 -0.086926 0.456618
v -0.047143 -0.090878 0.452699
v -0.045140 -0.089477 0.454083
v -0.054614 -0.091897 0.482052
v -0.050583 -0.088792 0.484136
v -0.043825 -0.084706 0.486876
v -0.036145 -0.084690 0.458854
v -0.031072 -0.082747 0.460804
v -0.028395 -0.081877 0.461677
v -0.022766 -0.080327 0.463226
v -0.019803 -0.081466 0.447200
v -0.191818 -0.125355 0.408191
v -0.194943 -0.084805 0.412710
v -0.192944 -0.121810 0.407856
v -0.194350 -0.118731 0.413031
v -0.193411 -0.118731 0.407717
v -0.193419 -0.123692 0.413535
v -0.191902 -0.127327 0.414356
v -0.189939 -0.128546 0.408749
v -0.187077 -0.130708 0.409605
v -0.184282 -0.132472 0.418522
v -0.182895 -0.132475 0.410878
v -0.036145 0.084690 0.458854
v -0.036441 0.082970 0.475127
v -0.028395 0.081877 0.461677
v -0.031072 0.082747 0.460804
v -0.048424 0.087356 0.485102
v -0.043825 0.084706 0.486876
v -0.038540 0.085770 0.457773
v -0.040838 0.086926 0.456618
v -0.052646 0.090304 0.483119
v -0.047143 0.090878 0.452699
v -0.045140 0.089477 0.454083
v -0.049046 0.092367 0.451234
v -0.054139 0.097388 0.446342
v -0.082712 0.136698 0.406884
v -0.084531 0.133653 0.452545
v -0.076393 0.132950 0.411354
v -0.088979 0.136294 0.449226
v -0.188014 0.130189 0.409323
v -0.019803 0.081466 0.447200
v -0.013848 0.080349 0.448782
v -0.194030 0.084805 0.407533
v -0.194030 -0.084805 0.407533
v -0.027794 -0.078340 0.490812
v -0.189840 -0.031614 0.410019
v -0.190076 -0.035170 0.410617
v -0.192899 -0.033317 0.409754
v -0.191326 -0.039062 0.416793
v -0.190594 -0.038278 0.413319
v -0.194080 -0.052972 0.421289
v -0.194064 -0.085528 0.421291
v -0.193065 -0.093941 0.422150
v -0.194021 -0.101480 0.421305
v -0.193264 -0.107937 0.421943
v -0.192868 -0.112318 0.422206
v -0.193642 -0.115382 0.421528
v -0.192625 -0.119772 0.422269
v -0.191215 -0.124169 0.423214
v -0.193315 -0.040697 0.421966
v -0.193052 -0.039197 0.420084
v -0.192564 -0.077540 0.422604
v -0.192602 -0.048170 0.422630
v -0.192626 -0.091670 0.422572
v -0.192544 -0.110230 0.422552
v -0.188743 -0.127012 0.424919
v -0.193110 0.035824 0.410952
v -0.193789 0.038685 0.414802
v -0.189967 0.033862 0.410227
v -0.190474 0.036871 0.412372
v -0.191201 0.039008 0.416260
v -0.191345 0.124274 0.423116
v -0.192484 0.121145 0.422342
v -0.192941 0.110880 0.422177
v -0.194059 0.084094 0.421292
v -0.193292 0.040197 0.421315
v -0.165697 0.131169 0.441571
v -0.192178 0.039197 0.420954
v -0.193056 0.103286 0.422136
v -0.192633 0.098160 0.422551
v -0.192479 0.118161 0.422426
v -0.079851 0.154317 0.295494
v -0.166283 0.144365 0.338188
v -0.174004 0.142592 0.341402
v -0.177003 0.141640 0.342581
v -0.180262 0.140327 0.343801
v -0.183876 0.138326 0.345048
v -0.186639 0.136150 0.345836
v -0.188665 0.133861 0.346464
v -0.190782 0.130204 0.347028
v -0.192678 0.124576 0.347518
v -0.193653 0.119354 0.347636
v -0.194388 0.112522 0.347876
v -0.194709 0.107514 0.347908
v -0.194347 -0.113022 0.347869
v -0.193208 -0.122207 0.347647
v -0.192248 -0.126235 0.347411
v -0.190949 -0.129932 0.347072
v -0.189333 -0.132913 0.346644
v -0.185980 -0.136666 0.345698
v -0.182030 -0.139427 0.344426
v -0.178942 -0.140915 0.343319
v -0.173590 -0.142708 0.341236
v -0.165599 -0.144500 0.337896
v -0.073994 -0.154802 0.292731
v -0.051093 0.156792 0.293690
v -0.054022 0.155842 0.283953
v -0.064860 -0.156621 0.307691
v -0.045351 0.158818 0.311161
v -0.054606 0.157357 0.303820
v -0.188429 0.137655 0.365301
v -0.190709 -0.135695 0.366266
v -0.180862 -0.141513 0.361923
v -0.075186 -0.155678 0.311857
v -0.067374 -0.153028 0.285580
v -0.075452 -0.152394 0.289188
v -0.092495 -0.150653 0.297234
v -0.166805 -0.141854 0.334169
v -0.174503 -0.140070 0.337638
v -0.178430 -0.138715 0.339378
v -0.182222 -0.136870 0.341042
v -0.184918 -0.135002 0.342210
v -0.187724 -0.131962 0.343374
v -0.189534 -0.128797 0.344055
v -0.190661 -0.125510 0.344416
v -0.191534 -0.121744 0.344657
v -0.192557 -0.112848 0.344838
v -0.192888 -0.107000 0.344850
v -0.192609 0.112357 0.344845
v -0.191940 0.119051 0.344745
v -0.191276 0.122980 0.344589
v -0.189991 0.127559 0.344205
v -0.188441 0.130928 0.343656
v -0.187270 0.132654 0.343198
v -0.184560 0.135244 0.342064
v -0.180654 0.137724 0.340356
v -0.177701 0.139014 0.339057
v -0.174899 0.139966 0.337815
v -0.167495 0.141721 0.334483
v -0.088138 0.151141 0.295121
v -0.081340 0.151842 0.291909
v -0.074679 0.152464 0.288834
v -0.061145 -0.145280 0.277060
v -0.073487 -0.145362 0.283390
v -0.087797 -0.144779 0.290954
v -0.157602 -0.138990 0.327413
v -0.167276 -0.137088 0.331673
v -0.172290 -0.135266 0.333646
v -0.176181 -0.133061 0.335058
v -0.178299 -0.131210 0.335792
v -0.180044 -0.129070 0.336400
v -0.181704 -0.125780 0.337009
v -0.182920 -0.121693 0.337483
v -0.183445 -0.118608 0.337692
v -0.184067 -0.111435 0.337928
v -0.183883 0.114540 0.337862
v -0.183243 0.119925 0.337611
v -0.182481 0.123430 0.337309
v -0.181075 0.127261 0.336773
v -0.179211 0.130166 0.336108
v -0.177097 0.132350 0.335377
v -0.171404 0.135666 0.333312
v -0.165271 0.137631 0.330841
v -0.162518 0.138219 0.329650
v -0.087559 0.144790 0.290827
v -0.071537 0.145398 0.282373
v -0.056665 0.145065 0.274826
v -0.052803 -0.140094 0.264095
v -0.064657 -0.140748 0.269993
v -0.070549 -0.140751 0.272990
v -0.076880 -0.140562 0.276245
v -0.160481 -0.133657 0.319844
v -0.166427 -0.132656 0.323159
v -0.169914 -0.131695 0.325236
v -0.172973 -0.130427 0.327178
v -0.175168 -0.129019 0.328659
v -0.177548 -0.126363 0.330295
v -0.178990 -0.123353 0.331217
v -0.179805 -0.119799 0.331641
v -0.180339 -0.115182 0.331857
v -0.180538 -0.111285 0.331905
v -0.180400 0.114247 0.331875
v -0.180064 0.118024 0.331756
v -0.179661 0.120759 0.331578
v -0.178964 0.123382 0.331198
v -0.176989 0.127171 0.329917
v -0.174886 0.129215 0.328466
v -0.172307 0.130767 0.326742
v -0.169816 0.131739 0.325172
v -0.167081 0.132519 0.323533
v -0.163809 0.133166 0.321674
v -0.159291 0.133799 0.319203
v -0.074943 0.140638 0.275246
v -0.060236 0.140615 0.267770
v -0.065018 0.140754 0.270176
v -0.055563 0.140336 0.265450
v -0.052543 -0.138751 0.241831
v -0.051248 -0.139852 0.262047
v -0.049217 0.134097 0.180815
v -0.049341 0.136927 0.218645
v -0.046321 0.135170 0.202313
v -0.038775 0.125722 0.157658
v -0.039785 0.127354 0.161577
v -0.041602 0.130833 0.174323
v -0.049186 -0.134088 0.180817
v -0.045270 -0.134260 0.194505
v -0.046615 0.132184 0.170951
v -0.051489 0.134325 0.173970
v -0.055188 0.135507 0.175688
v -0.063836 0.137039 0.177450
v -0.069714 0.137481 0.177552
v -0.074220 0.137594 0.177208
v -0.130022 0.134078 0.167707
v -0.134151 0.133525 0.167010
v -0.138548 0.132607 0.166286
v -0.142410 0.131305 0.165655
v -0.145181 0.129733 0.165178
v -0.147463 0.127474 0.164717
v -0.149002 0.124689 0.164289
v -0.149720 0.122281 0.163991
v -0.150283 0.118911 0.163691
v -0.150657 0.114753 0.163461
v -0.150853 0.109746 0.163328
v -0.150871 -0.108936 0.163314
v -0.150702 -0.113939 0.163432
v -0.150233 -0.119204 0.163717
v -0.149253 -0.123946 0.164192
v -0.147729 -0.127101 0.164653
v -0.145101 -0.129786 0.165192
v -0.141916 -0.131484 0.165736
v -0.137736 -0.132818 0.166419
v -0.133436 -0.133636 0.167130
v -0.129638 -0.134120 0.167773
v -0.082426 -0.137475 0.176021
v -0.073287 -0.137585 0.177308
v -0.066341 -0.137290 0.177610
v -0.060047 -0.136540 0.176988
v -0.056621 -0.135876 0.176187
v -0.052792 -0.134763 0.174616
v -0.047423 -0.132492 0.170877
v -0.161922 0.127651 0.246913
v -0.157223 0.120747 0.204648
v -0.163722 0.124496 0.247178
v -0.157117 0.131155 0.246199
v -0.152182 0.129749 0.204702
v -0.159965 0.129510 0.246624
v -0.152668 0.132603 0.245515
v -0.050281 0.137308 0.222430
v -0.052917 0.135795 0.191164
v -0.052719 0.135363 0.184655
v -0.055970 0.136169 0.186273
v -0.048793 -0.136195 0.209410
v -0.052917 -0.135795 0.191164
v -0.055970 -0.136169 0.186273
v -0.044688 -0.131722 0.172914
v -0.160006 -0.132589 0.286275
v -0.154350 -0.133060 0.265427
v -0.151708 -0.132848 0.245365
v -0.159981 -0.129360 0.246626
v -0.167165 -0.129619 0.288469
v -0.170414 -0.126175 0.289447
v -0.164764 -0.120745 0.247332
v -0.163358 -0.125243 0.247124
v -0.172061 -0.121725 0.289943
v -0.052719 -0.135363 0.184655
v -0.044867 -0.133439 0.187006
v -0.052942 -0.139751 0.258299
v -0.046814 0.132578 0.173490
v -0.051094 0.134410 0.177160
v -0.043756 0.130266 0.166451
v -0.038043 0.123931 0.153288
v -0.037560 0.123010 0.151299
v -0.041692 0.128572 0.162961
v -0.048285 0.129109 0.164695
v -0.051029 -0.130899 0.167838
v -0.053747 -0.132293 0.170088
v -0.056096 -0.133150 0.171379
v -0.059276 -0.133964 0.172520
v -0.064350 -0.134686 0.173309
v -0.072891 -0.135092 0.173103
v -0.128627 -0.131548 0.163506
v -0.132336 -0.131036 0.162859
v -0.135582 -0.130405 0.162298
v -0.138779 -0.129461 0.161751
v -0.142601 -0.127574 0.161089
v -0.145266 -0.124823 0.160537
v -0.146610 -0.121966 0.160215
v -0.147642 -0.118143 0.160021
v -0.148226 -0.113936 0.159944
v -0.148548 -0.108942 0.159913
v -0.148512 0.109751 0.159916
v -0.148144 0.114746 0.159953
v -0.147480 0.118851 0.160048
v -0.146589 0.122055 0.160218
v -0.145174 0.124927 0.160558
v -0.142956 0.127362 0.161027
v -0.140597 0.128757 0.161440
v -0.137174 0.129979 0.162025
v -0.133027 0.130919 0.162739
v -0.129005 0.131504 0.163440
v -0.069618 0.135027 0.173360
v -0.064414 0.134698 0.173324
v -0.059390 0.133983 0.172541
v -0.055004 0.132757 0.170788
v -0.050713 0.130709 0.167515
v -0.048550 -0.129305 0.165062
v -0.042883 -0.129650 0.165172
v -0.039159 -0.126083 0.158244
v -0.039896 -0.127181 0.160784
v -0.040331 -0.128105 0.163443
v -0.038736 0.107958 0.121911
v -0.040079 0.114733 0.136185
v -0.041149 0.118284 0.143528
v -0.042493 0.121577 0.150208
v -0.043287 0.123122 0.153283
v -0.044307 0.124795 0.156561
v -0.045280 0.126142 0.159149
v -0.046720 0.127755 0.162173
v -0.037461 0.095367 0.094828
v -0.038276 -0.104480 0.114485
v -0.033453 -0.106644 0.115379
v -0.038736 -0.107958 0.121911
v -0.033860 -0.109842 0.122459
v -0.040079 -0.114733 0.136185
v -0.040583 -0.116540 0.139937
v -0.035542 -0.117732 0.139787
v -0.041783 -0.119964 0.146954
v -0.042493 -0.121577 0.150208
v -0.043287 -0.123122 0.153283
v -0.044307 -0.124795 0.156561
v -0.045280 -0.126142 0.159149
v -0.046720 -0.127755 0.162173
v -0.037461 -0.095367 0.094828
v -0.044798 -0.065985 0.094415
v -0.044799 0.065985 0.094404
v -0.038616 0.075390 0.093522
v -0.042652 0.069678 0.094104
v -0.039476 -0.074179 0.093663
v -0.033278 -0.082825 0.092560
v -0.042652 -0.069680 0.094108
v -0.035937 -0.093993 0.093066
v -0.040846 -0.087282 0.093871
v -0.053650 -0.073302 0.096720
v -0.051908 -0.071953 0.095086
v -0.035937 0.093993 0.093066
v -0.054445 0.072199 0.096765
v -0.049255 0.079360 0.096387
v -0.047571 0.078002 0.094710
v -0.052965 0.069956 0.095158
v -0.044351 0.082459 0.094347
v -0.053237 -0.069061 0.095175
v -0.055580 0.069061 0.097582
v -0.055580 -0.069061 0.097582
v -0.054863 0.080551 0.110455
v -0.056620 0.081825 0.118967
v -0.055603 0.088680 0.123793
v -0.057145 0.085685 0.125412
v -0.058042 0.090385 0.133220
v -0.055901 0.090827 0.127318
v -0.056908 0.095944 0.135726
v -0.058674 0.092820 0.137237
v -0.059190 0.094454 0.139911
v -0.057824 0.098997 0.140758
v -0.057366 0.097606 0.138463
v -0.059695 0.095821 0.142131
v -0.060552 0.097718 0.145162
v -0.058335 0.100308 0.142927
v -0.061878 0.099974 0.148658
v -0.059576 0.102649 0.146830
v -0.062726 0.101109 0.150354
v -0.063823 0.102283 0.152029
v -0.062927 0.106293 0.152955
v -0.066705 0.104467 0.154855
v -0.065784 0.107873 0.155567
v -0.069645 0.105902 0.156457
v -0.068709 0.108838 0.157073
v -0.072162 0.106596 0.157064
v -0.072633 0.109454 0.157846
v -0.074753 0.106990 0.157271
v -0.077594 0.107111 0.157101
v -0.077661 0.109648 0.157771
v -0.105412 0.105184 0.152339
v -0.105723 0.107621 0.152933
v -0.110967 0.105865 0.151676
v -0.116173 0.105010 0.150739
v -0.119144 0.105445 0.150488
v -0.119939 0.103531 0.149961
v -0.123230 0.103753 0.149732
v -0.122288 0.101033 0.149363
v -0.125575 0.102102 0.149295
v -0.061143 0.104743 0.150348
v -0.128386 0.099145 0.148955
v -0.130213 0.095087 0.148894
v -0.131309 0.090042 0.148943
v -0.131681 -0.085552 0.148984
v -0.131118 -0.091416 0.148927
v -0.130376 -0.094743 0.148890
v -0.128962 -0.098172 0.148917
v -0.127278 -0.100580 0.149073
v -0.124121 -0.102652 0.149467
v -0.119567 -0.104472 0.150216
v -0.113669 -0.105483 0.151191
v -0.110967 -0.105865 0.151676
v -0.105723 -0.107621 0.152933
v -0.078785 -0.109608 0.157614
v -0.073576 -0.109553 0.157943
v -0.070746 -0.109255 0.157652
v -0.068709 -0.108838 0.157073
v -0.065784 -0.107873 0.155567
v -0.062927 -0.106293 0.152955
v -0.061517 -0.105142 0.151019
v -0.060197 -0.103585 0.148399
v -0.058621 -0.100922 0.143948
v -0.057366 -0.097606 0.138463
v -0.056908 -0.095944 0.135726
v -0.055901 -0.090827 0.127318
v -0.055603 -0.088680 0.123793
v -0.066003 0.121570 0.165136
v -0.112609 0.120073 0.159054
v -0.128262 0.117785 0.156294
v -0.135186 0.114147 0.155073
v -0.137367 0.111195 0.154688
v -0.139821 0.096708 0.154255
v -0.112609 -0.120073 0.159054
v -0.056354 -0.117803 0.159387
v -0.047593 -0.099651 0.126176
v -0.056620 -0.081825 0.118967
v -0.057145 -0.085685 0.125413
v -0.058042 -0.090385 0.133220
v -0.058674 -0.092820 0.137237
v -0.059190 -0.094454 0.139911
v -0.060249 -0.097112 0.144204
v -0.061537 -0.099424 0.147812
v -0.063084 -0.101510 0.150932
v -0.065256 -0.103487 0.153635
v -0.067176 -0.104797 0.155267
v -0.069686 -0.105876 0.156414
v -0.073853 -0.106873 0.157225
v -0.077594 -0.107111 0.157101
v -0.105412 -0.105184 0.152339
v -0.121190 -0.102197 0.149557
v -0.125740 0.099787 0.148950
v -0.126649 0.096823 0.148594
v -0.127498 0.093594 0.148445
v -0.127857 -0.091092 0.148381
v -0.127277 -0.094857 0.148485
v -0.125407 -0.097904 0.148813
v -0.049398 0.004598 0.116020
v -0.049450 0.002192 0.116934
v -0.049643 -0.002400 0.119922
v -0.049504 -0.000208 0.117799
v -0.049838 -0.033753 0.122669
v -0.049760 -0.004408 0.121593
v -0.050043 -0.035900 0.125220
v -0.051480 -0.036000 0.137657
v -0.052180 -0.036000 0.141697
v -0.053038 -0.035989 0.145455
v -0.054682 -0.004464 0.150813
v -0.054554 -0.032437 0.150483
v -0.054067 -0.034954 0.149079
v -0.055412 -0.002312 0.152540
v -0.056443 0.000128 0.154587
v -0.056409 0.032893 0.154518
v -0.056802 0.002500 0.155221
v -0.055284 0.035427 0.152247
v -0.054261 0.035993 0.149642
v -0.053221 0.036000 0.146248
v -0.051914 0.036000 0.140284
v -0.050909 0.036000 0.133606
v -0.049399 0.028417 0.116075
v -0.049460 0.031715 0.117129
v -0.049578 0.034696 0.118997
v -0.049796 0.035923 0.122094
v -0.049105 0.007739 0.110577
v -0.049104 0.025257 0.110576
v -0.056059 0.025319 0.109467
v -0.056051 0.007888 0.109277
v -0.056520 0.034884 0.117885
v -0.056434 0.033212 0.116496
v -0.057008 0.036000 0.124517
v -0.056671 0.035808 0.120129
v -0.058209 0.036000 0.135297
v -0.059093 0.036000 0.140548
v -0.059809 0.036000 0.143773
v -0.060505 0.036000 0.146223
v -0.061725 0.036432 0.149462
v -0.062842 0.035034 0.151659
v -0.063983 0.032618 0.153303
v -0.063927 -0.000218 0.153171
v -0.061441 -0.033620 0.148864
v -0.060835 -0.036356 0.147219
v -0.059537 -0.036000 0.142618
v -0.058050 -0.036000 0.134154
v -0.056736 -0.033120 0.121043
v -0.056911 -0.035647 0.123326
v -0.057310 -0.036000 0.127825
v -0.056698 -0.004544 0.120464
v -0.056701 -0.029676 0.120560
v -0.056572 -0.002361 0.118632
v -0.056373 0.004204 0.115422
v -0.056428 0.000335 0.116348
v -0.056244 0.027482 0.113056
v -0.071875 0.000000 0.157500
v -0.072568 -0.040270 0.157526
v -0.070304 -0.040178 0.157259
v -0.066396 0.000000 0.155584
v -0.067777 -0.039895 0.156326
v -0.069344 0.000000 0.156999
v -0.071176 -0.073250 0.157304
v -0.074835 -0.073393 0.157455
v -0.067182 -0.072458 0.155869
v -0.064044 -0.039006 0.153289
v -0.061941 -0.038056 0.149991
v -0.061619 -0.068963 0.149069
v -0.061823 -0.088960 0.149058
v -0.071080 -0.085081 0.157251
v -0.073068 -0.085241 0.157441
v -0.069237 -0.093650 0.156512
v -0.064838 -0.091787 0.153645
v -0.104158 -0.092245 0.152560
v -0.118850 -0.097911 0.149969
v -0.121337 -0.100316 0.149531
v -0.123988 -0.099531 0.149063
v -0.121769 0.097392 0.149455
v -0.104158 0.092245 0.152560
v -0.071080 0.085081 0.157251
v -0.068325 0.093399 0.156147
v -0.067475 0.072545 0.156032
v -0.063833 0.070907 0.152887
v -0.064482 0.091542 0.153254
v -0.070304 0.040178 0.157259
v -0.067806 0.039895 0.156324
v -0.064283 0.039107 0.153636
v -0.056380 0.029950 0.115591
v -0.061924 -0.003960 0.149937
v -0.071031 -0.106520 0.472829
v -0.070204 -0.105641 0.475069
v -0.069023 0.105196 0.471154
v -0.077572 0.074648 0.486990
v -0.074745 0.075256 0.486913
v -0.071630 0.077311 0.485819
v -0.077886 0.074822 0.494988
v -0.069241 0.075083 0.496333
v -0.075652 0.075344 0.494941
v -0.073205 0.076571 0.494349
v -0.095599 0.074692 0.491987
v -0.097762 0.075144 0.491174
v -0.101320 0.080491 0.479119
v -0.100009 0.077731 0.480804
v -0.096730 0.075155 0.483116
v -0.094271 0.074638 0.484025
v -0.101564 0.082413 0.478132
v -0.102897 0.082004 0.485539
v -0.101417 0.077850 0.488329
v -0.102524 0.080089 0.486528
v -0.102888 0.086334 0.484109
v -0.100845 0.099769 0.473709
v -0.096173 0.107700 0.479888
v -0.099537 0.105538 0.479835
v -0.102090 0.100867 0.480564
v -0.100444 0.101849 0.473225
v -0.098772 0.104704 0.472850
v -0.095958 0.107076 0.472766
v -0.093162 0.107946 0.473078
v -0.093574 0.108139 0.480128
v -0.075168 0.108283 0.483396
v -0.077615 0.113518 0.481887
v -0.079493 0.116593 0.480778
v -0.085882 0.125716 0.477347
v -0.071231 0.106799 0.470938
v -0.073665 0.107673 0.469314
v -0.080251 0.107975 0.475050
v -0.078305 0.107873 0.474063
v -0.077255 0.107894 0.469878
v -0.182117 0.039197 0.415295
v -0.181837 0.039197 0.422244
v -0.177453 0.039197 0.426068
v -0.155015 0.038805 0.430231
v -0.151793 0.037083 0.430801
v -0.149856 0.034095 0.431144
v -0.149202 0.031397 0.431260
v -0.155276 0.039356 0.437019
v -0.152833 0.037946 0.437456
v -0.150293 0.033494 0.437657
v -0.149222 -0.031556 0.431257
v -0.149676 -0.033843 0.431176
v -0.150825 -0.036002 0.430973
v -0.153112 -0.038023 0.430568
v -0.155982 -0.039082 0.430060
v -0.149765 -0.032461 0.438005
v -0.150561 -0.035025 0.437863
v -0.152217 -0.037393 0.437567
v -0.154720 -0.038885 0.436864
v -0.156878 -0.039051 0.435969
v -0.177453 -0.039197 0.426068
v -0.149023 -0.031197 0.438901
v -0.150816 0.036737 0.438581
v -0.149056 0.031828 0.438895
v -0.157850 0.040155 0.436811
v -0.179216 0.039197 0.431942
v -0.175628 0.040697 0.434113
v -0.179484 0.041197 0.433418
v -0.188925 0.039197 0.410070
v -0.190639 0.038699 0.413525
v -0.181448 0.040197 0.431648
v -0.178280 0.112386 0.433927
v -0.177599 0.109626 0.434196
v -0.179284 0.108582 0.433398
v -0.178343 0.104820 0.433823
v -0.180594 0.105131 0.432759
v -0.181824 0.069015 0.432241
v -0.179361 0.068998 0.433440
v -0.153541 -0.039316 0.438093
v -0.156218 -0.040427 0.437613
v -0.179351 -0.040197 0.432680
v -0.169262 -0.040697 0.435261
v -0.175628 -0.040697 0.434113
v -0.158500 -0.040680 0.437202
v -0.181740 -0.039197 0.422454
v -0.182097 -0.039197 0.419897
v -0.181834 -0.039197 0.416135
v -0.188713 -0.039197 0.410055
v -0.181447 -0.040197 0.431649
v -0.181938 -0.046102 0.432208
v -0.181015 -0.100848 0.432555
v -0.178611 -0.101869 0.433697
v -0.179946 -0.105544 0.433069
v -0.178008 -0.107415 0.433988
v -0.178890 -0.110373 0.433604
v -0.177200 -0.111158 0.434400
v -0.179464 -0.046096 0.433422
v -0.163160 0.124071 0.444041
v -0.165595 0.123242 0.442276
v -0.167908 0.122371 0.440625
v -0.170722 0.121111 0.438677
v -0.173354 0.119632 0.436933
v -0.171335 0.116706 0.437108
v -0.177219 0.116014 0.434580
v -0.176272 0.113332 0.434875
v -0.192514 0.094309 0.422586
v -0.192563 0.077537 0.422606
v -0.192509 0.105508 0.422554
v -0.189355 0.126534 0.424501
v -0.140034 0.126423 0.461731
v -0.136257 0.125964 0.464683
v -0.139714 0.133334 0.461512
v -0.143803 0.133177 0.458315
v -0.152791 0.126269 0.451826
v -0.157155 0.131886 0.448057
v -0.155932 0.125802 0.449438
v -0.160221 0.131424 0.445758
v -0.159436 0.125079 0.446801
v -0.182417 0.129495 0.429315
v -0.147070 0.133260 0.455719
v -0.162903 0.131777 0.443590
v -0.187013 0.128074 0.426107
v -0.152990 0.132150 0.451283
v -0.133287 0.134408 0.465445
v -0.135545 0.134284 0.464253
v -0.137555 0.134003 0.463004
v -0.123329 0.130740 0.469474
v -0.131002 0.125164 0.468043
v -0.128546 0.124515 0.469285
v -0.125073 0.123212 0.470796
v -0.121232 0.122079 0.472024
v -0.135666 0.130684 0.464651
v -0.133810 0.125951 0.466354
v -0.130247 0.134181 0.466796
v -0.131900 0.126433 0.467385
v -0.136550 0.121114 0.457375
v -0.140356 0.121412 0.455284
v -0.143393 0.121444 0.452918
v -0.146471 0.121315 0.450632
v -0.151700 0.108834 0.438854
v -0.151127 0.117741 0.441212
v -0.150761 0.115439 0.440088
v -0.157707 0.118904 0.441850
v -0.170460 0.108813 0.435585
v -0.162380 0.112197 0.437532
v -0.159607 0.111203 0.437844
v -0.154008 0.110687 0.438638
v -0.157709 0.106761 0.437735
v -0.154847 0.117110 0.440392
v -0.157415 0.116764 0.439881
v -0.158656 0.114331 0.438634
v -0.156127 0.113527 0.438804
v -0.152974 0.114028 0.439392
v -0.160286 0.118818 0.441432
v -0.164501 0.118014 0.439746
v -0.167621 0.116984 0.438230
v -0.161154 0.117300 0.439746
v -0.164796 0.116538 0.438552
v -0.164728 0.114072 0.437535
v -0.162170 0.115161 0.438378
v -0.173427 0.115232 0.435975
v -0.173087 0.112238 0.435418
v -0.141248 0.117937 0.443282
v -0.119345 0.090487 0.444373
v -0.117272 0.093148 0.445296
v -0.115110 0.095952 0.447038
v -0.113535 0.098154 0.449410
v -0.117977 0.108762 0.451101
v -0.121111 0.111758 0.449645
v -0.118410 0.096525 0.445234
v -0.146196 0.110603 0.439912
v -0.141541 0.108934 0.440601
v -0.143339 0.112833 0.440772
v -0.135939 0.111688 0.442212
v -0.130665 0.111879 0.443793
v -0.135358 0.114202 0.443048
v -0.138383 0.114647 0.442339
v -0.132154 0.113560 0.443851
v -0.131977 0.116375 0.445447
v -0.135034 0.116985 0.444573
v -0.139820 0.115649 0.442335
v -0.138298 0.117105 0.443499
v -0.148219 0.113147 0.439926
v -0.143094 0.116312 0.441789
v -0.145146 0.115279 0.440975
v -0.147697 0.116820 0.441117
v -0.119747 0.094512 0.444490
v -0.122138 0.092857 0.443747
v -0.120104 0.098975 0.444905
v -0.123771 0.102949 0.444189
v -0.126260 0.100387 0.443206
v -0.126503 0.104749 0.443610
v -0.115827 0.100385 0.447868
v -0.116967 0.098658 0.446429
v -0.118705 0.101294 0.446060
v -0.120531 0.103600 0.445671
v -0.122518 0.105454 0.445196
v -0.117596 0.103147 0.447452
v -0.119451 0.105572 0.447014
v -0.121399 0.107676 0.446551
v -0.124520 0.107153 0.444767
v -0.128733 0.107723 0.443426
v -0.126613 0.108579 0.444315
v -0.128336 0.110942 0.444337
v -0.123444 0.109473 0.446060
v -0.125596 0.110976 0.445537
v -0.114700 0.102035 0.450199
v -0.116525 0.104986 0.449699
v -0.117980 0.106827 0.449157
v -0.120101 0.109257 0.448557
v -0.122110 0.110884 0.447787
v -0.127344 0.113686 0.446013
v -0.130129 0.114711 0.445200
v -0.124605 0.113201 0.447479
v -0.127591 0.115818 0.447558
v -0.112228 0.100825 0.455679
v -0.112637 0.102132 0.464303
v -0.114873 0.104850 0.471817
v -0.116542 0.107938 0.470674
v -0.118909 0.111501 0.469231
v -0.123432 0.116191 0.466030
v -0.129764 0.119637 0.461799
v -0.133278 0.120549 0.460471
v -0.116377 0.109066 0.459759
v -0.118580 0.111952 0.458721
v -0.124173 0.116230 0.452594
v -0.121237 0.114550 0.456676
v -0.122450 0.115339 0.454423
v -0.119153 0.112047 0.454613
v -0.118163 0.111067 0.455823
v -0.120251 0.112721 0.453113
v -0.123793 0.114588 0.449832
v -0.122122 0.114106 0.451764
v -0.118476 0.110430 0.452665
v -0.113500 0.104049 0.458175
v -0.113661 0.104482 0.461026
v -0.114994 0.106876 0.460405
v -0.116211 0.108455 0.456412
v -0.114826 0.106287 0.456970
v -0.113486 0.103636 0.456194
v -0.114864 0.105662 0.454475
v -0.116085 0.106948 0.452869
v -0.113687 0.102761 0.453223
v -0.115161 0.104639 0.451781
v -0.124553 0.117287 0.460314
v -0.125717 0.117782 0.464350
v -0.122056 0.115442 0.462752
v -0.120946 0.113995 0.467404
v -0.116662 0.109412 0.462655
v -0.117054 0.109656 0.465709
v -0.120335 0.113858 0.462530
v -0.118104 0.111412 0.461894
v -0.121500 0.114962 0.459236
v -0.114364 0.105032 0.467288
v -0.115683 0.107447 0.466516
v -0.155348 0.119807 0.443697
v -0.151998 0.120632 0.446314
v -0.148844 0.120947 0.447663
v -0.152026 0.120177 0.444625
v -0.153763 0.118847 0.442026
v -0.148211 0.120149 0.444850
v -0.140266 0.121307 0.451919
v -0.142734 0.121247 0.449965
v -0.137995 0.121240 0.454416
v -0.134790 0.120848 0.454596
v -0.130213 0.119856 0.459234
v -0.127624 0.118778 0.463165
v -0.127479 0.118853 0.458190
v -0.131422 0.120169 0.456197
v -0.129226 0.119457 0.455701
v -0.133937 0.120442 0.452042
v -0.130487 0.119415 0.452161
v -0.124793 0.117390 0.457230
v -0.136279 0.120609 0.450382
v -0.149524 0.119212 0.442878
v -0.141048 0.120590 0.447451
v -0.144450 0.120844 0.447354
v -0.138862 0.120815 0.449291
v -0.144717 0.120107 0.445096
v -0.126034 0.117798 0.454538
v -0.128109 0.118373 0.451795
v -0.133205 0.119594 0.449298
v -0.126501 0.117062 0.450634
v -0.145103 0.118448 0.442721
v -0.137678 0.119739 0.446651
v -0.138765 0.118863 0.444848
v -0.135184 0.119147 0.446908
v -0.130905 0.117673 0.447445
v -0.115906 0.115876 0.474546
v -0.109805 0.135651 0.470615
v -0.118395 0.118751 0.473379
v -0.088481 0.128446 0.476199
v -0.093952 0.132183 0.474288
v -0.104934 0.091508 0.482650
v -0.112556 0.110758 0.476432
v -0.107597 0.099644 0.480121
v -0.106219 0.095662 0.481372
v -0.107375 0.084036 0.477815
v -0.110009 0.092715 0.475875
v -0.110871 0.095523 0.474328
v -0.112731 0.100158 0.473447
v -0.100109 0.074992 0.490952
v -0.105001 0.068801 0.487951
v -0.106032 0.077326 0.481483
v -0.106641 0.080446 0.479924
v -0.105328 0.072445 0.484758
v -0.117371 -0.066145 0.444501
v -0.118056 -0.062959 0.444373
v -0.170460 -0.108813 0.435585
v -0.167986 0.103197 0.435744
v -0.168302 0.100134 0.435594
v -0.154833 0.063378 0.437861
v -0.148365 0.000000 0.439018
v -0.147739 0.060407 0.439130
v -0.151048 0.061673 0.438539
v -0.168302 -0.100134 0.435594
v -0.167986 -0.103197 0.435744
v -0.154833 -0.063378 0.437861
v -0.151048 -0.061674 0.438539
v -0.147739 -0.060407 0.439130
v -0.119732 -0.055133 0.444077
v -0.150947 -0.112270 0.439314
v -0.132656 -0.116671 0.445377
v -0.136651 -0.117473 0.444403
v -0.141108 -0.117234 0.442775
v -0.114031 -0.097430 0.448490
v -0.115412 -0.095548 0.446695
v -0.113026 -0.098951 0.450641
v -0.115594 -0.104824 0.451064
v -0.117491 -0.107678 0.450730
v -0.119363 -0.090464 0.444364
v -0.117272 -0.093148 0.445296
v -0.151700 -0.108834 0.438854
v -0.130456 -0.109999 0.443365
v -0.118031 -0.097085 0.445528
v -0.129916 -0.112112 0.444110
v -0.146063 -0.111371 0.440035
v -0.141024 -0.111591 0.441019
v -0.135939 -0.111690 0.442212
v -0.140658 -0.113917 0.441579
v -0.147504 -0.114213 0.440310
v -0.143073 -0.115413 0.441443
v -0.129437 -0.114622 0.445522
v -0.132745 -0.113863 0.443753
v -0.137968 -0.114485 0.442402
v -0.123771 -0.102949 0.444189
v -0.118307 -0.100591 0.446125
v -0.116375 -0.099545 0.447100
v -0.120867 -0.102072 0.445146
v -0.121735 -0.105836 0.445724
v -0.119080 -0.104335 0.446865
v -0.116849 -0.102995 0.448092
v -0.114745 -0.101811 0.450071
v -0.119309 -0.107352 0.448098
v -0.121219 -0.109067 0.447395
v -0.127037 -0.104532 0.443419
v -0.123416 -0.107498 0.445360
v -0.126233 -0.108408 0.444406
v -0.128614 -0.110219 0.444002
v -0.123820 -0.110225 0.446216
v -0.121829 -0.111253 0.448367
v -0.123734 -0.113002 0.448013
v -0.126304 -0.111495 0.445469
v -0.126854 -0.113713 0.446342
v -0.119747 -0.094512 0.444490
v -0.122138 -0.092857 0.443747
v -0.125558 -0.096124 0.443136
v -0.124381 -0.098869 0.443550
v -0.159055 -0.118886 0.441708
v -0.175960 -0.113883 0.435034
v -0.173155 -0.115413 0.436117
v -0.159972 -0.110185 0.437640
v -0.157709 -0.106761 0.437735
v -0.153992 -0.112128 0.438850
v -0.157190 -0.112281 0.438397
v -0.170160 -0.112445 0.436071
v -0.173087 -0.112238 0.435418
v -0.165459 -0.111561 0.436866
v -0.163554 -0.117634 0.439602
v -0.160627 -0.116972 0.439642
v -0.167741 -0.116090 0.437756
v -0.170134 -0.116624 0.437399
v -0.162356 -0.113762 0.437874
v -0.164842 -0.115475 0.438080
v -0.157127 -0.117076 0.440073
v -0.154589 -0.115643 0.439675
v -0.157905 -0.115031 0.438967
v -0.159687 -0.112895 0.438109
v -0.155823 -0.113304 0.438778
v -0.151270 -0.115905 0.440226
v -0.165595 -0.123243 0.442276
v -0.163160 -0.124072 0.444041
v -0.167907 -0.122363 0.440628
v -0.170741 -0.121104 0.438664
v -0.174095 -0.119063 0.436469
v -0.177007 -0.116309 0.434700
v -0.177543 -0.113292 0.434290
v -0.160007 -0.124936 0.446376
v -0.153593 -0.126176 0.451213
v -0.149271 -0.120951 0.447688
v -0.150312 -0.126512 0.453728
v -0.147143 -0.121271 0.450148
v -0.147005 -0.126680 0.456283
v -0.141989 -0.121430 0.454011
v -0.144949 -0.126683 0.457882
v -0.142020 -0.126584 0.460170
v -0.138826 -0.121317 0.455759
v -0.139187 -0.126327 0.462399
v -0.137026 -0.126034 0.464108
v -0.133889 -0.120663 0.460624
v -0.112638 -0.102134 0.464318
v -0.112209 -0.101217 0.457513
v -0.112396 -0.100252 0.453730
v -0.130660 -0.119903 0.461664
v -0.127646 -0.118727 0.464013
v -0.123778 -0.116479 0.465839
v -0.121780 -0.114818 0.466938
v -0.117035 -0.108767 0.470354
v -0.115397 -0.105883 0.471444
v -0.113821 -0.102741 0.472316
v -0.125449 -0.117512 0.454658
v -0.113667 -0.104491 0.461096
v -0.128568 -0.118772 0.452515
v -0.123306 -0.115638 0.453022
v -0.126754 -0.117326 0.450889
v -0.130373 -0.119034 0.450732
v -0.135692 -0.120095 0.448751
v -0.132366 -0.119152 0.448999
v -0.125047 -0.115534 0.449736
v -0.135067 -0.118738 0.446319
v -0.128629 -0.116862 0.448013
v -0.142875 -0.120009 0.445469
v -0.145473 -0.119991 0.444734
v -0.151031 -0.119062 0.442693
v -0.139884 -0.119350 0.445331
v -0.148965 -0.117544 0.441282
v -0.145636 -0.117975 0.442289
v -0.127923 -0.119005 0.461164
v -0.131713 -0.120244 0.456646
v -0.135767 -0.121011 0.456837
v -0.140276 -0.121309 0.451938
v -0.137130 -0.121030 0.452475
v -0.151897 -0.120634 0.446251
v -0.143282 -0.121325 0.450866
v -0.153613 -0.120285 0.444997
v -0.125938 -0.118087 0.458217
v -0.128977 -0.119350 0.455643
v -0.128341 -0.119213 0.458061
v -0.134171 -0.120573 0.452764
v -0.130272 -0.119652 0.453860
v -0.145427 -0.121094 0.448433
v -0.141504 -0.120876 0.448182
v -0.147443 -0.120734 0.446421
v -0.155340 -0.118972 0.442247
v -0.138545 -0.120568 0.448612
v -0.148497 -0.120059 0.444511
v -0.115289 -0.107216 0.463435
v -0.114370 -0.105034 0.467328
v -0.115688 -0.107450 0.466554
v -0.116668 -0.109418 0.462709
v -0.117059 -0.109659 0.465746
v -0.118499 -0.111664 0.464897
v -0.115000 -0.106885 0.460474
v -0.116383 -0.109076 0.459826
v -0.117827 -0.111066 0.459145
v -0.119071 -0.112564 0.460949
v -0.120019 -0.113470 0.463997
v -0.120179 -0.113165 0.467838
v -0.121235 -0.114701 0.462658
v -0.124009 -0.116947 0.461046
v -0.125575 -0.117706 0.464437
v -0.120145 -0.113659 0.458043
v -0.121757 -0.115240 0.459531
v -0.123511 -0.116561 0.457720
v -0.113568 -0.103165 0.454456
v -0.118815 -0.111829 0.455772
v -0.113490 -0.103933 0.457588
v -0.114827 -0.106304 0.457051
v -0.116213 -0.108473 0.456492
v -0.121651 -0.114793 0.455440
v -0.119946 -0.112859 0.454373
v -0.117172 -0.109426 0.454681
v -0.114905 -0.105502 0.453994
v -0.116342 -0.107398 0.452820
v -0.118474 -0.110416 0.452597
v -0.121823 -0.113529 0.451198
v -0.120905 -0.112341 0.450684
v -0.119660 -0.110319 0.450115
v -0.118776 -0.111446 0.468693
v -0.133951 -0.125690 0.466279
v -0.129773 -0.124848 0.468672
v -0.126487 -0.123794 0.470205
v -0.122517 -0.121925 0.471784
v -0.119436 -0.119757 0.472942
v -0.139649 -0.133333 0.461562
v -0.152820 -0.131889 0.451461
v -0.143691 -0.133049 0.458420
v -0.159995 -0.131376 0.445928
v -0.170842 -0.130607 0.437734
v -0.177754 -0.129980 0.432681
v -0.184018 -0.129015 0.428210
v -0.192583 -0.103184 0.422545
v -0.186644 -0.128241 0.426366
v -0.167948 -0.130902 0.439892
v -0.164685 -0.131630 0.442265
v -0.156291 -0.132392 0.448646
v -0.127728 -0.134870 0.467470
v -0.124723 -0.135175 0.468105
v -0.117019 -0.117280 0.473994
v -0.115506 -0.115378 0.474743
v -0.113741 -0.112765 0.475715
v -0.110309 -0.106283 0.477961
v -0.112149 -0.098785 0.473763
v -0.109022 -0.089947 0.476008
v -0.072240 -0.107328 0.470190
v -0.076247 -0.107829 0.469588
v -0.077943 -0.107846 0.473681
v -0.079952 -0.107900 0.475011
v -0.100795 -0.100481 0.473483
v -0.099608 -0.103418 0.473059
v -0.096735 -0.106455 0.472821
v -0.093111 -0.107849 0.473170
v -0.102101 -0.100766 0.480559
v -0.098017 -0.106758 0.479807
v -0.094076 -0.108147 0.480091
v -0.101897 -0.102703 0.480352
v -0.100708 -0.104075 0.479952
v -0.102896 -0.086239 0.484139
v -0.076148 -0.108067 0.483238
v -0.087058 -0.127015 0.476812
v -0.082780 -0.121765 0.478890
v -0.079784 -0.117084 0.480602
v -0.081329 -0.119447 0.479733
v -0.076701 -0.111814 0.482479
v -0.102064 -0.079010 0.487347
v -0.103030 -0.081930 0.485606
v -0.101633 -0.082496 0.478027
v -0.106808 -0.081170 0.479637
v -0.105959 -0.076901 0.481726
v -0.105397 -0.073125 0.484198
v -0.100414 -0.076420 0.489673
v -0.105053 -0.069567 0.487213
v -0.100168 -0.074496 0.491408
v -0.096637 -0.074780 0.491729
v -0.078519 -0.074618 0.495085
v -0.101230 -0.079977 0.479292
v -0.100307 -0.077925 0.480505
v -0.098481 -0.076076 0.482108
v -0.096122 -0.074867 0.483381
v -0.094189 -0.074594 0.483996
v -0.072569 -0.076331 0.486536
v -0.075995 -0.074897 0.487005
v -0.075825 -0.075310 0.494947
v -0.067998 -0.074803 0.496791
v -0.103162 -0.070007 0.492815
v -0.104341 -0.065438 0.488517
v -0.101981 -0.051533 0.490527
v -0.099369 -0.029869 0.492724
v -0.098780 -0.022587 0.493215
v -0.098120 -0.009855 0.493765
v -0.098126 0.010048 0.493759
v -0.099678 0.033108 0.492465
v -0.103714 0.062053 0.489054
v -0.094832 0.000000 0.456792
v -0.095168 -0.007978 0.456026
v -0.094721 0.000000 0.472420
v -0.100942 -0.059962 0.455518
v -0.094325 0.000000 0.467589
v -0.094206 0.000000 0.463190
v -0.096652 -0.031495 0.456286
v -0.098759 -0.046214 0.455280
v -0.094329 -0.008077 0.463147
v -0.094416 0.000000 0.459303
v -0.095325 -0.015939 0.456657
v -0.094542 -0.008035 0.459265
v -0.095595 -0.023872 0.458131
v -0.094683 -0.016106 0.463024
v -0.096219 -0.031660 0.458756
v -0.098081 -0.046605 0.459056
v -0.096882 -0.039434 0.462248
v -0.100320 -0.060540 0.460097
v -0.096965 -0.039593 0.466510
v -0.096020 -0.031792 0.461580
v -0.094794 -0.016168 0.467399
v -0.095183 -0.016210 0.472204
v -0.100338 -0.060892 0.465110
v -0.097987 -0.046992 0.466088
v -0.098339 -0.047125 0.470707
v -0.108028 -0.087313 0.452690
v -0.104977 -0.077584 0.453947
v -0.103289 -0.072380 0.455820
v -0.105929 -0.083426 0.456488
v -0.102952 -0.072885 0.459171
v -0.109571 -0.091680 0.452253
v -0.109075 -0.092511 0.454700
v -0.110834 -0.096320 0.453542
v -0.105777 -0.083853 0.459013
v -0.108902 -0.093046 0.457045
v -0.110499 -0.097323 0.457256
v -0.105844 -0.084288 0.462774
v -0.103295 -0.073590 0.468311
v -0.102971 -0.073344 0.463999
v -0.106163 -0.084598 0.466902
v -0.108945 -0.093728 0.461441
v -0.110541 -0.097755 0.459844
v -0.110882 -0.098288 0.464557
v -0.109256 -0.094100 0.465368
v -0.097120 -0.024258 0.482457
v -0.096590 -0.016250 0.482784
v -0.108196 -0.089767 0.470471
v -0.106685 -0.084805 0.471328
v -0.107489 -0.084724 0.477203
v -0.100938 0.059945 0.455263
v -0.110882 0.098287 0.464557
v -0.106541 0.082572 0.453112
v -0.110541 0.097755 0.459844
v -0.109571 0.091679 0.452253
v -0.110529 0.097148 0.456459
v -0.111718 0.098028 0.452831
v -0.109005 0.092697 0.455463
v -0.108870 0.093207 0.457864
v -0.107439 0.088248 0.455985
v -0.108028 0.087313 0.452690
v -0.105929 0.083425 0.456488
v -0.105777 0.083853 0.459013
v -0.108945 0.093728 0.461441
v -0.109256 0.094100 0.465368
v -0.105844 0.084288 0.462774
v -0.106163 0.084597 0.466902
v -0.102971 0.073344 0.463999
v -0.104977 0.077584 0.453947
v -0.103289 0.072380 0.455820
v -0.100450 0.060358 0.458292
v -0.100276 0.060624 0.461030
v -0.100338 0.060892 0.465110
v -0.103295 0.073590 0.468311
v -0.108818 0.089306 0.476076
v -0.100672 0.061079 0.469586
v -0.098339 0.047125 0.470707
v -0.098567 0.046304 0.455934
v -0.098081 0.046605 0.459056
v -0.096138 0.031706 0.459675
v -0.095983 0.031832 0.462566
v -0.096882 0.039434 0.462248
v -0.097987 0.046992 0.466088
v -0.096077 0.031958 0.466875
v -0.096449 0.032044 0.471606
v -0.095325 0.015939 0.456657
v -0.094901 0.016021 0.459157
v -0.094683 0.016106 0.463024
v -0.094329 0.008077 0.463147
v -0.094542 0.008034 0.459265
v -0.094794 0.016168 0.467399
v -0.095183 0.016210 0.472204
v -0.096257 0.008148 0.482989
v -0.096590 0.016249 0.482784
v -0.112758 0.067305 0.445539
v -0.114519 0.086478 0.445790
v -0.108312 0.056832 0.446703
v -0.109601 0.068527 0.446735
v -0.102755 0.015211 0.447727
v -0.105638 0.057719 0.448110
v -0.112547 0.088310 0.447167
v -0.107194 0.069699 0.448288
v -0.103420 0.058626 0.450145
v -0.112446 0.093892 0.448803
v -0.110894 0.090035 0.449173
v -0.109107 0.086091 0.449976
v -0.111484 0.095174 0.450718
v -0.105253 0.070845 0.450512
v -0.101783 0.059429 0.452755
v -0.103889 0.071820 0.453332
v -0.101355 0.030443 0.448954
v -0.101072 0.045337 0.450661
v -0.099091 0.030877 0.451091
v -0.099592 0.007734 0.449298
v -0.097723 0.015634 0.451386
v -0.097946 0.000000 0.450670
v -0.097345 0.007841 0.451467
v -0.099416 0.045926 0.453349
v -0.096156 0.015816 0.453997
v -0.095869 0.000000 0.453658
v -0.099592 -0.007734 0.449298
v -0.102809 -0.022750 0.447883
v -0.106075 -0.044028 0.447117
v -0.107790 -0.057000 0.446955
v -0.099975 -0.015419 0.449223
v -0.098094 -0.015594 0.450895
v -0.099428 -0.023160 0.450037
v -0.100791 -0.030547 0.449429
v -0.095988 -0.007919 0.453609
v -0.096453 -0.015779 0.453400
v -0.097582 -0.023448 0.452252
v -0.098354 -0.031037 0.452078
v -0.096371 -0.023681 0.454866
v -0.097244 -0.031316 0.454315
v -0.101072 -0.045337 0.450661
v -0.103331 -0.044675 0.448566
v -0.104518 -0.058154 0.448990
v -0.099687 -0.045817 0.452725
v -0.102430 -0.059093 0.451534
v -0.110113 -0.068315 0.446517
v -0.113668 -0.077373 0.445596
v -0.114519 -0.086478 0.445790
v -0.110688 -0.079139 0.447037
v -0.106895 -0.069867 0.448575
v -0.108943 -0.080400 0.448558
v -0.104924 -0.071057 0.450993
v -0.103889 -0.071820 0.453332
v -0.112547 -0.088310 0.447167
v -0.109107 -0.086091 0.449976
v -0.110894 -0.090035 0.449173
v -0.112446 -0.093892 0.448803
v -0.111484 -0.095174 0.450718
v -0.103162 0.070007 0.492815
v -0.096181 0.010245 0.498637
v -0.097444 -0.030412 0.497598
v -0.097929 -0.072110 0.494204
v -0.094683 -0.070831 0.496325
v -0.048013 -0.064974 0.517673
v -0.041393 -0.064997 0.518716
v -0.055508 -0.065055 0.515931
v -0.016060 -0.065896 0.519629
v -0.069543 -0.065729 0.510748
v -0.026850 -0.065330 0.519746
v -0.066129 -0.065476 0.512246
v -0.074067 -0.066175 0.508562
v -0.009853 -0.066076 0.519927
v -0.081023 -0.067206 0.504763
v -0.084295 -0.067859 0.502838
v -0.087899 -0.068720 0.500641
v -0.091354 -0.069708 0.498468
v -0.043927 -0.065250 0.517179
v -0.090299 -0.064532 0.502218
v -0.079833 -0.062103 0.509138
v -0.076243 -0.061560 0.511264
v -0.071792 -0.060474 0.513677
v -0.067954 -0.060996 0.515507
v -0.100032 0.068350 0.495152
v -0.094917 0.070624 0.496521
v -0.097655 0.071994 0.494384
v -0.030129 0.072780 0.505451
v -0.027592 0.071845 0.506933
v -0.031782 0.065170 0.519567
v -0.041657 0.064995 0.518676
v -0.027344 0.065311 0.519736
v -0.060958 0.065214 0.514225
v -0.050326 0.064985 0.517204
v -0.065283 0.065426 0.512589
v -0.073407 0.066100 0.508897
v -0.069782 0.065746 0.510644
v -0.018282 0.065752 0.519705
v -0.013010 0.066451 0.518629
v -0.080800 0.067166 0.504891
v -0.087793 0.068692 0.500706
v -0.013992 0.067349 0.516297
v -0.091133 0.069639 0.498609
v -0.019667 0.069160 0.511971
v -0.046681 0.065182 0.516958
v -0.067087 0.060682 0.515904
v -0.075560 0.061471 0.511651
v -0.079286 0.062012 0.509472
v -0.083139 0.062726 0.507051
v -0.093543 0.065599 0.499915
v -0.067275 -0.009963 0.516591
v -0.069355 -0.012316 0.515590
v -0.072039 0.060204 0.513562
v -0.008153 0.061949 0.522427
v -0.003211 0.063788 0.521562
v -0.012965 0.061489 0.522891
v -0.017734 0.061119 0.523247
v -0.022463 0.060830 0.523478
v -0.031761 0.060453 0.523469
v -0.036325 0.060335 0.523232
v -0.043364 0.060223 0.522539
v -0.047328 0.060199 0.521927
v -0.051240 0.060204 0.521142
v -0.055080 0.060240 0.520200
v -0.062524 0.060442 0.517780
v -0.060545 -0.060367 0.518505
v -0.056742 -0.060268 0.519730
v -0.052836 -0.060214 0.520777
v -0.048794 -0.060196 0.521659
v -0.044585 -0.060213 0.522370
v -0.041818 -0.060243 0.522717
v -0.037279 -0.060315 0.523164
v -0.026624 -0.060638 0.523541
v -0.015439 -0.061289 0.523087
v -0.009600 -0.061795 0.522581
v -0.003667 -0.062453 0.521922
v -0.003719 -0.064644 0.521316
v 0.004590 0.062905 0.520799
v -0.036885 -0.026999 0.524092
v -0.032727 -0.032960 0.524212
v -0.044041 -0.005505 0.523542
v -0.043625 -0.008644 0.523587
v -0.043020 -0.011688 0.523649
v -0.041826 -0.016024 0.523761
v -0.043659 0.008397 0.523583
v -0.043078 0.011460 0.523643
v -0.044057 0.005280 0.523540
v -0.044272 0.002158 0.523517
v -0.044791 -0.000640 0.523433
v -0.041296 0.017988 0.523802
v -0.036929 0.026929 0.524091
v -0.038833 0.023393 0.523986
v -0.040220 0.020393 0.523892
v -0.032785 0.032885 0.524210
v -0.035043 0.029881 0.524164
v 0.007192 0.052479 0.520666
v 0.003857 0.052321 0.521171
v 0.000778 0.051986 0.521609
v -0.004639 0.050909 0.522321
v -0.008947 0.049625 0.522832
v -0.014688 0.047260 0.523419
v -0.021333 0.043448 0.523926
v -0.026574 0.039375 0.524156
v -0.029055 0.037057 0.524210
v -0.028400 -0.037683 0.524198
v -0.021937 -0.043024 0.523960
v -0.025601 -0.040241 0.524130
v -0.017629 -0.045762 0.523675
v -0.015311 -0.046969 0.523477
v -0.011654 -0.048642 0.523129
v -0.004551 -0.050936 0.522311
v 0.001012 -0.052011 0.521576
v -0.001949 -0.051531 0.521978
v 0.008052 -0.052506 0.520527
v -0.064041 0.000000 0.518012
v -0.031431 -0.035848 0.524190
v -0.041130 -0.018840 0.523811
v -0.031504 0.035314 0.524200
v -0.039395 0.000000 0.519280
v -0.037706 -0.012554 0.519360
v -0.038328 -0.009958 0.519333
v -0.031200 -0.026671 0.519476
v -0.029491 -0.029024 0.519456
v -0.021623 -0.037018 0.519129
v 0.001578 0.047108 0.516006
v -0.007098 0.044989 0.517720
v -0.020656 0.037786 0.519066
v -0.031125 0.026788 0.518968
v -0.033042 0.023656 0.519470
v -0.038719 0.007846 0.519313
v -0.039294 0.002944 0.519284
v 0.005930 0.047660 0.514833
v -0.029521 0.029231 0.518398
v -0.039181 0.005808 0.518380
v -0.039323 -0.005358 0.518368
v -0.039438 -0.002927 0.518155
v -0.034596 -0.021017 0.518408
v -0.032724 -0.024618 0.518373
v -0.014703 -0.041802 0.517780
v -0.011849 -0.043319 0.516988
v 0.000188 -0.046962 0.515973
v 0.005792 -0.047443 0.515338
v -0.003908 -0.046244 0.515935
v -0.023432 -0.035894 0.517826
v -0.030451 -0.028314 0.517738
v -0.038231 -0.011857 0.517593
v -0.039206 -0.007584 0.517357
v -0.039904 -0.000121 0.517252
v -0.039814 0.002865 0.517219
v -0.031689 0.027321 0.517282
v 0.008110 -0.047744 0.514314
v 0.003703 -0.047536 0.514933
v -0.008420 -0.044733 0.516902
v -0.017796 -0.040055 0.517711
v -0.019467 -0.038911 0.517440
v -0.025606 -0.033745 0.518185
v -0.027373 -0.031948 0.518139
v -0.035852 -0.018532 0.518219
v -0.036967 -0.015533 0.518223
v -0.038563 0.009675 0.518235
v -0.037805 0.012853 0.518415
v -0.036960 0.015728 0.518184
v -0.035690 0.019165 0.517968
v -0.034752 0.020990 0.518439
v -0.033215 0.024130 0.517996
v -0.026957 0.032241 0.518420
v -0.024777 0.034742 0.517961
v -0.022499 0.036659 0.517794
v -0.019286 0.039375 0.517171
v -0.016870 0.040754 0.517777
v -0.011897 0.043315 0.517146
v -0.009163 0.044495 0.516877
v -0.004953 0.045804 0.516312
v -0.002260 0.046632 0.515925
v 0.003153 0.047619 0.514951
vn 0.9875 -0.0972 0.1239
vn 0.9757 -0.0980 0.1959
vn 0.6398 0.5576 0.5289
vn 0.6152 0.5750 0.5393
vn 0.5397 0.6716 0.5077
vn 0.5937 0.5655 0.5725
vn 0.9792 -0.1640 0.1196
vn 0.9672 -0.1641 0.1940
vn -0.9735 0.1551 -0.1681
vn -0.9748 0.1438 -0.1707
vn -0.9732 0.1514 -0.1734
vn -0.9602 0.1990 -0.1958
vn 0.9666 -0.2273 0.1184
vn 0.9675 -0.2251 0.1150
vn 0.8153 -0.3164 0.4849
vn 0.8155 -0.3130 0.4868
vn 0.8169 -0.3160 0.4825
vn 0.8152 -0.3143 0.4865
vn -0.2478 -0.1145 0.9620
vn -0.9940 0.1097 0.0026
vn -0.9733 -0.0358 -0.2269
vn -0.9853 0.0127 -0.1705
vn -0.9847 -0.0074 -0.1741
vn -0.5823 -0.2158 0.7838
vn -0.3487 -0.0010 -0.9372
vn -0.3568 0.0021 -0.9342
vn -0.2890 -0.0517 -0.9559
vn -0.3533 -0.0013 -0.9355
vn 0.9929 0.0925 -0.0743
vn 0.9954 0.0939 -0.0210
vn 0.9943 -0.0958 0.0469
vn -0.8636 0.0005 -0.5042
vn 0.9858 -0.1627 0.0405
vn 0.3460 -0.7831 0.5167
vn 0.2390 -0.8509 0.4678
vn 0.1612 -0.6855 0.7100
vn 0.1562 -0.6819 0.7146
vn 0.0939 -0.6997 0.7082
vn 0.9743 -0.2222 0.0366
vn 0.9742 -0.2237 0.0312
vn 0.1171 -0.0474 0.9920
vn -0.7488 -0.5955 0.2909
vn -0.7352 -0.6153 0.2844
vn -0.7652 -0.5784 0.2826
vn -0.7558 -0.5856 0.2929
vn -0.7273 -0.6198 0.2948
vn -0.7084 -0.6327 0.3128
vn -0.7492 -0.5952 0.2904
vn -0.7592 -0.5818 0.2919
vn -0.7458 -0.6063 0.2760
vn -0.8328 -0.4409 0.3348
vn -0.8381 -0.4400 0.3225
vn -0.8387 -0.4382 0.3233
vn 0.9865 -0.1611 -0.0292
vn 0.9740 0.2244 0.0326
vn 0.9858 0.1627 0.0405
vn -0.6161 -0.6973 0.3664
vn -0.6176 -0.7014 0.3558
vn -0.6212 -0.6919 0.3679
vn -0.6424 -0.6819 0.3497
vn -0.6369 -0.6820 0.3595
vn -0.6351 -0.6899 0.3475
vn 0.9943 0.0958 0.0469
vn 0.7783 0.5983 0.1906
vn 0.9987 -0.0000 0.0502
vn 0.9677 0.2265 0.1107
vn 0.9676 0.2293 0.1057
vn 0.9548 0.2273 0.1916
vn 0.9792 0.1640 0.1196
vn 0.9875 0.0972 0.1239
vn 0.9672 0.1641 0.1940
vn 0.9757 0.0980 0.1959
vn 0.9920 -0.0000 0.1263
vn 0.9804 -0.0000 0.1973
vn -0.4930 -0.1998 0.8468
vn -0.5443 -0.2049 0.8135
vn -0.5884 -0.1072 0.8014
vn -0.6200 -0.2511 0.7433
vn -0.5897 -0.2840 0.7560
vn -0.7753 0.4774 0.4134
vn 0.9445 -0.2737 -0.1816
vn 0.9449 -0.2752 -0.1772
vn 0.9452 -0.2759 -0.1743
vn -0.4677 0.0710 0.8810
vn -0.0315 0.4481 0.8934
vn -0.3395 0.7555 0.5604
vn -0.4284 -0.3152 0.8468
vn -0.4584 0.1150 0.8813
vn -0.3570 -0.2473 0.9008
vn -0.4512 -0.2682 0.8512
vn -0.5859 -0.3926 0.7089
vn -0.5065 -0.4133 0.7567
vn -0.4593 -0.3023 0.8353
vn -0.3442 -0.2054 0.9162
vn 0.2511 -0.9145 0.3172
vn 0.4400 -0.8915 0.1079
vn 0.4402 -0.8915 0.1072
vn 0.4045 -0.9096 0.0952
vn 0.5327 -0.6782 0.5063
vn 0.5835 -0.6303 0.5121
vn 0.5926 -0.6317 0.4999
vn 0.5460 -0.6503 0.5282
vn 0.2729 -0.9229 -0.2717
vn 0.2567 -0.9182 -0.3016
vn 0.2560 -0.9180 -0.3030
vn 0.2684 -0.9254 -0.2675
vn 0.0652 -0.0365 0.9972
vn 0.2067 -0.5263 0.8248
vn -0.0454 -0.9719 0.2308
vn -0.3619 -0.7389 0.5683
vn -0.9325 0.1928 0.3055
vn -0.9257 0.2124 0.3128
vn -0.9335 0.1886 0.3050
vn 0.0005 -1.0000 -0.0008
vn -0.0062 -1.0000 0.0015
vn -0.0040 -1.0000 -0.0011
vn -0.0027 -1.0000 -0.0044
vn 0.9240 0.2411 0.2968
vn 0.9243 0.2402 0.2967
vn 0.9240 0.2412 0.2968
vn 0.9265 0.2329 0.2956
vn 0.0185 -0.7068 0.7072
vn -0.1622 -0.8748 0.4566
vn -0.1936 -0.8810 0.4316
vn -0.2019 -0.8652 0.4591
vn 0.0974 -0.7669 0.6343
vn -0.1515 0.5956 0.7889
vn 0.4027 0.5831 0.7056
vn 0.3873 0.5869 0.7110
vn 0.3880 0.5937 0.7050
vn -0.0222 0.1135 0.9933
vn 0.3138 0.9424 -0.1156
vn 0.3079 0.9448 -0.1120
vn 0.3648 0.9163 -0.1651
vn 0.2009 0.9661 -0.1621
vn 0.3439 0.9295 -0.1335
vn 0.3162 0.9406 -0.1240
vn 0.3461 0.9316 -0.1114
vn 0.3295 0.9363 -0.1213
vn 0.3151 0.9421 -0.1146
vn 0.3088 0.9443 -0.1136
vn 0.9403 -0.1793 0.2894
vn 0.9331 -0.2078 0.2934
vn 0.9430 -0.1933 0.2709
vn 0.9295 -0.2264 0.2912
vn 0.9230 -0.2445 0.2972
vn 0.9227 -0.2491 0.2944
vn 0.9349 -0.1627 0.3155
vn 0.9250 -0.2378 0.2963
vn 0.9250 -0.2378 0.2964
vn 0.2571 0.9359 -0.2409
vn 0.2556 0.9361 -0.2415
vn 0.2585 0.9337 -0.2480
vn 0.2593 0.9334 -0.2482
vn 0.2582 0.9339 -0.2473
vn 0.2607 0.9336 -0.2456
vn 0.2211 0.9433 -0.2477
vn 0.2241 0.9430 -0.2461
vn -0.1837 0.9824 -0.0328
vn -0.1661 0.9857 -0.0291
vn -0.1831 0.9825 -0.0330
vn -0.2398 0.9661 -0.0951
vn -0.2050 0.9778 -0.0435
vn -0.0989 -0.9941 0.0448
vn -0.0928 -0.9948 0.0416
vn -0.0928 -0.9948 0.0410
vn -0.0934 -0.9947 0.0426
vn -0.0975 -0.9943 0.0439
vn -0.0967 -0.9944 0.0437
vn 0.3665 -0.9074 -0.2054
vn 0.3672 -0.9081 -0.2015
vn 0.3663 -0.9081 -0.2029
vn 0.3659 -0.9082 -0.2030
vn 0.7785 -0.6034 -0.1725
vn 0.7793 -0.5873 -0.2188
vn 0.6496 -0.7431 -0.1606
vn 0.4590 -0.8490 -0.2619
vn 0.4764 -0.6008 -0.6419
vn 0.7464 -0.6232 -0.2336
vn 0.7652 -0.5988 -0.2363
vn 0.7785 -0.6035 -0.1723
vn -0.0133 0.9999 -0.0021
vn -0.0099 0.9999 -0.0018
vn 0.0110 -0.9375 0.3478
vn 0.0003 0.3297 0.9441
vn 0.0004 0.3329 0.9430
vn 0.5486 0.3829 0.7432
vn 0.9445 -0.2594 0.2016
vn -0.2669 0.9613 0.0677
vn -0.2662 0.9575 0.1115
vn -0.1815 0.9778 0.1044
vn -0.1313 0.9913 0.0085
vn -0.1624 0.9861 -0.0365
vn -0.8978 0.3770 0.2276
vn -0.8952 0.3825 0.2285
vn -0.8948 0.3830 0.2294
vn -0.1763 -0.0009 -0.9843
vn -0.1806 0.0071 -0.9835
vn -0.1723 -0.0007 -0.9850
vn -0.1795 -0.0023 -0.9838
vn -0.2089 0.0006 -0.9779
vn 0.3961 -0.8100 0.4325
vn 0.3978 -0.8221 0.4072
vn 0.3936 -0.7970 0.4581
vn 0.4130 -0.7586 0.5039
vn -0.2528 0.4897 0.8344
vn -0.2085 0.7914 0.5747
vn -0.0753 0.9556 0.2848
vn -0.2429 0.7041 0.6672
vn -0.2664 -0.9603 0.0826
vn -0.2676 -0.9603 0.0783
vn -0.2802 -0.9567 0.0787
vn -0.2730 -0.9580 0.0878
vn -0.2778 -0.9574 0.0793
vn 0.2245 -0.9216 -0.3166
vn -0.1901 -0.8284 -0.5269
vn -0.1625 -0.8672 -0.4708
vn -0.1579 -0.8795 -0.4490
vn -0.1552 -0.8863 -0.4364
vn 0.8012 -0.3454 0.4885
vn 0.7850 -0.4197 0.4557
vn 0.7588 -0.5146 0.3992
vn 0.7374 -0.5707 0.3613
vn 0.7606 -0.5610 0.3269
vn 0.7559 -0.5702 0.3216
vn 0.9240 -0.2584 0.2818
vn 0.8395 -0.3638 0.4037
vn 0.7502 -0.5492 0.3683
vn 0.7515 -0.5475 0.3680
vn 0.3857 0.8915 0.2378
vn 0.3854 0.8914 0.2384
vn 0.3755 0.8966 0.2347
vn 0.1461 -0.2575 -0.9552
vn 0.1424 -0.2544 -0.9566
vn 0.1461 -0.2581 -0.9550
vn 0.1524 -0.2556 -0.9547
vn 0.1528 -0.2708 -0.9504
vn -0.8896 -0.1203 0.4405
vn -0.8898 -0.0828 0.4488
vn -0.8907 -0.0829 0.4470
vn 0.2293 -0.9694 0.0882
vn 0.2810 -0.9585 0.0476
vn 0.2799 -0.9590 0.0433
vn 0.3901 -0.9184 0.0662
vn 0.3978 -0.9148 0.0698
vn 0.2938 -0.9540 0.0605
vn 0.0092 0.9376 0.3476
vn -0.8957 -0.3247 -0.3037
vn -0.2624 -0.9626 0.0669
vn -0.2621 -0.9625 0.0696
vn -0.2590 -0.9634 0.0696
vn -0.2550 -0.9650 0.0616
vn 0.2101 -0.6818 -0.7007
vn 0.9539 -0.2287 0.1945
vn 0.9554 -0.2265 0.1897
vn -0.7798 -0.6108 -0.1372
vn -0.6774 -0.7293 0.0966
vn -0.6785 -0.7343 -0.0209
vn -0.7798 -0.6114 -0.1345
vn -0.5717 0.5411 0.6167
vn -0.5560 0.5445 0.6280
vn -0.5718 0.5880 0.5721
vn -0.5171 0.5736 0.6352
vn -0.5706 0.5201 0.6355
vn -0.5616 0.5270 0.6379
vn -0.9094 0.3817 0.1655
vn -0.9112 0.4011 0.0938
vn -0.9464 0.3096 0.0924
vn -0.9330 0.2940 0.2074
vn -0.0955 -0.9921 -0.0816
vn -0.0893 -0.9926 -0.0820
vn -0.0555 -0.9928 -0.1066
vn -0.0513 -0.9917 -0.1181
vn 0.4736 0.8587 -0.1956
vn 0.4708 0.8603 -0.1953
vn 0.4690 0.8622 -0.1913
vn 0.4771 0.8575 -0.1927
vn 0.4664 0.8622 -0.1979
vn 0.4731 0.8589 -0.1963
vn 0.4789 0.8527 -0.2087
vn 0.4662 0.8616 -0.2007
vn 0.4672 0.8611 -0.2006
vn 0.4707 0.8608 -0.1935
vn 0.4748 0.8589 -0.1920
vn 0.4719 0.8610 -0.1896
vn -0.2512 -0.0020 -0.9679
vn -0.2886 -0.0001 -0.9574
vn -0.2511 0.0111 -0.9679
vn 0.5577 0.3047 0.7721
vn 0.0983 0.9886 -0.1140
vn 0.5578 0.8256 -0.0851
vn -0.2824 0.6106 0.7398
vn 0.2751 0.9171 -0.2883
vn 0.2733 0.9184 -0.2859
vn -0.2705 -0.9518 0.1448
vn -0.2854 -0.9480 0.1412
vn -0.4091 -0.8340 0.3703
vn -0.0617 -0.8134 0.5784
vn 0.2036 -0.6336 0.7464
vn 0.2020 -0.6335 0.7469
vn 0.2031 -0.6331 0.7470
vn 0.2032 -0.6348 0.7455
vn 0.2006 -0.6328 0.7479
vn -0.9848 -0.0000 -0.1736
vn -0.9816 0.1527 -0.1148
vn -0.9676 0.2302 -0.1041
vn -0.9528 0.2830 0.1101
vn -0.9703 0.1977 -0.1394
vn -0.9363 0.0494 0.3478
vn -0.9525 0.2828 -0.1129
vn -0.4740 -0.8310 0.2910
vn -0.7322 -0.6804 -0.0308
vn -0.7790 -0.6261 -0.0337
vn -0.8676 -0.4953 -0.0438
vn 0.1585 0.6796 0.7163
vn 0.1628 0.6754 0.7192
vn 0.1455 0.7982 0.5846
vn 0.3826 0.7888 0.4811
vn 0.1530 0.8942 0.4207
vn 0.4402 -0.8799 0.1790
vn 0.3656 -0.8911 0.2688
vn 0.4199 -0.8878 0.1882
vn 0.4529 -0.8675 0.2059
vn 0.2090 -0.9246 -0.3184
vn 0.2075 -0.9257 -0.3162
vn 0.1456 0.8130 -0.5638
vn 0.1553 0.8253 -0.5430
vn 0.1553 0.8252 -0.5430
vn 0.1633 0.8375 -0.5215
vn 0.1634 0.8375 -0.5215
vn 0.1696 0.8481 -0.5019
vn 0.2752 0.9361 -0.2190
vn 0.3854 -0.0002 -0.9228
vn 0.1849 -0.0000 -0.9828
vn 0.1753 -0.0001 -0.9845
vn 0.4172 0.0001 -0.9088
vn 0.7824 -0.5893 0.2016
vn 0.7838 -0.5951 0.1776
vn 0.7838 -0.5951 0.1775
vn 0.7678 -0.5999 0.2250
vn 0.7742 -0.5943 0.2177
vn 0.7743 -0.5942 0.2177
vn 0.1375 0.8067 -0.5748
vn 0.1293 0.8020 -0.5832
vn 0.1350 0.8058 -0.5766
vn 0.1372 0.8069 -0.5745
vn 0.0168 -0.8248 -0.5651
vn 0.0075 -0.8338 -0.5521
vn 0.0057 -0.8192 -0.5735
vn 0.1618 -0.9798 0.1173
vn 0.1578 -0.9800 0.1215
vn 0.1149 -0.9798 0.1638
vn 0.1268 -0.9783 0.1638
vn 0.1802 -0.9653 0.1888
vn 0.1167 -0.9799 0.1616
vn 0.1149 -0.9800 0.1624
vn 0.1190 -0.9794 0.1631
vn 0.1139 -0.9809 0.1580
vn 0.0906 -0.9781 0.1871
vn 0.0961 -0.9754 0.1983
vn 0.1212 -0.9741 0.1909
vn 0.1272 -0.9685 0.2140
vn 0.1179 -0.9793 0.1647
vn 0.1691 -0.9652 0.1996
vn 0.5174 0.6997 0.4926
vn 0.4797 0.7139 0.5101
vn 0.4260 0.8031 0.4166
vn 0.3696 0.8296 0.4186
vn -0.9347 0.2761 -0.2238
vn -0.9741 0.1509 -0.1685
vn -0.9754 0.1393 -0.1707
vn -0.9472 0.2674 -0.1769
vn 0.9869 0.0877 -0.1352
vn 0.9861 0.0862 -0.1419
vn 0.9872 0.0857 -0.1349
vn 0.9879 0.0851 -0.1299
vn 0.9869 0.0876 -0.1352
vn 0.2760 0.8390 0.4689
vn 0.2743 0.8660 0.4182
vn 0.2773 0.8560 0.4364
vn 0.2298 0.9169 0.3264
vn 0.2335 0.8934 0.3839
vn 0.2355 0.9033 0.3585
vn 0.2553 0.8883 0.3818
vn 0.2793 0.8588 0.4295
vn 0.2474 0.8821 0.4009
vn -0.3984 0.8251 0.4006
vn -0.5177 0.7292 0.4475
vn -0.5552 0.7255 0.4068
vn -0.5639 0.6951 0.4460
vn -0.0271 0.9865 -0.1617
vn -0.5172 -0.4521 0.7268
vn -0.0780 -0.4099 0.9088
vn -0.4523 -0.4741 0.7554
vn 0.3222 0.6396 0.6979
vn 0.2599 0.6677 0.6976
vn 0.3190 0.6430 0.6963
vn 0.3699 0.6114 0.6995
vn 0.1270 0.9906 0.0505
vn 0.2752 0.9610 0.0259
vn 0.1979 0.9800 0.0226
vn 0.1885 0.9814 0.0353
vn -0.4107 -0.3604 0.8375
vn -0.3820 -0.3518 0.8546
vn -0.4078 -0.3618 0.8383
vn -0.3070 -0.7072 0.6369
vn -0.3952 -0.3295 0.8574
vn -0.4506 -0.8792 0.1547
vn -0.3786 -0.9053 0.1927
vn -0.3359 -0.9295 0.1522
vn 0.2534 -0.7978 0.5471
vn 0.2522 -0.8018 0.5417
vn 0.2535 -0.7990 0.5453
vn 0.2564 -0.7967 0.5472
vn 0.7866 0.6043 0.1271
vn -0.2072 -0.7816 0.5884
vn -0.2708 -0.7732 0.5734
vn -0.2248 -0.6628 0.7143
vn -0.0128 -0.8517 0.5239
vn -0.1746 -0.7024 0.6900
vn 0.7773 0.5838 0.2343
vn 0.7747 0.5820 0.2472
vn 0.7777 0.5834 0.2343
vn 0.7761 0.5816 0.2439
vn 0.0072 0.9389 -0.3441
vn 0.0134 0.9391 -0.3434
vn 0.0148 0.9373 -0.3482
vn -0.8587 -0.0712 -0.5076
vn -0.8512 -0.0448 -0.5230
vn -0.8640 -0.0296 -0.5027
vn -0.8598 -0.0727 -0.5054
vn -0.8590 -0.0715 -0.5070
vn -0.9133 -0.4037 -0.0539
vn -0.9114 -0.4111 0.0207
vn -0.9386 -0.3449 -0.0040
vn -0.9328 -0.3528 -0.0731
vn -0.4346 -0.3881 0.8127
vn -0.3897 -0.3546 0.8499
vn -0.4506 0.1735 0.8757
vn -0.5615 0.1891 0.8056
vn -0.3760 0.1592 0.9128
vn -0.6979 0.0006 -0.7162
vn -0.7164 -0.0015 -0.6977
vn -0.9757 0.2089 0.0667
vn -0.7178 0.5046 -0.4797
vn -0.7376 0.5437 -0.4004
vn -0.8500 -0.1867 0.4926
vn -0.8720 -0.1618 0.4619
vn -0.8635 -0.1732 0.4737
vn -0.8340 -0.1805 0.5215
vn 0.8443 0.2519 0.4729
vn 0.8446 0.2522 0.4723
vn -0.1036 -0.3566 -0.9285
vn -0.1606 -0.3220 -0.9330
vn -0.0646 -0.3363 -0.9395
vn -0.0643 -0.3441 -0.9367
vn -0.2884 -0.9575 0.0005
vn -0.3769 -0.9263 0.0012
vn -0.4081 -0.9129 0.0059
vn -0.2671 -0.9637 -0.0004
vn -0.6154 0.0182 0.7880
vn -0.5328 -0.0448 0.8450
vn -0.6620 0.0511 0.7478
vn -0.9896 -0.0039 -0.1436
vn -0.9853 0.0020 -0.1709
vn -0.9763 -0.0077 -0.2163
vn -0.9844 0.0025 -0.1760
vn -0.9933 0.0034 -0.1159
vn 0.4875 0.4918 -0.7215
vn 0.5391 0.5375 -0.6484
vn 0.5371 0.5371 -0.6504
vn 0.4913 0.4841 -0.7240
vn -0.6829 0.2826 -0.6736
vn -0.6704 0.3094 -0.6744
vn -0.6862 0.3490 -0.6382
vn -0.7168 0.3209 -0.6191
vn -0.8971 0.4378 -0.0595
vn -0.9161 0.3946 -0.0705
vn -0.9333 0.3516 -0.0725
vn -0.9411 0.3381 0.0038
vn -0.9166 0.3998 -0.0027
vn -0.8905 0.4549 -0.0057
vn 0.8178 0.5568 0.1456
vn 0.8178 0.5572 0.1442
vn 0.8214 0.5519 0.1435
vn 0.8184 0.5560 0.1449
vn 0.8177 0.5577 0.1429
vn 0.8202 0.5529 0.1465
vn 0.8159 0.5602 0.1429
vn 0.4523 0.8652 0.2164
vn 0.4491 0.8684 0.2102
vn 0.4535 0.8649 0.2152
vn 0.4459 0.8695 0.2125
vn 0.4309 0.8851 -0.1758
vn 0.4142 0.8928 -0.1772
vn -0.5777 -0.6868 0.4411
vn -0.5493 -0.7170 0.4291
vn -0.5673 -0.7097 0.4177
vn -0.5587 -0.7046 0.4375
vn -0.5761 -0.6599 0.4823
vn -0.5830 -0.6456 0.4932
vn -0.5788 -0.6501 0.4923
vn 0.3678 0.9107 -0.1877
vn 0.3676 0.9109 -0.1875
vn -0.4103 0.3644 0.8360
vn -0.3878 0.3636 0.8470
vn -0.3591 0.4227 0.8321
vn -0.4263 0.4401 0.7903
vn -0.3256 0.4284 0.8429
vn -0.4004 0.3595 0.8429
vn 0.3343 0.9150 -0.2261
vn 0.3569 0.9048 -0.2325
vn 0.3551 0.9066 -0.2279
vn 0.3507 0.9073 -0.2320
vn 0.3531 0.9060 -0.2333
vn 0.3732 0.8979 -0.2333
vn 0.3485 0.9104 -0.2229
vn -0.9883 0.1300 0.0803
vn -0.9865 0.1090 0.1220
vn -0.9800 0.0666 0.1877
vn -0.9651 0.1443 0.2185
vn -0.9755 0.1249 0.1808
vn -0.9198 0.1380 0.3674
vn 0.0166 -0.8909 0.4538
vn -0.0066 -0.8875 0.4608
vn -0.0603 -0.8771 0.4765
vn 0.0296 -0.8868 0.4611
vn 0.0167 -0.8909 0.4538
vn 0.3466 0.9057 -0.2442
vn 0.3472 0.9054 -0.2444
vn 0.3444 0.9068 -0.2432
vn -0.0498 -0.8487 -0.5265
vn 0.0336 -0.9107 -0.4117
vn 0.0320 -0.9299 -0.3664
vn 0.0434 -0.8818 -0.4697
vn 0.4918 -0.8313 0.2589
vn 0.5286 -0.7949 0.2977
vn 0.5124 -0.8113 0.2815
vn 0.5497 -0.7629 0.3403
vn 0.5527 -0.7666 0.3269
vn -0.0000 -0.0000 1.0000
vn -0.4310 -0.8996 -0.0707
vn -0.4296 -0.8996 -0.0786
vn -0.4309 -0.8994 -0.0730
vn -0.6876 0.7169 -0.1156
vn -0.7379 0.6619 -0.1316
vn -0.7589 0.6377 -0.1317
vn -0.7557 0.6416 -0.1318
vn -0.2943 0.2746 0.9154
vn -0.2986 0.2551 0.9197
vn -0.1814 -0.2315 0.9558
vn -0.7131 -0.1869 0.6757
vn -0.2177 0.1220 0.9684
vn -0.9369 -0.3230 0.1336
vn -0.9087 -0.4015 0.1147
vn -0.9128 -0.3741 0.1640
vn -0.8726 -0.3612 0.3289
vn -0.8457 -0.4028 0.3501
vn 0.0597 0.7675 0.6382
vn 0.0401 0.7680 0.6392
vn -0.2624 0.2617 0.9288
vn -0.1659 0.2205 0.9612
vn -0.2926 0.8727 0.3909
vn -0.3849 0.8125 0.4378
vn -0.0582 0.9923 0.1090
vn -0.0536 0.9530 0.2983
vn -0.0537 0.9530 0.2983
vn -0.0695 0.9476 0.3118
vn -0.0696 0.9476 0.3118
vn 0.3874 0.3219 -0.8639
vn 0.4372 0.2485 -0.8643
vn 0.4280 0.2522 -0.8679
vn 0.4068 0.3003 -0.8628
vn 0.3766 0.3014 -0.8760
vn 0.5213 -0.4449 0.7282
vn 0.4518 -0.4169 0.7887
vn 0.3308 -0.4219 0.8441
vn 0.5035 -0.4279 0.7506
vn -0.1929 0.5035 0.8422
vn -0.0145 0.7157 0.6983
vn -0.0187 0.8575 0.5141
vn 0.0148 0.8888 0.4581
vn -0.1451 0.0052 0.9894
vn -0.1914 0.2238 0.9556
vn -0.8441 -0.5234 -0.1165
vn -0.2346 -0.5776 -0.7819
vn -0.2363 -0.5737 -0.7842
vn -0.2344 -0.5774 -0.7821
vn -0.2345 -0.5771 -0.7823
vn 0.2025 -0.9740 0.1018
vn 0.2047 -0.9737 0.1001
vn 0.2035 -0.9744 0.0958
vn 0.2041 -0.9743 0.0957
vn -0.0340 0.4979 -0.8666
vn 0.0198 0.7041 -0.7098
vn 0.7256 -0.3812 0.5729
vn 0.7157 -0.3837 0.5836
vn 0.7064 -0.4014 0.5830
vn 0.4917 -0.4701 0.7330
vn 0.6593 -0.3414 0.6699
vn 0.6778 -0.4309 0.5957
vn 0.6844 -0.4078 0.6044
vn 0.6925 -0.4082 0.5948
vn 0.7004 -0.4089 0.5851
vn 0.4969 -0.0535 -0.8661
vn 0.4881 -0.1061 -0.8663
vn 0.4871 -0.1051 -0.8670
vn 0.5545 0.1062 -0.8254
vn 0.1801 -0.9419 0.2836
vn 0.2345 -0.9351 0.2656
vn 0.2131 -0.9370 0.2768
vn -0.2853 -0.9581 0.0271
vn -0.2890 -0.9566 -0.0368
vn -0.2067 -0.9775 -0.0412
vn -0.2733 -0.9590 0.0748
vn 0.0098 0.6308 -0.7759
vn -0.3835 -0.1153 0.9163
vn -0.3929 -0.1739 0.9030
vn 0.9864 -0.0936 -0.1348
vn 0.9864 -0.0947 -0.1345
vn 0.9874 -0.0930 -0.1278
vn -0.9301 -0.2962 0.2171
vn -0.9609 -0.2361 0.1448
vn -0.9605 -0.2726 0.0556
vn -0.9433 -0.3253 0.0662
vn -0.0780 0.7937 -0.6033
vn -0.9267 -0.1206 0.3558
vn -0.9196 -0.1321 0.3700
vn -0.9211 -0.1003 0.3761
vn -0.9212 -0.1003 0.3760
vn -0.4184 0.7298 0.5406
vn -0.4050 0.7239 0.5586
vn -0.4473 0.6914 0.5674
vn -0.4451 0.7022 0.5556
vn 0.1916 -0.9708 0.1441
vn 0.1909 -0.9720 0.1372
vn 0.1768 -0.9699 0.1677
vn 0.1911 -0.9715 0.1405
vn -0.0282 0.7150 -0.6986
vn -0.0310 0.6883 -0.7248
vn -0.0172 0.7129 -0.7011
vn -0.0033 0.7043 -0.7099
vn 0.0078 0.7624 -0.6470
vn -0.0547 0.7337 -0.6772
vn -0.0475 0.6990 -0.7135
vn -0.2937 0.4116 -0.8627
vn -0.2381 0.4395 -0.8661
vn -0.2404 0.4398 -0.8653
vn -0.2781 0.4196 -0.8640
vn -0.4823 0.2985 -0.8236
vn -0.2329 -0.8634 -0.4476
vn -0.3355 -0.3157 0.8876
vn -0.3876 -0.3376 0.8578
vn -0.4343 -0.3181 0.8427
vn -0.3566 -0.3416 0.8696
vn -0.3596 -0.3314 0.8723
vn -0.1769 -0.8747 -0.4512
vn -0.1519 -0.8639 -0.4802
vn -0.1087 -0.8570 -0.5037
vn -0.1104 -0.8574 -0.5026
vn -0.1532 -0.8669 -0.4743
vn -0.1157 0.7909 -0.6009
vn -0.4770 -0.0567 0.8771
vn -0.4734 -0.0998 0.8752
vn -0.6077 -0.0443 0.7929
vn -0.5569 -0.0884 0.8259
vn -0.5605 -0.1022 0.8218
vn -0.0044 0.5530 0.8332
vn -0.0833 -0.2521 0.9641
vn 0.8206 0.2449 0.5164
vn 0.8202 0.2366 0.5208
vn 0.8197 0.2325 0.5235
vn -0.4197 -0.5908 0.6891
vn -0.2628 -0.5825 0.7692
vn -0.0474 -0.7859 0.6166
vn -0.0595 -0.9141 0.4012
vn -0.4040 -0.5751 0.7114
vn 0.0577 0.8770 -0.4770
vn -0.3128 -0.8500 0.4238
vn -0.3120 -0.8523 0.4198
vn 0.2862 0.3030 0.9090
vn 0.3131 0.2838 0.9063
vn 0.3087 0.2793 0.9092
vn 0.2945 0.3112 0.9036
vn 0.2892 0.3066 0.9068
vn 0.8553 0.0928 0.5097
vn 0.8569 0.0883 0.5078
vn 0.8577 0.0883 0.5065
vn 0.1366 0.9098 -0.3918
vn 0.1367 0.9098 -0.3918
vn -0.1928 -0.8919 0.4090
vn -0.2121 -0.9709 0.1111
vn -0.2539 -0.9570 0.1402
vn -0.2123 -0.9706 0.1133
vn -0.1849 -0.9706 0.1541
vn -0.9508 -0.0892 0.2966
vn -0.8007 -0.2127 0.5601
vn -0.9745 -0.0190 -0.2236
vn -0.9835 -0.0038 -0.1809
vn -0.9695 -0.0048 -0.2451
vn -0.9726 -0.0016 -0.2324
vn 0.0073 0.0235 0.9997
vn 0.0297 0.0236 0.9993
vn -0.0064 0.6024 0.7982
vn -0.3491 0.3322 0.8762
vn -0.0839 0.0013 0.9965
vn 0.6231 -0.1813 0.7608
vn -0.4115 -0.7005 0.5831
vn -0.4339 -0.7216 0.5395
vn -0.4411 -0.7233 0.5313
vn -0.4359 -0.6915 0.5761
vn -0.4164 -0.7046 0.5746
vn -0.4336 -0.6946 0.5740
vn -0.1018 -0.8200 0.5632
vn -0.1084 -0.8715 0.4782
vn 0.5098 0.7749 0.3737
vn 0.5405 0.7559 0.3694
vn 0.4495 0.8086 0.3796
vn 0.4954 0.7763 0.3898
vn 0.5701 0.6116 0.5486
vn 0.3390 0.7561 0.5598
vn 0.3858 0.7567 0.5277
vn 0.5123 0.8542 0.0894
vn 0.5157 0.8517 0.0931
vn 0.6713 0.6589 -0.3394
vn 0.6601 0.6600 -0.3588
vn 0.6600 0.6598 -0.3593
vn 0.6602 0.6599 -0.3587
vn 0.6605 0.6595 -0.3587
vn 0.6592 0.6592 -0.3618
vn 0.9497 0.0356 -0.3110
vn -0.8261 0.2771 -0.4907
vn -0.8316 0.2759 -0.4819
vn -0.8362 0.2431 -0.4915
vn -0.8337 0.2438 -0.4955
vn 0.3873 -0.8464 0.3655
vn 0.3465 -0.8476 0.4019
vn 0.3774 -0.8284 0.4140
vn -0.8620 0.5068 0.0091
vn -0.8782 0.4701 0.0882
vn -0.8750 0.4736 0.1007
vn -0.9860 -0.0028 -0.1669
vn -0.9900 -0.0094 -0.1408
vn -0.9883 -0.0098 -0.1523
vn 0.1948 -0.6768 0.7099
vn 0.2462 -0.6709 0.6995
vn 0.2380 -0.6758 0.6976
vn -0.8264 0.5624 0.0264
vn -0.8317 0.5491 0.0823
vn 0.4315 0.4310 -0.7925
vn 0.4297 0.4283 -0.7950
vn 0.9954 -0.0939 -0.0210
vn 0.4884 -0.7077 0.5105
vn 0.5014 -0.7222 0.4765
vn 0.4985 -0.6915 0.5227
vn 0.5107 -0.6881 0.5155
vn 0.6092 0.7837 0.1214
vn 0.4230 0.8856 -0.1918
vn 0.3774 0.9148 -0.1441
vn 0.0684 -0.9952 -0.0694
vn 0.0780 -0.9948 -0.0656
vn 0.0983 -0.9933 -0.0607
vn 0.0932 -0.9937 -0.0620
vn 0.2569 -0.9206 -0.2942
vn 0.2584 -0.9208 -0.2922
vn 0.2588 -0.9196 -0.2957
vn 0.2576 -0.9203 -0.2944
vn 0.2582 -0.9202 -0.2942
vn -0.0226 0.9448 -0.3269
vn 0.2476 0.9327 -0.2622
vn 0.1480 0.9342 -0.3247
vn 0.1775 0.9321 -0.3157
vn -0.4692 -0.7558 -0.4568
vn -0.4452 -0.7678 -0.4608
vn -0.4437 -0.7673 -0.4630
vn -0.4436 -0.7674 -0.4629
vn 0.0475 -0.8543 -0.5176
vn 0.0399 -0.8538 -0.5191
vn 0.0389 -0.8535 -0.5197
vn 0.0406 -0.8532 -0.5200
vn 0.0408 -0.8537 -0.5192
vn 0.0418 -0.8538 -0.5189
vn 0.0427 -0.8530 -0.5201
vn 0.0384 -0.8548 -0.5175
vn 0.0423 -0.8537 -0.5190
vn 0.0418 -0.8539 -0.5188
vn 0.0508 -0.8548 -0.5164
vn 0.0511 -0.8554 -0.5154
vn 0.0510 -0.8554 -0.5155
vn 0.0074 0.7220 0.6919
vn -0.7971 0.6038 -0.0076
vn -0.8774 0.4613 -0.1318
vn -0.9138 0.3216 -0.2481
vn -0.9114 0.3284 -0.2482
vn -0.8609 0.4849 -0.1540
vn -0.6610 0.6127 -0.4332
vn -0.6584 0.6487 0.3817
vn -0.6593 0.6404 0.3939
vn -0.6583 0.6412 0.3942
vn -0.6602 0.6384 0.3957
vn -0.6619 0.6227 0.4174
vn -0.6911 0.6361 0.3431
vn -0.6536 0.6593 0.3717
vn -0.6903 -0.0140 -0.7234
vn -0.7543 -0.0253 -0.6560
vn -0.7217 0.1077 -0.6838
vn -0.6867 -0.0058 -0.7269
vn 0.2616 -0.8769 0.4032
vn 0.3125 -0.8815 0.3541
vn 0.3435 -0.8633 0.3698
vn 0.3908 -0.7581 0.5221
vn 0.1443 0.1454 -0.9788
vn 0.0691 0.0678 -0.9953
vn 0.0529 0.0490 -0.9974
vn 0.1300 0.1466 -0.9806
vn -0.0218 0.4093 -0.9121
vn -0.0406 0.4331 -0.9004
vn -0.0121 0.4245 -0.9054
vn 0.0470 0.4630 -0.8851
vn -0.7792 -0.2471 0.5760
vn -0.7648 -0.2847 0.5780
vn -0.7989 -0.2278 0.5567
vn -0.7971 -0.2180 0.5632
vn -0.8040 -0.1755 0.5682
vn -0.7840 -0.1759 0.5954
vn -0.9964 -0.0616 -0.0577
vn -0.9931 -0.1095 -0.0411
vn -0.9954 -0.0932 0.0228
vn -0.9980 -0.0614 0.0117
vn -0.2052 0.9715 0.1184
vn -0.1757 0.9782 0.1103
vn -0.2007 0.9733 0.1113
vn -0.2140 0.9537 0.2113
vn -0.3284 0.8093 0.4871
vn -0.3227 0.8123 0.4859
vn -0.3299 0.8092 0.4862
vn -0.8653 0.1485 0.4788
vn -0.7649 0.0972 0.6368
vn -0.7697 0.0033 0.6384
vn -0.8078 0.0945 0.5818
vn -0.4833 -0.7147 0.5056
vn -0.4867 -0.7003 0.5221
vn -0.5036 -0.6614 0.5558
vn -0.5012 -0.6798 0.5354
vn -0.4848 -0.6914 0.5357
vn -0.4939 -0.7275 0.4763
vn -0.5345 0.0843 0.8409
vn -0.7209 0.2152 0.6588
vn -0.5459 0.0893 0.8331
vn -0.1617 0.8748 0.4568
vn -0.1623 0.8977 0.4097
vn -0.2019 0.8645 0.4603
vn -0.2026 0.8650 0.4590
vn -0.4089 0.1732 -0.8960
vn -0.4574 0.0837 -0.8853
vn -0.3846 0.1912 -0.9031
vn -0.2130 -0.2862 0.9342
vn -0.3476 0.5186 0.7812
vn -0.5425 0.4267 0.7236
vn -0.3705 -0.5358 0.7587
vn 0.2700 0.8984 -0.3464
vn 0.2715 0.8989 -0.3439
vn 0.2682 0.8949 -0.3566
vn 0.0813 0.9804 -0.1792
vn 0.1387 0.9598 -0.2439
vn 0.2881 0.8866 -0.3619
vn 0.2901 0.8948 -0.3393
vn 0.9459 0.1576 0.2835
vn -0.9838 0.1341 -0.1192
vn -0.9831 0.1498 -0.1054
vn -0.9507 0.3002 -0.0776
vn -0.9463 0.3016 -0.1165
vn -0.9444 0.3076 -0.1163
vn -0.8164 0.1343 0.5617
vn -0.8813 -0.0934 0.4632
vn 0.5391 -0.5375 -0.6484
vn 0.5371 -0.5372 -0.6504
vn 0.5791 -0.5801 -0.5729
vn 0.6028 -0.6007 -0.5252
vn 0.0629 -0.4949 -0.8667
vn 0.0735 -0.4909 -0.8681
vn 0.0266 -0.4984 -0.8666
vn 0.0351 -0.5038 -0.8631
vn 0.7012 -0.7027 0.1205
vn 0.7155 -0.6875 0.1242
vn 0.7012 -0.7009 0.1308
vn 0.7081 -0.6953 0.1229
vn -0.5754 -0.8044 0.1475
vn -0.5551 -0.8225 0.1237
vn -0.4204 -0.9060 0.0498
vn -0.3913 -0.9189 0.0493
vn 0.3876 -0.3215 -0.8640
vn 0.3745 -0.3259 -0.8681
vn 0.3996 -0.2855 -0.8711
vn 0.4281 -0.2522 -0.8678
vn 0.4362 -0.2501 -0.8644
vn -0.6674 -0.7447 0.0061
vn -0.5516 -0.6416 -0.5330
vn -0.7256 -0.6881 0.0006
vn -0.7313 -0.6821 0.0035
vn -0.2491 0.8500 -0.4642
vn -0.1892 0.8614 -0.4714
vn -0.2147 0.8590 -0.4648
vn -0.0979 -0.1736 -0.9799
vn 0.2445 0.2980 -0.9227
vn 0.3502 0.3835 -0.8546
vn -0.1414 -0.0000 -0.9900
vn -0.7869 -0.6123 0.0769
vn -0.7605 -0.6391 0.1149
vn -0.8403 -0.5347 0.0900
vn -0.8349 -0.5504 0.0058
vn -0.6592 -0.7428 -0.1168
vn -0.6618 -0.7405 -0.1169
vn -0.6640 -0.7376 -0.1228
vn -0.6854 -0.7204 -0.1060
vn 0.1552 0.8836 0.4418
vn -0.0086 0.7698 0.6382
vn -0.0000 0.7666 0.6421
vn 0.0091 0.7654 0.6435
vn 0.1411 0.9775 0.1568
vn -0.6882 -0.5808 0.4348
vn -0.6748 -0.5911 0.4419
vn -0.6865 -0.5838 0.4335
vn -0.8695 0.4869 -0.0825
vn -0.9292 0.3299 -0.1664
vn -0.8700 0.4734 -0.1380
vn -0.7159 -0.3752 0.5889
vn -0.8274 -0.3098 0.4684
vn -0.8295 -0.3755 0.4134
vn -0.8659 0.0138 0.5001
vn -0.8682 0.0099 0.4962
vn -0.8716 0.0172 0.4900
vn -0.8797 0.0316 0.4745
vn -0.5308 -0.7683 0.3578
vn -0.5253 -0.7832 0.3327
vn -0.5214 -0.7728 0.3618
vn -0.5373 -0.7569 0.3720
vn -0.5273 -0.7655 0.3687
vn 0.1449 -0.3348 0.9311
vn 0.2316 -0.0260 0.9725
vn 0.1402 -0.0035 0.9901
vn 0.9584 0.2397 -0.1550
vn 0.9568 0.2419 -0.1614
vn -0.5484 0.1340 0.8254
vn -0.6009 -0.1140 0.7912
vn -0.1911 -0.0049 0.9816
vn -0.1749 0.0021 0.9846
vn -0.2556 0.0576 0.9651
vn -0.2650 -0.9547 0.1351
vn -0.8190 -0.5723 -0.0413
vn 0.9922 0.1246 0.0073
vn 0.9520 -0.1662 -0.2572
vn 0.8601 0.0014 -0.5101
vn 1.0000 -0.0027 -0.0034
vn -0.0372 0.6109 -0.7908
vn -0.0378 0.6251 -0.7796
vn -0.0677 0.6155 -0.7852
vn -0.0533 0.6483 -0.7595
vn 0.6600 -0.6599 -0.3591
vn 0.6598 -0.6598 -0.3595
vn 0.6602 -0.6601 -0.3583
vn 0.6600 -0.6603 -0.3582
vn 0.6599 -0.6605 -0.3582
vn 0.6713 -0.6590 -0.3392
vn 0.9491 -0.0398 -0.3125
vn 0.6620 -0.6622 -0.3511
vn 0.6573 -0.6558 -0.3715
vn 0.3053 -0.6289 0.7150
vn 0.3594 -0.6256 0.6924
vn 0.3477 -0.6272 0.6969
vn 0.5342 -0.6114 0.5838
vn 0.3358 -0.9356 0.1093
vn 0.3382 -0.9354 0.1032
vn 0.2320 -0.9700 0.0725
vn 0.2308 -0.9697 0.0806
vn 0.3373 -0.9356 0.1042
vn 0.3070 -0.9465 0.0992
vn -0.8215 -0.4630 -0.3328
vn -0.8931 -0.4224 -0.1550
vn -0.9405 -0.2987 -0.1619
vn -0.9725 -0.2116 -0.0978
vn -0.9762 -0.1276 -0.1751
vn -0.9352 -0.3117 -0.1682
vn -0.4195 0.7871 0.4522
vn -0.4209 0.7881 0.4491
vn -0.4253 0.7847 0.4510
vn -0.4256 0.7851 0.4500
vn -0.4159 0.7887 0.4528
vn -0.2997 -0.0053 0.9540
vn -0.2904 -0.0474 0.9557
vn -0.3738 -0.0512 0.9261
vn -0.3600 -0.1107 0.9264
vn -0.2776 -0.0720 0.9580
vn 0.0281 0.8106 0.5849
vn 0.0064 0.8192 0.5735
vn -0.0183 0.8258 0.5637
vn 0.0246 0.8097 0.5863
vn 0.0295 0.8093 0.5866
vn 0.0319 0.8111 0.5841
vn 0.3469 -0.3402 0.8740
vn -0.6732 0.7093 -0.2090
vn -0.6141 0.7891 -0.0149
vn -0.5846 -0.6278 0.5139
vn -0.5766 -0.6747 0.4608
vn -0.5933 -0.6169 0.5171
vn -0.0598 0.4996 -0.8642
vn -0.0601 0.4934 -0.8677
vn -0.0591 0.4948 -0.8670
vn -0.0506 0.5028 -0.8629
vn -0.0591 0.4973 -0.8655
vn -0.2220 0.7177 0.6601
vn -0.2186 0.7293 0.6483
vn -0.2162 0.7291 0.6494
vn -0.2327 0.7159 0.6582
vn -0.3279 0.2731 0.9044
vn -0.2766 0.1503 0.9492
vn -0.2479 0.1250 0.9607
vn -0.2623 0.2148 0.9408
vn -0.3231 0.2649 0.9085
vn -0.7552 0.6554 -0.0095
vn -0.7096 0.7028 -0.0508
vn -0.4722 0.8685 -0.1511
vn -0.4758 0.8715 -0.1188
vn -0.1159 0.0545 -0.9918
vn -0.1135 0.0549 -0.9920
vn -0.0909 0.0650 -0.9937
vn -0.0940 0.0871 -0.9918
vn -0.1368 -0.7815 0.6087
vn -0.0778 -0.5655 0.8211
vn -0.2603 -0.4726 0.8420
vn -0.3764 -0.6237 0.6851
vn 0.9922 -0.0000 -0.1244
vn 1.0000 -0.0000 -0.0007
vn 1.0000 -0.0000 0.0003
vn 0.9870 -0.0000 -0.1605
vn -0.1847 0.0379 0.9821
vn -0.1741 0.0377 0.9840
vn -0.1809 0.0872 0.9796
vn -0.1623 0.0881 0.9828
vn -0.2042 0.1432 0.9684
vn -0.1946 0.0560 0.9793
vn 0.3186 -0.9242 -0.2104
vn 0.9112 -0.4119 0.0008
vn 0.9009 -0.4339 0.0061
vn 0.9569 -0.2903 0.0051
vn 0.9491 -0.3150 -0.0005
vn 0.3287 -0.9222 -0.2039
vn 0.4734 -0.8588 -0.1958
vn 0.4708 -0.8567 -0.2107
vn 0.4691 -0.8601 -0.2005
vn 0.4725 -0.8593 -0.1959
vn 0.4733 -0.8590 -0.1952
vn 0.4795 -0.8561 -0.1926
vn 0.4749 -0.8577 -0.1970
vn 0.4746 -0.8578 -0.1974
vn 0.4973 -0.8380 -0.2247
vn 0.4981 -0.8386 -0.2205
vn 0.5009 -0.8361 -0.2235
vn 0.4958 -0.8393 -0.2231
vn 0.5012 -0.8358 -0.2240
vn 0.4952 -0.8395 -0.2235
vn 0.4993 -0.8480 -0.1778
vn 0.4710 -0.8606 -0.1937
vn -0.1809 -0.0264 -0.9832
vn -0.1620 0.0087 -0.9868
vn -0.1083 0.0529 -0.9927
vn 0.7460 -0.4159 0.5201
vn 0.7640 -0.3512 0.5413
vn 0.7572 -0.2484 0.6041
vn 0.6347 -0.4161 0.6512
vn 0.7456 -0.3476 0.5685
vn 0.4173 -0.8908 -0.1798
vn 0.3696 -0.9098 -0.1886
vn 0.2829 -0.9591 0.0084
vn 0.4098 -0.9122 0.0051
vn 0.4121 -0.9111 -0.0052
vn 0.3527 -0.9357 0.0020
vn -0.7328 -0.4713 0.4908
vn 0.4316 -0.6772 0.5959
vn 0.4164 -0.6958 0.5852
vn 0.4263 -0.6988 0.5744
vn 0.4074 -0.7146 0.5687
vn 0.4201 -0.6984 0.5795
vn 0.4225 -0.6998 0.5760
vn -0.7903 0.6068 0.0853
vn -0.7130 0.6747 0.1908
vn -0.6974 0.7053 0.1267
vn -0.7332 0.6747 0.0848
vn -0.5596 0.5014 0.6599
vn -0.5598 0.5050 0.6570
vn -0.5538 0.5116 0.6569
vn -0.6343 0.5196 0.5725
vn -0.7868 -0.4938 0.3703
vn -0.7763 -0.4827 0.4054
vn -0.8259 -0.5297 0.1934
vn 0.0306 -0.9790 0.2013
vn 0.0327 -0.9816 0.1880
vn 0.0334 -0.9815 0.1884
vn 0.0306 -0.9790 0.2014
vn -0.1101 0.8513 -0.5130
vn -0.0228 -0.9643 0.2637
vn -0.0227 -0.9644 0.2636
vn -0.0227 -0.9643 0.2637
vn -0.0368 -0.9590 0.2809
vn -0.0526 -0.9530 0.2985
vn -0.0686 -0.9476 0.3119
vn -0.0433 0.8440 0.5346
vn -0.0210 0.8903 0.4549
vn 0.0101 0.9367 0.3500
vn 0.0886 0.8718 0.4818
vn -0.2443 -0.1366 0.9600
vn -0.1924 -0.1297 0.9727
vn -0.1658 -0.1806 0.9695
vn -0.0909 -0.4019 0.9112
vn -0.2085 -0.3486 0.9138
vn -0.3743 -0.1408 0.9166
vn -0.2452 -0.2554 0.9352
vn -0.8590 -0.5120 0.0007
vn -0.8458 -0.5283 -0.0743
vn -0.8181 -0.5703 -0.0743
vn 0.5537 -0.5812 0.5963
vn 0.5882 -0.5538 0.5893
vn 0.5371 -0.5858 0.6069
vn 0.4301 0.8747 -0.2235
vn 0.4137 0.8843 -0.2166
vn 0.4199 0.8842 -0.2047
vn 0.4118 0.8856 -0.2148
vn 0.4153 0.8863 -0.2050
vn 0.4162 0.8855 -0.2068
vn 0.4165 0.8845 -0.2103
vn 0.4163 0.8843 -0.2114
vn -0.7051 -0.3395 -0.6226
vn -0.7146 -0.3098 -0.6272
vn -0.7485 -0.3253 -0.5779
vn -0.7485 -0.3268 -0.5770
vn 0.6848 0.7189 0.1189
vn 0.6849 0.7189 0.1186
vn 0.6851 0.7187 0.1187
vn -0.0949 0.0004 -0.9955
vn -0.0936 0.0005 -0.9956
vn -0.0957 -0.0002 -0.9954
vn -0.0994 -0.0020 -0.9950
vn -0.1070 0.0002 -0.9943
vn -0.1027 0.0097 -0.9947
vn -0.0951 0.0107 -0.9954
vn -0.1022 -0.0004 -0.9948
vn 0.9111 0.4122 0.0014
vn 0.9455 0.3256 -0.0055
vn 0.9481 0.3179 0.0009
vn 0.9025 0.4307 0.0081
vn 0.4777 0.8660 -0.1480
vn 0.4765 0.8662 -0.1507
vn 0.5569 -0.8284 0.0604
vn 0.5035 -0.8637 -0.0223
vn 0.5053 -0.8628 -0.0150
vn 0.5084 -0.8609 -0.0173
vn 0.5010 -0.8653 -0.0154
vn 0.7675 -0.6400 0.0372
vn -0.4843 0.8297 0.2777
vn -0.7706 0.6307 -0.0915
vn -0.7747 0.6302 -0.0513
vn -0.7208 0.6903 -0.0629
vn 0.4842 -0.8709 0.0838
vn 0.5368 -0.8361 0.1132
vn 0.5470 -0.8314 0.0978
vn 0.4314 -0.8992 0.0725
vn -0.0631 -0.9654 -0.2531
vn 0.4803 -0.6590 -0.5788
vn 0.3745 -0.8684 -0.3250
vn 0.2722 -0.9343 -0.2302
vn 0.0393 -0.9767 -0.2111
vn -0.3449 -0.7004 0.6249
vn -0.3307 -0.7108 0.6208
vn -0.3424 -0.7097 0.6157
vn -0.3434 -0.7071 0.6181
vn -0.3490 -0.6880 0.6362
vn -0.3645 -0.6868 0.6288
vn -0.6902 -0.5258 0.4972
vn -0.0780 0.9930 -0.0888
vn -0.0507 0.9926 -0.1103
vn -0.0546 0.9926 -0.1089
vn -0.1080 0.9916 -0.0713
vn -0.0999 0.9924 -0.0724
vn -0.9019 0.0028 0.4320
vn -0.9029 -0.0063 0.4299
vn -0.9048 -0.0015 0.4259
vn -0.9105 -0.0178 0.4131
vn -0.9025 0.0045 0.4307
vn -0.2883 0.5627 -0.7748
vn -0.2918 0.5594 -0.7758
vn -0.2827 0.5681 -0.7729
vn -0.2883 0.5638 -0.7739
vn -0.2884 0.5634 -0.7743
vn 0.6527 -0.5731 -0.4955
vn 0.9611 -0.1229 -0.2472
vn 0.6046 -0.5691 -0.5573
vn 0.0739 0.0053 -0.9972
vn -0.2233 0.0042 -0.9747
vn 0.9569 -0.2159 -0.1944
vn 0.0269 0.9963 0.0811
vn 0.0763 0.9942 0.0758
vn 0.0512 0.9949 0.0870
vn 0.0504 0.9950 0.0861
vn -0.6548 -0.4825 0.5817
vn -0.6837 -0.4672 0.5607
vn -0.6550 -0.4827 0.5813
vn -0.6462 -0.4518 0.6151
vn -0.4471 -0.6617 0.6019
vn -0.4567 -0.6501 0.6073
vn -0.5416 0.0030 -0.8407
vn -0.5410 0.0002 -0.8410
vn -0.5382 -0.0039 -0.8428
vn -0.9366 0.2933 0.1915
vn -0.9589 0.2734 0.0755
vn -0.9777 0.1947 0.0790
vn -0.9509 0.1994 0.2366
vn 0.4779 -0.8722 0.1041
vn 0.1395 0.9275 -0.3469
vn 0.1392 0.9276 -0.3468
vn 0.1701 0.9087 -0.3811
vn 0.1706 0.9088 -0.3808
vn 0.1573 0.9220 -0.3539
vn -0.3186 0.8352 -0.4482
vn -0.0535 -0.9944 0.0907
vn -0.0303 -0.9955 0.0903
vn 0.0293 -0.9962 0.0822
vn -0.0120 -0.9863 0.1645
vn -0.0161 -0.9971 0.0750
vn -0.0890 -0.9870 0.1338
vn -0.0391 -0.9885 0.1461
vn 0.5227 -0.7030 0.4823
vn 0.5819 -0.5470 0.6018
vn 0.6656 -0.3208 0.6738
vn 0.6612 -0.3650 0.6554
vn 0.6171 -0.3689 0.6951
vn 0.6500 -0.2968 0.6996
vn 0.6527 -0.2895 0.7001
vn 0.6486 -0.3041 0.6978
vn 0.6893 -0.2631 0.6750
vn 0.6544 -0.2327 0.7194
vn 0.6584 -0.2538 0.7086
vn 0.6534 -0.2586 0.7115
vn -0.2712 0.7341 0.6225
vn -0.2739 0.7327 0.6230
vn -0.2691 0.7387 0.6180
vn -0.2698 0.7401 0.6160
vn 0.2447 0.3005 0.9219
vn 0.2417 0.3078 0.9202
vn 0.2521 0.2978 0.9207
vn 0.2571 0.2927 0.9210
vn 0.8124 0.0634 0.5796
vn 0.3940 0.2378 0.8878
vn 0.2381 0.1430 0.9606
vn 0.6525 0.3108 0.6911
vn 0.6398 0.4050 0.6532
vn 0.6545 0.4655 0.5958
vn 0.6242 0.4142 0.6624
vn 0.8056 0.5909 -0.0436
vn -0.0943 -0.8866 0.4528
vn -0.2328 -0.8867 0.3995
vn -0.1237 -0.9778 0.1690
vn -0.1420 -0.9502 0.2774
vn 0.5681 0.5508 0.6114
vn 0.6520 0.5401 0.5322
vn 0.5646 0.6266 0.5372
vn -0.8581 0.1041 0.5029
vn -0.8696 0.0809 0.4871
vn -0.8732 0.0712 0.4822
vn -0.8606 0.0988 0.4996
vn 0.8505 -0.2396 0.4682
vn -0.4964 0.0533 -0.8665
vn -0.4844 0.0520 -0.8733
vn -0.4840 0.0526 -0.8735
vn -0.5003 0.0536 -0.8642
vn -0.9916 -0.0606 -0.1139
vn -0.9878 -0.1098 -0.1106
vn -0.9826 -0.1518 -0.1069
vn -0.9882 -0.1470 -0.0421
vn -0.6202 -0.1998 -0.7585
vn -0.6185 -0.2001 -0.7599
vn -0.6240 -0.1700 -0.7627
vn -0.6245 -0.1701 -0.7623
vn -0.2309 -0.0012 -0.9730
vn -0.2192 0.0001 -0.9757
vn 0.7399 -0.3578 -0.5697
vn 0.5935 -0.1700 -0.7867
vn 0.9750 -0.0965 -0.2002
vn -0.6071 -0.1045 0.7877
vn -0.6064 0.0080 0.7951
vn -0.5838 0.0786 0.8081
vn 0.0871 0.9585 0.2716
vn 0.5489 0.8350 0.0385
vn 0.3546 0.8872 0.2953
vn 0.5689 0.8166 0.0978
vn 0.5688 0.8166 0.0978
vn 0.7116 0.6919 0.1222
vn 0.7117 0.6918 0.1222
vn 0.7118 0.6916 0.1222
vn -0.3107 -0.6956 0.6478
vn -0.3041 -0.6937 0.6530
vn -0.2988 -0.6867 0.6627
vn -0.3049 -0.6749 0.6720
vn -0.3127 -0.6587 0.6844
vn 0.5808 0.7472 0.3231
vn 0.5332 0.6283 0.5665
vn 0.5827 0.5775 0.5718
vn 0.5424 0.6879 0.4822
vn 0.6087 0.4756 0.6351
vn 0.9707 0.1841 -0.1542
vn 0.9705 0.1853 -0.1540
vn 0.9706 0.1853 -0.1539
vn -0.8836 -0.4088 0.2283
vn -0.8741 -0.4370 0.2122
vn -0.8735 -0.4388 0.2108
vn -0.8958 -0.3790 0.2322
vn -0.8058 0.2143 0.5521
vn -0.9058 0.3827 0.1819
vn -0.8837 0.4226 0.2013
vn -0.7994 0.3501 0.4883
vn -0.0617 0.7339 0.6764
vn -0.0628 0.7345 0.6757
vn -0.0648 0.7335 0.6766
vn -0.0636 0.7327 0.6776
vn 0.0645 0.4367 0.8973
vn 0.1009 0.3354 0.9366
vn 0.4272 -0.7355 0.5259
vn 0.5427 -0.5174 0.6616
vn 0.5231 -0.4539 0.7213
vn 0.5263 -0.4696 0.7089
vn -0.3027 -0.7906 0.5323
vn -0.2299 -0.9136 0.3353
vn -0.2046 -0.9270 0.3143
vn -0.1792 -0.9292 0.3232
vn -0.2141 -0.9281 0.3045
vn 0.9076 0.4193 0.0209
vn 0.9919 0.1120 0.0598
vn 0.5072 0.7528 0.4196
vn 0.5163 0.7527 0.4085
vn 0.5164 0.7517 0.4101
vn 0.5071 0.7560 0.4140
vn -0.4076 0.8593 0.3088
vn -0.4144 0.8722 0.2600
vn -0.4387 0.8681 0.2325
vn -0.4703 0.8237 0.3169
vn 0.0090 -0.0025 1.0000
vn 0.9827 -0.0534 -0.1775
vn 0.8172 0.5703 0.0834
vn 0.9421 0.2742 -0.1929
vn 0.1554 -0.9209 -0.3576
vn 0.1139 -0.7948 -0.5961
vn 0.1573 -0.9192 -0.3611
vn 0.1555 -0.9209 -0.3575
vn 0.5721 0.6653 0.4796
vn 0.9525 0.2903 0.0917
vn 0.4654 0.8237 0.3239
vn 0.5067 0.8576 0.0879
vn 0.2669 -0.9557 0.1241
vn 0.2809 -0.9509 0.1297
vn 0.2924 -0.9482 0.1241
vn 0.3259 -0.9277 0.1823
vn 0.3233 -0.9359 0.1401
vn 0.3181 -0.9410 0.1151
vn 0.3346 -0.9309 0.1461
vn 0.3342 -0.9302 0.1516
vn 0.3729 -0.9099 0.1818
vn 0.6484 -0.3324 0.6849
vn 0.0567 -0.9951 0.0806
vn 0.0777 -0.9947 0.0672
vn 0.0017 -0.9949 0.1011
vn 0.0536 -0.9951 0.0830
vn 0.5406 -0.7075 0.4552
vn 0.2335 -0.9715 -0.0417
vn 0.3338 -0.9420 -0.0350
vn 0.3152 -0.9486 -0.0281
vn 0.2602 -0.9645 -0.0454
vn -0.3053 0.8305 -0.4658
vn -0.3239 0.8339 -0.4469
vn -0.3078 0.8325 -0.4607
vn 0.5029 0.8517 0.1474
vn 0.6110 0.7844 0.1070
vn 0.5319 0.8419 0.0907
vn -0.7112 -0.4068 0.5733
vn -0.5913 -0.4209 0.6879
vn 0.5336 -0.7011 0.4730
vn 0.5174 -0.7198 0.4628
vn 0.5235 -0.7235 0.4500
vn 0.5289 -0.7029 0.4755
vn -0.0928 -0.9091 0.4061
vn -0.0961 -0.8460 0.5245
vn -0.0495 -0.9075 0.4171
vn -0.0593 -0.9172 0.3939
vn 0.1256 0.7836 -0.6084
vn 0.1195 0.7914 -0.5995
vn 0.1196 0.7914 -0.5995
vn 0.1128 0.7941 -0.5972
vn 0.0631 0.8070 -0.5871
vn 0.0659 0.8055 -0.5889
vn -0.4589 0.3355 0.8227
vn -0.3765 0.3422 0.8609
vn 0.9001 0.1596 -0.4054
vn 0.9386 0.2900 -0.1871
vn 0.9388 0.2923 -0.1821
vn 0.9388 0.2920 -0.1827
vn 0.9395 0.2892 -0.1836
vn 0.9418 0.2850 -0.1782
vn 0.9364 0.2966 -0.1874
vn 0.6165 0.5922 -0.5188
vn 0.8963 -0.1276 -0.4247
vn 0.9251 0.3086 -0.2211
vn 0.9252 0.3079 -0.2219
vn 0.7667 -0.3661 0.5274
vn 0.7740 -0.4179 0.4757
vn 0.7980 -0.4152 0.4368
vn 0.7828 -0.3545 0.5114
vn -0.4813 0.1862 0.8565
vn -0.7266 0.2816 0.6267
vn -0.6644 -0.0021 0.7474
vn -0.6658 -0.0026 0.7461
vn -0.6697 -0.0051 0.7426
vn -0.6685 -0.0058 0.7437
vn -0.6677 -0.0032 0.7445
vn -0.6500 -0.2098 0.7304
vn -0.5035 -0.1229 0.8552
vn -0.0905 0.7988 0.5948
vn -0.1869 -0.0052 0.9824
vn -0.1805 -0.0028 0.9836
vn -0.3178 0.4079 0.8559
vn -0.1580 -0.9825 0.0990
vn -0.0896 -0.9902 0.1070
vn -0.3131 -0.9473 0.0679
vn -0.1591 -0.9819 0.1031
vn 0.2194 0.1974 -0.9555
vn 0.2185 0.2212 -0.9504
vn -0.4608 0.5160 0.7221
vn -0.5003 0.7253 0.4729
vn -0.4857 0.3970 0.7788
vn -0.2571 0.5784 0.7742
vn 0.8227 0.1389 0.5512
vn 0.5213 0.7894 0.3241
vn 0.4530 0.8109 0.3705
vn -0.3219 -0.8248 0.4649
vn -0.3239 -0.8015 0.5028
vn -0.3237 -0.8015 0.5028
vn -0.1679 -0.2452 0.9548
vn -0.1689 -0.2471 0.9542
vn -0.1603 -0.2512 0.9546
vn -0.1675 -0.2573 0.9517
vn -0.1682 -0.2428 0.9554
vn -0.3259 0.8002 0.5034
vn -0.3259 0.8002 0.5035
vn -0.3245 0.7748 0.5426
vn 0.0726 -0.0738 -0.9946
vn 0.1549 -0.1598 -0.9749
vn 0.1528 -0.1139 -0.9817
vn 0.0537 -0.0607 -0.9967
vn -0.1044 -0.4255 0.8989
vn -0.1752 -0.5841 0.7926
vn -0.9195 -0.2193 0.3261
vn -0.9321 -0.1924 0.3068
vn 0.0329 0.5135 -0.8575
vn 0.0492 0.5074 -0.8603
vn 0.0500 0.5087 -0.8595
vn -0.3955 -0.7621 -0.5126
vn -0.4744 -0.8803 -0.0016
vn -0.2041 -0.0085 -0.9789
vn -0.2073 -0.0235 -0.9780
vn -0.2053 -0.0184 -0.9785
vn -0.9319 -0.3265 -0.1581
vn -0.9307 -0.3251 -0.1679
vn -0.9308 -0.3245 -0.1681
vn -0.9278 -0.3356 -0.1629
vn -0.5634 0.7347 0.3779
vn -0.5983 0.7271 0.3367
vn -0.5986 0.7279 0.3344
vn -0.5889 0.7184 0.3703
vn -0.8892 -0.4575 -0.0065
vn -0.6179 -0.0792 -0.7823
vn -0.9854 -0.0276 -0.1681
vn -0.9243 -0.3816 -0.0051
vn -0.0776 -0.0474 -0.9959
vn -0.0445 -0.0384 -0.9983
vn 0.0960 0.0335 -0.9948
vn 0.1508 0.0119 -0.9885
vn -0.2992 0.8685 0.3953
vn -0.2997 0.8685 0.3949
vn -0.2997 0.8684 0.3949
vn -0.2969 0.8718 0.3896
vn -0.2963 0.8719 0.3899
vn 0.7721 0.4790 0.4177
vn 0.7729 0.4713 0.4249
vn 0.7628 0.4971 0.4135
vn 0.7642 0.4958 0.4125
vn 0.2381 -0.9118 -0.3345
vn 0.2386 -0.9101 -0.3389
vn 0.2386 -0.9101 -0.3388
vn 0.2434 -0.9140 -0.3247
vn 0.2403 -0.9104 -0.3369
vn 0.0105 -0.9219 -0.3873
vn 0.0111 -0.9255 -0.3787
vn 0.0120 -0.9187 -0.3948
vn 0.0110 -0.9226 -0.3856
vn 0.0135 -0.9058 -0.4236
vn 0.0136 -0.9062 -0.4226
vn 0.0034 -0.9240 -0.3825
vn -0.3582 0.8099 0.4645
vn -0.8765 -0.0674 0.4767
vn -0.8757 -0.0626 0.4787
vn -0.8732 -0.0722 0.4820
vn -0.8778 -0.0722 0.4736
vn -0.8759 -0.0692 0.4775
vn -0.8779 -0.0618 0.4748
vn -0.8770 -0.0664 0.4758
vn -0.8080 -0.1078 0.5792
vn -0.7554 -0.0417 0.6540
vn -0.8764 -0.0634 0.4773
vn -0.8765 -0.0669 0.4767
vn -0.8764 -0.0676 0.4768
vn -0.6674 0.2740 0.6925
vn -0.5796 0.3127 0.7525
vn 0.1112 -0.9694 -0.2190
vn 0.1147 -0.9688 -0.2197
vn 0.1575 -0.9613 -0.2260
vn 0.1557 -0.9611 -0.2282
vn 0.1672 -0.8442 -0.5093
vn -0.0461 -0.6758 0.7357
vn -0.0704 -0.8032 0.5915
vn -0.1229 -0.7082 0.6952
vn -0.1217 -0.7088 0.6949
vn -0.0891 -0.6858 0.7223
vn -0.0565 -0.7143 0.6975
vn -0.0117 -0.7098 0.7043
vn 0.1121 -0.9937 0.0079
vn 0.1481 -0.9890 0.0024
vn 0.0555 -0.9985 0.0029
vn 0.0318 -0.9993 -0.0190
vn -0.5253 -0.3124 -0.7915
vn -0.5245 -0.3124 -0.7920
vn -0.5237 -0.3123 -0.7926
vn -0.5236 -0.3123 -0.7927
vn 0.1481 -0.9847 0.0917
vn 0.1541 -0.9817 0.1123
vn 0.1593 -0.9818 0.1031
vn 0.1605 -0.9821 0.0982
vn 0.1571 -0.9819 0.1060
vn 0.1506 -0.9840 0.0957
vn -0.2270 -0.7830 0.5791
vn -0.2341 -0.7799 0.5804
vn 0.3544 -0.9067 -0.2287
vn 0.3600 -0.9043 -0.2294
vn 0.3642 -0.9038 -0.2249
vn 0.3903 -0.8921 -0.2276
vn 0.3988 -0.8898 -0.2218
vn 0.3506 -0.9075 -0.2314
vn 0.3302 -0.9151 -0.2315
vn 0.3280 -0.9154 -0.2334
vn 0.3648 -0.9014 -0.2332
vn 0.3560 -0.9045 -0.2349
vn 0.1969 0.9114 -0.3613
vn 0.1923 0.9123 -0.3617
vn 0.1164 0.7698 -0.6276
vn -0.7731 -0.0566 0.6318
vn -0.7723 -0.0640 0.6320
vn -0.7597 -0.0362 0.6493
vn 0.4378 0.8926 0.1072
vn 0.4379 0.8925 0.1077
vn 0.4614 0.8803 0.1104
vn 0.4226 0.9007 0.1004
vn -0.9432 0.3321 0.0040
vn -0.8236 0.5667 0.0218
vn -0.9221 0.3870 -0.0003
vn -0.9372 0.3488 -0.0036
vn -0.9552 0.2957 -0.0086
vn -0.9581 0.2863 0.0032
vn -0.7759 0.5765 -0.2563
vn -0.7754 0.5778 -0.2547
vn -0.7587 0.6501 -0.0424
vn -0.9774 0.2024 -0.0616
vn -0.7874 0.5715 -0.2310
vn 0.2622 -0.4287 -0.8646
vn 0.2497 -0.4499 -0.8575
vn 0.2046 -0.4763 -0.8552
vn 0.2009 -0.4429 -0.8738
vn 0.5702 -0.4504 -0.6870
vn 0.6521 -0.4071 0.6396
vn 0.6281 -0.3941 0.6710
vn 0.6209 -0.4451 0.6452
vn -0.6769 0.0001 0.7361
vn -0.6711 -0.0019 0.7414
vn -0.6516 0.0044 0.7586
vn -0.6554 0.0035 0.7553
vn -0.6659 -0.0002 0.7461
vn -0.6627 -0.0018 0.7489
vn -0.6623 -0.0019 0.7492
vn -0.4389 0.7414 -0.5076
vn -0.5314 0.8471 0.0046
vn -0.6674 0.7447 0.0059
vn -0.4089 0.8739 -0.2627
vn -0.5936 -0.7309 0.3368
vn -0.3065 -0.7418 -0.5964
vn -0.3063 -0.7420 -0.5963
vn -0.2899 -0.7656 -0.5743
vn -0.2783 -0.7682 -0.5766
vn 0.7107 -0.5682 0.4148
vn 0.6819 -0.6198 0.3884
vn 0.7053 -0.5995 0.3783
vn 0.7068 -0.5349 0.4629
vn -0.8382 -0.4759 -0.2662
vn -0.9682 -0.1483 -0.2017
vn -0.8089 -0.1897 0.5565
vn -0.8772 0.2637 0.4013
vn -0.3995 -0.7811 0.4799
vn -0.0382 -0.7130 0.7001
vn -0.5529 -0.7235 0.4134
vn -0.3902 -0.8305 0.3975
vn -0.3863 -0.7991 0.4607
vn -0.5406 -0.7307 0.4169
vn -0.6163 -0.5091 0.6009
vn -0.4955 -0.5344 0.6848
vn -0.5933 -0.5502 0.5876
vn -0.6379 -0.5081 0.5788
vn -0.2763 -0.9609 -0.0156
vn -0.2773 -0.9596 -0.0480
vn -0.2708 -0.9614 -0.0485
vn 0.1757 0.9805 -0.0884
vn -0.3554 0.8787 0.3187
vn 0.2248 0.8451 0.4851
vn 0.0112 0.9941 -0.1075
vn 0.3302 0.4357 0.8373
vn 0.0098 -0.6307 -0.7759
vn 0.6603 -0.1901 0.7265
vn 0.1329 0.0769 0.9881
vn 0.5951 0.0484 0.8022
vn 0.6544 -0.2162 0.7246
vn 0.6556 -0.2177 0.7230
vn 0.6504 -0.1685 0.7407
vn -0.1434 -0.8207 -0.5531
vn -0.1449 -0.8163 -0.5592
vn -0.1275 -0.8315 -0.5407
vn -0.1267 -0.8300 -0.5431
vn -0.9008 -0.4135 0.1325
vn -0.0711 0.9974 0.0100
vn -0.8788 -0.1843 0.4401
vn -0.8719 -0.1892 0.4516
vn -0.8801 -0.1635 0.4458
vn -0.8800 -0.1616 0.4467
vn -0.8539 -0.3766 0.3592
vn -0.8655 -0.3541 0.3543
vn -0.8583 -0.3519 0.3736
vn -0.8579 -0.3726 0.3537
vn 0.0434 -0.9455 -0.3226
vn -0.3994 0.5234 0.7527
vn -0.3944 0.5302 0.7505
vn -0.3970 0.5453 0.7383
vn 0.1874 0.4932 0.8495
vn -0.9439 0.2846 -0.1677
vn -0.9369 0.3048 -0.1714
vn -0.9420 0.2921 -0.1651
vn -0.9438 0.2878 -0.1625
vn 0.7374 0.6754 0.0020
vn 0.8044 0.5941 0.0018
vn 0.8028 0.5963 0.0060
vn 0.7336 0.6795 0.0064
vn 0.3199 0.9382 0.1322
vn 0.3500 0.9255 0.1448
vn 0.3575 0.9201 0.1600
vn 0.2569 0.9434 0.2096
vn 0.0534 -0.4916 0.8692
vn -0.0201 -0.6753 0.7373
vn -0.0587 -0.8483 0.5263
vn -0.0801 -0.8655 0.4945
vn 0.0031 -0.6647 0.7471
vn -0.8243 0.5652 -0.0330
vn -0.8624 0.5023 -0.0631
vn 0.1673 -0.9811 0.0976
vn 0.1719 -0.9802 0.0982
vn 0.1411 -0.9867 0.0806
vn 0.1694 -0.9804 0.1003
vn -0.3335 -0.1229 0.9347
vn -0.2313 0.9071 0.3516
vn -0.5973 -0.7782 -0.1940
vn -0.0870 -0.8892 0.4492
vn -0.0808 -0.8829 0.4625
vn -0.0512 -0.9219 0.3840
vn 0.8540 0.1620 0.4944
vn 0.8482 0.1621 0.5043
vn 0.8494 0.1646 0.5014
vn -0.6614 0.5460 0.5142
vn -0.6965 0.5528 0.4575
vn -0.5746 0.7071 0.4121
vn -0.6380 0.6231 0.4525
vn -0.6322 0.6253 0.4574
vn -0.4465 0.6508 0.6141
vn -0.5042 0.6403 0.5795
vn -0.4459 0.6678 0.5960
vn -0.8215 -0.5550 0.1308
vn 0.2322 -0.9598 0.1574
vn -0.9818 0.0630 -0.1789
vn -0.8882 0.4061 -0.2150
vn 0.7012 0.4539 0.5499
vn 0.7067 0.4649 0.5333
vn 0.6705 0.5321 0.5170
vn 0.6872 0.4238 0.5901
vn -0.3509 0.3562 -0.8660
vn -0.5090 0.8371 -0.2004
vn -0.4211 0.8834 0.2057
vn -0.3882 0.9070 0.1632
vn 0.5373 0.7389 0.4066
vn 0.4205 0.8271 0.3729
vn 0.3716 0.8260 0.4238
vn -0.6015 0.6462 0.4697
vn -0.5800 0.5389 0.6109
vn -0.5783 0.6571 0.4836
vn -0.7166 -0.5850 0.3798
vn -0.7224 -0.6004 0.3431
vn -0.7242 -0.5939 0.3505
vn -0.7212 -0.6024 0.3420
vn -0.7117 -0.6055 0.3560
vn -0.7142 -0.6045 0.3528
vn -0.7040 -0.5976 0.3838
vn -0.6527 0.1738 0.7374
vn -0.5920 0.0510 0.8043
vn -0.5152 0.0511 0.8555
vn -0.5242 0.1563 0.8371
vn -0.1348 -0.7310 -0.6689
vn 0.9719 -0.2282 -0.0576
vn -0.0406 0.7116 -0.7014
vn 0.5314 0.5632 -0.6328
vn 0.2271 0.1269 -0.9656
vn 0.1987 0.7079 -0.6778
vn 0.2177 0.1036 -0.9705
vn 0.0578 -0.8770 -0.4770
vn 0.1360 -0.9100 -0.3916
vn 0.1792 -0.9306 -0.3192
vn 0.7962 -0.5934 0.1179
vn 0.7830 -0.6045 0.1469
vn 0.7717 -0.6220 0.1327
vn 0.7720 -0.6216 0.1329
vn 0.7502 -0.6387 0.1710
vn 0.7960 -0.5937 0.1178
vn 0.1314 -0.0174 0.9912
vn 0.1000 -0.0212 0.9948
vn 0.0634 -0.0242 0.9977
vn -0.0287 -0.4987 0.8663
vn 0.1301 -0.0255 0.9912
vn -0.8488 -0.4124 0.3308
vn 0.4316 -0.4204 -0.7981
vn 0.3389 -0.3175 -0.8856
vn 0.3482 -0.3502 -0.8696
vn 0.3855 -0.3864 -0.8379
vn -0.0605 -0.8085 0.5854
vn -0.0422 -0.8296 0.5568
vn -0.0583 -0.8983 0.4355
vn -0.0922 -0.8884 0.4497
vn -0.3939 -0.3392 0.8543
vn -0.6100 -0.4806 0.6300
vn -0.4779 -0.5031 0.7201
vn -0.8635 -0.1192 0.4901
vn -0.9199 -0.0831 0.3833
vn -0.9475 -0.1342 0.2902
vn -0.9578 -0.1761 0.2272
vn -0.9156 -0.1433 0.3756
vn 0.2372 -0.9664 -0.0989
vn 0.2462 -0.9644 -0.0964
vn 0.2467 -0.9649 -0.0897
vn -0.2576 -0.9601 0.1085
vn -0.0971 -0.9700 0.2231
vn -0.0367 -0.9889 0.1438
vn 0.1363 -0.8019 0.5817
vn -0.5422 0.3192 -0.7773
vn -0.9304 -0.1733 0.3231
vn -0.9209 -0.1735 0.3491
vn -0.9256 -0.1506 0.3471
vn -0.0745 0.6555 -0.7515
vn -0.0663 0.6487 -0.7581
vn 0.0501 -0.8876 0.4579
vn 0.5386 -0.8048 -0.2493
vn 0.5399 -0.8025 -0.2539
vn 0.5237 -0.8144 -0.2501
vn 0.5243 -0.8132 -0.2528
vn 0.5287 -0.8139 -0.2410
vn 0.2915 0.3951 -0.8711
vn 0.2643 0.4241 -0.8662
vn 0.2855 0.4133 -0.8647
vn 0.3072 0.3988 -0.8641
vn 0.3184 0.3931 -0.8626
vn 0.3076 -0.1519 0.9393
vn -0.2169 -0.2507 0.9435
vn 0.4593 -0.5397 0.7055
vn 0.4332 -0.5852 0.6855
vn 0.3845 -0.9098 -0.1562
vn 0.4230 -0.8856 -0.1918
vn 0.6188 0.3908 -0.6814
vn -0.7134 0.4222 0.5593
vn -0.7495 0.3649 0.5524
vn -0.7629 0.4284 0.4842
vn -0.7310 0.4426 0.5194
vn -0.7032 0.4776 0.5267
vn -0.5792 0.5690 0.5838
vn -0.5236 -0.1143 0.8443
vn -0.4550 -0.1357 0.8801
vn -0.5051 -0.0587 0.8610
vn -0.9767 -0.1071 -0.1858
vn -0.9824 -0.1116 -0.1500
vn -0.9807 -0.0917 -0.1729
vn -0.9805 -0.0932 -0.1730
vn 0.2834 0.4242 0.8601
vn 0.3304 0.4163 0.8470
vn 0.3298 0.4160 0.8474
vn 0.3199 0.4187 0.8499
vn 0.2930 0.4338 0.8520
vn 0.2821 0.4461 0.8493
vn 0.3785 -0.9196 0.1054
vn 0.3774 -0.9199 0.1066
vn 0.3981 -0.9139 0.0795
vn 0.1107 0.4880 -0.8658
vn 0.1116 0.4876 -0.8659
vn 0.0853 0.4813 -0.8724
vn 0.0557 0.4716 -0.8800
vn 0.0139 0.4805 -0.8769
vn 0.0172 0.4585 -0.8885
vn 0.1170 0.4883 -0.8648
vn 0.1122 0.4937 -0.8623
vn 0.9972 0.0019 0.0746
vn 0.1133 0.0188 0.9934
vn 0.1982 0.3532 0.9143
vn 0.2440 0.0164 0.9696
vn 0.0148 0.2007 0.9795
vn -0.5620 -0.7277 0.3932
vn -0.5621 -0.7275 0.3935
vn -0.5614 -0.7306 0.3887
vn -0.5655 -0.7239 0.3952
vn -0.5585 -0.7235 0.4057
vn -0.5543 -0.7321 0.3959
vn -0.5570 -0.7286 0.3986
vn -0.4360 -0.7110 0.5517
vn -0.5114 -0.7844 0.3510
vn 0.8796 -0.3565 -0.3148
vn 0.7015 -0.7011 -0.1281
vn 0.6990 0.2331 0.6761
vn 0.5140 -0.6061 0.6069
vn 0.1012 -0.9638 -0.2465
vn -0.2019 -0.9786 -0.0392
vn -0.2048 -0.9781 -0.0358
vn -0.2737 -0.9569 -0.0969
vn -0.3608 -0.9306 -0.0625
vn -0.2698 -0.9617 -0.0486
vn -0.2907 -0.9554 -0.0514
vn -0.1116 -0.7856 0.6085
vn -0.1100 -0.7826 0.6128
vn -0.1139 -0.7846 0.6095
vn 0.1175 -0.4790 -0.8699
vn 0.1125 -0.4903 -0.8642
vn 0.1124 -0.4896 -0.8647
vn 0.1180 -0.4934 -0.8618
vn 0.1108 -0.5072 -0.8547
vn 0.1255 -0.5026 -0.8554
vn 0.0788 -0.4767 -0.8755
vn 0.1028 -0.4836 -0.8692
vn 0.3796 -0.8776 -0.2928
vn 0.1558 -0.9500 -0.2705
vn 0.3697 -0.8736 -0.3165
vn -0.4443 0.7421 0.5019
vn -0.5847 0.0802 0.8073
vn -0.6682 0.2634 0.6958
vn -0.6201 0.0984 0.7784
vn -0.5911 0.1142 0.7985
vn -0.4328 0.7659 0.4755
vn -0.4052 0.7539 0.5171
vn 0.4558 -0.2898 0.8416
vn 0.4776 -0.2281 0.8484
vn 0.4707 -0.3210 0.8218
vn -0.4714 0.8786 -0.0765
vn -0.0780 0.8233 0.5623
vn -0.7531 0.1372 0.6434
vn -0.9285 -0.3527 -0.1160
vn -0.8752 -0.4750 -0.0913
vn -0.4397 -0.4513 -0.7765
vn -0.4479 -0.4574 -0.7682
vn -0.4663 -0.4264 -0.7751
vn -0.4603 -0.4455 -0.7679
vn -0.4434 -0.4508 -0.7747
vn -0.4411 -0.4534 -0.7745
vn 0.3189 -0.8907 0.3238
vn 0.3063 -0.9025 0.3027
vn 0.2826 -0.9085 0.3077
vn 0.3101 -0.8986 0.3105
vn 0.2966 -0.9051 0.3047
vn 0.3140 -0.9069 0.2809
vn 0.3495 -0.8590 0.3742
vn 0.2670 -0.9251 0.2699
vn 0.2984 -0.9058 0.3009
vn 0.2052 -0.9386 -0.2773
vn -0.4297 -0.6863 0.5868
vn -0.4375 -0.6905 0.5760
vn -0.4377 -0.6905 0.5759
vn -0.4290 -0.6830 0.5911
vn -0.4280 -0.6836 0.5913
vn 0.3111 -0.8991 -0.3080
vn 0.3101 -0.8981 -0.3119
vn -0.0857 0.0915 -0.9921
vn -0.4703 0.0392 -0.8816
vn 0.6503 -0.0756 0.7559
vn 0.6482 -0.0763 0.7576
vn 0.6449 -0.0786 0.7602
vn 0.6516 -0.0754 0.7548
vn 0.6518 -0.0846 0.7537
vn 0.6453 -0.0763 0.7601
vn 0.5477 -0.5638 0.6182
vn 0.5633 -0.5336 0.6308
vn 0.5820 -0.5229 0.6228
vn 0.5675 -0.6233 0.5380
vn 0.5669 -0.6240 0.5379
vn 0.2100 -0.9423 -0.2609
vn -0.1638 0.3541 0.9208
vn -0.3036 0.2483 0.9199
vn -0.7768 -0.0053 0.6298
vn -0.1578 0.4027 0.9016
vn -0.1732 0.3562 0.9182
vn 0.5556 -0.6621 0.5029
vn 0.5511 -0.6747 0.4909
vn 0.5297 -0.6651 0.5264
vn -0.0340 0.5441 0.8383
vn 0.0252 0.3743 0.9270
vn -0.1405 0.6246 0.7682
vn -0.5564 0.6826 0.4738
vn 0.1055 0.9136 0.3926
vn -0.4052 0.0174 0.9141
vn -0.2826 0.0042 0.9592
vn -0.2435 -0.6362 -0.7321
vn 0.2656 0.8985 0.3494
vn 0.1043 -0.9933 -0.0491
vn 0.1069 -0.9931 -0.0487
vn 0.1035 -0.9935 -0.0466
vn 0.0526 -0.9975 -0.0477
vn 0.0845 -0.9953 -0.0480
vn 0.0927 -0.9946 -0.0460
vn 0.1032 -0.9933 -0.0518
vn -0.5138 0.7549 0.4076
vn -0.4840 0.7831 0.3904
vn -0.5078 0.7615 0.4029
vn -0.1365 0.6178 -0.7744
vn -0.2326 0.6339 -0.7376
vn -0.2326 0.6340 -0.7376
vn 0.7677 -0.5608 0.3101
vn 0.3037 -0.9318 -0.1989
vn -0.0281 -0.9993 -0.0264
vn -0.5618 0.8246 -0.0666
vn -0.8073 0.5850 -0.0776
vn -0.6506 0.7593 0.0134
vn -0.6218 0.7831 -0.0009
vn -0.5921 0.8059 0.0041
vn -0.5070 0.8614 -0.0304
vn -0.5060 -0.0107 -0.8625
vn -0.3793 -0.8572 -0.3483
vn -0.4984 -0.0062 -0.8669
vn -0.3482 0.0615 -0.9354
vn -0.0815 0.9966 -0.0117
vn -0.0848 0.9963 -0.0157
vn -0.0820 0.9965 -0.0171
vn -0.0852 0.9962 -0.0167
vn -0.0755 0.9970 -0.0144
vn -0.0814 0.9966 -0.0120
vn -0.2103 -0.0002 -0.9776
vn -0.2338 -0.0077 -0.9723
vn 0.3661 -0.7382 -0.5665
vn -0.2568 -0.0089 -0.9664
vn -0.2569 -0.0089 -0.9664
vn -0.3071 -0.0034 -0.9517
vn -0.3093 -0.0031 -0.9510
vn -0.2897 -0.0094 -0.9571
vn -0.3030 0.0041 -0.9530
vn -0.3214 -0.0091 -0.9469
vn -0.6326 -0.1046 -0.7674
vn -0.6349 -0.1033 -0.7656
vn -0.6404 -0.0969 -0.7619
vn -0.6343 -0.1142 -0.7646
vn -0.6331 -0.1132 -0.7657
vn -0.3757 -0.0035 -0.9267
vn 0.0796 -0.8455 -0.5280
vn -0.0458 -0.8843 -0.4646
vn -0.5612 -0.6357 0.5300
vn -0.5691 -0.6277 0.5311
vn -0.5545 -0.6417 0.5299
vn -0.5525 -0.6445 0.5285
vn -0.4535 -0.0000 -0.8912
vn -0.4534 -0.0002 -0.8913
vn -0.4537 0.0001 -0.8911
vn -0.4542 0.0006 -0.8909
vn -0.4315 -0.0001 -0.9021
vn -0.4316 -0.0001 -0.9021
vn -0.3341 0.0049 -0.9425
vn -0.0028 -0.9498 0.3127
vn -0.0057 -0.9504 0.3110
vn -0.0406 -0.9571 0.2870
vn -0.0443 -0.9571 0.2864
vn -0.0650 -0.9389 0.3379
vn -0.0522 -0.9426 0.3298
vn -0.0973 -0.9937 0.0556
vn -0.2018 -0.9784 0.0457
vn -0.1494 -0.9851 0.0851
vn -0.2336 -0.9709 0.0531
vn -0.1194 0.5774 -0.8077
vn -0.1191 0.5771 -0.8079
vn 0.0242 0.9068 0.4210
vn 0.0242 0.9067 0.4210
vn 0.0250 0.9149 0.4028
vn 0.0249 0.9149 0.4028
vn 0.0311 0.9248 0.3792
vn 0.0255 0.9213 0.3880
vn 0.0099 0.9415 0.3367
vn 0.6058 -0.5051 0.6147
vn 0.6334 -0.4786 0.6081
vn 0.6183 -0.4941 0.6112
vn 0.6243 -0.4695 0.6243
vn 0.0702 0.9840 0.1636
vn 0.0256 0.9343 0.3556
vn 0.0410 0.9346 0.3533
vn 0.3414 0.9233 0.1760
vn 0.0452 0.9353 0.3510
vn 0.0453 0.9353 0.3510
vn 0.0675 0.9367 0.3435
vn -0.0773 0.8377 0.5406
vn -0.8399 0.0053 0.5428
vn -0.8049 0.0399 0.5920
vn -0.6078 0.1086 0.7866
vn -0.7872 -0.5704 -0.2345
vn -0.7897 -0.5762 -0.2106
vn -0.7444 -0.5855 -0.3210
vn -0.7561 -0.5523 -0.3510
vn -0.7576 -0.5487 -0.3536
vn -0.7580 -0.5972 -0.2622
vn 0.0546 0.5878 0.8072
vn 0.0388 0.5888 0.8073
vn 0.0417 0.5974 0.8008
vn 0.0336 0.5998 0.7994
vn 0.0349 0.6027 0.7972
vn 0.0305 0.6064 0.7946
vn 0.0134 0.6019 0.7984
vn 0.0379 0.6097 0.7917
vn 0.0592 0.6080 0.7917
vn 0.0346 0.6002 0.7991
vn 0.5070 -0.8482 0.1531
vn 0.5090 -0.8468 0.1544
vn 0.5110 -0.8465 0.1495
vn 0.5066 -0.8487 0.1517
vn 0.5125 -0.8438 0.1590
vn 0.5131 -0.8446 0.1531
vn -0.2519 0.8660 -0.4319
vn -0.2522 0.8657 -0.4324
vn -0.2520 0.8654 -0.4331
vn -0.1198 -0.9882 0.0953
vn -0.0072 -0.9907 0.1357
vn -0.1074 -0.9896 0.0953
vn 0.0252 0.6199 0.7842
vn -0.1324 0.6487 0.7495
vn -0.2065 0.8136 0.5436
vn -0.2319 0.5726 -0.7864
vn -0.2296 0.5748 -0.7854
vn -0.0565 -0.0008 0.9984
vn -0.0589 0.0014 0.9983
vn -0.0585 0.0037 0.9983
vn -0.0598 -0.0010 0.9982
vn -0.7155 0.5901 -0.3738
vn -0.7117 0.5918 -0.3784
vn 0.2554 0.7896 0.5579
vn 0.2131 0.6868 0.6949
vn 0.2131 0.6869 0.6948
vn 0.1812 0.6578 0.7311
vn 0.4350 0.7846 0.4418
vn 0.5844 0.6645 0.4658
vn 0.5845 0.5043 0.6356
vn 0.1747 0.6604 0.7303
vn 0.4483 0.7644 0.4634
vn 0.5279 0.4755 0.7037
vn 0.5129 0.4615 0.7239
vn 0.4677 0.4157 0.7800
vn 0.4486 0.4001 0.7992
vn 0.4729 0.4172 0.7761
vn 0.3813 0.2988 0.8748
vn 0.3743 0.3469 0.8600
vn 0.2234 0.2848 0.9322
vn 0.2219 0.2867 0.9320
vn 0.2653 0.2899 0.9195
vn -0.1549 0.9831 0.0977
vn -0.1546 0.9816 0.1125
vn -0.1529 0.9830 0.1020
vn -0.8124 -0.5657 -0.1414
vn -0.7614 -0.6363 -0.1238
vn -0.7618 -0.6354 -0.1262
vn -0.5060 -0.6209 -0.5987
vn -0.4827 -0.6272 -0.6112
vn -0.4833 -0.6211 -0.6169
vn -0.4807 -0.6153 -0.6247
vn -0.4814 -0.6146 -0.6249
vn 0.1208 0.9886 0.0903
vn 0.0976 0.9916 0.0850
vn 0.1109 0.9894 0.0938
vn 0.3019 -0.9214 -0.2447
vn 0.2965 -0.9224 -0.2476
vn 0.2983 -0.9238 -0.2401
vn 0.2868 -0.9272 -0.2407
vn 0.2992 -0.9231 -0.2415
vn 0.3066 -0.9190 -0.2477
vn 0.2144 0.9697 0.1169
vn 0.1571 0.9827 0.0980
vn 0.1276 0.9794 0.1564
vn 0.1522 0.9807 0.1228
vn 0.1833 0.9791 0.0877
vn -0.0854 0.9620 0.2592
vn -0.0009 0.7975 -0.6033
vn -0.0001 0.7990 -0.6013
vn -0.0023 0.7912 -0.6115
vn -0.0005 0.7968 -0.6043
vn -0.0234 0.7962 -0.6046
vn -0.0209 0.7926 -0.6093
vn 0.0018 0.8018 -0.5976
vn -0.0085 0.7977 -0.6030
vn 0.2513 0.9603 0.1212
vn 0.2450 0.9650 0.0933
vn 0.2501 0.9613 0.1156
vn -0.2302 -0.8674 -0.4411
vn -0.1903 -0.8701 -0.4547
vn -0.1685 -0.8730 -0.4577
vn 0.3030 0.9474 0.1030
vn 0.2993 0.9471 0.1158
vn 0.2796 0.9523 0.1224
vn 0.2551 0.9615 0.1024
vn -0.0156 0.8631 0.5048
vn -0.0038 0.8288 0.5596
vn -0.2227 0.7133 0.6646
vn -0.2324 0.8775 0.4195
vn 0.4209 0.8935 0.1565
vn 0.2271 0.9714 0.0690
vn 0.4286 0.8898 0.1566
vn 0.3753 0.3184 0.8705
vn 0.3399 0.3226 0.8834
vn 0.3399 0.3225 0.8835
vn 0.2628 0.2980 0.9177
vn 0.2313 0.2882 0.9292
vn -0.2227 -0.5157 0.8273
vn -0.0011 -0.8169 0.5768
vn -0.3950 -0.3088 0.8652
vn -0.1314 -0.7758 0.6171
vn -0.1133 -0.7826 0.6122
vn -0.1194 -0.7842 0.6089
vn -0.1816 -0.7725 0.6085
vn -0.0409 0.9774 0.2073
vn -0.0156 0.9964 0.0832
vn -0.0163 0.9964 0.0837
vn -0.0265 0.9961 0.0845
vn 0.4323 0.3767 0.8193
vn 0.4169 0.3728 0.8290
vn 0.1510 0.3041 0.9406
vn 0.3880 0.3696 0.8443
vn 0.4459 0.3938 0.8038
vn 0.3617 0.3460 0.8657
vn 0.1526 0.4504 0.8797
vn 0.4714 0.4027 0.7846
vn -0.8582 -0.0887 -0.5055
vn -0.8594 -0.0955 -0.5023
vn -0.8594 -0.0956 -0.5023
vn 0.4813 0.7055 0.5203
vn 0.5590 0.5167 0.6485
vn 0.5576 0.5240 0.6438
vn 0.5623 0.5698 0.5993
vn 0.5331 0.5338 0.6564
vn 0.5552 0.5946 0.5815
vn 0.5697 0.5443 0.6157
vn 0.5710 0.6189 0.5394
vn 0.6055 0.6049 0.5172
vn 0.5728 0.6032 0.5551
vn 0.5785 0.5856 0.5677
vn 0.5804 0.6897 0.4329
vn 0.5850 0.6767 0.4471
vn 0.5789 0.6946 0.4271
vn 0.6107 0.7301 0.3066
vn 0.5752 0.7350 0.3591
vn 0.5671 0.7360 0.3697
vn 0.5599 0.7607 0.3283
vn 0.4626 0.6824 0.5660
vn 0.3668 0.8883 0.2763
vn 0.5108 0.8075 0.2950
vn 0.5195 0.7941 0.3154
vn 0.4920 0.8369 0.2397
vn 0.5957 0.7037 0.3871
vn 0.5554 0.7284 0.4012
vn 0.5234 0.7022 0.4827
vn 0.2322 0.8179 0.5264
vn 0.2573 0.7984 0.5444
vn 0.5000 0.8248 0.2639
vn 0.4582 0.8661 0.1999
vn 0.5163 0.8256 0.2277
vn 0.0693 0.9649 0.2532
vn 0.1983 0.8535 0.4818
vn 0.1232 0.9674 0.2211
vn 0.4464 0.8698 0.2104
vn 0.4464 0.8697 0.2104
vn -0.7969 -0.5881 -0.1385
vn -0.8035 -0.5893 -0.0841
vn -0.6183 0.6117 0.4935
vn -0.6226 0.6070 0.4939
vn -0.6266 0.6022 0.4947
vn -0.3850 0.9229 0.0013
vn -0.3770 0.9262 0.0048
vn -0.4712 0.8820 0.0018
vn -0.2121 0.9418 -0.2609
vn -0.9027 0.0006 -0.4302
vn -0.9077 -0.0463 -0.4171
vn -0.8928 0.0340 -0.4492
vn -0.6637 -0.0375 -0.7470
vn -0.7882 -0.0098 -0.6153
vn 0.5066 0.8157 0.2794
vn 0.5632 0.7357 0.3763
vn 0.4058 0.7647 0.5006
vn 0.5552 0.5946 0.5816
vn 0.3562 0.9240 0.1390
vn 0.2395 0.9394 0.2452
vn 0.1253 0.9537 0.2736
vn 0.0885 0.9905 0.1056
vn -0.7222 0.5635 0.4011
vn -0.7222 0.5651 0.3988
vn -0.7227 0.5675 0.3946
vn -0.7240 0.5641 0.3970
vn 0.0230 0.9967 0.0779
vn -0.0458 0.7301 0.6818
vn 0.0001 0.8005 0.5994
vn 0.0694 0.9649 0.2532
vn -0.1096 0.8781 0.4657
vn -0.0971 0.7964 0.5969
vn 0.0313 0.7672 0.6407
vn 0.0310 0.7720 0.6349
vn 0.0382 0.7700 0.6369
vn -0.3301 0.6929 0.6410
vn -0.8643 -0.2285 0.4481
vn -0.8592 -0.2184 0.4626
vn -0.8392 -0.2418 0.4871
vn -0.3985 -0.7987 0.4509
vn 0.0054 -0.7077 0.7065
vn 0.0168 -0.7098 0.7042
vn 0.0559 -0.7005 0.7115
vn -0.0589 0.2278 0.9719
vn -0.1736 -0.0000 0.9848
vn -0.1369 0.0988 0.9856
vn 0.1750 0.0735 0.9818
vn 0.1967 -0.7620 0.6170
vn 0.4868 0.8036 0.3425
vn 0.4836 0.8028 0.3488
vn -0.9927 0.0055 -0.1201
vn -0.9983 0.0010 -0.0577
vn -0.4154 0.6502 0.6362
vn -0.4107 0.6527 0.6367
vn -0.4094 0.6173 0.6718
vn -0.4074 0.5958 0.6921
vn -0.4180 0.5925 0.6886
vn -0.3970 0.6250 0.6721
vn -0.1308 0.8007 0.5846
vn -0.1336 0.8036 0.5800
vn -0.1389 0.8031 0.5794
vn -0.1333 0.8032 0.5807
vn -0.1950 0.8333 0.5173
vn -0.0161 0.8483 0.5293
vn -0.1293 0.8027 0.5822
vn 0.4836 -0.8046 0.3446
vn 0.4801 -0.8066 0.3448
vn 0.4816 -0.8049 0.3467
vn 0.4810 -0.8037 0.3503
vn 0.4886 -0.8029 0.3416
vn -0.1794 0.8697 0.4598
vn -0.1279 0.8794 0.4585
vn -0.0881 0.8884 0.4505
vn -0.0463 0.9220 0.3844
vn -0.2769 0.8393 0.4678
vn -0.2770 0.8393 0.4678
vn -0.3350 0.8218 0.4610
vn -0.3350 0.8218 0.4609
vn -0.3350 0.8217 0.4610
vn -0.6810 0.5085 0.5269
vn -0.6804 0.4663 0.5654
vn -0.6840 0.5088 0.5228
vn -0.8657 0.1893 0.4634
vn -0.8766 0.1840 0.4446
vn -0.8727 0.1964 0.4471
vn -0.8737 0.1986 0.4441
vn -0.8685 0.2204 0.4439
vn -0.7884 0.5571 0.2609
vn -0.7841 0.5624 0.2625
vn -0.7526 0.6004 0.2704
vn -0.7627 0.5939 0.2562
vn -0.7851 0.5596 0.2654
vn -0.7910 0.5528 0.2621
vn -0.4289 -0.5386 0.7252
vn -0.1375 -0.3019 0.9434
vn -0.3891 -0.0122 0.9211
vn 0.2098 -0.8319 -0.5137
vn -0.4093 0.0736 0.9094
vn -0.4686 0.0369 0.8826
vn -0.2006 -0.9167 0.3454
vn 0.8144 -0.0675 0.5764
vn 0.8221 -0.1111 0.5584
vn 0.8622 -0.1060 0.4953
vn -0.3499 0.5591 -0.7516
vn -0.3482 0.5587 -0.7527
vn -0.3489 0.5593 -0.7520
vn -0.3453 0.5582 -0.7545
vn -0.4640 0.8740 0.1444
vn -0.4563 0.8897 -0.0144
vn 0.3103 -0.6457 0.6977
vn -0.7819 0.5290 0.3298
vn -0.7846 0.5216 0.3351
vn -0.7806 0.5340 0.3250
vn -0.7750 0.5407 0.3271
vn -0.7767 0.5323 0.3367
vn -0.8148 0.4733 0.3348
vn -0.7831 0.5238 0.3353
vn 0.2259 0.9742 0.0013
vn 0.2463 0.9691 0.0097
vn 0.1575 0.9875 0.0020
vn 0.1739 0.9848 -0.0056
vn -0.1541 0.8687 -0.4708
vn -0.5334 0.5204 0.6668
vn 0.4510 0.2207 0.8648
vn 0.6396 0.1329 0.7571
vn 0.6431 0.0973 0.7596
vn 0.6487 0.0475 0.7596
vn 0.6088 -0.1723 0.7744
vn 0.7962 0.3388 0.5012
vn 0.7945 0.3464 0.4988
vn 0.7723 0.3737 0.5137
vn 0.7922 0.3608 0.4922
vn 0.7815 0.3259 0.5320
vn 0.7952 0.3284 0.5097
vn -0.8254 0.4878 0.2841
vn -0.8302 0.4825 0.2791
vn -0.8304 0.4835 0.2769
vn -0.8240 0.4919 0.2812
vn 0.0236 0.0106 -0.9997
vn 0.1202 -0.1736 -0.9775
vn 0.0478 -0.0002 -0.9989
vn 0.0077 -0.1700 -0.9854
vn -0.6664 0.4728 -0.5765
vn 0.9698 0.2236 -0.0975
vn 0.9699 0.2225 -0.0992
vn 0.9689 0.2244 -0.1041
vn 0.1577 -0.9064 0.3920
vn 0.1049 -0.9074 0.4069
vn 0.1243 -0.9039 0.4093
vn 0.1063 -0.8901 0.4432
vn 0.0537 -0.9022 0.4279
vn 0.1611 -0.6065 0.7786
vn 0.3476 -0.6378 0.6873
vn 0.1215 -0.8963 0.4265
vn 0.1340 -0.9021 0.4101
vn 0.1365 -0.8897 0.4357
vn 0.1021 -0.9023 0.4189
vn 0.1052 -0.8907 0.4423
vn 0.2090 -0.8976 0.3881
vn 0.0200 -0.9998 0.0013
vn -0.0468 -0.9989 -0.0051
vn -0.0572 -0.9984 0.0016
vn 0.0372 -0.9993 0.0087
vn -0.8903 -0.3356 0.3079
vn -0.8907 -0.3365 0.3056
vn -0.9097 -0.3113 0.2748
vn -0.9172 -0.2738 0.2896
vn -0.5520 -0.6099 0.5686
vn -0.5571 -0.6018 0.5722
vn -0.5226 -0.6257 0.5792
vn -0.5743 -0.5768 0.5810
vn -0.4888 -0.5708 0.6597
vn -0.7244 0.5940 0.3499
vn -0.7246 0.5958 0.3463
vn -0.7223 0.5907 0.3596
vn -0.7210 0.5908 0.3620
vn -0.7334 0.5869 0.3430
vn -0.7261 0.5920 0.3497
vn -0.4627 -0.0667 -0.8840
vn -0.4672 -0.0753 -0.8810
vn -0.4526 -0.0753 -0.8885
vn -0.4659 -0.0803 -0.8812
vn -0.8806 -0.3751 0.2895
vn -0.6978 0.4331 0.5705
vn -0.4458 0.7561 0.4791
vn -0.2673 -0.9543 0.1339
vn -0.0458 -0.8844 -0.4645
vn 0.0798 -0.8455 -0.5280
vn -0.1055 0.9040 0.4143
vn -0.0794 0.9100 0.4068
vn 0.1212 0.7678 0.6291
vn 0.1538 0.7580 0.6338
vn -0.1370 0.8948 0.4249
vn -0.9220 0.3095 -0.2328
vn 0.3183 -0.4344 0.8426
vn 0.2729 -0.4467 0.8520
vn 0.2737 -0.4470 0.8516
vn 0.2469 -0.4638 0.8508
vn 0.3176 -0.4341 0.8430
vn -0.7786 -0.3987 0.4846
vn -0.7656 -0.4030 0.5015
vn -0.7771 -0.4149 0.4733
vn 0.1333 0.0098 0.9910
vn -0.1451 -0.2125 0.9663
vn -0.2029 -0.2564 0.9450
vn 0.8192 -0.2172 0.5307
vn 0.8190 -0.2173 0.5311
vn 0.8189 -0.2174 0.5312
vn 0.8207 -0.2215 0.5267
vn 0.1643 -0.8598 0.4835
vn -0.2170 0.8674 -0.4478
vn 0.7594 0.3378 0.5561
vn 0.7517 0.3457 0.5617
vn 0.7631 0.3313 0.5549
vn -0.4510 -0.8887 -0.0822
vn -0.4355 -0.8962 -0.0847
vn -0.4319 -0.8983 -0.0806
vn -0.2415 -0.0038 -0.9704
vn -0.2100 0.0611 -0.9758
vn -0.4427 -0.1709 -0.8802
vn -0.3669 -0.0027 -0.9303
vn -0.2128 -0.0637 -0.9750
vn -0.1196 -0.0755 -0.9899
vn -0.9317 -0.2721 0.2407
vn -0.9251 -0.2639 0.2729
vn -0.9219 -0.2366 0.3067
vn 0.5566 0.4141 0.7202
vn 0.6865 0.3213 0.6523
vn 0.5740 0.3606 0.7352
vn 0.5425 -0.0354 0.8393
vn 0.3729 0.3744 -0.8490
vn 0.3621 0.3549 -0.8619
vn 0.4371 -0.5944 0.6750
vn 0.4276 -0.5745 0.6979
vn -0.5011 -0.4177 0.7579
vn -0.4362 -0.3553 0.8267
vn 0.0456 -0.4899 0.8706
vn -0.4611 -0.4126 0.7856
vn -0.5624 0.4974 0.6605
vn -0.2195 -0.0001 -0.9756
vn 0.5581 0.1529 -0.8156
vn 0.8777 -0.2030 -0.4342
vn 0.9792 -0.0582 -0.1942
vn 0.2395 -0.3521 -0.9048
vn 0.2554 -0.9624 -0.0929
vn 0.2605 -0.9610 -0.0926
vn 0.2534 -0.9631 -0.0911
vn 0.2536 -0.9628 -0.0932
vn 0.2528 -0.9630 -0.0932
vn 0.2592 -0.9613 -0.0928
vn 0.2614 -0.9608 -0.0919
vn 0.2525 -0.9629 -0.0956
vn 0.2590 -0.9627 -0.0783
vn -0.5217 0.3632 -0.7720
vn -0.5009 0.3782 -0.7785
vn -0.5204 0.2783 -0.8073
vn -0.6153 0.2311 -0.7537
vn -0.9758 0.2184 0.0053
vn -0.9462 0.0163 0.3233
vn -0.7622 0.6364 -0.1184
vn -0.7028 0.5964 -0.3877
vn -0.9750 0.2218 -0.0092
vn 0.3288 0.3304 -0.8847
vn 0.2915 0.2859 -0.9128
vn 0.1516 -0.7837 0.6023
vn -0.8566 0.5101 -0.0776
vn -0.8187 0.5683 -0.0820
vn -0.9912 0.0172 0.1313
vn -0.9311 -0.0065 0.3647
vn -0.8754 0.4762 -0.0830
vn -0.9143 0.3093 0.2616
vn -0.9145 0.3093 0.2609
vn -0.9176 0.3036 0.2564
vn -0.9178 0.3160 0.2405
vn -0.9136 0.3112 0.2617
vn -0.2192 -0.4836 0.8474
vn -0.4238 0.6227 -0.6578
vn -0.4123 0.6146 -0.6725
vn -0.4149 0.6017 -0.6825
vn 0.0198 -0.8407 -0.5411
vn -0.7937 -0.4994 0.3473
vn -0.7939 -0.5008 0.3448
vn -0.7938 -0.5009 0.3450
vn -0.7512 0.3376 0.5672
vn -0.7431 0.1344 0.6555
vn -0.6124 0.2032 0.7640
vn -0.6402 0.3373 0.6902
vn -0.8071 0.0812 0.5848
vn -0.7163 0.4067 0.5670
vn -0.7246 0.3965 0.5637
vn -0.6788 0.3862 0.6246
vn -0.7670 0.1058 0.6329
vn -0.7579 0.0496 0.6504
vn -0.7457 0.1321 0.6531
vn -0.8160 -0.0344 0.5770
vn -0.1735 -0.0000 0.9848
vn 0.4605 -0.3987 0.7931
vn 0.4026 -0.3548 0.8438
vn 0.4345 -0.3664 0.8228
vn 0.4642 -0.3888 0.7958
vn 0.2852 -0.9542 0.0905
vn 0.1947 -0.9572 0.2140
vn 0.2673 -0.9371 0.2243
vn 0.2744 -0.9574 0.0899
vn -0.6999 0.5424 0.4647
vn -0.7023 0.5418 0.4618
vn -0.7819 0.1453 0.6062
vn -0.7928 0.1524 0.5902
vn -0.7866 0.1865 0.5886
vn -0.0621 -0.5476 -0.8344
vn -0.1106 -0.5360 -0.8369
vn -0.0838 -0.5300 -0.8438
vn -0.0563 -0.5280 -0.8474
vn -0.0410 -0.5370 -0.8426
vn -0.0906 -0.5516 -0.8292
vn -0.7920 -0.0020 0.6106
vn -0.8217 0.0489 0.5678
vn -0.8151 0.2845 0.5046
vn -0.8151 0.2845 0.5047
vn -0.8872 0.0934 0.4519
vn -0.8892 0.0990 0.4467
vn -0.8900 0.0991 0.4450
vn -0.8912 0.0954 0.4434
vn -0.8929 -0.1010 0.4388
vn -0.8938 -0.0997 0.4373
vn -0.8927 -0.1048 0.4383
vn -0.8958 -0.0961 0.4339
vn -0.8960 -0.0967 0.4334
vn 0.9839 -0.1581 -0.0835
vn -0.0637 0.3260 0.9432
vn 0.4922 -0.8623 -0.1195
vn 0.4863 -0.8656 -0.1190
vn 0.4887 -0.8651 -0.1128
vn 0.4894 -0.8630 -0.1257
vn -0.2144 0.5600 0.8003
vn -0.2145 0.5600 0.8002
vn -0.2556 0.5996 0.7584
vn -0.2555 0.5996 0.7584
vn -0.2976 0.6340 0.7138
vn -0.3693 0.6735 0.6403
vn -0.4013 0.6824 0.6110
vn -0.4228 0.6839 0.5945
vn -0.4228 0.6840 0.5945
vn -0.4363 0.6855 0.5829
vn -0.4405 0.6900 0.5743
vn -0.4406 0.6900 0.5743
vn -0.4405 0.6902 0.5741
vn -0.4382 0.7012 0.5625
vn -0.4382 0.7011 0.5625
vn -0.4260 0.7327 0.5308
vn -0.6979 0.3127 0.6443
vn -0.7732 0.1529 0.6155
vn -0.4260 0.7326 0.5308
vn -0.3853 0.7856 0.4841
vn -0.3852 0.7856 0.4841
vn 0.2774 0.8460 0.4554
vn 0.2698 0.8399 0.4710
vn 0.2896 0.8310 0.4749
vn 0.2103 0.4316 0.8772
vn 0.2612 0.4728 0.8416
vn 0.5164 0.4602 0.7222
vn 0.5664 0.5307 0.6305
vn 0.5448 0.5077 0.6674
vn 0.5726 0.5486 0.6093
vn 0.5575 0.5701 0.6035
vn -0.2441 -0.1634 0.9559
vn -0.3085 -0.1360 0.9415
vn -0.3559 -0.2863 0.8896
vn -0.0026 0.7638 0.6454
vn 0.4991 0.5477 0.6715
vn 0.1728 -0.0167 0.9848
vn 0.1688 -0.0127 0.9856
vn 0.1721 -0.0096 0.9850
vn 0.1771 -0.0106 0.9841
vn 0.1777 -0.0129 0.9840
vn 0.1787 -0.0158 0.9838
vn 0.1760 -0.0162 0.9843
vn 0.1780 -0.0156 0.9839
vn 0.3918 -0.1402 0.9093
vn 0.2144 -0.0094 0.9767
vn 0.3935 -0.0826 0.9156
vn 0.1769 -0.0163 0.9841
vn 0.1770 -0.0180 0.9840
vn 0.1760 -0.0177 0.9842
vn 0.3961 0.1038 0.9123
vn 0.3159 -0.0346 0.9482
vn 0.1770 -0.0157 0.9841
vn 0.1781 -0.0172 0.9839
vn 0.1774 -0.0158 0.9840
vn 0.1771 -0.0152 0.9841
vn 0.1769 -0.0137 0.9841
vn 0.1877 -0.0538 0.9808
vn -0.2488 0.0584 0.9668
vn 0.2010 0.0606 0.9777
vn 0.1746 -0.0160 0.9845
vn 0.3158 0.8183 0.4803
vn 0.2889 0.7941 0.5347
vn -0.3868 0.7969 -0.4641
vn 0.0486 0.9504 0.3073
vn -0.0262 0.9415 0.3360
vn 0.2222 0.7856 0.5775
vn 0.2221 0.7855 0.5776
vn 0.2222 0.7855 0.5776
vn 0.0954 0.8209 0.5631
vn -0.1222 -0.8687 -0.4801
vn -0.1227 -0.8684 -0.4804
vn -0.1068 -0.8696 -0.4821
vn -0.1205 -0.8774 -0.4643
vn 0.8570 -0.0921 0.5070
vn 0.8588 -0.0847 0.5052
vn 0.8570 -0.0868 0.5080
vn 0.8585 -0.0861 0.5056
vn 0.8546 -0.0967 0.5101
vn -0.9958 -0.0148 -0.0902
vn -0.8161 -0.4329 0.3829
vn -0.9955 0.0788 0.0523
vn -0.9543 -0.2861 -0.0860
vn -0.9678 -0.2331 -0.0945
vn -0.8449 0.4537 0.2833
vn 0.6266 0.6121 0.4824
vn -0.0322 0.2000 0.9793
vn -0.9458 -0.0002 0.3247
vn -0.9760 -0.1686 0.1382
vn -0.9454 -0.0010 0.3260
vn -0.1349 -0.6542 -0.7442
vn -0.5623 -0.0096 -0.8269
vn -0.6272 0.0103 -0.7788
vn -0.6169 -0.1370 -0.7750
vn 0.0574 -0.4527 -0.8898
vn 0.0725 -0.4604 -0.8847
vn 0.0719 -0.4505 -0.8899
vn 0.0333 -0.4528 -0.8910
vn 0.0510 -0.4651 -0.8838
vn 0.4881 0.1062 -0.8663
vn 0.4871 0.1051 -0.8670
vn 0.4717 0.1592 -0.8673
vn 0.4670 0.1742 -0.8669
vn -0.5598 0.6550 0.5076
vn -0.0305 -0.0016 -0.9995
vn 0.1086 -0.0042 -0.9941
vn 0.6469 -0.5819 0.4928
vn 0.6287 -0.6381 0.4444
vn 0.6532 -0.5583 0.5116
vn 0.6452 -0.5457 0.5347
vn -0.3156 0.7028 0.6375
vn -0.3157 0.7028 0.6375
vn -0.3058 0.6571 0.6890
vn -0.2917 0.5899 0.7529
vn -0.2772 0.5205 0.8076
vn -0.1945 0.2773 0.9409
vn -0.2192 0.2481 0.9436
vn -0.2194 0.2481 0.9436
vn 0.1236 0.4302 0.8943
vn 0.3870 0.0344 0.9214
vn -0.1874 0.2206 0.9572
vn -0.2077 0.1896 0.9596
vn -0.1978 0.1415 0.9700
vn 0.0305 -0.8115 0.5835
vn -0.0251 -0.8271 0.5615
vn 0.0006 -0.8199 0.5725
vn 0.0291 -0.8116 0.5835
vn 0.0262 -0.8099 0.5860
vn -0.1769 0.0535 0.9828
vn -0.1768 0.0535 0.9828
vn -0.1715 0.0329 0.9846
vn -0.1715 0.0306 0.9847
vn 0.0833 0.8614 -0.5010
vn 0.1442 0.6102 -0.7790
vn 0.2306 0.9337 -0.2739
vn 0.6375 0.7480 -0.1849
vn 0.5062 0.8312 -0.2299
vn 0.4770 0.3895 -0.7879
vn 0.4399 0.8360 -0.3281
vn -0.1689 0.7643 0.6223
vn -0.1497 0.7555 0.6378
vn -0.1511 0.7540 0.6392
vn -0.1578 0.7656 0.6236
vn -0.1549 0.7651 0.6250
vn -0.1597 0.7607 0.6291
vn -0.0006 -0.4111 -0.9116
vn -0.0318 -0.4119 -0.9107
vn 0.9466 -0.1528 0.2840
vn 0.9451 -0.1590 0.2854
vn -0.1668 -0.0266 0.9856
vn -0.1669 -0.0266 0.9856
vn -0.6988 0.0670 0.7122
vn -0.1699 -0.0321 0.9849
vn -0.9206 0.0182 0.3901
vn -0.1729 -0.0376 0.9842
vn -0.0160 0.8766 0.4810
vn -0.5392 0.0278 0.8417
vn -0.0640 0.9342 0.3510
vn -0.2705 0.9619 -0.0384
vn -0.3601 0.9316 -0.0497
vn -0.3389 0.9404 0.0293
vn -0.3928 0.9195 0.0134
vn -0.2656 0.9556 0.1272
vn -0.2096 -0.1987 0.9574
vn -0.2096 -0.1986 0.9574
vn -0.2206 -0.2533 0.9419
vn -0.2339 -0.3092 0.9218
vn -0.2469 -0.3665 0.8971
vn -0.2595 -0.4262 0.8666
vn -0.2727 -0.4925 0.8265
vn -0.3137 -0.6922 0.6499
vn -0.3137 -0.6923 0.6499
vn -0.3201 -0.7367 0.5956
vn -0.1228 0.0375 0.9917
vn -0.0413 0.2752 0.9605
vn -0.0413 0.2751 0.9605
vn -0.1565 0.4449 0.8818
vn -0.1568 0.4295 0.8893
vn 0.1753 0.9795 0.0989
vn 0.1741 0.9799 0.0973
vn 0.1091 0.9856 0.1294
vn 0.1278 0.9794 0.1564
vn 0.2047 0.9143 0.3496
vn 0.1461 0.9509 0.2728
vn 0.2998 0.8906 0.3419
vn 0.6284 -0.7749 0.0690
vn 0.6097 -0.7853 0.1077
vn 0.5610 0.5460 0.6222
vn 0.5358 0.5378 0.6509
vn 0.5354 0.5378 0.6512
vn 0.5517 0.5781 0.6012
vn 0.5534 0.5956 0.5822
vn -0.8510 0.0525 0.5225
vn -0.8942 0.0455 0.4454
vn -0.9242 -0.0262 0.3809
vn -0.8474 0.0022 0.5310
vn -0.8629 -0.0002 -0.5053
vn 0.2793 0.9600 -0.0182
vn 0.2707 0.9624 -0.0219
vn 0.2722 0.9613 -0.0429
vn 0.2465 0.9680 -0.0481
vn 0.2670 0.9626 -0.0462
vn -0.9471 -0.1598 0.2782
vn -0.9372 -0.2820 0.2052
vn -0.9864 -0.0455 -0.1580
vn -0.9868 -0.0418 -0.1567
vn 0.4274 0.7268 0.5376
vn 0.4265 0.6875 0.5878
vn 0.5023 0.6580 0.5610
vn -0.0015 -1.0000 0.0047
vn -0.0015 -1.0000 0.0052
vn 0.0021 -0.9999 -0.0101
vn -0.0008 -1.0000 0.0029
vn -0.0022 -0.9999 -0.0148
vn -0.1611 -0.9275 0.3374
vn 0.0007 -0.9996 0.0280
vn -0.8929 -0.4489 0.0364
vn -0.8927 -0.4477 -0.0515
vn -0.8869 -0.4618 -0.0088
vn 0.6451 0.0742 0.7605
vn 0.6472 0.0707 0.7590
vn 0.6405 0.0753 0.7642
vn 0.6435 0.0395 0.7645
vn 0.6432 0.0337 0.7650
vn -0.2781 -0.2466 -0.9284
vn -0.2665 -0.2495 -0.9310
vn -0.2473 -0.1927 -0.9496
vn -0.2782 -0.2447 -0.9288
vn 0.8419 0.2906 0.4546
vn 0.7200 0.6002 0.3484
vn 0.6571 0.6380 0.4014
vn 0.6050 0.6234 0.4953
vn 0.1960 0.9496 0.2446
vn 0.2134 0.9484 0.2346
vn 0.2113 0.9117 0.3523
vn 0.3820 0.8426 0.3796
vn 0.2115 0.9425 0.2586
vn 0.1694 0.9518 0.2556
vn 0.8153 -0.5607 0.1443
vn 0.8151 -0.5611 0.1443
vn 0.8173 -0.5578 0.1443
vn 0.8124 -0.5650 0.1442
vn 0.8165 -0.5589 0.1448
vn 0.8122 -0.5657 0.1423
vn -0.8334 0.2803 0.4764
vn -0.8461 0.2801 0.4536
vn -0.8154 0.3871 0.4304
vn -0.8059 0.3920 0.4437
vn 0.5736 0.7312 0.3692
vn -0.3849 -0.7050 0.5957
vn -0.3993 -0.6984 0.5940
vn -0.3682 -0.6690 0.6457
vn -0.3683 -0.6689 0.6457
vn 0.5512 0.5806 0.5992
vn 0.5828 0.5349 0.6118
vn -0.1173 0.8709 0.4773
vn -0.2586 0.8213 0.5085
vn -0.2574 0.8204 0.5105
vn -0.2600 0.8198 0.5102
vn 0.7806 0.6092 0.1395
vn 0.7807 0.6099 0.1362
vn 0.7818 0.6088 0.1347
vn -0.9899 0.0712 -0.1223
vn -0.9874 0.0726 -0.1407
vn -0.9869 0.0816 -0.1394
vn -0.9674 0.2317 -0.1021
vn 0.0535 -0.8693 -0.4913
vn 0.0053 -0.8768 -0.4808
vn 0.0066 -0.8775 -0.4795
vn 0.0529 -0.8697 -0.4907
vn 0.0537 -0.8694 -0.4912
vn -0.0232 0.8537 0.5202
vn -0.1092 0.8511 0.5136
vn -0.0186 0.9330 0.3595
vn 0.0112 0.8530 0.5218
vn 0.0616 0.9748 0.2142
vn 0.0054 -0.0013 -1.0000
vn 0.0116 -0.0011 -0.9999
vn 0.1540 0.0074 -0.9880
vn 0.0504 -0.0011 -0.9987
vn 0.3878 0.7246 0.5697
vn 0.3908 0.6966 0.6017
vn 0.3800 0.7029 0.6012
vn 0.3975 0.7107 0.5805
vn 0.3846 0.7202 0.5774
vn 0.3693 0.7407 0.5612
vn 0.3696 0.7410 0.5607
vn 0.3694 0.7408 0.5611
vn 0.7879 -0.6119 -0.0689
vn 0.5199 -0.8391 0.1599
vn -0.0784 -0.8834 0.4621
vn -0.0864 -0.8868 0.4540
vn 0.2628 -0.9526 0.1536
vn -0.2640 0.2703 0.9259
vn -0.5658 0.0266 0.8241
vn -0.8614 0.1506 0.4850
vn -0.9251 -0.0025 0.3798
vn -0.9162 0.0782 0.3930
vn -0.7627 0.1639 0.6257
vn -0.9574 0.2884 -0.0172
vn 0.1997 -0.7304 0.6531
vn 0.2007 -0.7295 0.6538
vn 0.2000 -0.7305 0.6529
vn 0.1996 -0.7305 0.6531
vn 0.4957 -0.8262 0.2677
vn 0.4959 -0.8245 0.2725
vn 0.4911 -0.8294 0.2662
vn 0.5000 -0.8225 0.2711
vn 0.4966 -0.8266 0.2648
vn 0.4921 -0.8268 0.2725
vn 0.4955 -0.8255 0.2702
vn -0.6412 0.5057 0.5772
vn -0.6255 0.4877 0.6091
vn -0.6191 0.4838 0.6186
vn -0.6481 0.5007 0.5738
vn 0.5189 0.5687 0.6383
vn -0.1745 -0.6497 0.7399
vn -0.1780 -0.6616 0.7284
vn -0.1719 -0.6659 0.7260
vn -0.2102 -0.6550 0.7258
vn -0.1882 -0.6566 0.7304
vn -0.5381 -0.8355 -0.1113
vn -0.6396 -0.7534 -0.1525
vn -0.6453 -0.7552 -0.1154
vn -0.5518 -0.8280 -0.0998
vn -0.5942 -0.7961 -0.1150
vn 0.1734 0.9319 0.3187
vn 0.1665 0.9304 0.3264
vn 0.1647 0.9407 0.2967
vn 0.1849 0.9407 0.2845
vn 0.1194 0.1485 0.9817
vn 0.1102 0.0751 0.9911
vn 0.4040 0.2891 0.8679
vn 0.4902 0.3689 0.7897
vn 0.4200 0.2746 0.8650
vn 0.2312 0.5588 0.7964
vn 0.2313 0.5588 0.7964
vn 0.2529 0.5162 0.8182
vn 0.2529 0.5163 0.8182
vn 0.2529 0.5162 0.8183
vn 0.2660 0.4891 0.8307
vn 0.3102 -0.8724 0.3777
vn 0.2950 -0.8492 0.4379
vn 0.2679 -0.8978 0.3494
vn 0.1864 -0.9079 0.3754
vn 0.3327 0.3816 0.8624
vn 0.3328 0.3816 0.8623
vn 0.3329 0.3816 0.8623
vn 0.3488 0.3560 0.8669
vn 0.6582 0.1525 0.7372
vn 0.6607 0.1590 0.7337
vn 0.1941 0.8029 0.5636
vn 0.2174 0.5950 0.7737
vn 0.2174 0.5951 0.7737
vn 0.1240 -0.2940 0.9477
vn 0.9796 0.0401 -0.1970
vn -0.9275 0.3732 0.0203
vn 0.5087 0.8608 0.0184
vn 0.2406 0.9655 -0.0997
vn -0.8468 0.0854 -0.5251
vn -0.8939 -0.0530 -0.4450
vn -0.9225 -0.0013 -0.3861
vn -0.1295 -0.5385 -0.8326
vn -0.1293 -0.5374 -0.8334
vn 0.1491 0.0189 0.9886
vn 0.1552 0.0198 0.9877
vn 0.1799 0.0148 0.9836
vn 0.0640 -0.9744 0.2155
vn 0.0642 -0.9738 0.2180
vn 0.0546 -0.9765 0.2086
vn 0.0745 -0.9731 0.2178
vn 0.0674 -0.9730 0.2209
vn 0.0664 -0.9732 0.2203
vn 0.0648 -0.9728 0.2225
vn 0.0627 -0.9739 0.2183
vn 0.0572 -0.9737 0.2204
vn 0.9769 0.2138 0.0022
vn 0.9657 0.2596 0.0053
vn 0.9692 0.2462 0.0047
vn 0.9891 0.1469 -0.0018
vn -0.5747 0.0803 -0.8144
vn -0.6531 -0.0146 -0.7571
vn -0.8707 -0.4620 -0.1686
vn -0.8461 -0.5270 -0.0797
vn -0.9458 -0.2898 -0.1465
vn 0.7199 0.3984 0.5683
vn 0.7282 0.3803 0.5702
vn 0.7074 0.4042 0.5798
vn 0.7203 0.3789 0.5810
vn -0.8549 0.2967 0.4255
vn -0.8565 0.2873 0.4287
vn -0.8436 0.3016 0.4442
vn -0.8299 0.3052 0.4670
vn -0.8597 0.2903 0.4203
vn -0.9115 0.2247 0.3444
vn -0.9364 0.1934 0.2928
vn 0.0346 -0.9836 0.1771
vn 0.0349 -0.9837 0.1767
vn 0.0208 -0.9752 0.2202
vn 0.0207 -0.9752 0.2205
vn 0.0327 -0.9838 0.1762
vn 0.0352 -0.9838 0.1760
vn 0.0365 -0.9843 0.1724
vn 0.0355 -0.9837 0.1765
vn -0.1396 -0.5727 0.8078
vn -0.1129 -0.6424 0.7580
vn -0.4500 -0.4474 0.7729
vn -0.1482 -0.5310 0.8343
vn 0.6239 0.4825 0.6147
vn 0.6578 0.4518 0.6026
vn 0.6617 0.4645 0.5886
vn 0.6205 0.4824 0.6183
vn 0.6314 -0.1040 -0.7684
vn 0.7107 0.4362 -0.5519
vn 0.7046 0.0007 -0.7096
vn 0.2767 0.2277 -0.9336
vn -0.4643 0.8416 0.2759
vn -0.4835 0.8311 0.2749
vn -0.5195 0.7989 0.3031
vn -0.4497 0.8440 0.2924
vn -0.5640 0.4717 -0.6777
vn -0.4115 0.3299 -0.8496
vn -0.5681 0.3971 -0.7208
vn -0.8126 0.5553 -0.1771
vn -0.2058 -0.8272 0.5228
vn -0.2593 -0.8645 0.4306
vn -0.1934 -0.8290 0.5247
vn -0.1945 -0.8289 0.5246
vn -0.0672 -0.9128 0.4027
vn -0.0983 -0.8367 0.5388
vn -0.1791 -0.7925 0.5830
vn -0.1797 -0.7909 0.5850
vn 0.1381 0.7021 -0.6986
vn 0.8464 -0.0358 0.5314
vn 0.8544 0.0010 0.5196
vn 0.8533 -0.0554 0.5185
vn -0.7989 0.4679 0.3780
vn -0.7961 0.4723 0.3783
vn 0.5508 -0.7086 0.4410
vn 0.5146 -0.7662 0.3848
vn 0.5480 -0.6874 0.4766
vn 0.5495 -0.6750 0.4924
vn 0.2326 -0.9699 -0.0715
vn 0.2236 -0.9717 -0.0763
vn 0.2251 -0.9709 -0.0817
vn 0.2242 -0.9716 -0.0761
vn 0.2232 -0.9715 -0.0798
vn 0.2193 -0.9718 -0.0861
vn 0.2137 -0.9737 -0.0787
vn 0.2262 -0.9710 -0.0770
vn 0.2239 -0.9716 -0.0763
vn 0.2308 -0.9694 -0.0834
vn 0.2461 -0.9667 -0.0699
vn 0.6454 -0.5032 0.5746
vn 0.6542 -0.5333 0.5363
vn 0.6496 -0.5013 0.5716
vn 0.6490 -0.5093 0.5651
vn 0.6474 -0.5113 0.5652
vn 0.6742 -0.7110 -0.1998
vn 0.2198 -0.0593 -0.9737
vn -0.9999 -0.0020 0.0111
vn -0.9993 -0.0376 0.0087
vn -0.9920 -0.0322 0.1218
vn -0.9937 0.0010 0.1123
vn -0.9921 0.0307 0.1213
vn -0.9995 0.0320 0.0075
vn -0.1832 0.5623 -0.8064
vn -0.1800 0.5705 -0.8013
vn -0.1691 0.5605 -0.8107
vn -0.2831 0.6009 -0.7475
vn -0.7918 0.0022 0.6108
vn -0.9138 0.3922 -0.1058
vn -0.8143 0.1069 0.5705
vn -0.8273 -0.2195 0.5170
vn -0.8151 -0.2845 0.5047
vn -0.7968 -0.3138 0.5164
vn 0.9865 0.1611 -0.0292
vn -0.1046 -0.9029 0.4169
vn -0.0898 -0.9087 0.4077
vn -0.1434 -0.9072 0.3955
vn 0.0463 -0.8742 0.4834
vn -0.9814 0.0256 0.1901
vn -0.9736 0.0990 0.2057
vn -0.9584 0.0478 0.2812
vn -0.7427 -0.2984 0.5995
vn -0.7453 -0.3075 0.5916
vn -0.7312 -0.3368 0.5932
vn -0.7483 -0.3413 0.5688
vn -0.6316 -0.3130 0.7093
vn -0.5544 -0.4664 0.6893
vn -0.6544 -0.4648 0.5964
vn -0.0556 0.8519 -0.5208
vn -0.1242 0.5549 -0.8226
vn -0.1308 0.5525 -0.8232
vn -0.1251 0.5603 -0.8188
vn -0.1292 0.5508 -0.8246
vn -0.1295 0.5508 -0.8245
vn -0.1293 0.5508 -0.8245
vn -0.1345 0.5508 -0.8237
vn -0.1356 0.5505 -0.8238
vn -0.1297 0.5522 -0.8236
vn 0.1108 -0.9895 0.0929
vn 0.1219 -0.9881 0.0934
vn 0.5625 -0.6092 0.5590
vn 0.2939 -0.8912 -0.3455
vn 0.2818 -0.8940 -0.3485
vn 0.2965 -0.8675 -0.3995
vn 0.0649 -0.9858 -0.1551
vn -0.1625 -0.8856 -0.4350
vn 0.0604 -0.9705 -0.2333
vn -0.9076 0.4161 0.0564
vn -0.1090 -0.8130 0.5720
vn -0.1086 -0.8145 0.5699
vn -0.1058 -0.8165 0.5676
vn -0.1093 -0.8133 0.5714
vn -0.2053 -0.4563 -0.8658
vn -0.2515 -0.4344 -0.8649
vn -0.2758 -0.4149 -0.8671
vn -0.2600 -0.3988 -0.8794
vn -0.2378 -0.4350 -0.8685
vn -0.1957 -0.4562 -0.8681
vn -0.8710 -0.0368 -0.4899
vn -0.8756 -0.0135 -0.4829
vn -0.7713 -0.1156 -0.6259
vn -0.4239 0.6226 -0.6578
vn -0.4500 0.6236 -0.6392
vn -0.3326 -0.9411 -0.0608
vn -0.3244 -0.9440 -0.0607
vn -0.3203 -0.9454 -0.0610
vn -0.3382 -0.9391 -0.0612
vn -0.8168 0.0328 0.5759
vn -0.7349 0.6775 0.0305
vn -0.7860 0.6173 0.0347
vn -0.6900 -0.4611 0.5579
vn -0.7065 -0.2527 0.6611
vn -0.7430 -0.2482 0.6215
vn -0.7105 -0.2014 0.6742
vn -0.7253 -0.5624 0.3971
vn -0.8216 -0.3689 0.4346
vn -0.7452 -0.0906 0.6607
vn -0.7372 -0.1989 0.6457
vn -0.7373 -0.1989 0.6457
vn -0.5101 -0.3411 -0.7896
vn -0.5233 -0.0045 -0.8521
vn -0.5766 0.0130 -0.8169
vn -0.0387 -0.2697 0.9622
vn -0.2154 -0.5622 0.7985
vn -0.8920 -0.1490 0.4268
vn -0.9089 0.0965 0.4057
vn -0.2969 -0.6342 0.7139
vn -0.4405 -0.6901 0.5742
vn -0.4384 -0.7013 0.5622
vn -0.4384 -0.7012 0.5622
vn -0.4383 -0.7013 0.5622
vn -0.4342 -0.7166 0.5459
vn -0.4259 -0.7326 0.5309
vn -0.3853 -0.7856 0.4841
vn 0.4620 0.2498 0.8510
vn 0.1794 -0.8149 0.5511
vn 0.1800 -0.8096 0.5586
vn 0.1805 -0.8096 0.5585
vn 0.1793 -0.8150 0.5510
vn 0.0343 -0.9134 0.4057
vn 0.0406 -0.9087 0.4154
vn 0.0450 -0.9218 0.3850
vn 0.0290 -0.9280 0.3714
vn 0.0332 -0.9128 0.4070
vn 0.0208 -0.9142 0.4048
vn 0.0084 0.6698 0.7425
vn 0.0317 0.6467 0.7621
vn 0.0094 0.6405 0.7679
vn 0.5830 -0.0426 0.8113
vn 0.5731 -0.0631 0.8171
vn 0.5178 -0.1968 0.8325
vn 0.5007 -0.2181 0.8377
vn -0.2725 -0.8900 0.3656
vn -0.2700 -0.8909 0.3652
vn -0.2715 -0.8912 0.3634
vn -0.2715 -0.8912 0.3635
vn 0.6100 0.0531 0.7906
vn 0.6101 0.0531 0.7906
vn 0.5865 -0.0434 0.8088
vn 0.6386 -0.0463 0.7681
vn 0.6386 -0.0463 0.7682
vn 0.6902 -0.0228 0.7232
vn -0.0006 0.1804 0.9836
vn 0.0460 0.1231 0.9913
vn 0.0568 -0.1114 0.9922
vn 0.0074 -0.1593 0.9872
vn 0.5044 0.7241 0.4703
vn 0.9934 -0.0813 -0.0812
vn 0.9934 -0.1078 -0.0396
vn 0.9769 0.2138 0.0008
vn 0.9656 -0.0659 -0.2516
vn 0.3566 -0.7638 0.5380
vn 0.3304 -0.7697 0.5463
vn 0.3670 -0.7429 0.5598
vn 0.3759 -0.7607 0.5293
vn 0.1462 0.2539 -0.9561
vn 0.1425 0.2503 -0.9576
vn 0.1515 0.2543 -0.9552
vn -0.9688 -0.1698 0.1806
vn -0.9469 0.3213 -0.0064
vn -0.8937 0.4486 -0.0058
vn -0.9080 0.4188 0.0071
vn -0.9550 0.2965 0.0036
vn -0.9951 0.0032 -0.0990
vn -0.9410 0.3385 -0.0032
vn -0.9991 -0.0159 -0.0405
vn -0.9969 -0.0012 -0.0783
vn -0.9951 0.0016 -0.0987
vn -0.9935 0.0005 -0.1139
vn -0.0828 -0.6531 -0.7528
vn -0.0733 -0.6483 -0.7579
vn -0.0747 -0.6469 -0.7589
vn 0.5772 0.0385 0.8157
vn 0.2109 0.4656 0.8595
vn -0.1158 -0.0212 0.9930
vn -0.1083 -0.0221 0.9939
vn -0.3100 -0.1551 0.9380
vn -0.1302 -0.6463 0.7519
vn -0.1017 -0.5291 0.8424
vn -0.1019 -0.0206 0.9946
vn -0.5600 0.3282 0.7607
vn -0.4701 0.2320 0.8516
vn -0.3787 0.4133 0.8281
vn 0.1843 -0.9011 0.3925
vn 0.3105 -0.9025 0.2985
vn 0.2313 -0.8939 0.3840
vn 0.2053 -0.9030 0.3773
vn 0.2808 -0.8556 0.4348
vn 0.0813 0.7693 0.6337
vn 0.0658 0.7660 0.6394
vn 0.0776 0.7682 0.6355
vn 0.0840 0.7615 0.6427
vn -0.1081 0.7806 0.6156
vn 0.0784 0.8235 0.5619
vn -0.0229 0.8501 0.5261
vn 0.0729 0.7683 0.6359
vn 0.0769 0.7670 0.6370
vn 0.2039 -0.8164 0.5403
vn 0.2489 -0.7881 0.5630
vn 0.2815 -0.8351 0.4726
vn 0.2723 -0.8389 0.4712
vn -0.7995 0.1923 0.5690
vn -0.7927 0.2435 0.5589
vn -0.7842 0.2835 0.5520
vn -0.9584 -0.2852 -0.0137
vn -0.2873 0.9578 0.0013
vn -0.2769 0.9609 0.0060
vn -0.3716 0.9284 0.0010
vn -0.3660 0.9306 -0.0036
vn -0.2248 0.1273 0.9661
vn -0.2685 0.0758 0.9603
vn -0.3368 0.3126 0.8882
vn -0.1907 0.1618 0.9682
vn 0.1364 0.9795 0.1486
vn 0.1603 0.9740 0.1598
vn 0.1382 0.9681 0.2089
vn 0.1713 0.9715 0.1638
vn 0.1298 0.9777 0.1652
vn 0.1230 0.9762 0.1788
vn 0.1312 0.9803 0.1477
vn 0.1430 0.9783 0.1501
vn 0.1106 0.9810 0.1593
vn 0.0909 0.9838 0.1544
vn 0.1067 0.9860 0.1285
vn 0.1042 0.9882 0.1118
vn 0.0588 0.9831 0.1733
vn 0.1076 0.9830 0.1488
vn -0.6684 -0.0888 -0.7385
vn -0.5472 0.6611 -0.5133
vn -0.8671 0.1356 0.4794
vn -0.1356 0.8748 -0.4652
vn -0.1355 0.8747 -0.4654
vn -0.1261 0.8747 -0.4680
vn -0.1320 0.8751 -0.4656
vn -0.1319 0.8751 -0.4656
vn 0.3665 -0.8782 0.3072
vn 0.6571 -0.6380 0.4014
vn 0.7284 -0.5426 0.4183
vn -0.3319 0.8202 0.4660
vn 0.0093 0.9812 0.1926
vn 0.0180 0.9766 0.2141
vn 0.0164 0.9800 0.1981
vn 0.0350 0.9793 0.1992
vn 0.0349 0.9793 0.1994
vn -0.7308 0.4798 0.4855
vn -0.4581 -0.4028 0.7924
vn -0.0039 -0.9666 0.2562
vn -0.0414 -0.9756 0.2157
vn -0.2161 -0.6154 0.7580
vn 0.6020 -0.5159 0.6094
vn 0.6061 -0.5349 0.5887
vn 0.6220 -0.5278 0.5783
vn 0.6008 -0.5191 0.6079
vn 0.6024 -0.5133 0.6113
vn 0.5487 -0.5421 0.6364
vn 0.5954 -0.4906 0.6363
vn 0.4222 -0.5619 0.7113
vn -0.9956 0.0639 -0.0685
vn -0.9910 0.1218 -0.0551
vn -0.9865 0.1587 -0.0406
vn -0.6210 0.0005 -0.7838
vn -0.8723 -0.0789 0.4826
vn -0.8731 -0.0991 0.4773
vn -0.8714 -0.0789 0.4842
vn -0.8609 -0.0814 0.5022
vn 0.1359 0.7611 0.6342
vn 0.0645 0.7779 0.6251
vn 0.3288 0.8709 0.3654
vn 0.3139 0.8810 0.3540
vn 0.3356 0.8644 0.3745
vn -0.9760 -0.1897 -0.1071
vn -0.9742 -0.2255 -0.0016
vn -0.9817 -0.1894 -0.0192
vn -0.0782 0.9968 -0.0164
vn -0.0778 0.9967 -0.0212
vn -0.0820 0.9965 -0.0177
vn 0.9549 -0.0941 0.2817
vn 0.9534 -0.1043 0.2830
vn 0.9550 -0.0937 0.2813
vn 0.9552 -0.0922 0.2812
vn 0.5429 0.4592 0.7031
vn -0.0080 -0.0271 0.9996
vn 0.1903 -0.0321 0.9812
vn -0.9751 -0.1506 -0.1625
vn -0.9726 -0.1528 -0.1751
vn -0.9724 -0.1447 -0.1832
vn -0.9697 -0.1938 -0.1486
vn -0.9694 -0.1961 -0.1478
vn -0.3918 -0.1483 -0.9080
vn -0.3676 -0.1785 -0.9127
vn -0.3805 -0.1472 -0.9130
vn -0.3910 -0.1733 -0.9039
vn 0.7176 -0.4077 0.5646
vn 0.7258 -0.3998 0.5598
vn 0.7153 -0.3934 0.5776
vn 0.7178 -0.3955 0.5730
vn 0.3191 -0.4028 0.8579
vn 0.3190 -0.4028 0.8579
vn 0.3360 -0.3791 0.8622
vn 0.3492 -0.3566 0.8665
vn 0.3491 -0.3567 0.8665
vn -0.1430 0.0005 -0.9897
vn -0.1506 -0.0020 -0.9886
vn -0.1455 -0.0068 -0.9893
vn -0.0277 -0.7168 0.6967
vn -0.0866 -0.6874 0.7211
vn -0.0811 -0.6896 0.7197
vn -0.3525 0.3787 0.8558
vn -0.4340 0.3836 0.8152
vn -0.4457 0.3952 0.8032
vn -0.3128 0.4129 0.8554
vn -0.1838 0.3469 0.9197
vn -0.0522 -0.6939 0.7182
vn -0.0362 -0.6988 0.7144
vn 0.0836 -0.8688 0.4881
vn 0.0012 -0.7047 0.7095
vn 0.0041 0.7087 0.7055
vn -0.0217 0.7052 0.7087
vn 0.0101 0.7111 0.7030
vn 0.3650 0.8898 -0.2738
vn 0.3651 0.8895 -0.2749
vn 0.2720 0.9035 -0.3313
vn 0.3183 0.8955 -0.3111
vn 0.3682 0.8888 -0.2728
vn 0.3638 0.8903 -0.2737
vn -0.1101 -0.9938 -0.0122
vn -0.1872 -0.9806 0.0588
vn -0.1190 0.6800 0.7235
vn 0.0012 0.7492 0.6624
vn 0.1077 0.9298 0.3520
vn -0.1147 0.6828 0.7215
vn 0.1081 -0.6948 0.7110
vn -0.1002 -0.7666 0.6343
vn -0.1168 0.8027 0.5848
vn 0.0712 0.9585 0.2760
vn -0.1562 0.6711 0.7247
vn -0.2860 0.6089 0.7399
vn -0.2869 0.6077 0.7405
vn -0.2822 0.6131 0.7379
vn -0.2810 0.6144 0.7373
vn -0.3197 0.5899 0.7415
vn 0.0351 -0.0433 0.9984
vn -0.3216 0.5874 0.7426
vn -0.3255 0.5826 0.7447
vn -0.3580 0.5619 0.7457
vn -0.3836 0.6949 0.6083
vn -0.4277 0.4998 0.7532
vn -0.4316 0.4929 0.7555
vn -0.4655 0.6961 0.5466
vn -0.4777 0.4388 0.7611
vn -0.4842 0.4325 0.7606
vn -0.4653 0.4529 0.7605
vn -0.4589 0.4664 0.7562
vn -0.4588 0.4665 0.7562
vn -0.4866 0.4302 0.7603
vn -0.5156 0.3918 0.7620
vn -0.5215 0.3772 0.7653
vn -0.5168 0.3866 0.7638
vn -0.4953 0.4135 0.7640
vn -0.4952 0.4135 0.7641
vn -0.4952 0.4135 0.7640
vn -0.5409 0.3499 0.7649
vn -0.5377 0.3537 0.7654
vn -0.5473 0.3277 0.7701
vn -0.5473 0.3276 0.7701
vn -0.5632 0.3057 0.7677
vn -0.5661 0.2939 0.7702
vn -0.5659 0.2941 0.7702
vn -0.5682 0.2834 0.7726
vn -0.6269 0.1024 0.7723
vn -0.6188 0.1344 0.7740
vn -0.6308 0.0711 0.7727
vn -0.6281 -0.0017 0.7781
vn -0.6388 0.0281 0.7689
vn -0.6338 0.0584 0.7713
vn -0.6314 -0.0298 0.7749
vn -0.6167 -0.0751 0.7836
vn -0.6296 -0.0575 0.7748
vn -0.6259 -0.0835 0.7754
vn -0.6168 -0.1245 0.7772
vn -0.6167 -0.1250 0.7772
vn -0.6167 -0.1245 0.7773
vn -0.6240 -0.1384 0.7691
vn -0.6162 -0.1428 0.7745
vn -0.6208 -0.1469 0.7701
vn -0.6076 -0.1818 0.7732
vn -0.6055 -0.2300 0.7619
vn -0.6076 -0.1818 0.7731
vn -0.6207 -0.1470 0.7701
vn -0.5990 -0.2009 0.7751
vn -0.5526 -0.3421 0.7600
vn -0.5672 -0.2901 0.7708
vn -0.5716 -0.2754 0.7729
vn -0.3459 0.0054 0.9383
vn -0.5473 -0.3379 0.7657
vn -0.5348 -0.3555 0.7666
vn -0.5192 -0.3770 0.7670
vn -0.5111 -0.3917 0.7651
vn -0.4941 -0.4208 0.7608
vn -0.4916 -0.4246 0.7603
vn -0.4993 -0.4079 0.7644
vn -0.3696 -0.5223 0.7685
vn -0.4878 -0.6722 0.5570
vn -0.7328 -0.4587 -0.5026
vn 0.0907 -0.0136 0.9958
vn -0.3742 -0.5487 0.7476
vn -0.0780 -0.4098 0.9088
vn 0.3094 -0.0831 0.9473
vn -0.2875 -0.6081 0.7400
vn -0.2554 -0.6225 0.7397
vn -0.2049 -0.7144 0.6690
vn -0.3231 -0.5870 0.7423
vn -0.2885 -0.6070 0.7405
vn -0.2448 -0.6339 0.7336
vn -0.1869 -0.8087 0.5577
vn -0.2113 -0.6469 0.7327
vn -0.0478 0.7877 0.6142
vn -0.0438 0.7883 0.6137
vn -0.1876 0.2075 0.9601
vn -0.0271 0.7820 0.6226
vn -0.1219 -0.6822 0.7209
vn -0.1375 -0.6704 0.7291
vn -0.1287 -0.6770 0.7246
vn -0.5513 -0.3211 0.7701
vn -0.6284 -0.0198 0.7776
vn -0.6155 0.1423 0.7752
vn -0.5711 0.7047 0.4210
vn -0.5990 0.6592 0.4546
vn -0.4399 0.8112 0.3853
vn 0.1365 0.9174 0.3738
vn 0.3200 0.9338 0.1600
vn 0.1150 0.7028 0.7020
vn -0.5396 0.7546 0.3733
vn -0.1124 0.9936 -0.0092
vn -0.1253 0.9919 0.0185
vn -0.1553 0.9879 0.0041
vn -0.3332 0.9418 -0.0445
vn 0.0713 0.9585 0.2760
vn 0.1079 0.9298 0.3520
vn -0.6089 0.7932 0.0030
vn -0.4797 0.3484 -0.8053
vn -0.5915 0.7980 -0.1156
vn -0.6286 0.7776 -0.0135
vn -0.8067 0.5906 -0.0189
vn -0.8497 0.5165 -0.1057
vn -0.8531 0.5215 0.0147
vn -0.7848 0.5717 -0.2394
vn -0.3283 0.1043 -0.9388
vn -0.9229 0.3851 0.0026
vn -0.9600 0.2793 -0.0173
vn -0.9152 0.4002 -0.0483
vn -0.9315 0.3638 -0.0036
vn -0.6574 0.3030 -0.6899
vn -0.9966 -0.0814 0.0078
vn -0.6039 0.1603 -0.7808
vn -0.9871 -0.1601 -0.0065
vn -0.9641 -0.2238 -0.1432
vn -0.5642 -0.3144 -0.7634
vn -0.3242 -0.6936 -0.6433
vn -0.8088 -0.5881 0.0042
vn -0.4429 -0.8485 -0.2897
vn -0.3306 -0.3349 -0.8823
vn -0.4879 -0.6721 0.5570
vn -0.5799 -0.8145 -0.0168
vn -0.4369 -0.8995 0.0013
vn -0.4282 -0.8968 -0.1116
vn -0.4639 -0.8819 -0.0843
vn -0.4201 -0.9073 -0.0175
vn -0.3947 -0.9186 0.0167
vn -0.2756 -0.3760 -0.8847
vn -0.2452 -0.9662 -0.0794
vn -0.2727 -0.9588 -0.0796
vn -0.2405 -0.1102 -0.9644
vn -0.7527 -0.6581 -0.0188
vn -0.7592 -0.6508 -0.0003
vn -0.4310 0.0267 -0.9019
vn -0.9359 -0.3523 -0.0055
vn -0.8760 0.4823 0.0067
vn -0.8826 0.4700 0.0136
vn -0.8812 0.4726 -0.0103
vn -0.0971 0.0525 -0.9939
vn -0.0707 0.0029 -0.9975
vn -0.6575 0.3029 -0.6899
vn -0.7783 -0.5372 0.3251
vn -0.7828 -0.5350 0.3177
vn -0.7823 -0.5264 0.3331
vn -0.7632 -0.5442 0.3484
vn -0.7630 -0.5478 0.3431
vn -0.9676 0.2523 -0.0084
vn -0.9666 0.2559 0.0120
vn 0.3095 0.8954 -0.3202
vn 0.2783 0.8207 -0.4990
vn 0.3065 0.8976 -0.3168
vn 0.3090 0.8949 -0.3221
vn 0.3145 0.8941 -0.3188
vn 0.2356 0.4402 -0.8664
vn 0.2391 0.4382 -0.8665
vn 0.2327 0.4426 -0.8660
vn 0.1966 0.4574 -0.8672
vn 0.1959 0.4534 -0.8695
vn 0.9603 -0.0010 0.2790
vn -0.5539 -0.5373 0.6359
vn 0.0208 0.6172 0.7865
vn -0.0512 0.9568 0.2864
vn 0.0329 -0.9816 -0.1882
vn -0.9856 -0.1410 0.0933
vn -0.9777 -0.1929 0.0831
vn -0.9724 -0.1845 0.1430
vn -0.1743 -0.5853 -0.7919
vn -0.1740 -0.5859 -0.7915
vn -0.1728 -0.5875 -0.7906
vn -0.1748 -0.5845 -0.7924
vn -0.1746 -0.5881 -0.7897
vn -0.1721 -0.5864 -0.7916
vn -0.8682 -0.0099 0.4962
vn -0.8745 -0.0382 0.4835
vn -0.8716 -0.0172 0.4900
vn -0.9244 -0.0493 -0.3781
vn -0.9379 0.0289 -0.3458
vn -0.8377 0.0311 -0.5452
vn -0.8726 -0.0095 -0.4883
vn 0.2799 0.9512 0.1297
vn 0.4886 -0.4930 -0.7198
vn 0.4904 -0.4858 -0.7235
vn -0.5777 -0.5772 0.5771
vn -0.5888 -0.5834 0.5595
vn 0.1399 0.9901 0.0065
vn 0.0925 0.9957 0.0063
vn 0.0353 0.9994 -0.0007
vn 0.1241 0.9923 0.0021
vn 0.1170 -0.0324 0.9926
vn 0.0902 0.0306 0.9955
vn 0.1069 0.0234 0.9940
vn 0.1393 0.0191 0.9901
vn 0.1418 0.0191 0.9897
vn -0.0505 -0.8322 0.5521
vn -0.1737 0.0045 0.9848
vn -0.3595 0.1955 0.9124
vn 0.1994 0.7655 0.6117
vn -0.1255 0.0475 0.9910
vn -0.2471 0.4665 0.8493
vn 0.0992 0.6530 0.7508
vn 0.2376 0.7583 0.6071
vn 0.0496 -0.0196 0.9986
vn 0.0490 -0.0271 0.9984
vn -0.2777 -0.0221 0.9604
vn -0.3419 0.1323 0.9304
vn -0.2833 -0.0054 0.9590
vn -0.2899 -0.0638 0.9549
vn -0.4174 -0.6136 -0.6703
vn -0.4268 -0.6036 -0.6734
vn -0.3512 -0.5990 -0.7197
vn -0.3468 -0.6400 -0.6856
vn 0.3114 0.5349 0.7854
vn 0.3106 0.5329 0.7871
vn 0.3124 0.5344 0.7854
vn 0.3067 0.5326 0.7888
vn 0.3120 0.5338 0.7859
vn 0.3156 0.5353 0.7835
vn -0.1597 0.1877 0.9692
vn -0.2210 0.2068 0.9531
vn -0.2120 0.2601 0.9420
vn -0.1512 0.4148 0.8973
vn -0.1409 0.2044 0.9687
vn -0.4839 -0.7353 0.4746
vn -0.4800 -0.7379 0.4744
vn -0.4806 -0.7309 0.4845
vn -0.5433 -0.7182 0.4347
vn -0.5473 -0.7151 0.4349
vn -0.5416 -0.7216 0.4311
vn -0.5451 -0.7168 0.4349
vn 0.6638 0.7370 0.1273
vn 0.6629 0.7380 0.1264
vn 0.6511 0.7489 0.1234
vn 0.6513 0.7488 0.1229
vn -0.1962 0.1407 0.9704
vn -0.2014 0.3390 0.9190
vn -0.2159 0.2823 0.9347
vn -0.1812 0.2192 0.9587
vn -0.2304 0.2137 0.9493
vn 0.2279 -0.9541 0.1944
vn 0.2365 -0.9193 0.3146
vn 0.4399 -0.7813 0.4429
vn 0.2841 -0.9109 0.2991
vn 0.2982 -0.8834 0.3616
vn 0.0414 -0.9741 -0.2221
vn 0.0352 -0.9738 -0.2247
vn 0.0195 -0.9750 -0.2212
vn 0.0197 -0.9774 -0.2107
vn 0.0159 -0.9752 -0.2207
vn 0.0342 -0.9732 -0.2274
vn -0.0229 -0.9547 -0.2967
vn 0.0296 -0.9740 -0.2244
vn 0.0317 -0.9731 -0.2280
vn 0.0408 -0.9757 -0.2154
vn 0.0314 -0.9697 -0.2423
vn 0.0302 -0.9664 -0.2554
vn 0.0342 -0.9730 -0.2282
vn -0.5388 -0.7799 0.3186
vn -0.6193 -0.4509 0.6428
vn -0.4996 -0.7829 0.3707
vn -0.1661 0.8704 0.4636
vn 0.0023 0.9691 0.2466
vn 0.1696 0.9576 0.2328
vn -0.1347 -0.0062 -0.9909
vn -0.5320 0.1744 -0.8286
vn -0.2597 0.0133 -0.9656
vn -0.1332 0.0063 -0.9911
vn -0.1989 0.1190 -0.9728
vn -0.8412 -0.4958 0.2155
vn -0.8416 -0.4972 0.2112
vn -0.8415 -0.4939 0.2191
vn 0.6064 0.5572 0.5673
vn 0.6355 0.5309 0.5606
vn 0.6335 0.5406 0.5536
vn 0.7637 0.5446 0.3467
vn 0.7577 0.5307 0.3798
vn 0.7569 0.5311 0.3808
vn 0.7503 0.5423 0.3781
vn 0.7673 0.5419 0.3430
vn -0.0376 -0.9791 0.1996
vn -0.1647 -0.6436 0.7474
vn -0.1237 -0.5067 0.8532
vn 0.1807 0.8093 0.5589
vn 0.1808 0.8094 0.5588
vn 0.1794 0.8149 0.5511
vn 0.1797 0.8148 0.5512
vn -0.1560 0.5619 0.8123
vn 0.4844 -0.8663 0.1221
vn 0.5284 -0.8420 0.1090
vn 0.5313 -0.8397 0.1125
vn 0.5324 -0.8390 0.1123
vn 0.5325 -0.8390 0.1114
vn 0.5294 -0.8375 0.1356
vn 0.4894 -0.8471 0.2074
vn 0.6868 0.2527 -0.6815
vn 0.5004 -0.0000 -0.8658
vn -0.4516 -0.3892 0.8029
vn -0.3416 -0.3366 0.8775
vn -0.3503 -0.3394 0.8730
vn -0.3430 -0.3316 0.8789
vn -0.3504 -0.3409 0.8724
vn 0.0416 -0.9866 0.1579
vn 0.0176 -0.9896 0.1427
vn 0.0136 -0.9776 0.2102
vn 0.0431 -0.9868 0.1561
vn -0.0256 -0.9823 0.1853
vn -0.0364 -0.9673 0.2512
vn -0.6605 0.4862 -0.5722
vn -0.6274 0.4623 -0.6266
vn -0.6239 0.4491 -0.6396
vn -0.5225 -0.4286 0.7371
vn -0.5766 -0.4799 0.6612
vn -0.5521 -0.4737 0.6862
vn -0.4450 -0.5071 0.7381
vn -0.1531 -0.8742 0.4609
vn -0.1531 -0.8741 0.4609
vn 0.1840 -0.8730 -0.4516
vn -0.2440 -0.8540 0.4595
vn -0.2440 -0.8539 0.4596
vn -0.2442 -0.8539 0.4597
vn -0.8388 0.4949 0.2270
vn -0.8362 0.4986 0.2285
vn -0.8384 0.4971 0.2235
vn 0.0220 -0.9071 0.4203
vn 0.0226 -0.9149 0.4031
vn 0.0278 -0.9275 0.3729
vn 0.0238 -0.9212 0.3885
vn 0.0270 -0.9254 0.3781
vn 0.0411 -0.9346 0.3533
vn 0.0493 -0.9241 0.3789
vn 0.0348 -0.9320 0.3608
vn 0.0453 -0.9353 0.3510
vn -0.0842 -0.8591 0.5048
vn 0.0706 -0.9290 0.3634
vn -0.0161 -0.6365 -0.7711
vn -0.0151 -0.6444 -0.7645
vn -0.0160 -0.6870 -0.7265
vn 0.0349 -0.6928 -0.7203
vn -0.0313 -0.7135 -0.6999
vn -0.0240 -0.6596 -0.7512
vn -0.0098 -0.6652 -0.7466
vn -0.0123 -0.6476 -0.7619
vn -0.0406 -0.9267 0.3736
vn -0.3356 0.3691 0.8667
vn -0.4490 0.3600 0.8178
vn -0.3343 0.7888 0.5158
vn -0.2720 0.6577 0.7025
vn -0.3895 0.3292 0.8602
vn -0.0347 -0.7894 -0.6129
vn -0.0598 -0.7765 -0.6272
vn -0.0679 -0.7988 -0.5977
vn 0.0247 -0.6203 0.7840
vn -0.2426 0.9209 0.3052
vn -0.1968 0.9285 0.3150
vn -0.2352 0.9128 0.3339
vn -0.3571 0.8476 0.3925
vn -0.2267 0.9387 0.2598
vn -0.2106 0.9424 0.2598
vn -0.2106 0.9422 0.2607
vn 0.0867 -0.6048 0.7917
vn 0.0833 -0.6044 0.7923
vn 0.0480 -0.5969 0.8009
vn 0.0486 -0.5971 0.8007
vn 0.9999 -0.0000 -0.0173
vn 0.5360 0.1634 0.8283
vn -0.8384 0.2893 0.4618
vn -0.1474 0.7071 0.6916
vn -0.1465 0.6445 0.7504
vn -0.5649 0.8217 -0.0750
vn 0.0690 0.9849 0.1587
vn -0.1213 0.7337 0.6685
vn -0.1323 0.6438 0.7537
vn -0.4201 -0.6114 0.6706
vn -0.4162 -0.6097 0.6746
vn -0.3793 -0.6551 0.6534
vn -0.3884 -0.6685 0.6342
vn -0.3949 -0.6699 0.6287
vn -0.3882 -0.6716 0.6311
vn -0.5414 -0.6889 0.4820
vn 0.0978 0.9742 0.2036
vn 0.1087 0.9716 0.2102
vn 0.0996 0.9729 0.2087
vn 0.0977 0.9725 0.2112
vn 0.1267 0.9641 0.2333
vn 0.1316 0.9649 0.2272
vn 0.1013 0.9724 0.2101
vn 0.1055 0.9727 0.2066
vn 0.0753 0.9758 0.2052
vn 0.0671 0.9790 0.1925
vn 0.0999 0.9741 0.2027
vn 0.0990 0.9730 0.2086
vn 0.1032 0.9735 0.2039
vn 0.0978 0.9734 0.2074
vn 0.6102 0.3928 -0.6880
vn 0.4869 0.2299 -0.8427
vn 0.8654 -0.3692 -0.3387
vn 0.9376 0.1803 -0.2972
vn -0.3821 -0.6873 0.6177
vn -0.7338 0.6793 0.0038
vn -0.8005 0.5993 0.0033
vn -0.7432 0.5886 -0.3181
vn -0.7276 0.6860 -0.0001
vn -0.3226 -0.6398 -0.6976
vn -0.6775 0.5751 0.4586
vn -0.0918 0.4900 -0.8669
vn -0.1280 0.4872 -0.8638
vn -0.1330 0.4812 -0.8664
vn -0.0851 0.4899 -0.8676
vn 0.3950 0.2992 0.8686
vn 0.3631 0.3181 0.8758
vn 0.3872 0.3248 0.8629
vn 0.3778 0.3322 0.8642
vn -0.8705 -0.4806 0.1057
vn 0.0490 0.8896 0.4542
vn -0.2540 -0.6737 0.6940
vn -0.3311 -0.8084 0.4866
vn -0.3291 -0.8090 0.4870
vn -0.3331 -0.8078 0.4863
vn -0.3289 -0.8107 0.4843
vn -0.1759 -0.7241 0.6669
vn 0.0013 0.8808 -0.4734
vn 0.0022 0.8780 -0.4787
vn 0.0026 0.8821 -0.4710
vn 0.0084 0.8803 -0.4743
vn -0.0037 0.8723 -0.4889
vn 0.0045 0.8901 -0.4558
vn 0.5231 -0.4732 0.7089
vn 0.0195 0.8107 -0.5852
vn -0.0187 0.8226 -0.5683
vn -0.0183 0.8232 -0.5675
vn 0.0193 0.8107 -0.5851
vn 0.3443 0.9336 -0.0989
vn 0.3532 0.9314 -0.0879
vn 0.3605 0.9295 -0.0786
vn 0.3536 0.9332 -0.0645
vn 0.3488 0.9352 -0.0604
vn -0.0524 -0.7001 -0.7121
vn -0.0836 -0.7629 -0.6411
vn -0.0928 -0.7638 -0.6388
vn 0.0479 -0.9505 0.3070
vn 0.0478 -0.9506 0.3067
vn 0.2222 -0.7857 0.5774
vn 0.2225 -0.7857 0.5772
vn 0.2226 -0.7857 0.5771
vn 0.0475 -0.9194 0.3904
vn 0.2769 -0.4212 0.8637
vn 0.2372 -0.4413 0.8655
vn 0.0059 -0.7732 0.6342
vn -0.0032 -0.9115 0.4112
vn -0.0033 -0.9116 0.4110
vn 0.0182 -0.9231 0.3841
vn 0.0362 -0.9423 0.3328
vn -0.1448 -0.5067 0.8499
vn -0.8305 0.4606 0.3133
vn -0.1585 -0.1389 0.9775
vn 0.0243 -0.9227 0.3847
vn -0.0256 -0.9823 0.1854
vn 0.4211 0.9005 0.1087
vn 0.4225 0.9006 0.1024
vn 0.4205 0.9007 0.1089
vn 0.2221 0.9138 0.3402
vn 0.3847 0.9181 0.0951
vn 0.1967 -0.6701 0.7157
vn 0.1968 -0.6701 0.7157
vn 0.2342 -0.7132 0.6607
vn 0.2536 -0.7577 0.6013
vn 0.0897 -0.6045 0.7916
vn 0.2295 -0.2847 0.9307
vn 0.2513 -0.2650 0.9309
vn -0.0499 -0.4262 0.9033
vn 0.2905 -0.3080 0.9059
vn 0.3988 -0.3432 0.8504
vn 0.2761 -0.6575 0.7011
vn 0.4672 -0.4042 0.7863
vn 0.8051 0.3510 0.4782
vn 0.8014 0.3430 0.4900
vn 0.7933 0.3478 0.4997
vn 0.8007 0.3638 0.4760
vn 0.4333 -0.4325 0.7907
vn 0.2299 -0.5399 0.8097
vn 0.5845 -0.5747 0.5727
vn 0.4160 -0.7802 0.4672
vn 0.6005 -0.6105 0.5164
vn 0.5221 -0.4618 0.7170
vn 0.3976 -0.8527 0.3388
vn 0.3947 -0.8774 0.2726
vn 0.3972 -0.8354 0.3799
vn 0.3232 0.8359 0.4437
vn 0.3313 0.8228 0.4619
vn 0.3144 0.8287 0.4631
vn 0.7515 0.4281 0.5019
vn 0.7814 0.4147 0.4664
vn 0.7857 0.4179 0.4561
vn 0.7821 0.4133 0.4663
vn 0.7684 0.4701 0.4342
vn 0.2746 -0.4108 0.8694
vn 0.2466 -0.2954 0.9230
vn 0.2461 -0.2969 0.9227
vn 0.2464 -0.2960 0.9229
vn 0.2196 -0.2806 0.9344
vn 0.2293 -0.2847 0.9308
vn 0.2302 -0.2879 0.9296
vn 0.2505 -0.2878 0.9243
vn 0.2901 -0.3060 0.9068
vn 0.2891 -0.3014 0.9086
vn 0.2995 -0.2800 0.9121
vn -0.0287 -0.3559 0.9341
vn 0.2624 -0.2975 0.9180
vn 0.3391 -0.3255 0.8826
vn 0.0697 -0.3585 0.9309
vn 0.3342 -0.2978 0.8942
vn -0.0312 -0.6654 0.7458
vn 0.3533 -0.3295 0.8756
vn 0.3796 -0.3456 0.8582
vn 0.3981 -0.3543 0.8462
vn 0.3890 -0.3484 0.8528
vn 0.0649 -0.4435 0.8939
vn 0.5808 -0.7338 0.3524
vn 0.5037 -0.7543 0.4211
vn 0.5149 -0.8094 0.2824
vn 0.5906 -0.7115 0.3807
vn 0.6046 -0.6728 0.4264
vn 0.5381 0.8062 -0.2460
vn 0.5306 0.8103 -0.2488
vn 0.5214 0.8158 -0.2504
vn 0.5195 0.8165 -0.2520
vn 0.5204 0.8166 -0.2498
vn 0.5192 0.8182 -0.2470
vn 0.7099 0.6561 -0.2561
vn 0.5982 0.7904 -0.1318
vn 0.3426 -0.7075 0.6181
vn 0.4762 -0.6024 0.6406
vn 0.5160 -0.4571 0.7245
vn 0.5256 -0.4788 0.7032
vn 0.5244 -0.4620 0.7152
vn 0.5593 -0.5193 0.6462
vn 0.5588 -0.5362 0.6326
vn 0.5560 -0.5174 0.6505
vn 0.5685 -0.5495 0.6123
vn 0.5685 -0.5494 0.6123
vn 0.5684 -0.5495 0.6123
vn 0.3111 -0.8107 0.4960
vn 0.5612 -0.6602 0.4992
vn 0.5729 -0.5807 0.5784
vn 0.5545 -0.5410 0.6324
vn 0.5801 -0.5865 0.5652
vn 0.2741 -0.6083 0.7449
vn 0.5767 -0.6031 0.5511
vn 0.5807 -0.6352 0.5092
vn 0.5868 -0.6636 0.4640
vn 0.5877 -0.6451 0.4883
vn 0.5894 -0.6471 0.4836
vn 0.5880 -0.6136 0.5270
vn 0.5202 -0.6567 0.5460
vn 0.5627 -0.7127 0.4187
vn 0.5858 -0.6750 0.4485
vn 0.5789 -0.6692 0.4659
vn -0.8800 -0.3238 0.3476
vn -0.9220 -0.2285 0.3127
vn -0.8968 -0.2769 0.3450
vn 0.6079 0.7024 0.3702
vn 0.5700 0.7018 0.4273
vn 0.0393 0.9840 -0.1737
vn 0.0402 0.9836 -0.1757
vn 0.4959 -0.8353 0.2372
vn 0.4920 -0.8340 0.2497
vn 0.4697 -0.8566 0.2136
vn 0.4701 -0.8544 0.2214
vn 0.4703 -0.8543 0.2213
vn 0.4452 -0.8744 0.1930
vn 0.4699 -0.8525 0.2292
vn -0.9241 0.0621 0.3772
vn 0.3985 -0.9038 0.1561
vn -0.4928 0.7691 0.4071
vn -0.4746 0.7718 0.4232
vn -0.4759 0.7709 0.4233
vn 0.3363 -0.9312 0.1406
vn -0.0518 -0.9475 0.3156
vn 0.3376 -0.9308 0.1402
vn -0.0192 -0.9835 0.1799
vn 0.2930 -0.9490 0.1167
vn 0.5783 0.6625 0.4762
vn 0.5733 0.6368 0.5156
vn 0.5870 0.6345 0.5028
vn 0.2309 -0.9697 0.0795
vn 0.1957 -0.9765 0.0903
vn 0.2235 -0.9676 0.1178
vn 0.2634 -0.9580 0.1132
vn 0.0555 0.9951 0.0814
vn 0.0702 0.9934 0.0908
vn -1.0000 -0.0025 0.0053
vn -0.8144 -0.5061 0.2840
vn -0.7464 -0.6594 -0.0898
vn -0.7770 -0.6252 -0.0729
vn -0.0307 -0.9786 0.2034
vn -0.0541 -0.9507 0.3052
vn -0.9680 0.0539 -0.2453
vn -0.9843 -0.0002 -0.1763
vn -0.9838 -0.0005 -0.1795
vn -0.9860 0.0007 -0.1669
vn -0.1668 0.8366 0.5218
vn -0.1317 0.8776 0.4609
vn -0.0800 0.8961 0.4366
vn -0.0766 0.8855 0.4582
vn -0.1131 -0.8691 0.4816
vn -0.0318 -0.9979 0.0571
vn 0.8035 -0.5228 0.2849
vn -0.7698 -0.5316 0.3532
vn -0.0280 -0.9942 0.1043
vn 0.4532 0.2115 -0.8659
vn 0.4484 0.2042 -0.8702
vn 0.8700 -0.0006 0.4931
vn 0.8648 -0.0107 0.5020
vn 0.8555 -0.0023 0.5177
vn 0.8560 0.0068 0.5169
vn -0.4631 -0.4758 0.7478
vn -0.3484 -0.3793 0.8572
vn -0.3328 -0.3503 0.8755
vn -0.2978 -0.2776 0.9134
vn 0.5417 -0.6471 0.5365
vn 0.3797 -0.3460 0.8580
vn 0.0224 -0.4782 0.8780
vn -0.0298 -0.8561 0.5160
vn -0.0730 -0.7158 0.6945
vn 0.0380 -0.7719 0.6346
vn 0.0114 -0.7868 0.6171
vn 0.0373 -0.7709 0.6358
vn 0.0374 -0.7709 0.6358
vn 0.0302 -0.7703 0.6369
vn 0.0305 -0.7698 0.6375
vn -0.0402 -0.7718 0.6346
vn -0.0129 -0.7511 0.6601
vn 0.0695 -0.3585 0.9309
vn -0.0699 -0.7387 0.6704
vn -0.0009 -0.8536 0.5209
vn 0.2198 -0.5746 0.7884
vn 0.2146 -0.5810 0.7851
vn 0.1991 -0.5390 0.8184
vn 0.2733 -0.5015 0.8209
vn 0.2200 -0.5742 0.7886
vn 0.2191 -0.5748 0.7884
vn -0.5225 0.8469 -0.0992
vn -0.5208 0.8486 -0.0927
vn -0.5228 0.8466 -0.0999
vn 0.4702 -0.8109 0.3482
vn -0.4056 0.1531 0.9011
vn -0.4168 0.1555 0.8956
vn -0.0698 0.5287 -0.8459
vn -0.0698 0.5293 -0.8455
vn -0.3064 0.5455 -0.7801
vn -0.0606 0.5362 -0.8419
vn 0.6192 -0.7786 0.1024
vn 0.0302 0.9783 -0.2052
vn 0.0392 0.9696 -0.2414
vn 0.0442 0.9759 -0.2135
vn -0.1621 -0.9863 -0.0293
vn -0.1616 -0.9864 -0.0286
vn -0.1626 -0.9862 -0.0300
vn 0.6277 -0.7691 0.1200
vn 0.6272 -0.7693 0.1215
vn 0.6355 -0.7625 0.1218
vn 0.6355 -0.7625 0.1217
vn 0.7959 0.4135 0.4423
vn 0.7941 0.3972 0.4600
vn 0.7655 0.4381 0.4712
vn 0.7733 0.4421 0.4545
vn 0.3268 0.9408 0.0905
vn 0.3680 0.9236 0.1075
vn 0.3685 0.9235 0.1066
vn 0.3379 0.9235 0.1817
vn -0.1451 0.5073 0.8494
vn -0.1389 0.5206 0.8424
vn 0.0272 -0.9784 -0.2048
vn -0.1317 -0.0129 0.9912
vn -0.1119 0.0219 0.9935
vn -0.1186 0.0206 0.9927
vn -0.0781 0.0242 0.9967
vn 0.4308 0.1999 0.8800
vn -0.1215 0.0195 0.9924
vn -0.1066 0.0211 0.9941
vn -0.1535 0.0268 0.9878
vn -0.0200 -0.9139 -0.4055
vn 0.0128 0.5227 -0.8524
vn -0.0559 0.5750 -0.8162
vn -0.0161 0.5150 -0.8571
vn 0.4011 0.9013 0.1636
vn 0.4129 0.8924 0.1820
vn 0.4220 0.8876 0.1844
vn 0.9953 -0.0970 0.0029
vn 0.8585 -0.0845 -0.5058
vn 0.8463 -0.0004 -0.5327
vn 0.9522 0.0002 -0.3053
vn 0.9333 -0.0005 -0.3591
vn 0.8493 -0.0001 -0.5279
vn -0.8298 -0.0912 0.5506
vn -0.8314 -0.0908 0.5482
vn -0.8259 -0.0461 0.5619
vn -0.8204 -0.0513 0.5695
vn -0.8932 0.1086 0.4363
vn -0.8913 0.0954 0.4432
vn -0.8913 0.0956 0.4432
vn -0.8885 0.1013 0.4475
vn -0.8901 0.1034 0.4439
vn -0.8863 0.1061 0.4508
vn 0.1646 -0.3220 0.9323
vn 0.0829 -0.3244 0.9423
vn 0.0937 -0.3121 0.9454
vn 0.1346 -0.3251 0.9361
vn -0.1594 0.0433 0.9863
vn -0.0795 0.1246 0.9890
vn -0.1381 -0.0251 0.9901
vn -0.0009 -0.9753 0.2209
vn -0.1375 -0.0296 0.9901
vn 0.3251 -0.3977 0.8580
vn -0.4445 -0.8887 0.1127
vn -0.3248 -0.0074 0.9457
vn -0.0438 0.2826 0.9582
vn -0.1774 -0.0186 0.9840
vn -0.6542 0.2658 0.7081
vn -0.0389 -0.0345 0.9986
vn -0.7952 -0.0142 0.6061
vn -0.3688 0.0048 0.9295
vn -0.2040 -0.1861 0.9611
vn -0.9117 0.3925 0.1212
vn -0.2404 0.0099 0.9706
vn -0.3465 0.1454 0.9267
vn 0.1209 0.0238 0.9924
vn -0.1760 -0.0005 0.9844
vn -0.1757 -0.0011 0.9845
vn 0.2118 0.3095 0.9270
vn -0.3501 0.1901 0.9172
vn -0.2295 -0.1340 0.9640
vn -0.1854 0.0026 0.9827
vn -0.2056 0.0081 0.9786
vn -0.2236 0.1120 0.9682
vn -0.2186 0.0389 0.9750
vn -0.1816 -0.0028 0.9834
vn 0.7643 0.1884 0.6167
vn 0.2922 -0.4015 0.8680
vn -0.2174 -0.0515 0.9747
vn -0.2183 -0.0556 0.9743
vn -0.1984 -0.0514 0.9788
vn -0.1579 -0.1115 0.9811
vn -0.1586 -0.0445 0.9863
vn -0.1627 -0.0501 0.9854
vn -0.2018 -0.0596 0.9776
vn -0.5181 0.1997 0.8317
vn -0.3566 -0.1437 0.9231
vn -0.2509 -0.1103 0.9617
vn -0.0282 -0.8756 -0.4823
vn -0.0287 -0.8760 -0.4814
vn -0.0329 -0.8772 -0.4790
vn -0.0329 -0.8773 -0.4789
vn -0.6540 0.0022 -0.7565
vn 0.6328 0.6368 -0.4405
vn 0.6277 0.6269 -0.4615
vn -0.0422 -0.8473 -0.5294
vn -0.0486 -0.8473 -0.5289
vn -0.0499 -0.8479 -0.5278
vn -0.0500 -0.8479 -0.5278
vn -0.0440 -0.8510 -0.5233
vn -0.0016 1.0000 -0.0044
vn -0.0036 1.0000 0.0027
vn -0.0020 1.0000 0.0007
vn 0.0189 0.9998 -0.0074
vn -0.0044 1.0000 0.0035
vn -0.0040 1.0000 0.0020
vn 0.0032 0.9999 -0.0168
vn 0.4956 -0.8350 -0.2390
vn -0.6708 -0.0772 -0.7376
vn -0.0517 0.0259 0.9983
vn 0.2913 -0.5701 0.7682
vn 0.5611 -0.7903 -0.2462
vn -0.5278 0.6443 -0.5534
vn -0.5508 0.6249 -0.5533
vn -0.5438 0.6143 -0.5718
vn -0.5282 0.6205 -0.5796
vn -0.5513 0.5878 -0.5920
vn -0.5394 0.6296 -0.5591
vn 0.6287 -0.7677 -0.1242
vn 0.5298 -0.8041 -0.2697
vn 0.0829 0.9965 0.0137
vn 0.0805 0.9966 0.0181
vn 0.0916 0.9957 0.0148
vn 0.6020 0.4864 -0.6333
vn 0.6041 0.5201 -0.6038
vn -0.0700 0.0899 -0.9935
vn 0.3240 0.2594 -0.9098
vn 0.9201 -0.3239 -0.2201
vn 0.3725 0.2916 -0.8810
vn 0.8625 0.5061 0.0019
vn 0.8578 0.5140 0.0049
vn 0.6027 0.5222 -0.6034
vn -0.4855 -0.0000 -0.8742
vn -0.6412 0.0258 -0.7669
vn -0.8640 0.1281 -0.4869
vn -0.8602 0.1232 -0.4948
vn -0.8602 0.1229 -0.4950
vn -0.8598 0.1230 -0.4956
vn -0.6240 0.0008 -0.7814
vn -0.6407 -0.0147 -0.7676
vn -0.6406 0.0003 -0.7679
vn -0.8735 -0.2501 -0.4176
vn -0.6403 0.0009 -0.7681
vn -0.4153 0.6121 -0.6729
vn -0.4660 -0.4362 -0.7698
vn -0.3465 -0.3761 -0.8594
vn -0.4903 -0.3725 -0.7879
vn 0.6152 -0.4879 -0.6192
vn 0.5269 -0.5163 -0.6751
vn -0.5132 0.2697 -0.8148
vn 0.4950 0.8362 -0.2362
vn 0.6571 -0.4392 -0.6127
vn 0.6028 -0.5224 -0.6031
vn 0.6039 -0.5205 -0.6036
vn 0.5183 -0.4117 -0.7496
vn 0.4738 -0.3508 -0.8078
vn 0.5232 0.6885 -0.5022
vn 0.4616 -0.2235 -0.8585
vn 0.4251 -0.1905 -0.8849
vn 0.1804 0.0497 -0.9823
vn 0.2392 0.6220 -0.7456
vn 0.0416 0.9873 -0.1535
vn 0.1331 0.3886 -0.9117
vn 0.9252 0.3258 -0.1947
vn 0.9575 0.2400 -0.1601
vn 0.9747 0.1712 -0.1439
vn 0.9916 -0.0476 -0.1204
vn 0.9830 -0.1174 -0.1412
vn 0.8424 0.1432 -0.5194
vn 0.9737 -0.1727 -0.1486
vn 0.8667 0.2168 -0.4493
vn 0.9790 -0.1404 -0.1480
vn 0.9841 0.1194 -0.1316
vn 0.9889 0.0598 -0.1359
vn 0.7585 0.4405 -0.4802
vn 0.2294 0.9674 0.1074
vn 0.2286 0.9677 0.1063
vn 0.9789 0.1347 -0.1537
vn -0.9515 0.0843 -0.2958
vn -0.8447 0.5113 -0.1581
vn -0.7906 0.5452 -0.2788
vn 0.5546 0.8030 -0.2182
vn 0.7071 -0.0001 -0.7071
vn 0.1107 -0.0063 -0.9938
vn 0.0612 -0.0000 -0.9981
vn 0.6274 -0.0824 -0.7743
vn 0.3038 -0.0174 -0.9526
vn 0.5485 -0.0012 -0.8361
vn 0.3434 -0.0228 -0.9389
vn 0.8147 0.3196 0.4839
vn 0.8157 0.3124 0.4869
vn 0.8146 0.3175 0.4855
vn -0.8339 -0.0030 0.5519
vn -0.8312 -0.0066 0.5560
vn -0.8383 -0.0235 0.5447
vn -0.8395 -0.0220 0.5429
vn -0.5948 -0.0664 0.8011
vn 0.7756 -0.3132 0.5481
vn 0.7745 -0.3111 0.5507
vn 0.7784 -0.3117 0.5449
vn 0.7781 -0.3179 0.5417
vn 0.7785 -0.3075 0.5471
vn 0.4521 -0.4506 -0.7697
vn -0.1176 -0.0027 -0.9931
vn 0.9709 0.2240 0.0846
vn 1.0000 0.0076 0.0032
vn 0.3843 -0.5337 -0.7533
vn 0.9999 0.0045 0.0119
vn -0.6195 0.0556 -0.7830
vn -0.6233 0.0110 -0.7819
vn -0.7075 0.1177 -0.6969
vn -0.8281 0.0352 -0.5595
vn 0.5104 -0.7434 0.4323
vn 0.6795 -0.1867 0.7095
vn 0.9727 -0.2087 -0.1017
vn 0.9998 0.0128 0.0138
vn 0.6151 -0.0643 0.7858
vn 0.4943 0.3029 0.8148
vn 0.9720 0.2077 0.1100
vn 0.9921 -0.0490 -0.1155
vn 0.9894 0.1409 -0.0343
vn 0.0017 0.0045 1.0000
vn 0.9947 -0.0028 -0.1029
vn 0.9930 -0.1167 0.0182
vn 0.9868 -0.1560 0.0431
vn -0.0000 -0.3200 0.9474
vn -0.0069 -0.9150 -0.4034
vn -0.0000 0.3200 0.9474
vn 0.0001 -0.3200 0.9474
vn 0.9865 0.1632 -0.0162
vn 0.2010 0.1101 -0.9734
vn 0.6412 0.7428 -0.1925
vn -0.1168 0.9054 -0.4082
vn 0.9748 -0.2198 -0.0387
vn 0.5659 -0.0000 -0.8245
vn 0.6396 -0.0002 -0.7687
vn 0.7286 0.0001 -0.6849
vn 0.0024 -0.7386 0.6741
vn 0.0374 -0.7438 0.6674
vn 0.0276 -0.7553 0.6548
vn 0.0277 -0.7555 0.6545
vn 0.2131 -0.2143 -0.9532
vn 0.2791 -0.2803 -0.9184
vn 0.2583 -0.2441 -0.9347
vn 0.8223 0.2113 0.5284
vn 0.8219 0.2167 0.5268
vn 0.6274 -0.6302 -0.4574
vn 0.5923 0.5866 -0.5523
vn 0.5820 0.5835 -0.5664
vn 0.2786 0.2793 -0.9189
vn 0.2105 -0.8736 0.4387
vn 0.0737 -0.8826 0.4643
vn 0.0477 -0.7796 0.6244
vn 0.0786 -0.7589 0.6465
vn -0.0493 -0.8503 0.5240
vn 0.2086 -0.9107 0.3565
vn 0.0854 -0.7702 0.6320
vn 0.0767 -0.7632 0.6416
vn 0.0796 -0.7647 0.6395
vn 0.0793 -0.7655 0.6386
vn 0.0779 -0.7628 0.6419
vn 0.0795 -0.7642 0.6401
vn 0.0774 -0.7643 0.6402
vn 0.0928 -0.7646 0.6378
vn -0.8645 0.0655 -0.4984
vn -0.8642 0.0654 -0.4989
vn -0.8646 0.0690 -0.4978
vn -0.8644 0.0688 -0.4980
vn 0.6600 -0.6600 -0.3588
vn -0.9444 -0.2805 -0.1717
vn -0.9628 -0.2160 -0.1626
vn -0.9492 -0.2566 -0.1822
vn -0.9309 -0.3152 -0.1844
vn 0.6600 0.6600 -0.3588
vn -0.0412 0.9698 0.2403
vn -0.0363 0.9704 0.2389
vn -0.0504 0.9569 0.2861
vn 1.0000 -0.0000 -0.0000
vn -0.0057 0.9507 -0.3100
vn -0.4727 0.6796 -0.5610
vn 0.0029 0.9482 -0.3178
vn 0.0006 0.9483 -0.3175
vn -0.0014 0.9467 -0.3221
vn -0.4306 0.2577 -0.8650
vn 0.0002 0.9474 -0.3199
vn -0.0000 0.9474 -0.3200
vn 0.0001 0.9474 -0.3201
vn -0.7719 0.6279 -0.0997
vn -0.7905 0.6077 -0.0763
vn -0.8084 0.5832 -0.0799
vn -0.7835 0.6202 -0.0379
vn -0.8856 0.3573 -0.2968
vn -0.9464 -0.3230 0.0014
vn -0.9672 -0.2539 -0.0073
vn -0.9670 -0.2545 0.0118
vn -0.9548 -0.2971 0.0057
vn 0.1447 0.9530 0.2661
vn 0.1968 0.9417 0.2730
vn 0.1353 0.9566 0.2580
vn 0.1429 0.9588 0.2457
vn 0.1419 0.9559 0.2570
vn 0.1450 0.9551 0.2585
vn 0.1417 0.9553 0.2595
vn 0.1447 0.9551 0.2586
vn 0.1478 0.9543 0.2599
vn 0.2970 -0.4031 -0.8656
vn 0.2883 -0.3910 -0.8741
vn 0.3184 -0.3931 -0.8626
vn -0.4636 0.3364 -0.8197
vn -0.4340 0.3156 -0.8438
vn -0.6707 0.7309 -0.1264
vn 0.4139 -0.8854 0.2117
vn 0.3942 -0.8982 0.1945
vn -0.7772 0.5264 -0.3448
vn -0.7071 0.6699 -0.2263
vn -0.7072 0.6698 -0.2262
vn -0.5982 -0.7951 -0.1001
vn -0.7071 -0.6699 -0.2263
vn -0.0940 -0.4887 -0.8674
vn -0.4354 -0.3039 -0.8474
vn 0.0012 -0.9487 -0.3160
vn -0.0038 -0.9431 -0.3326
vn 0.0008 -0.9483 -0.3174
vn 0.0009 -0.9484 -0.3170
vn 0.0011 -0.9485 -0.3167
vn 0.0012 -0.9486 -0.3164
vn 0.0006 -0.9482 -0.3178
vn 0.0005 -0.9468 -0.3217
vn -0.0000 -0.9474 -0.3200
vn 0.0010 -0.9470 -0.3212
vn -0.3144 0.9365 0.1555
vn -0.3122 0.9376 0.1530
vn -0.3067 0.9390 0.1556
vn -0.2623 0.9423 0.2082
vn -0.2782 0.9514 0.1318
vn -0.3129 0.9376 0.1520
vn 0.4671 -0.1739 -0.8669
vn 0.4717 -0.1592 -0.8673
vn -0.3936 0.9177 -0.0544
vn -0.4101 0.9115 -0.0328
vn -0.3773 0.9240 -0.0622
vn -0.6924 -0.5248 -0.4952
vn -0.7938 -0.5928 -0.1357
vn -0.7057 -0.5079 -0.4939
vn -0.5085 -0.7590 0.4066
vn -0.5261 -0.7475 0.4055
vn -0.3305 -0.8015 0.4983
vn -0.2641 -0.8531 0.4499
vn -0.6223 -0.4347 -0.6510
vn -0.6256 -0.4484 -0.6384
vn -0.5195 -0.4129 -0.7481
vn -0.5207 -0.3553 -0.7763
vn -0.4387 -0.3168 -0.8410
vn -0.4119 -0.2978 -0.8612
vn -0.5725 -0.4275 -0.6996
vn -0.6268 -0.4619 -0.6275
vn -0.5677 -0.4085 -0.7147
vn -0.6774 -0.4905 -0.5482
vn -0.6430 -0.4670 -0.6069
vn -0.3465 0.1797 -0.9207
vn -0.3404 0.1517 -0.9280
vn -0.3419 0.1828 -0.9218
vn -0.4290 -0.8446 0.3204
vn -0.4314 -0.8518 0.2972
vn -0.4322 -0.8738 0.2227
vn -0.4629 -0.8497 0.2525
vn -0.4781 -0.8310 0.2843
vn -0.4459 -0.3212 -0.8355
vn -0.5035 0.8090 0.3034
vn -0.5064 -0.0378 -0.8615
vn -0.5044 -0.0390 -0.8626
vn -0.3991 0.0059 -0.9169
vn -0.3979 0.0036 -0.9174
vn -0.7953 -0.6061 0.0149
vn -0.8189 -0.5718 -0.0501
vn -0.8219 -0.5656 -0.0674
vn -0.8065 -0.5646 -0.1757
vn -0.9486 -0.2366 0.2102
vn -0.9745 -0.0840 0.2079
vn -0.1742 0.5842 -0.7927
vn -0.1685 0.5829 -0.7949
vn -0.1651 0.6143 -0.7716
vn -0.1783 0.5502 -0.8158
vn 0.1618 0.7846 -0.5986
vn -0.0815 0.4662 -0.8809
vn -0.0821 0.4669 -0.8805
vn -0.0839 0.4826 -0.8718
vn -0.7688 -0.6394 -0.0096
vn -0.9899 -0.1414 0.0032
vn -0.7431 -0.6656 -0.0691
vn -0.9506 -0.1619 -0.2650
vn -0.9918 0.1276 0.0094
vn -0.9948 0.0934 0.0415
vn -0.9816 0.1833 0.0542
vn -0.7584 0.6440 -0.1006
vn -0.7490 0.6504 -0.1262
vn -0.7563 0.6476 -0.0932
vn -0.9141 0.3681 -0.1702
vn -0.7769 0.6279 -0.0469
vn -0.4036 -0.4683 0.7860
vn -0.3476 -0.3829 0.8559
vn -0.1929 -0.2586 0.9465
vn 0.4391 -0.6468 0.6236
vn 0.0759 -0.2935 0.9529
vn -0.1589 -0.2433 0.9569
vn -0.0936 0.3195 0.9430
vn -0.2327 -0.1129 0.9660
vn -0.1306 -0.2550 0.9581
vn -0.7701 0.6351 -0.0597
vn 0.0305 -0.9295 0.3675
vn 0.9550 -0.2474 -0.1634
vn 0.1015 0.9943 -0.0335
vn 0.1089 0.9928 -0.0493
vn 0.1214 0.9910 -0.0558
vn 0.1139 0.9922 -0.0508
vn 0.1140 0.9923 -0.0491
vn 0.1117 0.9922 -0.0553
vn -0.0926 -0.4920 -0.8657
vn -0.0851 -0.4899 -0.8676
vn -0.1400 -0.4787 -0.8667
vn -0.1388 -0.4818 -0.8652
vn -0.1758 0.8710 -0.4587
vn -0.1799 0.8757 -0.4480
vn -0.1810 0.8727 -0.4535
vn -0.1808 0.8727 -0.4536
vn 0.1449 -0.4755 -0.8677
vn 0.1681 -0.4312 -0.8865
vn -0.3370 -0.5756 0.7451
vn -0.1800 -0.6454 0.7423
vn -0.1277 -0.7970 0.5903
vn -0.9879 -0.0656 0.1403
vn -0.9895 -0.1440 0.0158
vn -0.9817 -0.0970 0.1641
vn 0.6514 0.3244 -0.6859
vn 0.4969 0.0537 -0.8661
vn 0.6615 0.4829 0.5738
vn 0.5632 0.8261 0.0191
vn 0.5904 0.8058 -0.0454
vn 0.6532 0.4293 0.6237
vn -0.5957 0.6636 -0.4525
vn -0.6403 0.6410 -0.4232
vn -0.6434 0.6263 -0.4401
vn -0.1120 -0.4030 0.9083
vn -0.8321 0.2849 0.4759
vn -0.7871 0.4228 0.4492
vn -0.7687 0.4049 0.4951
vn 0.0629 0.4949 -0.8667
vn 0.0351 0.5039 -0.8631
vn 0.0266 0.4984 -0.8666
vn 0.0735 0.4909 -0.8681
vn 0.0110 0.4987 -0.8667
vn -0.0198 0.5045 -0.8632
vn -0.0268 0.4985 -0.8665
vn 0.0206 0.4959 -0.8681
vn -0.0408 0.4970 -0.8668
vn -0.0744 0.4988 -0.8635
vn -0.0802 0.4927 -0.8665
vn -0.0325 0.4956 -0.8680
vn -0.4798 -0.0076 -0.8773
vn -0.4904 -0.0094 -0.8715
vn -0.3239 -0.3884 -0.8627
vn 0.1104 0.4814 -0.8695
vn 0.0952 0.4957 -0.8632
vn 0.0917 0.4887 -0.8676
vn 0.1300 0.4946 -0.8594
vn 0.1535 0.4725 -0.8679
vn -0.1675 0.2468 0.9545
vn -0.1873 0.3095 0.9323
vn -0.9763 -0.2165 0.0065
vn -0.9686 -0.2314 -0.0906
vn -0.9086 -0.4143 -0.0529
vn -0.8639 -0.5036 0.0082
vn -0.8588 -0.5120 -0.0194
vn -0.9097 -0.4153 0.0063
vn -0.8947 -0.4455 0.0316
vn -0.6634 0.3536 0.6594
vn -0.5895 0.2356 0.7726
vn -0.5983 0.2873 0.7480
vn -0.7971 -0.6038 -0.0032
vn -0.7929 -0.5256 -0.3083
vn -0.1018 -0.8824 0.4593
vn -0.0945 -0.8717 0.4808
vn -0.2675 -0.9636 -0.0002
vn -0.1753 -0.9845 -0.0008
vn -0.0408 -0.4970 -0.8668
vn -0.0744 -0.4988 -0.8635
vn -0.0833 -0.9965 0.0022
vn 0.0110 -0.4987 -0.8667
vn -0.0198 -0.5045 -0.8632
vn 0.3846 -0.5539 -0.7384
vn 0.0952 -0.4957 -0.8632
vn 0.2214 -0.9752 0.0026
vn 0.2675 -0.9636 -0.0002
vn 0.1266 -0.4884 -0.8634
vn 0.4684 -0.8835 -0.0003
vn 0.5098 -0.8603 0.0042
vn 0.5798 -0.8147 -0.0006
vn 0.6590 -0.7521 0.0039
vn 0.3404 -0.3682 -0.8652
vn 0.7371 -0.6758 0.0017
vn 0.7920 -0.6105 -0.0049
vn 0.8123 -0.5833 0.0014
vn 0.8625 -0.5061 0.0020
vn 0.4484 -0.2042 -0.8702
vn 0.9776 -0.2105 0.0043
vn 0.9519 0.3063 0.0013
vn 0.3744 0.3314 -0.8660
vn 0.3403 0.3682 -0.8652
vn 0.6749 0.7379 0.0018
vn 0.6474 0.7622 -0.0003
vn 0.5798 0.8148 -0.0005
vn 0.5073 0.8618 0.0020
vn 0.4684 0.8835 -0.0003
vn 0.4188 0.9081 -0.0003
vn 0.3701 0.9290 -0.0002
vn 0.3227 0.9465 -0.0002
vn 0.2659 0.9640 -0.0002
vn -0.0541 0.9985 -0.0002
vn -0.0833 0.9965 0.0022
vn -0.1753 0.9845 -0.0008
vn -0.2675 0.9636 -0.0002
vn -0.1409 0.4760 -0.8681
vn -0.1855 0.4624 -0.8670
vn -0.4230 -0.4092 -0.8085
vn -0.5608 -0.4855 -0.6707
vn -0.7531 -0.5808 -0.3091
vn -0.6877 0.5273 -0.4990
vn -0.4941 0.4524 -0.7424
vn -0.4680 0.4374 -0.7679
vn 0.1829 0.6935 0.6969
vn 0.1364 0.7339 0.6654
vn -0.8686 0.4955 0.0056
vn -0.7455 -0.6069 -0.2755
vn -0.5314 -0.8471 0.0046
vn -0.2675 0.9636 -0.0000
vn -0.1173 0.9931 0.0064
vn -0.1173 -0.9931 0.0064
vn -0.0711 -0.9975 0.0058
vn -0.0541 0.9985 -0.0000
vn -0.8367 0.5148 0.1870
vn 0.2676 0.9635 -0.0000
vn 0.3701 0.9290 -0.0000
vn 0.4684 0.8835 -0.0000
vn 0.3702 0.9289 -0.0000
vn 0.4824 -0.8759 0.0044
vn 0.5386 -0.8425 0.0028
vn 0.6717 0.7395 -0.0430
vn -0.7444 0.5866 0.3190
vn -0.7994 0.5444 0.2541
vn -0.8236 0.3406 0.4535
vn -0.7781 0.4219 0.4654
vn -0.6879 0.6179 0.3807
vn 0.8042 -0.5943 0.0073
vn 0.8576 -0.5142 0.0048
vn -0.8117 -0.3306 0.4816
vn -0.3071 0.7647 0.5665
vn -0.2963 0.7724 0.5618
vn -0.2283 0.7778 0.5855
vn 0.9316 -0.3146 -0.1819
vn -0.9123 0.0295 0.4084
vn -0.9104 0.0513 0.4106
vn -0.9105 0.0516 0.4102
vn 0.5484 -0.8349 -0.0464
vn -0.6749 0.3629 0.6425
vn 0.2619 -0.9651 0.0038
vn -0.6083 -0.6416 -0.4672
vn -0.6101 -0.6425 -0.4637
vn -0.6101 -0.6426 -0.4636
vn -0.5555 -0.7027 -0.4446
vn -0.5489 -0.6940 -0.4659
vn -0.8778 0.4327 0.2054
vn -0.8792 0.4315 0.2022
vn -0.8793 0.4312 0.2023
vn -0.2675 -0.9636 -0.0000
vn 0.6806 0.7326 0.0087
vn -0.0734 -0.0353 -0.9967
vn -0.9894 -0.1453 0.0004
vn -1.0000 -0.0001 -0.0072
vn -0.9960 0.0249 0.0861
vn -0.0598 0.0940 -0.9938
vn -0.7054 0.3356 0.6243
vn -0.5779 -0.1080 0.8089
vn -0.7298 0.0213 0.6833
vn -0.6836 -0.1493 0.7144
vn -0.6741 -0.1130 0.7300
vn -0.6864 -0.4851 0.5418
vn -0.6859 -0.4855 0.5421
vn 0.4684 -0.8835 -0.0000
vn 0.6641 0.0055 -0.7477
vn 0.5315 -0.1836 -0.8269
vn 0.5381 0.8429 0.0031
vn -0.9984 -0.0133 -0.0543
vn -0.7936 -0.0000 0.6085
vn -0.7228 -0.0001 0.6910
vn -0.6648 -0.0018 0.7470
vn -0.6383 -0.0005 0.7698
vn -0.5424 -0.0014 0.8401
vn -0.4281 -0.0036 0.9037
vn -0.1160 -0.0000 0.9933
vn -0.1531 -0.0000 0.9882
vn -0.1738 -0.0000 0.9848
vn -0.1739 -0.0000 0.9848
vn -0.1179 0.2168 0.9691
vn -0.0883 -0.0000 0.9961
vn -0.1574 -0.0000 0.9875
vn -0.1161 -0.0000 0.9932
vn -0.1904 -0.0000 0.9817
vn -0.2825 -0.0003 0.9593
vn -0.1660 -0.0038 0.9861
vn -0.2920 -0.0001 0.9564
vn -0.1637 0.0040 0.9865
vn -0.2822 0.0003 0.9593
vn -0.4310 0.0015 0.9023
vn -0.6055 0.0040 0.7958
vn -0.7119 0.0007 0.7023
vn -0.7876 -0.0000 0.6162
vn -0.8775 0.0015 0.4795
vn -0.8705 -0.0000 0.4922
vn -0.8498 -0.0001 0.5271
vn -0.7950 -0.0000 0.6066
vn -0.8536 0.0001 0.5209
vn -0.8588 -0.3870 0.3357
vn -0.6921 0.7105 0.1271
vn -0.7472 0.6510 -0.1340
vn -0.1155 -0.9350 0.3352
vn -0.8957 0.3247 -0.3037
vn -0.8959 0.3244 -0.3034
vn -0.5505 -0.6276 -0.5505
vn -0.5466 -0.6251 -0.5573
vn -0.5524 -0.6234 -0.5534
vn -0.5577 -0.6225 -0.5491
vn -1.0000 -0.0079 -0.0035
vn -1.0000 0.0001 0.0006
vn -1.0000 -0.0000 -0.0000
vn -0.9987 0.0383 -0.0331
vn -0.7559 0.0125 -0.6546
vn -0.9999 0.0164 0.0030
vn -1.0000 -0.0003 0.0006
vn -0.7464 -0.5645 0.3524
vn -0.7082 -0.5368 0.4586
vn -0.7448 -0.4640 0.4795
vn 0.5623 0.6419 0.5213
vn -0.7765 0.2912 -0.5588
vn -0.7566 0.3276 -0.5659
vn -0.7565 0.3276 -0.5660
vn -0.7815 0.3434 -0.5209
vn -0.7963 0.3182 -0.5144
vn -0.0726 0.0011 -0.9974
vn -0.1414 -0.0003 -0.9899
vn -0.0000 -0.9473 -0.3202
vn 0.0082 -0.9473 -0.3201
vn -0.2145 0.2813 -0.9353
vn -0.1994 0.2885 -0.9365
vn -0.1425 0.3888 -0.9102
vn -0.0285 0.3808 -0.9242
vn 0.9877 0.1564 -0.0000
vn 0.9511 0.3090 -0.0000
vn 0.8910 0.4540 -0.0000
vn 0.8090 0.5878 -0.0000
vn 0.7071 0.7071 -0.0000
vn 0.5878 0.8090 -0.0000
vn 0.4540 0.8910 -0.0000
vn 0.3090 0.9511 -0.0000
vn 0.1564 0.9877 -0.0000
vn -0.0000 1.0000 -0.0000
vn -0.1564 0.9877 -0.0000
vn -0.3090 0.9511 -0.0000
vn -0.4540 0.8910 -0.0000
vn -0.5878 0.8090 -0.0000
vn -0.7071 0.7071 -0.0000
vn -0.8090 0.5878 -0.0000
vn -0.8910 0.4540 -0.0000
vn -0.9511 0.3090 -0.0000
vn -0.9877 0.1564 -0.0000
vn -0.9877 -0.1564 -0.0000
vn -0.9511 -0.3090 -0.0000
vn -0.8910 -0.4540 -0.0000
vn -0.8090 -0.5878 -0.0000
vn -0.7071 -0.7071 -0.0000
vn -0.5878 -0.8090 -0.0000
vn -0.4540 -0.8910 -0.0000
vn -0.3090 -0.9511 -0.0000
vn -0.1564 -0.9877 -0.0000
vn -0.0000 -1.0000 -0.0000
vn 0.1564 -0.9877 -0.0000
vn 0.3090 -0.9511 -0.0000
vn 0.4540 -0.8910 -0.0000
vn 0.5878 -0.8090 -0.0000
vn 0.7071 -0.7071 -0.0000
vn 0.8090 -0.5878 -0.0000
vn 0.8910 -0.4540 -0.0000
vn 0.9511 -0.3090 -0.0000
vn 0.9877 -0.1564 -0.0000
vn -0.9374 -0.3455 0.0438
vn -0.6077 -0.7773 -0.1627
vn -0.4077 -0.9043 -0.1265
vn -0.6662 -0.7365 -0.1174
vn -0.0925 -0.9939 -0.0601
vn -0.9847 0.0002 -0.1742
vn -0.1674 0.2442 0.9552
vn -0.6441 0.7383 -0.2000
vn -0.9211 -0.3523 -0.1656
vn -0.1277 -0.6921 0.7104
vn -0.6009 -0.7629 -0.2387
vn -0.8537 -0.4764 -0.2103
vn -0.6010 -0.7628 -0.2387
vn -0.7376 -0.6631 -0.1274
vn 0.0234 -0.8041 0.5940
vn 0.0196 -0.8030 0.5957
vn 0.0241 -0.8038 0.5945
vn 0.0443 -0.7933 0.6072
vn -0.1490 -0.9178 0.3681
vn 0.0461 -0.7902 0.6111
vn 0.0481 -0.7876 0.6143
vn 0.0433 -0.7769 0.6281
vn 0.0479 -0.7786 0.6257
vn -0.0469 -0.7250 0.6872
vn 0.3741 0.8994 -0.2260
vn 0.3912 0.8894 -0.2363
vn 0.3699 0.8998 -0.2314
vn 0.3713 0.8992 -0.2315
vn 0.3637 0.9031 -0.2283
vn 0.3235 0.8093 -0.4903
vn 0.3091 0.9310 -0.1943
vn -0.9354 -0.1362 0.3262
vn -0.8113 0.3299 0.4827
vn -0.2307 -0.8557 0.4632
vn -0.2506 -0.8324 0.4943
vn -0.2634 -0.8337 0.4854
vn -0.2455 -0.8794 0.4079
vn 0.0099 -0.7898 0.6133
vn 0.0290 -0.8176 0.5751
vn 0.0186 -0.8257 0.5638
vn -0.0791 -0.8061 0.5865
vn -0.0715 -0.8020 0.5931
vn -0.0775 -0.8048 0.5884
vn -0.2351 -0.3628 0.9017
vn -0.2375 -0.2733 0.9321
vn -0.2592 -0.2018 0.9445
vn -0.1890 -0.6001 0.7773
vn -0.6984 0.5757 0.4252
vn -0.5800 0.7626 0.2865
vn -0.5650 -0.6043 0.5618
vn -0.6100 -0.6246 0.4876
vn -0.5963 -0.6297 0.4979
vn -0.5683 -0.6827 0.4594
vn -0.2637 0.0022 -0.9646
vn -0.2737 0.0018 -0.9618
vn -0.8187 0.2345 0.5241
vn -0.8491 0.2652 0.4568
vn 0.3939 -0.8846 0.2497
vn 0.5713 -0.8117 0.1218
vn 0.5911 -0.7939 0.1426
vn 0.5814 -0.7993 0.1522
vn 0.5219 0.8300 0.1967
vn 0.5143 0.8369 0.1874
vn 0.5226 0.8295 0.1969
vn 0.5296 0.8234 0.2037
vn -0.3223 -0.7370 0.5941
vn -0.3223 -0.7370 0.5940
vn -0.3223 -0.7371 0.5940
vn -0.3137 -0.7668 0.5600
vn -0.3137 -0.7667 0.5601
vn -0.3136 -0.7668 0.5601
vn -0.2859 -0.8645 0.4134
vn -0.2459 -0.9208 0.3028
vn -0.3166 -0.8555 0.4097
vn -0.5668 -0.4964 0.6575
vn -0.5668 -0.4965 0.6575
vn -0.4283 -0.5188 0.7399
vn 0.4035 -0.9086 0.1081
vn 0.3625 -0.9271 0.0956
vn -0.5684 -0.5392 0.6214
vn -0.5741 -0.5521 0.6046
vn -0.5824 -0.5642 0.5852
vn -0.5780 -0.5486 0.6040
vn -0.5520 -0.4732 0.6866
vn -0.5813 -0.5687 0.5820
vn -0.5832 -0.6151 0.5306
vn -0.5778 -0.5489 0.6040
vn -0.2076 -0.9402 0.2702
vn -0.3066 -0.9403 0.1478
vn -0.3072 -0.9398 0.1494
vn -0.8442 -0.2895 0.4511
vn -0.8431 -0.3026 0.4446
vn -0.8429 -0.3029 0.4447
vn -0.8432 -0.3023 0.4445
vn -0.6430 -0.6895 0.3333
vn -0.5798 -0.6657 0.4698
vn -0.4969 -0.5480 0.6729
vn 0.0033 -0.8231 0.5679
vn -0.0010 -0.8271 0.5621
vn 0.0002 -0.8275 0.5614
vn -0.0715 -0.7488 0.6589
vn -0.0211 -0.9355 0.3526
vn -0.0210 -0.9355 0.3526
vn -0.0210 -0.9356 0.3526
vn -0.2259 -0.8824 0.4128
vn -0.2479 -0.9003 0.3577
vn -0.2372 -0.9124 0.3335
vn -0.0201 -0.8268 0.5622
vn 0.0227 -0.9513 0.3073
vn 0.0473 -0.9591 0.2791
vn 0.0048 -0.9155 0.4024
vn 0.0048 -0.9154 0.4024
vn -0.0079 -0.8922 0.4516
vn 0.1818 -0.7239 0.6655
vn 0.7185 -0.6943 0.0426
vn 0.7350 -0.6166 0.2820
vn 0.1264 -0.9286 0.3488
vn 0.1362 -0.7265 0.6735
vn 0.0716 -0.7266 0.6833
vn 0.0280 -0.7216 0.6917
vn 0.0280 -0.7217 0.6916
vn -0.1222 -0.6525 0.7479
vn -0.1211 -0.6522 0.7483
vn -0.1479 -0.6246 0.7668
vn -0.2800 -0.9584 0.0546
vn -0.4337 -0.5752 0.6936
vn -0.1341 -0.6404 0.7563
vn -0.1321 -0.6607 0.7390
vn -0.1339 -0.6569 0.7420
vn -0.3871 -0.3542 0.8513
vn -0.4132 -0.3697 0.8322
vn -0.9983 0.0572 0.0096
vn -0.9053 0.0144 0.4244
vn -0.9070 0.0213 0.4205
vn -0.9053 0.0163 0.4244
vn -0.5571 -0.7245 0.4059
vn -0.5570 -0.7243 0.4065
vn -0.5443 -0.7484 0.3789
vn -0.5442 -0.7447 0.3864
vn -0.7365 -0.1022 0.6687
vn -0.8035 -0.2232 0.5518
vn -0.7959 -0.1259 0.5921
vn -0.8195 0.4041 0.4064
vn -0.8171 0.4086 0.4066
vn -0.8144 0.4159 0.4046
vn -0.8136 0.4092 0.4131
vn -0.2036 -0.7629 0.6136
vn -0.2134 -0.7708 0.6002
vn -0.2051 -0.7511 0.6275
vn -0.1974 -0.7652 0.6128
vn -0.3639 -0.8863 0.2864
vn -0.4260 -0.8760 0.2262
vn -0.4011 -0.8914 0.2111
vn 0.1316 -0.9001 0.4153
vn 0.1922 0.0099 0.9813
vn 0.1891 0.0100 0.9819
vn 0.1883 0.0092 0.9821
vn 0.1880 0.0081 0.9821
vn 0.1835 0.0056 0.9830
vn 0.1902 0.0092 0.9817
vn 0.1902 0.0088 0.9817
vn 0.1904 0.0098 0.9817
vn 0.1608 0.0484 0.9858
vn 0.1909 0.0121 0.9815
vn 0.1904 0.0096 0.9817
vn 0.1893 0.0099 0.9819
vn 0.1902 0.0086 0.9817
vn 0.1879 0.0103 0.9821
vn 0.1929 0.0086 0.9812
vn 0.1908 0.0078 0.9816
vn 0.1942 0.0064 0.9809
vn 0.1876 0.0111 0.9822
vn -0.7617 0.6410 -0.0951
vn -0.7639 0.6389 -0.0908
vn -0.2572 -0.8661 -0.4286
vn -0.2551 -0.8658 -0.4305
vn -0.2587 -0.8659 -0.4281
vn -0.5201 0.6557 0.5472
vn -0.5096 0.6684 0.5418
vn -0.4964 0.6992 0.5145
vn -0.5003 0.7068 0.5001
vn -0.9430 0.2901 -0.1632
vn -0.9008 0.4189 -0.1143
vn 0.5331 0.6985 0.4774
vn -0.4271 -0.4700 0.7725
vn -0.5375 -0.4855 0.6895
vn -0.5415 -0.5414 0.6432
vn -0.5738 -0.5591 0.5985
vn -0.5520 -0.5229 0.6495
vn -0.5735 -0.6699 0.4715
vn 0.0109 -0.6688 0.7434
vn 0.0114 -0.6399 0.7683
vn 0.0121 -0.6395 0.7687
vn -0.5826 -0.7059 0.4028
vn -0.7109 0.6338 0.3049
vn -0.6880 0.6445 0.3334
vn -0.7045 0.6357 0.3155
vn -0.4985 -0.8143 0.2973
vn -0.5369 -0.7786 0.3250
vn -0.4746 -0.4182 0.7745
vn 0.3500 0.8751 0.3342
vn -0.9807 0.1929 -0.0326
vn -0.9738 0.2262 -0.0222
vn 0.0166 -0.7522 -0.6588
vn -0.0012 -0.7942 -0.6076
vn 0.0028 -0.7888 -0.6146
vn 0.0093 -0.7925 -0.6098
vn 0.0028 -0.7920 -0.6105
vn 0.0189 -0.9228 0.3849
vn 0.3221 -0.8728 0.3667
vn 0.2996 -0.8810 0.3662
vn 0.3579 -0.8525 0.3809
vn 0.3318 0.9360 0.1173
vn 0.3264 0.9384 0.1137
vn 0.3280 0.9382 0.1102
vn 0.2798 0.9542 0.1058
vn 0.3248 0.9453 0.0309
vn 0.3802 0.9185 0.1083
vn 0.3049 0.9446 0.1218
vn 0.4832 -0.8683 0.1120
vn 0.4884 -0.8650 0.1150
vn 0.4635 -0.8797 0.1060
vn 0.2428 0.9098 0.3365
vn -0.7689 0.4900 0.4107
vn -0.9101 -0.2258 0.3476
vn 0.2920 -0.8837 0.3657
vn 0.2782 -0.8871 0.3683
vn -0.0152 -0.8839 0.4675
vn 0.0366 -0.8857 0.4628
vn 0.0528 -0.6575 0.7516
vn 0.0454 -0.6327 0.7731
vn 0.0774 -0.8850 0.4592
vn 0.0774 -0.8849 0.4592
vn 0.0285 -0.7720 0.6350
vn 0.0410 -0.7711 0.6354
vn 0.0300 -0.7746 0.6317
vn -0.8513 -0.4820 -0.2071
vn -0.9097 -0.3805 -0.1665
vn 0.4909 -0.6348 0.5968
vn 0.4801 -0.6499 0.5892
vn 0.4839 -0.6567 0.5784
vn -0.6867 -0.7268 0.0149
vn -0.6340 -0.7614 0.1349
vn -0.7323 -0.6673 0.1359
vn -0.7529 0.6186 0.2248
vn 0.0094 -0.9436 -0.3310
vn -0.0013 -0.9482 -0.3176
vn 0.3322 -0.4781 0.8130
vn -0.5935 -0.8048 -0.0041
vn -0.6762 -0.7364 -0.0207
vn -0.5774 -0.8124 -0.0811
vn -0.4661 -0.8822 -0.0668
vn -0.0213 0.8782 -0.4779
vn -0.0213 0.8782 -0.4778
vn -0.0360 0.8773 -0.4785
vn -0.6564 -0.6859 0.3141
vn -0.6552 -0.6888 0.3103
vn -0.6511 -0.6918 0.3123
vn -0.6602 -0.6849 0.3082
vn -0.8068 -0.3243 -0.4939
vn -0.8081 -0.3202 -0.4945
vn -0.8378 -0.3089 -0.4502
vn -0.8287 -0.3377 -0.4463
vn -0.1556 0.8624 0.4818
vn -0.1556 0.8624 0.4817
vn -0.2904 0.8298 0.4765
vn 0.0263 -0.9616 -0.2731
vn 0.0213 -0.9534 -0.3008
vn 0.0211 -0.9491 -0.3142
vn -0.4286 0.7699 0.4729
vn -0.7821 0.4266 0.4542
vn -0.7822 0.4266 0.4541
vn -0.8526 0.2554 0.4558
vn -0.8509 0.2406 0.4671
vn -0.8514 0.2289 0.4719
vn -0.8606 0.2347 0.4519
vn -0.1106 -0.5533 -0.8256
vn -0.1411 -0.5550 -0.8198
vn -0.1405 -0.5573 -0.8183
vn -0.1179 -0.5344 -0.8370
vn -0.1157 -0.6117 -0.7826
vn -0.2259 -0.9655 0.1295
vn -0.2354 -0.9642 0.1217
vn -0.2341 -0.9650 0.1184
vn -0.9012 -0.0803 0.4259
vn -0.9213 0.0634 0.3835
vn -0.6663 -0.0069 0.7457
vn -0.6653 -0.0112 0.7465
vn -0.6635 -0.0059 0.7481
vn -0.6619 0.0018 0.7496
vn -0.4196 -0.8102 0.4092
vn -0.6128 -0.6182 0.4923
vn -0.0064 0.6527 -0.7576
vn -0.0068 0.6498 -0.7601
vn -0.0170 0.6279 -0.7781
vn -0.0116 0.6406 -0.7678
vn -0.0053 0.6632 -0.7484
vn -0.0122 0.6541 -0.7563
vn -0.7933 -0.5575 0.2446
vn -0.7890 -0.5626 0.2470
vn -0.7907 -0.5608 0.2457
vn -0.7899 -0.5605 0.2487
vn -0.8083 -0.5341 0.2477
vn -0.7521 -0.4755 0.4564
vn -0.7520 -0.4756 0.4564
vn -0.7067 -0.5380 0.4595
vn -0.5757 -0.6723 0.4655
vn -0.5757 -0.6723 0.4654
vn -0.4528 -0.7583 0.4690
vn -0.1899 -0.8555 0.4818
vn 0.3024 -0.9473 0.1051
vn 0.3033 -0.9474 0.1019
vn 0.3027 -0.9474 0.1042
vn 0.8348 -0.0025 0.5505
vn 0.1185 0.8681 0.4820
vn 0.0772 0.8769 0.4744
vn 0.1151 0.8885 0.4442
vn 0.1177 0.8680 0.4824
vn 0.1053 0.8690 0.4835
vn 0.1137 0.8686 0.4823
vn 0.2558 0.9593 0.1197
vn 0.2553 0.9601 0.1138
vn 0.2574 0.9602 0.1081
vn 0.0401 0.8863 0.4613
vn 0.0050 0.8863 0.4630
vn 0.0050 0.8864 0.4630
vn 0.0050 0.8863 0.4631
vn 0.2022 0.5938 0.7788
vn -0.0433 0.8821 0.4691
vn 0.2021 0.5848 0.7856
vn 0.0303 0.9443 0.3276
vn -0.0153 0.9361 0.3515
vn -0.0133 0.9368 0.3497
vn 0.0313 0.9444 0.3272
vn -0.2269 0.8394 0.4939
vn 0.0268 -0.9765 0.2140
vn 0.0652 -0.9231 0.3789
vn -0.2150 -0.8995 0.3804
vn -0.0496 -0.9254 0.3757
vn -0.8052 0.4022 0.4359
vn -0.8052 0.4021 0.4359
vn -0.8325 0.3387 0.4385
vn -0.8324 0.3387 0.4385
vn -0.9102 0.1850 0.3705
vn -0.9428 0.0597 0.3280
vn -0.9516 -0.0165 0.3068
vn -0.9495 -0.0269 0.3127
vn -0.9393 0.0102 0.3430
vn -0.9394 0.0098 0.3427
vn -0.9468 0.0179 0.3212
vn -0.7235 -0.5395 0.4306
vn -0.7236 -0.5395 0.4306
vn -0.6743 -0.7275 -0.1269
vn -0.5466 -0.8347 -0.0668
vn -0.4342 -0.8970 -0.0832
vn -0.2018 -0.8682 0.4533
vn -0.1594 -0.8598 0.4851
vn -0.1595 -0.8598 0.4851
vn 0.3372 0.3453 0.8758
vn 0.0470 -0.8879 0.4577
vn 0.0561 -0.8639 0.5005
vn 0.0086 -0.9811 0.1934
vn -0.0634 -0.9958 0.0657
vn -0.0905 -0.9929 0.0776
vn 0.2095 -0.9273 0.3101
vn 0.2290 -0.9160 0.3293
vn 0.2338 -0.9178 0.3210
vn -0.5380 -0.6962 0.4753
vn -0.2422 0.3059 0.9208
vn -0.2444 0.3195 0.9155
vn -0.2434 0.4467 0.8609
vn -0.4868 -0.8223 0.2948
vn -0.4740 -0.8390 0.2672
vn -0.4955 -0.8116 0.3096
vn -0.5878 0.0481 0.8076
vn -0.5877 0.0481 0.8076
vn -0.4977 0.2951 0.8156
vn -0.4976 0.2952 0.8156
vn -0.4977 0.2953 0.8155
vn -0.6168 0.6337 0.4669
vn -0.6168 0.6336 0.4670
vn -0.4824 0.7250 0.4917
vn -0.5019 0.7146 0.4874
vn -0.5120 0.6954 0.5042
vn -0.5043 0.7974 0.3314
vn -0.3594 0.8154 0.4538
vn -0.2984 0.8256 0.4789
vn 0.2272 0.8980 0.3767
vn 0.1261 0.8993 0.4188
vn 0.1935 0.9061 0.3763
vn -0.0102 0.8104 0.5858
vn -0.9798 -0.1163 -0.1629
vn -0.9799 -0.1232 -0.1566
vn -0.9744 -0.1409 -0.1751
vn 0.1389 0.9096 0.3915
vn 0.1145 0.8827 0.4558
vn 0.1238 0.8864 0.4461
vn 0.1177 0.8867 0.4472
vn 0.0951 0.8840 0.4577
vn 0.0664 0.8856 0.4597
vn -0.0011 0.8855 0.4647
vn -0.2685 -0.8198 0.5059
vn -0.2748 -0.8162 0.5082
vn -0.2668 -0.8188 0.5083
vn -0.9757 -0.0476 0.2140
vn -0.9655 -0.0443 0.2567
vn -0.0412 0.9991 0.0048
vn -0.0466 0.9932 -0.1064
vn -0.0205 0.9998 -0.0022
vn -0.1685 0.2456 0.9546
vn -0.1674 0.2550 0.9523
vn -0.1647 0.2479 0.9547
vn -0.8780 -0.3024 0.3710
vn 0.8145 0.2651 0.5161
vn 0.8229 0.2606 0.5049
vn 0.8190 0.2562 0.5134
vn 0.8149 0.2644 0.5158
vn 0.0402 0.8098 -0.5853
vn 0.0400 0.8084 -0.5873
vn -0.0752 0.8375 0.5413
vn -0.0866 0.8556 0.5104
vn -0.1323 0.8247 0.5498
vn -0.3959 0.9158 -0.0679
vn -0.3821 0.9213 -0.0721
vn -0.3966 0.9155 -0.0678
vn -0.3925 0.9170 -0.0704
vn -0.7654 -0.1857 -0.6162
vn -0.7437 -0.2836 -0.6053
vn -0.7344 -0.2798 -0.6183
vn -0.7593 -0.1878 -0.6231
vn 0.2780 0.5106 0.8136
vn -0.7989 -0.5841 -0.1434
vn 0.2007 0.6342 0.7466
vn 0.2043 0.6370 0.7433
vn 0.2043 0.6411 0.7398
vn 0.0309 -0.9851 0.1689
vn 0.0298 -0.9851 0.1691
vn 0.0313 -0.9850 0.1694
vn 0.0197 -0.9873 0.1576
vn 0.0335 -0.9852 0.1682
vn 0.0258 -0.9847 0.1721
vn 0.0287 -0.9846 0.1722
vn 0.0334 -0.9850 0.1695
vn 0.3442 -0.9304 -0.1264
vn 0.2828 -0.9267 -0.2474
vn 0.2691 -0.9237 -0.2727
vn 0.3447 -0.9292 -0.1330
vn 0.3385 -0.9316 -0.1328
vn 0.3403 -0.9308 -0.1336
vn 0.3398 -0.9318 -0.1275
vn -0.4578 -0.6707 0.5836
vn -0.1265 -0.7067 0.6961
vn 0.2915 -0.8362 0.4646
vn 0.2927 -0.8197 0.4924
vn 0.3016 -0.8250 0.4778
vn 0.3247 -0.6349 0.7010
vn 0.3014 -0.6529 0.6949
vn 0.7948 0.5974 -0.1066
vn 0.4335 -0.8182 0.3777
vn 0.4350 -0.7915 0.4294
vn -0.3217 -0.4949 0.8072
vn -0.3299 -0.8193 0.4690
vn -0.3823 -0.8201 0.4257
vn 0.0577 0.7910 0.6090
vn 0.0436 0.7896 0.6121
vn 0.0342 0.7929 0.6084
vn 0.9904 0.0144 -0.1372
vn -0.2893 0.9559 -0.0514
vn -0.2693 0.9617 -0.0501
vn -0.2805 0.9590 -0.0414
vn -0.2797 0.9591 -0.0427
vn -0.0221 -0.9912 -0.1306
vn -0.0166 -0.9909 -0.1339
vn -0.0149 -0.9908 -0.1342
vn 0.5755 0.7485 0.3294
vn 0.6103 0.7580 0.2301
vn 0.6100 0.7583 0.2302
vn 0.6099 0.7583 0.2302
vn 0.4774 0.7415 0.4714
vn 0.4774 0.7414 0.4716
vn 0.4775 0.7415 0.4714
vn 0.0617 0.8145 0.5769
vn -0.5740 -0.6909 0.4395
vn -0.5738 -0.6894 0.4422
vn -0.5860 -0.6881 0.4279
vn -0.5801 -0.6804 0.4478
vn -0.5856 -0.6762 0.4471
vn -0.1564 0.1542 0.9756
vn -0.1902 0.1853 0.9641
vn -0.2484 0.0425 0.9677
vn 0.7832 -0.6218 -0.0014
vn 0.7829 -0.6222 -0.0013
vn 0.7860 -0.6142 0.0705
vn 0.7977 -0.6020 0.0343
vn -0.2414 0.8236 0.5132
vn -0.0078 0.8386 0.5446
vn -0.2392 0.8526 0.4645
vn -0.2454 0.8361 0.4906
vn -0.2249 0.8560 0.4655
vn -0.2246 0.8560 0.4656
vn -0.1820 0.8824 0.4338
vn -0.0853 0.9261 0.3674
vn 0.0412 0.9443 0.3266
vn 0.1894 0.7152 0.6728
vn 0.1894 0.7153 0.6727
vn 0.1894 0.7152 0.6727
vn -0.8046 0.3215 0.4992
vn -0.1768 0.8278 0.5324
vn -0.1806 0.8273 0.5320
vn -0.5833 0.0022 -0.8123
vn -0.3747 0.6355 -0.6751
vn 0.1978 -0.9610 0.1932
vn 0.2301 -0.9469 0.2245
vn 0.1322 -0.9422 0.3080
vn 0.7896 -0.4476 0.4197
vn 0.7693 -0.4572 0.4463
vn 0.7698 -0.4586 0.4440
vn -0.6531 0.6717 0.3498
vn -0.6494 0.6757 0.3489
vn -0.6489 0.6771 0.3471
vn 0.3494 -0.7786 0.5213
vn 0.3642 -0.7787 0.5109
vn 0.0431 0.7956 0.6043
vn 0.0440 0.7939 0.6065
vn 0.0424 0.7950 0.6052
vn 0.0402 0.7977 0.6017
vn 0.0381 0.7986 0.6006
vn 0.0382 0.7968 0.6030
vn 0.0320 0.8023 0.5961
vn 0.0347 0.8011 0.5975
vn 0.0288 0.7991 0.6005
vn 0.0255 0.8033 0.5951
vn 0.0286 0.8032 0.5950
vn 0.0117 0.8046 0.5937
vn 0.0141 0.8040 0.5945
vn 0.0080 0.8022 0.5970
vn -0.6328 0.5673 0.5270
vn -0.0020 0.8035 0.5953
vn -0.4737 0.8243 0.3101
vn -0.0061 0.8046 0.5938
vn -0.0090 0.8026 0.5965
vn -0.0066 0.8052 0.5930
vn -0.6074 0.4909 0.6246
vn -0.0204 0.8047 0.5934
vn -0.2463 0.6589 0.7108
vn -0.2301 0.7748 0.5888
vn -0.0258 0.8048 0.5930
vn -0.0645 0.7872 0.6134
vn -0.0642 0.7895 0.6103
vn -0.0687 0.7846 0.6162
vn 0.0467 0.7875 0.6145
vn -0.0869 0.9451 0.3151
vn -0.2360 0.9584 0.1606
vn 0.1302 -0.4803 -0.8674
vn 0.0917 -0.4887 -0.8676
vn -0.5460 0.6591 0.5171
vn -0.5710 0.6914 0.4427
vn -0.8493 0.5101 -0.1360
vn -0.8482 0.5064 -0.1554
vn -0.4179 0.1254 0.8998
vn 0.0506 0.3223 0.9453
vn -0.1736 0.6368 0.7512
vn -0.0394 0.9817 0.1863
vn -0.8162 -0.5069 0.2772
vn -0.8227 -0.4987 0.2728
vn -0.8187 -0.5024 0.2782
vn -0.3985 0.8930 0.2093
vn -0.3508 0.9185 0.1826
vn -0.2802 -0.1012 0.9546
vn -0.3041 -0.5987 -0.7410
vn -0.2879 -0.5880 -0.7559
vn -0.2802 -0.5774 -0.7669
vn -0.2545 0.9585 0.1289
vn -0.1607 0.9810 0.1084
vn -0.1880 0.9726 0.1369
vn 0.0065 -0.9645 0.2638
vn 0.0031 -0.9637 0.2670
vn 0.0071 -0.9645 0.2639
vn 0.1771 0.8619 -0.4751
vn 0.9495 0.3136 0.0040
vn -0.5720 0.6988 0.4296
vn -0.5770 0.5564 0.5979
vn -0.5629 0.5072 0.6526
vn 0.5040 -0.5505 0.6655
vn 0.5887 -0.4901 0.6428
vn -0.0618 -0.5684 -0.8204
vn -0.0614 -0.5682 -0.8206
vn -0.0474 -0.5554 -0.8302
vn -0.0258 -0.5737 -0.8187
vn -0.7639 0.5603 -0.3201
vn 0.0626 0.4027 -0.9132
vn 0.0520 0.4607 -0.8860
vn -0.1050 0.9380 0.3305
vn -0.1111 0.5333 0.8386
vn -0.1277 0.5079 0.8519
vn -0.8762 0.0734 0.4763
vn -0.8769 0.0720 0.4752
vn -0.8778 0.0696 0.4740
vn -0.8754 0.0661 0.4789
vn -0.8773 0.0660 0.4755
vn -0.2820 0.9494 0.1381
vn 0.1337 0.7553 0.6416
vn 0.1380 0.7269 0.6728
vn 0.6737 0.6590 0.3345
vn 0.3825 0.5926 0.7089
vn 0.0511 0.7249 0.6870
vn 0.0512 0.7249 0.6869
vn 0.0512 0.7248 0.6870
vn 0.0086 0.7178 0.6962
vn -0.0311 0.7062 0.7073
vn -0.0311 0.7063 0.7073
vn -0.0665 0.6886 0.7221
vn -0.1072 0.6650 0.7391
vn -0.1073 0.6649 0.7391
vn -0.1354 0.6392 0.7570
vn 0.0123 0.9508 0.3096
vn 0.3171 0.8555 0.4093
vn -0.1583 0.6104 0.7761
vn -0.0710 0.6981 0.7125
vn -0.1622 0.7108 0.6845
vn -0.0778 0.7992 0.5960
vn -0.0700 0.7961 0.6011
vn -0.0702 0.8014 0.5940
vn -0.3342 0.7888 0.5158
vn -0.0688 0.8134 0.5776
vn -0.2720 0.6578 0.7024
vn -0.2761 0.5912 0.7578
vn -0.2934 0.5786 0.7610
vn -0.0479 0.8237 0.5651
vn -0.0359 0.8316 0.5542
vn -0.0349 0.8285 0.5589
vn -0.0361 0.8321 0.5534
vn -0.1886 0.5997 0.7777
vn -0.1593 0.6266 0.7629
vn -0.0077 0.8563 0.5164
vn -0.2745 0.6402 0.7175
vn 0.1883 0.9158 0.3547
vn 0.5014 0.8489 0.1672
vn 0.5063 0.8464 0.1651
vn 0.5075 0.8457 0.1652
vn 0.5132 0.8423 0.1649
vn 0.5088 0.8473 0.1523
vn 0.0493 0.8912 0.4509
vn -0.0434 -0.7798 0.6246
vn 0.1162 -0.8023 0.5855
vn 0.1158 -0.8201 0.5604
vn -0.0725 -0.7904 0.6083
vn -0.0468 -0.7895 0.6120
vn 0.1306 0.9273 0.3508
vn 0.0771 0.9032 0.4222
vn -0.3201 0.7361 0.5964
vn -0.3181 0.7700 0.5531
vn -0.3031 0.8147 0.4943
vn -0.5836 0.6709 0.4575
vn -0.5860 0.6771 0.4452
vn -0.4977 -0.5766 0.6479
vn -0.2762 0.5912 0.7578
vn -0.5306 0.4685 0.7064
vn -0.1361 -0.6712 0.7287
vn -0.1375 -0.6705 0.7291
vn -0.1074 -0.6911 0.7147
vn -0.5836 0.6503 0.4864
vn -0.4643 0.4660 0.7532
vn -0.5851 0.5301 0.6137
vn -0.5762 0.6515 0.4935
vn -0.5745 0.6482 0.4999
vn -0.5738 0.6748 0.4641
vn -0.0001 0.8282 0.5605
vn -0.0006 0.8255 0.5644
vn 0.0016 0.8242 0.5664
vn -0.5732 0.6386 0.5135
vn -0.2372 0.9127 0.3327
vn -0.2371 0.9127 0.3327
vn -0.0472 0.8491 0.5261
vn -0.0911 0.8883 0.4502
vn -0.0081 0.8256 0.5642
vn -0.0004 0.9436 0.3311
vn -0.0179 0.9477 0.3186
vn 0.0216 0.9600 0.2793
vn 0.0114 0.9849 0.1728
vn 0.0303 0.9660 0.2567
vn -0.6195 0.5641 0.5459
vn -0.6253 0.5540 0.5496
vn -0.6267 0.5523 0.5497
vn -0.6374 0.5453 0.5444
vn -0.9849 -0.0000 -0.1730
vn -0.9842 -0.0050 -0.1769
vn -0.0000 -0.0000 -1.0000
vn -0.0028 -0.0118 -0.9999
vn -0.0063 -0.0115 -0.9999
vn -0.0056 -0.0023 -1.0000
vn 0.3941 0.4022 0.8264
vn 0.1519 0.9742 0.1670
vn 0.2091 0.9532 0.2183
vn 0.2032 0.9577 0.2037
vn 0.1461 0.9710 0.1891
vn -0.7100 -0.0284 -0.7036
vn -0.6225 -0.0082 -0.7826
vn -0.5734 -0.1491 -0.8056
vn 0.1906 0.9526 -0.2372
vn 0.1841 0.9536 -0.2383
vn 0.1811 0.9533 -0.2416
vn 0.1418 0.9630 -0.2292
vn 0.1507 0.9634 -0.2218
vn 0.1878 0.9527 -0.2389
vn 0.1845 0.9534 -0.2388
vn -0.7784 -0.0025 -0.6277
vn -0.6667 -0.7420 -0.0697
vn 0.3248 -0.7942 0.5136
vn -0.1599 -0.3911 0.9063
vn -0.1571 -0.4260 0.8910
vn 0.1848 -0.9490 0.2554
vn -0.0612 -0.8893 0.4533
vn -0.0894 -0.8523 0.5154
vn -0.0895 -0.8523 0.5153
vn -0.0894 -0.8523 0.5153
vn -0.3301 0.9397 0.0894
vn 0.1567 0.8606 0.4846
vn -0.2016 0.9793 -0.0172
vn 0.0073 1.0000 0.0036
vn 0.0060 0.9999 0.0083
vn -0.9230 -0.3519 -0.1554
vn 0.4750 -0.7697 0.4265
vn 0.4741 -0.7395 0.4779
vn 0.1037 -0.4642 0.8796
vn 0.0054 -0.6564 0.7544
vn 0.0665 -0.3667 0.9280
vn 0.0831 0.0190 0.9964
vn 0.0815 0.0204 0.9965
vn 0.3187 0.3982 0.8602
vn 0.0859 -0.2813 0.9558
vn 0.0045 -0.6557 0.7550
vn -0.0208 -0.7859 0.6180
vn 0.0032 -0.6779 0.7351
vn -0.0370 -0.8177 0.5745
vn -0.0369 -0.8174 0.5749
vn 0.2609 -0.8034 0.5353
vn 0.2174 -0.7695 0.6005
vn 0.2580 -0.8860 0.3853
vn 0.2212 -0.7554 0.6168
vn 0.2212 -0.7555 0.6167
vn 0.2315 -0.7535 0.6153
vn 0.0419 -0.5986 0.8000
vn 0.2616 -0.9417 0.2117
vn 0.2338 -0.7998 0.5529
vn 0.2663 -0.6717 0.6913
vn 0.2664 -0.6717 0.6913
vn 0.0368 0.9282 0.3702
vn 0.0226 0.9313 0.3636
vn 0.7346 -0.6785 0.0069
vn 0.9740 -0.1759 -0.1425
vn 0.9748 -0.1735 -0.1400
vn 0.9747 -0.1742 -0.1403
vn 0.9747 -0.1749 -0.1395
vn 0.1128 -0.7539 0.6472
vn 0.9496 0.2637 -0.1694
vn -0.0501 -0.7866 0.6154
vn 0.7942 0.2903 0.5338
vn 0.7946 0.2838 0.5367
vn 0.7934 0.2880 0.5363
vn 0.5688 -0.4612 0.6810
vn 0.5646 -0.6042 0.5623
vn -0.1799 -0.7784 0.6015
vn -0.2313 -0.7762 0.5866
vn -0.2774 -0.7738 0.5695
vn -0.2773 -0.7738 0.5695
vn -0.3173 -0.1125 0.9416
vn -0.3210 -0.7720 0.5486
vn -0.3750 -0.7692 0.5174
vn -0.2758 0.6754 0.6840
vn -0.2788 0.6861 0.6720
vn -0.2744 0.6838 0.6761
vn -0.2718 0.6865 0.6745
vn 0.0070 0.9613 0.2754
vn 0.0216 0.9740 0.2255
vn 0.0212 0.9738 0.2266
vn 0.0090 0.9629 0.2696
vn 0.2176 0.7127 0.6668
vn 0.1871 0.7472 0.6378
vn 0.4419 0.8940 0.0740
vn 0.4363 0.8972 0.0688
vn 0.3776 0.9259 0.0040
vn 0.4513 0.8919 0.0280
vn 0.4822 0.8719 0.0855
vn 0.1108 0.8246 0.5547
vn 0.3703 0.7466 0.5527
vn 0.3716 0.7433 0.5562
vn 0.3895 0.7306 0.5608
vn -0.0709 0.9207 0.3838
vn -0.0481 0.8367 0.5455
vn -0.0876 0.8046 0.5873
vn -0.0863 0.8996 0.4281
vn -0.0754 0.9103 0.4070
vn -0.0708 0.9207 0.3838
vn 0.0262 0.9990 -0.0372
vn 0.0261 0.9990 -0.0369
vn 0.0252 0.9992 -0.0325
vn 0.0288 0.9989 -0.0375
vn -0.0893 0.8362 0.5410
vn -0.1479 0.4979 0.8545
vn -0.2242 -0.7385 0.6359
vn -0.2192 -0.7323 0.6447
vn -0.2249 -0.7397 0.6343
vn -0.2293 -0.7285 0.6455
vn -0.2235 -0.7377 0.6371
vn -0.0173 0.7604 0.6492
vn 0.0542 0.4603 0.8861
vn 0.0542 0.4605 0.8860
vn 0.0814 0.1869 0.9790
vn 0.0817 0.3016 0.9499
vn 0.0983 0.2096 0.9728
vn 0.0375 0.5067 0.8613
vn 0.0374 0.5067 0.8613
vn 0.1110 0.7206 0.6844
vn 0.3342 0.6698 0.6630
vn 0.2118 0.5479 0.8093
vn 0.1525 0.7406 0.6545
vn 0.2956 0.3705 0.8805
vn -0.0470 0.1334 0.9899
vn 0.2129 0.7125 0.6686
vn 0.2128 0.7124 0.6687
vn -0.0355 0.9606 0.2757
vn -0.0421 0.9621 0.2694
vn -0.0355 0.9606 0.2756
vn -0.0185 0.9592 0.2820
vn 0.3066 0.6530 0.6926
vn -0.1173 0.1490 0.9819
vn 0.3406 0.6291 0.6987
vn 0.3407 0.6291 0.6987
vn 0.4583 0.5269 0.7158
vn 0.4508 0.5347 0.7147
vn 0.3448 0.6331 0.6930
vn 0.4583 0.5270 0.7157
vn 0.4307 0.5757 0.6950
vn 0.5535 -0.2525 0.7937
vn 0.4943 0.6588 0.5672
vn 0.5896 0.5686 0.5736
vn -0.5018 0.0037 0.8650
vn -0.3502 0.2556 0.9011
vn -0.4172 0.7651 0.4905
vn -0.3804 0.7677 0.5157
vn -0.3394 0.7709 0.5390
vn -0.0596 0.9042 0.4229
vn -0.0612 0.9049 0.4212
vn -0.0611 0.9050 0.4211
vn -0.7041 -0.0705 0.7066
vn 0.2417 0.7636 0.5988
vn -0.5092 0.5499 0.6620
vn 0.6958 0.4017 0.5953
vn 0.6803 0.4239 0.5979
vn -0.3075 0.3045 0.9015
vn -0.2443 0.3248 0.9137
vn -0.3536 0.3489 0.8679
vn 0.3545 0.8029 0.4792
vn 0.3151 0.8049 0.5029
vn 0.3405 0.7959 0.5006
vn 0.3465 0.7999 0.4899
vn -0.9110 -0.0122 0.4123
vn -0.9987 0.0064 0.0496
vn -0.8375 -0.1372 0.5290
vn -0.9949 0.0005 -0.1005
vn 0.6600 0.2207 0.7181
vn 0.6584 0.2330 0.7157
vn 0.6581 0.2182 0.7206
vn -0.7069 0.1053 0.6995
vn -0.1108 0.7038 0.7017
vn -0.9845 0.0001 -0.1756
vn -0.7106 0.3332 0.6197
vn -0.6858 0.3418 0.6425
vn -0.5747 0.5953 0.5616
vn -0.5346 0.5415 0.6489
vn -0.4323 0.5863 0.6851
vn -0.1619 0.9249 0.3440
vn 0.1238 0.7201 0.6827
vn 0.1194 0.7210 0.6826
vn 0.1206 0.7207 0.6826
vn -0.3353 -0.5613 -0.7566
vn -0.3083 -0.5641 -0.7659
vn -0.3125 -0.5658 -0.7630
vn -0.0820 0.8293 0.5527
vn -0.0670 0.8329 0.5493
vn -0.9572 -0.1415 0.2524
vn -0.9596 -0.2145 -0.1819
vn -0.9686 -0.2134 -0.1279
vn 0.3755 0.9114 -0.1683
vn 0.3642 0.9183 -0.1553
vn 0.3648 0.9181 -0.1553
vn 0.9914 0.0005 -0.1308
vn 0.9914 0.0008 -0.1312
vn 0.2023 0.9751 0.0911
vn 0.1230 0.9870 0.1031
vn -0.0472 0.9965 0.0697
vn 0.1234 0.9881 0.0916
vn 0.2066 0.9716 0.1156
vn 0.2084 0.9704 0.1218
vn 0.0539 0.9413 0.3332
vn 0.1226 0.9683 0.2176
vn 0.2090 0.9713 0.1139
vn 0.9743 0.2216 -0.0403
vn -0.7106 -0.6691 0.2176
vn -0.7127 -0.6688 0.2116
vn -0.7447 -0.6453 0.1703
vn -0.7536 -0.6303 0.1866
vn 0.2079 0.9742 0.0882
vn 0.5733 -0.6509 0.4977
vn 0.5727 -0.6190 0.5374
vn -0.1033 0.4068 0.9076
vn -0.0824 0.4110 0.9079
vn 0.3648 0.9311 0.0039
vn 0.4830 0.8695 0.1031
vn 0.4754 0.8739 0.1017
vn 0.5210 0.8469 0.1066
vn 0.6347 0.7639 0.1170
vn 0.7802 0.6097 0.1401
vn 0.7809 0.6072 0.1466
vn 0.7831 0.6058 0.1404
vn 0.7806 0.6089 0.1411
vn 0.6371 0.7627 0.1110
vn -0.8813 0.3408 0.3274
vn -0.8819 0.3327 0.3340
vn -0.8527 0.3673 0.3714
vn -0.8739 0.3344 0.3529
vn 0.3579 0.9318 0.0602
vn -0.8605 0.0630 -0.5056
vn -0.8563 0.0760 -0.5109
vn -0.8537 0.0715 -0.5159
vn -0.8603 0.0630 -0.5058
vn 0.1418 0.9572 -0.2524
vn 0.1417 0.9572 -0.2524
vn 0.1529 0.9552 -0.2534
vn -0.1673 0.9854 -0.0300
vn -0.1646 0.9852 -0.0473
vn -0.1662 0.9861 0.0023
vn -0.1808 -0.0646 0.9814
vn -0.1803 -0.0661 0.9814
vn -0.0890 -0.9959 -0.0169
vn -0.0860 -0.9961 -0.0169
vn -0.0827 -0.9964 -0.0190
vn -0.0817 -0.9965 -0.0149
vn -0.0888 -0.9959 -0.0146
vn -0.0866 -0.9961 -0.0167
vn -0.0861 -0.9961 -0.0173
vn -0.0862 -0.9961 -0.0200
vn 0.0771 0.8878 -0.4538
vn 0.1048 0.8927 -0.4383
vn 0.1095 0.8910 -0.4406
vn 0.1100 0.8915 -0.4395
vn -0.3556 0.3374 0.8716
vn -0.3235 0.3339 0.8854
vn -0.3821 0.3915 0.8371
vn -0.5264 0.2928 -0.7982
vn -0.5826 0.3745 -0.7213
vn -0.6203 0.3099 -0.7205
vn -0.5409 0.2824 -0.7923
vn -0.6374 -0.7613 -0.1187
vn -0.6492 -0.6440 0.4048
vn -0.9806 -0.0956 -0.1710
vn -0.9808 -0.0919 -0.1718
vn -0.9804 -0.0797 -0.1800
vn -0.5797 0.6703 0.4634
vn -0.5646 0.6813 0.4659
vn -0.5644 0.6793 0.4691
vn 0.5000 -0.8617 0.0864
vn 0.5903 -0.8005 0.1034
vn 0.5906 -0.8003 0.1035
vn -0.5126 0.4510 0.7306
vn -0.5018 0.4569 0.7345
vn -0.4990 0.4546 0.7378
vn -0.5060 0.4448 0.7390
vn -0.5116 0.4539 0.7295
vn 0.7767 -0.6140 0.1403
vn 0.0937 -0.8964 0.4333
vn 0.7189 -0.6824 0.1321
vn 0.7193 -0.6793 0.1454
vn 0.7000 -0.7011 0.1361
vn 0.7204 -0.6813 0.1297
vn 0.1876 0.9807 -0.0543
vn 0.1813 0.9815 -0.0609
vn 0.1899 0.9802 -0.0560
vn 0.1916 0.9794 -0.0631
vn 0.1872 0.9805 -0.0603
vn 0.1895 0.9798 -0.0635
vn 0.1846 0.9815 -0.0509
vn 0.5773 -0.8086 0.1135
vn 0.3323 -0.9391 0.0875
vn 0.2074 -0.9743 0.0880
vn 0.3110 -0.9415 0.1295
vn -0.0200 0.7731 -0.6340
vn -0.0794 0.7669 -0.6368
vn -0.0643 0.7710 -0.6336
vn -0.0823 0.7432 -0.6640
vn -0.7232 -0.5861 -0.3654
vn -0.7247 -0.5876 -0.3598
vn -0.1023 0.9498 0.2958
vn -0.5368 -0.7786 0.3250
vn -0.5309 -0.7750 0.3428
vn -0.5262 -0.7634 0.3746
vn -0.9242 0.1487 0.3519
vn -0.9235 0.1491 0.3534
vn -0.0832 0.7264 -0.6822
vn -0.0750 0.7316 -0.6776
vn 0.8293 -0.1449 0.5396
vn 0.8299 -0.1456 0.5385
vn 0.8283 -0.1440 0.5415
vn 0.8300 -0.1361 0.5410
vn 0.8296 -0.1456 0.5390
vn -0.9817 -0.1843 0.0482
vn -0.2225 -0.9741 -0.0393
vn -0.2256 -0.9732 -0.0443
vn -0.2090 -0.9772 -0.0368
vn -0.2115 -0.9765 -0.0421
vn -0.2192 -0.9746 -0.0453
vn -0.9232 0.1207 0.3649
vn -0.9288 0.1212 0.3501
vn -0.9282 0.1251 0.3505
vn -0.7773 -0.6146 -0.1346
vn -0.1483 -0.6667 -0.7304
vn -0.1477 -0.6704 -0.7272
vn -0.1447 -0.6627 -0.7347
vn -0.1467 -0.6594 -0.7374
vn -0.1432 -0.6650 -0.7330
vn 0.0206 -0.4959 -0.8681
vn -0.0268 -0.4985 -0.8665
vn -0.5717 0.4775 -0.6671
vn -0.9571 0.0211 -0.2889
vn -0.8125 0.1735 0.5565
vn -0.4948 0.7317 0.4689
vn -0.5272 0.7194 0.4523
vn -0.5561 0.6976 0.4517
vn -0.5535 0.7013 0.4493
vn -0.7189 -0.5246 0.4561
vn -0.7165 -0.5252 0.4591
vn -0.7157 -0.5237 0.4621
vn 0.3383 -0.9393 0.0573
vn 0.4797 -0.8735 0.0829
vn 0.4907 0.8638 0.1143
vn 0.4899 0.8643 0.1142
vn 0.4657 0.8692 0.1662
vn 0.4838 0.8631 0.1448
vn -0.1451 -0.4510 0.8806
vn -0.1402 -0.4505 0.8817
vn -0.0964 -0.3863 0.9173
vn -0.0972 -0.3890 0.9161
vn -0.0962 -0.3886 0.9164
vn -0.6404 0.7444 0.1889
vn -0.1656 0.2337 0.9581
vn -0.1058 0.8192 0.5637
vn -0.0931 0.8460 0.5249
vn -0.8835 -0.2135 0.4170
vn -0.8902 -0.2012 0.4086
vn -0.4422 0.4632 -0.7681
vn -0.4341 0.4584 -0.7755
vn -0.4348 0.4693 -0.7686
vn -0.4390 0.4636 -0.7696
vn -0.4427 0.4676 -0.7651
vn -0.2809 -0.9583 -0.0523
vn -0.4142 -0.9070 -0.0767
vn -0.9006 -0.3652 0.2356
vn 0.5955 0.7969 0.1021
vn 0.4678 -0.8168 0.3375
vn -0.8325 0.3065 0.4615
vn -0.1554 0.9830 0.0973
vn -0.1609 0.9817 0.1019
vn 0.6104 0.7811 0.1316
vn 0.3953 0.9159 0.0700
vn 0.4939 -0.5902 0.6385
vn 0.7246 -0.4863 0.4884
vn 0.7204 -0.4826 0.4981
vn -0.6841 0.2400 0.6888
vn -0.5376 0.6174 0.5743
vn -0.0879 -0.1911 0.9776
vn 0.0022 -0.3632 0.9317
vn 0.3194 -0.8693 0.3773
vn -0.1609 -0.1641 0.9732
vn 0.1533 0.0032 0.9882
vn 0.5362 0.7304 0.4232
vn -0.8135 0.1669 0.5571
vn 0.1002 0.9870 0.1260
vn 0.1361 0.8242 0.5497
vn -0.0927 0.3242 0.9414
vn -0.1638 0.2917 0.9424
vn -0.1462 0.4698 0.8706
vn -0.9449 -0.0019 0.3274
vn -0.9444 -0.0054 0.3288
vn -0.9443 -0.0054 0.3289
vn -0.7780 0.0490 0.6264
vn -0.9436 -0.0148 0.3307
vn -0.7183 0.0194 0.6954
vn -0.9431 -0.0210 0.3319
vn -0.6899 -0.2350 0.6847
vn -0.9412 -0.0373 0.3357
vn -0.6183 0.0837 0.7815
vn -0.9171 -0.1915 0.3496
vn -0.6283 0.0212 0.7777
vn -0.9025 -0.2402 0.3576
vn -0.8068 -0.4342 0.4006
vn -0.8068 -0.4343 0.4006
vn -0.7524 0.0055 0.6587
vn -0.7060 -0.5534 0.4420
vn -0.7060 -0.5535 0.4418
vn -0.6669 -0.5880 0.4578
vn -0.4563 -0.2490 0.8543
vn -0.9460 -0.0001 0.3241
vn -0.8586 -0.2327 0.4568
vn -0.5252 -0.7171 0.4582
vn -0.3336 -0.2744 0.9019
vn -0.6090 -0.6461 0.4601
vn -0.6090 -0.6462 0.4600
vn 0.0021 1.0000 -0.0088
vn -0.6554 -0.0099 0.7552
vn -0.7779 0.0490 0.6265
vn -0.7900 -0.4427 0.4242
vn -0.1476 -0.2501 0.9569
vn -0.0751 -0.7505 0.6566
vn -0.1196 -0.5732 0.8106
vn -0.0977 -0.8118 0.5757
vn -0.1017 -0.7808 0.6165
vn -0.0751 -0.7506 0.6565
vn -0.0989 -0.8341 0.5427
vn -0.0988 -0.8341 0.5427
vn -0.0673 -0.9489 0.3082
vn -0.1073 -0.9834 0.1462
vn -0.0290 -0.9987 -0.0427
vn -0.6236 0.6240 0.4709
vn -0.7255 0.0364 0.6872
vn -0.6829 0.0209 0.7302
vn -0.7164 0.5429 0.4382
vn -0.7164 0.5430 0.4381
vn -0.6900 -0.0191 0.7236
vn -0.8600 0.3430 0.3778
vn -0.9154 0.1957 0.3519
vn -0.9153 0.1957 0.3519
vn -0.5207 0.6228 0.5840
vn -0.4510 0.7123 0.5378
vn -0.9568 -0.0015 0.2909
vn -0.9567 -0.0015 0.2909
vn -0.6096 0.6459 0.4596
vn -0.6458 -0.5435 0.5363
vn -0.6345 -0.5489 0.5441
vn -0.6340 -0.5499 0.5438
vn -0.6283 -0.5583 0.5417
vn 0.0105 -0.9998 0.0184
vn 0.0111 -0.9966 0.0821
vn 0.7245 -0.0005 0.6893
vn -0.1018 -0.6197 -0.7782
vn -0.0981 -0.6164 -0.7813
vn -0.1010 -0.6167 -0.7807
vn -0.2238 0.9737 -0.0418
vn -0.2244 0.9737 -0.0383
vn -0.2267 0.9731 -0.0403
vn -0.0132 -0.8890 -0.4578
vn 0.0031 -0.8529 -0.5221
vn -0.6030 0.7893 -0.1156
vn -0.6558 0.7462 -0.1145
vn -0.6003 0.7946 -0.0906
vn -0.6265 0.7709 -0.1150
vn -0.5400 0.8354 -0.1026
vn 0.0737 0.8587 0.5072
vn 0.0713 0.8600 0.5053
vn 0.0715 0.8601 0.5051
vn -0.2165 0.9756 -0.0379
vn -0.2198 0.9747 -0.0395
vn -0.2160 0.9758 -0.0351
vn -0.8980 -0.1663 0.4074
vn -0.9006 -0.1613 0.4037
vn -0.9006 -0.1612 0.4037
vn -0.7383 0.6131 0.2811
vn -0.7401 0.6110 0.2810
vn -0.8843 -0.4395 -0.1575
vn -0.8824 -0.4434 -0.1574
vn -0.8826 -0.4422 -0.1596
vn -0.8835 -0.4406 -0.1594
vn -0.7882 -0.5990 -0.1412
vn 0.2142 -0.9245 0.3154
vn 0.2615 -0.8858 0.3834
vn 0.2419 -0.8786 0.4118
vn 0.2575 -0.8714 0.4175
vn 0.2544 -0.8799 0.4013
vn 0.3112 0.9026 0.2974
vn 0.3117 0.8982 0.3101
vn 0.3335 0.8864 0.3211
vn 0.2257 0.9353 0.2727
vn -0.4351 -0.8973 -0.0737
vn -0.2287 -0.9726 -0.0408
vn -0.2315 -0.9719 -0.0433
vn -0.2309 -0.9720 -0.0433
vn -0.2253 -0.9733 -0.0431
vn -0.2670 -0.9469 0.1792
vn -0.2632 -0.9501 0.1674
vn 0.9975 -0.0000 -0.0703
vn -0.5944 -0.2555 -0.7625
vn -0.5952 -0.2560 -0.7617
vn -0.5819 -0.2699 -0.7672
vn -0.5808 -0.2674 -0.7689
vn -0.1234 -0.0371 0.9917
vn -0.1165 0.6089 -0.7846
vn -0.1159 0.6057 -0.7872
vn -0.1140 0.6089 -0.7850
vn 0.6171 -0.7616 0.1978
vn 0.5697 -0.8035 0.1728
vn -0.1639 -0.3534 0.9210
vn -0.1594 -0.3565 0.9206
vn -0.5135 0.8527 -0.0962
vn -0.3309 0.9418 -0.0587
vn -0.3234 0.9445 -0.0584
vn -0.3182 0.9464 -0.0553
vn 0.1091 -0.8235 0.5567
vn 0.1092 -0.8234 0.5568
vn 0.1085 -0.8242 0.5559
vn -0.4334 0.7812 -0.4494
vn -0.4632 0.7714 -0.4364
vn -0.4649 0.7671 -0.4420
vn -0.4332 0.7814 -0.4492
vn 0.9929 -0.0925 -0.0743
vn -0.3233 0.8554 -0.4048
vn -0.3245 0.8552 -0.4042
vn -0.3089 -0.8294 -0.4655
vn 0.0359 0.9838 0.1755
vn 0.0346 0.9837 0.1765
vn 0.3659 -0.9010 -0.2329
vn 0.3717 -0.8974 -0.2376
vn 0.3666 -0.9000 -0.2359
vn 0.3760 -0.8955 -0.2380
vn 0.3683 -0.8997 -0.2342
vn 0.3689 -0.8994 -0.2346
vn 0.3696 -0.8993 -0.2337
vn 0.3787 -0.8975 -0.2260
vn 0.3669 -0.9032 -0.2228
vn 0.2024 -0.9337 0.2953
vn 0.1836 -0.9408 0.2848
vn 0.1803 -0.9469 0.2661
vn 0.1783 -0.9467 0.2682
vn 0.1717 -0.9387 0.2988
vn 0.2057 -0.9129 0.3526
vn 0.0348 -0.9415 0.3353
vn 0.5598 0.6868 0.4636
vn 0.5279 0.7048 0.4740
vn 0.5281 0.7048 0.4737
vn 0.5553 0.0958 0.8261
vn 0.5587 0.0949 0.8239
vn 0.5526 0.0992 0.8275
vn 0.5533 0.0997 0.8270
vn 0.2242 -0.9385 -0.2625
vn 0.2306 -0.9454 -0.2301
vn 0.2345 -0.9458 -0.2247
vn 0.2307 -0.9460 -0.2277
vn 0.2133 -0.9507 -0.2250
vn 0.2596 -0.9346 -0.2432
vn 0.0681 -0.5142 -0.8550
vn 0.0695 -0.5087 -0.8581
vn 0.0427 -0.5035 -0.8629
vn 0.0412 -0.5056 -0.8618
vn 0.8057 0.5904 0.0473
vn -0.5225 -0.7095 -0.4729
vn -0.6059 -0.6338 -0.4808
vn -0.2205 -0.1438 0.9647
vn -0.8008 -0.3404 -0.4928
vn -0.8008 -0.3405 -0.4928
vn -0.8327 -0.2489 -0.4946
vn -0.8327 -0.2490 -0.4946
vn -0.8527 -0.1571 -0.4982
vn -0.2703 -0.4043 0.8738
vn -0.4647 -0.7405 0.4855
vn -0.4419 -0.7585 0.4789
vn -0.4110 -0.7646 0.4964
vn -0.6111 -0.1271 0.7813
vn -0.4384 -0.7619 0.4767
vn -0.6065 -0.1149 0.7868
vn -0.8527 0.1386 -0.5036
vn -0.8527 0.1387 -0.5036
vn -0.8554 0.1758 -0.4872
vn -0.8517 0.1799 -0.4921
vn -0.8466 0.1885 -0.4978
vn -0.8365 0.2344 -0.4953
vn -0.8060 0.3290 -0.4921
vn -0.7193 0.4948 -0.4876
vn -0.5966 0.6213 -0.5079
vn -0.5968 0.6215 -0.5075
vn -0.5967 0.6213 -0.5079
vn -0.4887 0.7358 -0.4687
vn -0.4453 0.7650 -0.4653
vn -0.2559 -0.0030 0.9667
vn -0.5011 0.8614 -0.0827
vn -0.6805 0.7225 -0.1223
vn -0.5054 0.8581 -0.0908
vn -0.6515 0.7498 -0.1159
vn -0.5638 0.6725 -0.4794
vn -0.5538 0.6079 0.5690
vn -0.5533 0.6072 0.5702
vn -0.2155 -0.2744 0.9372
vn -0.3791 -0.9157 0.1332
vn -0.2973 -0.9527 -0.0628
vn -0.2995 -0.9524 -0.0571
vn -0.3494 -0.9357 -0.0494
vn -0.3441 -0.9365 -0.0682
vn -0.3570 -0.9341 0.0062
vn -0.6339 -0.0369 -0.7725
vn -0.6330 -0.0438 -0.7729
vn -0.6305 -0.0474 -0.7747
vn -0.6315 -0.0422 -0.7742
vn -0.6336 -0.0416 -0.7725
vn -0.6327 -0.0465 -0.7730
vn 0.6914 0.7108 0.1293
vn 0.6957 0.7067 0.1290
vn 0.6957 0.7066 0.1293
vn 0.6928 0.7098 0.1271
vn -0.1452 -0.1474 0.9784
vn 0.9812 0.1628 -0.1040
vn -0.6337 0.0513 -0.7719
vn -0.6311 0.0599 -0.7734
vn -0.6307 0.0578 -0.7739
vn -0.6388 0.0554 -0.7674
vn -0.6371 0.0538 -0.7689
vn -0.6361 0.0445 -0.7703
vn -0.3850 -0.9217 -0.0478
vn -0.6300 0.1390 -0.7641
vn -0.6343 0.1229 -0.7632
vn -0.6302 0.1241 -0.7664
vn -0.6328 0.1443 -0.7607
vn -0.6289 0.1376 -0.7652
vn -0.6024 0.2150 -0.7687
vn -0.5950 0.2428 -0.7662
vn 0.0726 -0.9943 0.0777
vn 0.0910 -0.9922 0.0846
vn -0.7715 0.4299 0.4690
vn -0.4143 0.4945 -0.7641
vn -0.6178 0.2173 -0.7557
vn 0.2810 0.6637 0.6932
vn -0.0746 -0.6131 0.7865
vn -0.1148 -0.7545 0.6461
vn -0.0870 -0.7945 0.6010
vn -0.0410 -0.5528 0.8323
vn -0.3661 -0.7487 0.5527
vn -0.3678 -0.7458 0.5555
vn -0.3676 -0.7493 0.5508
vn -0.3568 -0.7550 0.5502
vn -0.6961 -0.5402 -0.4728
vn -0.6962 -0.5402 -0.4728
vn -0.7341 -0.4839 -0.4764
vn -0.7714 -0.4179 -0.4799
vn -0.8143 -0.3171 -0.4862
vn -0.8334 -0.2588 -0.4883
vn -0.8546 -0.1610 -0.4937
vn -0.8621 -0.1007 -0.4967
vn 0.1999 0.9125 0.3570
vn -0.7945 -0.6072 0.0016
vn -0.6906 -0.1760 0.7015
vn -0.8021 0.3488 -0.4848
vn -0.7254 0.4978 -0.4753
vn -0.0518 -0.9133 -0.4041
vn 0.2078 -0.9067 -0.3671
vn 0.2097 -0.9060 -0.3677
vn 0.2106 -0.9055 -0.3685
vn 0.2107 -0.9061 -0.3667
vn 0.2133 -0.9094 -0.3570
vn 0.2143 -0.9048 -0.3681
vn -0.5107 0.7294 -0.4551
vn -0.3941 0.8004 -0.4518
vn -0.3940 0.8004 -0.4518
vn 0.5431 0.4272 0.7229
vn 0.3756 0.5846 0.7192
vn 0.3798 0.5953 0.7080
vn 0.3794 0.5956 0.7080
vn 0.5696 0.5705 0.5917
vn 0.2131 -0.7044 0.6771
vn 0.2297 -0.6926 0.6838
vn -0.1974 -0.1282 0.9719
vn -0.4756 -0.7672 0.4303
vn -0.4044 -0.7874 0.4652
vn -0.4638 -0.7736 0.4317
vn -0.4648 -0.7750 0.4282
vn 0.1420 0.7865 0.6010
vn -0.0735 -0.5368 -0.8405
vn -0.0310 -0.5455 -0.8376
vn -0.4954 -0.7401 -0.4548
vn -0.4974 -0.7417 -0.4499
vn -0.4197 -0.7877 -0.4510
vn -0.4183 -0.7844 -0.4580
vn 0.6003 -0.7911 0.1175
vn 0.5997 -0.7912 0.1203
vn 0.6014 -0.7895 0.1226
vn 0.6010 -0.7904 0.1185
vn 0.6006 -0.7907 0.1186
vn 0.2340 0.9664 0.1062
vn 0.4369 0.8805 -0.1838
vn -0.2702 0.9616 -0.0487
vn -0.2772 0.9596 -0.0483
vn -1.0000 0.0002 0.0010
vn -0.9764 0.0194 -0.2151
vn 0.6099 -0.4860 0.6259
vn 0.3727 -0.3189 0.8714
vn -0.2135 -0.9762 -0.0387
vn -0.1737 -0.9843 -0.0306
vn 0.0990 -0.9949 0.0177
vn 0.0815 -0.9966 0.0137
vn 0.0869 -0.9961 0.0141
vn 0.0879 -0.9961 0.0123
vn -0.9583 -0.2464 -0.1444
vn -0.9626 -0.2105 -0.1703
vn -0.9614 -0.2170 -0.1689
vn -0.9632 -0.2097 -0.1679
vn 0.2857 -0.9567 -0.0548
vn -0.9559 0.2279 -0.1852
vn -0.9807 0.1670 -0.1018
vn -0.9805 0.0934 -0.1731
vn -0.9781 0.0979 -0.1837
vn -0.9802 0.0965 -0.1731
vn -0.9769 0.1259 -0.1728
vn 0.2701 -0.9578 -0.0978
vn 0.2708 -0.9575 -0.0989
vn 0.2695 -0.9579 -0.0986
vn -0.8252 0.0001 -0.5649
vn 0.0670 -0.9959 -0.0608
vn 0.0673 -0.9959 -0.0608
vn 0.0714 -0.9957 -0.0588
vn 0.1962 0.0212 0.9803
vn 0.1958 0.0161 0.9805
vn -0.5116 -0.3686 -0.7762
vn -0.7638 -0.6310 -0.1357
vn -0.7875 -0.6007 -0.1380
vn -0.9067 -0.3918 -0.1561
vn 0.4911 0.8711 0.0068
vn -0.8362 0.3366 -0.4330
vn -0.8374 0.3349 -0.4321
vn -0.8430 0.3254 -0.4283
vn -0.8430 0.3254 -0.4284
vn -0.8359 0.3366 -0.4335
vn -0.9085 0.3857 -0.1607
vn -0.7439 0.6552 -0.1320
vn -0.4818 0.8721 -0.0858
vn -0.4116 0.9084 -0.0736
vn -0.3456 0.9366 -0.0574
vn -0.2611 0.9605 -0.0960
vn -0.2498 0.9673 -0.0441
vn -0.5306 -0.5561 -0.6397
vn -0.5398 -0.5635 -0.6253
vn -0.4800 -0.6277 -0.6129
vn -0.4752 -0.6270 -0.6173
vn 0.2249 0.9709 -0.0819
vn 0.2229 0.9708 -0.0885
vn 0.2021 0.9757 -0.0842
vn 0.1973 0.9775 -0.0742
vn 0.6815 0.0297 0.7312
vn 0.6884 0.0291 0.7248
vn 0.6814 0.0296 0.7313
vn 0.6786 0.0285 0.7339
vn 0.3596 0.7585 0.5435
vn 0.3663 0.7594 0.5377
vn 0.4300 0.6524 0.6241
vn 0.1242 -0.7194 0.6834
vn 0.1368 -0.7263 0.6736
vn 0.1170 -0.7090 0.6954
vn 0.1281 -0.7192 0.6829
vn 0.1060 -0.7237 0.6819
vn 0.0419 0.8588 -0.5107
vn 0.0424 0.8584 -0.5112
vn 0.0397 0.8600 -0.5088
vn 0.0412 0.8597 -0.5091
vn 0.0296 0.8585 -0.5119
vn 0.0149 0.8583 -0.5129
vn 0.0140 0.8583 -0.5129
vn 0.0334 0.8582 -0.5122
vn 0.0418 0.8601 -0.5085
vn 0.0392 0.8578 -0.5125
vn 0.0425 0.8584 -0.5112
vn 0.0413 0.8591 -0.5102
vn -0.3821 -0.8106 -0.4437
vn -0.3823 -0.8105 -0.4438
vn -0.3580 -0.8188 -0.4487
vn -0.3686 -0.8145 -0.4480
vn -0.0556 0.9610 0.2709
vn 0.0128 0.9853 0.1702
vn -0.9448 0.2754 -0.1776
vn -0.9677 0.1856 -0.1705
vn -0.9570 -0.2354 -0.1693
vn -0.9571 -0.2354 -0.1690
vn -0.8904 -0.4269 -0.1577
vn -0.8069 -0.1223 0.5779
vn -0.8276 -0.1817 0.5310
vn 0.1491 0.9715 -0.1843
vn 0.8847 -0.0563 -0.4627
vn 0.8847 -0.0563 -0.4628
vn 0.3837 0.9212 -0.0651
vn 0.2858 0.9567 -0.0548
vn 0.7773 -0.6089 -0.1580
vn 0.3025 0.8152 0.4938
vn 0.2843 0.8436 0.4555
vn 0.3260 0.8115 0.4850
vn -0.9617 -0.2155 -0.1697
vn -0.9230 -0.3486 -0.1630
vn -0.4688 -0.8794 -0.0827
vn -0.5927 -0.7985 -0.1053
vn -0.4774 -0.8781 -0.0316
vn -0.4375 -0.8958 -0.0781
vn -0.2545 0.8758 -0.4101
vn 0.1480 -0.9713 -0.1864
vn -0.8516 0.0412 0.5225
vn -0.8519 0.0408 0.5220
vn -0.8505 0.0363 0.5247
vn -0.6529 -0.0343 0.7567
vn -0.3201 0.8330 0.4512
vn 0.3945 0.8696 -0.2968
vn 0.3944 0.8697 -0.2968
vn -0.0041 -0.0016 -1.0000
vn -0.0850 0.0009 -0.9964
vn 0.1618 0.9097 0.3824
vn 0.1739 0.9085 0.3801
vn 0.0228 0.8169 0.5764
vn 0.0227 0.8167 0.5766
vn 0.0229 0.8166 0.5767
vn 0.0016 0.8005 0.5994
vn -0.0706 -0.7063 -0.7044
vn -0.0734 -0.7016 -0.7087
vn -0.0722 -0.7046 -0.7059
vn 0.5714 -0.6789 0.4610
vn 0.5725 -0.6771 0.4623
vn 0.5663 -0.7023 0.4314
vn -0.2761 -0.7499 0.6012
vn -0.2730 -0.7447 0.6090
vn -0.2698 -0.7490 0.6051
vn -0.2688 -0.7514 0.6026
vn -0.4454 0.8562 -0.2617
vn -0.3326 0.6274 -0.7041
vn -0.4047 0.8612 -0.3075
vn -0.4627 0.7281 -0.5057
vn 0.0854 -0.9072 -0.4119
vn 0.1182 -0.8951 -0.4299
vn 0.1179 -0.8950 -0.4303
vn 0.0986 -0.8967 -0.4315
vn 0.0853 -0.8918 -0.4443
vn -0.8040 -0.0984 -0.5864
vn -0.8196 -0.0488 -0.5709
vn -0.8174 0.0558 -0.5734
vn -0.8017 0.1062 -0.5882
vn -0.7563 0.2230 -0.6151
vn -0.7037 0.3287 -0.6299
vn -0.6357 0.4399 -0.6343
vn -0.2339 0.9650 0.1185
vn -0.2360 0.9641 0.1217
vn -0.3173 0.7423 -0.5901
vn -0.1920 0.8026 -0.5648
vn -0.0762 0.8403 -0.5367
vn -0.0290 0.8514 -0.5238
vn -0.0176 0.8781 -0.4781
vn -0.0176 0.8782 -0.4780
vn -0.2440 -0.3970 0.8848
vn 0.5648 -0.7325 0.3800
vn 0.5621 -0.7258 0.3965
vn 0.5645 -0.7349 0.3759
vn -0.1336 0.8733 -0.4684
vn -0.1061 0.8741 -0.4740
vn -0.1060 0.8739 -0.4745
vn -0.0846 0.8744 -0.4778
vn -0.4777 0.6137 -0.6286
vn -0.4790 0.6149 -0.6265
vn -0.5110 0.6064 -0.6092
vn -0.5153 0.5979 -0.6140
vn -0.5548 -0.8260 -0.0998
vn -0.5652 -0.8165 -0.1175
vn -0.5480 -0.8312 -0.0938
vn -0.5468 -0.8317 -0.0962
vn -0.6819 -0.4869 -0.5459
vn -0.7067 -0.6294 0.3231
vn -0.6852 -0.6441 0.3400
vn -0.6838 -0.6465 0.3384
vn -0.0845 -0.8744 -0.4777
vn -0.0845 -0.8745 -0.4776
vn -0.0845 -0.8745 -0.4777
vn -0.0615 -0.8742 -0.4816
vn -0.2971 -0.5593 -0.7739
vn -0.2972 0.5593 -0.7739
vn -0.1051 -0.7950 0.5974
vn -0.0998 -0.8026 0.5881
vn -0.4505 -0.5152 0.7291
vn 0.0276 0.9904 0.1358
vn -0.6030 -0.0361 0.7969
vn -0.6111 -0.0314 0.7909
vn -0.6543 -0.2018 -0.7288
vn -0.5110 0.3232 -0.7965
vn -0.0679 0.9288 0.3643
vn -0.0835 0.9285 0.3618
vn -0.0587 0.9309 0.3606
vn -0.0642 0.9241 0.3767
vn -0.0579 0.9266 0.3714
vn -0.1596 -0.0143 -0.9871
vn 0.3660 -0.7383 -0.5665
vn -0.1882 -0.0001 -0.9821
vn -0.3635 -0.9150 0.1752
vn -0.6797 0.1061 -0.7258
vn -0.8339 0.1596 0.5283
vn -0.8610 0.1658 0.4809
vn -0.8598 0.1698 0.4816
vn -0.8694 0.1761 0.4616
vn -0.8420 0.1684 0.5126
vn -0.8434 0.1641 0.5116
vn -0.3255 0.2800 -0.9031
vn -0.3253 0.2804 -0.9031
vn -0.1721 0.2696 -0.9475
vn -0.1721 0.2695 -0.9475
vn -0.0081 0.2603 -0.9655
vn 0.0497 0.2579 -0.9649
vn 0.1160 0.2341 -0.9653
vn 0.1014 0.3570 -0.9286
vn 0.0731 -0.8585 0.5076
vn 0.0738 -0.8579 0.5086
vn 0.0739 -0.8584 0.5076
vn 0.0731 -0.8585 0.5075
vn 0.3742 -0.9063 0.1963
vn 0.4039 -0.8978 0.1755
vn 0.3730 -0.9181 0.1342
vn 0.3542 -0.9244 0.1415
vn 0.6508 -0.0052 0.7592
vn 0.7411 -0.2319 0.6301
vn 0.6443 -0.0696 0.7616
vn 0.6055 -0.0133 0.7957
vn -0.6056 0.6221 -0.4962
vn -0.6062 0.6234 -0.4938
vn -0.6072 0.6225 -0.4938
vn 0.6552 -0.3037 0.6917
vn 0.6674 -0.2928 0.6847
vn 0.2644 -0.9576 0.1145
vn 0.2666 -0.9572 0.1130
vn 0.2651 -0.9568 0.1190
vn 0.2704 -0.9556 0.1173
vn 0.4904 -0.0012 -0.8715
vn 0.2401 0.0454 -0.9697
vn 0.9543 0.0158 -0.2985
vn 0.6112 0.3065 -0.7297
vn 0.2068 -0.1944 -0.9589
vn 0.0193 -0.6655 -0.7462
vn 0.1124 0.9897 0.0886
vn 0.1115 0.9899 0.0876
vn 0.2384 0.7994 0.5515
vn 0.2619 0.8135 0.5193
vn -0.0526 0.4816 0.8748
vn -0.2925 -0.6048 0.7407
vn -0.3017 -0.6021 0.7392
vn -0.2894 -0.5674 0.7709
vn -0.2823 -0.5723 0.7699
vn -0.0711 0.9975 0.0058
vn 0.3397 0.6242 0.7035
vn 0.0089 0.7633 0.6460
vn -0.0190 0.4156 -0.9093
vn -0.0784 0.2648 -0.9611
vn -0.0578 0.2284 -0.9719
vn -0.1892 0.3051 -0.9333
vn -0.4889 0.0687 -0.8696
vn -0.3211 0.3260 0.8892
vn -0.3795 -0.8000 -0.4648
vn -0.3836 -0.7981 -0.4647
vn -0.3794 -0.8000 -0.4648
vn 0.6582 -0.1543 0.7368
vn 0.6591 -0.1499 0.7370
vn -0.6018 -0.6229 -0.4998
vn -0.6037 -0.6227 -0.4977
vn -0.6033 -0.6233 -0.4975
vn -0.5499 0.8343 -0.0401
vn -0.4924 0.8659 -0.0878
vn -0.6607 -0.6130 -0.4333
vn -0.6600 -0.6109 -0.4373
vn -0.6605 -0.6129 -0.4337
vn -0.6874 -0.5930 -0.4193
vn 0.6356 0.7614 0.1277
vn 0.6220 0.7752 0.1101
vn -0.3705 0.3492 0.8607
vn -0.3836 0.3568 0.8518
vn -0.4055 -0.6121 -0.6790
vn 0.0371 -0.9675 0.2500
vn 0.0303 -0.9615 0.2733
vn 0.0393 -0.9656 0.2570
vn 0.0443 -0.9753 0.2165
vn -0.0012 0.7704 -0.6375
vn -0.8912 0.4537 0.0047
vn 0.4969 0.8649 -0.0706
vn 0.4917 0.8680 -0.0700
vn 0.5275 0.4731 0.7056
vn 0.4232 0.4311 0.7969
vn 0.5328 0.4872 0.6919
vn 0.5335 0.4928 0.6874
vn -0.2888 0.2256 -0.9304
vn -0.1507 0.3268 -0.9330
vn 0.0370 0.5212 -0.8526
vn 0.9555 0.0899 0.2810
vn -0.7495 0.1858 0.6354
vn -0.7449 0.1867 0.6405
vn -0.7664 0.1591 0.6224
vn 0.0045 -0.9771 -0.2129
vn -0.2191 -0.5728 -0.7899
vn -0.2073 -0.5723 -0.7934
vn -0.1999 -0.9784 -0.0529
vn -0.1729 -0.9842 -0.0394
vn -0.1655 -0.9858 -0.0274
vn -0.0914 0.7643 -0.6383
vn -0.0912 0.7544 -0.6501
vn -0.1022 0.7516 -0.6516
vn 0.5108 -0.7530 0.4148
vn 0.5085 -0.7533 0.4172
vn 0.5057 -0.7543 0.4187
vn 0.5159 -0.7545 0.4056
vn -0.2285 0.2726 -0.9346
vn -0.2285 0.2727 -0.9346
vn -0.0372 0.9922 -0.1194
vn -0.0417 0.9919 -0.1199
vn 0.6789 -0.7229 0.1284
vn 0.6780 -0.7238 0.1284
vn 0.6676 -0.7352 0.1174
vn -0.3854 0.6979 0.6036
vn -0.3892 0.7001 0.5986
vn -0.3656 0.7150 0.5960
vn -0.3691 0.7188 0.5891
vn -0.3681 0.7189 0.5897
vn -0.3715 0.7148 0.5925
vn 0.5167 0.6809 0.5190
vn 0.7778 0.6115 -0.1453
vn 0.9579 0.2769 0.0762
vn 0.0073 0.9111 -0.4121
vn 0.0114 0.9192 -0.3936
vn 0.0097 0.9190 -0.3941
vn 0.0051 0.9170 -0.3990
vn 0.0096 0.9147 -0.4040
vn -0.6714 -0.3121 -0.6722
vn -0.5274 -0.2972 -0.7960
vn -0.5273 -0.2972 -0.7960
vn -0.4632 -0.2911 -0.8371
vn -0.3957 -0.2854 -0.8729
vn -0.3255 -0.2800 -0.9031
vn -0.1721 -0.2696 -0.9475
vn -0.1044 -0.2653 -0.9585
vn -0.1044 -0.2652 -0.9585
vn 0.0497 -0.2579 -0.9649
vn 0.0816 -0.2139 -0.9734
vn -0.8228 -0.4122 0.3914
vn -0.8192 -0.4197 0.3908
vn -0.8220 -0.4122 0.3929
vn -0.8232 -0.4124 0.3901
vn -0.9103 -0.3297 -0.2502
vn -0.0588 0.1113 -0.9920
vn 0.2073 -0.9468 -0.2460
vn 0.1995 -0.9489 -0.2447
vn 0.2017 -0.9480 -0.2460
vn 0.1972 -0.9484 -0.2484
vn 0.8073 -0.3408 0.4818
vn -0.6651 -0.6302 0.4005
vn -0.1960 -0.1304 0.9719
vn -0.5545 -0.3333 -0.7625
vn -0.5532 -0.3335 -0.7633
vn -0.5519 -0.3222 -0.7692
vn -0.5530 -0.3214 -0.7687
vn -0.0892 0.9927 0.0808
vn -0.0883 0.9933 0.0741
vn -0.0892 0.9922 0.0874
vn -0.0827 0.9932 0.0821
vn -0.1218 0.9874 0.1008
vn -0.1032 0.9905 0.0912
vn -0.5684 0.6759 0.4690
vn -0.8396 0.0216 0.5428
vn -0.8284 0.0173 0.5598
vn -0.8311 0.0062 0.5560
vn -0.8407 0.0171 0.5412
vn 0.6527 0.2849 0.7020
vn 0.6522 0.2854 0.7022
vn -0.6824 -0.3568 -0.6380
vn -0.6910 -0.3615 -0.6259
vn -0.6522 -0.4174 -0.6328
vn -0.6494 -0.4115 -0.6395
vn 1.0000 0.0003 -0.0006
vn 0.9948 0.0042 -0.1021
vn 0.9753 -0.0451 -0.2161
vn -0.9820 0.0851 -0.1684
vn -0.9819 0.0744 -0.1743
vn -0.9807 0.0865 -0.1755
vn -0.9809 0.0836 -0.1757
vn 0.8148 -0.2442 0.5258
vn 0.8152 -0.2445 0.5250
vn 0.8159 -0.2473 0.5227
vn 0.8141 -0.2447 0.5267
vn 0.8171 -0.2467 0.5210
vn 0.1711 -0.0144 -0.9852
vn 0.1718 -0.0009 -0.9851
vn 0.1389 -0.0010 -0.9903
vn -0.0483 0.7074 -0.7052
vn -0.2475 -0.0222 -0.9686
vn -0.4327 -0.0278 -0.9011
vn -0.8340 -0.0254 -0.5512
vn 0.2594 0.5777 0.7739
vn 0.2595 0.5804 0.7719
vn 0.2601 0.5815 0.7709
vn 0.2580 0.5814 0.7716
vn 0.1401 0.0065 -0.9901
vn 0.1718 0.0005 -0.9851
vn 0.1712 0.0145 -0.9851
vn -0.1292 -0.8343 0.5359
vn -0.1294 -0.8304 0.5419
vn -0.1338 -0.8305 0.5407
vn -0.1340 -0.8302 0.5411
vn 0.1667 -0.0439 -0.9850
vn 0.1839 0.0438 -0.9820
vn 0.1864 0.0311 -0.9820
vn 0.2133 -0.0339 -0.9764
vn 0.1731 -0.0000 -0.9849
vn 0.1544 -0.0146 -0.9879
vn 0.0261 0.0514 -0.9983
vn 0.1698 -0.0000 -0.9855
vn 0.1713 -0.0001 -0.9852
vn 0.1655 0.0434 -0.9853
vn 0.1157 -0.0189 -0.9931
vn 0.0842 -0.0430 -0.9955
vn -0.5727 0.0505 0.8182
vn -0.5694 0.0699 0.8191
vn -0.9841 -0.0013 -0.1773
vn -0.9844 -0.0045 -0.1761
vn -0.9843 0.0005 -0.1764
vn -0.9989 0.0028 -0.0474
vn -0.9987 0.0006 -0.0501
vn -0.9987 -0.0003 -0.0511
vn -0.9987 0.0020 -0.0502
vn -0.9989 -0.0010 -0.0458
vn -0.9989 0.0071 -0.0459
vn -0.9988 -0.0003 -0.0487
vn -0.9989 0.0001 -0.0479
vn -0.9985 0.0003 -0.0544
vn -0.9989 -0.0000 -0.0476
vn -0.9989 -0.0049 -0.0471
vn 0.7980 -0.6026 0.0017
vn -0.6045 0.0205 -0.7963
vn -0.9272 0.0120 -0.3743
vn -0.9654 0.0121 -0.2606
vn -0.9536 -0.0347 -0.2990
vn -0.0873 0.9919 0.0923
vn -0.0812 0.9924 0.0928
vn -0.5579 0.7255 0.4030
vn -0.5625 0.7226 0.4018
vn -0.5172 0.7610 0.3916
vn -0.5459 0.7150 0.4368
vn -0.5631 0.7293 0.3885
vn -0.5629 0.7289 0.3896
vn -0.5448 0.7307 0.4114
vn -0.5452 0.7354 0.4023
vn -0.5560 0.7258 0.4051
vn -0.5811 0.0328 -0.8132
vn -0.5923 0.0296 -0.8052
vn -0.6652 0.6833 0.3011
vn -0.6670 0.6804 0.3036
vn -0.6691 0.6806 0.2985
vn -0.6687 0.6811 0.2984
vn 0.2303 0.9241 -0.3050
vn 0.2368 0.9261 -0.2937
vn 0.2153 0.9322 -0.2910
vn 0.2067 0.9377 -0.2791
vn 0.2250 0.9267 -0.3011
vn 0.0479 -0.5885 0.8071
vn 0.0425 -0.6091 0.7919
vn 0.0378 -0.6099 0.7916
vn 0.0212 -0.5986 0.8008
vn 0.0320 -0.5873 0.8087
vn 0.0236 -0.9980 -0.0592
vn -0.1442 -0.5509 0.8220
vn -0.1150 -0.7462 0.6557
vn -0.1155 -0.7462 0.6556
vn 0.2930 0.9548 0.0496
vn 0.2849 0.9568 0.0574
vn -0.0715 0.8345 0.5463
vn -0.1973 0.1152 0.9736
vn -0.1740 0.0273 0.9844
vn 0.1752 0.8486 0.4991
vn -0.1264 0.7125 0.6902
vn -0.0980 0.8345 0.5423
vn -0.0995 0.8197 0.5641
vn 0.1741 0.0485 -0.9835
vn -0.1613 -0.5327 -0.8308
vn 0.1738 -0.0000 -0.9848
vn 0.1369 -0.6195 -0.7730
vn 0.0806 -0.9085 -0.4101
vn 0.0421 -0.9072 -0.4185
vn -0.9267 -0.2081 0.3130
vn -0.0493 0.9725 0.2275
vn -0.0507 0.9517 0.3029
vn 0.2436 0.3778 0.8933
vn -0.1737 -0.0000 0.9848
vn 0.8123 -0.2707 0.5166
vn 0.8196 -0.2674 0.5067
vn 0.8113 -0.2910 0.5071
vn 0.8087 -0.2792 0.5177
vn -0.3421 0.9368 -0.0738
vn -0.4863 0.8670 -0.1090
vn -0.7025 0.7008 -0.1242
vn -0.6531 0.7443 -0.1395
vn -0.6791 0.7241 -0.1201
vn -0.7097 -0.6933 -0.1252
vn -0.8678 0.3307 -0.3710
vn -0.8769 0.3800 0.2944
vn -0.1318 0.0488 0.9901
vn 0.0770 -0.0597 0.9952
vn 0.5378 -0.7652 -0.3539
vn 0.3799 -0.7863 -0.4872
vn 0.6067 -0.4882 0.6274
vn 0.6281 -0.4618 0.6262
vn 0.6401 -0.4645 0.6120
vn -0.1686 0.2419 0.9555
vn -0.1687 0.2418 0.9556
vn -0.1204 0.2701 0.9553
vn -0.0438 -0.9984 -0.0346
vn 0.0087 -0.7945 -0.6072
vn -0.4884 -0.8248 -0.2850
vn -0.5369 -0.8381 -0.0969
vn -0.1788 -0.9797 -0.0902
vn -0.7901 -0.5661 -0.2350
vn -0.9812 -0.0526 -0.1857
vn -0.6828 -0.7185 -0.1320
vn -0.9848 -0.0073 -0.1735
vn -0.9833 0.0331 -0.1791
vn -0.6400 -0.4176 0.6450
vn -0.9349 0.2923 -0.2013
vn -0.7989 0.5773 -0.1689
vn -0.4496 0.8726 -0.1911
vn -0.0671 0.9976 -0.0164
vn -0.4217 -0.4019 0.8128
vn -0.0001 -1.0000 -0.0000
vn 0.0036 -1.0000 0.0028
vn -0.0082 -0.9998 0.0154
vn -0.0660 0.8833 0.4642
vn -0.0653 0.8848 0.4614
vn -0.3090 0.5098 0.8029
vn -0.2528 0.6942 0.6740
vn -0.1351 0.7093 0.6919
vn -0.1255 0.7069 0.6961
vn -0.0053 0.9999 0.0088
vn -0.7914 -0.5956 -0.1377
vn -0.7886 -0.5987 -0.1400
vn -0.0003 0.9999 0.0106
vn -0.5423 0.7091 0.4507
vn -0.1952 0.0466 0.9797
vn -0.2373 0.0317 0.9709
vn 0.7734 -0.5837 0.2472
vn -0.5964 0.0371 0.8018
vn -0.5947 0.0426 0.8028
vn -0.5902 0.0457 0.8060
vn -0.1243 -0.7431 0.6575
vn -0.5847 0.0529 0.8095
vn 0.5660 -0.0802 0.8205
vn 0.5676 -0.0818 0.8192
vn -0.9949 -0.0010 -0.1004
vn -0.9954 -0.0025 -0.0961
vn -0.6496 -0.6446 0.4032
vn -0.6771 -0.6252 0.3881
vn -0.6615 -0.6408 0.3895
vn -0.6621 -0.6406 0.3890
vn -0.6684 -0.6418 0.3759
vn -0.4377 0.8582 0.2681
vn -0.1325 -0.8374 0.5302
vn -0.1384 -0.8372 0.5291
vn -0.5729 0.5661 0.5928
vn -0.6255 0.0928 0.7747
vn -0.7826 0.5001 0.3709
vn -0.6085 0.2020 0.7674
vn -0.6108 0.2029 0.7654
vn -0.6092 0.2149 0.7634
vn -0.6107 0.2133 0.7626
vn -0.6011 0.2289 0.7657
vn -0.6002 0.2078 0.7724
vn -0.6052 0.2040 0.7695
vn -0.5058 0.8580 -0.0892
vn -0.4982 0.8627 -0.0862
vn -0.5062 0.8577 -0.0901
vn -0.4184 -0.7869 0.4536
vn -0.4203 -0.7881 0.4497
vn -0.4130 -0.7916 0.4504
vn -0.4217 -0.7953 0.4355
vn -0.4189 -0.7868 0.4533
vn -0.4235 -0.7867 0.4492
vn -0.8165 -0.0697 0.5731
vn -0.6161 0.0238 0.7873
vn -0.1917 -0.2737 0.9425
vn -0.0487 -0.1409 -0.9888
vn -0.0779 -0.0456 -0.9959
vn -0.6022 0.0294 0.7978
vn 0.0078 -0.9349 0.3548
vn -0.6007 0.0328 0.7988
vn 0.5247 0.1897 0.8299
vn 0.5390 0.2024 0.8176
vn 0.4819 0.2463 0.8409
vn 0.5294 0.1903 0.8268
vn 0.5247 0.1898 0.8299
vn 0.9214 -0.3398 -0.1888
vn 0.9211 -0.3404 -0.1889
vn 0.9208 -0.3418 -0.1877
vn -0.8892 -0.0492 0.4548
vn -0.8892 -0.0493 0.4548
vn -0.8882 -0.0531 0.4563
vn -0.8955 -0.0532 0.4419
vn 0.6542 -0.6072 0.4509
vn -0.9798 0.0069 -0.1999
vn -0.9830 0.0071 -0.1836
vn -0.9820 0.0007 -0.1886
vn -0.9810 -0.0001 -0.1939
vn -0.9819 -0.0007 -0.1896
vn -0.7059 -0.6523 0.2760
vn -0.8888 0.0153 0.4580
vn -0.8857 -0.0028 0.4643
vn -0.8847 0.0015 0.4661
vn -0.8851 0.0018 0.4654
vn 0.4969 0.8235 0.2737
vn 0.4925 0.8260 0.2744
vn 0.4953 0.8251 0.2720
vn 0.7891 0.5916 -0.1655
vn 0.7637 0.6138 -0.2000
vn 0.5532 0.6042 0.5735
vn 0.5783 0.6734 0.4605
vn 0.5426 0.7150 0.4409
vn -0.4142 -0.6222 0.6643
vn -0.2446 -0.4945 0.8340
vn -0.2266 -0.2970 0.9276
vn -0.2385 -0.3081 0.9210
vn -0.2364 -0.2780 0.9310
vn -0.1889 -0.2481 0.9501
vn 0.3700 0.7502 0.5479
vn 0.3711 0.7499 0.5477
vn 0.3385 0.7723 0.5375
vn -0.1794 0.4660 -0.8664
vn -0.1602 0.4730 -0.8664
vn -0.1506 0.4748 -0.8671
vn -0.2182 0.9184 0.3301
vn -0.2843 0.9142 0.2888
vn 0.1593 0.8602 0.4844
vn -0.5453 0.7414 0.3912
vn -0.4356 -0.3517 0.8286
vn 0.1387 0.9056 0.4008
vn 0.1386 0.9056 0.4008
vn 0.1267 0.8931 0.4317
vn 0.1330 0.9071 0.3994
vn -0.0952 -0.8282 0.5523
vn -0.1268 -0.0549 -0.9904
vn -0.1240 -0.0457 -0.9912
vn -0.1519 -0.0135 -0.9883
vn -0.1528 -0.0140 -0.9882
vn -0.1528 -0.0139 -0.9882
vn -0.6981 -0.5029 0.5097
vn -0.5196 -0.5958 0.6124
vn 0.8476 -0.1623 0.5052
vn 0.8448 -0.1624 0.5098
vn 0.8474 -0.1638 0.5051
vn 0.9773 -0.2117 -0.0024
vn 0.0268 -0.8402 0.5415
vn 0.0106 -0.8592 0.5116
vn 0.0225 -0.8622 0.5061
vn 0.0175 -0.8648 0.5017
vn -0.5818 -0.7774 0.2391
vn 0.9350 0.2130 0.2834
vn 0.9353 0.2108 0.2843
vn 0.9355 0.2104 0.2840
vn 0.9340 0.2169 0.2838
vn 0.9328 0.2216 0.2843
vn 0.9327 0.2218 0.2844
vn 0.9359 0.2094 0.2833
vn 0.9338 0.2124 0.2878
vn 0.9339 0.2183 0.2832
vn 0.9339 0.2205 0.2816
vn 0.9348 0.2135 0.2838
vn 0.0712 0.7144 0.6961
vn 0.0618 0.7107 0.7007
vn -0.2185 0.7799 0.5866
vn -0.2202 0.7826 0.5823
vn -0.2134 0.7807 0.5873
vn -0.1219 0.5564 -0.8219
vn -0.1130 0.5468 -0.8296
vn -0.0802 0.5454 -0.8343
vn -0.1130 0.6763 -0.7279
vn -0.1111 0.6796 -0.7251
vn -0.1225 0.6802 -0.7227
vn -0.1250 0.6759 -0.7263
vn -0.1196 0.6772 -0.7260
vn -0.1217 0.6743 -0.7283
vn -0.1211 0.6744 -0.7284
vn -0.5027 0.3959 -0.7685
vn -0.5021 0.3897 -0.7720
vn -0.4907 0.4049 -0.7716
vn -0.1282 -0.8732 -0.4702
vn -0.5894 0.4361 0.6801
vn -0.6139 0.4035 0.6784
vn -0.5979 0.4530 0.6613
vn -0.6172 0.4473 0.6473
vn -0.1198 -0.7142 0.6896
vn 0.5008 0.4263 0.7533
vn 0.5004 0.4265 0.7535
vn -0.2528 -0.9261 0.2799
vn 0.0772 0.9855 0.1510
vn 0.0642 0.9828 0.1734
vn -0.4316 -0.8336 0.3448
vn -0.3552 -0.7344 0.5783
vn -0.3667 -0.6029 0.7085
vn -0.4587 -0.5848 0.6690
vn -0.3800 0.9028 0.2012
vn 0.5793 0.8071 0.1136
vn 0.5845 0.8027 0.1189
vn 0.5825 0.8046 0.1153
vn 0.5829 0.8040 0.1175
vn 0.5842 0.8039 0.1116
vn 0.5823 0.8042 0.1193
vn 0.5836 0.8037 0.1159
vn 0.5912 0.7978 0.1183
vn 0.5910 0.7979 0.1188
vn -0.2944 0.8865 0.3569
vn -0.4070 -0.5114 -0.7569
vn -0.4026 -0.5087 -0.7610
vn -0.3966 -0.5113 -0.7624
vn -0.3734 -0.8191 0.4355
vn 0.5907 0.0183 0.8067
vn 0.5755 0.0728 0.8146
vn -0.3157 0.1899 0.9297
vn -0.0325 -0.4956 -0.8680
vn -0.0802 -0.4927 -0.8665
vn -0.0300 -0.6420 -0.7661
vn -0.0308 -0.6411 -0.7668
vn -0.0313 -0.6416 -0.7664
vn -0.1737 0.2312 0.9573
vn -0.1944 0.2328 0.9529
vn -0.8038 0.0993 0.5866
vn 0.0369 0.8851 0.4640
vn 0.0191 0.8705 0.4919
vn 0.0517 0.8579 0.5112
vn 0.0356 0.8518 0.5227
vn 0.3397 0.9291 0.1461
vn -0.1101 -0.9894 0.0942
vn 0.2253 -0.9677 0.1134
vn 0.0220 -0.9733 0.2285
vn -0.0336 -0.9725 0.2303
vn -0.3127 0.5972 -0.7387
vn -0.3158 0.5908 -0.7424
vn 0.0167 0.9748 -0.2225
vn -0.8149 -0.3775 0.4398
vn -0.8147 -0.3763 0.4412
vn -0.7784 -0.3986 0.4850
vn -0.7868 -0.4256 0.4470
vn 0.7687 -0.6255 0.1336
vn 0.7713 -0.6221 0.1347
vn 0.3168 -0.5096 0.8000
vn 0.3199 -0.5084 0.7995
vn 0.3188 -0.5076 0.8004
vn 0.3192 -0.5062 0.8012
vn 0.3198 -0.5168 0.7942
vn 0.3180 -0.5099 0.7993
vn 0.3155 -0.5089 0.8009
vn 0.3152 -0.5119 0.7991
vn 0.3847 -0.9140 -0.1287
vn 0.3594 -0.9281 -0.0977
vn 0.4660 -0.5284 0.7097
vn 0.4980 -0.4975 0.7103
vn 0.7003 -0.4529 0.5517
vn 0.0555 0.9246 0.3770
vn 0.0665 0.9087 0.4121
vn 0.0554 0.9260 0.3734
vn 0.0568 0.9246 0.3767
vn -0.0304 0.7532 0.6571
vn -0.1817 0.6646 0.7248
vn 0.7365 0.6346 -0.2342
vn -0.4690 0.2622 0.8434
vn 0.0952 0.0703 0.9930
vn -0.3066 0.1147 0.9449
vn -0.3642 0.9151 0.1732
vn -0.3206 0.9455 -0.0565
vn -0.3126 0.9481 -0.0580
vn 0.7178 0.6852 0.1234
vn 0.7194 0.6831 0.1263
vn 0.7317 0.6694 0.1287
vn 0.7327 0.6682 0.1289
vn -0.1825 -0.4624 -0.8677
vn -0.8438 0.3844 0.3745
vn -0.8548 0.3762 0.3575
vn -0.8476 0.3795 0.3709
vn -0.4337 0.8280 0.3553
vn -0.2100 0.4998 0.8403
vn -0.7957 -0.5929 -0.1237
vn -0.8034 -0.5896 -0.0837
vn -0.1581 0.7092 0.6871
vn -0.0611 0.6972 0.7142
vn 0.4581 -0.2106 -0.8636
vn -0.0992 0.7539 0.6495
vn -0.5064 -0.8022 0.3162
vn -0.6500 -0.0047 0.7599
vn -0.6752 -0.0077 0.7376
vn -0.6776 -0.0056 0.7354
vn -0.1412 0.2062 0.9683
vn -0.2537 0.0271 0.9669
vn -0.5971 -0.0433 0.8010
vn -0.5974 -0.0374 0.8011
vn -0.5916 -0.0473 0.8048
vn -0.1323 0.7399 0.6596
vn -0.5880 -0.0491 0.8074
vn -0.5865 -0.0721 0.8067
vn -0.2239 0.5024 0.8351
vn -0.5811 -0.0579 0.8118
vn -0.5585 -0.0770 0.8259
vn 0.0220 0.9973 0.0697
vn -0.6081 -0.0305 0.7933
vn -0.6114 -0.0344 0.7906
vn -0.0202 0.9997 0.0126
vn -0.6132 -0.0296 0.7894
vn -0.6106 -0.0215 0.7916
vn -0.6157 -0.0246 0.7876
vn -0.6275 -0.0247 0.7782
vn -0.4101 -0.7508 0.5178
vn -0.4186 -0.7430 0.5222
vn -0.4216 -0.7400 0.5241
vn -0.4262 -0.7431 0.5160
vn 0.3871 -0.5906 0.7080
vn 0.3982 -0.5822 0.7088
vn 0.3904 -0.5899 0.7068
vn -0.3737 -0.0129 -0.9275
vn -0.3769 -0.0020 -0.9262
vn -0.3824 0.0027 -0.9240
vn -0.3838 -0.0002 -0.9234
vn -0.2757 0.6997 0.6591
vn -0.0808 0.5951 0.7996
vn 0.2221 0.9068 -0.3582
vn 0.2248 0.9072 -0.3555
vn 0.2276 0.9061 -0.3567
vn 0.2276 0.9060 -0.3568
vn 0.2309 0.9088 -0.3475
vn 0.2253 0.9063 -0.3576
vn 0.9314 -0.2329 0.2798
vn 0.9295 -0.2311 0.2876
vn 0.9286 -0.2431 0.2803
vn 0.9305 -0.2354 0.2806
vn -0.2904 -0.8363 0.4651
vn -0.2837 -0.8319 0.4769
vn -0.2901 -0.8364 0.4651
vn -0.0810 0.3744 -0.9237
vn -0.1574 0.9486 0.2747
vn 0.4162 -0.8847 -0.2097
vn 0.4130 -0.8845 -0.2168
vn 0.4359 -0.8714 -0.2251
vn 0.4007 -0.8861 -0.2330
vn 0.4207 -0.8829 -0.2086
vn 0.4152 -0.8854 -0.2090
vn 0.4199 -0.8829 -0.2103
vn 0.4237 -0.8820 -0.2065
vn 0.4136 -0.8844 -0.2164
vn 0.4172 -0.8841 -0.2106
vn 0.4684 0.6449 0.6039
vn 0.4577 0.6463 0.6106
vn 0.5011 0.6488 0.5726
vn -0.5142 0.7141 0.4750
vn -0.5153 0.7143 0.4736
vn -0.5135 0.7153 0.4740
vn -0.5112 0.7175 0.4731
vn -0.5161 0.7155 0.4708
vn -0.5134 0.7109 0.4806
vn 0.3489 0.3642 -0.8635
vn -0.8310 0.5298 0.1693
vn -0.7979 0.5847 0.1465
vn -0.7542 0.6348 0.1678
vn -0.7530 0.6470 0.1200
vn 0.5341 -0.5370 0.6530
vn 0.6339 0.1811 0.7519
vn 0.6420 0.1526 0.7513
vn 0.6339 0.1671 0.7551
vn 0.4451 -0.8948 0.0361
vn 0.5288 -0.4511 0.7189
vn 0.5504 -0.4060 0.7295
vn -0.4514 -0.0005 -0.8923
vn -0.4526 -0.0012 -0.8917
vn -0.4505 -0.0002 -0.8928
vn -0.4525 -0.0000 -0.8918
vn 0.6034 0.3072 0.7359
vn 0.6161 0.2623 0.7427
vn 0.5772 0.0387 0.8157
vn 0.7414 0.1940 0.6424
vn -0.9298 -0.1537 0.3345
vn -0.9373 -0.1230 0.3261
vn -0.9375 -0.0803 0.3385
vn -0.9348 -0.0717 0.3478
vn -0.9347 -0.0720 0.3480
vn 0.5272 0.5914 0.6101
vn 0.5109 0.5820 0.6326
vn 0.5319 0.5880 0.6094
vn 0.5315 0.5880 0.6098
vn -0.8392 0.4356 0.3257
vn -0.8400 0.4342 0.3253
vn -0.8403 0.4345 0.3241
vn -0.4980 -0.3939 -0.7725
vn -0.5022 -0.3890 -0.7723
vn -0.5124 -0.3889 -0.7657
vn 0.0407 0.9812 0.1886
vn 0.0420 0.9820 0.1840
vn 0.0334 0.9811 0.1905
vn 0.0296 0.9812 0.1907
vn 0.0365 0.9812 0.1893
vn 0.0342 0.9783 0.2042
vn 0.0387 0.9811 0.1898
vn 0.0363 0.9817 0.1870
vn 0.0328 0.9815 0.1886
vn 0.0447 0.9823 0.1817
vn -0.3865 -0.1615 0.9080
vn -0.3064 -0.0043 -0.9519
vn -0.3032 0.0122 -0.9528
vn -0.2743 -0.2030 0.9400
vn -0.2481 -0.2150 0.9446
vn 0.1688 -0.9852 0.0294
vn 0.1821 -0.9828 0.0293
vn 0.1830 -0.9827 0.0295
vn 0.1493 -0.9875 0.0497
vn -0.0977 0.8899 0.4456
vn -0.0817 0.8976 0.4332
vn -0.0862 0.8650 0.4943
vn -0.0559 0.8911 0.4504
vn -0.4873 -0.6313 0.6033
vn -0.6089 -0.1079 0.7859
vn -0.6093 -0.0564 0.7909
vn -0.5439 -0.5977 0.5890
vn 0.5436 -0.1471 0.8263
vn 0.5447 -0.1447 0.8261
vn 0.5496 -0.1410 0.8234
vn 0.5442 -0.1474 0.8259
vn 0.0068 -0.8821 0.4710
vn 0.0068 -0.8822 0.4708
vn 0.0070 -0.8822 0.4708
vn 0.0347 -0.8923 0.4502
vn 0.0204 -0.8995 0.4365
vn 0.3624 -0.9190 -0.1551
vn 0.3637 -0.9176 -0.1604
vn 0.3657 -0.9170 -0.1595
vn 0.3618 -0.9175 -0.1651
vn -0.5916 -0.1450 0.7931
vn -0.6174 -0.1353 0.7749
vn -0.6082 -0.1423 0.7809
vn -0.5955 -0.1847 0.7818
vn -0.5993 -0.2325 0.7660
vn -0.6083 -0.1423 0.7809
vn -0.6057 -0.2220 0.7641
vn -0.6099 -0.2137 0.7631
vn -0.6136 -0.1411 0.7769
vn -0.5953 -0.2393 0.7671
vn 0.6403 0.0019 0.7681
vn 0.6404 -0.0007 0.7680
vn 0.7438 0.6542 0.1371
vn 0.7412 0.6576 0.1347
vn 0.7491 0.6484 0.1357
vn 0.7490 0.6484 0.1362
vn -0.3475 -0.8510 -0.3938
vn -0.3151 -0.8556 -0.4107
vn -0.3127 -0.8556 -0.4125
vn -0.3472 -0.8510 -0.3939
vn -0.7481 -0.6522 -0.1221
vn -0.7460 -0.6531 -0.1300
vn -0.7551 -0.6456 -0.1140
vn -0.7849 -0.6138 -0.0853
vn -0.0169 0.1101 0.9938
vn 0.3368 -0.3714 -0.8652
vn -0.0537 -0.8543 -0.5169
vn -0.4989 0.4731 0.7261
vn -0.5283 0.4881 0.6948
vn -0.2590 -0.0022 0.9659
vn -0.2154 0.0205 0.9763
vn -0.4191 -0.8390 0.3471
vn 0.2394 -0.7998 -0.5504
vn 0.2560 -0.9355 -0.2434
vn 0.1138 -0.8105 0.5746
vn 0.3476 -0.9042 0.2481
vn 0.7079 -0.6877 0.1609
vn 0.8713 -0.2008 -0.4478
vn 0.8884 -0.1679 -0.4273
vn 0.6026 -0.6653 0.4407
vn -0.9565 0.2428 -0.1617
vn -0.0418 -0.9905 -0.1309
vn -0.3495 -0.5823 -0.7340
vn -0.8868 0.1025 0.4506
vn -0.8595 -0.4399 0.2603
vn -0.5115 -0.4357 0.7406
vn -0.4734 -0.4974 0.7270
vn -0.5334 -0.4929 0.6874
vn -0.0920 -0.8746 -0.4761
vn -0.0921 -0.8746 -0.4761
vn -0.0383 -0.8795 -0.4744
vn -0.0269 -0.8836 -0.4675
vn -0.0246 -0.8803 -0.4738
vn -0.0245 -0.8803 -0.4739
vn -0.0837 -0.8627 -0.4988
vn -0.8998 0.1627 0.4048
vn -0.1618 0.6310 -0.7587
vn -0.1679 0.6307 -0.7577
vn -0.1625 0.6295 -0.7598
vn -0.8511 0.5004 -0.1588
vn -0.8522 0.5016 -0.1488
vn -0.9774 -0.1208 -0.1736
vn -0.9776 -0.1161 -0.1753
vn -0.9764 -0.1275 -0.1741
vn -0.9781 -0.1186 -0.1713
vn 0.4748 -0.6352 0.6092
vn 0.2540 -0.5874 0.7684
vn 0.2535 -0.5876 0.7684
vn 0.2594 -0.5846 0.7688
vn 0.7772 0.5459 0.3131
vn -0.6994 -0.5803 0.4174
vn -0.6990 -0.5823 0.4151
vn -0.6999 -0.5817 0.4144
vn -0.6995 -0.5775 0.4209
vn -0.7006 -0.5773 0.4195
vn 0.0534 0.8696 -0.4908
vn 0.0057 0.8782 -0.4782
vn 0.0057 0.8782 -0.4783
vn -0.0030 -0.7103 -0.7039
vn -0.0563 -0.8945 0.4434
vn -0.0605 -0.9020 0.4275
vn -0.0756 -0.9039 0.4211
vn -0.0757 -0.9037 0.4215
vn -0.0613 -0.8769 0.4768
vn -0.0560 -0.8946 0.4433
vn -0.1352 -0.6869 0.7141
vn -0.1222 -0.7051 0.6985
vn -0.9346 0.0193 -0.3551
vn -0.9455 -0.0205 -0.3249
vn 0.4523 0.8703 0.1949
vn 0.4752 0.8471 0.2379
vn 0.4661 0.8597 0.2089
vn 0.4784 0.8444 0.2410
vn 0.2003 -0.8987 -0.3902
vn 0.2069 -0.8970 -0.3905
vn 0.2075 -0.8950 -0.3949
vn 0.2072 -0.8969 -0.3908
vn 0.2122 -0.8992 -0.3826
vn 0.5577 -0.4822 0.6756
vn 0.4968 -0.4339 0.7516
vn 0.1022 0.9710 -0.2162
vn 0.1107 0.9705 -0.2142
vn 0.1150 0.9701 -0.2136
vn 0.1073 0.9709 -0.2139
vn 0.1073 0.9708 -0.2145
vn 0.1160 0.9701 -0.2134
vn 0.1576 0.9850 -0.0696
vn 0.1544 0.9854 -0.0717
vn -0.0305 -0.5857 -0.8099
vn -0.0119 -0.5708 -0.8210
vn -0.0231 -0.6080 -0.7936
vn -0.0041 -0.6161 -0.7876
vn 0.7508 0.4143 0.5145
vn 0.7522 0.4026 0.5216
vn 0.7359 0.4188 0.5321
vn 0.1560 -0.9536 0.2574
vn 0.1540 -0.9529 0.2612
vn 0.1573 -0.9533 0.2577
vn 0.1254 -0.9502 0.2854
vn 0.1669 -0.9516 0.2581
vn 0.1437 -0.9578 0.2491
vn 0.2779 0.9554 0.1000
vn 0.3583 -0.5966 0.7181
vn 0.3603 -0.5973 0.7165
vn 0.3583 -0.5985 0.7166
vn 0.5815 -0.5794 0.5711
vn 0.5802 -0.5935 0.5577
vn 0.5836 -0.5913 0.5566
vn 0.5681 -0.5908 0.5729
vn -0.1381 -0.9896 -0.0410
vn -0.1365 -0.9898 -0.0409
vn -0.1332 -0.9902 -0.0412
vn -0.1400 -0.9895 -0.0355
vn -0.1335 -0.9903 -0.0388
vn -0.1352 -0.9900 -0.0413
vn -0.1064 0.8296 0.5481
vn -0.1081 0.8299 0.5474
vn -0.3043 -0.8498 -0.4305
vn -0.3100 -0.8484 -0.4290
vn -0.3102 -0.8484 -0.4290
vn -0.3086 -0.8484 -0.4301
vn -0.2872 -0.5660 -0.7728
vn -0.2930 -0.5607 -0.7744
vn -0.7120 -0.4417 0.5458
vn -0.7661 -0.4267 0.4806
vn 0.3420 -0.8430 0.4152
vn 0.3261 -0.8525 0.4085
vn 0.3185 -0.8468 0.4261
vn 0.3151 -0.8466 0.4290
vn -0.8621 -0.3277 -0.3865
vn -0.8618 -0.3310 -0.3844
vn -0.3144 0.6118 -0.7258
vn -0.3197 0.6130 -0.7225
vn -0.0037 -0.9996 0.0272
vn -0.6796 0.5382 0.4985
vn -0.6797 0.5385 0.4981
vn -0.6792 0.5388 0.4984
vn -0.0121 -0.9995 -0.0298
vn -0.0078 -0.9994 -0.0351
vn -0.0108 -0.9994 -0.0328
vn -0.0123 -0.9994 -0.0332
vn 0.0960 0.2022 -0.9746
vn -0.4998 0.5845 0.6392
vn -0.5029 0.5862 0.6351
vn -0.3717 0.7572 0.5372
vn -0.3661 0.7521 0.5481
vn -0.3765 0.7574 0.5335
vn -0.7715 -0.4944 0.4004
vn -0.7806 -0.4877 0.3910
vn -0.7623 -0.5035 0.4067
vn -0.7713 -0.4947 0.4005
vn -0.2190 0.7425 0.6331
vn -0.2022 -0.8699 -0.4500
vn -0.1987 -0.8731 -0.4452
vn -0.0106 -0.9001 -0.4356
vn 0.0085 -0.9023 -0.4311
vn -0.9586 0.2285 -0.1701
vn -0.1516 -0.4545 0.8777
vn -0.1528 -0.4806 0.8635
vn -0.8897 0.2552 0.3787
vn -0.8893 0.2556 0.3793
vn -0.8886 0.2570 0.3799
vn -0.8911 0.2473 0.3805
vn -0.8917 0.2486 0.3782
vn -0.8883 0.2548 0.3822
vn 0.2965 -0.7995 0.5224
vn 0.2950 -0.8023 0.5189
vn 0.2949 -0.8028 0.5182
vn 0.3288 -0.8009 0.5004
vn 0.3253 -0.7998 0.5045
vn -0.3668 -0.4066 0.8367
vn 0.0465 0.9104 0.4111
vn -0.1300 0.7798 0.6123
vn -0.1269 0.7814 0.6110
vn -0.1231 0.7825 0.6104
vn -0.3282 -0.7619 0.5584
vn -0.3229 -0.7650 0.5572
vn -0.3179 -0.7696 0.5538
vn -0.3203 -0.7664 0.5567
vn 0.1998 0.8892 -0.4117
vn 0.1975 0.8880 -0.4153
vn 0.1968 0.8874 -0.4168
vn 0.1955 0.8876 -0.4171
vn 0.9084 -0.1576 0.3873
vn -0.7614 0.4229 -0.4914
vn -0.7646 0.4287 -0.4813
vn -0.7881 0.3733 -0.4895
vn -0.7799 0.3838 -0.4944
vn -0.9727 -0.1701 0.1581
vn -0.5925 0.0180 0.8053
vn -0.1237 0.7010 0.7024
vn 0.4076 -0.8887 0.2100
vn 0.4283 -0.8630 0.2680
vn 0.4029 -0.8797 0.2526
vn 0.4105 -0.8728 0.2640
vn -0.1178 0.7648 0.6334
vn -0.1530 0.7001 0.6974
vn 0.0261 -0.9847 -0.1722
vn 0.0302 -0.9847 -0.1715
vn 0.0222 -0.9849 -0.1716
vn -0.1103 0.7618 0.6384
vn -0.0321 0.9827 0.1825
vn 0.2623 0.8964 0.3572
vn 0.2659 0.8956 0.3566
vn 0.2706 0.8969 0.3498
vn 0.0705 0.9402 0.3332
vn -0.0563 0.9460 0.3192
vn 0.1950 0.7462 0.6365
vn -0.4216 -0.8830 0.2061
vn 0.1207 0.8913 0.4370
vn 0.1493 0.9023 0.4044
vn -0.8445 -0.3181 0.4308
vn -0.8417 -0.3106 0.4416
vn -0.0978 0.8252 0.5563
vn -0.4051 0.1258 0.9056
vn -0.4372 0.0204 0.8991
vn 0.0595 -0.9035 0.4244
vn -0.7509 -0.4513 -0.4821
vn -0.7554 -0.4531 -0.4733
vn -0.6725 -0.5436 -0.5023
vn -0.6712 -0.5430 -0.5046
vn 0.0630 -0.9970 -0.0455
vn 0.0604 -0.9972 -0.0432
vn 0.0683 -0.9973 -0.0271
vn 0.0622 -0.9973 -0.0393
vn -0.0618 -0.7318 0.6787
vn -0.0312 -0.6654 0.7459
vn -0.0621 -0.7319 0.6786
vn -0.0741 -0.9971 -0.0189
vn -0.0831 -0.9964 -0.0192
vn -0.0817 -0.9964 -0.0232
vn -0.0866 -0.9960 -0.0202
vn -0.0849 -0.9962 -0.0194
vn 0.2891 -0.9508 0.1115
vn -0.0100 0.7474 0.6643
vn -0.0588 0.9315 0.3590
vn 0.0513 -0.4487 0.8922
vn 0.1192 -0.0973 0.9881
vn 0.0956 -0.7805 -0.6179
vn 0.0323 -0.8025 -0.5958
vn 0.1092 -0.8144 -0.5700
vn 0.1486 -0.7934 -0.5903
vn 0.0917 -0.8000 -0.5930
vn -0.7838 -0.5504 -0.2877
vn -0.8623 0.4293 0.2687
vn 0.4434 0.5414 0.7143
vn 0.4410 0.5461 0.7123
vn -0.2682 -0.7496 0.6051
vn -0.2571 -0.8473 0.4647
vn -0.4475 -0.7542 0.4805
vn -0.5001 -0.7151 0.4883
vn -0.4859 -0.7043 0.5176
vn -0.4856 -0.7045 0.5176
vn -0.1292 0.9905 -0.0466
vn -0.1225 0.9914 -0.0453
vn -0.1273 0.9907 -0.0475
vn -0.1273 0.9907 -0.0479
vn -0.1269 0.9908 -0.0471
vn -0.9327 -0.3604 -0.0131
vn -0.9543 -0.2987 -0.0131
vn -0.9532 -0.3023 0.0025
vn 0.5114 -0.8575 0.0558
vn 0.5117 -0.8571 0.0593
vn 0.5099 -0.8586 0.0525
vn -0.7764 -0.4133 0.4758
vn 0.4650 0.5270 0.7114
vn 0.4268 0.5639 0.7070
vn 0.4340 0.5620 0.7041
vn 0.6245 0.2230 0.7485
vn 0.5297 0.4484 0.7200
vn 0.5135 0.4729 0.7160
vn 0.0128 -0.9426 -0.3336
vn 0.0135 -0.9428 -0.3332
vn -0.5818 0.6350 0.5082
vn 0.2688 0.6629 0.6988
vn 0.2248 0.6771 0.7007
vn 0.2198 0.6794 0.7001
vn 0.3687 0.6100 0.7014
vn 0.3900 0.5955 0.7023
vn 0.3994 0.5900 0.7017
vn 0.4550 0.8173 0.3535
vn 0.3625 -0.6408 0.6767
vn 0.0482 -0.8910 0.4514
vn 0.1561 -0.6930 0.7038
vn 0.1579 -0.6942 0.7022
vn 0.3319 -0.8690 0.3669
vn 0.1943 -0.6855 0.7017
vn -0.0461 0.8705 -0.4900
vn -0.0677 0.8819 -0.4666
vn -0.0687 0.8815 -0.4672
vn -0.0462 0.8706 -0.4898
vn -0.9804 0.0923 -0.1738
vn -0.9809 0.0908 -0.1721
vn -0.9806 0.0932 -0.1727
vn -0.3368 0.7593 0.5568
vn -0.3378 0.7561 0.5605
vn -0.3462 0.7501 0.5634
vn 0.9537 0.0103 -0.3007
vn 0.9522 -0.0000 -0.3054
vn 0.9537 -0.0104 -0.3006
vn 0.6142 -0.2519 0.7479
vn 0.6623 -0.1433 0.7354
vn 0.5889 -0.3259 0.7396
vn 0.6140 -0.5178 0.5957
vn 0.5726 -0.3625 0.7353
vn 0.5863 -0.3393 0.7357
vn 0.5808 -0.3537 0.7332
vn 0.6956 -0.4844 0.5305
vn 0.6425 -0.1167 0.7573
vn 0.6203 -0.2505 0.7433
vn 0.7377 -0.4654 0.4891
vn 0.6425 -0.1602 0.7494
vn 0.6370 -0.2036 0.7435
vn 0.6227 -0.2259 0.7491
vn 0.0231 0.9721 -0.2336
vn 0.0274 0.9722 -0.2326
vn 0.0104 0.9733 -0.2293
vn 0.0140 0.9733 -0.2290
vn 0.0202 0.9718 -0.2348
vn 0.0287 0.9718 -0.2341
vn 0.9241 0.2504 0.2888
vn -0.1820 0.0716 0.9807
vn 0.4340 0.5621 0.7040
vn 0.5556 -0.8315 0.0008
vn 0.6150 -0.7818 -0.1032
vn 0.8545 -0.5194 -0.0000
vn 0.5482 -0.3670 -0.7515
vn 0.8037 -0.5942 -0.0329
vn 0.9981 0.0613 -0.0002
vn 0.9912 0.1322 -0.0001
vn 0.8126 0.5828 0.0016
vn 0.7905 0.6125 0.0020
vn 0.7499 0.6616 -0.0001
vn 0.9459 0.3244 0.0011
vn 0.0251 -0.0040 -0.9997
vn 0.9870 0.0691 -0.1451
vn 0.9671 0.2399 -0.0846
vn 0.3267 -0.2405 -0.9140
vn -0.6638 0.7474 -0.0279
vt 0.000000 0.000000
vt 0.548284 0.992353
vt 0.524443 0.998076
vt 0.500000 1.000000
vt 0.475557 0.998076
vt 0.451716 0.992353
vt 0.429064 0.982970
vt 0.408159 0.970159
vt 0.389515 0.954235
vt 0.373591 0.935591
vt 0.360780 0.914686
vt 0.351397 0.892034
vt 0.345674 0.868193
vt 0.343750 0.843750
vt 0.345674 0.819307
vt 0.351397 0.795466
vt 0.360780 0.772814
vt 0.373591 0.751908
vt 0.389515 0.733264
vt 0.408159 0.717341
vt 0.429064 0.704530
vt 0.451716 0.695147
vt 0.475557 0.689424
vt 0.500000 0.687500
vt 0.524443 0.689424
vt 0.548284 0.695147
vt 0.570936 0.704530
vt 0.591842 0.717341
vt 0.610486 0.733265
vt 0.626409 0.751909
vt 0.639220 0.772814
vt 0.648603 0.795466
vt 0.654326 0.819307
vt 0.656250 0.843750
vt 0.654326 0.868193
vt 0.648603 0.892034
vt 0.639220 0.914686
vt 0.626409 0.935591
vt 0.610485 0.954235
vt 0.591841 0.970159
vt 0.570936 0.982970
vt 1.000000 0.000000
vt 0.375000 0.312500
vt 0.381250 0.312500
vt 0.381250 0.687500
vt 0.375000 0.687500
vt 0.387500 0.312500
vt 0.387500 0.687500
vt 0.393750 0.312500
vt 0.393750 0.687500
vt 0.400000 0.312500
vt 0.400000 0.687500
vt 0.406250 0.312500
vt 0.406250 0.687500
vt 0.412500 0.312500
vt 0.412500 0.687500
vt 0.418750 0.312500
vt 0.418750 0.687500
vt 0.425000 0.312500
vt 0.425000 0.687500
vt 0.431250 0.312500
vt 0.431250 0.687500
vt 0.437500 0.312500
vt 0.437500 0.687500
vt 0.443750 0.312500
vt 0.443750 0.687500
vt 0.450000 0.312500
vt 0.450000 0.687500
vt 0.456250 0.312500
vt 0.456250 0.687500
vt 0.462500 0.312500
vt 0.462500 0.687500
vt 0.468750 0.312500
vt 0.468750 0.687500
vt 0.475000 0.312500
vt 0.475000 0.687500
vt 0.481250 0.312500
vt 0.481250 0.687500
vt 0.487500 0.312500
vt 0.487500 0.687500
vt 0.493750 0.312500
vt 0.493750 0.687500
vt 0.500000 0.312500
vt 0.506250 0.312500
vt 0.506250 0.687500
vt 0.512500 0.312500
vt 0.512500 0.687500
vt 0.518750 0.312500
vt 0.518750 0.687500
vt 0.525000 0.312500
vt 0.525000 0.687500
vt 0.531250 0.312500
vt 0.531250 0.687500
vt 0.537500 0.312500
vt 0.537500 0.687500
vt 0.543750 0.312500
vt 0.543750 0.687500
vt 0.550000 0.312500
vt 0.550000 0.687500
vt 0.556250 0.312500
vt 0.556250 0.687500
vt 0.562500 0.312500
vt 0.562500 0.687500
vt 0.568750 0.312500
vt 0.568750 0.687500
vt 0.575000 0.312500
vt 0.575000 0.687500
vt 0.581250 0.312500
vt 0.581250 0.687500
vt 0.587500 0.312500
vt 0.587500 0.687500
vt 0.593750 0.312500
vt 0.593750 0.687500
vt 0.600000 0.312500
vt 0.600000 0.687500
vt 0.606250 0.312500
vt 0.606250 0.687500
vt 0.612500 0.312500
vt 0.612500 0.687500
vt 0.618750 0.312500
vt 0.618750 0.687500
vt 0.625000 0.312500
vt 0.625000 0.687500
vt 0.570936 0.295470
vt 0.548284 0.304853
vt 0.524443 0.310576
vt 0.475557 0.310576
vt 0.451716 0.304853
vt 0.429064 0.295470
vt 0.408159 0.282659
vt 0.389515 0.266735
vt 0.373591 0.248091
vt 0.360780 0.227186
vt 0.351397 0.204534
vt 0.345674 0.180693
vt 0.343750 0.156250
vt 0.345674 0.131807
vt 0.351397 0.107966
vt 0.360780 0.085314
vt 0.373591 0.064408
vt 0.389515 0.045764
vt 0.408159 0.029841
vt 0.429064 0.017030
vt 0.451716 0.007647
vt 0.475557 0.001924
vt 0.500000 -0.000000
vt 0.524443 0.001924
vt 0.548284 0.007647
vt 0.570936 0.017030
vt 0.591842 0.029841
vt 0.610486 0.045765
vt 0.626409 0.064409
vt 0.639220 0.085314
vt 0.648603 0.107966
vt 0.654326 0.131807
vt 0.656250 0.156250
vt 0.654326 0.180693
vt 0.648603 0.204534
vt 0.639220 0.227186
vt 0.626409 0.248091
vt 0.610485 0.266735
vt 0.591841 0.282659
s 1
usemtl Procedural_Car_paint
f 58/1/1 59/1/1 62/1/1 61/1/1
f 59/1/2 60/1/2 63/1/2 62/1/2
f 1100/1/3 1108/1/4 1106/1/5 1101/1/6
f 61/1/7 62/1/7 65/1/7 57/1/7
f 62/1/8 63/1/8 64/1/8 65/1/8
f 3020/1/9 3021/1/10 2544/1/11 2545/1/12
f 65/1/13 46/1/14 47/1/14 48/1/14 57/1/14
f 1170/1/15 1169/1/16 1213/1/17 1211/1/15 1199/1/18
f 2290/1/19 2297/1/20 2289/1/21 2264/1/22 2265/1/23 2271/1/24
f 720/1/25 721/1/26 735/1/27 734/1/28
f 88/1/29 93/1/29 92/1/29 89/1/29
f 88/1/30 90/1/30 94/1/30 93/1/30
f 76/1/31 75/1/31 58/1/31 61/1/31
f 3110/1/32 3084/1/32 3085/1/32 3111/1/32
f 76/1/33 61/1/33 57/1/33 80/1/33
f 2493/1/34 2492/1/35 2482/1/36 2483/1/37 2466/1/38
f 51/1/39 80/1/39 57/1/39 48/1/39 49/1/40 50/1/39
f 1172/1/41 1171/1/41 1068/1/41 1067/1/41 1173/1/41
f 591/1/42 1446/1/42 1449/1/42 1447/1/43 1438/1/44 1494/1/45 1444/1/42 1445/1/46 588/1/47 589/1/48 455/1/49 456/1/50
f 1451/1/51 1454/1/51 1488/1/51 1452/1/52 1453/1/53
f 74/1/54 76/1/54 80/1/54 77/1/54
f 8/1/55 9/1/55 86/1/55 85/1/55
f 85/1/56 86/1/56 91/1/56 90/1/56
f 590/1/57 1493/1/58 1496/1/59 593/1/60 595/1/61 594/1/62 596/1/60 585/1/60 584/1/60
f 90/1/63 91/1/63 95/1/63 94/1/63
f 117/1/64 118/1/64 12/1/64 11/1/64
f 75/1/65 94/1/65 95/1/65 58/1/65
f 10/1/66 96/1/66 86/1/67 9/1/66
f 10/1/68 11/1/68 12/1/68 97/1/68 96/1/68
f 91/1/69 86/1/69 96/1/69 99/1/69
f 91/1/70 99/1/70 101/1/70 95/1/70
f 97/1/71 100/1/71 99/1/71 96/1/71
f 99/1/72 100/1/72 102/1/72 101/1/72
f 58/1/73 95/1/73 101/1/73 59/1/73
f 59/1/74 101/1/74 102/1/74 60/1/74
f 3658/1/75 3657/1/76 3629/1/77 3656/1/78 3661/1/79
f 951/1/80 954/1/80 962/1/80 948/1/80
f 55/1/81 56/1/82 68/1/82 1/1/82 1721/1/82 69/1/82 70/1/83
f 3592/1/84 3597/1/85 3587/1/86 3598/1/87 3591/1/88
f 3660/1/89 3659/1/90 3662/1/91 3663/1/92 3668/1/93 3664/1/94
f 2358/1/95 2930/1/96 2928/1/97 2929/1/98
f 143/1/99 508/1/100 507/1/101 510/1/102
f 170/1/103 166/1/103 165/1/104 369/1/105 368/1/103 367/1/103 366/1/103 167/1/106
f 4251/1/107 4250/1/108 4188/1/109 4186/1/110
f 989/1/111 914/1/112 993/1/112 992/1/112 988/1/113
f 2464/1/114 2465/1/115 2818/1/116 2820/1/117
f 18/1/118 127/1/119 98/1/120
f 98/1/120 127/1/119 19/1/121
f 2452/1/122 2345/1/123 2346/1/123 2347/1/124 2348/1/125 2450/1/126
f 2878/1/127 2867/1/128 2866/1/129 2865/1/130 3498/1/131
f 321/1/132 322/1/133 323/1/134 331/1/135 332/1/136 325/1/137 3133/1/138 3136/1/139 3128/1/140 320/1/141
f 32/1/142 34/1/143 66/1/144
f 66/1/144 34/1/143 35/1/145
f 141/1/146 37/1/147 67/1/148
f 67/1/149 35/1/150 141/1/150
f 225/1/151 226/1/152 179/1/153 177/1/154 205/1/155 203/1/153 201/1/156 230/1/157 228/1/158
f 3121/1/159 3143/1/160 3144/1/161 3176/1/162 3120/1/163
f 751/1/164 752/1/165 750/1/166 746/1/167 747/1/168 748/1/169
f 654/1/170 659/1/171 651/1/172 650/1/173
f 104/1/174 164/1/175 103/1/176 1724/1/177 1723/1/178 56/1/179 55/1/180 53/1/181
f 2579/1/182 2856/1/183 2857/1/183 2578/1/183
f 2448/1/184 2483/1/184 2482/1/184 2481/1/184 2562/1/184 2563/1/184 2521/1/184 2447/1/184
f 1815/1/185 1816/1/186 1808/1/187 1807/1/188
f 3902/1/189 3912/1/190 3905/1/191 3903/1/192 3873/1/193
f 532/1/194 971/1/195 970/1/195 534/1/195 533/1/196
f 3270/1/197 3271/1/198 3267/1/199 3268/1/200 704/1/201
f 1305/1/202 1318/1/203 1313/1/204 1304/1/205
f 3900/1/206 3896/1/207 3895/1/208 3788/1/209
f 737/1/210 738/1/211 736/1/212 734/1/213 745/1/214
f 672/1/215 671/1/216 3258/1/217 3257/1/218 3256/1/219
f 37/1/220 141/1/220 142/1/220
f 37/1/221 142/1/221 143/1/221 36/1/221
f 38/1/222 36/1/222 143/1/222 144/1/222
f 145/1/223 146/1/224 41/1/225 40/1/226 39/1/227 38/1/228 144/1/229
f 2722/1/230 2734/1/231 2711/1/232 2710/1/232
f 3333/1/233 3332/1/234 3369/1/235 3368/1/236 3334/1/237
f 2548/1/238 2549/1/239 2512/1/240
f 2815/1/241 2468/1/242 2470/1/243 2472/1/244 2921/1/245 2813/1/246
f 2565/1/247 2522/1/247 2524/1/247 2525/1/247 2523/1/247
f 3345/1/248 3344/1/248 3359/1/248 3358/1/248 3357/1/248 3346/1/248
f 739/1/249 738/1/250 740/1/251 741/1/252 742/1/253
f 45/1/254 46/1/255 65/1/255 64/1/255 44/1/255
f 3190/1/256 3188/1/257 3189/1/258 3105/1/259
f 935/1/260 936/1/261 942/1/262 933/1/263 934/1/264 906/1/265
f 4059/1/266 4062/1/267 4061/1/268 4058/1/269
f 2521/1/270 2563/1/271 3043/1/270 3037/1/270 3034/1/270 399/1/272 406/1/273
f 111/1/274 110/1/275 109/1/275 108/1/276 155/1/277 161/1/278 159/1/279 196/1/280 194/1/275 243/1/281 192/1/275 242/1/282 191/1/283 493/1/284 251/1/275 253/1/285
f 704/1/201 3268/1/200 710/1/286 714/1/287 703/1/288
f 3988/1/289 3985/1/290 3984/1/291 3987/1/292
f 338/1/293 340/1/293 365/1/293 354/1/293 352/1/293 351/1/293 350/1/293 349/1/294 364/1/293
f 2432/1/295 2433/1/296 2339/1/297 2338/1/298
f 2492/1/299 2463/1/300 2462/1/301 2480/1/302 2481/1/303 2482/1/302
f 1933/1/304 1818/1/304 1817/1/304 1822/1/304 1821/1/304 1820/1/304 1819/1/304 1816/1/304 1815/1/304 1902/1/304
f 4051/1/305 4064/1/306 4003/1/307 4005/1/308 4019/1/309 4020/1/310
f 3711/1/311 3714/1/312 3715/1/313 3683/1/314
f 2523/1/315 2525/1/316 2590/1/317 2589/1/318 2576/1/319 2591/1/315
f 1657/1/320 1617/1/321 1533/1/322 1532/1/323
f 678/1/324 685/1/324 682/1/325 684/1/324 696/1/324 697/1/324 698/1/324 676/1/324 677/1/324
f 205/1/326 177/1/326 279/1/326 280/1/326
f 279/1/327 177/1/327 179/1/328 178/1/328
f 178/1/329 179/1/330 180/1/330 281/1/330
f 281/1/331 180/1/331 181/1/331 182/1/331
f 338/1/332 337/1/332 328/1/332 327/1/332 336/1/332 335/1/332 334/1/332 333/1/332 339/1/332
f 1831/1/333 1829/1/334 1830/1/335 1832/1/336
f 503/1/337 151/1/338 45/1/339 44/1/340 43/1/341 150/1/342
f 204/1/343 202/1/344 203/1/344 205/1/345
f 204/1/343 205/1/345 280/1/346
f 603/1/347 384/1/348 382/1/349
f 2637/1/350 2635/1/351 2638/1/352 2636/1/352 2394/1/353 2634/1/354 1501/1/355 1499/1/356 1500/1/352 1514/1/357 1513/1/352 1518/1/358 1512/1/352 1517/1/359 1515/1/360 1345/1/361 1358/1/362 1353/1/363 1352/1/352 2642/1/364
f 1103/1/365 1105/1/366 1084/1/367 1104/1/368
f 2505/1/369 2506/1/370 2892/1/371 2893/1/372
f 1714/1/373 87/1/374 89/1/375 92/1/376 1713/1/377
f 1131/1/378 1071/1/379 1085/1/380 1072/1/381 1124/1/382 1125/1/383 1115/1/384 1116/1/385 1123/1/386
f 2672/1/387 2694/1/388 2693/1/389 2673/1/390
f 221/1/391 222/1/391 232/1/391
f 1155/1/392 1156/1/393 1385/1/394
f 4287/1/395 4288/1/396 4330/1/397 4317/1/398
f 2858/1/399 2859/1/400 2573/1/401 2575/1/402
f 2421/1/403 2420/1/404 2408/1/405 2407/1/406 2406/1/407
f 2337/1/408 2430/1/409 2431/1/410 2432/1/295 2338/1/298
f 1565/1/411 1566/1/412 1586/1/413 1602/1/414
f 11/1/415 10/1/415 116/1/415 117/1/415
f 2354/1/416 2364/1/417 2376/1/418 2356/1/419 2355/1/420
f 119/1/421 120/1/422 13/1/423 12/1/424 118/1/424
f 335/1/425 175/1/426 174/1/426 334/1/427
f 3110/1/428 3109/1/429 3108/1/430 3083/1/431 3084/1/432
f 4077/1/433 4079/1/434 4089/1/435 4090/1/436
f 2316/1/437 2317/1/438 2420/1/404 2421/1/403
f 3812/1/439 3810/1/440 3798/1/441
f 3278/1/442 3280/1/442 3282/1/442 3281/1/443
f 1919/1/444 1909/1/445 1910/1/446
f 1235/1/447 1253/1/448 1229/1/449 1236/1/450
f 1176/1/451 1177/1/451 1204/1/452 1201/1/451
f 3215/1/453 3328/1/454 3329/1/455 3214/1/456
f 2065/1/457 2064/1/458 2150/1/459 2149/1/460
f 4139/1/461 4146/1/462 4141/1/463
f 3358/1/464 3359/1/465 3360/1/466 3421/1/467 3422/1/468
f 1840/1/469 1866/1/470 1865/1/471 1864/1/472
f 3300/1/473 3301/1/474 3320/1/475 3299/1/476
f 3874/1/477 4069/1/478 4070/1/479 4067/1/480 4068/1/481 3885/1/482
f 2631/1/483 2868/1/484 2869/1/485 2870/1/484 2871/1/486 2872/1/487 2623/1/488 2626/1/489 2629/1/484
f 2710/1/490 2709/1/491 2723/1/492 2722/1/493
f 243/1/494 194/1/494 192/1/494
f 242/1/495 192/1/495 191/1/495
f 2418/1/496 2422/1/497 2328/1/498 2327/1/499 2417/1/500
f 1477/1/501 1478/1/501 1479/1/501 1473/1/502 1468/1/501
f 241/1/503 188/1/503 186/1/504
f 2687/1/505 2688/1/506 2691/1/507 2692/1/508 2685/1/509 2686/1/510
f 240/1/511 249/1/512 244/1/513 245/1/514 186/1/514 184/1/514 181/1/515 180/1/514 179/1/516 226/1/517
f 4042/1/518 4041/1/519 4039/1/520 4033/1/521 4034/1/522 4030/1/523
f 2477/1/524 2456/1/525 2476/1/526 2557/1/526 2558/1/527 2559/1/528
f 240/1/529 247/1/530 246/1/531
f 603/1/532 623/1/533 604/1/534 609/1/535
f 1660/1/536 1614/1/537 1529/1/538 1528/1/539 1527/1/540
f 1820/1/541 1821/1/541 1801/1/541 1809/1/541
f 3042/1/542 2557/1/543 3030/1/544
f 3017/1/545 3018/1/546 2541/1/547 2540/1/548
f 3975/1/549 3974/1/550 3973/1/551 3972/1/552 3990/1/553
f 4083/1/554 4081/1/555 3679/1/556 3706/1/557 4082/1/558
f 2860/1/559 2859/1/560 2879/1/561 2880/1/562
f 3905/1/191 3918/1/563 3907/1/564 3904/1/565
f 558/1/566 264/1/566 263/1/566 262/1/567
f 558/1/568 265/1/569 266/1/568 264/1/569
f 1880/1/570 1882/1/571 2014/1/572 2013/1/573 2012/1/574
f 1549/1/575 1548/1/576 1667/1/577 1666/1/578
f 3848/1/579 3843/1/580 3832/1/581 3917/1/582
f 3758/1/583 3752/1/584 3683/1/314 3682/1/585
f 397/1/586 398/1/587 613/1/588 614/1/589
f 2389/1/590 2940/1/591 2938/1/592 2387/1/593
f 204/1/594 278/1/594 202/1/594
f 281/1/595 182/1/595 183/1/595
f 1168/1/596 1206/1/597 1208/1/598 1207/1/599 1214/1/600 1293/1/601 1295/1/602 1297/1/603 1296/1/604
f 1887/1/605 1890/1/606 2021/1/607 2020/1/608
f 1282/1/609 1263/1/610 1262/1/611
f 3729/1/612 3685/1/613 3686/1/614 3732/1/615
f 279/1/616 280/1/616 178/1/616
f 3652/1/617 3633/1/618 3657/1/76 3658/1/75
f 73/1/619 2/1/620 1712/1/621 71/1/619
f 4083/1/554 4085/1/622 4087/1/623 4088/1/624 4084/1/625 4081/1/555
f 309/1/626 310/1/626 290/1/626
f 1248/1/627 1061/1/628 1060/1/629 1250/1/630
f 886/1/631 892/1/632 893/1/633 883/1/634
f 2394/1/635 2636/1/636 2638/1/636 2635/1/351 2637/1/350 2642/1/364 2639/1/637 2641/1/636 2774/1/636 2939/1/638
f 274/1/639 273/1/640 284/1/641 183/1/642 185/1/643 311/1/644 316/1/645
f 1989/1/646 1986/1/647 1999/1/648 1998/1/649 1997/1/650
f 3100/1/651 3099/1/651 3098/1/651 3072/1/651 3073/1/651
f 2318/1/652 2305/1/653 2385/1/654 2420/1/655 2319/1/656
f 3098/1/657 3097/1/658 3127/1/659 612/1/660 611/1/661 3072/1/657
f 289/1/662 290/1/662 288/1/662
f 4121/1/663 4123/1/664 4125/1/665 4127/1/666 4126/1/667
f 3991/1/668 3975/1/549 3986/1/669
f 1182/1/670 1183/1/671 1201/1/672 1204/1/671 1200/1/671
f 4190/1/673 4192/1/674 2796/1/675 4191/1/676 4186/1/110 4187/1/677
f 292/1/678 321/1/678 320/1/678 293/1/678
f 526/1/679 525/1/679 488/1/679 487/1/680
f 828/1/681 792/1/682 795/1/683 851/1/684 827/1/685
f 1175/1/686 1184/1/687 1185/1/687 1186/1/688 1174/1/687
f 289/1/689 322/1/689 290/1/690
f 2341/1/691 2340/1/692 2434/1/693 2435/1/694 1631/1/695
f 3764/1/696 4077/1/433 4090/1/436 3763/1/697
f 3291/1/698 3412/1/699 3413/1/700 3414/1/700 3295/1/701 3294/1/700
f 4280/1/702 4279/1/703 4235/1/704 4236/1/705 4295/1/706 4281/1/707
f 1585/1/708 1570/1/709 1434/1/710 1433/1/711 1583/1/712
f 4193/1/713 2768/1/714 2789/1/715
f 1109/1/716 1079/1/717 1080/1/718 1088/1/719
f 1089/1/720 1103/1/365 1104/1/368 1102/1/721 1130/1/722
f 116/1/723 496/1/723 263/1/724 516/1/723 117/1/723
f 1886/1/725 1882/1/726 1880/1/727 1881/1/727 1883/1/728 1884/1/728 1870/1/729 1872/1/730 1885/1/731
f 3088/1/732 3115/1/733 3114/1/734 3087/1/735
f 1321/1/736 1324/1/737 1323/1/738
f 3926/1/739 3885/1/482 3940/1/740 3941/1/741
f 3412/1/699 3291/1/698 3290/1/742 3287/1/743 3411/1/744
f 4275/1/745 4276/1/746 4351/1/747
f 3927/1/748 3926/1/739 3941/1/741 3942/1/749
f 1864/1/472 1863/1/750 1838/1/751 1840/1/469
f 72/1/752 75/1/752 76/1/752 74/1/752
f 1300/1/753 1304/1/754 1303/1/755 1302/1/756
f 330/1/757 329/1/758 326/1/759
f 3196/1/760 649/1/761 3127/1/762 3097/1/763
f 699/1/764 679/1/765 668/1/765 667/1/766 680/1/765 683/1/765 681/1/765 695/1/767 684/1/765 682/1/765 685/1/768 678/1/765
f 336/1/769 327/1/770 331/1/135 272/1/771
f 272/1/772 331/1/135 323/1/134 287/1/772
f 3031/1/773 3049/1/774 3048/1/775 3032/1/776
f 3168/1/777 3167/1/778 3166/1/779 3165/1/780 3164/1/781 3163/1/781 3162/1/782 3210/1/782 3209/1/783 3208/1/784 3207/1/785 3206/1/786 3205/1/787 3204/1/788 3169/1/789
f 788/1/790 786/1/790 785/1/790 787/1/790
f 3170/1/791 3147/1/792 3148/1/793 3172/1/794 3115/1/795
f 3241/1/796 3288/1/796 3289/1/796 3293/1/796 3243/1/796 3242/1/796
f 926/1/797 958/1/798 959/1/799 924/1/800 930/1/801 932/1/802 931/1/803
f 3459/1/804 3458/1/805 3462/1/806 3457/1/807
f 1317/1/808 1319/1/809 1318/1/810 1305/1/202 1277/1/811
f 1858/1/812 1857/1/813 1829/1/814 1831/1/815
f 3317/1/816 3226/1/817 3227/1/818 3349/1/819
f 1240/1/820 1241/1/821 1239/1/822 1238/1/823 1237/1/824 1243/1/825
f 4116/1/826 4109/1/827 4106/1/828 4113/1/829
f 2657/1/830 2658/1/831 2706/1/832 2705/1/833
f 540/1/834 542/1/835 250/1/836 248/1/834 539/1/834
f 4163/1/837 4157/1/838 4160/1/839 4164/1/840
f 1440/1/841 1476/1/842 1462/1/843 1433/1/844 1434/1/845 1430/1/846
f 3596/1/847 3598/1/87 3587/1/86 3588/1/848 3595/1/849
f 2613/1/850 2612/1/850 2611/1/851 2598/1/850 2599/1/852 2614/1/853
f 3322/1/854 3221/1/855 3222/1/856
f 4199/1/857 4224/1/858 4225/1/859 4198/1/860
f 350/1/861 351/1/862 353/1/861 362/1/861 361/1/861 360/1/861 358/1/861 356/1/861 359/1/861 357/1/863 346/1/864 347/1/865 348/1/866 363/1/867 355/1/861
f 21/1/868 22/1/868 23/1/868 100/1/868 97/1/868
f 4001/1/869 4002/1/870 4003/1/307 4064/1/306 4066/1/871 4074/1/872 4073/1/873 3977/1/874 4075/1/875
f 1855/1/876 1856/1/877 1854/1/878 1853/1/879
f 2032/1/880 1941/1/881 1939/1/882 2034/1/883
f 2440/1/884 2808/1/885 2809/1/886 2441/1/887
f 3743/1/888 3736/1/889 3731/1/890 3733/1/891
f 1874/1/892 2026/1/893 2025/1/894 2024/1/895 1876/1/896
f 2153/1/897 2061/1/898 2060/1/899 2154/1/900
f 3011/1/901 3036/1/901 219/1/902 218/1/903 3071/1/901 3070/1/901
f 1771/1/904 1774/1/905 1773/1/906 1772/1/907
f 3688/1/908 3693/1/909 3701/1/910 3687/1/911
f 2555/1/912 2554/1/913 3041/1/914 3029/1/915
f 815/1/916 875/1/917 874/1/918 818/1/919 817/1/920
f 1473/1/921 1479/1/922 1482/1/923 1481/1/921 1480/1/921 1474/1/921
f 3019/1/924 2543/1/925 2542/1/926
f 3630/1/927 4132/1/928 4082/1/558 3670/1/929
f 1001/1/930 1002/1/931 999/1/932 998/1/933
f 2350/1/934 2425/1/935 2424/1/936 2423/1/937 2419/1/938
f 2800/1/939 2798/1/940 2793/1/941
f 84/1/942 82/1/942 81/1/942 4/1/943 5/1/942
f 3539/1/944 3540/1/945 3541/1/946 3538/1/947 3537/1/948
f 2308/1/949 2339/1/297 2433/1/296 2434/1/693
f 3715/1/313 3688/1/908 3687/1/911 3712/1/950
f 2130/1/951 2084/1/952 2083/1/953 2131/1/954
f 275/1/955 280/1/956 279/1/955 285/1/957 300/1/958 304/1/955
f 1877/1/959 1875/1/960 1873/1/961 1874/1/962 1876/1/963 1878/1/964 1879/1/965 1851/1/966 1850/1/967
f 4277/1/968 4278/1/969 4348/1/970 4349/1/971
f 2781/1/972 2936/1/973 2374/1/974 2365/1/975 2927/1/976 2938/1/972 2778/1/977
f 3192/1/978 3190/1/979 3107/1/980 3193/1/981 3191/1/982 3156/1/983
f 255/1/984 252/1/984 563/1/984 250/1/984 542/1/985 541/1/986 545/1/987 560/1/988
f 3627/1/989 4120/1/990 4122/1/991 4123/1/664 4121/1/663 3628/1/992 3650/1/993
f 552/1/994 551/1/995 236/1/996 235/1/997 234/1/998 553/1/999
f 3997/1/1000 2268/1/1001 3992/1/1002 3988/1/289
f 2416/1/1003 2417/1/500 2324/1/1004 2325/1/1005
f 280/1/1006 275/1/1007 276/1/1008 278/1/1009 204/1/1010
f 890/1/1011 898/1/1012 896/1/1013 902/1/1014
f 3821/1/1015 3809/1/1016 3819/1/1017 3797/1/1018 3822/1/1019
f 2501/1/1020 2895/1/1021 2896/1/1022 2969/1/1023
f 3372/1/1024 3373/1/1025 3322/1/1026 3321/1/1027
f 3747/1/1028 3649/1/1029 3647/1/1030 3626/1/1031
f 1841/1/1032 1855/1/1033 1866/1/1034 1840/1/1035
f 3830/1/1036 3836/1/1037 3835/1/1038 3796/1/1039 3800/1/1040 3831/1/1041
f 375/1/1042 378/1/1042 432/1/1042
f 2079/1/1043 2135/1/1044 2134/1/1045 2080/1/1046
f 378/1/1047 377/1/1047 433/1/1047
f 154/1/1048 153/1/1048 500/1/1048 438/1/1049 436/1/1050 491/1/1048 418/1/1048 417/1/1051 430/1/1052 421/1/1048 385/1/1048 423/1/1053 386/1/1054 165/1/1055 173/1/1056 172/1/1057 171/1/1058 163/1/1059 424/1/1060 162/1/1061 164/1/1062 104/1/1063
f 3279/1/1064 3274/1/1065 732/1/1066
f 1208/1/598 1206/1/597 1306/1/1067 1209/1/1068 1196/1/1069 1197/1/1070 1207/1/1071
f 385/1/1072 386/1/1072 423/1/1072
f 381/1/1073 383/1/1073 422/1/1073
f 2144/1/1074 2143/1/1075 2072/1/1076 2070/1/1077
f 1484/1/1078 1485/1/1078 1471/1/1078 1472/1/1078 1475/1/1078
f 1360/1/1079 1348/1/1080 1361/1/1081 1365/1/1082 1364/1/1083 1299/1/1084
f 3939/1/1085 3944/1/1086 3943/1/1087 3935/1/1088
f 2715/1/1089 2738/1/1090 2735/1/1091 2739/1/1092
f 3705/1/1093 3707/1/1094 3706/1/557 3704/1/1095
f 442/1/1096 439/1/1097 440/1/1098 441/1/1099
f 210/1/1100 206/1/1100 208/1/1100 209/1/1100 211/1/1100
f 594/1/1101 446/1/1102 445/1/1103 447/1/1102
f 594/1/1104 447/1/1104 448/1/1104 449/1/1104
f 449/1/1105 448/1/1105 450/1/1105 596/1/1105
f 451/1/1106 596/1/1106 450/1/1106 452/1/1106
f 1039/1/1107 1040/1/1108 1037/1/1109 1036/1/1110
f 3625/1/1111 3608/1/1112 3609/1/1113 3623/1/1114 3622/1/1115 3624/1/1116 3568/1/1117
f 3712/1/950 3687/1/911 3700/1/1118 3718/1/1119 3713/1/1120
f 1292/1/1121 1278/1/1122 1294/1/1123
f 188/1/1124 241/1/1125 186/1/1126 245/1/1127 244/1/1128 249/1/1129 251/1/1130 493/1/1130 191/1/1130 189/1/1131
f 3341/1/1132 3340/1/1133 3363/1/1134 3362/1/1135
f 2602/1/1136 2864/1/1137 2865/1/1138
f 3278/1/1139 3277/1/1139 3279/1/1140 3265/1/1141 3266/1/1142 3264/1/1143 3263/1/1144 3269/1/1145 3267/1/1139 3271/1/1146 3273/1/1139 3280/1/1139
f 2087/1/1147 2086/1/1148 2128/1/1149 2127/1/1150
f 3683/1/314 3713/1/1120 3718/1/1119 3682/1/585
f 254/1/1151 515/1/1151 113/1/1151 112/1/1151 111/1/1152 253/1/1151
f 501/1/1153 505/1/1154 498/1/1155 443/1/1156 441/1/1157 499/1/1158
f 3931/1/1159 3952/1/1160 3925/1/1161 3930/1/1162
f 2921/1/245 2472/1/244 2474/1/1163 2923/1/1164 2922/1/1165 2811/1/1166
f 1694/1/1167 1698/1/1168 169/1/1169 168/1/1170 370/1/1171
f 1578/1/1172 1579/1/1173 1584/1/1174 1585/1/1175 1583/1/1176 1582/1/1177
f 1475/1/1178 1472/1/1178 1469/1/1178 1473/1/1178 1474/1/1178
f 2592/1/1179 220/1/1180 3035/1/1181 3039/1/1182 3038/1/1183
f 1058/1/1184 1246/1/1185 1245/1/1185 1232/1/1185 1251/1/1186 1250/1/1185 1060/1/1187 1059/1/1188
f 207/1/1189 296/1/1190 297/1/1191 286/1/1192 218/1/1193
f 1757/1/1194 1756/1/1195 1734/1/1196 1775/1/1197 1773/1/906 1774/1/905 1788/1/1198 1759/1/1199
f 841/1/1200 842/1/1201 777/1/1202 778/1/1203
f 1470/1/1204 1471/1/1205 1217/1/1206 1218/1/1207
f 1582/1/1208 1433/1/844 1462/1/843 1463/1/1209
f 3324/1/1210 3219/1/1211 3220/1/1211 3352/1/1211 3323/1/1212
f 4055/1/1213 4060/1/1214 4056/1/1215 4054/1/1216
f 151/1/1217 503/1/1217 502/1/1217
f 287/1/1218 323/1/1219 322/1/1220 289/1/1221 288/1/1222
f 3012/1/1223 3011/1/1223 3070/1/1223 3069/1/1223 3068/1/1223
f 1545/1/1224 1544/1/1225 1543/1/1225 1636/1/1226 1635/1/1227 1626/1/1228 1634/1/1229 1633/1/1230
f 144/1/1231 143/1/1231 509/1/1231
f 508/1/1232 143/1/1232 142/1/1232
f 513/1/1233 511/1/1234 141/1/1235
f 140/1/1236 34/1/1237 514/1/1238
f 506/1/1239 514/1/1240 34/1/1241
f 34/1/1241 139/1/1242 506/1/1239
f 900/1/1243 902/1/1244 896/1/1245 894/1/1246
f 802/1/1247 793/1/1248 792/1/1249 829/1/1250
f 26/1/1251 25/1/1251 24/1/1251 132/1/1251 133/1/1251
f 465/1/1252 466/1/1253 128/1/1254 127/1/1255 126/1/1256 520/1/1257
f 8/1/1258 112/1/1258 113/1/1258 114/1/1258 9/1/1258
f 3739/1/1259 3748/1/1260 3737/1/1261 3741/1/1262
f 521/1/1263 125/1/1264 124/1/1265
f 1008/1/1266 1001/1/1267 995/1/1268 1005/1/1269
f 1169/1/1270 1171/1/1270 1212/1/1270 1213/1/1270
f 3352/1/1271 3220/1/1272 3221/1/1273 3322/1/1274
f 4109/1/827 4116/1/826 4117/1/1275 4110/1/1276 4102/1/1277 4108/1/1278
f 3081/1/1279 3080/1/1280 3052/1/1281 3053/1/1282
f 1789/1/1283 1790/1/1284 1763/1/1285 1760/1/1286 1761/1/1287
f 4160/1/839 4153/1/1288 4161/1/1289 4162/1/1290
f 259/1/1291 496/1/1292 257/1/1293
f 263/1/1294 496/1/1294 261/1/1295
f 266/1/1296 263/1/1297 264/1/1298
f 1577/1/1299 1578/1/1300 1582/1/1301 1581/1/1302 1580/1/1303
f 460/1/1304 492/1/1304 458/1/1304
f 463/1/1305 464/1/1306 521/1/1307
f 520/1/1257 521/1/1263 464/1/1308
f 82/1/1309 87/1/1310 1714/1/1311 1716/1/1311 81/1/1309
f 1460/1/1312 1461/1/1313 1441/1/1313 1443/1/1313 524/1/1314 525/1/1315
f 3816/1/1316 3938/1/1317 3876/1/1318 3791/1/1319
f 853/1/1320 852/1/1321 829/1/1322 828/1/1323 827/1/1324 854/1/1325
f 1665/1/1326 1664/1/1327 1551/1/1328 1550/1/1329
f 2388/1/1330 2389/1/1331 2387/1/1332 2365/1/1333 2386/1/1334
f 3986/1/669 3990/1/553 3983/1/1335 3982/1/1336
f 122/1/1337 461/1/1338 462/1/1339 123/1/1340
f 2669/1/1341 2700/1/1342 2699/1/1343 2670/1/1344
f 1824/1/1345 1805/1/1346 1794/1/1347 1795/1/1348
f 604/1/1349 623/1/533 622/1/1350 641/1/1351 642/1/1352
f 464/1/1308 465/1/1252 520/1/1257
f 462/1/1353 463/1/1305 521/1/1307
f 458/1/1354 459/1/1354 460/1/1354
f 457/1/1355 458/1/1355 492/1/1355
f 259/1/1356 261/1/1356 496/1/1356
f 1641/1/1357 1539/1/1358 1538/1/1358 1642/1/1359
f 1643/1/1360 1619/1/1361 1642/1/1362 1538/1/1363 1537/1/1363 1536/1/1364 1535/1/1365
f 141/1/1235 140/1/1366 513/1/1233
f 1638/1/1367 1624/1/1368 1637/1/1369 1636/1/1226 1543/1/1370 1542/1/1370
f 143/1/99 510/1/102 509/1/1371
f 3167/1/1372 3168/1/1373 3134/1/1374 3183/1/1375
f 3121/1/1376 3120/1/1377 3093/1/1378 3094/1/1378 3095/1/1378 3122/1/1378
f 2966/1/1379 2967/1/1380 2601/1/1381 2569/1/1381
f 3673/1/1382 3674/1/1383 3663/1/92 3662/1/91
f 484/1/1384 485/1/1385 509/1/1386 510/1/1387
f 1566/1/1388 1520/1/1389 1508/1/1390 1506/1/1391
f 201/1/1392 203/1/1393 202/1/1394 278/1/1395 200/1/1396 199/1/1397
f 3814/1/1398 3810/1/440 3812/1/439 3813/1/1399
f 1725/1/1400 4/1/1401 81/1/1402 1716/1/1403 3/1/1404 1722/1/1405 1768/1/1406 1767/1/1407 1755/1/1408 1754/1/1409 1753/1/1410
f 1308/1/1411 1288/1/1412 1287/1/1413 1199/1/1414 1209/1/1068 1306/1/1067
f 3553/1/1415 2989/1/1416 2991/1/1417 2982/1/1418 2983/1/1419 2984/1/1420 3965/1/1421 2985/1/1422 3554/1/1423
f 3403/1/1424 3404/1/1425 3405/1/1426 3406/1/1427
f 1546/1/1428 1632/1/1429 1630/1/1430 1631/1/695 2435/1/694 1547/1/1431
f 1831/1/815 1833/1/1432 1859/1/1433 1858/1/812
f 3786/1/1434 3894/1/1435 3827/1/1436 3806/1/1437
f 130/1/1438 131/1/1438 132/1/1438 24/1/1438 23/1/1438 22/1/1438 21/1/1438
f 1017/1/1439 1018/1/1440 1080/1/718 1079/1/717
f 526/1/1441 487/1/1441 486/1/1441 527/1/1441
f 528/1/1442 527/1/1443 486/1/1443 485/1/1443
f 2292/1/1444 2291/1/1445 2294/1/1446 2786/1/1447 2290/1/19 2293/1/1448
f 536/1/1449 462/1/1450 461/1/1450 535/1/1449
f 462/1/1451 536/1/1451 989/1/1451
f 1842/1/1452 1843/1/1453 1832/1/1454 1830/1/1455
f 3621/1/1456 3619/1/1457 3622/1/1115 3623/1/1114
f 4080/1/1458 4086/1/1459 4085/1/622 4083/1/554 4082/1/558
f 3230/1/1460 3307/1/1461 3310/1/1462
f 2150/1/459 2064/1/458 2063/1/1463 2151/1/1464
f 3455/1/1465 3306/1/1466 3456/1/1467
f 3027/1/1468 2552/1/1469 2551/1/1470 3026/1/1471
f 557/1/1472 558/1/1473 262/1/1474 260/1/1475
f 1384/1/1476 1415/1/1477 1400/1/1478 1383/1/1479
f 3446/1/1480 3367/1/1481 3368/1/1482 3439/1/1483
f 532/1/1484 533/1/1485 459/1/1486 458/1/1487 457/1/1488 531/1/1488
f 124/1/1489 125/1/1490 15/1/1491 16/1/1492
f 386/1/1493 385/1/1494 384/1/1495 387/1/1496 388/1/1497 369/1/105 165/1/104
f 368/1/1498 369/1/1499 388/1/1500 605/1/1501 598/1/1502 664/1/1503 663/1/1504
f 563/1/1505 252/1/1505 250/1/1505
f 999/1/1506 1002/1/1507 974/1/1508 975/1/1509 976/1/1510 977/1/1511 982/1/1512 981/1/1513 979/1/1514 980/1/1515 983/1/1516 984/1/1506 985/1/1517
f 3815/1/1518 3811/1/1519 3810/1/440 3814/1/1398
f 403/1/1520 404/1/1521 394/1/1520 391/1/1520 408/1/1522 407/1/1523
f 376/1/1524 378/1/1524 375/1/1524 374/1/1524 373/1/1524
f 2407/1/1525 2408/1/1526 2409/1/1527 2378/1/1528 2372/1/1529 2371/1/1530 2370/1/1531
f 2145/1/1532 2069/1/1533 2068/1/1534 2146/1/1535
f 3273/1/1536 3271/1/1537 3270/1/1537 3262/1/1538 3272/1/1539
f 2395/1/1540 2393/1/1541 2394/1/1542 2939/1/1543 2940/1/1544 2389/1/1545
f 1554/1/1546 1557/1/1547 1573/1/1547 1572/1/1547
f 381/1/1548 420/1/1549 431/1/1550 425/1/1551 419/1/1552 435/1/1549 401/1/1553 426/1/1554 428/1/1555 427/1/1556 429/1/1549 375/1/1549 432/1/1557 378/1/1549 433/1/1549 377/1/1549
f 357/1/1558 359/1/1559 356/1/1559 358/1/1559 360/1/1559 361/1/1559 362/1/1559 353/1/1559 344/1/1559 345/1/1560 346/1/864
f 1226/1/1561 1236/1/1562 1225/1/1563
f 2956/1/1564 2959/1/1565 2720/1/1566 2721/1/1567
f 2052/1/1568 2050/1/1569 2051/1/1570 2054/1/1571 2055/1/1572 2053/1/1573
f 1917/1/1574 1906/1/1575 1928/1/1576 1916/1/1577 1915/1/1578
f 1875/1/1579 1877/1/1580 1943/1/1581 2030/1/1582 2029/1/1583
f 141/1/1235 511/1/1234 480/1/1584 481/1/1585 142/1/1586
f 2980/1/1587 2981/1/1588 2982/1/1589 2993/1/1590 2991/1/1591 2992/1/1592 2989/1/1593
f 2104/1/1594 2111/1/1595 2110/1/1596 2105/1/1597
f 596/1/1598 594/1/1598 449/1/1598
f 3159/1/1599 3158/1/1600 3214/1/1601 3213/1/1602
f 1286/1/1603 1289/1/1604 1256/1/1605 1285/1/1606
f 2275/1/1607 2276/1/1608 2277/1/1609 2278/1/1610
f 565/1/1611 568/1/1612 567/1/1613
f 567/1/1614 570/1/1615 565/1/1616
f 1470/1/1617 1466/1/1618 1467/1/1619 1469/1/1620
f 3032/1/1621 2559/1/1622 2558/1/1623
f 3480/1/1624 3475/1/1625 3471/1/1626 3468/1/1627
f 3999/1/1628 4001/1/869 4075/1/875 3991/1/668
f 373/1/1629 371/1/1629 372/1/1629
f 478/1/1630 479/1/1631 512/1/1632 514/1/1240 506/1/1239 139/1/1633 138/1/1634 137/1/1635
f 3160/1/1636 3159/1/1637 3213/1/1638 3212/1/1639
f 3704/1/1095 3706/1/557 3679/1/556 3703/1/1640
f 3903/1/192 3905/1/191 3904/1/565 3870/1/1641
f 2549/1/1642 2550/1/1643 2513/1/1644 2512/1/1645
f 1457/1/1646 1497/1/1647 1456/1/1648 1454/1/1649
f 3670/1/929 4082/1/558 3706/1/557 3707/1/1094
f 609/1/535 604/1/534 597/1/1650
f 1336/1/1651 1390/1/1652 1424/1/1653 1335/1/1654
f 3020/1/1655 2545/1/1656 2543/1/1657 3019/1/1658
f 3659/1/90 3658/1/75 3661/1/79 3662/1/91
f 2090/1/1659 2089/1/1660 2125/1/1661 2124/1/1662
f 868/1/1663 867/1/1664 770/1/1665 850/1/1666
f 3612/1/1667 3604/1/1668 3723/1/1669 3606/1/1670 3613/1/1671
f 3923/1/1672 3920/1/1673 3926/1/739 3927/1/748
f 1540/1/1674 1640/1/1675 1639/1/1676 1541/1/1677
f 3653/1/1678 3650/1/993 3628/1/992 3633/1/618 3652/1/617
f 457/1/1679 271/1/1679 270/1/1679 529/1/1679 530/1/1679 531/1/1679
f 3431/1/1680 3405/1/1681 3404/1/1682 3399/1/1683
f 1183/1/1684 1184/1/1685 1175/1/1686 1176/1/1686 1201/1/1686
f 2566/1/1687 2504/1/1688 2501/1/1689 2502/1/1690 2542/1/1691
f 884/1/1692 933/1/263 883/1/1693 893/1/1694
f 2270/1/1695 2271/1/1696 2265/1/1697 2266/1/1698
f 1095/1/1699 1099/1/1700 1100/1/1701 1094/1/1702
f 1997/1/650 2056/1/1703 1988/1/1704 1989/1/646
f 2613/1/1705 2699/1/1343 2700/1/1342 2701/1/1706 2612/1/1705
f 1106/1/1707 1088/1/1708 1082/1/1709
f 2717/1/1710 2716/1/1711 2739/1/1092 2740/1/1712
f 1491/1/1713 1495/1/1714 1445/1/1715 1444/1/1716 1494/1/1717 1490/1/1718 1482/1/1719
f 4170/1/1720 4169/1/1721 4168/1/1722 4173/1/1723
f 619/1/1724 620/1/1724 626/1/1724
f 52/1/1725 54/1/1725 78/1/1725 77/1/1725 80/1/1725 51/1/1725
f 3464/1/1726 3418/1/1727 3391/1/1728 3390/1/1729 3387/1/1730
f 617/1/1731 616/1/1731 638/1/1731 639/1/1731
f 621/1/1732 641/1/1732 622/1/1732
f 597/1/1650 604/1/534 642/1/1733
f 47/1/1734 46/1/1735 45/1/1736 151/1/1737 502/1/1738 501/1/1739
f 4288/1/1740 4287/1/1741 4286/1/1742 4251/1/107 4252/1/1743 4253/1/1744
f 1455/1/1745 1457/1/1745 1454/1/1745 1451/1/1745
f 1839/1/1746 1836/1/1747 1846/1/1748 1847/1/1749
f 2391/1/1750 2396/1/1751 2402/1/1752 2393/1/1753
f 3669/1/1754 3668/1/93 3674/1/1383 3677/1/1755 3675/1/1756
f 4134/1/1757 4143/1/1758 4103/1/1759 4076/1/1760 4135/1/1761
f 647/1/1762 3195/1/1763 646/1/1764
f 3721/1/1765 3740/1/1766 3726/1/1767 3602/1/1768
f 3276/1/1769 3248/1/1769 3274/1/1769 3279/1/1769 3277/1/1769
f 1247/1/1770 1062/1/1771 1061/1/628 1248/1/627 1252/1/1772
f 301/1/1773 313/1/1773 302/1/1773 300/1/958 285/1/957 284/1/1774
f 2773/1/1775 2774/1/1775 2641/1/1775 2771/1/1775 2772/1/1775 2775/1/1775
f 167/1/1776 168/1/1777 169/1/1169 103/1/176 164/1/1062 162/1/1061 424/1/1060 163/1/1059 171/1/1058 172/1/1057 173/1/1056 165/1/1778 166/1/1779 170/1/1780
f 2010/1/1781 2009/1/1782 1883/1/1783 1881/1/1784 2011/1/1785
f 3997/1/1000 3996/1/1786 3994/1/1787 2807/1/1788 2806/1/1789 2268/1/1001
f 651/1/1790 659/1/1791 660/1/1792
f 910/1/1793 1000/1/1794 949/1/1795 940/1/1796 939/1/1797
f 3953/1/1798 2827/1/1799 2828/1/1800 3954/1/1801
f 3155/1/1802 3191/1/982 3193/1/981 3108/1/1803 3109/1/1804 3154/1/1805
f 1143/1/1806 1144/1/1807 1118/1/1808 1133/1/1809 1134/1/1810 1117/1/1811
f 2357/1/1812 2936/1/1813 2935/1/1814
f 3310/1/1815 3312/1/1816 3348/1/1817 3313/1/1818 3314/1/1819 3315/1/1820 3228/1/1815 3229/1/1821 3230/1/1822
f 3991/1/668 3986/1/669 3982/1/1336 4000/1/1823 3999/1/1628
f 2854/1/1824 2855/1/1825 2849/1/1826 4255/1/1827
f 444/1/1828 446/1/1829 594/1/1830 595/1/1831 593/1/1832 1496/1/1833 566/1/1834 564/1/1835 565/1/1836 570/1/1828
f 3490/1/1837 3491/1/1838 3488/1/1839 3489/1/1840
f 669/1/1841 668/1/1841 670/1/1841 707/1/1841
f 3185/1/1842 3102/1/1843 3103/1/1844 3159/1/1845 3160/1/1846 3187/1/1847
f 1572/1/1848 1575/1/1849 1520/1/1850
f 3334/1/1851 3209/1/1852 3210/1/1853 3211/1/1854 3331/1/1855 3332/1/1856 3353/1/1857 3333/1/1858
f 687/1/1859 3237/1/1860 671/1/1861
f 2900/1/1862 3582/1/1863 3006/1/1864 3580/1/1865 3586/1/1866 3575/1/1867 2882/1/1868
f 1198/1/1869 1214/1/600 1207/1/599 1268/1/1870 1269/1/1871
f 3934/1/1872 3878/1/1873 3954/1/1801 3955/1/1874
f 3681/1/1875 3682/1/585 3718/1/1119 3717/1/1876
f 3046/1/1877 3047/1/1878 3048/1/1879 3077/1/1880 3076/1/1881 3075/1/1882 3074/1/1882
f 1322/1/1883 1282/1/1884 1262/1/1885 1261/1/1886 1259/1/1887 1284/1/1888 1283/1/1889 1324/1/1890 1321/1/1891
f 678/1/1892 679/1/1892 699/1/1892
f 1259/1/1893 1261/1/1894 1224/1/1895 1223/1/1896 1222/1/1897 1260/1/1897
f 672/1/215 688/1/1898 689/1/1898 686/1/1898 681/1/1899 683/1/1898 680/1/1898 667/1/1898 665/1/1898 671/1/216
f 3446/1/1480 3447/1/1900 3366/1/1901 3367/1/1481
f 473/1/1902 474/1/1903 475/1/1904 476/1/1903 136/1/1905 135/1/1906 134/1/1907
f 1564/1/1908 1589/1/1909 1593/1/1910 1591/1/1911 1586/1/1912
f 679/1/1913 670/1/1913 668/1/1913
f 2834/1/1914 2281/1/1915 2288/1/1916 2839/1/1917 2837/1/1918
f 507/1/101 483/1/1919 484/1/1920 510/1/1921
f 3853/1/1922 3849/1/1923 3917/1/582 3897/1/1924
f 3908/1/1925 3919/1/1926 3897/1/1924 3917/1/582
f 4161/1/1289 4153/1/1288 4148/1/1927 4149/1/1928
f 708/1/1929 707/1/1929 670/1/1929 701/1/1929
f 1102/1/721 1104/1/368 1084/1/367 1082/1/1709 1086/1/1930 1085/1/380 1071/1/379
f 635/1/1931 634/1/1931 3127/1/1932 649/1/1933 3196/1/1934 3126/1/1935 3165/1/1936 3166/1/1937
f 2672/1/387 2652/1/1938 2696/1/1939 2695/1/1940 2694/1/388
f 723/1/1941 722/1/1941 343/1/1941 342/1/1941
f 342/1/1942 725/1/1943 723/1/1942
f 147/1/1944 149/1/1944 42/1/1944 41/1/225 146/1/224
f 742/1/253 741/1/252 731/1/1945
f 741/1/252 730/1/1946 731/1/1945
f 3879/1/1947 3880/1/1948 3932/1/1949 3936/1/1950 3937/1/1951 3933/1/1952
f 728/1/1953 748/1/1954 747/1/1955
f 728/1/1953 749/1/1956 748/1/1954
f 2579/1/1957 2583/1/1958 2584/1/1959 2900/1/1958 2882/1/1958 2883/1/1958 2884/1/1960 2885/1/1961 2856/1/1962
f 724/1/1963 717/1/1964 731/1/1945 732/1/1965
f 717/1/1964 742/1/253 731/1/1945
f 718/1/1966 738/1/1967 739/1/1966
f 719/1/1968 736/1/1969 738/1/1970
f 738/1/1971 718/1/1971 719/1/1971
f 720/1/25 734/1/28 736/1/1972
f 3054/1/1973 3055/1/1974 3082/1/1975 3081/1/1976 3053/1/1977
f 721/1/1978 744/1/1979 735/1/1980
f 1468/1/1981 1463/1/1982 1462/1/1983 1476/1/1984 1477/1/1984
f 750/1/1985 725/1/1986 726/1/1987
f 726/1/1987 746/1/1988 750/1/1985
f 725/1/1989 750/1/1990 733/1/1989 723/1/1990
f 736/1/1969 719/1/1968 720/1/1991
f 581/1/1992 1544/1/1993 1545/1/1994 1546/1/1995 1547/1/1996 582/1/1997
f 749/1/1956 753/1/1998 748/1/1954
f 733/1/1999 750/1/2000 754/1/2001
f 721/1/2002 720/1/2003 719/1/2002 344/1/2002 343/1/2002 722/1/2002
f 762/1/2004 544/1/2004 543/1/2005 763/1/2005
f 764/1/2006 763/1/2006 543/1/2007 545/1/2007
f 765/1/2008 764/1/2009 545/1/2009 541/1/2010
f 508/1/2011 142/1/2012 481/1/2013 482/1/2014
f 769/1/2015 540/1/2016 539/1/2017 770/1/2018
f 770/1/2018 539/1/2017 538/1/2019 771/1/2020
f 772/1/2021 771/1/2020 538/1/2019 562/1/2022
f 4156/1/2023 4151/1/2024 4152/1/2025 4153/1/1288 4160/1/839 4157/1/838
f 1962/1/2026 1947/1/2027 1948/1/2028 1969/1/2029 1968/1/2030 1961/1/2031
f 796/1/2032 797/1/2033 851/1/2034 795/1/2035 792/1/2036 793/1/2037 802/1/2038 803/1/2039 808/1/2040 794/1/2041
f 450/1/2042 448/1/2043 502/1/2044 503/1/2045 150/1/2043 148/1/2043 504/1/2046 452/1/2047
f 348/1/866 347/1/865 3240/1/2048 3241/1/2049 3242/1/2050
f 1628/1/2051 2341/1/691 1630/1/1430 1632/1/1429 1633/1/1230 1634/1/1229 1626/1/1228 1627/1/2052 1629/1/2053
f 797/1/2054 796/1/2055 798/1/2056 799/1/2054
f 206/1/2057 210/1/2057 295/1/2057 296/1/2058 207/1/2057
f 472/1/2059 471/1/2060 1065/1/2060 1066/1/2061 1067/1/2060 1068/1/2060 474/1/2060 473/1/2062
f 3240/1/2063 3283/1/2064 3285/1/2064 3288/1/2064 3241/1/2064
f 805/1/2065 806/1/2065 807/1/2065
f 805/1/2066 807/1/2066 808/1/2066 804/1/2067
f 803/1/2068 804/1/2068 808/1/2068
f 877/1/2069 806/1/2070 805/1/2071
f 805/1/2071 878/1/2072 809/1/2073
f 810/1/2074 878/1/2072 805/1/2071
f 810/1/2074 805/1/2071 804/1/2075
f 804/1/2076 879/1/2077 810/1/2078
f 879/1/2077 804/1/2076 803/1/2079
f 880/1/2080 879/1/2077 803/1/2079
f 803/1/2079 802/1/2081 830/1/2082 881/1/2083 880/1/2080
f 805/1/2071 809/1/2073 877/1/2069
f 839/1/2084 813/1/2085 2664/1/2086
f 2905/1/2087 2947/1/2088 2948/1/2089
f 3260/1/2090 3261/1/2091 3235/1/2092 3340/1/2093 3341/1/2094
f 843/1/2095 873/1/2096 821/1/2097
f 374/1/2098 375/1/2099 429/1/2098 427/1/2100 428/1/1555 426/1/1554 401/1/2101 402/1/2102 392/1/2103
f 872/1/2104 822/1/2105 845/1/2106
f 847/1/2107 846/1/2108 871/1/2109
f 283/1/2110 187/1/2111 190/1/2112 193/1/2113 288/1/2114 290/1/2115 310/1/2116 309/1/2117
f 848/1/2118 870/1/2119 824/1/2120
f 3045/1/2121 3044/1/2121 400/1/2122 399/1/2123 3034/1/2121
f 869/1/2124 849/1/2125 848/1/2126 824/1/2127
f 850/1/1666 849/1/2125 868/1/1663
f 2752/1/2128 2751/1/2129 2745/1/2130 2746/1/2131
f 866/1/2132 826/1/2133 767/1/2134
f 797/1/2135 854/1/1325 827/1/1324
f 827/1/2136 851/1/2137 797/1/2137
f 792/1/1249 828/1/2138 829/1/1250
f 829/1/2139 830/1/2082 802/1/2081
f 4197/1/2140 4194/1/2141 4193/1/713 4192/1/674 4190/1/673 4199/1/857 4198/1/860
f 3971/1/2142 2821/1/2143 2820/1/2144 2818/1/2145 2819/1/2146
f 818/1/2147 841/1/1200 778/1/2148 779/1/2149 840/1/2150 817/1/920
f 800/1/2151 801/1/2151 832/1/2151
f 832/1/2152 831/1/2153 800/1/2154
f 801/1/2155 855/1/2156 832/1/2157
f 855/1/2156 801/1/2155 791/1/2158
f 3024/1/2159 3056/1/2160 3055/1/2161 3025/1/2160
f 857/1/2162 788/1/2163 790/1/2164
f 755/1/2165 858/1/2166 833/1/2167
f 833/1/2168 790/1/2168 755/1/2168
f 756/1/2169 859/1/2170 834/1/2171
f 834/1/2172 755/1/2172 756/1/2172
f 860/1/2173 758/1/2174 759/1/2175
f 861/1/2176 860/1/2173 759/1/2175
f 835/1/2177 861/1/2176 760/1/2178
f 861/1/2176 759/1/2175 760/1/2178
f 761/1/2179 862/1/2180 835/1/2177
f 836/1/2181 862/1/2180 761/1/2179 762/1/2182 763/1/2183 837/1/2184
f 1108/1/4 1107/1/2185 1109/1/2186 1088/1/2187 1106/1/5
f 864/1/2188 837/1/2189 764/1/2190
f 766/1/2191 838/1/2192 864/1/2193
f 865/1/2194 838/1/2192 766/1/2191
f 826/1/2133 865/1/2195 767/1/2134
f 766/1/2196 767/1/2196 865/1/2197
f 1970/1/2198 1945/1/2199 1947/1/2027
f 946/1/2200 958/1/2201 957/1/2202 944/1/2201
f 2102/1/2203 2113/1/2204 2112/1/2205 2103/1/2206
f 3464/1/2207 3442/1/2208 3443/1/2209 3441/1/2210 3418/1/2211
f 763/1/2212 764/1/2190 837/1/2189
f 760/1/2178 761/1/2213 835/1/2177
f 755/1/2165 834/1/2214 858/1/2166
f 790/1/2164 833/1/2215 857/1/2162
f 867/1/2216 825/1/2217 770/1/2018
f 869/1/2124 868/1/1663 849/1/2125
f 871/1/2109 823/1/2218 847/1/2107
f 822/1/2219 871/1/2109 846/1/2108
f 962/1/2220 954/1/2220 960/1/2220 963/1/2221 928/1/2222 924/1/2223 959/1/2220 955/1/2220
f 818/1/2147 874/1/2224 841/1/1200
f 815/1/916 817/1/920 840/1/2150
f 831/1/2225 832/1/2157 855/1/2156
f 858/1/2166 857/1/2162 833/1/2167
f 859/1/2226 858/1/2166 834/1/2214
f 862/1/2180 861/1/2176 835/1/2177
f 865/1/2194 864/1/2227 838/1/2192
f 866/1/2228 865/1/2195 826/1/2133
f 822/1/2219 872/1/2229 871/1/2109
f 816/1/2230 814/1/2231 876/1/2232
f 878/1/2072 877/1/2069 809/1/2073
f 896/1/2233 898/1/2233 897/1/2233
f 1234/1/2234 1235/1/2235 1238/1/2236
f 1408/1/2237 1392/1/2238 1165/1/2239 1166/1/2240
f 2272/1/2241 2273/1/2242 2918/1/2243 2975/1/2244
f 2403/1/2245 2366/1/2245 2436/1/2245 2437/1/2245 2413/1/2245 2412/1/2245
f 122/1/2246 121/1/2247 492/1/2247 460/1/2247 461/1/2247
f 4029/1/2248 4117/1/1275 4116/1/826 4031/1/2249
f 884/1/2250 896/1/2251 897/1/2252 891/1/2253 906/1/2254 885/1/2255
f 899/1/2256 794/1/2257 808/1/2258 807/1/2259 811/1/2260 887/1/2261 888/1/2257 901/1/2262
f 146/1/2263 145/1/2264 486/1/2263 487/1/2265 488/1/2266 489/1/2267 522/1/2263 147/1/2263
f 903/1/2268 891/1/2268 890/1/2268
f 904/1/2269 903/1/2269 890/1/2269
f 904/1/2270 890/1/2270 889/1/2270
f 905/1/2271 887/1/2261 811/1/2260 1032/1/2271
f 903/1/2272 907/1/2273 906/1/2272 891/1/2273
f 909/1/2274 906/1/2275 907/1/2275 908/1/2276
f 941/1/2277 937/1/2278 939/1/1797 940/1/2279
f 2567/1/2280 2545/1/2281 2544/1/2282 2506/1/2283 2505/1/2284
f 916/1/2285 922/1/2286 529/1/2286 270/1/2286 269/1/2287 548/1/2288 554/1/2286 919/1/2289 929/1/2290
f 4224/1/858 4199/1/857 4200/1/2291 4201/1/2292 4229/1/2293 4228/1/2294 4223/1/2295 4230/1/2296
f 490/1/2297 523/1/2297 456/1/2297 455/1/2297 454/1/2297
f 28/1/2298 27/1/2298 134/1/2298 135/1/2299 29/1/2300
f 3071/1/2301 218/1/2302 297/1/2303 3096/1/2301 3095/1/2304
f 3937/1/1951 3884/1/2305 3909/1/2306 3933/1/1952
f 2803/1/2307 2802/1/2307 2801/1/2307 2291/1/2307 2292/1/2307
f 916/1/2308 929/1/2309 928/1/2310 963/1/2311 960/1/2312 961/1/2313 964/1/2314
f 2096/1/2315 2119/1/2316 2118/1/2317 2097/1/2318
f 207/1/2319 218/1/903 219/1/902 208/1/2319 206/1/2319
f 885/1/2320 906/1/265 934/1/264
f 4258/1/2321 4259/1/2322 4312/1/2323 4313/1/2324 4266/1/2325
f 1070/1/2326 1013/1/2327 1077/1/2327 1111/1/2327 1097/1/2328 1096/1/2329 1202/1/2330 1203/1/2331
f 916/1/2332 964/1/2333 966/1/2334 915/1/2335 921/1/2335
f 3376/1/2336 3452/1/2337 3329/1/2338 3328/1/2339
f 1908/1/2340 1909/1/445 1919/1/444
f 5/1/2341 6/1/2342 83/1/2342 84/1/2343
f 2468/1/2344 2467/1/2345 2465/1/2346 2464/1/2347 2457/1/2348 2456/1/2349 2458/1/2350 2459/1/2351 2460/1/2351 2461/1/2352 2494/1/2353 2462/1/2354 2463/1/2355 2492/1/35 2493/1/34 2466/1/38 2488/1/2356
f 2068/1/2357 2067/1/2358 2147/1/2359 2146/1/2360
f 1497/1/2361 1457/1/2362 1459/1/2363 1219/1/2364
f 1463/1/2365 1468/1/2366 1467/1/2367 1464/1/2368 1431/1/2369
f 924/1/2370 928/1/2371 929/1/2372 919/1/2373 923/1/2374 930/1/2375
f 3218/1/2376 3325/1/2377 3326/1/2378 3217/1/2379
f 1458/1/2380 1459/1/2380 1457/1/2380 1455/1/2380
f 937/1/2278 938/1/2381 910/1/1793 939/1/1797
f 917/1/2382 784/1/2382 783/1/2382
f 743/1/2383 735/1/2384 744/1/2385 733/1/1999 754/1/2001
f 2610/1/2386 2609/1/2387 2600/1/2388 2598/1/2389 2611/1/2390
f 3284/1/2391 3286/1/2391 3285/1/2391 3283/1/2391 3275/1/2391 3281/1/2391
f 1327/1/2392 1339/1/2393 1363/1/2394 1362/1/2395 1361/1/2396
f 1456/1/2397 1215/1/2398 1486/1/2399
f 1066/1/2400 1175/1/2400 1174/1/2400 1173/1/2400 1067/1/2400
f 3612/1/1667 3613/1/1671 3615/1/2401 3616/1/2402
f 138/1/2403 139/1/2404 34/1/2405 32/1/2406 33/1/2406
f 2416/1/2407 2415/1/2407 2438/1/2407 2439/1/2407
f 3095/1/2408 3096/1/2408 3123/1/2408 3124/1/2408 3122/1/2408
f 1179/1/2409 1180/1/2410 1181/1/2411 1202/1/2330 1096/1/2329
f 2557/1/2412 2556/1/2413 3030/1/2414
f 3456/1/2415 3457/1/2416 3461/1/2417 3437/1/2418 3460/1/2419 3455/1/2420
f 1219/1/2364 1459/1/2363 527/1/2421 528/1/2422 1063/1/2423
f 4300/1/2424 4299/1/2425 4256/1/2426 4257/1/2427
f 1862/1/2428 1837/1/2429 1838/1/751 1863/1/750
f 4278/1/969 4279/1/2430 4347/1/2431 4348/1/970
f 2315/1/2432 2320/1/2433 2421/1/403 2406/1/407 2405/1/2434 2404/1/2435
f 3653/1/1678 3652/1/617 3658/1/75 3659/1/90 3660/1/89
f 909/1/2436 935/1/2436 906/1/2436
f 1792/1/2437 1764/1/2438 1766/1/2439 1770/1/2440 1791/1/2441
f 640/1/2442 639/1/2442 638/1/2442 637/1/2443 636/1/2444 644/1/2445 645/1/2446 646/1/1764 3195/1/1763 647/1/2447 3135/1/2448 3134/1/2449 3184/1/2450 657/1/2442 658/1/2442 656/1/2442 655/1/2442
f 3065/1/2451 3090/1/2452 3089/1/2453 3064/1/2454
f 2057/1/2455 2058/1/2456 1991/1/2457 1988/1/2458 2056/1/2459 2053/1/1573 2055/1/1572
f 1837/1/2429 1862/1/2428 1861/1/2460 1835/1/2461
f 2784/1/2462 2783/1/2462 2781/1/2462 2780/1/2462 2782/1/2462 2785/1/2462
f 3922/1/2463 3920/1/1673 3923/1/1672 3924/1/2464 3881/1/2465 3882/1/2466 3921/1/2467
f 969/1/2468 913/1/2469 914/1/2470 989/1/2471 536/1/2472 535/1/2472 534/1/2472 970/1/2472
f 3624/1/1116 3622/1/1115 3619/1/1457 3566/1/2473
f 3301/1/2474 3234/1/2475 3203/1/2476
f 389/1/2477 390/1/2477 391/1/2477 394/1/2477 393/1/2477
f 1489/1/2478 1487/1/2478 1483/1/2479 1490/1/2480
f 4176/1/2481 4175/1/2482 4170/1/1720 4173/1/1723 3790/1/2483 3811/1/1519 3789/1/2484
f 1005/1/2485 1009/1/2485 1008/1/2485
f 1010/1/2486 910/1/2487 938/1/2488
f 972/1/2489 1009/1/2490 1012/1/2491
f 1002/1/2492 973/1/2492 974/1/2492
f 1931/1/2493 1932/1/2493 1933/1/2493 1902/1/2493 1912/1/2493 1930/1/2493
f 1561/1/2494 1560/1/2495 1669/1/2496 1668/1/2497
f 2936/1/2498 2357/1/2499 2373/1/2500 2374/1/2501
f 948/1/2502 962/1/2502 955/1/2502 947/1/2502 945/1/2503
f 1012/1/2504 1009/1/2505 1007/1/2506
f 390/1/2507 389/1/2508 599/1/2509 606/1/2510 608/1/2511 371/1/2512
f 1008/1/2513 972/1/2513 973/1/2513
f 972/1/2514 1008/1/2514 1009/1/2514
f 911/1/2515 1006/1/2515 1004/1/2516
f 997/1/2517 996/1/2518 994/1/2519 995/1/1268 1001/1/1267 998/1/2520
f 1252/1/2521 1248/1/2522 1250/1/2523 1251/1/2524 1230/1/2525
f 73/1/2526 74/1/2526 77/1/2526 78/1/2526 79/1/2526
f 979/1/2527 1014/1/2527 1013/1/2527
f 152/1/2528 499/1/2529 441/1/2530 440/1/2531 438/1/2529 500/1/2529 153/1/2529
f 981/1/2532 1016/1/2533 1015/1/2532
f 1016/1/2534 981/1/2535 982/1/2535
f 1016/1/2536 982/1/2536 977/1/2536 1017/1/2536
f 1018/1/2537 1017/1/2537 977/1/2537 976/1/2537
f 1018/1/2538 976/1/2538 975/1/2538
f 1019/1/2539 1018/1/2540 975/1/2539 974/1/2539
f 1019/1/2541 974/1/2541 973/1/2542 1020/1/2543
f 1020/1/2543 973/1/2542 972/1/2544 1021/1/2544
f 1021/1/2545 972/1/2489 1012/1/2491 1022/1/2546
f 1022/1/2547 1012/1/2548 1011/1/2549 1023/1/2550
f 1023/1/2551 1011/1/2552 909/1/2551 908/1/2551
f 1032/1/2553 811/1/2554 882/1/2555 1024/1/2553
f 1030/1/2556 1025/1/2557 1026/1/2558
f 1028/1/2559 1030/1/2556 1026/1/2558
f 1026/1/2560 1027/1/2561 1028/1/2559
f 1027/1/2561 1024/1/2562 1028/1/2559
f 3665/1/2563 3655/1/2564 3653/1/1678 3660/1/89 3664/1/94 3666/1/2565
f 1030/1/2556 1029/1/2566 1025/1/2557
f 1031/1/2567 1030/1/2556 1028/1/2559
f 1340/1/2568 1342/1/2569 4291/1/2570 4289/1/2571 4290/1/2572 4288/1/1740 4253/1/1744 2793/1/941 2798/1/940 1339/1/2573 1327/1/2574 1326/1/2575 1328/1/2576 1325/1/2577 1269/1/2578 1268/1/2579 1267/1/2580 1266/1/2581 1265/1/2582 1329/1/2583 1330/1/2584 1332/1/2585 1331/1/2584 1334/1/2586 1333/1/2587 1336/1/2588 1335/1/1654 1344/1/2589 1337/1/2584 1343/1/2590 1338/1/2591 1341/1/2592
f 1033/1/2593 1026/1/2593 1034/1/2593
f 1025/1/2594 1034/1/2594 1026/1/2594
f 3012/1/2595 3068/1/2595 3067/1/2595 3013/1/2595
f 1036/1/2596 1037/1/1109 1041/1/2597 1038/1/2596
f 1025/1/2598 1029/1/2599 1035/1/2600 1034/1/2599
f 1029/1/2601 1039/1/2601 1036/1/2601 1035/1/2601
f 1037/1/1109 1040/1/1108 1041/1/2597
f 3237/1/1860 3238/1/2602 3260/1/2603 3259/1/2604 3258/1/2605 671/1/1861
f 1173/1/2606 1191/1/2607 1192/1/2608 1193/1/2609 1172/1/2610
f 3768/1/2611 3761/1/2612 4100/1/2613 4092/1/2614 4099/1/2615
f 3767/1/2616 3484/1/2617 3482/1/2618 3768/1/2611
f 2980/1/2619 2916/1/2620 2914/1/2621 2981/1/2621
f 1692/1/2622 1697/1/2623 1696/1/2624 1695/1/2625 1694/1/1167
f 3211/1/2626 3212/1/2627 3213/1/2628 3330/1/2629 3331/1/2630
f 1892/1/2631 2017/1/2632 2016/1/2633 1893/1/2634
f 956/1/2635 943/1/2635 944/1/2635 957/1/2635 925/1/2635 918/1/2635
f 1772/1/2636 1773/1/906 1775/1/1197 1787/1/2637
f 1310/1/2638 1311/1/2639 1314/1/2640 1309/1/2641
f 462/1/2642 989/1/2642 463/1/2643
f 463/1/2644 989/1/2644 988/1/2644
f 464/1/2645 463/1/2645 988/1/2645
f 987/1/2646 464/1/2646 988/1/2646
f 466/1/2647 986/1/2648 985/1/2649 519/1/2650
f 518/1/2651 519/1/2652 985/1/2653 984/1/2653
f 467/1/2654 518/1/2654 984/1/2654 983/1/2654
f 412/1/2655 416/1/2656 580/1/2657 581/1/2658 582/1/2655 411/1/2659
f 468/1/2660 980/1/2661 979/1/2662 469/1/2662
f 1064/1/2663 470/1/2663 469/1/2662 979/1/2662 978/1/2663
f 1709/1/2664 1708/1/2665 176/1/2666 105/1/2667 1747/1/2668 1746/1/2669 1748/1/2670
f 888/1/2671 889/1/2672 890/1/2673 902/1/2674 900/1/2675 901/1/2676
f 3213/1/2677 3214/1/456 3329/1/455 3330/1/2678
f 33/1/2679 32/1/142 66/1/144 64/1/2679 63/1/2679 30/1/2679 31/1/2680
f 475/1/2681 1055/1/2682 1228/1/2683 476/1/2684
f 1056/1/2685 477/1/2686 476/1/2684 1228/1/2683
f 4217/1/2687 4226/1/2688 4225/1/859 4224/1/858 4213/1/2689
f 3877/1/2690 3901/1/2691 3911/1/2692 3910/1/2693 3913/1/2694 3902/1/189
f 479/1/1631 1058/1/2695 1059/1/2696 512/1/1632
f 480/1/2697 512/1/2697 1059/1/2697
f 480/1/2698 1059/1/2698 1060/1/2698
f 481/1/2699 480/1/2699 1060/1/2699
f 481/1/2700 1060/1/2700 1061/1/2700
f 481/1/2701 1061/1/2701 482/1/2701
f 484/1/2702 483/1/2702 1062/1/2703 1063/1/2702
f 528/1/2704 485/1/2704 484/1/2704 1063/1/2704
f 471/1/2705 470/1/2705 1064/1/2705 1065/1/2705
f 978/1/2706 979/1/2706 1013/1/2707 1070/1/2707
f 2840/1/2708 2839/1/1917 2288/1/1916 2286/1/2709
f 846/1/2108 775/1/2710 776/1/2711 844/1/2712 845/1/2713 822/1/2219
f 1083/1/2714 1073/1/2715 1072/1/381
f 1083/1/2714 1072/1/381 1085/1/380 1086/1/1930 1087/1/2716
f 2810/1/2717 2922/1/1165 2923/1/1164 2441/1/2718
f 1074/1/2719 1078/1/2719 1076/1/2719
f 1076/1/2720 1091/1/2721 1074/1/2720
f 1090/1/2722 1093/1/2723 1089/1/720
f 4151/1/2024 4156/1/2023 4155/1/2724 4154/1/2725 4145/1/2726 4142/1/2727 4141/1/463
f 3023/1/2728 3022/1/2728 3058/1/2728 3057/1/2728 3056/1/2728 3024/1/2728
f 3128/1/2729 3198/1/2730 3137/1/2731 3138/1/2732 3180/1/2733
f 4023/1/2734 4024/1/2735 4118/1/2736 4119/1/2737 4117/1/1275 4029/1/2248
f 1130/1/2738 1075/1/2739 1089/1/2740
f 3398/1/2741 3397/1/2741 3396/1/2742 3395/1/2743 3414/1/2744 3413/1/2741 3412/1/2741 3411/1/2741 3409/1/2745 3410/1/2746 3402/1/2747
f 3698/1/2748 4079/1/434 4077/1/433 3680/1/2749 3699/1/2750
f 132/1/2751 131/1/2752 517/1/2753 469/1/2751 470/1/2751 471/1/2751 472/1/2754 133/1/2755
f 3216/1/2756 3327/1/2757 3328/1/2758 3215/1/2759
f 1111/1/2760 1077/1/2760 1013/1/2760
f 1015/1/2761 1016/1/2762 1110/1/2763
f 1119/1/2764 1114/1/2765 2764/1/2766 2765/1/2767 1115/1/2768 1124/1/2769
f 2807/1/2770 2439/1/2771 2438/1/2772 2437/1/2773 2436/1/2774 2805/1/2770 2806/1/2775
f 2567/1/2776 2505/1/2777 2504/1/2778 2503/1/2779
f 1016/1/2780 1017/1/1439 1079/1/717
f 1260/1/2781 1222/1/2782 1221/1/2783 1258/1/2784
f 1089/1/720 1092/1/2785 1090/1/2722
f 3937/1/1951 3936/1/1950 3935/1/1088 3943/1/1087
f 1092/1/2786 1091/1/2786 1090/1/2786
f 537/1/2787 562/1/2022 538/1/2788 539/1/2789 248/1/2789 239/1/2790
f 2604/1/2791 2866/1/2792 2867/1/2792 2868/1/2793 2631/1/2792
f 4029/1/2248 4048/1/2794 4072/1/2795 4071/1/2796 4022/1/2797 4023/1/2734
f 616/1/2798 615/1/2799 614/1/2800 637/1/2801 638/1/2802
f 2750/1/2803 2749/1/2804 2747/1/2805 2748/1/2806 2755/1/2807
f 3432/1/2808 3433/1/2809 3439/1/1483 3309/1/2810 3308/1/2811
f 1128/1/2812 1133/1/2813 1118/1/2814 1138/1/2815 1126/1/2816
f 1126/1/2817 1129/1/2818 1132/1/2819
f 52/1/2820 51/1/2820 50/1/2820 49/1/2820 152/1/2820 153/1/2820 154/1/2820
f 1659/1/2821 1658/1/2822 1616/1/2823 1615/1/2824
f 4225/1/859 4226/1/2688 4227/1/2825 4202/1/2826 4178/1/2827 4179/1/2828 4180/1/2829 4018/1/2830 4197/1/2140 4198/1/860
f 4067/1/480 4063/1/2831 4060/1/1214 4061/1/268 4062/1/267 4068/1/481
f 2788/1/2832 2787/1/2833 2784/1/2833 2785/1/2833 2786/1/2834 2294/1/2835
f 454/1/2836 452/1/2837 504/1/2838 148/1/2839 149/1/2836 147/1/2840 522/1/2836 489/1/2841 490/1/2842
f 936/1/2843 935/1/2844 938/1/2845 937/1/2846
f 1127/1/2847 1078/1/2847 1074/1/2847
f 1161/1/2848 1163/1/2849 1388/1/2850 1387/1/2851 1147/1/2852
f 2905/1/2853 2948/1/2854 2517/1/2855 2949/1/2856 2904/1/2857
f 1124/1/382 1072/1/381 1073/1/2715 1135/1/2858 1136/1/2859 1137/1/2860 1119/1/2861
f 1139/1/2862 1159/1/2863 1078/1/2864
f 1076/1/2865 1078/1/2866 1159/1/2866
f 1116/1/2867 1115/1/2868 1140/1/2867 1141/1/2868
f 1123/1/2869 1116/1/2870 1141/1/2869 1142/1/2871
f 1123/1/2872 1142/1/2872 1143/1/2872 1117/1/2872
f 1277/1/2873 1351/1/2874 1356/1/2875 1317/1/2876
f 1118/1/2877 1144/1/2878 1145/1/2879 1138/1/2878
f 1138/1/2880 1145/1/2880 1127/1/2880
f 130/1/2881 467/1/2881 468/1/2881 469/1/2881 517/1/2882 131/1/2881
f 2854/1/2883 1140/1/2884 1115/1/2885 2765/1/2767
f 1161/1/2886 1167/1/2887 1148/1/2888
f 115/1/2889 497/1/2890 257/1/1293 496/1/2889 116/1/2889
f 3363/1/2891 3441/1/2210 3443/1/2209 3444/1/2892 3362/1/2893
f 599/1/2509 389/1/2508 393/1/2894 395/1/2894 633/1/2895
f 2854/1/1824 4273/1/2896 1166/1/2897
f 1166/1/2897 1140/1/2898 2854/1/1824
f 1510/1/2899 1498/1/2900 1264/1/2901 1345/1/2902 1515/1/360 1517/1/359 1512/1/2903 1518/1/2904 1513/1/2905 1509/1/2906 1511/1/2907
f 4298/1/2908 4297/1/2909 4323/1/2910 4324/1/2911
f 3461/1/2417 3435/1/2912 3436/1/2913 3437/1/2418
f 2514/1/2914 2517/1/2915 2948/1/2089 2947/1/2088 2941/1/2916
f 1095/1/2917 1178/1/2918 1179/1/2919 1096/1/2920
f 1296/1/604 1206/1/597 1168/1/596
f 913/1/2921 912/1/2922 952/1/2923 1004/1/2924 990/1/2925
f 4054/1/1216 4030/1/523 4172/1/2926 4053/1/2927
f 413/1/2928 416/1/2929 412/1/2930 405/1/2931 404/1/2929 403/1/2932 402/1/2929 401/1/2929 435/1/2929 436/1/2933 438/1/2934 440/1/1098 439/1/1097 437/1/2929 434/1/2929 415/1/2929 414/1/2935
f 2779/1/2936 2776/1/2937 2296/1/2938 2298/1/2939
f 1091/1/2940 1076/1/2941 1178/1/2942 1090/1/2943
f 1752/1/2944 1785/1/2945 1738/1/2946 1741/1/2947
f 2698/1/2948 2614/1/2949 2615/1/2950 2697/1/2951
f 1925/1/2952 1929/1/2953 1905/1/2954 1923/1/2955
f 415/1/2956 577/1/2957 578/1/2958 414/1/2959
f 3401/1/2960 3402/1/2747 3410/1/2746 3407/1/2961
f 1563/1/2962 1554/1/2962 1572/1/2963 1520/1/2962
f 1708/1/2665 1704/1/2964 176/1/2666
f 1205/1/2965 1188/1/2966 1272/1/2967
f 951/1/2968 953/1/2968 961/1/2968 960/1/2969 954/1/2968
f 1312/1/2970 1316/1/2971 1315/1/2972 1311/1/2973
f 3167/1/2974 3183/1/2975 3194/1/2975 3182/1/2976 3134/1/2977 3135/1/2978 645/1/2979 643/1/2980 3181/1/2981 644/1/2982 636/1/2975 635/1/2983 3166/1/2984
f 1298/1/2985 1301/1/2986 1307/1/2987 1297/1/2988 1295/1/2989
f 1827/1/2990 1842/1/1452 1830/1/1455 1826/1/2991
f 4032/1/2992 4114/1/2993 4115/1/2994 4036/1/2995 4038/1/2996 4035/1/2997
f 3305/1/2998 3232/1/2999 3233/1/3000 3303/1/3001
f 1224/1/3002 1225/1/3002 1233/1/3002
f 4075/1/875 3977/1/874 3976/1/3003 3883/1/3004 3975/1/549 3991/1/668
f 1238/1/3005 1235/1/3005 1237/1/3005
f 1238/1/3006 1239/1/3006 1215/1/3006
f 1215/1/3007 1239/1/3007 1241/1/3007
f 83/1/3008 85/1/3008 90/1/3008 88/1/3008
f 2343/1/3009 2344/1/3010 2345/1/3011 2452/1/3010 2342/1/3012
f 4037/1/3013 4028/1/3014 4154/1/2725 4155/1/2724 4158/1/3015
f 1241/1/821 1240/1/820 1242/1/3016 1244/1/3017 1216/1/3018 1215/1/3019
f 1244/1/3020 1218/1/3021 1217/1/3022
f 213/1/3023 212/1/3023 210/1/3023 211/1/3023 214/1/3023
f 212/1/3024 213/1/3025 217/1/3026 197/1/3027 276/1/3028 275/1/3029 304/1/3030 299/1/3031 298/1/3032
f 1542/1/3033 1541/1/3033 1639/1/1676 1638/1/3034
f 508/1/100 482/1/3035 483/1/1919 507/1/101
f 690/1/3036 695/1/3036 681/1/3036 686/1/3036 689/1/3036 688/1/3037 672/1/3038 3255/1/3039 3252/1/3040 3250/1/3041 692/1/3036 693/1/3036 691/1/3036 694/1/3036
f 3885/1/482 4068/1/481 4062/1/267 3875/1/3042 3940/1/740
f 1520/1/1389 1566/1/1388 1565/1/3043 1568/1/3044 1567/1/3045 1563/1/3046
f 1982/1/3047 1981/1/3048 1979/1/3049 2040/1/3050 2039/1/3051 2038/1/3052
f 3299/1/3053 3458/1/3054 3459/1/3055
f 3301/1/2474 3203/1/2476 3247/1/3056 3320/1/3057
f 3032/1/3058 2558/1/3059 2557/1/3060 3042/1/3058 3031/1/3061
f 1223/1/3062 1224/1/3062 1231/1/3062
f 3939/1/1085 3935/1/1088 3929/1/3063 3928/1/3064
f 1244/1/3020 1217/1/3022 1216/1/3065
f 1243/1/3066 1244/1/3067 1242/1/3068
f 1226/1/3069 1243/1/3070 1237/1/3071
f 1243/1/3072 1242/1/3072 1240/1/3073
f 1697/1/2623 706/1/3074 715/1/3075 1683/1/3076
f 1055/1/3077 1170/1/3077 1254/1/3077 1228/1/3077
f 1220/1/3078 1227/1/3078 1256/1/3078 1257/1/3078
f 1221/1/3079 1220/1/3080 1257/1/3081 1258/1/3081
f 1225/1/3082 1224/1/1895 1261/1/1894 1262/1/3082
f 1225/1/3083 1262/1/3084 1263/1/3085 1226/1/3085
f 1226/1/3069 1263/1/3086 1243/1/3070
f 1244/1/3067 1243/1/3066 1263/1/3087 1264/1/3087
f 1498/1/3088 1218/1/3021 1244/1/3020 1264/1/3088
f 1178/1/3089 1076/1/3089 1159/1/3089 1160/1/3089
f 2415/1/3090 2414/1/3091 2413/1/3092 2437/1/3092 2438/1/3093
f 2770/1/3094 2771/1/3094 2641/1/3095 2639/1/3096 2640/1/3097 2768/1/3098 2769/1/3099
f 786/1/3100 791/1/3100 801/1/3100 800/1/3101 799/1/3102 798/1/3100 783/1/3100 784/1/3100 785/1/3100
f 1191/1/3103 1329/1/2583 1265/1/2582 1192/1/3104
f 126/1/1256 125/1/1264 521/1/1263 520/1/1257
f 1196/1/1069 1267/1/3105 1268/1/3105 1197/1/1070
f 1197/1/3106 1268/1/3106 1207/1/3106
f 524/1/3107 523/1/3107 490/1/3107 489/1/3108 488/1/3109 525/1/3110
f 1186/1/3111 1150/1/3111 1270/1/3111 1187/1/3112
f 1276/1/3113 1329/1/2583 1191/1/3103 1189/1/3113
f 1276/1/3114 1189/1/3115 1190/1/3115 1275/1/3115
f 1275/1/3116 1190/1/3116 1274/1/3116
f 1177/1/3117 1064/1/3117 978/1/3117 1070/1/3117
f 1176/1/3118 1065/1/3118 1064/1/3118 1177/1/3118
f 1069/1/3119 1068/1/3119 1171/1/3119 1169/1/3119
f 1069/1/3120 1169/1/3120 1170/1/3120 1055/1/3120
f 3485/1/3121 3481/1/3122 3486/1/3123 3489/1/1840
f 2130/1/951 2129/1/3124 2085/1/3125 2084/1/952
f 1361/1/3126 1362/1/3127 1366/1/3128 1365/1/3129
f 3309/1/3130 3311/1/3130 3313/1/3131 3312/1/3130 3310/1/3132
f 4020/1/310 4019/1/309 4005/1/308 4018/1/2830 4180/1/2829 4021/1/3133
f 4058/1/269 4061/1/268 4060/1/1214 4055/1/1213
f 2169/1/3134 2173/1/3135 2172/1/3136 2170/1/3137
f 3424/1/3138 3423/1/3139 3427/1/3140 3356/1/3141 3357/1/3142 3358/1/464 3422/1/468 3425/1/3143
f 632/1/3144 630/1/3144 627/1/3144 629/1/3145 601/1/3146 600/1/3144
f 4294/1/3147 4261/1/3148 4260/1/3149 4259/1/3150 4258/1/2321 4247/1/3151 4248/1/3152 4249/1/3153 4256/1/3154
f 3818/1/3155 3813/1/1399 3820/1/3156 3823/1/3157
f 2473/1/3158 2474/1/3159 2472/1/3160 2470/1/3161 2471/1/3162
f 2598/1/2389 2600/1/2388 553/1/3163 234/1/3164 2565/1/3165 2571/1/3166 2597/1/3167 2594/1/3168 2595/1/3169 2596/1/3170 2599/1/3171
f 1564/1/3172 1586/1/3173 1566/1/3174 1506/1/3175
f 1007/1/2506 1009/1/2505 1004/1/3176 1006/1/3177 1000/1/3178
f 4084/1/625 4088/1/624 4091/1/3179 4089/1/435
f 2101/1/3180 2114/1/3181 2113/1/3182 2102/1/3183
f 3840/1/3184 3833/1/3185 3834/1/3186 3839/1/3187
f 2761/1/3188 2763/1/3189 2766/1/3190 2762/1/3191 1114/1/3192 1113/1/3193 1042/1/3194 2758/1/3195 1046/1/3196 1045/1/3197 1044/1/3198 2759/1/3199 2757/1/3200 2756/1/3201 2971/1/3188
f 1709/1/2664 1710/1/3202 1707/1/3203 1708/1/2665
f 4171/1/3204 4164/1/840 4160/1/839 4162/1/1290 4169/1/1721 4170/1/1720
f 3125/1/3205 3123/1/3206 3096/1/3206 297/1/3207 296/1/3208 317/1/3209
f 1284/1/3210 1259/1/3210 1260/1/3210
f 1289/1/1604 1257/1/3211 1256/1/1605
f 1285/1/3212 1256/1/3212 1255/1/3212
f 560/1/3213 561/1/3214 495/1/3215 256/1/3216 254/1/3217 255/1/3218
f 945/1/3219 940/1/3219 949/1/3219 948/1/3219
f 4243/1/3220 4201/1/2292 4189/1/3221 4185/1/3222 4244/1/3223
f 1292/1/3224 1294/1/3225 1298/1/3226 1295/1/3227 1293/1/3228
f 1278/1/3229 1292/1/3229 1291/1/3229
f 1198/1/3230 1269/1/2578 1325/1/2577 1279/1/3231
f 4048/1/2794 4047/1/3232 4045/1/3233 4050/1/3234 4051/1/305
f 3084/1/3235 3057/1/3235 3058/1/3235 3085/1/3235
f 1229/1/3236 1252/1/3237 1230/1/3238 1233/1/3239
f 2607/1/3240 2597/1/3241 2601/1/3242 2603/1/3243 2602/1/3244
f 4108/1/1278 4102/1/1277 4101/1/3245 4099/1/2615 4093/1/3246 4098/1/3247
f 3141/1/3248 3142/1/3249 3143/1/3249 3121/1/3249 3122/1/3249 3124/1/3250
f 28/1/3251 29/1/3252 30/1/3253 63/1/3254 60/1/3254 27/1/3254
f 4293/1/3255 4257/1/2427 4256/1/3154 4249/1/3153 4250/1/108 4284/1/3256 4282/1/3257
f 2908/1/3258 2944/1/3259 2943/1/3260 2946/1/3261 2907/1/3262
f 3326/1/3263 3327/1/3264 3216/1/3265 3217/1/3266
f 1308/1/3267 1306/1/1067 1206/1/597 1296/1/3268 1297/1/3269 1307/1/3270
f 1327/1/3271 1361/1/3272 1348/1/3272 1326/1/3271
f 1348/1/3273 1360/1/3273 1328/1/3273 1326/1/3273
f 1328/1/3274 1360/1/3275 1359/1/3274
f 3373/1/3276 3374/1/3276 3325/1/3276 3324/1/3276 3323/1/3277 3322/1/3278
f 1368/1/3279 1409/1/3280 1162/1/3281
f 2685/1/509 2692/1/508 2682/1/3282 2681/1/3283 2680/1/3284 2619/1/3285 2684/1/3286
f 1164/1/3287 1165/1/3288 1393/1/3289
f 1393/1/3289 1368/1/3279 1164/1/3287
f 1392/1/2238 1393/1/3290 1165/1/2239
f 1342/1/3291 1429/1/3292 1369/1/3293
f 174/1/3294 175/1/3295 195/1/3296 196/1/3297 159/1/3298 158/1/3294 160/1/3299 157/1/3294
f 3732/1/615 3686/1/614 3599/1/3300 3728/1/3301
f 1341/1/3302 1370/1/3303 1428/1/3304
f 1428/1/3304 1340/1/3305 1341/1/3302
f 4273/1/3306 1371/1/3307 1408/1/2237
f 1408/1/2237 1166/1/2240 4273/1/3306
f 1338/1/2591 1373/1/3308 1427/1/3309
f 1427/1/3309 1341/1/3310 1338/1/2591
f 1373/1/3308 1338/1/2591 1343/1/2590
f 1337/1/3311 1375/1/3312 1426/1/3313
f 1426/1/3313 1343/1/3314 1337/1/3311
f 1337/1/3315 1344/1/3316 1375/1/3317
f 1425/1/3318 1375/1/3317 1344/1/3316
f 1344/1/2589 1335/1/1654 1425/1/3319
f 1335/1/1654 1424/1/1653 1425/1/3319
f 1390/1/3320 1336/1/3321 1333/1/3322
f 1333/1/3322 1376/1/3323 1390/1/3320
f 1334/1/3324 1422/1/3325 1376/1/3326
f 1376/1/3327 1333/1/3328 1334/1/3328
f 1334/1/3324 1331/1/3329 1422/1/3325
f 1331/1/3330 1332/1/3331 1377/1/3332
f 1377/1/3333 1422/1/3334 1331/1/3335
f 1332/1/3331 1330/1/3336 1420/1/3337
f 1378/1/3338 1420/1/3339 1330/1/3338
f 1330/1/3340 1329/1/3341 1378/1/3342
f 3699/1/2750 3680/1/2749 3717/1/1876 3718/1/1119 3700/1/1118
f 1419/1/3343 1378/1/3342 1329/1/3341
f 1391/1/3344 1275/1/3345 1274/1/3346
f 1273/1/3347 1380/1/3348 1418/1/3349
f 1418/1/3349 1274/1/3346 1273/1/3347
f 1273/1/3350 1272/1/3351 1381/1/3352
f 1272/1/3351 1271/1/3353 1381/1/3352
f 1382/1/3354 1381/1/3355 1271/1/3356
f 1382/1/3357 1271/1/3358 1270/1/3359
f 1417/1/3360 1382/1/3357 1270/1/3359
f 1416/1/3361 1417/1/3362 1270/1/3363
f 1270/1/3364 1150/1/3364 1416/1/3364
f 1150/1/3365 1383/1/3366 1416/1/3367
f 1150/1/3365 1153/1/3368 1383/1/3366
f 1153/1/3369 1151/1/3370 1384/1/3371
f 1151/1/3370 1154/1/3372 1384/1/3371
f 1154/1/3373 1155/1/392 1414/1/3374
f 1414/1/3375 1384/1/3371 1154/1/3372
f 1413/1/3376 1385/1/394 1156/1/393
f 1411/1/3377 1412/1/3378 1149/1/3379
f 1412/1/3380 1413/1/3376 1156/1/3381 1149/1/3382
f 1146/1/3383 1148/1/3384 1386/1/3385
f 1411/1/3377 1149/1/3379 1146/1/3386
f 1386/1/3385 1411/1/3387 1146/1/3383
f 1148/1/3384 1147/1/3388 1395/1/3389
f 1395/1/3389 1386/1/3385 1148/1/3384
f 1387/1/2851 1395/1/3390 1147/1/2852
f 2858/1/3391 2857/1/3392 3753/1/3393 2879/1/561 2859/1/3394
f 1163/1/3395 1410/1/3396 1388/1/3397
f 1385/1/394 1414/1/3374 1155/1/392
f 1384/1/3398 1383/1/3366 1153/1/3368
f 1381/1/3399 1380/1/3348 1273/1/3347
f 1418/1/3349 1391/1/3344 1274/1/3346
f 1391/1/3344 1379/1/3400 1275/1/3345
f 1332/1/3331 1420/1/3337 1377/1/3332
f 1426/1/3401 1374/1/3402 1343/1/2590
f 1343/1/2590 1374/1/3402 1373/1/3308
f 1341/1/3302 1427/1/3403 1370/1/3303
f 1372/1/3404 4328/1/3405 4291/1/3406
f 2608/1/3407 2695/1/1940 2696/1/1939 2697/1/2951 2615/1/2950
f 1368/1/3279 1162/1/3281 1164/1/3287
f 1372/1/3404 1407/1/3408 4328/1/3405
f 1372/1/3404 1369/1/3409 1407/1/3408
f 1407/1/3408 1369/1/3409 1429/1/3410
f 1373/1/3308 1406/1/3411 1427/1/3412
f 1427/1/3403 1428/1/3413 1370/1/3303
f 1374/1/3402 1426/1/3401 1406/1/3411
f 1406/1/3411 1373/1/3308 1374/1/3402
f 1375/1/3414 1405/1/3415 1426/1/3416
f 1405/1/3415 1375/1/3414 1425/1/3417
f 1376/1/3418 1422/1/3418 1423/1/3418
f 1376/1/3323 1423/1/3419 1390/1/3320
f 1377/1/3420 1421/1/3421 1422/1/3422
f 1378/1/3423 1404/1/3424 1420/1/3425
f 1404/1/3424 1378/1/3423 1419/1/3426
f 1380/1/3427 1381/1/3428 1402/1/3429
f 1382/1/3430 1402/1/3429 1381/1/3428
f 1382/1/3430 1417/1/3431 1401/1/3432
f 1414/1/3433 1415/1/1477 1384/1/1476
f 1414/1/3434 1385/1/3434 1398/1/3434
f 1386/1/3385 1395/1/3389 1396/1/3435
f 1396/1/3436 1411/1/3437 1386/1/3438
f 1387/1/3439 1394/1/3440 1395/1/3441
f 1394/1/3440 1387/1/3439 1388/1/3442
f 1388/1/3443 1410/1/3444 1394/1/3445
f 1393/1/3289 1409/1/3446 1368/1/3279
f 1413/1/3447 1397/1/3448 1385/1/3449
f 1397/1/3448 1398/1/3450 1385/1/3449
f 1416/1/3451 1383/1/1479 1400/1/1478
f 1377/1/3452 1420/1/3453 1421/1/3454
f 1411/1/3437 1396/1/3436 1412/1/3378
f 1400/1/1478 1415/1/1477 1399/1/3455
f 1382/1/3430 1401/1/3432 1402/1/3429
f 1403/1/3456 1380/1/3457 1402/1/3429
f 1490/1/3458 1494/1/3459 1438/1/3460 1452/1/3461 1489/1/3462
f 2171/1/3463 2169/1/3134 2170/1/3137 2167/1/3464
f 350/1/3465 355/1/3465 363/1/867 348/1/866 3201/1/3466 3200/1/3467 3131/1/3468 337/1/3465 338/1/3465 364/1/3469 349/1/3465
f 1010/1/2486 1007/1/2506 1000/1/3178 910/1/2487
f 1884/1/3470 1883/1/3471 2009/1/3472 2008/1/3473 1899/1/3474
f 27/1/3475 60/1/3475 102/1/3475 26/1/3475
f 1668/1/2497 1667/1/577 1548/1/576 1561/1/2494
f 1465/1/3476 1467/1/1619 1466/1/1618
f 4209/1/3477 4215/1/3478 4213/1/2689 4222/1/3479
f 4076/1/1760 4103/1/1759 4104/1/3480 4096/1/3481 4095/1/3482
f 616/1/3483 631/1/3484 633/1/3485 395/1/3483 397/1/3486 614/1/3487 615/1/3488
f 1231/1/3489 1230/1/3490 1251/1/3491 1232/1/3491
f 3297/1/3492 3415/1/3493 3416/1/3494 3458/1/805 3299/1/3495
f 773/1/3496 774/1/3496 848/1/2126 849/1/2125
f 1841/1/3497 1849/1/3498 1856/1/877 1855/1/876
f 2325/1/1005 2323/1/3499 2415/1/3500 2416/1/1003
f 2118/1/3501 2117/1/3502 2098/1/3503 2097/1/3504
f 2849/1/1826 4232/1/3505 4231/1/3506 4276/1/3507 4275/1/3508 4274/1/3509
f 416/1/2656 413/1/3510 579/1/3510 580/1/2657
f 3592/1/84 3593/1/3511 2881/1/3512 3597/1/85
f 2624/1/3513 2625/1/3513 2626/1/3513 2623/1/3513 2622/1/3513 2620/1/3513
f 4238/1/3514 4237/1/3515 4236/1/705 4207/1/3516 4208/1/3517
f 4286/1/1742 4285/1/3518 4283/1/3519 4284/1/3256 4250/1/108 4251/1/107
f 4120/1/990 4166/1/3520 4165/1/3521 4149/1/1928 4148/1/1927 4147/1/3522 4124/1/3523 4122/1/991
f 3340/1/3524 3235/1/3525 3354/1/3526 3339/1/3527
f 2581/1/3528 2529/1/3529 2531/1/3530 2533/1/3531 2534/1/3532 2582/1/3533
f 3851/1/3534 3841/1/3535 3846/1/3536 3850/1/3537 3838/1/3538
f 1430/1/846 1435/1/3539 1436/1/3540 1437/1/3539 1492/1/3539 1439/1/3541 1440/1/841
f 1437/1/3542 566/1/3543 1496/1/3544 1492/1/3545
f 2876/1/3546 2877/1/3547 2724/1/3548 2708/1/3549
f 3801/1/3550 3800/1/1040 3804/1/3551 3805/1/3552 3803/1/3553 3802/1/3554
f 2357/1/2499 2358/1/95 2359/1/3555 2372/1/3556 2378/1/3557 2377/1/3558 2375/1/3559 2373/1/2500
f 666/1/3560 669/1/3561 707/1/3561 705/1/3562 1681/1/3563 1677/1/3564 1693/1/3565 709/1/3566 1692/1/2622 1694/1/1167 370/1/1171 1691/1/3567 1679/1/3568 168/1/3569 167/1/3561 366/1/3570 1682/1/3571 1680/1/3572 661/1/3561
f 1466/1/3573 1470/1/3574 1218/1/3575
f 559/1/3576 258/1/3577 259/1/1291 257/1/1293 497/1/2890 495/1/3578 561/1/3214
f 3434/1/3579 3437/1/2418 3436/1/2913 3440/1/3580 3447/1/3581 3445/1/3582 3438/1/3583
f 1450/1/3584 523/1/3585 524/1/3584 1443/1/3586 1442/1/3584
f 1093/1/3587 1090/1/3588 1094/1/3589 1100/1/3 1101/1/6
f 1467/1/2367 1465/1/3476 1464/1/2368
f 122/1/3590 123/1/3591 124/1/3592 16/1/3593 14/1/3594
f 4185/1/3222 4183/1/3595 4246/1/3596 4245/1/3597 4244/1/3223
f 2629/1/3598 2626/1/3598 2625/1/3599 2627/1/3600 2628/1/3601
f 3834/1/3186 3844/1/3602 3841/1/3535 3839/1/3187
f 2932/1/3603 2934/1/3604 2787/1/3605 2788/1/3606 2931/1/3606 2933/1/3607 2361/1/3608 2360/1/3609
f 2020/1/608 2019/1/3610 1888/1/3611 1887/1/605
f 2420/1/655 2385/1/654 2355/1/3612 2411/1/3613 2410/1/3614 2409/1/3615 2408/1/3616
f 1502/1/3617 1590/1/3618 1516/1/3619
f 1503/1/3620 1599/1/3621 1502/1/3617
f 1503/1/3620 2634/1/3622 1599/1/3621
f 1908/1/2340 1919/1/444 1920/1/3623 1921/1/3624 1911/1/3625
f 2303/1/3626 2352/1/3627 2383/1/3628 2384/1/3629
f 1580/1/3630 1519/1/3631 1510/1/3630 1511/1/3630
f 377/1/3632 378/1/3632 376/1/3632 379/1/3632 380/1/3632 381/1/3632
f 1510/1/3633 1519/1/3634 1432/1/3635
f 921/1/3636 915/1/3636 920/1/3637 530/1/3636 529/1/3638 922/1/3636 916/1/3636
f 571/1/3639 569/1/3639 1528/1/3639 1529/1/3639
f 583/1/3640 571/1/3640 1529/1/3640 1530/1/3640
f 573/1/3641 583/1/3642 1530/1/3642 1531/1/3643
f 576/1/3644 574/1/3645 1534/1/3646 1535/1/3644
f 575/1/3647 576/1/3644 1535/1/3644 1536/1/3647
f 577/1/3648 575/1/3647 1536/1/3647 1537/1/3649
f 607/1/3650 600/1/3651 601/1/3652 610/1/3653 376/1/3654 373/1/3655 372/1/3656 606/1/3657
f 3880/1/1948 3931/1/1159 3930/1/1162 3932/1/1949
f 582/1/1997 1547/1/1996 2449/1/3658
f 2737/1/3659 2738/1/3660 2661/1/3661 2714/1/3662 2713/1/3663
f 623/1/533 603/1/532 602/1/3664 625/1/3665 621/1/3666 622/1/1350
f 1557/1/3667 1556/1/3667 1558/1/3667 1559/1/3667
f 2726/1/3668 2741/1/3669 2742/1/3670 2743/1/3671 2736/1/3672 2735/1/3673 2729/1/3674
f 1567/1/3675 1603/1/3676 1553/1/3677 1563/1/3678
f 93/1/3679 94/1/3679 75/1/3679 72/1/3679
f 1182/1/3680 1181/1/3680 1180/1/3680 1158/1/3680 1157/1/3680
f 3791/1/1319 4177/1/3681 4176/1/2481 3789/1/2484 3816/1/1316
f 2846/1/3682 2844/1/3683 3474/1/3684 3473/1/3685 3471/1/1626 4205/1/3686 3472/1/3687
f 1432/1/3688 1519/1/3689 1581/1/3690 1582/1/3691 1463/1/3692 1431/1/3693
f 1492/1/3694 1478/1/3694 1477/1/3694 1476/1/3694 1440/1/3694 1439/1/3694
f 1042/1/3695 1112/1/3696 1113/1/3193 1114/1/3192 1119/1/3697 1122/1/3698 1120/1/3697 1121/1/3699 1043/1/3700 908/1/3701 907/1/3702 903/1/3703 1053/1/3704 1054/1/3697 1049/1/3705 1048/1/3697 1052/1/3697 1051/1/3706 1046/1/3707 1047/1/3708
f 1782/1/3709 1783/1/3710 1731/1/3711 1723/1/3712
f 1583/1/1176 1433/1/3713 1582/1/1177
f 2109/1/3714 2108/1/3715 2050/1/1569 2107/1/3716 2106/1/3717
f 706/1/3074 1697/1/2623 1692/1/2622 709/1/3566 705/1/3718 707/1/3718 708/1/3718
f 955/1/3719 959/1/3719 958/1/3719 946/1/3719 947/1/3719
f 2002/1/3720 2001/1/3721 1903/1/3722 1901/1/3723
f 1139/1/3724 1078/1/3725 1127/1/3726 1145/1/3727
f 3702/1/3728 3698/1/2748 3699/1/2750 3700/1/1118 3687/1/911 3701/1/910
f 2829/1/3729 2760/1/3729 2847/1/3729 2846/1/3729
f 1581/1/3730 1519/1/3730 1580/1/3730
f 572/1/3731 574/1/3732 576/1/3732 434/1/3733 437/1/3734
f 1577/1/3735 1580/1/3735 1575/1/3735
f 288/1/3736 193/1/3737 195/1/3738 282/1/3739 277/1/3736 272/1/3740 287/1/3741
f 1593/1/1910 1589/1/1909 1588/1/3742
f 217/1/3743 213/1/3744 214/1/3744 215/1/3745 216/1/3746
f 3137/1/3747 3198/1/3748 3128/1/3749 3197/1/3750 3136/1/3751
f 625/1/3665 628/1/3752 620/1/3753 621/1/3754
f 1590/1/3755 1502/1/3755 1599/1/3756
f 1587/1/3757 1504/1/3757 1505/1/3758 1592/1/3759
f 1598/1/3760 1505/1/3760 1590/1/3760
f 1594/1/3761 1587/1/3762 1592/1/3763
f 1596/1/3764 1598/1/3764 1590/1/3765
f 1596/1/3766 1599/1/3621 1595/1/3767
f 3408/1/3768 3463/1/3769 3399/1/1683 3400/1/3770
f 1590/1/3771 1599/1/3772 1596/1/3766
f 2838/1/3773 2841/1/3773 2952/1/3773 2957/1/3774 2958/1/3775 2732/1/3776 2959/1/3777
f 1567/1/3778 1568/1/3779 1601/1/3778 1600/1/3779
f 1568/1/3780 1602/1/3780 1601/1/3780
f 1568/1/3781 1565/1/3781 1602/1/3781
f 1567/1/3675 1600/1/3782 1603/1/3676
f 1603/1/3783 1604/1/3784 1646/1/3785
f 1603/1/3786 1600/1/3787 1604/1/3784
f 1647/1/3788 1604/1/3784 1600/1/3787
f 1648/1/3789 1647/1/3788 1600/1/3787
f 127/1/3790 18/1/3791 17/1/3792 126/1/3793
f 1605/1/3794 1649/1/3795 1602/1/3796
f 1650/1/3797 1605/1/3794 1602/1/3796
f 1651/1/3798 1650/1/3797 1602/1/3796
f 4073/1/873 4074/1/872 4066/1/871 4070/1/479 4069/1/478 3976/1/3003 3977/1/874
f 1601/1/3799 1602/1/3796 1649/1/3795
f 1324/1/3800 1283/1/3801 1281/1/3802
f 1027/1/3803 1026/1/3803 1033/1/3803 1032/1/3804 1024/1/3805
f 1098/1/3806 1097/1/3807 1111/1/3808 1013/1/3809 1014/1/3810
f 1556/1/3811 1555/1/3811 1644/1/3811
f 1645/1/3812 1553/1/3813 1603/1/3814
f 1603/1/3783 1646/1/3785 1675/1/3815
f 1603/1/3816 1675/1/3815 1607/1/3817
f 1607/1/3818 1645/1/3812 1603/1/3814
f 1644/1/3819 1645/1/3820 1608/1/3821
f 1674/1/3822 1608/1/3821 1645/1/3823
f 1556/1/3824 1644/1/3819 1673/1/3825
f 1673/1/3826 1609/1/3827 1556/1/3828
f 1671/1/3829 1670/1/3830 1558/1/3831
f 1609/1/3827 1671/1/3832 1556/1/3828
f 1670/1/3830 1669/1/2496 1560/1/2495
f 1290/1/3833 1280/1/3834 1258/1/3835 1257/1/3836 1289/1/3837
f 105/1/2667 176/1/2666 156/1/3838 157/1/3839 160/1/3840 158/1/3841 159/1/3842 161/1/3840 155/1/3843 108/1/3840 106/1/3844 107/1/3845
f 1666/1/3846 1610/1/3847 1549/1/3848
f 1550/1/1329 1610/1/3849 1665/1/1326
f 1550/1/3850 1549/1/3848 1610/1/3847
f 1664/1/3851 1552/1/3852 1551/1/3853
f 1521/1/3854 1552/1/3855 1663/1/3856
f 1663/1/3857 1612/1/3858 1521/1/3859
f 1664/1/3851 1663/1/3860 1552/1/3852
f 1522/1/3861 1521/1/3859 1612/1/3858
f 1612/1/3858 1611/1/3862 1522/1/3863
f 1611/1/3864 1662/1/3864 1524/1/3864
f 1523/1/3865 1524/1/3866 1662/1/3867
f 1524/1/3868 1522/1/3863 1611/1/3862
f 1613/1/3869 1525/1/3870 1523/1/3871
f 1523/1/3865 1662/1/3867 1613/1/3872
f 1497/1/3873 1219/1/2364 1249/1/3874 1234/1/3875
f 1109/1/2186 1107/1/2185 1110/1/2763 1016/1/3876 1079/1/3877
f 211/1/3878 209/1/3878 221/1/3878 232/1/3878 222/1/3878 223/1/3878 231/1/3878 233/1/3879 215/1/3878 214/1/3878
f 1659/1/2821 1530/1/3880 1529/1/538
f 1529/1/538 1614/1/537 1659/1/2821
f 1531/1/3881 1530/1/3880 1615/1/2824
f 1615/1/3882 1616/1/3883 1531/1/3884
f 1616/1/3885 1657/1/3885 1532/1/3885
f 1532/1/3886 1531/1/3884 1616/1/3883
f 4033/1/521 4158/1/3015 4159/1/3887 4034/1/522
f 1533/1/322 1617/1/321 1656/1/3888
f 545/1/3889 543/1/3890 544/1/3891 559/1/3576 561/1/3214 560/1/3213
f 1618/1/3892 1655/1/3893 1643/1/3894
f 1643/1/3894 1655/1/3893 1619/1/3895
f 1642/1/1362 1619/1/1361 1620/1/3896
f 806/1/3897 877/1/3898 1031/1/2567 1028/1/2559 1024/1/2562 882/1/3899
f 1653/1/3900 1622/1/3901 1640/1/3902 1641/1/1357
f 1641/1/1357 1621/1/3903 1653/1/3900
f 874/1/2224 819/1/3904 820/1/3905 842/1/1201 841/1/1200
f 1976/1/3906 2048/1/3907 1981/1/3908 1985/1/3909
f 4188/1/109 4184/1/3910 4196/1/3911 4183/1/3595 4185/1/3222 4189/1/3221 4187/1/677 4186/1/110
f 2972/1/3912 2889/1/3913 2888/1/3914 2887/1/3915
f 2538/1/3916 2496/1/3917 2537/1/3918 2536/1/3919
f 1623/1/3920 1624/1/1368 1638/1/1367
f 1624/1/1368 1625/1/3921 1637/1/1369
f 2231/2/541 2232/3/541 2233/4/541 2234/5/541 2235/6/541 2236/7/541 2237/8/541 2238/9/541 2239/10/541 2240/11/541 2241/12/541 2242/13/541 2243/14/541 2244/15/541 2245/16/541 2246/17/541 2247/18/541 2248/19/541 2249/20/541 2250/21/541 2251/22/541 2252/23/541 2253/24/541 2254/25/541 2255/26/541 2256/27/541 2257/28/541 2258/29/541 2259/30/541 2260/31/541 2261/32/541 2262/33/541 2263/34/541 2224/35/541 2225/36/541 2226/37/541 2227/38/541 2228/39/541 2229/40/541 2230/41/541
f 3705/1/1093 3701/1/910 3693/1/909 3692/1/3922 3697/1/3923
f 1626/1/3924 1635/1/1227 1636/1/1226 1637/1/1369 1625/1/3921
f 1882/1/571 1886/1/3925 1893/1/2634 2016/1/2633 2015/1/3926 2014/1/572
f 3811/1/1519 3790/1/2483 3798/1/441 3810/1/440
f 1272/1/2967 1273/1/3927 1274/1/3928 1190/1/3929 1189/1/3930 1191/1/3929 1173/1/3929 1174/1/3929 1186/1/3929 1187/1/3929 1188/1/2966 1205/1/2965
f 3676/1/3931 3641/1/3932 3638/1/3933 3667/1/3934 3669/1/1754 3675/1/1756
f 1530/1/3880 1659/1/2821 1615/1/2824
f 1525/1/3870 1613/1/3869 1661/1/3935
f 1560/1/2495 1558/1/3831 1670/1/3830
f 1558/1/3831 1556/1/3936 1671/1/3829
f 1608/1/3821 1673/1/3825 1644/1/3819
f 1607/1/3937 1674/1/3822 1645/1/3823
f 3613/1/1671 3606/1/1670 3617/1/3938 3620/1/3939
f 1604/1/3784 1647/1/3788 1646/1/3785
f 1650/1/3797 1649/1/3795 1605/1/3794
f 2306/1/3940 2341/1/3941 1628/1/3942
f 1628/1/3943 1629/1/3944 1652/1/3945
f 1624/1/1368 1623/1/3920 1625/1/3946
f 1612/1/3858 1663/1/3857 1611/1/3862
f 1666/1/3846 1665/1/3947 1610/1/3847
f 1674/1/3822 1673/1/3948 1608/1/3821
f 1674/1/3822 1607/1/3937 1675/1/3949
f 1613/1/3869 1662/1/3950 1661/1/3935
f 1346/1/3951 1349/1/3952 1367/1/3953 1363/1/3954 1339/1/3955 2798/1/3956
f 2538/1/3957 3016/1/3958 3040/1/3959
f 1315/1/2972 1316/1/2971 1281/1/3960 1280/1/3834 1290/1/3833
f 3790/1/2483 4173/1/1723 4168/1/1722 4167/1/3961 3795/1/3962 3798/1/441
f 344/1/3963 719/1/3964 718/1/3963 717/1/3963 724/1/3965 345/1/3966
f 2809/1/3967 2810/1/2717 2441/1/2718
f 176/1/3968 1676/1/3969 156/1/3970
f 2455/1/3971 2457/1/3972 2901/1/3971 2902/1/3973
f 2362/1/3974 2924/1/3975 2926/1/3976 2363/1/3977
f 125/1/3978 126/1/3979 17/1/3980 15/1/3981
f 2958/1/3982 2957/1/3983 2952/1/3984 2728/1/3985
f 2844/1/3683 2842/1/3986 2286/1/3987 3474/1/3684
f 168/1/3569 1679/1/3568 370/1/3988
f 4264/1/3989 4262/1/3990 4263/1/3991 4267/1/3992 4270/1/3993 4269/1/3994 4268/1/3995 4237/1/3515 4238/1/3514 4239/1/3996
f 664/1/1503 609/1/535 597/1/3997
f 3230/1/3998 3347/1/3999 3307/1/4000
f 767/1/4001 768/1/4002 769/1/2015 770/1/2018 825/1/2217 866/1/4003
f 2132/1/4004 2131/1/954 2083/1/953 2082/1/4005
f 1836/1/4006 1839/1/4007 1838/1/4008 1837/1/4009
f 1236/1/4010 1229/1/4011 1233/1/4012 1225/1/4013
f 2544/1/4014 2546/1/4015 2510/1/4016 2507/1/4017 2509/1/4018 2508/1/4018 2506/1/4019
f 2800/1/4020 2793/1/4021 2794/1/4022 2792/1/4023
f 3774/1/4024 3538/1/947 3541/1/946 3531/1/4025 3530/1/4026 3528/1/4027 3775/1/4028 3511/1/4029 3512/1/4030 3778/1/4031 3526/1/4032 3777/1/4033 3527/1/4034 3776/1/4035 3525/1/4036 3783/1/4037 3520/1/4038 3521/1/4039 3782/1/4040 3522/1/4041 3781/1/4042 3543/1/4043 3547/1/4044 3545/1/4044 3546/1/4045 3560/1/4046 3555/1/4047 3779/1/4048 3780/1/4049 3772/1/4050 3836/1/1037 3830/1/1036 3829/1/4051 3770/1/4052 3784/1/4053 3771/1/4054 3651/1/4055 3654/1/4056 3635/1/4057 3634/1/4058 3603/1/4059 3611/1/4060 3607/1/4061 3535/1/4062 3536/1/4063 3773/1/4064 3537/1/948
f 3235/1/4065 3261/1/4066 3236/1/4067 3169/1/4068 3204/1/4068
f 1695/1/4069 1698/1/1168 1694/1/1167
f 1870/1/729 1869/1/4070 1871/1/4071 1872/1/730
f 3160/1/4072 3212/1/4072 3211/1/4073 3210/1/4074 3162/1/4075 3161/1/4076
f 3425/1/4077 3422/1/4078 3421/1/4079 3386/1/4080 3385/1/4081 3384/1/4082 3383/1/4083
f 1707/1/3203 1704/1/2964 1708/1/2665
f 1700/1/4084 1698/1/1168 1695/1/4069 1699/1/4085
f 4295/1/706 4236/1/705 4237/1/3515 4268/1/3995 4272/1/4086 4271/1/4087
f 1724/1/177 1728/1/4088 1723/1/178
f 3245/1/4089 3296/1/4090 3298/1/4091 3320/1/4092 3247/1/4093 3246/1/4094
f 169/1/1169 1698/1/1168 1700/1/4084 1726/1/4095 1727/1/4096 1728/1/4088 1724/1/177 103/1/176
f 2858/1/399 2575/1/402 2577/1/4097 2578/1/4098 2857/1/4099
f 1742/1/4100 1727/1/4096 1726/1/4095 1729/1/4101
f 1730/1/4102 1729/1/4101 1726/1/4095 1700/1/4084
f 1723/1/178 1728/1/4088 1780/1/4103
f 1723/1/178 1780/1/4103 1782/1/3709
f 1732/1/4104 1731/1/3711 1783/1/4105
f 2089/1/1660 2088/1/4106 2126/1/4107 2125/1/1661
f 1730/1/4102 1700/1/4084 1699/1/4085
f 1730/1/4102 1735/1/4108 1742/1/4100 1729/1/4101
f 1737/1/4109 1738/1/2946 1735/1/4108 1736/1/4110
f 3087/1/4111 3114/1/4112 3113/1/4113 3112/1/4114 3086/1/4114
f 1699/1/4085 1695/1/4069 1696/1/2624 1685/1/4115 1686/1/4116 1687/1/4117 1689/1/4118 1688/1/4119 1706/1/4120 1707/1/3203 1710/1/3202 1739/1/4121 1740/1/4122 1737/1/4123 1736/1/4110
f 1737/1/4123 1740/1/4122 1741/1/2947 1738/1/2946
f 1744/1/4124 1741/1/2947 1740/1/4122 1739/1/4121
f 1745/1/4125 1710/1/4126 1709/1/4127
f 1750/1/4128 1749/1/4129 1748/1/2670 1746/1/2669
f 1745/1/4130 1709/1/2664 1748/1/2670 1749/1/4129
f 1749/1/4129 1750/1/4128 1744/1/4124 1745/1/4130
f 1747/1/2668 1778/1/4131 1750/1/4128
f 1746/1/2669 1747/1/2668 1750/1/4128
f 1779/1/4132 1778/1/4131 1747/1/2668 1725/1/4133
f 1786/1/4134 1779/1/4132 1725/1/1400 1753/1/1410
f 1777/1/4135 1786/1/4134 1753/1/1410
f 1777/1/4135 1753/1/1410 1754/1/1409
f 3388/1/4136 3389/1/4137 3420/1/4138 3419/1/4139
f 1765/1/4140 1715/1/4141 1714/1/4142 1766/1/2439 1764/1/2438
f 1712/1/4143 1717/1/4144 1769/1/4145 1761/1/1287 1760/1/1286
f 3635/1/4057 3654/1/4056 3651/1/4055 3627/1/989 3650/1/993 3653/1/1678 3655/1/2564
f 1719/1/4146 1758/1/4147 1769/1/4145 1717/1/4144 2/1/4148
f 1711/1/4149 1713/1/4150 1762/1/4151 1770/1/2440
f 775/1/4152 846/1/2108 847/1/2107 848/1/2118 774/1/4153
f 1766/1/2439 1714/1/4142 1711/1/4154 1770/1/2440
f 1767/1/1407 1768/1/1406 1772/1/2636 1787/1/2637
f 1767/1/1407 1787/1/2637 1755/1/1408
f 2287/1/4155 2285/1/4156 2286/1/4157 2288/1/1916
f 1785/1/2945 1784/1/4158 1743/1/4159
f 1785/1/2945 1743/1/4159 1738/1/2946
f 1787/1/4160 1775/1/4161 1781/1/4162
f 1776/1/4163 1781/1/4162 1775/1/4164
f 1775/1/4164 1787/1/4165 1776/1/4163
f 1776/1/4163 1787/1/4160 1781/1/4162
f 1758/1/4147 1759/1/1199 1788/1/1198 1789/1/1283 1761/1/1287 1769/1/4145
f 1204/1/4166 1177/1/4167 1070/1/4166 1203/1/4168 1200/1/4166
f 1231/1/4169 1224/1/4170 1233/1/4171 1230/1/4172
f 4152/1/2025 4150/1/4173 4147/1/3522 4148/1/1927 4153/1/1288
f 1196/1/4174 1209/1/4175 1199/1/4176 1211/1/4177 1210/1/4178 1195/1/4176
f 1841/1/3497 1839/1/1746 1848/1/4179 1849/1/3498
f 1765/1/4140 1764/1/2438 1792/1/2437 1771/1/904 1772/1/4180 1768/1/1406
f 1789/1/1283 1788/1/1198 1774/1/905 1771/1/904 1792/1/2437 1791/1/2441 1790/1/1284
f 1800/1/4181 1814/1/4182 1811/1/4183
f 1793/1/4184 1811/1/4183 1814/1/4182
f 3447/1/4185 3440/1/4186 3448/1/4187 3364/1/4188
f 1803/1/4189 1804/1/4190 1813/1/4191
f 1806/1/4192 1794/1/1347 1805/1/1346
f 1805/1/1346 1807/1/188 1806/1/4192
f 1809/1/4193 1801/1/4194 1802/1/4195 1813/1/4191 1804/1/4190 1793/1/4184 1814/1/4182 1800/1/4181 1799/1/4196 1798/1/4197 1797/1/4198 1812/1/4199 1796/1/4200 1795/1/1348 1794/1/1347 1806/1/4192 1807/1/188 1808/1/187 1810/1/4201
f 1793/1/4184 1804/1/4190 1811/1/4183
f 1803/1/4189 1817/1/4202 1818/1/4203
f 1818/1/4203 1804/1/4190 1803/1/4189
f 1809/1/4193 1810/1/4201 1819/1/4204
f 1819/1/4204 1820/1/4204 1809/1/4193
f 1801/1/4194 1821/1/4205 1822/1/4205
f 1822/1/4205 1802/1/4195 1801/1/4194
f 1823/1/541 1799/1/4196 1800/1/4181
f 1823/1/541 1798/1/4197 1799/1/4196
f 1823/1/541 1797/1/4198 1798/1/4197
f 1824/1/1345 1796/1/4200 1812/1/4199
f 1824/1/1345 1795/1/1348 1796/1/4200
f 1811/1/4183 1823/1/541 1800/1/4181
f 1824/1/4206 1828/1/4207 1825/1/4208
f 1825/1/4208 1805/1/4209 1824/1/4206
f 1823/1/4210 1811/1/4183 1827/1/2990
f 1827/1/2990 1826/1/2991 1823/1/4210
f 1833/1/4211 1831/1/333 1832/1/336
f 1832/1/336 1834/1/4212 1833/1/4211
f 1835/1/4213 1833/1/4211 1834/1/4212
f 1834/1/4212 1836/1/4006 1835/1/4213
f 1837/1/4009 1835/1/4213 1836/1/4006
f 1437/1/4214 1436/1/4214 1549/1/4214 1550/1/4214 1551/1/4214 1552/1/4215 1521/1/4216 566/1/4217
f 1844/1/4218 1845/1/4219 1834/1/4220
f 872/1/2104 845/1/2713 844/1/2712 843/1/2095 821/1/2097
f 21/1/4221 20/1/4222 129/1/4221 130/1/4221
f 1853/1/879 1854/1/878 1852/1/4223
f 1866/1/470 1867/1/4224 1868/1/4225 1865/1/471
f 1847/1/1749 1848/1/4179 1839/1/1746
f 1835/1/2461 1861/1/2460 1860/1/4226
f 2449/1/3658 2342/1/3012 2452/1/122 2450/1/126 2442/1/4227 2444/1/4228 2451/1/4229 2473/1/3158 2471/1/4230 2487/1/4231 2469/1/4232 2488/1/4233 2489/1/4234 2491/1/4235 2484/1/4235 2490/1/4236 2486/1/4237 2446/1/4235 2485/1/4238 2445/1/4235 2448/1/4235 2447/1/4239 411/1/4235 582/1/4240
f 3085/1/4241 3086/1/4242 3112/1/4243 3111/1/4244
f 1833/1/1432 1835/1/2461 1860/1/4226 1859/1/1433
f 1850/1/967 1943/1/4245 1877/1/959
f 2946/1/4246 2943/1/4247 2513/1/4248 2514/1/4249 2941/1/2916
f 1828/1/4207 1829/1/814 1857/1/813 1825/1/4208
f 1884/1/728 1899/1/4250 1870/1/729
f 4212/1/4251 4210/1/4252 4222/1/3479 4214/1/4253
f 1851/1/4254 1879/1/4254 1885/1/4254 1872/1/4254 1871/1/4254 1867/1/4254 1866/1/1034 1855/1/1033 1853/1/4254
f 1894/1/4255 1898/1/4256 1928/1/1576 1870/1/4257 1899/1/4258 1900/1/4255 1897/1/4255 1895/1/4255 1896/1/4255 1901/1/4255 1903/1/4255 1907/1/4255
f 1902/1/4259 1929/1/2953 1904/1/4260
f 1902/1/4259 1905/1/4261 1929/1/2953
f 1928/1/1576 1906/1/4262 1870/1/4257
f 1904/1/4260 1912/1/4263 1902/1/4259
f 1928/1/1576 1898/1/4256 1914/1/4264 1995/1/4265 1913/1/4266 1994/1/4267 1992/1/4268 1916/1/1577
f 2159/1/4269 2162/1/4270 2161/1/4271 2158/1/4272
f 1073/1/2715 1081/1/4273 1022/1/4274 1023/1/4275 908/1/4276 1043/1/3700 1121/1/3699 1120/1/4277 1122/1/4278 1119/1/4279 1137/1/4280 1136/1/4281 1135/1/2858
f 1873/1/4282 1875/1/1579 2029/1/1583 2028/1/4283 2027/1/4284
f 1925/1/2952 1924/1/4285 1929/1/2953
f 1904/1/4260 1926/1/4286 1927/1/4287
f 2361/1/3608 2372/1/4288 2359/1/4289 2360/1/3609
f 1906/1/1575 1917/1/1574 1918/1/4290 1919/1/444 1910/1/446
f 1912/1/4291 1904/1/4260 1927/1/4287
f 1927/1/4287 1930/1/4292 1912/1/4291
f 1932/1/4293 1931/1/4294 1935/1/4295
f 1935/1/4295 1931/1/4294 1934/1/4296
f 1941/1/4297 1942/1/4297 1943/1/4297 1850/1/4297 1852/1/4297 1854/1/4297 1856/1/4297 1849/1/4297 1848/1/4297 1847/1/4297 1846/1/4298 1811/1/4183 1804/1/4190 1818/1/4203 1933/1/4299 1946/1/4300 1950/1/4297 1949/1/4301 1951/1/4297 1948/1/4297 1947/1/4297 1945/1/4297 1944/1/4297 1936/1/4302 1940/1/4303 1937/1/4297 1938/1/4297 1939/1/4297
f 1936/1/4302 1983/1/4304 1940/1/4303
f 1933/1/4299 1935/1/4295 1946/1/4300
f 1933/1/4299 1932/1/4293 1935/1/4295
f 1811/1/4183 1845/1/4305 1844/1/4306
f 1811/1/4183 1846/1/4298 1845/1/4305
f 2611/1/4307 2702/1/4308 2667/1/4309 2703/1/4310 2704/1/4311 2610/1/4312
f 1890/1/606 1891/1/4313 2022/1/4314 2021/1/607
f 2500/1/4315 2969/1/1023 2896/1/1022 2897/1/4316 2497/1/4317
f 2182/1/4318 1960/1/4319 1968/1/2030 1969/1/2029 1948/1/2028 1951/1/4320
f 570/1/4321 569/1/4322 592/1/4323 444/1/4324
f 1966/1/4325 1950/1/4326 1946/1/4327
f 1972/1/4328 1946/1/4327 1935/1/4295
f 1935/1/4295 1973/1/4329 1972/1/4328
f 1973/1/4329 1935/1/4295 1934/1/4296
f 1934/1/4296 1954/1/4330 1973/1/4329
f 1957/1/4331 1958/1/4332 1966/1/4325 1965/1/4333
f 1967/1/4334 1959/1/4335 2182/1/4318
f 3322/1/854 3222/1/856 3223/1/4336 3351/1/4337 3321/1/4338
f 2427/1/4339 2428/1/4340 2334/1/4341 2333/1/4342 2332/1/4343
f 1960/1/4319 1961/1/2031 1968/1/2030
f 1954/1/4330 1955/1/4344 1973/1/4329
f 1946/1/4327 1965/1/4333 1966/1/4325
f 2697/1/2951 2696/1/1939 2652/1/1938 2671/1/4345 2670/1/1344 2698/1/2948
f 3325/1/4346 3218/1/4347 3219/1/4347 3324/1/4347
f 744/1/1979 721/1/1978 722/1/4348 723/1/4349 733/1/4348
f 1984/1/4350 1952/1/4351 1975/1/4352
f 1953/1/4353 1964/1/4354 1974/1/4355
f 299/1/4356 303/1/4356 305/1/4357 307/1/4358 293/1/4359 294/1/4360 295/1/4356 210/1/4356 212/1/4356 298/1/4356
f 1974/1/4355 1975/1/4352 1953/1/4353
f 278/1/4361 276/1/4361 197/1/4362 200/1/4363
f 1977/1/4364 1976/1/3906 1985/1/3909
f 2048/1/3907 1980/1/4365 1979/1/4366
f 1979/1/4366 1981/1/3908 2048/1/3907
f 1975/1/4352 1978/1/4367 1984/1/4350
f 4043/1/4368 4046/1/4369 4041/1/519 4042/1/518 4044/1/4370
f 1894/1/4371 1907/1/4372 1987/1/4373
f 1991/1/2457 1990/1/4374 1996/1/4375
f 3971/1/2142 2819/1/2146 2817/1/4376 2814/1/4377 2812/1/4378 2822/1/4379 3993/1/4380 3994/1/1787 3996/1/1786 3995/1/4381 3997/1/1000 3988/1/289 3987/1/292 3990/1/553 3957/1/4382 3956/1/4383 3970/1/4384
f 1994/1/4267 1993/1/4385 1992/1/4268
f 1993/1/4385 1994/1/4267 1996/1/4375
f 572/1/4386 573/1/3641 1531/1/3643 1532/1/4386 1533/1/4386 1534/1/3646 574/1/3645
f 1757/1/1194 1759/1/1199 1758/1/4147 1719/1/4146 1721/1/4387
f 1990/1/4374 1993/1/4385 1996/1/4375
f 3139/1/4388 3140/1/4389 3125/1/4390 317/1/4391 324/1/4392 3177/1/4393
f 2036/1/4394 1937/1/4395 1940/1/4396 2037/1/4397
f 3242/1/4398 3243/1/4399 3244/1/4400 3200/1/4401 3201/1/3466 348/1/866
f 1943/1/1581 1942/1/4402 2031/1/4403 2030/1/1582
f 3626/1/1031 3645/1/4404 3643/1/4405 3749/1/4406
f 4112/1/4407 4115/1/2994 4114/1/2993 4113/1/829 4106/1/828 4107/1/4408 4105/1/4409
f 2018/1/4410 1889/1/4411 1888/1/3611 2019/1/3610
f 4301/1/4412 4331/1/4413 4332/1/4414 4321/1/4415
f 3091/1/4416 3117/1/4416 3116/1/4417 3090/1/4418
f 3604/1/1668 3612/1/1667 3605/1/4419 3649/1/1029
f 952/1/4420 950/1/4421 911/1/4422
f 2005/1/4423 2004/1/4424 1895/1/4425 1897/1/4426
f 2004/1/4427 2003/1/4428 1896/1/4429 1895/1/4430
f 2003/1/4431 2002/1/4432 1901/1/4433 1896/1/4434
f 726/1/4435 728/1/1953 747/1/1955 746/1/4436
f 2040/1/3050 1979/1/3049 1980/1/4437
f 3952/1/1160 3881/1/2465 3924/1/2464 3925/1/1161
f 2006/1/4438 2005/1/4439 1897/1/4440 1900/1/4441 2007/1/4442
f 2881/1/3512 3593/1/3511 3594/1/4443 3590/1/4444
f 2047/1/4445 2046/1/4446 1980/1/4365
f 2048/1/3907 2047/1/4445 1980/1/4365
f 4023/1/2734 4022/1/2797 4021/1/3133 4180/1/2829 4179/1/2828 4024/1/2735
f 2157/1/4447 2156/1/4448 2042/1/4449 2041/1/4450 2160/1/4451
f 1275/1/3345 1379/1/3400 1419/1/4452 1329/1/4453 1276/1/4454
f 2042/1/4449 2059/1/4455 2043/1/4456
f 4192/1/674 4193/1/713 2789/1/715 2640/1/4457 2796/1/4458
f 2038/1/3052 2039/1/3051 2063/1/1463 2064/1/458
f 2037/1/4397 2038/1/3052 2064/1/458 2065/1/457
f 2036/1/4394 2037/1/4397 2065/1/4459 2066/1/4460
f 2035/1/4461 2036/1/4462 2066/1/4460 2067/1/4463
f 2034/1/4464 2035/1/4465 2067/1/2358 2068/1/2357
f 2032/1/880 2034/1/883 2068/1/1534 2069/1/1533
f 2033/1/4466 2032/1/4467 2069/1/1533 2071/1/4468
f 2070/1/4469 2031/1/4470 2033/1/4466 2071/1/4468
f 2031/1/4403 2070/1/1077 2072/1/1076 2030/1/1582
f 2030/1/1582 2072/1/4471 2073/1/4472 2029/1/1583
f 2029/1/1583 2073/1/4472 2074/1/4473 2028/1/4283
f 2028/1/4283 2074/1/4473 2075/1/4474 2027/1/4284
f 2027/1/4475 2075/1/4474 2076/1/4476 2026/1/893
f 2026/1/893 2076/1/4476 2077/1/4477 2025/1/894
f 2025/1/894 2077/1/4478 2078/1/4479 2024/1/895
f 2024/1/895 2078/1/4479 2079/1/1043 2023/1/4480
f 2023/1/4480 2079/1/1043 2080/1/1046 2022/1/4314
f 2022/1/4314 2080/1/1046 2081/1/4481 2021/1/607
f 2021/1/607 2081/1/4481 2082/1/4005 2020/1/608
f 2020/1/608 2082/1/4005 2083/1/953 2019/1/3610
f 2019/1/3610 2083/1/953 2084/1/952 2018/1/4410
f 2017/1/2632 2018/1/4410 2084/1/952 2085/1/3125
f 2016/1/2633 2017/1/2632 2085/1/3125 2086/1/4482
f 2015/1/3926 2016/1/2633 2086/1/1148 2087/1/1147
f 2014/1/572 2015/1/3926 2087/1/1147 2088/1/4106
f 2013/1/573 2014/1/572 2088/1/4106 2089/1/1660
f 2012/1/4483 2013/1/573 2089/1/1660 2090/1/1659
f 2011/1/4484 2012/1/574 2090/1/1659 2091/1/4485
f 2010/1/1781 2011/1/1785 2091/1/4486 2092/1/4487
f 2009/1/1782 2010/1/1781 2092/1/4487 2093/1/4488
f 2008/1/3473 2009/1/3472 2093/1/4489 2094/1/4490
f 2007/1/4442 2008/1/3473 2094/1/4491 2095/1/4492
f 2007/1/4442 2095/1/4492 2096/1/4493 2006/1/4438
f 2006/1/4438 2096/1/2315 2097/1/2318 2005/1/4439
f 2005/1/4423 2097/1/3504 2098/1/3503 2004/1/4424
f 2004/1/4427 2098/1/3503 2099/1/4494 2003/1/4428
f 2003/1/4431 2099/1/4495 2100/1/4496 2002/1/4432
f 2002/1/3720 2100/1/4496 2101/1/4497 2001/1/3721
f 2001/1/4498 2101/1/3180 2102/1/3183 2000/1/4499
f 2000/1/4499 2102/1/2203 2103/1/2206 1999/1/648
f 1999/1/648 2103/1/2206 2104/1/1594 1998/1/649
f 1998/1/649 2104/1/1594 2105/1/1597 1997/1/650
f 2061/1/898 1980/1/4437 2046/1/4500 2060/1/899
f 2060/1/899 2046/1/4501 2043/1/4502 2059/1/4455
f 2052/1/4503 2107/1/3716 2050/1/1569
f 2053/1/4504 2056/1/4505 2106/1/3717 2107/1/3716 2052/1/4503
f 2056/1/1703 1997/1/650 2105/1/1597 2106/1/3717
f 4289/1/4506 4291/1/3406 4319/1/4507
f 2108/1/3715 2174/1/4508 2050/1/1569
f 2062/1/4509 2061/1/898 2153/1/897 2152/1/4510
f 2114/1/4511 2101/1/4497 2100/1/4496
f 2100/1/4496 2115/1/4512 2114/1/4511
f 2148/1/4513 2147/1/4514 2067/1/4463 2066/1/4460
f 2116/1/4515 2099/1/4494 2098/1/3503
f 2098/1/3503 2117/1/3502 2116/1/4515
f 3946/1/4516 3941/1/741 3940/1/740 3875/1/3042 3938/1/1317
f 2119/1/4517 2096/1/4493 2095/1/4492
f 2095/1/4492 2120/1/4518 2119/1/4517
f 2121/1/4519 2120/1/4520 2094/1/4490
f 2142/1/4521 2141/1/4522 2074/1/4473 2073/1/4472
f 2178/1/4523 2092/1/4487 2091/1/4486
f 3948/1/4524 3947/1/4525 3793/1/4526 3951/1/4527 3950/1/4528
f 2077/1/4478 2137/1/4529 2136/1/4530 2078/1/4479
f 2078/1/4479 2136/1/4530 2135/1/1044 2079/1/1043
f 1215/1/2398 1456/1/2397 1238/1/4531
f 2884/1/4532 2883/1/4533 3587/1/86 3597/1/85 2881/1/3512 2885/1/4534
f 1756/1/1195 1757/1/1194 1721/1/4387 1718/1/4535
f 986/1/4536 987/1/4537 997/1/4538
f 2075/1/4474 2074/1/4473 2140/1/4539
f 2141/1/4522 2140/1/4539 2074/1/4473
f 2073/1/4472 2072/1/4471 2142/1/4521
f 3681/1/1875 3764/1/696 3763/1/697 3759/1/4540 3758/1/583 3682/1/585
f 2144/1/4541 2070/1/4469 2071/1/4468
f 3077/1/4542 3078/1/4543 3105/1/4544 3104/1/4545 3103/1/4546
f 920/1/4547 971/1/4548 532/1/4549 531/1/4547 530/1/4547
f 2149/1/4550 2148/1/4513 2066/1/4460
f 2091/1/4485 2090/1/1659 2124/1/1662 2123/1/4551
f 2111/1/1595 2104/1/1594 2103/1/2206 2112/1/2205
f 2164/1/4552 2161/1/4271 2165/1/4553
f 2161/1/4271 2162/1/4270 2165/1/4553
f 2177/1/4554 2163/1/4555 2164/1/4552
f 2164/1/4552 2165/1/4553 2177/1/4554
f 2168/1/4556 2177/1/4554 2166/1/4557
f 2177/1/4554 2168/1/4556 2163/1/4555
f 2167/1/3464 2168/1/4556 2166/1/4557
f 4125/1/665 4136/1/4558 4138/1/4559 4137/1/4560 4128/1/4561 4127/1/666
f 1469/1/4562 1472/1/4563 1471/1/4563 1470/1/4563
f 2166/1/4557 2171/1/3463 2167/1/3464
f 2066/1/4460 2065/1/4459 2149/1/4550
f 2072/1/1076 2143/1/1075 2142/1/4564
f 2140/1/4539 2139/1/4565 2075/1/4474
f 2123/1/4566 2178/1/4523 2091/1/4486
f 2092/1/4487 2178/1/4523 2122/1/4567
f 2094/1/4490 2093/1/4489 2121/1/4519
f 2095/1/4492 2094/1/4491 2120/1/4518
f 1990/1/4374 1991/1/2457 2175/1/4568
f 2055/1/4569 2054/1/4570 2176/1/4571
f 2176/1/4571 2054/1/4570 2051/1/4572
f 2176/1/4571 2051/1/4572 2049/1/4573
f 2176/1/4571 2049/1/4573 2173/1/4574
f 2165/1/4575 2162/1/4576 2177/1/4577
f 2177/1/4578 2166/1/4579 2165/1/4580
f 2177/1/4578 2171/1/4581 2166/1/4582
f 2177/1/4577 2162/1/4583 2171/1/4583
f 2169/1/4584 2171/1/4585 2177/1/4586 2162/1/4587 2159/1/4588
f 2176/1/4571 2169/1/4584 2159/1/4588
f 2159/1/4588 2160/1/4589 2176/1/4571
f 2160/1/4589 2041/1/4590 2176/1/4571
f 2041/1/4590 2044/1/4591 2176/1/4571
f 2044/1/4591 2045/1/4592 2176/1/4571
f 2047/1/4593 2057/1/4594 2176/1/4595
f 2176/1/4595 2045/1/4596 2047/1/4593
f 2176/1/4571 2057/1/4597 2055/1/4569
f 2047/1/4593 2058/1/2456 2057/1/4594
f 2058/1/2456 2048/1/4598 2175/1/4568
f 2175/1/4568 1991/1/2457 2058/1/2456
f 2047/1/4593 2048/1/4598 2058/1/2456
f 2176/1/4571 2173/1/4574 2169/1/4584
f 2269/1/4599 2270/1/1695 2266/1/1698 2267/1/4600
f 454/1/4601 455/1/4601 453/1/4601 451/1/4601 452/1/4601
f 2110/1/1596 2109/1/3714 2106/1/3717 2105/1/1597
f 3288/1/4602 3285/1/4603 3286/1/4602 3287/1/4602 3290/1/4602 3289/1/4602
f 3342/1/4604 3259/1/4605 3260/1/4606 3341/1/4607
f 3739/1/1259 3741/1/1262 3726/1/1767 3740/1/1766
f 1976/1/3906 1977/1/4364 1978/1/4367
f 1961/1/2031 1960/1/4319 2179/1/4608
f 1962/1/4609 1961/1/2031 2179/1/4608
f 1920/1/4610 1919/1/444 2181/1/4611
f 2181/1/4611 1923/1/2955 1922/1/4612
f 1925/1/2952 1923/1/2955 2181/1/4611
f 2180/1/4613 1919/1/444 1918/1/4290
f 1918/1/4290 1917/1/4614 2180/1/4613
f 3631/1/4615 3632/1/4616 3673/1/1382 3672/1/4617
f 1101/1/4618 1106/1/1707 1105/1/366 1103/1/365
f 3297/1/4619 3299/1/4620 3320/1/4621 3298/1/4622 3295/1/4623
f 3433/1/4624 3432/1/4625 3434/1/3579 3438/1/3583
f 1813/1/4191 1802/42/4626 2183/4/4627
f 1803/1/4189 1813/42/4191 2183/4/4627
f 1826/1/2991 1828/1/4207 1824/1/4206 1823/1/4210
f 1822/1/4305 1817/1/4305 1803/42/4189 2183/4/4627 1802/1/4626
f 3351/1/4628 3224/1/4629 3350/1/4630 3319/1/4631
f 2184/43/4632 2185/44/4633 2225/45/4633 2224/46/4632
f 2185/44/4633 2186/47/4634 2226/48/4634 2225/45/4633
f 2186/47/4634 2187/49/4635 2227/50/4635 2226/48/4634
f 2187/49/4635 2188/51/4636 2228/52/4636 2227/50/4635
f 2188/51/4636 2189/53/4637 2229/54/4637 2228/52/4636
f 2189/53/4637 2190/55/4638 2230/56/4638 2229/54/4637
f 2190/55/4638 2191/57/4639 2231/58/4639 2230/56/4638
f 2191/57/4639 2192/59/4640 2232/60/4640 2231/58/4639
f 2192/59/4640 2193/61/4641 2233/62/4641 2232/60/4640
f 2193/61/4641 2194/63/4642 2234/64/4642 2233/62/4641
f 2194/63/4642 2195/65/4643 2235/66/4643 2234/64/4642
f 2195/65/4643 2196/67/4644 2236/68/4644 2235/66/4643
f 2196/67/4644 2197/69/4645 2237/70/4645 2236/68/4644
f 2197/69/4645 2198/71/4646 2238/72/4646 2237/70/4645
f 2198/71/4646 2199/73/4647 2239/74/4647 2238/72/4646
f 2199/73/4647 2200/75/4648 2240/76/4648 2239/74/4647
f 2200/75/4648 2201/77/4649 2241/78/4649 2240/76/4648
f 2201/77/4649 2202/79/4650 2242/80/4650 2241/78/4649
f 2202/79/4650 2203/81/4610 2243/82/4610 2242/80/4650
f 2203/81/4610 2204/83/4651 2244/24/4651 2243/82/4610
f 2204/83/4651 2205/84/4652 2245/85/4652 2244/24/4651
f 2205/84/4652 2206/86/4653 2246/87/4653 2245/85/4652
f 2206/86/4653 2207/88/4654 2247/89/4654 2246/87/4653
f 2207/88/4654 2208/90/4655 2248/91/4655 2247/89/4654
f 2208/90/4655 2209/92/4656 2249/93/4656 2248/91/4655
f 2209/92/4656 2210/94/4657 2250/95/4657 2249/93/4656
f 2210/94/4657 2211/96/4658 2251/97/4658 2250/95/4657
f 2211/96/4658 2212/98/4659 2252/99/4659 2251/97/4658
f 2212/98/4659 2213/100/4660 2253/101/4660 2252/99/4659
f 2213/100/4660 2214/102/4661 2254/103/4661 2253/101/4660
f 2214/102/4661 2215/104/4662 2255/105/4662 2254/103/4661
f 2215/104/4662 2216/106/4663 2256/107/4663 2255/105/4662
f 2216/106/4663 2217/108/4664 2257/109/4664 2256/107/4663
f 2217/108/4664 2218/110/4665 2258/111/4665 2257/109/4664
f 2218/110/4665 2219/112/4666 2259/113/4666 2258/111/4665
f 2219/112/4666 2220/114/4667 2260/115/4667 2259/113/4666
f 2220/114/4667 2221/116/4668 2261/117/4668 2260/115/4667
f 2221/116/4668 2222/118/4669 2262/119/4669 2261/117/4668
f 2222/118/4669 2223/120/4254 2263/121/4254 2262/119/4669
f 2223/120/4254 2184/122/4632 2224/123/4632 2263/121/4254
f 3990/1/553 3987/1/292 3984/1/291 3983/1/1335
f 2275/1/1607 2278/1/1610 2280/1/4670
f 2280/1/4671 3499/1/4672 3467/1/4673
f 3499/1/4672 2280/1/4671 3495/1/4674
f 2281/1/1915 2279/1/4675 2287/1/4155
f 2287/1/4155 2288/1/1916 2281/1/1915
f 2281/1/1915 2282/1/4676 2277/1/1609
f 3470/1/4677 3474/1/3684 2286/1/4157
f 2286/1/4157 2285/1/4156 3470/1/4677
f 2271/1/24 2293/1/1448 2290/1/19
f 2295/1/4678 2289/1/21 2297/1/20
f 2297/1/4679 2298/1/4680 2295/1/4681
f 2298/1/4682 2296/1/4683 2295/1/4681
f 2312/1/4684 2330/1/4685 2331/1/4686
f 2337/1/408 2311/1/4687 2336/1/4688
f 2338/1/298 2310/1/4689 2337/1/408
f 2339/1/297 2309/1/4690 2338/1/298
f 2307/1/4691 2340/1/4692 2341/1/4693
f 3202/1/4694 3199/1/4695 326/1/4696 329/1/4697 328/1/4696 337/1/4698 3131/1/4699 3132/1/4700
f 4110/1/1276 4117/1/1275 4119/1/2737 4118/1/2736 4024/1/2735 4025/1/4701
f 952/1/4420 911/1/4422 1004/1/4702
f 2450/1/126 2348/1/4703 2349/1/4704 2350/1/4705 2419/1/4706 2442/1/4227
f 565/1/1836 564/1/1835 566/1/4707 1521/1/4707 1522/1/4708 1524/1/4709
f 1547/1/1996 2343/1/3009 2342/1/3012 2449/1/3658
f 2303/1/4710 2353/1/4711 2304/1/4712
f 3641/1/3932 3639/1/4713 3640/1/4714 3637/1/4715 3665/1/2563 3666/1/2565 3667/1/3934 3638/1/3933
f 2356/1/419 2411/1/4716 2355/1/420
f 3944/1/1086 3949/1/4717 3887/1/4718 3943/1/1087
f 1834/1/4220 1832/1/1454 1843/1/1453 1844/1/4218
f 2380/1/4719 2379/1/4720 2382/1/4721 2381/1/4722
f 717/1/1964 718/1/4723 739/1/4724 742/1/253
f 4053/1/2927 4172/1/2926 4171/1/3204 4174/1/4725 4052/1/4726
f 2372/1/4727 2361/1/4727 2371/1/4727
f 2361/1/4728 2362/1/4729 2369/1/4730
f 2709/1/4731 2708/1/4732 2724/1/4733 2723/1/4734
f 2375/1/3559 2376/1/418 2373/1/2500
f 2364/1/4735 2354/1/4736 2379/1/4737
f 2364/1/4738 2379/1/4739 2374/1/4740
f 2379/1/4741 2380/1/4741 2374/1/4741
f 2380/1/4742 2365/1/4742 2374/1/4742
f 2380/1/4719 2381/1/4722 2386/1/4743
f 2383/1/4744 2379/1/4745 2354/1/4745
f 2385/1/654 2384/1/3629 2354/1/4746 2355/1/3612
f 2936/1/4747 2781/1/4747 2783/1/4747 2930/1/4748 2357/1/1812 2935/1/1814
f 2352/1/4749 2302/1/4750 2382/1/4751
f 2382/1/4752 2383/1/4753 2352/1/3627
f 2382/1/4751 2302/1/4750 2301/1/4754
f 2382/1/4751 2301/1/4754 2351/1/4755
f 2354/1/4746 2384/1/3629 2383/1/3628
f 2379/1/4756 2383/1/4753 2382/1/4752
f 2380/1/4719 2386/1/4743 2365/1/4757
f 2345/1/4758 2344/1/4759 2433/1/296 2432/1/295 2431/1/410
f 2550/1/4760 2551/1/4761 2514/1/4762 2513/1/4763
f 2388/1/4764 2386/1/4743 2351/1/4765
f 2351/1/4765 2390/1/4766 2388/1/4764
f 2390/1/4767 2351/1/4768 2300/1/4769
f 2392/1/4770 2388/1/4764 2390/1/4766
f 2402/1/4771 2394/1/4772 2393/1/4773
f 2391/1/4774 2393/1/4774 2395/1/4774
f 2391/1/4775 2395/1/4775 2392/1/4775
f 2395/1/4776 2389/1/1331 2388/1/1330 2392/1/4776
f 2392/1/4770 2397/1/4777 2391/1/1750
f 2392/1/4770 2390/1/4766 2397/1/4777
f 2391/1/1750 2397/1/4777 2396/1/1751
f 2401/1/4778 2394/1/4779 2402/1/4780
f 2402/1/4781 2398/1/4782 2401/1/4778
f 2403/1/4783 2404/1/4783 2367/1/4784 2366/1/4785
f 2368/1/4786 2367/1/4784 2404/1/4787 2405/1/4787
f 2369/1/4788 2368/1/4788 2405/1/2434 2406/1/407
f 2369/1/4789 2406/1/407 2407/1/406 2370/1/4790
f 2377/1/3558 2378/1/3557 2409/1/4791 2410/1/4792
f 2356/1/4793 2377/1/4793 2410/1/4793 2411/1/4793
f 4008/1/4794 4016/1/4795 2296/1/2938 2776/1/2937 2775/1/4796 2772/1/4796 4017/1/4797 2299/1/4798
f 2317/1/438 2319/1/4799 2420/1/404
f 2421/1/403 2320/1/2433 2316/1/4800
f 4046/1/4369 4043/1/4368 4045/1/3233 4047/1/3232 4040/1/4801
f 985/1/4802 986/1/4803 997/1/4804 998/1/4804 999/1/4804
f 2422/1/497 2423/1/4805 2313/1/4806
f 2329/1/4807 2313/1/4808 2423/1/937
f 2329/1/4807 2423/1/937 2424/1/936
f 4126/1/667 4127/1/666 4128/1/4561 4133/1/4809 4131/1/4810 4130/1/4811
f 950/1/4812 952/1/4813 953/1/4814 951/1/4815
f 1574/1/4816 1576/1/4817 1577/1/4818 1575/1/4819 1572/1/4816 1573/1/4816
f 2428/1/4340 2429/1/4820 2335/1/4821
f 2336/1/4688 2335/1/4822 2429/1/4820
f 2418/1/4823 2417/1/4823 2416/1/4823 2439/1/4823 2440/1/4823
f 1164/1/4824 1162/1/4825 1163/1/4826 1161/1/4827 1148/1/4828 1146/1/4829 1149/1/3382 1156/1/3381 1155/1/4830 1154/1/4831 1151/1/4829 1153/1/3368 1152/1/4832 1157/1/4833 1158/1/4834 1160/1/4835 1159/1/2863 1139/1/2862 1145/1/4836 1144/1/4837 1143/1/4838 1142/1/4839 1141/1/4840 1140/1/2898 1166/1/2897 1165/1/4841
f 2434/1/693 2340/1/692 2308/1/949
f 1995/1/4265 1914/1/4264 1898/1/4256 1894/1/4371 1987/1/4373 1986/1/4842 1989/1/4843 1988/1/2458 1991/1/2457 1996/1/4375 1994/1/4267 1913/1/4266
f 3251/1/4844 3252/1/3040 3255/1/3039 3254/1/4845 3253/1/4846
f 883/1/4847 943/1/4848 956/1/4849 886/1/4850
f 2505/1/369 2893/1/372 2894/1/4851 2504/1/4852
f 2341/1/691 1631/1/695 1630/1/1430
f 462/1/1353 521/1/1307 124/1/4853
f 2321/1/4854 2412/1/4855 2413/1/4856
f 2414/1/4857 2323/1/3499 2322/1/4858
f 2323/1/3499 2414/1/4857 2415/1/3500
f 2417/1/500 2326/1/4859 2324/1/1004
f 2327/1/499 2326/1/4859 2417/1/500
f 1436/1/4860 1435/1/4860 1562/1/4860 1559/1/4861 1558/1/4862 1560/1/4860 1561/1/4860 1548/1/4860 1549/1/4860
f 2422/1/4863 2418/1/4863 2419/1/4863 2423/1/4863
f 556/1/4864 555/1/4865 932/1/802 930/1/801 923/1/4866
f 2335/1/4821 2334/1/4341 2428/1/4340
f 2332/1/4867 2331/1/4868 2425/1/935
f 2313/1/4806 2328/1/498 2422/1/497
f 2314/1/4869 2315/1/2432 2404/1/2435
f 1088/1/1708 1080/1/4870 1082/1/1709
f 4050/1/3234 4049/1/4871 4065/1/4872 4064/1/306 4051/1/305
f 624/1/4873 625/1/3665 602/1/3664 603/1/4874 382/1/4875 380/1/4876 379/1/4877
f 2419/1/4706 2418/1/4878 2440/1/4878 2442/1/4227
f 2444/1/4228 2442/1/4227 2441/1/4879 2443/1/4880
f 2442/1/4881 2440/1/4881 2441/1/4881
f 2841/1/4882 2843/1/4883 2845/1/4884 2954/1/4884 2953/1/4884 2955/1/4885 2726/1/4886 2729/1/4887 2952/1/4888
f 2930/1/4889 2783/1/4889 2784/1/4889 2787/1/4890 2934/1/4889 2932/1/3603 2359/1/4891 2929/1/4889 2928/1/4889
f 1125/1/383 1124/1/382 1115/1/4892
f 3792/1/4893 3816/1/1316 3815/1/1518 3793/1/4526
f 2351/1/4765 2386/1/4743 2381/1/4722 2382/1/4721
f 4076/1/1760 4095/1/3482 4094/1/4894 4135/1/1761
f 2444/1/4228 2443/1/4880 2451/1/4895
f 2451/1/4229 2443/1/4896 2474/1/3159 2473/1/3158
f 2453/1/4897 2475/1/4897 2454/1/4897 2520/1/4897
f 2455/1/4898 2454/1/4898 2475/1/4899 2476/1/4900
f 2457/1/4901 2455/1/4902 2476/1/4901 2456/1/4902
f 2814/1/4377 2817/1/4376 2816/1/4903 2815/1/4904 2813/1/4905
f 2946/1/4246 2941/1/2916 2947/1/2088 2906/1/4906 2907/1/4907
f 1278/1/4908 1359/1/4909 1360/1/1079 1299/1/1084 1300/1/753 1302/1/756 1294/1/4910
f 2468/1/2344 2488/1/2356 2469/1/4232
f 2470/1/3161 2468/1/2344 2469/1/4232 2487/1/4231
f 2470/1/3161 2487/1/4231 2471/1/3162
f 3690/1/4911 3691/1/4912 3694/1/4913 3693/1/909 3688/1/908
f 3950/1/4528 3949/1/4717 3939/1/4914 3948/1/4524
f 1843/1/4915 1842/1/4916 1827/1/2990 1811/1/4183 1844/1/4306
f 2459/1/4917 2495/1/4917 2460/1/4917
f 3708/1/4918 3710/1/4919 3684/1/4920 3709/1/4921
f 295/1/4922 319/1/4923 318/1/4924 317/1/4924 296/1/4924
f 596/1/4925 451/1/4926 453/1/4926 587/1/4927 584/1/4926 585/1/4928
f 3342/1/4929 3341/1/4930 3362/1/4931 3361/1/4932
f 2498/1/4933 2500/1/4934 2497/1/4933 2496/1/4934
f 2500/1/4935 2498/1/4935 2499/1/4935
f 661/1/4936 1680/1/4936 1682/1/3571 366/1/3570 367/1/4937 662/1/4938
f 2502/1/4939 2501/1/4939 2500/1/4939
f 2504/1/4940 2566/1/4940 2503/1/4941
f 990/1/4942 1004/1/4943 1003/1/4944 991/1/4945
f 3336/1/4946 3337/1/4947 3206/1/4948 3207/1/4949
f 702/1/4950 700/1/4950 701/1/4950 670/1/4950 679/1/4950 678/1/4950 677/1/4950
f 2343/1/4951 1547/1/4952 2435/1/694 2434/1/693 2433/1/4953 2344/1/4953
f 3540/1/945 3539/1/944 3010/1/4954 3003/1/4955 3571/1/4956 3008/1/4957 3569/1/4958 3570/1/4959 3005/1/4960 3534/1/4961
f 281/1/4962 183/1/4963 284/1/4964 285/1/4965 279/1/4966 178/1/4967
f 1826/1/2991 1830/1/335 1829/1/334 1828/1/4207
f 1448/1/4968 1447/1/4969 1449/1/4970 1446/1/4971 591/1/4972 456/1/4969 523/1/4969 1450/1/4969
f 2515/1/4973 2517/1/4974 2514/1/4973
f 2517/1/4975 2515/1/4975 2516/1/4975
f 2517/1/4976 2516/1/4977 2518/1/4977
f 2518/1/4978 2519/1/4978 2517/1/4978
f 2520/1/4979 2519/1/4979 2568/1/4979 2453/1/4979
f 2387/1/4980 2938/1/4980 2927/1/4981 2365/1/4982 2937/1/4980
f 27/1/4983 26/1/4983 133/1/4983 134/1/4983
f 2531/1/4984 2529/1/4985 2528/1/4986 2527/1/4987 2530/1/4988 2564/1/4989
f 2954/1/4990 2845/1/4991 2847/1/4992 2970/1/4991
f 2531/1/4993 2564/1/4993 2532/1/4993 2533/1/4993
f 2533/1/4994 2532/1/4995 2535/1/4994 2534/1/4996
f 2534/1/4997 2535/1/4998 2536/1/4998 2537/1/4999
f 777/1/5000 776/1/5000 775/1/5000 774/1/5000 773/1/5000 772/1/2021 562/1/2022 537/1/2787 549/1/5000 550/1/5000 551/1/5000 552/1/5001 780/1/5002 779/1/5003 778/1/5000
f 2496/1/5004 2538/1/5004 2539/1/5004
f 3721/1/1765 3720/1/5005 3722/1/5006 3724/1/5007 3742/1/5008 3740/1/1766
f 2566/1/5009 2542/1/5009 2543/1/5010
f 2566/1/5011 2543/1/5011 2545/1/5011 2567/1/5012
f 3003/1/4955 3010/1/4954 3002/1/5013 2893/1/5014 2892/1/5015 2891/1/5016 2886/1/5017 3004/1/5018 3008/1/5019
f 2516/1/5020 2552/1/5020 2553/1/5021 2518/1/5020
f 3189/1/258 3188/1/257 3158/1/5022 3159/1/5023 3103/1/5024
f 2475/1/5025 2453/1/5025 2555/1/5025 2556/1/5025
f 2476/1/4900 2475/1/4899 2556/1/5026 2557/1/5027
f 4236/1/705 4235/1/704 4234/1/5028 4215/1/3478 4209/1/3477 4207/1/3516
f 2478/1/5029 2477/1/5029 2559/1/5029 2560/1/5029
f 3600/1/5030 3601/1/5031 3725/1/5032 3727/1/5033 3599/1/3300
f 1601/1/3799 1649/1/3795 1648/1/3789 1600/1/3787
f 1346/1/5034 1354/1/5035 1349/1/5036
f 2518/1/5037 2553/1/5037 2554/1/5037
f 987/1/5038 986/1/5039 466/1/1253 465/1/1252 464/1/5040
f 2349/1/5041 2348/1/5042 2347/1/5042 2428/1/4340 2427/1/4339 2426/1/5043
f 2509/1/5044 2507/1/5044 2510/1/5045
f 2566/1/5046 2567/1/5047 2503/1/5048
f 2502/1/5049 2541/1/5049 2542/1/5050
f 2499/1/5051 2498/1/5052 2540/1/5052 2541/1/5053 2502/1/5054 2500/1/5055
f 2539/1/5056 2540/1/5056 2498/1/5056 2496/1/5056
f 2572/1/5057 2571/1/5058 2573/1/5059
f 2573/1/5059 2571/1/5058 2588/1/5060
f 2944/1/3259 2945/1/5061 2512/1/5062 2513/1/5063 2943/1/3260
f 2589/1/318 2577/1/5064 2576/1/319
f 2584/1/5065 2583/1/5066 2582/1/5067 2534/1/5065
f 2586/1/5068 2584/1/5068 2534/1/5068 2585/1/5068
f 2586/1/5069 2585/1/5069 2537/1/5069 2587/1/5069
f 2587/1/5070 2537/1/3918 2496/1/3917 2497/1/5070
f 575/1/5071 577/1/2957 415/1/2956 434/1/5072 576/1/5073
f 4111/1/5074 4027/1/5075 4036/1/2995 4115/1/2994 4112/1/4407
f 3980/1/5076 3981/1/5077 3985/1/290 3988/1/289 3992/1/1002 3979/1/5078
f 2283/1/5079 2282/1/4676 2281/1/1915 2834/1/5080 2284/1/5081
f 4086/1/1459 4078/1/5082 4094/1/4894 4087/1/623 4085/1/622
f 20/1/5083 19/1/5084 127/1/5085 128/1/5086 129/1/5083
f 198/1/5087 199/1/1397 200/1/1396 197/1/5088 217/1/3743 216/1/3746
f 4221/1/5089 4217/1/2687 2848/1/5090 2831/1/5091
f 3015/1/5092 2538/1/5093 2536/1/5094 3014/1/5095
f 3217/1/5096 3216/1/5097 3156/1/5098 3155/1/5099
f 2537/1/4999 2585/1/5100 2534/1/4997
f 3192/1/978 3157/1/5101 3188/1/257 3190/1/979
f 2590/1/5102 2525/1/5103 2526/1/5104 2580/1/5103
f 1513/1/5105 1514/1/5106 1500/1/5107 1501/1/5105 1503/1/3620 1502/1/3617 1516/1/3619 1590/1/3618 1505/1/5108 1504/1/5109 1507/1/5110 1506/1/5111 1508/1/5112 1509/1/5105
f 3460/1/2419 3437/1/2418 3434/1/3579 3432/1/4625
f 3184/1/5113 653/1/5114 642/1/5115 641/1/5116 640/1/5117 655/1/5118 656/1/5118 658/1/5118 657/1/5119
f 3528/1/5120 3530/1/4026 3529/1/5121
f 1367/1/5122 1351/1/2874 1366/1/5123 1363/1/5124
f 2809/1/5125 3993/1/4380 2822/1/4379 2810/1/5126
f 8/1/5127 7/1/5127 110/1/5127 111/1/5127 112/1/5127
f 1323/1/5128 1324/1/3800 1281/1/3802 1316/1/5129
f 3642/1/5130 3751/1/5131 3750/1/5132 3749/1/4406 3643/1/4405
f 2594/1/5133 2597/1/5134 2593/1/5135
f 1763/1/1285 1762/1/4151 1713/1/4150 1720/1/5136
f 2497/1/5137 2897/1/5138 2898/1/5139 2587/1/5140
f 406/1/273 399/1/272 396/1/5141 410/1/5142 409/1/5143 405/1/5142
f 2602/1/5144 2605/1/5144 2606/1/5144
f 2605/1/5145 2602/1/5146 2604/1/5147
f 2607/1/5148 2602/1/5149 2606/1/5150
f 2607/1/3240 2594/1/5151 2597/1/3241
f 3901/1/2691 3878/1/1873 3934/1/1872 3933/1/1952 3909/1/2306 3911/1/2692
f 1496/1/5152 1493/1/5153 1479/1/5154 1478/1/5155 1492/1/5156
f 3839/1/3187 3841/1/3535 3851/1/3534 3838/1/3538 3837/1/5157 3785/1/5158 3796/1/1039 3835/1/1038 3836/1/1037 3772/1/4050 3559/1/5159 3840/1/3184
f 499/1/1158 152/1/5160 49/1/5161 48/1/5162 47/1/5163 501/1/1153
f 2596/1/5164 2595/1/3169 2594/1/3168 2607/1/5165 2608/1/5166 2615/1/5167 2614/1/5168 2599/1/5169
f 2607/1/5165 2606/1/5170 2616/1/5170 2608/1/5166
f 2617/1/5171 2616/1/5171 2606/1/5171 2605/1/5171
f 2605/1/5172 2604/1/5172 2618/1/5172 2617/1/5172
f 2622/1/5173 2621/1/5173 2619/1/5174 2620/1/5175
f 1000/1/1794 1006/1/5176 911/1/4422 949/1/1795
f 238/1/5177 549/1/5177 537/1/5178 239/1/5177
f 1690/1/5179 1705/1/5180 1706/1/4120 1688/1/4119
f 2377/1/3558 2356/1/419 2376/1/418 2375/1/3559
f 2791/1/5181 2767/1/5182 1347/1/5183
f 1254/1/5184 1287/1/1413 1288/1/1412 1285/1/5185 1255/1/5186
f 557/1/5187 931/1/803 932/1/802 555/1/5188 558/1/5189
f 1366/1/5123 1351/1/2874 1277/1/2873 1364/1/5190 1365/1/5191
f 2655/1/5192 2668/1/5193 2669/1/5194
f 2669/1/5195 2670/1/5196 2654/1/5197
f 2653/1/5198 2670/1/5199 2671/1/5200
f 2671/1/5200 2652/1/5201 2651/1/5202
f 2650/1/5203 2672/1/5204 2673/1/5205
f 2675/1/5206 2649/1/5207 2674/1/5208
f 2675/1/5209 2676/1/5210 2648/1/5211
f 2677/1/5212 2646/1/5213 2647/1/5214
f 2678/1/5215 2645/1/5216 2677/1/5212
f 2643/1/5217 2683/1/5218 2713/1/5219
f 2666/1/5220 2667/1/5221 2656/1/5222
f 1942/1/5223 1941/1/5224 2032/1/4467 2033/1/4466 2031/1/4470
f 2632/1/5225 2675/1/5206 2674/1/5208 2673/1/390 2693/1/389 2618/1/5226
f 2071/1/4468 2069/1/1533 2145/1/1532 2144/1/4541
f 2504/1/5227 2894/1/5228 2895/1/1021 2501/1/1020
f 4210/1/4252 4242/1/5229 4241/1/5230 4240/1/5231 4211/1/5232
f 1438/1/5233 1447/1/5233 1448/1/5233 1450/1/5233 1442/1/5233 1453/1/5234 1452/1/5235
f 2701/1/1706 2668/1/5236 2656/1/5222
f 2656/1/5222 2702/1/5237 2701/1/1706
f 2702/1/5237 2656/1/5222 2667/1/5221
f 3955/1/1874 2826/1/5238 3970/1/4384 3956/1/4383
f 3354/1/3526 3204/1/5239 3205/1/5240 3338/1/5241 3339/1/3527
f 2705/1/833 2665/1/5242 2657/1/830
f 2658/1/5243 2664/1/2086 813/1/2085
f 812/1/5244 2706/1/832 2658/1/831
f 406/1/5245 405/1/2931 412/1/2930 411/1/5246 2447/1/5245 2521/1/5247
f 185/1/5248 183/1/5248 182/1/5248 181/1/5248 184/1/5248
f 2086/1/4482 2085/1/3125 2129/1/3124 2128/1/5249
f 2693/1/389 2617/1/5250 2618/1/5226
f 2627/1/5251 2625/1/5252 2677/1/5212
f 1198/1/3230 1279/1/3231 1278/1/5253 1291/1/5254
f 703/1/5255 702/1/5256 677/1/5256 676/1/5256 675/1/5257 704/1/5258
f 3275/1/5259 3283/1/5259 3240/1/5259 3248/1/5259 3276/1/5259
f 3315/1/5260 3349/1/819 3227/1/818 3228/1/5261
f 266/1/5262 265/1/5262 267/1/5262 268/1/5262
f 4218/1/5263 4220/1/5264 4227/1/2825 4226/1/2688 4217/1/2687
f 1057/1/5265 1056/1/2685 1228/1/2683 1227/1/5266 1220/1/3080 1221/1/3079 1222/1/5267 1232/1/5268 1245/1/5267 1246/1/5269 1058/1/5267
f 813/1/2085 812/1/5244 2658/1/5243
f 2667/1/4309 2666/1/5270 2703/1/4310
f 2619/1/3285 2621/1/5271 2707/1/5271 2684/1/3286
f 2684/1/5272 2707/1/5272 2725/1/5272
f 2685/1/509 2684/1/3286 2725/1/5273 2708/1/5274
f 2685/1/5275 2708/1/5276 2709/1/5276 2686/1/5277
f 2709/1/5278 2710/1/5278 2686/1/5278
f 2687/1/5279 2686/1/5279 2710/1/5279 2711/1/5280
f 2687/1/5281 2711/1/5281 2734/1/5281 2688/1/5281
f 2688/1/5282 2734/1/5282 2712/1/5283 2689/1/5283
f 2689/1/5284 2712/1/5285 2733/1/5286 2690/1/5284
f 2690/1/5287 2733/1/5288 2730/1/5289
f 2659/1/5290 2713/1/5291 2714/1/5292
f 2661/1/5293 2660/1/5294 2714/1/5295
f 2661/1/5296 2715/1/5297 2716/1/5298
f 2662/1/5299 2716/1/5300 2717/1/5301
f 2690/1/5302 2730/1/5289 2731/1/5303 2718/1/5302
f 2731/1/5304 2719/1/5305 2718/1/5305
f 2730/1/5289 2733/1/5288 2720/1/5306
f 516/1/5307 263/1/5308 266/1/5309 494/1/5310 119/1/5311 118/1/5309 117/1/5309
f 2727/1/5312 2731/1/5312 2728/1/5312
f 1597/1/5313 1592/1/5314 1505/1/5315 1598/1/5316 1596/1/5317
f 2730/1/5289 2728/1/3985 2731/1/5303
f 2728/1/5318 2729/1/4887 2727/1/5319
f 2731/1/5320 2727/1/5320 2719/1/5320
f 2719/1/5321 2727/1/5321 2735/1/5321
f 2735/1/5322 2727/1/5322 2729/1/5322
f 2736/1/5323 2740/1/1712 2735/1/5324
f 1432/1/5325 1431/1/2369 1464/1/2368 1465/1/3476 1466/1/1618
f 2716/1/1711 2715/1/1089 2739/1/1092
f 2715/1/5297 2661/1/5326 2738/1/5327
f 1409/1/5328 1410/1/5329 1163/1/3395 1162/1/5330
f 2735/1/5331 2740/1/1712 2739/1/1092
f 2719/1/5332 2735/1/5333 2738/1/3660
f 2740/1/1712 2736/1/5323 2717/1/1710
f 1277/1/811 1305/1/202 1304/1/205 1300/1/753 1299/1/1084 1364/1/1083
f 2743/1/5334 2744/1/5335 2717/1/5336
f 2663/1/5337 2717/1/5338 2744/1/5339
f 2744/1/5335 2743/1/5334 2745/1/5340
f 2745/1/5341 2743/1/3671 2742/1/3670 2746/1/5342
f 2752/1/5343 2746/1/5344 2747/1/5344 2749/1/2804
f 2745/1/2130 2751/1/2129 2744/1/5345
f 2749/1/2804 2750/1/2803 2752/1/5343
f 2757/1/3200 2754/1/5346 2755/1/5347
f 2753/1/5348 2754/1/5346 2757/1/3200 1038/1/5349 1041/1/5350
f 941/1/5351 946/1/5352 944/1/5353 942/1/5354 936/1/2843 937/1/2846
f 3152/1/5355 3153/1/5355 3154/1/5356 3109/1/5355 3110/1/5355 3111/1/5355 3151/1/5355
f 2137/1/5357 2138/1/5357 2139/1/4565 2140/1/4539 2141/1/5357 2142/1/5357 2143/1/5357 2144/1/5357 2145/1/5357 2146/1/5357 2147/1/5357 2148/1/5357 2149/1/5357 2150/1/5358 2151/1/5359 2152/1/5360 2153/1/5357 2154/1/5357 2155/1/5357 2156/1/5357 2157/1/5357 2158/1/5357 2161/1/4271 2164/1/4552 2163/1/4555 2168/1/4556 2167/1/3464 2170/1/5357 2172/1/5357 2174/1/5357 2108/1/5357 2109/1/5357 2110/1/5357 2111/1/5357 2112/1/5357 2113/1/5357 2114/1/5357 2115/1/5357 2116/1/5357 2117/1/5357 2118/1/5357 2119/1/5357 2120/1/5357 2121/1/5357 2122/1/5357 2178/1/4523 2123/1/4566 2124/1/5357 2125/1/5357 2126/1/5357 2127/1/5357 2128/1/5357 2129/1/5357 2130/1/5357 2131/1/5357 2132/1/5357 2133/1/5357 2134/1/5357 2135/1/5357 2136/1/5357
f 797/1/2135 799/1/5361 800/1/2154 831/1/2153 854/1/1325
f 2766/1/3190 2832/1/5362 2762/1/3191
f 2766/1/3190 2763/1/3189 2832/1/5362
f 2764/1/5363 1114/1/5364 2833/1/5365
f 1114/1/5364 2762/1/3191 2833/1/5365
f 1845/1/4219 1846/1/1748 1836/1/1747 1834/1/4220
f 3302/1/5366 3459/1/3055 3457/1/5367 3456/1/5368
f 1093/1/2723 1101/1/4618 1103/1/365 1089/1/720
f 201/1/5369 199/1/5370 198/1/5371 229/1/5372 227/1/5373 224/1/5374 225/1/5375 228/1/158 230/1/157
f 3418/1/2211 3441/1/2210 3435/1/2912 3462/1/806 3417/1/5376
f 3708/1/4918 3736/1/889 3690/1/4911 3716/1/5377
f 1366/1/3128 1362/1/3127 1363/1/5378
f 2297/1/20 2782/1/5379 2780/1/5380
f 2640/1/5381 2767/1/5182 2796/1/5382
f 2789/1/5383 2768/1/5384 2640/1/5385
f 3552/1/5386 3544/1/5387 3523/1/5388 3524/1/5389 3548/1/5390
f 4092/1/2614 4100/1/2613 3762/1/5391 3763/1/697 4090/1/436
f 1313/1/5392 1323/1/5128 1316/1/5129 1312/1/5393
f 4254/1/5394 2796/1/5395 2792/1/5396
f 4278/1/5397 4277/1/5398 4276/1/3507 4231/1/3506 4233/1/5399 4234/1/5028 4235/1/704 4279/1/703
f 2794/1/5400 4254/1/5394 2792/1/5396
f 2796/1/5395 4254/1/5394 2795/1/5401
f 2795/1/5402 4191/1/676 2796/1/675
f 2791/1/5403 2792/1/5403 2796/1/5403
f 2767/1/5404 2791/1/5405 2796/1/5405
f 2799/1/5406 2792/1/5407 2791/1/5408
f 2799/1/5409 2800/1/5410 2792/1/5410
f 2800/1/939 2799/1/5411 2797/1/5412
f 2797/1/5412 2798/1/940 2800/1/939
f 1346/1/5413 2797/1/5414 2799/1/5406
f 2788/1/5415 2294/1/5416 2291/1/5415 2801/1/5416
f 542/1/5417 540/1/2016 769/1/2015 768/1/5418 767/1/5417 766/1/5417 765/1/2008 541/1/2010
f 2075/1/4474 2139/1/4565 2138/1/5419 2076/1/4476
f 69/1/5420 1721/1/5421 2/1/5422 73/1/5422 79/1/5422 78/1/5422 54/1/5422 53/1/5422 55/1/5423 70/1/5422
f 2811/1/5424 2812/1/4378 2814/1/4377 2813/1/5424
f 1765/1/4140 1768/1/1406 1722/1/1405 1716/1/5425 1715/1/4141
f 2818/1/5426 2816/1/5426 2817/1/4376 2819/1/2146
f 1200/1/5427 1203/1/5428 1202/1/5428 1181/1/5429 1182/1/5428
f 2805/1/5430 2804/1/5430 2271/1/1696 2270/1/1695
f 2268/1/5431 2806/1/5431 2805/1/5431 2270/1/5431 2269/1/5431
f 3970/1/4384 2823/1/5432 2821/1/5432 3971/1/2142
f 2823/1/5433 3970/1/4384 2826/1/5238
f 2824/1/5434 2823/1/5435 2826/1/5436
f 2824/1/5437 2826/1/5238 2828/1/1800
f 2825/1/5438 2824/1/5438 2828/1/1800 2827/1/1799
f 898/1/5439 890/1/5440 891/1/5441 897/1/5442
f 2592/1/5443 2522/1/5443 2565/1/5443 234/1/5443 235/1/5444 222/1/5445 221/1/5443 220/1/5446
f 2833/1/5365 2762/1/3191 2832/1/5362
f 2835/1/5447 2836/1/5447 2284/1/5447 2834/1/5447
f 2838/1/5448 2835/1/5448 2834/1/5448 2837/1/5448
f 2966/1/1379 2569/1/5449 2570/1/5450 2965/1/5451 2968/1/5452 2861/1/5453
f 2843/1/5454 2841/1/5454 2840/1/5454 2842/1/5454
f 1128/1/5455 1126/1/5456 1132/1/5457
f 4216/1/5458 2850/1/5459 2853/1/5460
f 2832/1/5461 4219/1/5462 4216/1/5463
f 3124/1/5464 3123/1/5464 3125/1/5465 3140/1/5466 3141/1/5467
f 2832/1/5461 2831/1/5468 2848/1/5090
f 3883/1/3004 3882/1/2466 3881/1/2465 3952/1/1160 3973/1/551 3974/1/550 3975/1/549
f 2286/1/3987 2842/1/3986 2840/1/5469
f 1579/1/5470 1578/1/5471 1577/1/5472 1576/1/5473 1574/1/5474
f 2853/1/5460 2850/1/5459 2851/1/5475
f 2833/1/5476 2853/1/5477 4232/1/5477
f 2849/1/5478 4232/1/5479 2852/1/5480
f 4232/1/5481 2849/1/5482 2833/1/5482
f 2855/1/5483 2764/1/2766 2833/1/5484
f 2764/1/2766 2855/1/5483 2854/1/2883
f 2764/1/2766 2854/1/2883 2765/1/2767
f 2833/1/5484 2849/1/5485 2855/1/5483
f 728/1/1953 1705/1/5180 1690/1/5179 749/1/1956
f 2860/1/5486 2880/1/562 3756/1/5487 2861/1/5486
f 3756/1/5487 2862/1/5488 2863/1/5489 2861/1/5490
f 260/1/5491 262/1/5492 263/1/5492 261/1/5493 259/1/5494 258/1/5494
f 2864/1/5495 2863/1/5495 2862/1/5488 3755/1/5496
f 2864/1/5497 3755/1/5496 3498/1/131 2865/1/5498
f 2870/1/5499 2869/1/5500 3497/1/5501 3495/1/5502
f 2870/1/5503 3495/1/5504 2871/1/5503
f 3495/1/5505 2280/1/4670 2278/1/1610 2872/1/5505 2871/1/5505
f 2278/1/5506 2277/1/5506 2873/1/5506 2872/1/5506
f 3575/1/5507 3589/1/5508 2882/1/5509
f 2883/1/5510 2882/1/5510 3589/1/5508 3588/1/848
f 2883/1/5511 3588/1/848 3587/1/86
f 3884/1/2305 3937/1/1951 3943/1/1087 3887/1/4718
f 887/1/5512 905/1/5512 904/1/5513 889/1/5514 888/1/5512
f 4136/1/4558 4139/1/461 4141/1/463 4142/1/2727 4140/1/5515 4138/1/4559
f 3765/1/5516 4204/1/5517 4205/1/3686 3471/1/1626
f 1090/1/5518 1178/1/5519 1095/1/1699 1094/1/1702
f 1311/1/2639 1315/1/2972 1290/1/3833 1289/1/3837 1286/1/1603 1314/1/2640
f 3929/1/3063 3935/1/1088 3936/1/1950 3932/1/1949
f 3797/1/1018 3802/1/3554 3803/1/3553 3808/1/5520 3807/1/5521 3799/1/5522 3822/1/1019
f 1128/1/5523 1132/1/5524 1130/1/722 1102/1/721 1071/1/379 1131/1/378 1117/1/5525 1134/1/5526
f 4143/1/1758 4144/1/5527 4111/1/5074 4103/1/1759
f 2969/1/1023 2500/1/4315 2501/1/1020
f 4059/1/266 3876/1/1318 3938/1/1317 3875/1/3042
f 2918/1/5528 2890/1/5529 2972/1/3912 2973/1/5530
f 2890/1/5529 2889/1/3913 2972/1/3912
f 1910/1/4262 1909/1/4262 1908/1/4262 1911/1/4262 1905/1/4261 1902/1/4259 1815/1/4262 1807/1/4262 1805/1/4209 1825/1/4208 1857/1/4262 1858/1/4262 1859/1/4262 1860/1/4262 1861/1/4262 1862/1/4262 1863/1/4262 1864/1/4262 1865/1/4262 1868/1/4262 1869/1/4262 1870/1/4257 1906/1/4262
f 130/1/5531 129/1/5532 519/1/2652 518/1/2651 467/1/5533
f 2915/1/5534 2920/1/5535 2919/1/5536 2973/1/5530
f 1011/1/2549 1012/1/2548 1010/1/5537 938/1/5538
f 2630/1/5539 2628/1/5540 2627/1/5251 2677/1/5212 2647/1/5214 2676/1/5541 2675/1/5206
f 271/1/5542 268/1/5542 267/1/5542 269/1/5542 270/1/5542
f 2588/1/5060 2571/1/5058 2565/1/5543 2523/1/5543 2591/1/5543 2576/1/5544 2574/1/5545
f 3072/1/5546 611/1/5547 400/1/5548 3044/1/5546
f 4070/1/479 4066/1/871 4063/1/2831 4067/1/480
f 551/1/995 550/1/5549 237/1/5550 236/1/996
f 3767/1/2616 3768/1/2611 4099/1/2615 4101/1/3245 4026/1/5551 3766/1/5552 3769/1/5553
f 3199/1/5554 3136/1/139 3133/1/138 332/1/136 331/1/135 327/1/770 328/1/5555 329/1/5556 330/1/757 326/1/759
f 92/1/5557 71/1/5557 1712/1/5558 1713/1/5557
f 4140/1/5515 4142/1/2727 4145/1/2726 4144/1/5527
f 2971/1/5559 2748/1/5560 2747/1/5561
f 2971/1/5562 2756/1/5562 2748/1/5562
f 2954/1/5563 2970/1/5563 2847/1/5564 2760/1/5565 2761/1/5566 2971/1/5559 2747/1/5561 2746/1/5567 2742/1/5563 2741/1/5563
f 7/1/5568 8/1/5568 85/1/5568 83/1/5568 6/1/5568
f 2997/1/5569 3005/1/5570 2887/1/5571 2888/1/5572
f 2741/1/5573 2726/1/4886 2955/1/4885
f 2728/1/3985 2732/1/3776 2958/1/3982
f 1303/1/5574 1312/1/2970 1311/1/2973 1310/1/5575
f 2732/1/3776 2720/1/5306 2959/1/3777
f 981/1/1513 1015/1/5576 1014/1/5577 979/1/1514
f 2734/1/5578 2722/1/5579 2961/1/5580
f 2963/1/5581 2722/1/5581 2723/1/5581
f 2708/1/5274 2725/1/5273 2964/1/5582
f 2872/1/5583 2873/1/5583 2874/1/5584 2621/1/5585 2622/1/5583 2623/1/5586
f 2967/1/5587 2602/1/5587 2603/1/5587
f 969/1/5588 968/1/5589 912/1/5590 913/1/5591
f 2965/1/5451 2570/1/5450 2572/1/5592
f 3059/1/5593 3058/1/5594 3022/1/5595 3021/1/5596
f 339/1/5597 341/1/5598 340/1/5599 338/1/5599
f 2899/1/5600 2900/1/5600 2584/1/5600 2586/1/5601 2587/1/5602
f 1056/1/5603 1057/1/5603 478/1/5603 477/1/5604
f 2457/1/5605 2464/1/5606 2820/1/5607 2821/1/5608 2823/1/5609 2824/1/5610 2825/1/5611 2901/1/5612
f 321/1/5613 292/1/5613 291/1/5614 290/1/5615 322/1/5616
f 4069/1/478 3874/1/477 3921/1/2467 3882/1/2466 3883/1/3004 3976/1/3003
f 2691/1/507 2688/1/506 2689/1/5617 2690/1/5618 2718/1/5619 2737/1/3659
f 3303/1/5620 3301/1/5621 3300/1/5622 3302/1/5623
f 2517/1/2855 2519/1/5624 2949/1/2856
f 3695/1/5625 3677/1/1755 3674/1/1383 3632/1/4616
f 2909/1/5626 2512/1/5062 2945/1/5061 2944/1/5627 2908/1/5628
f 925/1/5629 957/1/5629 958/1/5629 926/1/5630 927/1/5631
f 2474/1/1163 2443/1/5632 2923/1/1164
f 2923/1/5633 2443/1/5633 2441/1/5634
f 2620/1/5635 2619/1/5636 2680/1/5637 2679/1/5638 2624/1/5639
f 2804/1/5640 2805/1/5640 2436/1/5640 2366/1/5640
f 2560/1/5641 2561/1/5641 2479/1/5641 2478/1/5641
f 2803/1/5642 2804/1/5643 2366/1/4785 2367/1/4784 2925/1/5644 2368/1/5645
f 2925/1/5644 2367/1/4784 2368/1/4786
f 3139/1/5646 3177/1/5647 3129/1/5648 3130/1/5649 3178/1/5650 3179/1/5650 3180/1/5651 3138/1/5652
f 2924/1/5653 2362/1/4729 2361/1/4728
f 2932/1/3603 2360/1/3609 2359/1/4891
f 2929/1/98 2359/1/3555 2358/1/95
f 2930/1/4748 2358/1/5654 2357/1/1812
f 1900/1/4441 1899/1/3474 2008/1/3473 2007/1/4442
f 2937/1/5655 2365/1/5655 2387/1/5655
f 2974/1/5656 2777/1/5656 2778/1/5656
f 283/1/5657 309/1/5658 290/1/5659 308/1/5660 311/1/644
f 3346/1/5661 3272/1/5661 3249/1/5661 3251/1/5662 3253/1/5661 3345/1/5661 3355/1/5661
f 3912/1/190 3890/1/5663 3918/1/563 3905/1/191
f 2424/1/936 2425/1/935 2331/1/5664 2330/1/5665 2329/1/5666
f 994/1/5667 996/1/5668 988/1/5667 992/1/5667
f 314/1/5669 316/1/645 311/1/644 308/1/5660 312/1/5670
f 33/1/5671 31/1/5671 30/1/5672 29/1/2300 135/1/2299 136/1/5673 137/1/5674 138/1/5675
f 4106/1/828 4109/1/827 4108/1/1278 4098/1/3247 4097/1/5676 4107/1/4408
f 2951/1/5677 2454/1/5677 2455/1/5678 2902/1/5679 2903/1/5680 2950/1/5681
f 997/1/5682 987/1/5683 988/1/5684 996/1/5682
f 2947/1/2088 2905/1/5685 2906/1/4906
f 616/1/5686 617/1/5687 618/1/5688 619/1/5688 626/1/5689 627/1/5688 630/1/5688 631/1/5690
f 2034/1/4464 1939/1/5691 1938/1/5692 2035/1/4465
f 2917/1/5693 2915/1/5534 2942/1/5694
f 2917/1/5693 2942/1/5694 2916/1/2620
f 2973/1/5530 2919/1/5536 2918/1/5528
f 3585/1/5695 3582/1/1863 2900/1/5696 2899/1/5697 2898/1/5698 2897/1/5699
f 1475/1/5700 1474/1/5701 1480/1/5701 1483/1/5702 1484/1/5701
f 2921/1/245 2811/1/5703 2813/1/246
f 2922/1/1165 2810/1/5704 2811/1/1166
f 2835/1/5705 2838/1/5705 2959/1/5705 2956/1/5706 2721/1/5707 2734/1/5578 2961/1/5580 2960/1/5705 2962/1/5708
f 1255/1/5709 1256/1/5710 1227/1/5711 1228/1/5712 1254/1/5713
f 3426/1/5714 3382/1/5715 3379/1/5716 3428/1/5717
f 1235/1/2235 1234/1/2234 1249/1/5718 1253/1/5719
f 3093/1/5720 3092/1/5721 3091/1/5722 3067/1/5723 3068/1/5724 3069/1/5723 3094/1/5723
f 2520/1/5725 2454/1/5725 2951/1/5725
f 2519/1/5726 2520/1/5726 2949/1/5726
f 1458/1/5727 1460/1/1312 525/1/1315 526/1/5727 527/1/5727 1459/1/5727
f 2603/1/5728 2601/1/5728 2967/1/5728
f 1283/1/1889 1284/1/1888 1260/1/5729 1258/1/3835 1280/1/3834 1281/1/3960
f 4177/1/3681 3791/1/1319 3876/1/1318 4059/1/266 4057/1/5730
f 2729/1/4887 2728/1/5318 2952/1/4888
f 839/1/2084 781/1/5731 782/1/5732 2706/1/832 812/1/5244 813/1/2085
f 2861/1/5453 2863/1/5733 2966/1/1379
f 2860/1/5734 2861/1/5734 2968/1/5734
f 1279/1/3231 1359/1/5735 1278/1/5253
f 1307/1/3270 1309/1/5736 1288/1/5737 1308/1/3267
f 3951/1/4527 3817/1/5738 3818/1/3155 3824/1/5739
f 2998/1/5740 2274/1/5741 3532/1/5742
f 2273/1/2242 2890/1/5743 2918/1/2243
f 2975/1/2244 2976/1/5744 2272/1/2241
f 2998/1/5740 2273/1/2242 2274/1/5741
f 2273/1/2242 2998/1/5740 2890/1/5743
f 3551/1/5745 2272/1/2241 2976/1/5744
f 2977/1/5746 2918/1/5746 2919/1/5746
f 2915/1/5534 2917/1/5693 2978/1/5747
f 2978/1/5747 2979/1/5748 2915/1/5534
f 2979/1/5748 2920/1/5535 2915/1/5534
f 2979/1/5748 2976/1/5749 2920/1/5535
f 2977/1/5750 2919/1/5751 2976/1/5749
f 2918/1/2243 2977/1/5750 2976/1/5749
f 2976/1/5749 2975/1/2244 2918/1/2243
f 2919/1/5751 2920/1/5535 2976/1/5749
f 2982/1/5752 2981/1/2621 2914/1/2621 2913/1/5752
f 2911/1/5753 2983/1/5754 2982/1/5752 2913/1/5752
f 2984/1/5755 2983/1/5754 2911/1/5753 2912/1/5756
f 2985/1/5757 2984/1/5755 2912/1/5756 2910/1/5758
f 2986/1/5759 2985/1/1422 2910/1/5760 2909/1/5760
f 4044/1/4370 4042/1/518 4030/1/523 4054/1/1216 4056/1/1215
f 2987/1/5761 2907/1/5762 2988/1/5763
f 2988/1/5764 2907/1/5764 2906/1/5764
f 2988/1/5765 2906/1/5766 2905/1/5765
f 2988/1/5767 2905/1/5768 2904/1/5769
f 2988/1/5763 2904/1/5770 2995/1/5771
f 2916/1/2620 2980/1/2619 2989/1/5772 2917/1/5693
f 3966/1/5773 2903/1/5774 2902/1/5774 3964/1/5775
f 2904/1/5776 2903/1/5777 3966/1/5773 2995/1/5771
f 2917/1/5693 2990/1/5778 2978/1/5747
f 2985/1/5757 2994/1/5779 2984/1/5780
f 2996/1/5781 2888/1/5781 2889/1/5781
f 2998/1/5740 2889/1/5782 2890/1/5743
f 2998/1/5740 2999/1/5783 2996/1/5784
f 2997/1/5785 2888/1/5786 2999/1/5787
f 2999/1/5788 3533/1/5789 2997/1/5789
f 2997/1/5790 3533/1/5791 3000/1/5792
f 2888/1/5786 2996/1/5784 2999/1/5787
f 2996/1/5784 2889/1/5782 2998/1/5740
f 2897/1/5793 2896/1/5793 3572/1/5794
f 3572/1/5795 2896/1/5796 2895/1/5797 3001/1/5798
f 3001/1/5799 2895/1/5799 2894/1/5799
f 3002/1/5013 3001/1/5798 2894/1/5800 2893/1/5801
f 3824/1/5739 3825/1/5802 3892/1/5803 3949/1/4717
f 3005/1/5804 3004/1/5804 2886/1/5805 2887/1/5804
f 2897/1/5806 3572/1/5795 3585/1/5695
f 1469/1/5807 1467/1/5808 1468/1/5809 1473/1/5810
f 3000/1/5792 3005/1/5811 2997/1/5790
f 3000/1/5792 3007/1/5812 3005/1/4960
f 2975/1/5813 3551/1/5745 2976/1/5744
f 631/1/5814 630/1/5814 632/1/5815 600/1/5814 599/1/5816 633/1/5814
f 3012/1/5817 3013/1/5817 2532/1/5817 2564/1/5818 2530/1/5819
f 603/1/532 609/1/535 387/1/5820 384/1/5821
f 4031/1/2249 4047/1/3232 4048/1/2794 4029/1/2248
f 3040/1/5822 3016/1/5823 3017/1/5824 2540/1/5825 2539/1/5826
f 2847/1/5827 2845/1/5828 2843/1/5829 2842/1/5829 2844/1/5827 2846/1/5827
f 2587/1/5830 2898/1/5831 2899/1/5832
f 1253/1/5833 1247/1/5833 1252/1/5834 1229/1/5835
f 556/1/4864 923/1/4866 919/1/5836 554/1/5837 548/1/2288 269/1/2287 267/1/5836
f 3027/1/5838 3028/1/5839 2553/1/5840 2552/1/5841
f 3028/1/5842 3029/1/915 3041/1/914
f 1350/1/5843 1356/1/2875 1351/1/5844 1367/1/5845 1349/1/5846 1354/1/5847
f 1082/1/1709 1080/1/4870 1018/1/5848 1019/1/5849 1020/1/5850 1021/1/5851 1087/1/2716 1086/1/1930
f 3030/1/544 3031/1/5852 3042/1/542
f 3033/1/5853 2560/1/5854 2559/1/5855 3032/1/5856
f 3732/1/615 3734/1/5857 3735/1/5858 3733/1/891
f 4168/1/1722 4165/1/3521 4166/1/3520 4167/1/3961
f 4097/1/5676 4098/1/3247 4093/1/3246 4091/1/3179 4088/1/624
f 92/1/5859 93/1/5859 72/1/5859 71/1/5859
f 3080/1/5860 3079/1/5861 3051/1/5862 3052/1/5863
f 4103/1/1759 4111/1/5074 4112/1/4407 4105/1/4409 4104/1/3480
f 474/1/5864 1068/1/5864 1069/1/5864 1055/1/5864 475/1/5864
f 306/1/5865 303/1/5865 299/1/5865 304/1/5866 300/1/5865 302/1/5867
f 2362/1/4729 2363/1/5868 2368/1/5869 2369/1/4730
f 2297/1/20 2290/1/19 2786/1/5870 2785/1/5871 2782/1/5379
f 3040/1/5822 2539/1/5826 2538/1/5872
f 3014/1/5873 2536/1/5874 2535/1/5875 3013/1/5874
f 3683/1/314 3715/1/313 3712/1/950 3713/1/1120
f 2781/1/5876 2778/1/5876 2779/1/5877 2780/1/5878
f 3119/1/5879 3118/1/5880 3091/1/5881 3092/1/5882
f 72/1/5883 74/1/5883 73/1/5883 71/1/5883
f 347/1/865 346/1/864 345/1/1560 3248/1/5884 3240/1/5885
f 2152/1/4510 2151/1/1464 2063/1/1463 2062/1/4509
f 3073/1/5886 3074/1/5886 3075/1/5886 3101/1/5886 3100/1/5886
f 223/1/5887 222/1/5445 235/1/5444 236/1/5887 237/1/5887 238/1/5887 239/1/5887 248/1/5887 250/1/5887 252/1/5887 255/1/5887 254/1/5887 253/1/5887 251/1/5887 249/1/5887 240/1/5887 226/1/5887 225/1/5888 224/1/5887
f 3239/1/5889 3237/1/5890 687/1/5891 671/1/5892 665/1/5893 652/1/5894 654/1/5895 650/1/5893 651/1/5896 3236/1/5897
f 1350/1/5843 1354/1/5898 1355/1/5899 1357/1/5900 1282/1/5901 1322/1/5902 1320/1/5903 1317/1/2876 1356/1/2875
f 4060/1/1214 4063/1/2831 4065/1/4872 4049/1/4871 4044/1/4370 4056/1/1215
f 1542/1/5904 1543/1/5904 1544/1/1993 581/1/1992 580/1/5904 579/1/5904 578/1/5904 577/1/3648 1537/1/3649 1538/1/5904 1539/1/5904 1540/1/5904 1541/1/5904
f 462/1/5905 124/1/5906 123/1/5907
f 1157/1/5908 1152/1/5908 1185/1/5908 1184/1/5909 1183/1/5910 1182/1/5911
f 597/1/5912 642/1/5115 653/1/5114 652/1/5913 665/1/5913 667/1/5913 668/1/5913 669/1/5913 666/1/5913 661/1/5914 662/1/5915 663/1/5916 664/1/5917
f 3335/1/5918 3208/1/5919 3209/1/5920 3334/1/5921
f 10/1/5922 9/1/5922 114/1/5922 115/1/5922 116/1/5922
f 3050/1/5923 3049/1/5923 3031/1/5923 3030/1/5923
f 3051/1/5924 3050/1/5924 3030/1/5924 3029/1/5924
f 3637/1/4715 3636/1/5925 3634/1/4058 3635/1/4057 3655/1/2564 3665/1/2563
f 3053/1/5926 3052/1/5926 3028/1/5926 3027/1/5927
f 3053/1/5928 3027/1/5928 3026/1/5929 3054/1/5928
f 3055/1/5930 3054/1/5930 3026/1/5930 3025/1/5930
f 3963/1/5931 3964/1/5775 2902/1/5932 2901/1/5933 2825/1/5934 2827/1/1799 3958/1/5935 3961/1/5936 3962/1/5937
f 3059/1/5938 3021/1/5939 3020/1/5940 3060/1/5941
f 3060/1/5941 3020/1/5940 3061/1/5942
f 3061/1/5943 3020/1/5943 3019/1/5943
f 3061/1/5944 3019/1/5944 3062/1/5944
f 3063/1/5945 3018/1/5945 3017/1/5945 3064/1/5945
f 3064/1/5946 3017/1/5947 3016/1/5948
f 3065/1/5949 3015/1/5949 3014/1/5949 3066/1/5949
f 3066/1/5950 3014/1/5950 3013/1/5950 3067/1/5950
f 3829/1/4051 3794/1/5951 4166/1/3520 4120/1/990 3627/1/989 3651/1/4055 3771/1/4054 3770/1/4052
f 3175/1/5952 3174/1/5953 3146/1/5954 3147/1/792 3170/1/791 3116/1/5955
f 3065/1/5956 3064/1/5956 3016/1/5956 3015/1/5956
f 942/1/262 944/1/5957 943/1/5958 883/1/1693 933/1/263
f 3623/1/1114 3614/1/5959 3620/1/3939 3621/1/1456
f 1730/1/4102 1699/1/4085 1736/1/4110 1735/1/4108
f 2949/1/5960 2520/1/5961 2951/1/5962 2950/1/5963 2903/1/5964 2904/1/5965
f 3056/1/5966 3057/1/5967 3084/1/5968 3083/1/5969 3082/1/5970 3055/1/5971
f 2964/1/5972 2725/1/5973 2707/1/5974 2875/1/5972 2876/1/5972 2708/1/5975
f 3646/1/5976 3616/1/2402 3603/1/4059 3634/1/4058
f 83/1/5977 88/1/5977 89/1/5977 87/1/5977 82/1/5977 84/1/5977
f 3086/1/5978 3085/1/5979 3058/1/5980 3059/1/5981 3060/1/5982 3087/1/5983
f 3730/1/5984 3731/1/890 3736/1/889 3708/1/4918 3709/1/4921
f 3088/1/5985 3087/1/5986 3060/1/5987 3061/1/5988 3062/1/5989
f 3088/1/5990 3062/1/5990 3063/1/5990
f 3088/1/5991 3063/1/5991 3064/1/5991
f 1639/1/1676 1640/1/1675 1622/1/5992 1623/1/5993 1638/1/3034
f 948/1/5994 949/1/1795 911/1/4422 950/1/4421 951/1/5994
f 3094/1/5995 3069/1/5995 3070/1/5995 3071/1/5995 3095/1/5995
f 3064/1/2454 3089/1/2453 3088/1/5996
f 2284/1/5997 2836/1/5997 2877/1/5997 2283/1/5997
f 4181/1/5998 2771/1/5999 2770/1/6000 4182/1/6001
f 1570/1/6002 1585/1/6003 1584/1/6002 1569/1/6004 1559/1/6002 1562/1/6002 1571/1/6005
f 3785/1/5158 3837/1/5157 3849/1/1923 3853/1/1922 3804/1/3551
f 1098/1/3806 1014/1/3810 1015/1/2761 1110/1/2763 1107/1/2185 1108/1/4 1100/1/1701 1099/1/1700
f 3105/1/6006 3078/1/6007 3079/1/6007
f 3106/1/6008 3105/1/6008 3079/1/6008
f 3106/1/6009 3079/1/6009 3080/1/6009
f 3106/1/6010 3080/1/6010 3081/1/6010
f 3106/1/6011 3081/1/6011 3107/1/6011
f 3107/1/6012 3081/1/6012 3082/1/6012 3108/1/6012
f 3108/1/6013 3082/1/6013 3083/1/6013
f 2721/1/5707 2720/1/6014 2733/1/5286 2712/1/5285 2734/1/5578
f 2154/1/900 2060/1/899 2059/1/4455 2155/1/6015
f 4126/1/667 4130/1/4811 4129/1/6016 3629/1/77
f 3115/1/6017 3088/1/6017 3089/1/6017
f 3116/1/6018 3115/1/6018 3089/1/6018 3090/1/6018
f 673/1/6019 674/1/6020 675/1/6021 676/1/6022 698/1/6022 697/1/6022 696/1/6022 684/1/6022 695/1/6022 690/1/6022 694/1/6023 691/1/6022 693/1/6024 692/1/6025 3250/1/3041
f 3091/1/6026 3118/1/6026 3117/1/6026
f 3120/1/6027 3119/1/6028 3092/1/6027 3093/1/6028
f 2873/1/6029 2277/1/6030 2282/1/6031 2875/1/6032 2874/1/6033
f 2812/1/4378 2811/1/6034 2810/1/6035 2822/1/4379
f 3610/1/6036 3609/1/1113 3608/1/1112 3625/1/1111 3607/1/4061 3611/1/4060 3603/1/4059
f 583/1/6037 442/1/6038 592/1/4323 569/1/6039 571/1/6040
f 2841/1/6041 2838/1/6041 2837/1/6041 2839/1/6041 2840/1/6041
f 4162/1/1290 4161/1/1289 4149/1/1928 4165/1/3521 4168/1/1722 4169/1/1721
f 3335/1/6042 3336/1/4946 3207/1/4949 3208/1/6043
f 1926/1/4286 1904/1/4260 1929/1/2953 1924/1/4285
f 3076/1/6044 3077/1/6045 3103/1/6046 3102/1/6047
f 2933/1/6048 2931/1/6049 2788/1/6050 2801/1/6049 2802/1/6049 2924/1/6051 2361/1/6052
f 4250/1/108 4249/1/3153 4248/1/3152 4184/1/3910 4188/1/109
f 3476/1/6053 3475/1/1625 3480/1/1624 3479/1/6054
f 3013/1/6055 2535/1/6055 2532/1/6056
f 1990/1/4374 2175/1/4568 1976/1/3906 1978/1/4367 1975/1/4352 1974/1/4355 1964/1/4354 1963/1/6057 1962/1/4609 2179/1/4608 1960/1/4319 2182/1/6058 1959/1/6057 1958/1/6057 1957/1/6057 1956/1/6057 1955/1/6057 1954/1/6057 1934/1/6057 1931/1/6057 1930/1/6057 1927/1/6057 1926/1/6057 1924/1/6057 1925/1/2952 2181/1/4611 1919/1/444 2180/1/4613 1917/1/4614 1915/1/6057 1916/1/1577 1992/1/4268 1993/1/4385
f 4026/1/5551 4101/1/3245 4102/1/1277 4110/1/1276 4025/1/4701
f 1279/1/6059 1325/1/2577 1328/1/2576 1359/1/6060
f 3185/1/1842 3187/1/6061 3186/1/6062
f 1839/1/4007 1841/1/1032 1840/1/1035 1838/1/4008
f 2818/1/6063 2465/1/6064 2467/1/6065 2816/1/6066
f 2551/1/6067 2550/1/6068 3025/1/6069 3026/1/6070
f 3134/1/6071 3182/1/6071 3194/1/6071
f 3113/1/6072 3171/1/6073 3150/1/6074 3151/1/6075 3111/1/6076 3112/1/6077
f 4116/1/826 4113/1/829 4114/1/2993 4032/1/2992 4031/1/2249
f 3195/1/6078 648/1/6079 647/1/6080
f 3152/1/6081 3220/1/6081 3219/1/6081 3153/1/6081
f 4058/1/269 4055/1/1213 4053/1/2927 4052/1/4726 4057/1/5730
f 3127/1/6082 3097/1/6083 3196/1/6084
f 1167/1/2887 1161/1/6085 1147/1/6086 1148/1/2888
f 1955/1/4344 1956/1/6087 1972/1/4328 1973/1/4329
f 3105/1/6088 3106/1/6089 3190/1/6090
f 2122/1/4567 2121/1/6091 2093/1/4488 2092/1/4487
f 3298/1/6092 3296/1/6093 3292/1/6094 3294/1/6095 3295/1/6096
f 3172/1/794 3114/1/6097 3115/1/795
f 3170/1/6098 3115/1/6098 3116/1/6098
f 3175/1/5952 3116/1/5955 3117/1/6099
f 3117/1/6100 3118/1/6101 3173/1/6102
f 4071/1/2796 4072/1/2795 4048/1/2794 4051/1/305 4020/1/310 4021/1/3133 4022/1/2797
f 3176/1/162 3119/1/6103 3120/1/163
f 2756/1/3201 2757/1/3200 2755/1/2807 2748/1/2806
f 3157/1/6104 3215/1/6105 3214/1/6106 3158/1/6107
f 320/1/6108 3128/1/6108 3178/1/6109 3130/1/6110 318/1/6111 319/1/6108
f 1271/1/6112 1272/1/6113 1188/1/6114 1187/1/6115 1270/1/6115
f 1130/1/6116 1132/1/6117 1126/1/6118 1075/1/2739
f 2489/1/6119 2488/1/2356 2466/1/38 2483/1/6120 2448/1/6119 2445/1/6121 2485/1/6122 2446/1/6123 2486/1/6119 2490/1/6119 2484/1/6119 2491/1/6119
f 3141/1/6124 3140/1/6125 3139/1/6126 3138/1/6127 3137/1/6128 3136/1/6129 3234/1/6130 3233/1/6131 3232/1/6132 3231/1/6133 3230/1/6134 3229/1/6135 3142/1/6135
f 3075/1/6136 3076/1/6137 3102/1/6138 3101/1/6139
f 3896/1/207 3916/1/6140 3914/1/6141 3895/1/208
f 873/1/2096 843/1/2095 842/1/1201 820/1/3905
f 3171/1/6073 3149/1/6142 3150/1/6143
f 3191/1/6144 3155/1/6145 3156/1/6144
f 3156/1/983 3157/1/6146 3192/1/978
f 3188/1/257 3157/1/5101 3158/1/5022
f 1226/1/6147 1237/1/6148 1235/1/447 1236/1/450
f 3809/1/1016 3821/1/1015 3820/1/3156 3813/1/1399 3812/1/439
f 3180/1/6149 3179/1/6149 3128/1/6149
f 3137/1/6150 3128/1/6151 3198/1/6151
f 3136/1/6152 3197/1/6152 3128/1/6152
f 3179/1/6153 3178/1/6153 3128/1/6153
f 154/1/6154 104/1/174 53/1/181 54/1/6154 52/1/6154
f 4030/1/523 4034/1/522 4159/1/3887 4163/1/837 4164/1/840 4171/1/3204
f 2277/1/1609 2276/1/1608 2279/1/4675 2281/1/1915
f 1117/1/6155 1131/1/6156 1123/1/6157
f 3107/1/6158 3108/1/1803 3193/1/981
f 3106/1/6089 3107/1/6159 3190/1/6090
f 3104/1/6160 3105/1/6161 3189/1/6162
f 3103/1/6163 3104/1/6160 3189/1/6162
f 3471/1/1626 3473/1/3685 3469/1/6164 3468/1/1627
f 3134/1/6165 3194/1/6165 3183/1/6165
f 4174/1/4725 4171/1/3204 4170/1/1720
f 1232/1/6166 1222/1/6166 1223/1/6167 1231/1/6168
f 3560/1/4046 3553/1/1415 3554/1/1423 3556/1/6169 3555/1/4047
f 3850/1/3537 3846/1/3536 3843/1/580 3848/1/579 3849/1/1923
f 1819/1/4262 1810/1/4262 1808/1/4262 1816/1/4262
f 534/1/6170 535/1/6170 461/1/6170 460/1/6170 459/1/6170 533/1/6170
f 3200/1/6171 3131/1/6172 3201/1/6172
f 3455/1/2420 3460/1/2419 3432/1/4625 3308/1/6173 3306/1/6174
f 2576/1/319 2577/1/5064 2575/1/6175 2573/1/5059 2588/1/5060 2574/1/6176
f 546/1/6177 547/1/6178 757/1/6179 756/1/6180 755/1/6180
f 629/1/6181 627/1/6181 626/1/6182 620/1/6183 628/1/3752 610/1/3653 601/1/3652
f 1586/1/6184 1591/1/6185 1606/1/6186 1651/1/3798 1602/1/3796
f 1569/1/6187 1584/1/6188 1579/1/6189 1574/1/6190 1573/1/6187
f 1703/1/6191 1705/1/5180 728/1/1953 727/1/6192 729/1/6193 1701/1/6194
f 640/1/6195 641/1/6196 621/1/6197 620/1/6198 619/1/6199 618/1/6199 617/1/6199 639/1/6199
f 3217/1/6200 3155/1/6200 3154/1/6200 3218/1/6200
f 3218/1/6201 3154/1/6201 3153/1/6201 3219/1/6201
f 3151/1/6202 3221/1/6202 3220/1/6202 3152/1/6202
f 3222/1/6203 3221/1/6203 3151/1/6203 3150/1/6203
f 3223/1/6204 3222/1/6204 3150/1/6204 3149/1/6204
f 3148/1/6205 3224/1/6205 3223/1/6205 3149/1/6205
f 3147/1/6206 3224/1/6206 3148/1/6206
f 2609/1/6207 2610/1/6207 2704/1/4311 2705/1/833 2706/1/832 782/1/6208
f 3226/1/6209 3225/1/6209 3146/1/6209 3145/1/6209
f 3226/1/6210 3145/1/6210 3144/1/6210 3227/1/6210
f 3228/1/6211 3227/1/6211 3144/1/6211 3143/1/6211
f 3229/1/6212 3228/1/6212 3143/1/6212 3142/1/6212
f 3199/1/6213 3203/1/6213 3234/1/6214 3136/1/6214
f 3645/1/4404 3644/1/6215 3640/1/4714 3639/1/4713
f 1661/1/3935 1660/1/6216 1527/1/6217 1526/1/6218 1525/1/3870
f 4158/1/3015 4155/1/2724 4156/1/2023 4157/1/838 4163/1/837 4159/1/3887
f 3200/1/6219 3244/1/6219 3245/1/6220 3131/1/4699
f 3245/1/6220 3246/1/6221 3132/1/4700 3131/1/4699
f 3132/1/6222 3246/1/6222 3247/1/6222 3202/1/6222
f 3147/1/6223 3146/1/6224 3225/1/6225 3224/1/6226
f 2556/1/6227 2555/1/6228 3029/1/6229 3030/1/6230
f 1951/1/4320 1949/1/6231 1967/1/4334 2182/1/4318
f 1445/1/46 1495/1/6232 1493/1/6233 590/1/6234 584/1/6234 587/1/6234 586/1/6234 589/1/6234 588/1/47
f 3260/1/6235 3238/1/6236 3239/1/6235 3261/1/6237
f 3261/1/6238 3239/1/6238 3236/1/6238
f 704/1/5258 675/1/5257 3262/1/6239 3270/1/6239
f 724/1/3965 3274/1/6240 3248/1/6240 345/1/3966
f 2770/1/6000 2769/1/6241 2790/1/6242 4195/1/6243 4182/1/6001
f 3863/1/6244 3908/1/1925 3917/1/582 3861/1/6245 3862/1/6246
f 3273/1/6247 3272/1/6247 3282/1/6247 3280/1/6247
f 3277/1/6248 3278/1/6248 3275/1/6248 3276/1/6248
f 553/1/6249 2600/1/6250 2609/1/6251 782/1/6252 781/1/6253 780/1/5002 552/1/5001
f 732/1/6254 3265/1/6254 3279/1/6254
f 732/1/6255 3274/1/6256 724/1/1963
f 2431/1/410 2430/1/409 2346/1/6257 2345/1/6257
f 3281/1/6258 3275/1/6258 3278/1/6258
f 3946/1/4516 3938/1/1317 3792/1/4893 3947/1/4525
f 3954/1/1801 2828/1/1800 2826/1/5238 3955/1/1874
f 4043/1/4368 4044/1/4370 4049/1/4871 4050/1/3234 4045/1/3233
f 1005/1/6259 995/1/6260 993/1/6261 1003/1/6262 1004/1/6263 1009/1/6264
f 3303/1/6265 3302/1/6265 3304/1/6265 3305/1/6266
f 3307/1/6267 3305/1/6267 3304/1/6268 3306/1/6267
f 3307/1/6269 3306/1/6269 3308/1/6269
f 3307/1/6270 3308/1/6270 3309/1/6270 3310/1/6270
f 3314/1/6271 3316/1/6272 3315/1/5260
f 2778/1/6273 2777/1/6274 2773/1/6274 2775/1/6274 2776/1/6275 2779/1/6276
f 1535/1/1365 1534/1/6277 1533/1/6278 1656/1/6279 1618/1/6280 1643/1/1360
f 4296/1/6281 4308/1/6282 4264/1/6283 4265/1/6284
f 3292/1/6285 3296/1/6286 3245/1/6287 3244/1/6285 3243/1/6285 3293/1/6285
f 514/1/1238 512/1/6288 480/1/6289 511/1/1234 513/1/1233 140/1/1236
f 2974/1/6290 2778/1/6291 2938/1/6292 2940/1/6291 2939/1/6293 2774/1/6291 2773/1/6291 2777/1/6291
f 1775/1/6294 1781/1/6295 1733/1/6296 1732/1/4104 1783/1/3710 1782/1/3709 1780/1/4103 1728/1/4088 1727/1/4096 1742/1/4100 1784/1/4158 1785/1/2945 1752/1/2944 1751/1/6297 1750/1/4128 1778/1/4131 1779/1/4132 1786/1/4134 1777/1/4135 1776/1/6298 1787/1/6299
f 776/1/6300 777/1/6301 842/1/1201 843/1/2095 844/1/2712
f 2426/1/5043 2427/1/4339 2332/1/4867 2425/1/935
f 806/1/6302 882/1/2555 811/1/2554 807/1/6303
f 3847/1/6304 3846/1/3536 3841/1/3535 3844/1/3602
f 1062/1/6305 483/1/6306 482/1/6307 1061/1/6308
f 2116/1/6309 2115/1/4512 2100/1/4496 2099/1/4495
f 3348/1/1817 3312/1/1816 3313/1/1818
f 2282/1/6310 2283/1/6310 2877/1/6310 2876/1/6310 2875/1/6310
f 789/1/6311 546/1/6311 755/1/6311 790/1/6311 788/1/6311 787/1/6311
f 3349/1/6312 3316/1/6312 3317/1/6312
f 3349/1/819 3315/1/5260 3316/1/6272
f 3319/1/6313 3371/1/6314 3351/1/6315
f 3322/1/6316 3323/1/6316 3352/1/6316
f 2691/1/507 2737/1/3659 2713/1/3663 2683/1/6317
f 3332/1/1856 3333/1/1858 3353/1/1857
f 3048/1/6318 3047/1/6319 3033/1/6318 3032/1/6320
f 136/1/6321 476/1/6322 477/1/6322 478/1/1630 137/1/1635
f 3342/1/6323 3343/1/6323 3257/1/6323 3258/1/6324 3259/1/6325
f 3173/1/6326 3145/1/6327 3146/1/5954 3174/1/5953 3175/1/5952 3117/1/6099
f 3345/1/6328 3253/1/6328 3254/1/6328 3256/1/6328 3257/1/6329 3343/1/6330 3344/1/6328
f 3355/1/6331 3345/1/6331 3346/1/6331
f 2966/1/1379 2863/1/5733 2864/1/6332 2602/1/6333 2967/1/1380
f 3363/1/2891 3364/1/4188 3448/1/4187 3441/1/2210
f 2682/1/3282 2692/1/508 2691/1/507 2683/1/6334 2644/1/6335
f 3235/1/3525 3204/1/6336 3354/1/3526
f 2401/1/6337 2399/1/6338 2400/1/6339 1595/1/3767 1599/1/3621 2634/1/3622 2394/1/6340
f 3439/1/1483 3433/1/4624 3438/1/3583 3446/1/1480
f 4131/1/4810 4133/1/4809 4134/1/1757 4135/1/1761 4078/1/5082 4086/1/1459
f 185/1/643 187/1/6341 283/1/5657 311/1/644
f 2050/1/1569 2174/1/4508 2172/1/3136 2173/1/3135 2049/1/6342 2051/1/1570
f 114/1/6343 113/1/6343 515/1/6343 254/1/6343 256/1/6344 495/1/3578 497/1/2890 115/1/6343
f 4093/1/3246 4099/1/2615 4092/1/2614 4091/1/3179
f 856/1/6345 786/1/6346 788/1/6347 857/1/6348
f 3351/1/4337 3223/1/4336 3224/1/6349
f 3350/1/4630 3224/1/4629 3225/1/6350
f 3230/1/6351 3231/1/6351 3347/1/6351
f 102/1/6352 100/1/6352 23/1/6352 24/1/6352 25/1/6352 26/1/6352
f 1007/1/6353 1010/1/6354 1012/1/6355
f 705/1/3562 709/1/6356 1677/1/3564 1681/1/3563
f 4035/1/2997 4040/1/4801 4047/1/3232 4031/1/2249 4032/1/2992
f 3206/1/6357 3337/1/6358 3338/1/5241 3205/1/5240
f 1787/1/2637 1776/1/6298 1777/1/4135 1754/1/1409 1755/1/1408
f 3186/1/6062 3187/1/6061 3160/1/6359 3161/1/6360 3101/1/6361 3102/1/1843 3185/1/1842
f 308/1/6362 290/1/6363 291/1/6364
f 486/1/6365 145/1/6366 144/1/6366 509/1/6367 485/1/6368
f 3371/1/6369 3321/1/6370 3351/1/6369
f 209/1/6371 208/1/6372 219/1/6371 3036/1/6371 3035/1/1181 220/1/1180 221/1/6371
f 2363/1/5868 2926/1/6373 2924/1/6374 2802/1/6374 2803/1/6375 2368/1/5869
f 896/1/6376 884/1/6377 893/1/6378 892/1/6379 895/1/6380 894/1/6381
f 3484/1/2617 3483/1/6382 3765/1/5516 3478/1/6383 3477/1/6384
f 336/1/769 272/1/771 277/1/6385 282/1/6386 195/1/6387 175/1/6388 335/1/6389
f 3363/1/6390 3340/1/6390 3339/1/6390 3364/1/6390
f 3364/1/6391 3339/1/6391 3338/1/6392
f 3364/1/6393 3338/1/6393 3365/1/6393
f 3366/1/6394 3365/1/6394 3338/1/6394
f 3366/1/6395 3338/1/6395 3337/1/6395
f 3366/1/6396 3337/1/6396 3336/1/6396
f 3366/1/6397 3336/1/6398 3335/1/6397 3367/1/6397
f 3368/1/6399 3367/1/6399 3335/1/6399 3334/1/6399
f 3370/1/6400 3330/1/6400 3329/1/6400
f 1488/1/6401 1454/1/6402 1456/1/6403 1486/1/6404
f 3356/1/6405 3282/1/6405 3272/1/6405 3346/1/6405 3357/1/6405
f 3321/1/6406 3371/1/6406 3372/1/6406
f 402/1/6407 403/1/6408 407/1/1523 408/1/1522 391/1/6409 392/1/6410
f 1170/1/6411 1199/1/1414 1287/1/1413 1254/1/5184
f 3697/1/3923 3694/1/4913 3696/1/6412 3632/1/4616
f 479/1/6413 478/1/6413 1057/1/6413 1058/1/6413
f 3079/1/6414 3078/1/6415 3050/1/6416 3051/1/6417
f 814/1/6418 816/1/6419 815/1/6420 840/1/6421 839/1/6422 2664/1/6423
f 3446/1/1480 3445/1/3582 3447/1/1900
f 3441/1/2210 3448/1/4187 3440/1/3580 3436/1/2913 3435/1/2912
f 2736/1/5323 2743/1/6424 2717/1/1710
f 1967/1/4334 1949/1/6231 1950/1/4326 1966/1/4325 1958/1/4332 1959/1/4335
f 1001/1/6425 1008/1/6426 973/1/6427 1002/1/6428
f 128/1/6429 466/1/2647 519/1/2650 129/1/6430
f 3156/1/6431 3216/1/6432 3215/1/6433 3157/1/6434
f 4308/1/6282 4296/1/6435 4325/1/6436 4326/1/6437
f 2506/1/6438 2508/1/6439 2891/1/6440 2892/1/6441
f 1212/1/6442 1194/1/6443 1195/1/6444 1210/1/6445 1211/1/6446 1213/1/6443
f 3313/1/6447 3311/1/6448 3454/1/6449
f 314/1/5669 301/1/6450 284/1/641 273/1/640 274/1/639 316/1/645
f 3456/1/6451 3306/1/6451 3304/1/6451
f 3456/1/5368 3304/1/6452 3302/1/5366
f 3459/1/3055 3302/1/5366 3300/1/6453
f 3459/1/3055 3300/1/6453 3299/1/3053
f 2580/1/6454 2526/1/6455 2528/1/6456 2529/1/6457 2581/1/6455
f 1889/1/4411 2018/1/4410 2017/1/2632 1892/1/2631
f 3449/1/6458 3369/1/6459 3332/1/6460
f 578/1/6461 579/1/6462 413/1/6463 414/1/6464
f 3314/1/6465 3313/1/6447 3454/1/6449 3311/1/6448 3309/1/2810 3439/1/1483 3368/1/1482 3369/1/6459 3449/1/6458 3332/1/6460 3331/1/6466 3330/1/6467 3450/1/6468 3370/1/6469 3451/1/6470 3452/1/2337 3376/1/2336 3375/1/6471 3374/1/6472 3373/1/6472 3372/1/6473 3453/1/6474 3371/1/6314 3318/1/6475 3316/1/6476
f 3565/1/6477 3567/1/6478 3624/1/1116 3566/1/2473
f 3450/1/6468 3330/1/6467 3370/1/6469
f 3451/1/6470 3370/1/6469 3329/1/2338
f 3023/1/6479 3024/1/6480 2548/1/6479 2547/1/6479 2546/1/6481
f 3453/1/6474 3372/1/6473 3371/1/6314
f 3282/1/6482 3356/1/3141 3427/1/3140 3426/1/5714 3428/1/6483 3430/1/6484 3429/1/6485 3406/1/6486 3405/1/6487 3431/1/1680 3463/1/3769 3408/1/6488 3407/1/6489 3410/1/6490 3284/1/6491 3281/1/6492
f 2076/1/4476 2138/1/5419 2137/1/6493 2077/1/4477
f 1685/1/4115 1696/1/2624 1697/1/2623 1683/1/3076 1684/1/6494
f 3464/1/2207 3419/1/6495 3442/1/2208
f 3360/1/466 3361/1/6496 3420/1/6497 3421/1/467
f 780/1/6498 781/1/6498 839/1/6422 840/1/6421 779/1/6499
f 258/1/6500 559/1/6501 544/1/6502 547/1/6503 546/1/6504 789/1/6505 927/1/6506 926/1/6507 931/1/6508 557/1/1472 260/1/1475
f 3329/1/2338 3452/1/2337 3451/1/6470
f 3365/1/6509 3366/1/1901 3447/1/1900
f 3364/1/6510 3365/1/6509 3447/1/1900
f 265/1/6511 558/1/6512 555/1/6513 556/1/6513 267/1/6514
f 4039/1/520 4037/1/3013 4158/1/3015 4033/1/521
f 3445/1/3582 3446/1/1480 3438/1/3583
f 341/1/6515 342/1/6516 343/1/6517 344/1/6517 353/1/6517 351/1/6517 352/1/6517 354/1/6517 365/1/6518 340/1/6519
f 1556/1/6520 1557/1/6520 1554/1/6521 1563/1/3678 1553/1/3677 1645/1/6522 1644/1/6523 1555/1/6524
f 3395/1/2743 3415/1/6525 3414/1/2744
f 3400/1/3770 3401/1/6526 3408/1/3768
f 3407/1/6527 3408/1/6528 3401/1/6528
f 2965/1/5451 2572/1/6529 2573/1/401 2859/1/400 2860/1/6530 2968/1/5452
f 3429/1/6531 3430/1/6532 3378/1/6533
f 3378/1/6533 3377/1/6534 3429/1/6531
f 3430/1/6532 3380/1/6535 3378/1/6533
f 3380/1/6535 3430/1/6532 3428/1/6536
f 3428/1/5717 3379/1/5716 3380/1/6537
f 3393/1/6538 3391/1/1728 3418/1/1727
f 3392/1/6539 3393/1/6540 3418/1/6540
f 3418/1/6540 3417/1/6541 3392/1/6539
f 3415/1/6525 3395/1/2743 3394/1/6542
f 3394/1/6542 3416/1/6543 3415/1/6525
f 3416/1/6543 3394/1/6542 3392/1/6539
f 3392/1/6539 3417/1/6541 3416/1/6543
f 2088/1/4106 2087/1/1147 2127/1/1150 2126/1/4107
f 3399/1/1683 3463/1/3769 3431/1/1680
f 1249/1/3874 1219/1/2364 1063/1/2423 1062/1/1771 1247/1/1770 1253/1/6544
f 3424/1/6545 3383/1/6546 3381/1/6547
f 3381/1/6547 3423/1/3139 3424/1/6545
f 3383/1/6546 3424/1/6545 3425/1/4641
f 3421/1/4079 3420/1/4138 3386/1/4080
f 3457/1/2416 3462/1/806 3435/1/2912 3461/1/2417
f 3420/1/4138 3389/1/4137 3386/1/4080
f 3419/1/4139 3464/1/1726 3387/1/1730
f 3387/1/1730 3388/1/4136 3419/1/4139
f 3382/1/5715 3426/1/5714 3427/1/3140
f 3427/1/3140 3381/1/6547 3382/1/6548
f 3427/1/3140 3423/1/3139 3381/1/6547
f 140/1/6549 141/1/6550 35/1/6551 34/1/6552
f 3978/1/6553 2268/1/1001 3465/1/6554
f 2267/1/4600 3466/1/6555 2269/1/4599
f 3466/1/6556 2268/1/1001 2269/1/6557
f 3465/1/6554 2268/1/1001 3466/1/6556
f 3467/1/6558 2275/1/1607 2280/1/4670
f 3469/1/6164 3473/1/3685 3474/1/3684
f 3474/1/3684 3470/1/4677 3469/1/6164
f 1021/1/5851 1022/1/4274 1081/1/4273 1073/1/2715 1083/1/2714 1087/1/2716
f 3477/1/6384 3481/1/3122 3482/1/2618
f 3292/1/6559 3293/1/6559 3289/1/6559 3290/1/6559 3291/1/6559 3294/1/6559
f 3765/1/5516 3476/1/6053 3479/1/6054
f 3479/1/6054 3478/1/6383 3765/1/5516
f 3482/1/2618 3484/1/2617 3477/1/6384
f 3485/1/3121 3482/1/2618 3481/1/3122
f 970/1/6560 965/1/6560 967/1/6560 968/1/6560 969/1/6560
f 3494/1/6561 3487/1/6562 3493/1/6563
f 3492/1/6564 3493/1/6563 3487/1/6562
f 3491/1/1838 3492/1/6564 3488/1/1839
f 1214/1/6565 1198/1/3230 1291/1/5254 1292/1/6566 1293/1/6567
f 3486/1/3123 3490/1/1837 3489/1/1840
f 3487/1/6562 3488/1/1839 3492/1/6564
f 3497/1/6568 3495/1/6569 3496/1/6570
f 3500/1/6571 3499/1/4672 3495/1/4674
f 3501/1/6572 3502/1/6573 3500/1/6571 3495/1/4674 3494/1/6561 3493/1/6563
f 3503/1/6574 3500/1/6571 3502/1/6573
f 3507/1/6575 3511/1/4029 3528/1/4027
f 3509/1/6576 3513/1/6577 3512/1/4030
f 3512/1/4030 3508/1/6578 3509/1/6576
f 3513/1/6577 3509/1/6576 3510/1/6579
f 3510/1/6579 3514/1/6580 3519/1/6581
f 3519/1/6581 3513/1/6577 3510/1/6579
f 3520/1/4038 3519/1/6581 3515/1/6582
f 3519/1/6581 3514/1/6580 3515/1/6582
f 3515/1/6582 3516/1/6583 3520/1/4038
f 3521/1/4039 3516/1/6583 3517/1/6584
f 3517/1/6584 3522/1/4041 3521/1/4039
f 3517/1/6584 3518/1/6585 3523/1/5388
f 3523/1/5388 3522/1/4041 3517/1/6584
f 3521/1/4039 3520/1/4038 3516/1/6583
f 3513/1/6586 3519/1/6581 3776/1/4035
f 3519/1/6581 3525/1/4036 3776/1/4035
f 3776/1/4035 3527/1/4034 3513/1/6586
f 3526/1/4032 3512/1/4030 3513/1/6586
f 3530/1/4026 3531/1/4025 3529/1/5121
f 2274/1/5741 3000/1/5792 3533/1/5791
f 3528/1/4027 3529/1/6587 3506/1/4660
f 3534/1/6587 3505/1/6588 3506/1/4660
f 3534/1/6587 3007/1/5812 3505/1/6588
f 3533/1/5791 3532/1/5742 2274/1/5741
f 3506/1/4660 3529/1/6587 3534/1/6587
f 3007/1/5812 3000/1/5792 2274/1/5741 3504/1/6589 3505/1/6588
f 3506/1/4660 3507/1/6575 3528/1/4027
f 3005/1/4960 3007/1/5812 3534/1/4961
f 3534/1/4961 3529/1/5121 3531/1/4025
f 3536/1/4063 3535/1/4062 3537/1/948
f 837/1/2189 864/1/2188 863/1/6590 836/1/6591
f 3540/1/945 3534/1/4961 3531/1/4025 3541/1/946
f 3542/1/6592 3521/1/4039 3522/1/4041
f 3543/1/6593 3522/1/4041 3523/1/5388
f 3523/1/5388 3547/1/6594 3543/1/6593
f 3523/1/5388 3544/1/5387 3545/1/6595
f 3546/1/4045 3545/1/6595 3544/1/5387
f 3545/1/6595 3547/1/6594 3523/1/5388
f 4144/1/5527 4145/1/2726 4154/1/2725 4028/1/3014 4027/1/5075 4111/1/5074
f 3550/1/6596 2272/1/2241 2979/1/5748
f 2272/1/2241 3551/1/5745 2979/1/5748
f 3523/1/5388 3518/1/6585 3524/1/5389
f 2553/1/6597 3028/1/5842 3041/1/914 2554/1/6598
f 3548/1/5390 3549/1/6599 3550/1/6596 2978/1/5747 2990/1/5778
f 3548/1/5390 2990/1/5778 3552/1/5386
f 3550/1/6596 2979/1/5748 2978/1/5747
f 3552/1/5386 2990/1/6600 2989/1/1416
f 3557/1/6601 3556/1/6169 3558/1/6602
f 43/1/6603 42/1/6603 149/1/6603 148/1/6603 150/1/6603
f 3560/1/4046 3544/1/5387 3552/1/5386 3553/1/1415
f 3620/1/3939 3617/1/3938 3561/1/6604 3562/1/6605
f 3620/1/3939 3562/1/6605 3563/1/6606 3618/1/6607
f 3619/1/1457 3618/1/6607 3563/1/6606 3564/1/6608
f 3566/1/2473 3619/1/1457 3564/1/6608 3565/1/6477
f 3568/1/1117 3624/1/1116 3567/1/6478
f 3568/1/1117 3567/1/6478 3535/1/4062
f 4065/1/4872 4063/1/2831 4066/1/871 4064/1/306
f 1265/1/2582 1266/1/6609 1194/1/6609 1193/1/6610 1192/1/3104
f 3411/1/744 3287/1/743 3286/1/6611 3284/1/6611 3410/1/6612 3409/1/6611
f 1482/1/6613 1479/1/6614 1493/1/6615 1495/1/6616 1491/1/6617
f 2181/1/4611 1922/1/4612 1921/1/4610 1920/1/4610
f 2614/1/6618 2698/1/2948 2670/1/1344 2699/1/1343 2613/1/6618
f 1655/1/3893 1654/1/6619 1620/1/6620 1619/1/3895
f 3576/1/6621 3575/1/6622 3586/1/1866
f 3586/1/1866 3580/1/1865 3578/1/6623
f 3586/1/6624 3575/1/6625 3583/1/6626
f 3576/1/6627 3583/1/6626 3575/1/6625
f 3584/1/6628 3006/1/6629 3580/1/6630
f 2538/1/6631 3015/1/6632 3016/1/6633
f 573/1/6634 572/1/6635 437/1/6636 439/1/6637 442/1/6638 583/1/6639
f 3588/1/848 3589/1/5508 3595/1/849
f 2322/1/4858 2321/1/4854 2413/1/4856 2414/1/4857
f 3574/1/6640 3573/1/6641 3599/1/3300 3686/1/614
f 3601/1/5031 3600/1/5030 3599/1/3300 3573/1/6641 3577/1/6642 3721/1/1765 3602/1/1768
f 3376/1/2336 3328/1/6643 3327/1/6644 3375/1/6471
f 3720/1/5005 3721/1/1765 3577/1/6642 3579/1/6645
f 3719/1/6646 3720/1/5005 3579/1/6645 3581/1/6647
f 3719/1/6646 3581/1/6647 3561/1/6604 3617/1/3938
f 1180/1/6648 1179/1/6649 1178/1/6650 1160/1/6651 1158/1/6652
f 4221/1/5089 4218/1/5263 4217/1/2687
f 3614/1/5959 3613/1/1671 3620/1/3939
f 3616/1/2402 3605/1/4419 3612/1/1667
f 1733/1/6296 1734/1/1196 1756/1/1195 1718/1/4535 1/1/6653 68/1/6654 56/1/6655 1723/1/3712 1731/1/3711 1732/1/4104
f 2548/1/6656 2512/1/6657 2511/1/6658 2547/1/6659
f 3621/1/1456 3620/1/3939 3618/1/6607
f 1318/1/203 1321/1/736 1323/1/738 1313/1/204
f 3998/1/6660 4002/1/870 4001/1/869 3999/1/1628
f 2511/1/6661 2512/1/6662 2909/1/6663 2910/1/6663 2912/1/6663 2911/1/6664 2913/1/6665 2914/1/6663 2916/1/2620 2942/1/5694 2915/1/5534 2973/1/5530 2972/1/3912 2887/1/3915 2886/1/6663 2891/1/6663 2508/1/6663
f 455/1/6666 589/1/6666 586/1/6666 587/1/6666 453/1/6666
f 3625/1/1111 3535/1/4062 3607/1/4061
f 3568/1/1117 3535/1/4062 3625/1/1111
f 3406/1/1427 3429/1/6531 3377/1/6534 3403/1/1424
f 2546/1/6667 2547/1/6668 2511/1/6669 2508/1/6669 2509/1/6669 2510/1/6670
f 4107/1/4408 4097/1/5676 4096/1/3481 4104/1/3480 4105/1/4409
f 120/1/6671 119/1/6672 494/1/6671 266/1/6671 268/1/6671 271/1/6673 457/1/6671 492/1/6671 121/1/6671
f 3618/1/6607 3619/1/1457 3621/1/1456
f 3616/1/2402 3610/1/6036 3603/1/4059
f 3609/1/1113 3610/1/6036 3616/1/2402 3615/1/2401 3614/1/5959 3623/1/1114
f 3613/1/1671 3614/1/5959 3615/1/2401
f 7/1/6674 6/1/6674 5/1/6675 107/1/3845 106/1/3844 108/1/6674 109/1/6674 110/1/6674
f 860/1/6676 859/1/2170 756/1/2169 757/1/6677 758/1/6678
f 3676/1/3931 3751/1/6679 3642/1/5130
f 3444/1/2892 3443/1/2209 3442/1/2208 3419/1/6495 3420/1/6497 3361/1/6496 3362/1/2893
f 3626/1/6680 3644/1/6681 3640/1/6682
f 3644/1/6215 3645/1/4404 3626/1/1031
f 3644/1/6683 3647/1/1030 3648/1/6684 3636/1/5925 3637/1/4715 3640/1/4714
f 3634/1/4058 3648/1/6684 3646/1/5976
f 3605/1/4419 3616/1/2402 3646/1/5976
f 3644/1/6683 3626/1/1031 3647/1/1030
f 3648/1/6684 3647/1/1030 3649/1/1029
f 3646/1/5976 3649/1/1029 3605/1/4419
f 1134/1/6685 1133/1/6686 1128/1/6687
f 1987/1/6688 1907/1/6689 1903/1/6690 2001/1/4498 2000/1/4499
f 3889/1/6691 3891/1/6692 3890/1/5663 3912/1/190 3913/1/2694
f 2630/1/6693 2633/1/6693 2631/1/6693 2629/1/6693 2628/1/6693
f 2608/1/3407 2616/1/6694 2617/1/6694 2693/1/389 2694/1/388 2695/1/1940
f 2353/1/6695 2303/1/3626 2384/1/3629 2385/1/654 2305/1/653
f 2618/1/6696 2604/1/6697 2631/1/6698 2633/1/6698 2632/1/6699
f 4193/1/713 2790/1/6242 2769/1/6700 2768/1/714
f 3375/1/6701 3327/1/6702 3326/1/6703 3325/1/6704 3374/1/6705
f 3669/1/1754 3667/1/3934 3666/1/2565 3664/1/94 3668/1/93
f 3661/1/79 3656/1/78 3630/1/927 3670/1/929 3671/1/6706
f 3671/1/6706 3672/1/4617 3662/1/91
f 3662/1/91 3672/1/4617 3673/1/1382
f 3671/1/6706 3670/1/929 3707/1/1094
f 3674/1/1383 3668/1/93 3663/1/92
f 4245/1/3597 4241/1/5230 4242/1/5229 4243/1/3220 4244/1/3223
f 3676/1/3931 3675/1/1756 3678/1/6707
f 3675/1/1756 3677/1/1755 3678/1/6707
f 3751/1/6679 3676/1/3931 3678/1/6707
f 3673/1/1382 3632/1/4616 3674/1/1383
f 1171/1/6708 1172/1/6709 1193/1/6708 1194/1/6710 1212/1/6708
f 3662/1/91 3661/1/79 3671/1/6706
f 1976/1/3906 2175/1/4568 2048/1/4598
f 3649/1/1029 3646/1/5976 3648/1/6684
f 3648/1/6684 3634/1/4058 3636/1/5925
f 2134/1/1045 2133/1/6711 2081/1/4481 2080/1/1046
f 567/1/1614 568/1/1612 565/1/1611 1524/1/6712 1523/1/6713 1525/1/6714 1526/1/6715 570/1/1615
f 2848/1/5090 4217/1/2687 4219/1/5462 2832/1/5461
f 3743/1/888 3689/1/6716 3696/1/6412
f 3692/1/3922 3693/1/909 3694/1/4913
f 12/1/6717 13/1/6718 14/1/6719 16/1/6720 15/1/6721 17/1/6722 18/1/6723 98/1/6724 19/1/6725 20/1/6726 21/1/6727 97/1/6727
f 3692/1/3922 3694/1/4913 3697/1/3923
f 3632/1/4616 3696/1/6412 3695/1/5625
f 3702/1/3728 3701/1/910 3705/1/1093
f 1369/1/3293 1372/1/6728 4291/1/6729 1342/1/3291
f 4151/1/2024 4141/1/463 4146/1/462 4150/1/4173 4152/1/2025
f 900/1/6730 796/1/6730 794/1/6730 899/1/6731 901/1/6732
f 3631/1/4615 3705/1/1093 3697/1/3923
f 3714/1/312 3711/1/311 3684/1/4920
f 3708/1/4918 3714/1/312 3710/1/4919
f 3716/1/5377 3714/1/312 3708/1/4918
f 3232/1/6733 3305/1/6734 3307/1/4000 3347/1/3999 3231/1/6735
f 312/1/6736 308/1/6737 291/1/6738 292/1/6738 315/1/6738 306/1/6739 302/1/6738 313/1/6740 301/1/6741 314/1/6742
f 3688/1/908 3715/1/313 3714/1/312 3716/1/5377 3690/1/4911
f 3067/1/6743 3091/1/6744 3090/1/2452 3065/1/2451 3066/1/6745
f 4079/1/434 4081/1/555 4084/1/625 4089/1/435
f 3717/1/1876 3680/1/2749 4077/1/433 3764/1/696 3681/1/1875
f 3741/1/1262 3725/1/5032 3726/1/1767
f 396/1/6746 399/1/2123 400/1/2122 398/1/6746 397/1/6746
f 3727/1/5033 3725/1/5032 3741/1/1262 3737/1/1261 3734/1/5857 3728/1/3301
f 909/1/6747 1011/1/6748 938/1/6749 935/1/6750
f 3728/1/3301 3734/1/5857 3732/1/615
f 3733/1/891 3729/1/612 3732/1/615
f 3738/1/6751 3723/1/1669 3604/1/1668
f 3742/1/5008 3724/1/5007 3747/1/1028
f 3739/1/1259 3740/1/1766 3742/1/5008
f 786/1/6752 856/1/6753 855/1/2156 791/1/2158
f 3750/1/5132 3737/1/1261 3748/1/1260
f 3739/1/1259 3742/1/5008 3626/1/1031
f 3748/1/1260 3739/1/1259 3749/1/4406
f 3737/1/1261 3750/1/5132 3745/1/6754
f 3734/1/5857 3745/1/6754 3735/1/5858
f 1044/1/3198 1045/1/3197 1046/1/3196 1051/1/6755 1050/1/6756 1038/1/5349 2757/1/3200 2759/1/3199
f 3745/1/6754 3751/1/5131 3735/1/5858
f 3735/1/5858 3751/1/5131 3746/1/6757
f 3747/1/1028 3738/1/6751 3649/1/1029
f 3748/1/1260 3749/1/4406 3750/1/5132
f 3746/1/6757 3678/1/6707 3695/1/5625
f 3751/1/6758 3642/1/6759 3678/1/6760
f 3695/1/5625 3678/1/6707 3677/1/1755
f 3884/1/2305 3886/1/6761 3910/1/2693 3911/1/2692 3909/1/2306
f 2877/1/6762 2836/1/6763 2835/1/6764 2962/1/6765 2960/1/6766 2961/1/6767 2722/1/6765 2963/1/6768 2723/1/6769 2724/1/6770
f 3906/1/6771 3863/1/6244 3919/1/1926 3908/1/1925
f 3719/1/6646 3722/1/5006 3720/1/5005
f 3631/1/4615 3672/1/4617 3671/1/6706
f 3671/1/6706 3705/1/1093 3631/1/4615
f 3707/1/1094 3705/1/1093 3671/1/6706
f 3074/1/6772 3073/1/6773 3072/1/6773 3044/1/6773 3045/1/6774 3046/1/6773
f 3695/1/5625 3696/1/6412 3746/1/6757
f 3678/1/6707 3746/1/6757 3751/1/5131
f 3604/1/1668 3649/1/1029 3738/1/6751
f 3751/1/5131 3745/1/6754 3750/1/5132
f 3696/1/6412 3689/1/6716 3746/1/6757
f 3746/1/6757 3744/1/6775 3735/1/5858
f 3744/1/6775 3743/1/888 3735/1/5858
f 3626/1/1031 3749/1/4406 3739/1/1259
f 3747/1/1028 3626/1/1031 3742/1/5008
f 3738/1/6751 3747/1/1028 3724/1/5007
f 3745/1/6754 3734/1/5857 3737/1/1261
f 3733/1/891 3735/1/5858 3743/1/888
f 3728/1/3301 3599/1/3300 3727/1/5033
f 1153/1/3368 1150/1/3365 1186/1/6776 1185/1/6777 1152/1/4832
f 2364/1/417 2374/1/2501 2373/1/2500 2376/1/418
f 3684/1/4920 3710/1/4919 3714/1/312
f 3705/1/1093 3704/1/1095 3702/1/3728
f 3632/1/4616 3631/1/4615 3697/1/3923
f 3691/1/4912 3696/1/6412 3694/1/4913
f 3691/1/4912 3690/1/4911 3743/1/888
f 3696/1/6412 3691/1/4912 3743/1/888
f 3736/1/889 3743/1/888 3690/1/4911
f 3684/1/4920 3594/1/4443 3593/1/3511
f 3709/1/4921 3684/1/4920 3593/1/6778
f 3709/1/4921 3593/1/3511 3592/1/84 3730/1/5984
f 3685/1/613 3730/1/5984 3592/1/84 3591/1/88
f 3685/1/613 3591/1/88 3598/1/87
f 3686/1/614 3685/1/613 3598/1/87 3596/1/847
f 3686/1/614 3596/1/847 3574/1/6640
f 2035/1/4461 1938/1/6779 1937/1/6780 2036/1/4462
f 599/1/6781 600/1/6781 607/1/6782 606/1/6783
f 3488/1/1839 2881/1/3512 3590/1/4444
f 3594/1/4443 3754/1/6784 3752/1/584 3758/1/583 3759/1/4540 3760/1/6785 3757/1/6786 3489/1/1840 3488/1/1839 3590/1/4444
f 3485/1/3121 3489/1/1840 3757/1/6786
f 2881/1/3512 3488/1/1839 3487/1/6562 3494/1/6561 3495/1/4674 3497/1/5501 2878/1/127 3498/1/131 3755/1/5496 2862/1/5488 3756/1/5487 2880/1/562 2879/1/561 3753/1/3393
f 4100/1/2613 3761/1/2612 3485/1/3121 3757/1/6786
f 3762/1/5391 4100/1/2613 3757/1/6786 3760/1/6785
f 3763/1/697 3762/1/5391 3760/1/6785 3759/1/4540
f 544/1/6502 762/1/6787 761/1/6788 760/1/6788 759/1/6788 758/1/6789 757/1/6790 547/1/6503
f 4129/1/6016 3630/1/927 3656/1/78 3629/1/77
f 772/1/6791 773/1/6791 849/1/2125 850/1/1666 770/1/1665 771/1/6791
f 3711/1/311 3683/1/314 3752/1/584 3754/1/6784
f 3711/1/311 3754/1/6784 3594/1/4443 3684/1/4920
f 3766/1/5552 3765/1/5516 3769/1/5553
f 3769/1/5553 3765/1/5516 3483/1/6382
f 3484/1/2617 3767/1/2616 3769/1/5553 3483/1/6382
f 3482/1/2618 3485/1/3121 3761/1/2612 3768/1/2611
f 2081/1/4481 2133/1/6711 2132/1/4004 2082/1/4005
f 1546/1/6792 1545/1/1224 1633/1/1230 1632/1/1429
f 1640/1/3902 1540/1/6793 1539/1/6793 1641/1/1357
f 444/1/4324 592/1/4323 442/1/6038 441/1/6794 443/1/6795 445/1/6795 446/1/6795
f 3770/1/4052 3771/1/4054 3784/1/4053
f 3303/1/3001 3233/1/3000 3234/1/6796 3301/1/6797
f 3542/1/6592 3522/1/4041 3782/1/4040
f 3782/1/4040 3521/1/4039 3542/1/6592
f 1701/1/6194 729/1/6193 1678/1/6798
f 3781/1/4042 3522/1/4041 3543/1/4043
f 3546/1/4045 3544/1/5387 3560/1/4046
f 3555/1/4047 3556/1/6169 3779/1/4048
f 3780/1/4049 3779/1/4048 3556/1/6169
f 3556/1/6169 3557/1/6601 3780/1/4049
f 3772/1/4050 3558/1/6602 3559/1/5159
f 3772/1/4050 3780/1/4049 3558/1/6602
f 2551/1/6799 2552/1/6800 2516/1/6800 2515/1/6801 2514/1/6802
f 3773/1/4064 3536/1/4063 3537/1/948
f 3774/1/4024 3537/1/948 3538/1/947
f 2439/1/6803 2807/1/6804 2808/1/6804 2440/1/6804
f 3528/1/4027 3511/1/4029 3775/1/4028
f 3512/1/4030 3526/1/4032 3778/1/4031
f 3513/1/6586 3527/1/4034 3777/1/4033
f 3777/1/4033 3526/1/4032 3513/1/6586
f 3783/1/4037 3519/1/6581 3520/1/4038
f 3783/1/4037 3525/1/4036 3519/1/6581
f 2477/1/6805 2478/1/6806 2479/1/6807 2494/1/6808 2461/1/6809 2460/1/6810 2495/1/6811 2459/1/6812 2458/1/2350 2456/1/2349
f 3557/1/6601 3558/1/6602 3780/1/4049
f 4087/1/623 4095/1/3482 4096/1/3481 4097/1/5676 4088/1/624
f 1956/1/6087 1957/1/4331 1965/1/4333 1946/1/4327 1972/1/4328
f 3168/1/1373 3169/1/6813 3184/1/6814 3134/1/1374
f 4280/1/6815 4281/1/707 4344/1/6816 4345/1/6817
f 3796/1/1039 3785/1/5158 3804/1/3551
f 3804/1/3551 3800/1/1040 3796/1/1039
f 2763/1/6818 2761/1/5566 2760/1/5565 2829/1/6819 2830/1/6820 2831/1/6821 2832/1/6818
f 1763/1/1285 1720/1/5136 1712/1/4143 1760/1/1286
f 3807/1/5521 3808/1/5520 3788/1/209 3787/1/6822 3786/1/1434
f 3898/1/6823 3787/1/6822 3788/1/209
f 3805/1/3552 3788/1/209 3803/1/3553
f 3805/1/3552 3804/1/3551 3900/1/206
f 3511/1/4029 3507/1/6575 3508/1/6578 3512/1/4030
f 4/1/6824 1725/1/4133 1747/1/2668 105/1/2667 107/1/3845 5/1/6675
f 3811/1/1519 3816/1/1316 3789/1/2484
f 3816/1/1316 3811/1/1519 3815/1/1518
f 3793/1/4526 3814/1/1398 3817/1/5738
f 3814/1/1398 3793/1/4526 3815/1/1518
f 3817/1/5738 3814/1/1398 3813/1/1399
f 3826/1/6825 3823/1/3157 3820/1/3156 3821/1/1015 3822/1/1019 3799/1/5522
f 1176/1/6826 1175/1/6826 1066/1/6826 1065/1/6826
f 4129/1/6016 4130/1/4811 4131/1/4810 4086/1/1459 4080/1/1458
f 3606/1/1670 3723/1/1669 3738/1/6751 3724/1/5007 3722/1/5006 3719/1/6646 3617/1/3938
f 3825/1/5802 3823/1/3157 3826/1/6825
f 3892/1/5803 3825/1/5802 3827/1/1436
f 3828/1/6827 3809/1/1016 3812/1/439 3798/1/441 3795/1/3962
f 2612/1/6828 2701/1/6828 2702/1/6828 2611/1/6828
f 3173/1/6102 3118/1/6101 3119/1/6103 3176/1/162 3144/1/6829 3145/1/6830
f 1781/1/6295 1775/1/1197 1734/1/1196 1733/1/6296
f 1867/1/4224 1871/1/4071 1869/1/4070 1868/1/4225
f 3795/1/3962 4167/1/3961 4166/1/3520 3794/1/5951 3828/1/6827
f 3827/1/1436 3825/1/5802 3826/1/6825
f 2865/1/6831 2866/1/6832 2604/1/6833 2602/1/6834
f 1940/1/4396 1983/1/6835 1982/1/3047 2038/1/3052 2037/1/4397
f 1105/1/366 1106/1/1707 1082/1/1709 1084/1/367
f 3817/1/5738 3951/1/4527 3793/1/4526
f 3813/1/1399 3818/1/3155 3817/1/5738
f 3826/1/6825 3799/1/5522 3807/1/5521 3806/1/1437 3827/1/1436
f 968/1/5589 967/1/6836 953/1/6837 952/1/6838 912/1/5590
f 3788/1/209 3805/1/3552 3900/1/206
f 3808/1/5520 3803/1/3553 3788/1/209
f 3806/1/1437 3807/1/5521 3786/1/1434
f 3894/1/1435 3891/1/6692 3889/1/6691 3888/1/6839
f 3844/1/3602 3834/1/3186 3845/1/6840
f 1971/1/6841 1970/1/2198 1947/1/2027 1962/1/2026 1963/1/6842
f 1428/1/6843 1429/1/3292 1342/1/3291 1340/1/6844
f 1876/1/896 2024/1/895 2023/1/4480 2022/1/4314 1891/1/4313 1878/1/6845
f 3847/1/6304 3844/1/3602 3842/1/6846
f 3843/1/580 3847/1/6304 3842/1/6846
f 2349/1/5041 2426/1/5043 2425/1/935 2350/1/6847
f 3917/1/582 3849/1/1923 3848/1/579
f 3570/1/4959 3009/1/6848 3008/1/6849 3004/1/6850 3005/1/4960
f 3852/1/6851 3838/1/3538 3850/1/3537
f 3838/1/3538 3852/1/6851 3837/1/5157
f 3837/1/5157 3852/1/6851 3849/1/1923
f 3840/1/3184 3559/1/5159 3860/1/6852
f 3840/1/3184 3860/1/6852 3833/1/3185
f 3850/1/3537 3849/1/1923 3852/1/6851
f 1790/1/1284 1791/1/2441 1770/1/2440 1762/1/4151 1763/1/1285
f 3847/1/6304 3843/1/580 3846/1/3536
f 3843/1/580 3842/1/6846 3832/1/581
f 3832/1/581 3842/1/6846 3854/1/6853 3855/1/6854
f 3856/1/6855 3854/1/6853 3842/1/6856
f 3856/1/6855 3842/1/6846 3844/1/3602 3857/1/6857
f 3857/1/6858 3844/1/3602 3845/1/6840
f 3857/1/6857 3845/1/6859 3858/1/6860
f 3858/1/6860 3845/1/6840 3834/1/3186
f 3858/1/6860 3834/1/3186 3859/1/6861
f 3859/1/6861 3834/1/3186 3833/1/3185
f 3859/1/6861 3833/1/3185 3860/1/6852
f 3860/1/6852 3559/1/5159 3558/1/6602
f 3917/1/582 3832/1/581 3855/1/6854 3861/1/6245
f 3865/1/6862 3863/1/6244 3862/1/6246 3864/1/6863
f 3907/1/564 3865/1/6862 3864/1/6863 3866/1/6864
f 3867/1/6865 3907/1/564 3866/1/6864 3868/1/6866
f 3867/1/6865 3868/1/6866 3869/1/6867 3870/1/1641
f 3870/1/1641 3869/1/6867 3871/1/6868 3903/1/192
f 3871/1/6868 3872/1/6869 3873/1/193 3903/1/192
f 1430/1/6870 1434/1/710 1570/1/709 1571/1/6871 1562/1/6872 1435/1/6873
f 3886/1/6761 3884/1/2305 3888/1/6839
f 3993/1/4380 2809/1/6874 2808/1/6875 2807/1/6876 3994/1/1787
f 3889/1/6691 3913/1/2694 3886/1/6761
f 700/1/6877 702/1/6878 711/1/6879 712/1/6880
f 3891/1/6692 3893/1/6881 3890/1/5663
f 3893/1/6881 3891/1/6692 3786/1/1434
f 3918/1/563 3787/1/6822 3898/1/6823
f 3787/1/6822 3890/1/5663 3893/1/6881
f 3899/1/6882 3804/1/3551 3853/1/1922
f 194/1/6883 196/1/3297 195/1/3296 193/1/6884 190/1/6885 189/1/6886 191/1/6887 192/1/6888
f 3907/1/564 3870/1/1641 3904/1/565
f 3863/1/6244 3907/1/564 3914/1/6141
f 2042/1/4449 2156/1/4448 2155/1/6015 2059/1/4455
f 42/1/6889 43/1/6890 44/1/6889 64/1/6889 66/1/144 35/1/145 67/1/148 37/1/147 36/1/6891 38/1/6892 39/1/227 40/1/226 41/1/6889
f 3746/1/6757 3689/1/6716 3743/1/888 3744/1/6775
f 1432/1/6893 1466/1/3573 1218/1/3575 1498/1/6894 1510/1/6895
f 3912/1/190 3902/1/189 3913/1/2694
f 3319/1/4631 3350/1/4630 3225/1/6896 3226/1/817 3317/1/816
f 3918/1/563 3915/1/6897 3907/1/564
f 385/1/6898 421/1/6899 430/1/6900 417/1/6901 418/1/6902 491/1/6903 436/1/6904 435/1/6905 419/1/1552 425/1/1551 431/1/6898 420/1/6898 381/1/6898 422/1/6906 383/1/6907
f 3916/1/6140 3863/1/6244 3914/1/6141
f 3907/1/564 3915/1/6897 3914/1/6141
f 3863/1/6244 3916/1/6140 3919/1/1926
f 3916/1/6140 3896/1/207 3919/1/1926
f 4138/1/4559 4140/1/5515 4144/1/5527 4143/1/1758 4137/1/4560
f 3923/1/1672 3927/1/748 3928/1/3064 3929/1/3063 3925/1/1161 3924/1/2464
f 3925/1/1161 3929/1/3063 3932/1/1949
f 1138/1/6908 1127/1/6909 1074/1/6910 1089/1/2740 1075/1/2739 1126/1/6118
f 3887/1/4718 3949/1/4717 3892/1/5803 3888/1/6839
f 927/1/6911 789/1/6912 787/1/6913 785/1/6914 784/1/6912 917/1/6915 783/1/6916 886/1/4850 956/1/4849 918/1/6912 925/1/6912
f 2011/1/4484 1881/1/6917 1880/1/570 2012/1/574
f 3947/1/4525 3945/1/6918 3942/1/749 3941/1/741 3946/1/4516
f 3945/1/6919 3944/1/6920 3939/1/6921
f 4279/1/2430 4280/1/6815 4304/1/6922
f 4297/1/6923 4298/1/6924 4259/1/2322 4260/1/6925 4261/1/3148
f 3945/1/6918 3947/1/4525 3948/1/4524
f 3792/1/4893 3793/1/4526 3947/1/4525
f 3938/1/1317 3816/1/1316 3792/1/4893
f 3006/1/1864 3582/1/1863 3585/1/5695 3572/1/5795 3001/1/5798 3002/1/5013 3010/1/4954 3539/1/944 3537/1/948 3535/1/4062 3567/1/6478 3565/1/6477 3564/1/6608 3563/1/6606 3562/1/6605 3561/1/6604 3581/1/6647 3579/1/6645 3577/1/6642 3573/1/6641 3574/1/6640 3596/1/847 3595/1/849 3589/1/5508 3575/1/5507 3576/1/6621 3586/1/1866 3578/1/6623 3580/1/1865
f 4310/1/6926 4343/1/6927 4271/1/4087 4272/1/6928
f 3950/1/4528 3824/1/5739 3949/1/4717
f 708/1/6929 701/1/6930 700/1/6929 712/1/6931 713/1/6929 716/1/6932 715/1/6929 706/1/6929
f 3906/1/6771 3908/1/1925 3863/1/6244
f 3865/1/6862 3907/1/564 3863/1/6244
f 3867/1/6865 3870/1/1641 3907/1/564
f 3873/1/193 3877/1/2690 3902/1/189
f 3877/1/2690 3878/1/1873 3901/1/2691
f 4314/1/6933 4335/1/6934 4294/1/6935 4256/1/2426 4315/1/6936
f 4040/1/4801 4035/1/2997 4038/1/2996 4039/1/520 4041/1/519 4046/1/4369
f 3824/1/5739 3950/1/4528 3951/1/4527
f 2908/1/6937 2907/1/6938 2987/1/6939 2986/1/6940 2909/1/6941
f 3948/1/4524 3939/1/4914 3945/1/6918
f 3939/1/4914 3949/1/4717 3944/1/1086
f 823/1/2218 870/1/2119 848/1/2118 847/1/2107
f 1851/1/966 1853/1/879 1852/1/4223 1850/1/967
f 1092/1/6942 1089/1/6943 1074/1/6944 1091/1/6945
f 967/1/6946 965/1/6947 966/1/6948 964/1/2314 961/1/2313 953/1/6947
f 3934/1/1872 3879/1/1947 3933/1/1952
f 3932/1/1949 3930/1/1162 3925/1/1161
f 3049/1/6949 3050/1/6950 3078/1/6951 3077/1/1880 3048/1/1879
f 3895/1/208 3914/1/6141 3915/1/6897
f 1033/1/6952 1034/1/6953 1035/1/6954 1036/1/6955 1038/1/5349 1050/1/6756 1051/1/6956 1052/1/6956 1048/1/6957 1049/1/6958 1054/1/6959 1053/1/3704 903/1/3703 904/1/6956 905/1/6960 1032/1/6961
f 3804/1/3551 3899/1/6882 3900/1/206
f 3897/1/1924 3899/1/6882 3853/1/1922
f 3899/1/6882 3897/1/1924 3900/1/206
f 3788/1/209 3895/1/208 3898/1/6823
f 3900/1/206 3897/1/1924 3919/1/1926
f 3900/1/206 3919/1/1926 3896/1/207
f 3890/1/5663 3787/1/6822 3918/1/563
f 3786/1/1434 3787/1/6822 3893/1/6881
f 3894/1/1435 3786/1/1434 3891/1/6692
f 3892/1/5803 3827/1/1436 3894/1/1435
f 3892/1/5803 3894/1/1435 3888/1/6839
f 3889/1/6691 3886/1/6761 3888/1/6839
f 3887/1/4718 3888/1/6839 3884/1/2305
f 3913/1/2694 3910/1/2693 3886/1/6761
f 3873/1/193 3872/1/6869 3953/1/1798
f 3877/1/2690 3873/1/193 3953/1/1798
f 3877/1/2690 3953/1/1798 3954/1/1801
f 3878/1/1873 3877/1/2690 3954/1/6962
f 714/1/287 711/1/6963 702/1/6964 703/1/288
f 3934/1/1872 3955/1/6965 3956/1/6966 3879/1/1947
f 3880/1/1948 3879/1/1947 3956/1/4383 3957/1/4382
f 2816/1/6967 2467/1/6968 2468/1/6969 2815/1/6970
f 2832/1/6971 4216/1/6972 2853/1/6973 2833/1/6974
f 2988/1/5763 2995/1/5771 3966/1/5773 3964/1/5775 3963/1/5931 3962/1/5937 3967/1/6975 3961/1/6976 3959/1/6977 3960/1/6978 3958/1/5935 2827/1/1799 3953/1/1798 3872/1/6869 3871/1/6868 3869/1/6867 3868/1/6866 3866/1/6864 3864/1/6863 3862/1/6246 3861/1/6245 3855/1/6854 3854/1/6853 3856/1/6855 3857/1/6857 3858/1/6860 3859/1/6861 3860/1/6852 3558/1/6602 3556/1/6169 3554/1/1423 2985/1/1422 2986/1/5759 2987/1/5761
f 1196/1/6979 1195/1/6980 1194/1/6980 1266/1/6981 1267/1/6982
f 569/1/6983 570/1/6984 1526/1/6985 1527/1/6986 1528/1/6987
f 652/1/6988 653/1/6989 3184/1/6814 3169/1/6813 3236/1/6990 651/1/1790 660/1/1792 659/1/6991 654/1/6989
f 3553/1/1415 3552/1/5386 2989/1/1416
f 3967/1/6975 3962/1/6992 3961/1/6976
f 3958/1/6993 3960/1/6978 3959/1/6977
f 3959/1/6977 3961/1/6976 3958/1/6993
f 3961/1/6994 3962/1/6995 3968/1/6996
f 3961/1/6997 3969/1/6998 3960/1/6999
f 3960/1/6999 3958/1/7000 3961/1/6997
f 3967/1/7001 3968/1/6996 3962/1/6995
f 473/1/7002 134/1/7003 133/1/2755 472/1/2754
f 3931/1/1159 3880/1/1948 3957/1/4382 3972/1/552
f 3931/1/1159 3972/1/552 3973/1/551 3952/1/1160
f 2874/1/7004 2875/1/7005 2707/1/7006 2621/1/7007
f 675/1/7008 673/1/6019 3250/1/3041 3252/1/3040 3251/1/7009 3249/1/7010 3262/1/7011
f 4150/1/4173 4146/1/462 4139/1/461 4136/1/4558 4125/1/665 4123/1/664 4122/1/991 4124/1/3523 4147/1/3522
f 1301/1/2986 1310/1/2638 1309/1/2641 1307/1/2987
f 1982/1/7012 1983/1/7013 1936/1/7014 1944/1/7015 1985/1/3909 1981/1/3908
f 3989/1/7016 3990/1/553 3986/1/669
f 3992/1/1002 3978/1/6553 3979/1/5078
f 3992/1/1002 2268/1/1001 3978/1/6553
f 2027/1/4475 2026/1/893 1874/1/892 1873/1/7017
f 3975/1/549 3990/1/553 3989/1/7016
f 1319/1/809 1317/1/808 1320/1/5903 1322/1/5902
f 394/1/7018 396/1/7018 397/1/7018 395/1/7018 393/1/7018
f 2624/1/7019 2679/1/7020 2678/1/5215 2677/1/5212 2625/1/5252
f 3975/1/549 3989/1/7016 3986/1/669
f 3972/1/552 3957/1/4382 3990/1/553
f 4247/1/3151 4258/1/2321 4266/1/2325 4265/1/6284 4264/1/7021 4239/1/7022 4240/1/5231 4241/1/5230 4245/1/3597 4246/1/3596
f 4007/1/7023 4012/1/7024 4013/1/7025
f 4012/1/7024 4007/1/7023 4006/1/7026
f 4012/1/7024 4006/1/7026 4004/1/7027
f 4004/1/7027 4011/1/7028 4012/1/7024
f 4011/1/7028 4004/1/7027 3998/1/6660
f 3998/1/6660 3999/1/1628 4009/1/7029
f 3999/1/1628 4000/1/1823 4009/1/7029
f 3998/1/6660 4009/1/7029 4010/1/7030
f 3998/1/6660 4010/1/7030 4011/1/7028
f 3998/1/7031 4003/1/307 4002/1/870
f 4006/1/7026 4005/1/308 4003/1/307 4004/1/7027
f 3998/1/6660 4004/1/7027 4003/1/7032
f 4015/1/7033 4007/1/7023 4013/1/7025
f 4015/1/7033 4008/1/4794 4007/1/7023
f 4015/1/7033 4014/1/7034 2296/1/2938
f 2296/1/2938 4016/1/4795 4015/1/7033
f 4016/1/4795 4008/1/4794 4015/1/7033
f 4006/1/7026 4018/1/7035 4005/1/308
f 1453/1/7036 1442/1/7036 1443/1/7036 1441/1/7036 1461/1/7036 1460/1/7036 1458/1/7036 1455/1/7036 1451/1/7036
f 2321/1/4854 2314/1/7037 2404/1/7038 2403/1/7039 2412/1/4855
f 4055/1/1213 4054/1/1216 4053/1/2927
f 612/1/7040 3127/1/7041 634/1/7042 635/1/7042 636/1/7043 637/1/7044 614/1/7045 613/1/7046
f 4058/1/269 4057/1/5730 4059/1/266
f 995/1/7047 994/1/7047 992/1/7047 993/1/7047
f 2157/1/4447 2160/1/4451 2159/1/4269 2158/1/4272
f 3875/1/3042 4062/1/267 4059/1/266
f 315/1/7048 292/1/7049 293/1/4359 307/1/4358 305/1/7050 303/1/7048 306/1/7048
f 3019/1/924 2542/1/926 2541/1/7051 3018/1/7052
f 3829/1/4051 3830/1/1036 3831/1/1041 3800/1/1040 3801/1/3550 3819/1/1017 3809/1/1016 3828/1/6827 3794/1/5951
f 2549/1/7053 2548/1/7054 3024/1/7055 3025/1/7056 2550/1/7053
f 2494/1/7057 2479/1/7058 2480/1/7059 2462/1/7060
f 4094/1/4894 4095/1/3482 4087/1/623
f 14/1/3594 13/1/7061 120/1/7061 121/1/7061 122/1/3590
f 3915/1/6897 3918/1/563 3898/1/6823 3895/1/208
f 2039/1/3051 2040/1/3050 1980/1/4437 2061/1/898 2062/1/4509 2063/1/1463
f 1481/1/7062 1482/1/7063 1490/1/7064 1483/1/7065 1480/1/7066
f 294/1/4360 293/1/4359 320/1/7067 319/1/7068 295/1/7069
f 1921/1/3624 1922/1/4612 1923/1/2955 1905/1/2954 1911/1/3625
f 2336/1/4688 2429/1/4820 2430/1/409 2337/1/408
f 376/1/3654 610/1/3653 628/1/3752 625/1/3665 624/1/4873 379/1/7070
f 1520/1/7071 1575/1/7072 1580/1/7073 1511/1/7074 1509/1/7075 1508/1/7076
f 4181/1/5998 4006/1/7026 4007/1/7023 4008/1/4794 2299/1/4798 4017/1/4797 2772/1/7077 2771/1/7078
f 3414/1/7079 3415/1/3493 3297/1/3492 3295/1/7080
f 765/1/7081 766/1/7082 864/1/7083 764/1/7084
f 384/1/7085 385/1/7086 383/1/7087 381/1/7088 380/1/7088 382/1/7089
f 3629/1/77 3657/1/76 3633/1/618 3628/1/992 4121/1/663 4126/1/667
f 4080/1/1458 4132/1/928 4129/1/6016
f 4080/1/1458 4082/1/558 4132/1/928
f 1594/1/3761 1593/1/7090 1588/1/7091 1587/1/3762
f 4094/1/4894 4078/1/5082 4135/1/1761
f 216/1/7092 215/1/7093 233/1/7093 231/1/7094 223/1/7095 224/1/7096 227/1/5373 229/1/5372 198/1/7097
f 317/1/7098 318/1/6111 3130/1/6110 324/1/7099
f 371/1/7100 608/1/7101 606/1/7102 372/1/7103
f 1096/1/7104 1097/1/7105 1098/1/3806 1099/1/1700 1095/1/7106
f 2640/1/5381 2639/1/637 2642/1/364 1352/1/7107 1353/1/7108 1358/1/362 1345/1/361 1264/1/7109 1263/1/7110 1282/1/5901 1357/1/5900 1355/1/7111 1354/1/7112 1346/1/5413 2799/1/5406 2791/1/5408 1347/1/5183 2767/1/5182
f 2954/1/7113 2741/1/7113 2955/1/7113 2953/1/7113
f 2293/1/7114 2271/1/7115 2804/1/7115 2803/1/7116 2292/1/7116
f 1301/1/7117 1298/1/7118 1294/1/7119 1302/1/7120 1303/1/5574 1310/1/5575
f 3942/1/749 3945/1/6918 3939/1/1085 3928/1/3064 3927/1/748
f 4170/1/1720 4175/1/2482 4174/1/4725
f 3034/1/7121 3037/1/7122 3043/1/7123 2563/1/7122 2562/1/7124 2561/1/7125 2560/1/7122 3033/1/7126
f 237/1/5550 550/1/5549 549/1/7127 238/1/7128
f 3034/1/7129 3033/1/7130 3047/1/7131 3046/1/7132 3045/1/7132
f 398/1/7133 400/1/5548 611/1/5547 612/1/7134 613/1/7133
f 1217/1/3022 1471/1/7135 1485/1/7136 1216/1/3065
f 3641/1/3932 3676/1/3931 3642/1/5130 3643/1/4405 3645/1/4404 3639/1/4713
f 3703/1/1640 3698/1/2748 3702/1/3728 3704/1/1095
f 1507/1/7137 1589/1/7138 1564/1/7139 1506/1/7140
f 3361/1/7141 3360/1/7141 3359/1/7141 3344/1/7141 3343/1/7141 3342/1/7142
f 4176/1/2481 4177/1/3681 4057/1/5730
f 4171/1/3204 4172/1/2926 4030/1/523
f 728/1/1953 726/1/7143 725/1/7144 342/1/7144 727/1/6192
f 3602/1/1768 3726/1/1767 3725/1/5032 3601/1/7145
f 945/1/7146 947/1/7146 946/1/7146 941/1/7147 940/1/7148
f 4079/1/434 3698/1/2748 3703/1/1640 3679/1/556 4081/1/555
f 3098/1/7149 3099/1/7150 3163/1/7151 3164/1/7152
f 4057/1/5730 4052/1/4726 4174/1/4725 4175/1/2482 4176/1/2481
f 3630/1/927 4129/1/6016 4132/1/928
f 3319/1/6313 3317/1/7153 3316/1/6476 3318/1/6475 3371/1/6314
f 885/1/7154 934/1/7155 933/1/263 884/1/1692
f 1706/1/4120 1705/1/5180 1703/1/6191 1704/1/2964 1707/1/3203
f 783/1/7156 798/1/7157 895/1/7158 892/1/632 886/1/631
f 1488/1/7159 1484/1/7159 1483/1/7159 1487/1/7160 1489/1/7161 1452/1/7162
f 4227/1/2825 4220/1/5264 4203/1/7163 4204/1/5517 4202/1/2826
f 3256/1/7164 3254/1/7165 3255/1/3039 672/1/3038
f 609/1/535 664/1/1503 598/1/1502 605/1/7166 388/1/7167 387/1/5820
f 3172/1/794 3148/1/793 3149/1/6142 3171/1/6073 3113/1/6072 3114/1/7168
f 2298/1/4680 2297/1/4679 2780/1/7169 2779/1/7170
f 914/1/7171 913/1/7172 990/1/7173 991/1/7174 1003/1/7175 993/1/7176
f 2720/1/5306 2732/1/3776 2728/1/3985 2730/1/5289
f 3458/1/805 3416/1/3494 3417/1/5376 3462/1/806
f 1507/1/7177 1504/1/7178 1587/1/7179 1588/1/7180 1589/1/7181
f 4194/1/2141 4197/1/2140 4018/1/7182 4006/1/7026 4181/1/5998 4182/1/6001 4195/1/6243
f 2524/1/7183 2527/1/7183 2528/1/7183 2526/1/7183 2525/1/7183
f 2881/1/3512 3753/1/3393 2857/1/7184 2856/1/7185 2885/1/7186
f 4193/1/713 4194/1/2141 2790/1/6242
f 4194/1/2141 4195/1/6243 2790/1/6242
f 1557/1/7187 1559/1/7188 1569/1/7189 1573/1/7190
f 1319/1/809 1322/1/1883 1321/1/1891 1318/1/810
f 188/1/7191 189/1/7192 190/1/7192 187/1/7193 185/1/7193 184/1/7193 186/1/7194
f 4223/1/2295 4228/1/2294 4292/1/7195 4229/1/2293 4201/1/2292 4243/1/3220 4242/1/5229
f 3018/1/7196 3063/1/7197 3062/1/7198 3019/1/7199
f 4200/1/2291 4199/1/857 4190/1/673 4187/1/677
f 4200/1/2291 4187/1/677 4189/1/3221 4201/1/2292
f 3766/1/7200 4178/1/7201 3765/1/7202
f 2370/1/7203 2371/1/7204 2361/1/7205 2369/1/7206
f 3765/1/5516 4178/1/2827 4202/1/2826 4204/1/5517
f 2666/1/5270 2665/1/5242 2705/1/833 2704/1/4311 2703/1/4310
f 3471/1/1626 3475/1/1625 3765/1/5516
f 3475/1/1625 3476/1/6053 3765/1/5516
f 2829/1/7207 2846/1/3682 3472/1/3687 4205/1/3686 4206/1/7208
f 394/1/7209 404/1/7209 405/1/7210 409/1/7209 410/1/7211 396/1/7209
f 4205/1/3686 4204/1/5517 4203/1/7163 2830/1/7212 2829/1/7207 4206/1/7208
f 4222/1/7213 4208/1/3517 4207/1/3516 4209/1/3477 4210/1/4252 4211/1/5232
f 4222/1/3479 4210/1/4252 4209/1/3477
f 4222/1/3479 4213/1/2689 4214/1/4253
f 2571/1/5058 2572/1/5057 2570/1/7214 2569/1/7215 2601/1/7216 2597/1/7217
f 4215/1/3478 4216/1/7218 4213/1/2689
f 4219/1/5462 4217/1/2687 4213/1/2689 2850/1/7219
f 2850/1/7219 4216/1/5463 4219/1/5462
f 2347/1/7220 2346/1/7220 2430/1/409 2429/1/4820 2428/1/4340
f 2581/1/7221 2582/1/5067 2583/1/5066 2579/1/7221 2578/1/7222 2577/1/5064 2589/1/318 2590/1/317 2580/1/7221
f 1234/1/7223 1238/1/7224 1456/1/1648 1497/1/1647
f 4218/1/5263 4221/1/5089 2831/1/5091 2830/1/7225 4203/1/7163 4220/1/5264
f 4216/1/7218 2850/1/7219 4213/1/2689
f 4223/1/7226 4212/1/4251 4214/1/4253 4230/1/7227
f 4230/1/2296 4214/1/4253 4213/1/2689 4224/1/858
f 2481/1/7228 2480/1/7228 2479/1/7228 2561/1/7228 2562/1/7228
f 3029/1/7229 3028/1/7230 3052/1/7231 3051/1/7232
f 4024/1/2735 4179/1/2828 4178/1/2827 3766/1/5552 4026/1/5551 4025/1/4701
f 1797/1/4198 1823/1/541 1824/1/1345 1812/1/4199
f 3126/1/1935 3196/1/1934 3097/1/7233 3098/1/7234 3164/1/7235 3165/1/7236
f 1986/1/647 1987/1/6688 2000/1/4499 1999/1/648
f 2216/124/5357 2215/125/5357 2214/126/5357 2213/83/5357 2212/127/5357 2211/128/5357 2210/129/5357 2209/130/5357 2208/131/5357 2207/132/5357 2206/133/5357 2205/134/5357 2204/135/5357 2203/136/5357 2202/137/5357 2201/138/5357 2200/139/5357 2199/140/5357 2198/141/5357 2197/142/5357 2196/143/5357 2195/144/5357 2194/145/5357 2193/146/5357 2192/147/5357 2191/148/5357 2190/149/5357 2189/150/5357 2188/151/5357 2187/152/5357 2186/153/5357 2185/154/5357 2184/155/5357 2223/156/5357 2222/157/5357 2221/158/5357 2220/159/5357 2219/160/5357 2218/161/5357 2217/162/5357
f 3685/1/613 3729/1/612 3733/1/891 3731/1/890 3730/1/5984
f 1672/1/7237 1671/1/3832 1609/1/7238 1673/1/7239
f 3162/1/7240 3163/1/7241 3099/1/7242 3100/1/7243 3101/1/7241 3161/1/7244
f 4233/1/5399 4216/1/7218 4215/1/3478 4234/1/5028
f 1620/1/7245 1621/1/3903 1641/1/1357 1642/1/1359
f 4238/1/3514 4208/1/3517 4222/1/7213 4239/1/3996
f 4239/1/7022 4222/1/7213 4211/1/5232 4240/1/5231
f 4242/1/5229 4210/1/4252 4212/1/4251 4223/1/2295
f 4232/1/3505 2850/1/7246 4231/1/3506
f 4216/1/7218 4233/1/5399 4231/1/3506 2850/1/7247
f 4246/1/3596 4183/1/3595 4196/1/3911 4247/1/3151
f 4248/1/3152 4247/1/3151 4196/1/3911 4184/1/3910
f 4191/1/676 4252/1/1743 4251/1/107 4186/1/110
f 4191/1/676 4254/1/7248 4253/1/1744 4252/1/1743
f 4253/1/1744 4254/1/7248 2793/1/7249
f 1985/1/3909 1944/1/7015 1945/1/2199 1970/1/2198 1971/1/6841 1963/1/6842 1964/1/4354 1953/1/4353 1975/1/4352 1952/1/4351 1984/1/4350 1978/1/4367 1977/1/4364
f 1314/1/2640 1286/1/1603 1285/1/1606 1288/1/5737 1309/1/5736
f 4292/1/7195 4228/1/2294 4229/1/2293
f 1745/1/4130 1744/1/4124 1739/1/4121 1710/1/3202
f 392/1/7250 391/1/7250 390/1/7250 371/1/7251 372/1/7252 373/1/7253 374/1/7254
f 4128/1/4561 4137/1/4560 4143/1/1758 4134/1/1757 4133/1/4809
f 4274/1/3509 4273/1/2896 4255/1/1827
f 2854/1/1824 4255/1/1827 4273/1/2896
f 3262/1/7255 3249/1/7255 3272/1/7255
f 4255/1/1827 2849/1/1826 4274/1/3509
f 966/1/7256 965/1/7256 970/1/7256 971/1/7256 920/1/7256 915/1/7256
f 3497/1/5501 2869/1/5500 2868/1/7257 2867/1/7258 2878/1/127
f 2568/1/7259 2519/1/7260 2518/1/7261 2554/1/7262 2555/1/7263 2453/1/7264
f 4038/1/2996 4036/1/2995 4027/1/5075 4028/1/3014 4037/1/3013 4039/1/520
f 3011/1/7265 3012/1/7266 2530/1/7267 2527/1/7268 2524/1/7269 2522/1/7265 2592/1/7265 3038/1/1183 3039/1/1182 3035/1/7265 3036/1/7265
f 2044/1/7270 2041/1/4450 2042/1/4449 2043/1/7271 2045/1/7272
f 3819/1/1017 3801/1/3550 3802/1/3554 3797/1/1018
f 502/1/7273 448/1/7273 447/1/7273 445/1/7274 443/1/7273 498/1/7273 505/1/7273 501/1/7275
f 2718/1/5619 2719/1/5332 2738/1/3660 2737/1/3659
f 1304/1/754 1313/1/5392 1312/1/5393 1303/1/755
f 1484/1/7276 1488/1/7276 1486/1/2399 1215/1/2398 1216/1/3065 1485/1/7136
f 3823/1/3157 3825/1/5802 3824/1/5739 3818/1/3155
f 2045/1/7272 2043/1/7271 2046/1/4446 2047/1/4445
f 4284/1/7277 4283/1/7278 4301/1/4412
f 4283/1/7278 4331/1/7279 4301/1/4412
f 3920/1/1673 3922/1/2463 3921/1/2467 3874/1/477 3885/1/482 3926/1/739
f 2668/1/5236 2701/1/1706 2700/1/1342 2669/1/1341
f 4336/1/7280 4297/1/6923 4261/1/3148
f 4298/1/6924 4312/1/2323 4259/1/2322
f 4336/1/7280 4261/1/3148 4294/1/3147
f 4294/1/6935 4335/1/6934 4336/1/7280
f 4090/1/436 4089/1/435 4091/1/3179 4092/1/2614
f 4334/1/7281 4300/1/2424 4257/1/2427
f 4257/1/2427 4293/1/3255 4334/1/7281
f 4293/1/3255 4333/1/7282 4334/1/7281
f 4333/1/7282 4293/1/3255 4282/1/3257
f 368/1/7283 663/1/7284 662/1/4938 367/1/4937
f 2633/1/7285 2630/1/5539 2675/1/5206 2632/1/5225
f 4282/1/3257 4321/1/4415 4333/1/7282
f 4282/1/3257 4284/1/7277 4321/1/4415
f 4301/1/4412 4321/1/4415 4284/1/7277
f 4320/1/7286 4288/1/396 4290/1/7287
f 4318/1/7288 4290/1/7287 4289/1/4506
f 4290/1/7287 4318/1/7288 4320/1/7286
f 4317/1/398 4286/1/7289 4287/1/395
f 4283/1/7278 4285/1/7290 4316/1/7291
f 4316/1/7291 4285/1/7290 4286/1/7289
f 4288/1/396 4320/1/7286 4330/1/397
f 4319/1/4507 4329/1/7292 4289/1/4506
f 4303/1/7293 4350/1/7294 4276/1/746
f 4276/1/746 4277/1/968 4303/1/7293
f 4273/1/3306 4274/1/7295 4352/1/7296
f 4352/1/7296 4309/1/7297 4273/1/3306
f 4302/1/7298 4352/1/7296 4274/1/7295
f 3202/1/7299 3247/1/7300 3203/1/7301 3199/1/7302
f 4351/1/747 4302/1/7298 4275/1/745
f 4274/1/7295 4275/1/745 4302/1/7298
f 4276/1/746 4350/1/7294 4351/1/747
f 3022/1/7303 3023/1/7304 2546/1/7305 2544/1/11 3021/1/10
f 4277/1/968 4349/1/971 4303/1/7293
f 4304/1/6922 4347/1/2431 4279/1/2430
f 796/1/2055 900/1/7306 894/1/7307 895/1/7308 798/1/2056
f 1891/1/7309 1890/1/7310 1887/1/7310 1888/1/7310 1889/1/7310 1892/1/7310 1893/1/7311 1886/1/725 1885/1/731 1879/1/965 1878/1/964
f 4280/1/6815 4345/1/6817 4304/1/6922
f 4340/1/7312 4341/1/7313 4270/1/3993
f 4341/1/7313 4269/1/7314 4270/1/3993
f 4272/1/6928 4305/1/7315 4310/1/6926
f 4281/1/707 4295/1/706 4343/1/6927
f 4281/1/707 4343/1/6927 4344/1/6816
f 4343/1/6927 4295/1/706 4271/1/4087
f 4268/1/7316 4342/1/7317 4306/1/7318
f 4269/1/7314 4306/1/7319 4342/1/7317
f 4342/1/7317 4268/1/7316 4269/1/7314
f 4268/1/7316 4306/1/7318 4305/1/7315
f 4305/1/7315 4272/1/6928 4268/1/7316
f 4262/1/7320 4307/1/7321 4337/1/7322
f 4337/1/7322 4263/1/7323 4262/1/7320
f 4263/1/7323 4337/1/7322 4338/1/7324 4339/1/7325 4340/1/7312 4267/1/3992
f 4340/1/7312 4270/1/3993 4267/1/3992
f 157/1/7326 156/1/3970 1676/1/3969 1702/1/7327 176/1/2666 1704/1/2964 1703/1/6191 1701/1/6194 1678/1/6798 729/1/6193 727/1/7328 342/1/7329 341/1/7330 339/1/7331 333/1/7331 334/1/7331 174/1/7331
f 4308/1/6282 4311/1/7332 4264/1/6283
f 4262/1/7320 4264/1/6283 4311/1/7332
f 4296/1/6281 4265/1/6284 4266/1/2325
f 4309/1/7297 1371/1/3307 4273/1/3306
f 4291/1/3406 4328/1/3405 4319/1/4507
f 4311/1/7332 4307/1/7321 4262/1/7320
f 4341/1/7313 4306/1/7319 4269/1/7314
f 468/1/2660 467/1/7333 983/1/7333 980/1/2661
f 4289/1/4506 4329/1/7292 4318/1/7288
f 4316/1/7291 4331/1/7334 4283/1/7278
f 4317/1/398 4316/1/7291 4286/1/7289
f 4299/1/2425 4315/1/6936 4256/1/2426
f 4266/1/2325 4313/1/2324 4296/1/6281
f 4309/1/7297 1408/1/2237 1371/1/3307
f 4303/1/7293 4349/1/971 4350/1/7294
f 4347/1/7335 4304/1/6922 4346/1/7336
f 4304/1/6922 4345/1/6817 4346/1/7336
f 4305/1/7315 4306/1/7337 4342/1/7338
f 4341/1/7313 4342/1/7339 4306/1/7319
f 4311/1/7332 4337/1/7322 4307/1/7321
f 4308/1/6282 4326/1/6437 4311/1/7332
f 4313/1/7340 4325/1/6436 4296/1/6435
f 4324/1/2911 4312/1/7341 4298/1/2908
f 4322/1/7342 4299/1/2425 4300/1/7343
f 4322/1/7342 4300/1/7343 4334/1/7344
f 4299/1/2425 4322/1/7342 4315/1/6936
f 4323/1/2910 4297/1/2909 4336/1/7345
f 4312/1/7346 4313/1/7347 4324/1/7348
f 4305/1/7315 4327/1/7349 4310/1/6926
f 4328/1/3405 4329/1/7292 4319/1/4507
f 4327/1/7349 4305/1/7315 4342/1/7338
f 1741/1/2947 1744/1/4124 1750/1/4128 1751/1/6297 1752/1/2944
f 1784/1/4158 1742/1/4100 1735/1/4108 1738/1/2946 1743/1/4159
f 2917/1/7350 2989/1/1416 2990/1/6600
l 1498 1389
