# Blender 5.0.0
# www.blender.org
mtllib AlexV2Neck.mtl
o AlexV2Neck
v 0.032707 0.089912 0.006251
v 0.032432 0.089935 0.006429
v 0.034944 0.089903 0.006245
v -0.021930 0.089917 0.006268
v -0.022206 0.089806 0.006432
v 0.035288 0.089653 0.006390
v 0.043349 0.075711 -0.022657
v 0.042467 0.075839 -0.024291
v 0.041397 0.076240 -0.026339
v 0.040736 0.076650 -0.027648
v 0.040233 0.077191 -0.028733
v 0.039708 0.077900 -0.029946
v 0.039368 0.078757 -0.030979
v 0.039244 0.079613 -0.031742
v 0.039274 0.080479 -0.032342
v 0.039792 0.081925 -0.032875
v 0.040606 0.082918 -0.032795
v 0.041907 0.083701 -0.032044
v 0.042554 0.083862 -0.031451
v 0.043669 0.083949 -0.030207
v 0.044792 0.083701 -0.028475
v 0.045479 0.083366 -0.027055
v 0.046728 0.082128 -0.023460
v 0.046161 0.082803 -0.025294
v 0.047168 0.081358 -0.021646
v 0.047393 0.080500 -0.020035
v 0.047468 0.079612 -0.018663
v 0.047174 0.078293 -0.017548
v 0.047323 0.078729 -0.017787
v 0.046399 0.077061 -0.017798
v 0.045844 0.076555 -0.018473
v 0.044726 0.075948 -0.020223
v 0.043991 0.075762 -0.021501
v -0.043629 0.075975 0.000500
v -0.043353 0.089240 0.000500
v 0.058458 0.094284 0.000500
v 0.054087 0.085490 0.000500
v 0.004674 0.058149 -0.043146
v 0.021378 0.058149 -0.037884
v 0.017573 0.058149 -0.039700
v 0.024850 0.058148 -0.035810
v 0.048305 0.073857 0.000500
v 0.046797 0.070797 0.000500
v 0.030667 0.058149 -0.031053
v 0.038166 0.058150 -0.021353
v 0.035402 0.058151 -0.025588
v 0.041497 0.058149 -0.014131
v 0.045576 0.067709 0.000500
v 0.043366 0.058149 -0.006949
v 0.044455 0.063272 0.000500
v -0.043992 0.058149 0.000500
v -0.042045 0.058149 -0.012476
v -0.043599 0.058149 -0.005430
v -0.039371 0.058149 -0.019107
v -0.034913 0.058151 -0.026266
v -0.028686 0.058149 -0.032768
v -0.022495 0.058147 -0.037268
v -0.017565 0.058149 -0.039682
v -0.004690 0.058149 -0.043188
v -0.043017 0.102713 0.000500
v -0.042795 0.111625 0.000500
v -0.034168 0.100607 -0.035405
v -0.034990 0.100350 -0.034254
v -0.032730 0.101692 -0.037418
v -0.033396 0.101106 -0.036473
v -0.032056 0.102819 -0.038519
v -0.033565 0.107764 -0.039125
v -0.032566 0.106818 -0.039684
v -0.031981 0.105726 -0.039760
v -0.031759 0.104139 -0.039315
v -0.034405 0.108217 -0.038442
v -0.035338 0.108449 -0.037453
v -0.036495 0.108440 -0.035874
v -0.037415 0.108189 -0.034231
v -0.038352 0.107665 -0.031946
v -0.039260 0.106718 -0.028496
v -0.039719 0.105856 -0.026328
v -0.039844 0.103243 -0.024603
v -0.039973 0.103943 -0.024427
v -0.039956 0.104956 -0.024959
v -0.039835 0.105511 -0.025706
v -0.038729 0.101377 -0.027415
v -0.039200 0.101921 -0.026220
v -0.039525 0.102442 -0.025382
v -0.036755 0.100371 -0.031524
v -0.037740 0.100699 -0.029672
v -0.035874 0.100237 -0.032968
v -0.042377 0.128763 0.001486
v -0.042210 0.128886 -0.029668
v -0.041986 0.128796 -0.036368
v -0.039988 0.127636 -0.041598
v -0.038544 0.126158 -0.042851
v -0.036386 0.123939 -0.044074
v -0.033812 0.121287 -0.045008
v -0.031329 0.118727 -0.045614
v -0.033093 0.120621 -0.045226
v -0.027309 0.114659 -0.046112
v -0.023774 0.110951 -0.046183
v -0.016013 0.102870 -0.045647
v 0.002386 0.090888 -0.045179
v -0.002123 0.092655 -0.045217
v 0.006628 0.089826 -0.045110
v 0.020376 0.089271 -0.044477
v 0.023431 0.089666 -0.044229
v 0.027589 0.090698 -0.043845
v 0.036159 0.094318 -0.042740
v 0.032591 0.092530 -0.043262
v 0.038887 0.095299 -0.042010
v 0.037434 0.094970 -0.042522
v 0.045544 0.095168 -0.037587
v 0.041989 0.095270 -0.040229
v 0.047698 0.095217 -0.035616
v 0.050019 0.095236 -0.033005
v 0.052000 0.095232 -0.030120
v 0.053545 0.095147 -0.026890
v 0.055326 0.095170 -0.022263
v 0.057024 0.095393 -0.016438
v 0.056167 0.095183 -0.019386
v 0.057755 0.095209 -0.012707
v 0.058209 0.095211 -0.009577
v 0.058913 0.095325 -0.001887
v -0.014234 0.086603 -0.043266
v -0.012564 0.086747 -0.043591
v -0.015457 0.085984 -0.042909
v -0.014516 0.078826 -0.042174
v -0.015647 0.079495 -0.041919
v -0.017011 0.081671 -0.041767
v -0.016992 0.083730 -0.042097
v -0.016420 0.084981 -0.042484
v -0.011761 0.078733 -0.042816
v -0.013011 0.078553 -0.042520
v -0.009296 0.084465 -0.043816
v -0.008897 0.082443 -0.043667
v -0.009380 0.080742 -0.043437
v -0.010101 0.079764 -0.043230
v -0.004848 0.094012 -0.045235
v -0.010183 0.085648 -0.043823
v 0.013846 0.073461 -0.042869
v 0.013532 0.074840 -0.043133
v 0.014512 0.072400 -0.042558
v 0.015161 0.071794 -0.042299
v 0.019744 0.071511 -0.040812
v 0.018532 0.071042 -0.041139
v 0.016886 0.071021 -0.041675
v 0.021486 0.076567 -0.041591
v 0.021701 0.074836 -0.041035
v 0.021180 0.072935 -0.040649
v 0.020563 0.072169 -0.040674
v 0.018960 0.078962 -0.042833
v 0.020469 0.078043 -0.042275
v 0.014034 0.076981 -0.043365
v 0.015035 0.078230 -0.043402
v 0.016336 0.078955 -0.043316
v 0.017474 0.079177 -0.043162
v -0.043140 0.091720 -0.004300
v 0.002634 0.074930 -0.043966
v 0.007966 0.072742 -0.043585
v 0.043555 0.085456 -0.031658
v 0.039432 0.085449 -0.035676
v 0.013088 0.085269 -0.044498
v 0.034719 0.085442 -0.039031
v 0.029847 0.085429 -0.041503
v 0.041050 0.094258 -0.040221
v 0.029022 0.076616 -0.038114
v 0.033900 0.076630 -0.034719
v 0.055704 0.094272 -0.019300
v 0.052278 0.085479 -0.013823
v 0.052153 0.094266 -0.028572
v 0.054133 0.094268 -0.024019
v 0.049044 0.085467 -0.022952
v 0.049312 0.094264 -0.032949
v 0.050877 0.085473 -0.018438
v 0.058139 0.094058 -0.005010
v 0.053275 0.085485 -0.009125
v 0.047358 0.072408 -0.004063
v 0.046766 0.072553 -0.008548
v 0.035763 0.072233 -0.030295
v 0.031370 0.072216 -0.034365
v 0.000476 0.065877 -0.043601
v 0.005624 0.066149 -0.043351
v 0.011043 0.065852 -0.042432
v 0.026450 0.072199 -0.037775
v 0.024282 0.067690 -0.037524
v 0.029222 0.067709 -0.034104
v 0.015220 0.067636 -0.041567
v 0.013940 0.062942 -0.041423
v 0.022944 0.062974 -0.037369
v 0.018067 0.062961 -0.039869
v 0.019397 0.067667 -0.040022
v 0.027897 0.062986 -0.033942
v 0.032345 0.062996 -0.029855
v 0.045799 0.072803 -0.012957
v 0.033648 0.067726 -0.030023
v 0.039237 0.072247 -0.026029
v 0.041851 0.072260 -0.021826
v 0.039823 0.067755 -0.021601
v 0.037165 0.067741 -0.025768
v 0.043919 0.072273 -0.017527
v 0.041925 0.067768 -0.017346
v 0.043527 0.067779 -0.013016
v 0.045357 0.067792 -0.004111
v 0.044666 0.067787 -0.008609
v 0.042316 0.063028 -0.012933
v 0.038574 0.063014 -0.021462
v 0.035888 0.063005 -0.025607
v 0.040698 0.063021 -0.017233
v 0.044163 0.063036 -0.004086
v 0.043466 0.063033 -0.008556
v -0.028806 0.085039 -0.035676
v -0.030284 0.093932 -0.036918
v -0.025832 0.093965 -0.040221
v -0.040486 0.093831 -0.019300
v -0.038915 0.093850 -0.024019
v -0.038418 0.084945 -0.022952
v -0.042496 0.102369 -0.009774
v -0.041687 0.093817 -0.014461
v -0.041699 0.075998 -0.013332
v -0.042793 0.075985 -0.008811
v -0.040251 0.084924 -0.018438
v -0.038013 0.073345 -0.022099
v -0.036105 0.084973 -0.027335
v -0.036935 0.093874 -0.028572
v -0.032929 0.085005 -0.031658
v -0.034094 0.093902 -0.032949
v -0.035606 0.076068 -0.026382
v -0.032200 0.076101 -0.030663
v -0.027867 0.076137 -0.034719
v -0.040188 0.074034 -0.017591
v -0.031961 0.067176 -0.030023
v -0.035477 0.067147 -0.025768
v -0.027535 0.067208 -0.034104
v -0.022595 0.067243 -0.037524
v -0.024093 0.085076 -0.039031
v -0.021058 0.093994 -0.042672
v -0.022988 0.076177 -0.038114
v -0.019221 0.085111 -0.041503
v -0.002462 0.085157 -0.044498
v -0.003195 0.076290 -0.043831
v -0.004247 0.067374 -0.043402
v -0.013532 0.067306 -0.041567
v -0.017709 0.067277 -0.040022
v -0.018079 0.076214 -0.040602
v -0.010107 0.067329 -0.042473
v -0.042411 0.111629 -0.010555
v -0.042371 0.120540 -0.011133
v -0.041775 0.120546 -0.022685
v -0.041277 0.111642 -0.021463
v -0.041321 0.120552 -0.028205
v -0.040411 0.111652 -0.026694
v -0.039725 0.116116 -0.033748
v -0.041225 0.124370 -0.035478
v -0.038568 0.117112 -0.037301
v -0.040355 0.125010 -0.038956
v -0.036013 0.111690 -0.038193
v -0.038506 0.111674 -0.034011
v -0.035350 0.120582 -0.043422
v -0.041048 0.107189 -0.020880
v -0.040837 0.102737 -0.020322
v -0.041788 0.102726 -0.015216
v -0.030710 0.111718 -0.043205
v -0.030212 0.102831 -0.040101
v -0.025819 0.102857 -0.042959
v -0.026262 0.111734 -0.045605
v -0.020996 0.102876 -0.044884
v -0.016307 0.094012 -0.044066
v -0.018654 0.094005 -0.043519
v 0.038233 0.076642 -0.030663
v -0.011640 0.094017 -0.044707
v 0.021127 0.085362 -0.043721
v 0.025299 0.085402 -0.042963
v 0.042404 0.095201 -0.039949
v 0.046124 0.095166 -0.037029
v 0.051406 0.095137 -0.030904
v 0.053924 0.095247 -0.026080
v 0.053387 0.095344 -0.027399
v 0.052663 0.095141 -0.028687
v 0.055658 0.095372 -0.021410
v 0.054611 0.095161 -0.024120
v 0.056725 0.095192 -0.017481
v 0.057358 0.095203 -0.014527
v 0.058036 0.095410 -0.011215
v 0.058578 0.095419 -0.007219
v 0.058909 0.095231 -0.001200
v 0.038924 0.096316 -0.041814
v 0.038937 0.095836 -0.042045
v 0.043872 0.096663 -0.037998
v 0.047125 0.096654 -0.035103
v 0.049714 0.096646 -0.032428
v 0.052697 0.096675 -0.026869
v 0.055425 0.096674 -0.018997
v 0.058233 0.096640 0.000527
v 0.058966 0.096029 -0.001179
v 0.058969 0.095370 0.000500
v 0.042013 0.096355 -0.040030
v 0.042152 0.095804 -0.040247
v 0.045028 0.095778 -0.038155
v 0.047611 0.096207 -0.035686
v 0.047997 0.095549 -0.035484
v 0.050196 0.095751 -0.032970
v 0.051666 0.096477 -0.030114
v 0.051976 0.095958 -0.030298
v 0.053742 0.095960 -0.026752
v 0.055347 0.096485 -0.021312
v 0.055693 0.095984 -0.021421
v 0.056844 0.096353 -0.016396
v 0.057311 0.096663 -0.010743
v 0.058317 0.096324 -0.007244
v 0.038061 0.095159 -0.042336
v 0.036555 0.096250 -0.041745
v 0.036059 0.095869 -0.042195
v 0.036293 0.095579 -0.042620
v 0.036682 0.094854 -0.042711
v 0.037960 0.096636 -0.041490
v 0.037365 0.096198 -0.042342
v 0.037349 0.095519 -0.042647
v 0.056807 0.096658 0.001202
v 0.056600 0.096673 -0.005759
v 0.043856 0.096678 -0.036391
v 0.037625 0.096606 -0.040268
v -0.012456 0.099361 -0.045377
v -0.005353 0.094264 -0.045239
v -0.012133 0.099278 -0.045387
v -0.001576 0.092382 -0.045213
v 0.010726 0.089124 -0.045001
v 0.019211 0.089061 -0.044563
v 0.014774 0.088891 -0.044829
v 0.023932 0.089790 -0.044183
v 0.029483 0.091323 -0.043664
v -0.004221 0.093864 -0.045222
v -0.011504 0.100041 -0.044402
v -0.014257 0.102711 -0.044670
v -0.014344 0.102597 -0.045088
v -0.012830 0.100472 -0.045326
v -0.008581 0.097658 -0.044588
v -0.000434 0.093094 -0.044263
v 0.003320 0.091743 -0.044176
v 0.007748 0.090630 -0.044149
v 0.012528 0.090079 -0.043927
v 0.021205 0.090470 -0.043466
v 0.025878 0.091502 -0.043064
v 0.029498 0.092720 -0.042658
v -0.011611 0.099892 -0.044971
v -0.008797 0.097245 -0.045160
v -0.009079 0.096852 -0.045281
v -0.004569 0.095067 -0.044371
v -0.005394 0.095163 -0.045029
v -0.005777 0.094751 -0.045230
v -0.000621 0.092222 -0.045183
v 0.003270 0.091559 -0.044709
v 0.003078 0.090911 -0.045146
v 0.007603 0.090278 -0.044886
v 0.012558 0.089904 -0.044491
v 0.008595 0.089576 -0.045068
v 0.012531 0.089201 -0.044906
v 0.016371 0.090004 -0.043860
v 0.016419 0.089684 -0.044500
v 0.016453 0.089081 -0.044734
v 0.021023 0.090024 -0.044238
v 0.022364 0.089649 -0.044336
v 0.025999 0.091265 -0.043656
v 0.026202 0.090676 -0.044012
v 0.029663 0.092489 -0.043346
v 0.033792 0.094642 -0.042227
v 0.033236 0.093867 -0.043064
v 0.033513 0.093355 -0.043211
v 0.034845 0.094797 -0.042783
v 0.035278 0.094058 -0.042917
v 0.056397 0.096515 0.000500
v 0.055894 0.096198 -0.004523
v 0.055346 0.096134 -0.009196
v 0.055331 0.096212 -0.009795
v 0.053333 0.096166 -0.018907
v 0.050066 0.096212 -0.027478
v 0.047248 0.096291 -0.031923
v 0.045284 0.096241 -0.033979
v 0.039984 0.096135 -0.038057
v 0.038398 0.096579 -0.039529
v 0.038207 0.096241 -0.039169
v 0.056020 0.096111 0.000500
v 0.055647 0.096531 -0.009841
v 0.054710 0.096639 -0.016601
v 0.052215 0.096602 -0.024069
v 0.050057 0.096675 -0.029220
v 0.050658 0.096475 -0.026979
v 0.047675 0.096630 -0.032279
v 0.045515 0.096548 -0.034215
v 0.042778 0.096262 -0.036213
v 0.040417 0.096668 -0.038725
v 0.040114 0.096425 -0.038239
v 0.037580 0.096091 -0.039382
v 0.036558 0.095728 -0.039684
v 0.033103 0.094278 -0.040852
v 0.036108 0.095641 -0.039881
v 0.037557 0.096434 -0.039740
v 0.037075 0.096259 -0.039863
v 0.036390 0.096137 -0.040376
v 0.029224 0.092563 -0.041243
v 0.024704 0.091150 -0.041967
v 0.019732 0.090284 -0.042446
v 0.015921 0.090000 -0.042662
v 0.012102 0.090074 -0.042766
v 0.010054 0.090307 -0.043026
v 0.005947 0.091052 -0.043129
v -0.009229 0.098132 -0.043123
v -0.012398 0.100788 -0.043221
v 0.034657 0.094651 -0.039980
v 0.031233 0.092839 -0.040451
v 0.028603 0.091642 -0.040755
v 0.019717 0.089908 -0.041713
v 0.011455 0.089378 -0.042030
v 0.015471 0.089246 -0.041823
v 0.006181 0.090062 -0.042125
v 0.002295 0.091259 -0.042228
v -0.003053 0.093392 -0.042245
v -0.002003 0.092824 -0.042222
v -0.006294 0.095098 -0.042250
v -0.012290 0.099656 -0.042416
v -0.012626 0.100066 -0.042458
v -0.014118 0.101433 -0.042519
v 0.032692 0.093657 -0.040353
v 0.029263 0.092000 -0.040733
v 0.025115 0.090640 -0.041145
v 0.023522 0.090627 -0.041495
v 0.010012 0.090118 -0.042436
v 0.006159 0.090645 -0.042377
v 0.002529 0.091948 -0.042976
v -0.001314 0.093432 -0.043024
v -0.001247 0.092904 -0.042347
v -0.002773 0.093955 -0.042639
v -0.006063 0.095982 -0.043149
v -0.006324 0.095576 -0.042413
v -0.010460 0.098213 -0.042399
v -0.019237 0.106898 -0.042987
v -0.023170 0.112234 -0.044086
v -0.022431 0.110511 -0.043201
v -0.023329 0.111671 -0.043321
v -0.025195 0.113623 -0.043257
v -0.028357 0.117817 -0.043750
v -0.025781 0.114277 -0.043225
v -0.028420 0.117268 -0.043053
v -0.031666 0.120859 -0.042464
v -0.034638 0.124584 -0.042113
v -0.035293 0.125041 -0.041234
v -0.037181 0.127016 -0.039725
v -0.035758 0.125439 -0.040827
v -0.038464 0.128682 -0.038597
v -0.038252 0.128313 -0.038529
v -0.019158 0.107465 -0.043269
v -0.031912 0.121598 -0.042972
v -0.033949 0.123576 -0.041926
v -0.037498 0.127540 -0.039734
v -0.023156 0.112267 -0.045267
v -0.034090 0.123991 -0.043800
v -0.035976 0.126014 -0.042967
v -0.036673 0.126761 -0.042562
v -0.038432 0.128640 0.000500
v -0.039287 0.126998 0.000500
v -0.039154 0.127007 -0.023000
v -0.038833 0.127065 -0.033912
v -0.040576 0.128354 -0.040913
v -0.036858 0.124424 -0.043884
v -0.034442 0.121937 -0.044854
v -0.030723 0.118103 -0.045689
v -0.027099 0.114599 -0.046147
v -0.023403 0.110570 -0.046193
v -0.024545 0.111743 -0.046162
v -0.019665 0.106800 -0.045993
v -0.019075 0.106130 -0.045927
v -0.019230 0.107384 -0.045840
v -0.018941 0.107719 -0.045167
v -0.023952 0.111511 -0.046233
v -0.023285 0.112140 -0.045788
v -0.026828 0.114918 -0.046200
v -0.026341 0.115355 -0.045841
v -0.026170 0.115488 -0.045296
v -0.030089 0.117850 -0.045858
v -0.029607 0.118299 -0.045856
v -0.031848 0.121565 -0.044649
v -0.032643 0.121084 -0.045426
v -0.032244 0.121417 -0.045247
v -0.035392 0.123025 -0.044538
v -0.034827 0.123620 -0.044737
v -0.034300 0.123975 -0.044333
v -0.037339 0.125088 -0.043662
v -0.037135 0.125957 -0.043749
v -0.036238 0.126036 -0.043500
v -0.038056 0.125880 -0.043257
v -0.037099 0.126757 -0.043231
v -0.039128 0.127632 -0.042477
v -0.038743 0.127973 -0.042456
v -0.037951 0.128116 -0.041731
v -0.040353 0.128890 -0.041179
v -0.039784 0.129339 -0.041113
v -0.039559 0.129799 -0.040006
v -0.040436 0.129915 -0.040072
v -0.040115 0.130000 -0.040116
v -0.040684 0.129599 -0.040418
v -0.041015 0.128995 -0.040292
v -0.042312 0.128977 -0.011698
v -0.042252 0.128920 -0.026375
v -0.042262 0.128929 -0.023874
v -0.042136 0.128924 -0.035067
v -0.041818 0.128831 -0.037697
v -0.041196 0.128721 -0.039744
v -0.041283 0.129992 -0.035388
v -0.042341 0.129151 0.000500
v -0.042112 0.129647 0.000500
v -0.041551 0.129965 0.000500
v -0.040991 0.129504 -0.040018
v -0.041665 0.129528 -0.037729
v -0.041226 0.129901 -0.037634
v -0.041965 0.129558 -0.035137
v -0.042250 0.129063 -0.024980
v -0.041926 0.129738 -0.024977
v -0.042303 0.129114 -0.012898
v -0.042092 0.129633 -0.012897
v 0.010176 0.058147 -0.042172
v 0.005779 0.058149 -0.043048
v 0.013587 0.058150 -0.041345
v 0.019823 0.058146 -0.038700
v 0.027994 0.058149 -0.033238
v 0.031243 0.058149 -0.030387
v 0.038895 0.058151 -0.019912
v 0.041935 0.058150 -0.012446
v 0.044005 0.058148 0.000500
v 0.043160 0.058146 -0.007727
v -0.043650 0.058152 -0.004734
v -0.039230 0.058151 -0.019130
v -0.031797 0.058151 -0.029693
v -0.028226 0.058148 -0.033117
v -0.018940 0.058146 -0.039103
v -0.010103 0.058147 -0.042310
v -0.013498 0.058147 -0.041373
v -0.005212 0.058149 -0.043146
v 0.000186 0.058147 -0.043460
v -0.043934 0.058152 -0.000513
v -0.042388 0.003500 -0.011121
v -0.039767 0.003500 -0.018248
v -0.022572 0.003500 -0.037177
v -0.018276 0.003467 -0.039520
v -0.005360 0.003500 -0.043116
v 0.012992 0.003500 -0.041495
v 0.005360 0.003500 -0.043116
v 0.022572 0.003500 -0.037177
v 0.043994 0.003431 0.000451
v 0.039914 0.021273 -0.018002
v 0.040500 0.020519 -0.016703
v 0.040929 0.019167 -0.015647
v 0.033231 0.016609 -0.028317
v 0.040875 0.017398 -0.015791
v 0.035584 0.022405 -0.025378
v 0.037391 0.022591 -0.022694
v 0.038692 0.022161 -0.020413
v 0.034823 0.014978 -0.026388
v 0.033400 0.020615 -0.028142
v 0.034572 0.021870 -0.026713
v 0.039759 0.015565 -0.018332
v 0.038123 0.014622 -0.021433
v 0.036430 0.014433 -0.024162
v -0.033675 0.022210 -0.027810
v -0.034911 0.022589 -0.026280
v -0.032582 0.021509 -0.029072
v -0.031784 0.020424 -0.029928
v -0.031314 0.018723 -0.030412
v -0.031605 0.016963 -0.030114
v -0.032608 0.015513 -0.029039
v -0.033700 0.014745 -0.027791
v -0.034018 0.003500 -0.027295
v -0.035049 0.014417 -0.026093
v -0.036760 0.014647 -0.023666
v -0.038284 0.015597 -0.021176
v -0.039072 0.016633 -0.019735
v -0.039457 0.018481 -0.018974
v -0.039070 0.020346 -0.019736
v -0.037922 0.021731 -0.021804
v -0.038237 0.021494 -0.021273
v -0.036307 0.022485 -0.024341
v -0.043928 0.003500 -0.000513
v -0.042555 0.003500 -0.010346
v -0.043855 0.003500 -0.001525
v -0.039511 0.003500 -0.018717
v -0.021358 0.003500 -0.037842
v -0.013191 0.003500 -0.041421
v -0.004458 0.003500 -0.043181
v 0.004458 0.003500 -0.043181
v 0.021358 0.003500 -0.037842
v 0.042555 0.003500 -0.010346
v 0.039512 0.003500 -0.018718
v 0.033244 0.003436 -0.028306
v 0.034780 0.003500 -0.026274
v -0.034780 0.003500 -0.026274
v -0.044000 0.003460 0.000500
v 0.043678 0.003066 0.000500
v -0.043721 0.003102 0.000500
v 0.039709 0.003046 -0.017634
v 0.043246 0.003071 -0.005718
v 0.041921 0.003071 -0.011809
v 0.036732 0.003059 -0.023107
v 0.033019 0.003071 -0.028111
v 0.028611 0.003071 -0.032519
v 0.023621 0.003071 -0.036255
v 0.018144 0.003069 -0.039230
v 0.006216 0.003069 -0.042732
v 0.000000 0.003071 -0.043191
v -0.012319 0.003101 -0.041453
v -0.018164 0.003101 -0.039274
v -0.023621 0.003071 -0.036255
v -0.028611 0.003071 -0.032519
v -0.033019 0.003071 -0.028111
v -0.039743 0.003071 -0.017650
v -0.043232 0.003069 -0.005716
v 0.012327 0.003135 -0.041482
v -0.006230 0.003171 -0.042833
v -0.036846 0.003201 -0.023180
v -0.042006 0.003171 -0.011834
v 0.023775 0.003356 -0.036495
v 0.006256 0.003309 -0.043015
v 0.043536 0.003404 -0.005759
v 0.042207 0.003428 -0.011893
v 0.040009 0.003404 -0.017771
v 0.037005 0.003428 -0.023282
v 0.028789 0.003404 -0.032753
v 0.018271 0.003404 -0.039509
v 0.000000 0.003404 -0.043483
v -0.012593 0.003451 -0.041638
v -0.023780 0.003404 -0.036502
v -0.028781 0.003442 -0.032766
v -0.033241 0.003404 -0.028304
v -0.040002 0.003356 -0.017768
v -0.043537 0.003404 -0.005759
v 0.041005 0.003003 -0.005680
v 0.040820 0.003500 -0.001906
v 0.039400 0.003500 -0.010615
v 0.036079 0.003500 -0.018781
v 0.031105 0.003500 -0.026070
v 0.024710 0.003500 -0.032137
v 0.017118 0.003500 -0.036636
v 0.008896 0.003500 -0.039506
v -0.003089 0.003433 -0.040392
v -0.014967 0.003431 -0.037681
v -0.024710 0.003500 -0.032137
v -0.031105 0.003500 -0.026070
v -0.036079 0.003500 -0.018781
v -0.039400 0.003500 -0.010615
v -0.040989 0.003498 0.000436
v 0.041201 0.003201 0.000500
v -0.041275 0.003101 0.000500
v 0.033886 0.003428 -0.022603
v 0.036954 0.003404 -0.017296
v 0.030064 0.003428 -0.027395
v 0.020506 0.003428 -0.035017
v 0.025573 0.003404 -0.031568
v 0.003065 0.003428 -0.040397
v -0.009057 0.003442 -0.039491
v -0.020506 0.003428 -0.035017
v -0.025571 0.003428 -0.031565
v -0.033886 0.003428 -0.022603
v -0.030064 0.003428 -0.027395
v -0.036950 0.003428 -0.017294
v -0.040554 0.003428 -0.005613
v -0.039194 0.003404 -0.011590
v 0.040636 0.003294 -0.005625
v 0.039390 0.003171 -0.011650
v 0.015053 0.003201 -0.037853
v 0.009178 0.003135 -0.039712
v 0.037218 0.003071 -0.017423
v 0.034131 0.003071 -0.022770
v 0.030282 0.003071 -0.027597
v 0.025756 0.003071 -0.031797
v 0.020654 0.003071 -0.035275
v 0.003087 0.003071 -0.040694
v -0.003087 0.003071 -0.040694
v -0.009192 0.003071 -0.039774
v -0.015092 0.003071 -0.037954
v -0.020654 0.003071 -0.035275
v -0.025756 0.003071 -0.031797
v -0.030282 0.003071 -0.027597
v -0.034131 0.003071 -0.022770
v -0.037218 0.003071 -0.017423
v -0.039474 0.003071 -0.011676
v -0.040848 0.003071 -0.005657
v 0.018977 0.058181 -0.035646
v 0.023286 0.058149 -0.033065
v 0.012434 0.058149 -0.038557
v 0.015581 0.058149 -0.037354
v 0.003292 0.058149 -0.040143
v 0.008787 0.058149 -0.039547
v -0.000674 0.058071 -0.040464
v -0.008333 0.058149 -0.039597
v -0.017084 0.058149 -0.036765
v -0.012670 0.058149 -0.038493
v -0.020828 0.058149 -0.034538
v 0.041000 0.013000 0.000500
v 0.039461 0.013000 -0.010629
v 0.040929 0.013000 -0.001914
v 0.040929 0.024000 -0.001914
v 0.041000 0.024000 0.000500
v 0.041000 0.047121 0.000500
v 0.039461 0.024000 -0.010629
v 0.040929 0.047183 -0.001914
v 0.040430 0.047623 -0.006311
v 0.036900 0.024000 -0.017372
v 0.039461 0.048479 -0.010629
v 0.038031 0.049740 -0.014817
v 0.035756 0.023880 -0.019562
v 0.036159 0.051393 -0.018827
v 0.033865 0.053417 -0.022612
v 0.031177 0.055789 -0.026127
v 0.033667 0.022950 -0.022899
v 0.032460 0.021746 -0.024547
v 0.031522 0.019651 -0.025718
v 0.032462 0.015252 -0.024545
v 0.031669 0.016800 -0.025540
v 0.033667 0.014050 -0.022899
v 0.036144 0.013079 -0.018820
v 0.028502 0.058149 -0.028972
v -0.040979 0.024000 -0.001514
v -0.040929 0.058148 -0.001914
v -0.039461 0.024000 -0.010629
v -0.039474 0.058149 -0.010424
v -0.036223 0.058149 -0.018697
v -0.031177 0.058149 -0.026127
v -0.032167 0.022950 -0.024922
v -0.034256 0.023880 -0.022028
v -0.034076 0.058149 -0.022152
v -0.035400 0.024000 -0.020184
v -0.030637 0.015750 -0.026747
v -0.031176 0.022012 -0.026127
v -0.024897 0.058149 -0.032047
v -0.030021 0.019647 -0.027424
v -0.034256 0.013120 -0.022028
v -0.035400 0.013000 -0.020184
v -0.032167 0.014050 -0.024922
v -0.039461 0.013000 -0.010629
v -0.041025 0.013000 -0.000897
v 0.007427 0.058148 -0.039709
v -0.013577 0.058149 -0.038138
v -0.038890 0.058149 -0.012046
v -0.033170 0.058149 -0.023599
v 0.016811 0.068466 -0.037945
v 0.019091 0.066454 -0.036523
v 0.023254 0.062781 -0.033574
v 0.020291 0.065395 -0.035762
v 0.027205 0.059294 -0.030199
v 0.014008 0.070940 -0.039299
v 0.009301 0.072281 -0.040381
v 0.006114 0.072706 -0.040702
v 0.002764 0.073305 -0.040884
v -0.001332 0.074347 -0.040844
v -0.005506 0.075746 -0.040563
v -0.013989 0.076770 -0.038885
v -0.011030 0.077559 -0.039753
v -0.017483 0.075926 -0.037478
v -0.024992 0.074113 -0.032869
v -0.027918 0.073407 -0.030330
v -0.031324 0.072585 -0.026682
v -0.034167 0.071896 -0.022599
v -0.036085 0.071433 -0.019209
v -0.037629 0.071067 -0.015829
v -0.038867 0.070775 -0.012360
v -0.039552 0.070605 -0.010008
v -0.040446 0.070396 -0.005291
v -0.040767 0.070309 -0.001987
v -0.040826 0.070291 0.000500
v -0.008114 0.066903 -0.039817
v -0.003962 0.063205 -0.040341
v 0.008507 0.066855 -0.039951
v 0.014472 0.068851 -0.038783
v 0.000156 0.065651 -0.040593
v 0.004088 0.066256 -0.040489
v -0.003342 0.072169 -0.040606
v 0.012722 0.062347 -0.038606
v 0.015976 0.062799 -0.037453
v 0.016789 0.066341 -0.037577
v -0.031727 0.068001 -0.025781
v -0.021069 0.068133 -0.034988
v -0.017163 0.068161 -0.037027
v -0.025011 0.068097 -0.032320
v -0.028650 0.068053 -0.029164
v -0.013679 0.068173 -0.038405
v -0.021227 0.073070 -0.035284
v -0.008038 0.073059 -0.040055
v -0.038989 0.127037 -0.028604
v -0.038553 0.127238 -0.036461
v 0.049467 0.082937 0.000500
v 0.045797 0.084762 -0.020879
v 0.044718 0.085153 -0.023524
v 0.043551 0.085330 -0.025765
v 0.042122 0.085189 -0.027718
v 0.041330 0.084949 -0.028525
v 0.039916 0.084134 -0.029509
v 0.039423 0.083689 -0.029702
v 0.038995 0.083197 -0.029784
v 0.038634 0.082663 -0.029762
v 0.037927 0.080644 -0.028985
v 0.038108 0.081504 -0.029443
v 0.037850 0.079732 -0.028371
v 0.038057 0.078368 -0.027040
v 0.038504 0.077313 -0.025556
v 0.039105 0.076338 -0.023829
v 0.038762 0.076802 -0.024765
v 0.048986 0.083177 -0.007209
v 0.048257 0.083540 -0.011874
v 0.049369 0.082986 -0.002917
v 0.047008 0.084162 -0.016834
v 0.020691 0.080060 -0.039494
v 0.022952 0.079603 -0.038686
v 0.025842 0.079019 -0.037221
v 0.034890 0.077188 -0.029736
v 0.029377 0.078304 -0.034877
v 0.032113 0.077751 -0.032569
v 0.037064 0.076750 -0.026993
v 0.018737 0.080455 -0.040063
v 0.013020 0.078038 -0.040594
v 0.013695 0.078887 -0.040623
v 0.014555 0.079584 -0.040608
v 0.015510 0.080118 -0.040556
v 0.016558 0.080433 -0.040448
v 0.017450 0.080551 -0.040326
v -0.004518 0.081801 -0.041081
v 0.000602 0.080033 -0.041244
v -0.000405 0.080334 -0.041227
v 0.004756 0.079019 -0.041217
v 0.008902 0.078359 -0.041015
v -0.007527 0.083133 -0.040871
v -0.010449 0.087533 -0.040958
v -0.009820 0.087147 -0.040998
v -0.009009 0.086442 -0.041023
v -0.007993 0.084925 -0.040988
v -0.007731 0.084211 -0.040948
v -0.033794 0.094526 -0.028266
v -0.038967 0.096053 -0.012979
v -0.039453 0.096196 -0.009950
v -0.038055 0.095785 -0.017170
v -0.036822 0.095424 -0.021354
v -0.035133 0.094922 -0.025640
v -0.032151 0.094040 -0.030510
v -0.024930 0.091907 -0.036573
v -0.027851 0.092776 -0.034583
v -0.040002 0.096358 -0.004407
v -0.030408 0.093529 -0.032386
v -0.022047 0.091064 -0.038078
v -0.015578 0.089159 -0.040263
v -0.011743 0.088027 -0.040820
v -0.018829 0.090116 -0.039377
v -0.040174 0.096408 0.000500
v -0.040111 0.098966 0.000500
v -0.039836 0.109963 0.000500
v -0.039731 0.114162 0.000500
v -0.039765 0.109961 -0.003608
v -0.039313 0.109950 -0.011738
v -0.038362 0.109928 -0.019694
v -0.037762 0.109911 -0.023391
v -0.036540 0.109881 -0.028915
v -0.035782 0.109865 -0.031335
v -0.034991 0.109779 -0.033135
v -0.034329 0.109614 -0.034050
v -0.033436 0.109292 -0.035213
v -0.031048 0.106991 -0.036870
v -0.031701 0.107936 -0.036617
v -0.032533 0.108728 -0.036059
v -0.030430 0.105145 -0.036695
v -0.030601 0.102798 -0.035580
v -0.030426 0.103653 -0.036094
v -0.030374 0.104318 -0.036411
v -0.031881 0.100583 -0.033297
v -0.031078 0.101708 -0.034650
v -0.033782 0.099307 -0.030079
v -0.032759 0.099841 -0.031873
v -0.036011 0.098864 -0.024913
v -0.036749 0.098881 -0.022727
v -0.034869 0.098972 -0.027812
v -0.038053 0.098914 -0.017911
v -0.039193 0.098943 -0.012103
v -0.039937 0.098962 -0.004486
v 0.005958 0.087957 -0.041932
v 0.004229 0.081243 -0.041382
v 0.011025 0.081415 -0.041180
v 0.039388 0.089355 -0.033982
v 0.044032 0.096137 -0.035016
v 0.043163 0.089443 -0.030309
v 0.045883 0.096167 -0.033279
v 0.047535 0.096188 -0.031411
v 0.050993 0.089352 -0.013361
v 0.045544 0.089600 -0.027314
v 0.048072 0.089433 -0.022179
v 0.049007 0.096262 -0.029482
v 0.051888 0.096148 -0.023243
v 0.054452 0.096077 -0.014095
v 0.022283 0.088415 -0.041059
v 0.021900 0.081952 -0.039698
v 0.030527 0.082454 -0.036192
v 0.035034 0.089215 -0.037027
v 0.030525 0.089003 -0.039224
v 0.025954 0.082254 -0.038428
v 0.035039 0.082601 -0.033098
v -0.024364 0.094989 -0.037792
v -0.024767 0.101403 -0.039547
v -0.027967 0.101765 -0.037498
v -0.028422 0.094950 -0.034774
v -0.020031 0.094962 -0.040006
v -0.018731 0.098324 -0.041237
v -0.021818 0.101728 -0.041052
v -0.016622 0.098677 -0.041737
v -0.002173 0.087925 -0.041740
v -0.038813 0.121157 -0.022540
v -0.039371 0.120943 -0.011062
v -0.039003 0.114331 -0.016057
v -0.038398 0.121321 -0.028007
v -0.037732 0.114636 -0.026652
v -0.036858 0.114853 -0.031525
v -0.037822 0.121693 -0.033858
v -0.035885 0.117449 -0.035800
v -0.035052 0.118134 -0.037576
v -0.033044 0.115250 -0.038606
v -0.029901 0.115279 -0.041365
v -0.033228 0.094777 -0.029238
v -0.031560 0.115277 -0.040062
v -0.029794 0.101739 -0.035941
v -0.039311 0.127000 0.010769
v -0.039377 0.127000 0.004084
v -0.039165 0.127006 0.023722
v -0.039245 0.127000 0.017476
v -0.041229 0.130000 0.030121
v -0.038404 0.127434 0.000500
v -0.038324 0.128471 0.039550
v -0.038196 0.128070 0.039353
v -0.038305 0.127566 0.038611
v -0.038638 0.127156 0.036887
v -0.038458 0.127344 0.037878
v -0.038923 0.127071 0.030344
v -0.039414 0.003003 0.018983
v -0.017942 0.105482 0.043862
v -0.014394 0.102627 0.044071
v -0.014267 0.102712 0.044512
v -0.022014 0.110039 0.044175
v -0.023060 0.111223 0.044241
v -0.023362 0.111640 0.044288
v -0.025107 0.113708 0.044358
v -0.025700 0.114187 0.044229
v -0.027611 0.116387 0.044148
v -0.029679 0.118669 0.043877
v -0.032061 0.121362 0.043417
v -0.034538 0.124082 0.042480
v -0.033964 0.123573 0.042869
v -0.037115 0.126964 0.040767
v -0.037488 0.127583 0.040751
v -0.037731 0.127652 0.040070
v -0.023557 0.112675 0.045125
v -0.028641 0.118139 0.044771
v -0.034182 0.124090 0.043339
v -0.035867 0.125685 0.041941
v -0.042268 0.128988 0.017796
v -0.042215 0.128896 0.024274
v -0.042176 0.128861 0.030663
v -0.041910 0.128781 0.037973
v -0.042127 0.128941 0.036184
v -0.041644 0.128753 0.039235
v -0.040906 0.128916 0.041588
v -0.040835 0.129640 0.041171
v -0.040297 0.129946 0.040959
v -0.042060 0.129609 0.017973
v -0.041492 0.129969 0.017970
v -0.042194 0.129018 0.030131
v -0.041915 0.129675 0.030128
v -0.041960 0.129555 0.036137
v -0.041344 0.129998 0.036262
v -0.041845 0.128965 0.038616
v -0.041694 0.129530 0.038585
v -0.040578 0.003500 0.006367
v -0.039428 0.003500 0.011622
v -0.037275 0.003428 0.017599
v -0.024684 0.003500 0.033107
v -0.016459 0.003410 0.038094
v -0.016402 0.003119 0.038429
v -0.039336 0.003404 0.012118
v -0.034431 0.003428 0.022782
v -0.030996 0.003442 0.027333
v -0.021981 0.003428 0.035124
v -0.026710 0.003428 0.031622
v -0.040821 0.003135 0.006402
v -0.039617 0.003071 0.012201
v -0.037535 0.003071 0.017750
v -0.034681 0.003071 0.022943
v -0.031112 0.003071 0.027675
v -0.026903 0.003071 0.031847
v -0.022140 0.003071 0.035375
v -0.015169 0.004890 0.038659
v -0.015489 0.003698 0.038823
v -0.015041 0.004601 0.038936
v -0.015299 0.004223 0.038699
v -0.015585 0.003914 0.038479
v -0.015975 0.003586 0.038319
v -0.042543 0.003500 0.011342
v -0.039531 0.003500 0.019728
v -0.032774 0.003431 0.029843
v -0.028695 0.003500 0.033790
v -0.021368 0.003500 0.038857
v -0.017009 0.003074 0.040733
v -0.043225 0.003071 0.006863
v -0.041853 0.003082 0.013096
v -0.036434 0.003071 0.024613
v -0.032534 0.003071 0.029662
v -0.027940 0.003071 0.034090
v -0.022750 0.003071 0.037801
v -0.039738 0.003270 0.019134
v -0.043519 0.003428 0.006907
v -0.042122 0.003428 0.013176
v -0.036682 0.003428 0.024777
v -0.028127 0.003404 0.034315
v -0.022905 0.003428 0.038054
v -0.015285 0.003993 0.041075
v -0.016011 0.003280 0.040878
v -0.015142 0.019072 0.038689
v -0.015551 0.004705 0.041651
v -0.015066 0.004665 0.041282
v -0.016186 0.003962 0.041413
v -0.015600 0.004001 0.041426
v -0.015887 0.003560 0.041209
v -0.016493 0.003271 0.041047
v -0.017097 0.003428 0.041027
v 0.015035 0.020969 0.038777
v 0.014633 0.022110 0.039146
v 0.013484 0.025588 0.039479
v 0.013579 0.026112 0.039189
v 0.010455 0.029843 0.040410
v 0.010664 0.030084 0.040091
v 0.008018 0.031671 0.041138
v 0.000000 0.034460 0.041485
v -0.000913 0.034447 0.041492
v -0.003960 0.033428 0.041792
v -0.008784 0.031639 0.040536
v -0.011584 0.028725 0.040006
v -0.014152 0.024327 0.039114
v -0.014725 0.021898 0.039092
v 0.001513 0.034424 0.041472
v 0.014386 0.023684 0.039033
v 0.012103 0.028070 0.039867
v 0.008639 0.031537 0.040684
v 0.006475 0.032737 0.041174
v 0.003951 0.033530 0.041642
v 0.004377 0.033780 0.041278
v 0.003773 0.033924 0.041341
v 0.001500 0.034034 0.041763
v -0.000779 0.034115 0.041746
v -0.001196 0.034043 0.041776
v -0.003538 0.033888 0.041417
v -0.005877 0.033006 0.041268
v -0.007761 0.031832 0.041169
v -0.007988 0.032020 0.040778
v -0.009949 0.030410 0.040486
v -0.012907 0.026753 0.039568
v -0.014816 0.022256 0.038794
v -0.014944 0.021615 0.038745
v -0.015002 0.019161 0.038970
v -0.015055 0.019000 0.041310
v -0.015487 0.019000 0.041620
v 0.013966 0.024490 0.041668
v 0.001437 0.033968 0.044114
v -0.010473 0.029838 0.042846
v -0.013664 0.025084 0.041642
v -0.014845 0.021362 0.041359
v 0.015116 0.004917 0.038755
v -0.013208 0.027252 0.042465
v 0.004461 0.033804 0.044304
v 0.013324 0.027090 0.042429
v 0.015055 0.019000 0.041310
v 0.015487 0.019000 0.041620
v -0.015292 0.021312 0.041687
v -0.014407 0.023637 0.041675
v -0.014847 0.023762 0.041908
v -0.013534 0.025979 0.042068
v -0.012058 0.027974 0.042304
v -0.012394 0.028227 0.042668
v -0.008574 0.031374 0.043264
v -0.010837 0.030068 0.043129
v -0.008809 0.031645 0.043571
v -0.006449 0.032586 0.043646
v -0.006612 0.032908 0.043972
v -0.004394 0.033717 0.044228
v -0.004023 0.033488 0.043930
v -0.003811 0.033902 0.044308
v -0.001473 0.033970 0.044108
v -0.001487 0.034302 0.044449
v 0.001004 0.034005 0.044121
v 0.000864 0.034412 0.044482
v 0.001255 0.034269 0.044434
v 0.003578 0.033628 0.044020
v 0.005909 0.032826 0.043724
v 0.006125 0.033153 0.044049
v 0.007732 0.031868 0.043396
v 0.008247 0.032021 0.043690
v 0.010012 0.030238 0.042909
v 0.010310 0.030527 0.043249
v 0.011646 0.028534 0.042485
v 0.011971 0.028782 0.042806
v 0.013039 0.026528 0.042043
v 0.013411 0.026541 0.042318
v 0.014491 0.024364 0.041979
v 0.014806 0.021752 0.041396
v 0.015175 0.022147 0.041743
v 0.015308 0.021530 0.041710
v 0.016789 0.003119 0.038209
v 0.015894 0.003368 0.038698
v 0.015084 0.004426 0.038971
v 0.016378 0.003397 0.038169
v 0.015832 0.003607 0.038408
v 0.015346 0.003967 0.038759
v 0.015293 0.004351 0.038641
v 0.015054 0.004881 0.041279
v 0.015918 0.003345 0.041027
v 0.017152 0.003500 0.037710
v 0.021977 0.003467 0.035117
v 0.026715 0.003431 0.031614
v 0.031062 0.003500 0.027230
v 0.037277 0.003445 0.017576
v 0.039428 0.003500 0.011622
v 0.040827 0.003500 0.002906
v 0.041041 0.003003 0.006434
v 0.034431 0.003428 0.022782
v 0.039332 0.003428 0.012117
v 0.040678 0.003275 0.006381
v 0.031064 0.003135 0.027634
v 0.022122 0.003101 0.035346
v 0.026903 0.003071 0.031847
v 0.034681 0.003071 0.022943
v 0.037535 0.003071 0.017750
v 0.039617 0.003071 0.012201
v 0.042543 0.003500 0.011342
v 0.043620 0.057791 0.006195
v 0.039531 0.003500 0.019728
v 0.042137 0.058149 0.013029
v 0.038032 0.058149 0.022340
v 0.035002 0.058149 0.027147
v 0.028695 0.003500 0.033790
v 0.030985 0.058149 0.031559
v 0.025906 0.058149 0.035887
v 0.028686 0.058149 0.033768
v -0.027013 0.058993 0.035131
v -0.023209 0.058149 0.037791
v -0.031044 0.058149 0.031616
v -0.038208 0.058149 0.022308
v -0.035107 0.058149 0.026927
v -0.041497 0.058149 0.015130
v -0.043366 0.058149 0.007900
v -0.020487 0.058149 0.039415
v -0.013521 0.057638 0.042372
v -0.005177 0.058149 0.044101
v -0.000737 0.058149 0.044494
v 0.005182 0.058149 0.044148
v 0.011467 0.058149 0.042935
v 0.020494 0.058149 0.039426
v 0.021368 0.003500 0.038857
v 0.016972 0.003075 0.040739
v 0.017064 0.003398 0.041029
v 0.022750 0.003071 0.037801
v 0.027940 0.003071 0.034090
v 0.032534 0.003071 0.029662
v 0.036422 0.003069 0.024605
v 0.039545 0.003069 0.019044
v 0.041824 0.003069 0.013087
v 0.043211 0.003069 0.006861
v 0.039816 0.003356 0.019171
v 0.042110 0.003356 0.013173
v 0.022903 0.003404 0.038051
v 0.028127 0.003404 0.034315
v 0.032752 0.003404 0.029858
v 0.036660 0.003407 0.024810
v 0.043515 0.003404 0.006906
v 0.015704 0.004819 0.041609
v 0.016610 0.003466 0.041212
v 0.016042 0.003774 0.041400
v 0.015552 0.004304 0.041585
v 0.015224 0.004179 0.041195
v -0.040031 0.129853 0.041408
v -0.040458 0.129706 0.041500
v -0.039615 0.129829 0.040962
v -0.040917 0.129307 0.041382
v -0.023146 0.112230 0.046428
v -0.026163 0.115490 0.046212
v -0.029110 0.118651 0.045947
v -0.039006 0.129263 0.041462
v -0.037906 0.128084 0.042642
v -0.036532 0.126600 0.043743
v -0.014289 0.102668 0.045836
v -0.014737 0.102198 0.046500
v -0.019189 0.106251 0.046947
v -0.019696 0.106924 0.046987
v -0.023372 0.110542 0.047164
v -0.024001 0.111467 0.047232
v -0.025681 0.112467 0.047105
v -0.030651 0.117698 0.046563
v -0.034540 0.121988 0.045770
v -0.037930 0.125692 0.044350
v -0.039378 0.127149 0.043241
v -0.040122 0.127786 0.042395
v -0.040643 0.128326 0.041794
v -0.014269 0.101001 0.046492
v -0.019099 0.107527 0.046629
v -0.023424 0.112007 0.047041
v -0.026304 0.115384 0.046737
v -0.026952 0.114802 0.047207
v -0.029244 0.118589 0.046455
v -0.029545 0.118353 0.046821
v -0.029929 0.118010 0.046942
v -0.030203 0.117741 0.046839
v -0.033349 0.123167 0.045211
v -0.032244 0.121417 0.046247
v -0.032644 0.121086 0.046437
v -0.033050 0.120677 0.046294
v -0.034548 0.123829 0.045585
v -0.035110 0.123362 0.045755
v -0.035369 0.123063 0.045583
v -0.036589 0.125859 0.044803
v -0.037037 0.125486 0.044893
v -0.037105 0.126743 0.044216
v -0.037563 0.126455 0.044452
v -0.038576 0.128056 0.043367
v -0.039052 0.127703 0.043476
v -0.039601 0.129398 0.042022
v -0.040051 0.129184 0.042189
v -0.008362 0.097573 0.045303
v -0.011504 0.100041 0.044387
v -0.012042 0.100519 0.045486
v -0.005998 0.095921 0.045426
v -0.002609 0.094085 0.045229
v -0.000274 0.093030 0.044118
v -0.001609 0.093622 0.045222
v -0.000947 0.093316 0.045217
v 0.006347 0.090945 0.045201
v 0.007530 0.090638 0.043886
v 0.010160 0.090287 0.045111
v 0.013542 0.090069 0.043882
v 0.016048 0.090014 0.044767
v 0.019927 0.090327 0.044431
v 0.021362 0.090499 0.043384
v 0.016316 0.090022 0.043742
v 0.026108 0.091524 0.042562
v 0.029425 0.092683 0.042515
v 0.029054 0.092547 0.043767
v 0.032591 0.094076 0.043268
v 0.032859 0.094208 0.042098
v 0.035995 0.095919 0.042940
v 0.036184 0.095727 0.043487
v 0.036531 0.095363 0.043738
v 0.036843 0.094808 0.043676
v 0.032948 0.093011 0.044283
v 0.015456 0.088983 0.045793
v 0.010996 0.089195 0.045986
v -0.005096 0.094150 0.046229
v -0.008588 0.096344 0.046276
v 0.032763 0.093888 0.043849
v 0.029231 0.092390 0.044306
v 0.029482 0.091598 0.044677
v 0.025625 0.090798 0.044932
v 0.024125 0.090973 0.044431
v 0.019916 0.090119 0.045084
v 0.020611 0.089588 0.045459
v 0.025544 0.090154 0.045047
v 0.016078 0.089887 0.045254
v 0.016112 0.089464 0.045656
v 0.012239 0.090089 0.045036
v 0.012242 0.089811 0.045591
v 0.010128 0.089851 0.045788
v 0.006263 0.090491 0.045959
v 0.006227 0.089960 0.046116
v 0.002632 0.091910 0.045428
v 0.002510 0.091516 0.046026
v 0.002365 0.091067 0.046161
v -0.001078 0.093001 0.045951
v -0.001332 0.092413 0.046207
v -0.002732 0.093825 0.045870
v -0.003033 0.093164 0.046220
v -0.006144 0.095674 0.045957
v -0.009141 0.098075 0.045487
v -0.009368 0.097753 0.046126
v -0.009703 0.097303 0.046306
v -0.012265 0.100235 0.046181
v -0.043443 0.084888 0.000500
v -0.043814 0.067062 0.000500
v 0.039478 0.058149 0.019898
v -0.039423 0.058149 0.019682
v -0.043828 0.058149 0.002521
v -0.000075 0.058149 0.044442
v 0.009807 0.058149 0.043393
v 0.021392 0.058149 0.038907
v 0.013597 0.058149 0.042347
v 0.044065 0.060118 0.000500
v 0.058829 0.095224 0.003530
v 0.058185 0.095312 0.011253
v 0.057522 0.095300 0.015115
v 0.056308 0.095263 0.020166
v 0.055027 0.095261 0.024260
v 0.053581 0.095279 0.027927
v 0.052122 0.095232 0.030906
v 0.049183 0.095145 0.034896
v 0.047138 0.095153 0.037096
v 0.044868 0.095177 0.039103
v -0.004097 0.074755 0.044666
v 0.001284 0.069765 0.044720
v -0.032170 0.085011 0.033499
v -0.033399 0.093908 0.034785
v -0.003251 0.085156 0.045452
v 0.004199 0.082113 0.045441
v -0.013520 0.094015 0.045483
v -0.016077 0.094012 0.045105
v -0.013492 0.085356 0.044266
v -0.024821 0.085071 0.039580
v -0.022138 0.085091 0.041134
v -0.023943 0.093978 0.042313
v -0.018654 0.094005 0.044519
v -0.021299 0.093993 0.043573
v -0.016874 0.085124 0.043367
v -0.029907 0.085030 0.035722
v -0.027435 0.085050 0.037765
v -0.027880 0.093912 0.039866
v -0.031309 0.093924 0.036980
v -0.011443 0.076252 0.043665
v -0.015794 0.076230 0.042479
v -0.007644 0.085147 0.045083
v -0.007505 0.076269 0.044367
v -0.023736 0.076171 0.038658
v -0.020996 0.076192 0.040225
v -0.029019 0.076128 0.034753
v -0.026439 0.076149 0.036822
v -0.031397 0.076108 0.032509
v -0.042733 0.093806 0.009041
v -0.042911 0.082297 0.008608
v -0.041908 0.081301 0.013597
v -0.040622 0.093829 0.019821
v -0.040410 0.084922 0.018980
v -0.038418 0.084945 0.023952
v -0.035839 0.084976 0.028768
v -0.036704 0.093877 0.030018
v -0.038915 0.093850 0.025019
v -0.041924 0.100534 0.015026
v -0.043280 0.089581 0.003445
v -0.040245 0.073364 0.018434
v -0.038085 0.073144 0.022935
v -0.035314 0.076071 0.027804
v -0.031139 0.067182 0.031872
v -0.004969 0.066729 0.044321
v -0.015490 0.067293 0.041908
v -0.011152 0.069493 0.043297
v -0.007864 0.070361 0.044002
v -0.020598 0.067257 0.039640
v -0.026083 0.067218 0.036216
v -0.023347 0.067238 0.038066
v -0.028708 0.067200 0.034130
v -0.008088 0.062771 0.043784
v -0.035173 0.067149 0.027184
v -0.043233 0.067070 0.008270
v -0.042104 0.067081 0.013141
v -0.043820 0.067064 0.003281
v 0.039344 0.085439 0.036787
v 0.042796 0.085455 0.033499
v 0.051036 0.085474 0.018980
v 0.052509 0.085481 0.013890
v 0.057952 0.094281 0.009041
v 0.047001 0.072544 0.008221
v 0.047508 0.072417 0.003199
v 0.057103 0.094277 0.014482
v 0.044562 0.073116 0.017966
v 0.046032 0.072776 0.013103
v 0.046465 0.085461 0.028768
v 0.049044 0.085467 0.023952
v 0.054133 0.094268 0.025019
v 0.050434 0.094264 0.032446
v 0.044182 0.076663 0.023130
v 0.039546 0.076647 0.030163
v 0.036295 0.076620 0.033661
v 0.044920 0.067789 0.008270
v 0.045507 0.067794 0.003281
v 0.043791 0.067781 0.013141
v 0.043722 0.063034 0.008226
v 0.044315 0.063037 0.003267
v 0.042583 0.063029 0.013064
v 0.042107 0.067769 0.017916
v 0.040882 0.063022 0.017806
v 0.041851 0.072260 0.022826
v 0.039823 0.067755 0.022601
v 0.036861 0.067740 0.027184
v 0.037097 0.072238 0.029795
v 0.032826 0.067723 0.031872
v 0.038574 0.063014 0.022462
v 0.035581 0.063005 0.027021
v 0.031518 0.062994 0.031704
v 0.033587 0.072098 0.033422
v 0.032764 0.085438 0.041134
v 0.041746 0.094258 0.040776
v 0.035447 0.085443 0.039580
v 0.027030 0.076610 0.040225
v 0.032473 0.076626 0.036822
v 0.029769 0.076618 0.038658
v 0.020254 0.073942 0.042248
v 0.022783 0.085379 0.044457
v 0.027501 0.085418 0.043367
v 0.012342 0.074138 0.044203
v 0.016092 0.074099 0.043478
v 0.008900 0.074239 0.044636
v 0.029076 0.062988 0.033966
v 0.030396 0.067713 0.034130
v 0.024453 0.072191 0.039889
v 0.029927 0.072211 0.036473
v 0.027202 0.072201 0.038318
v 0.027771 0.067703 0.036216
v 0.025035 0.067693 0.038066
v 0.017178 0.067653 0.041908
v 0.022286 0.067682 0.039640
v 0.013119 0.067613 0.043157
v 0.015867 0.062952 0.041758
v 0.020947 0.062969 0.039486
v 0.026440 0.062982 0.036056
v 0.023697 0.062976 0.037910
v 0.011889 0.062929 0.043023
v 0.008940 0.065164 0.043811
v 0.006009 0.065769 0.044288
v -0.033391 0.111705 0.042056
v -0.031314 0.111715 0.043774
v -0.035990 0.120580 0.043789
v -0.038481 0.118758 0.039442
v -0.026280 0.102855 0.043710
v -0.023691 0.102867 0.044959
v -0.026502 0.111734 0.046508
v -0.031024 0.102826 0.040437
v -0.036863 0.111685 0.038009
v -0.020996 0.102876 0.045884
v -0.034993 0.102799 0.036308
v -0.041127 0.124493 0.037111
v -0.039186 0.111668 0.033154
v -0.039542 0.116118 0.035334
v -0.040411 0.111652 0.027694
v -0.041321 0.120552 0.029205
v -0.041815 0.120546 0.023120
v -0.041352 0.111641 0.021929
v -0.042181 0.120542 0.016803
v -0.042694 0.114661 0.003815
v -0.042516 0.111628 0.009894
v -0.040945 0.102735 0.020817
v -0.039594 0.102752 0.026282
v -0.038380 0.106375 0.032106
v -0.042048 0.111633 0.015965
v 0.038613 0.096678 0.042130
v 0.038778 0.096563 0.042518
v 0.039179 0.096048 0.042892
v 0.039011 0.095440 0.042989
v 0.037687 0.096593 0.042441
v 0.036673 0.096272 0.042753
v 0.037232 0.096445 0.042778
v 0.038125 0.096080 0.043280
v 0.038248 0.095494 0.043331
v 0.037537 0.096052 0.043402
v 0.037773 0.095335 0.043480
v 0.036698 0.095848 0.043536
v 0.036939 0.095420 0.043697
v -0.014803 0.102322 0.043639
v -0.012038 0.099487 0.043420
v -0.014386 0.101705 0.043547
v -0.006491 0.095329 0.043292
v -0.008801 0.096922 0.043324
v -0.002541 0.093120 0.043226
v -0.003309 0.093486 0.043231
v 0.003042 0.090954 0.043191
v 0.008106 0.089759 0.043111
v 0.012414 0.089319 0.042984
v 0.016000 0.089220 0.042782
v 0.020139 0.089559 0.042516
v 0.022112 0.089883 0.042362
v 0.020652 0.089578 0.042458
v 0.025921 0.090805 0.042029
v 0.028833 0.091735 0.041738
v 0.029569 0.092045 0.041668
v 0.032094 0.093249 0.041338
v 0.034594 0.094635 0.041024
v 0.036521 0.096205 0.041352
v 0.036044 0.095548 0.040845
v -0.004168 0.094039 0.043282
v -0.011635 0.099923 0.043822
v -0.008504 0.097605 0.044141
v -0.004521 0.095008 0.044029
v -0.000603 0.092360 0.043255
v 0.003285 0.091716 0.043966
v 0.012489 0.090035 0.043732
v 0.016288 0.089836 0.043164
v 0.020094 0.090149 0.042917
v 0.022050 0.090587 0.043130
v 0.032860 0.094045 0.041587
v 0.034486 0.095047 0.041688
v 0.038497 0.096673 0.040920
v 0.058384 0.095222 0.009076
v 0.057580 0.095207 0.014549
v 0.054637 0.095161 0.025129
v 0.052445 0.095139 0.030139
v 0.050377 0.095234 0.033556
v 0.050974 0.095138 0.032563
v 0.042624 0.095263 0.040830
v 0.039902 0.095234 0.042450
v 0.055674 0.096648 0.019582
v 0.053531 0.096641 0.026224
v 0.050571 0.096657 0.032048
v 0.047564 0.096669 0.035606
v 0.044490 0.096676 0.038413
v 0.058411 0.096496 0.005872
v 0.058776 0.096019 0.005898
v 0.058802 0.095418 0.005900
v 0.056946 0.096650 0.014026
v 0.057910 0.095985 0.013410
v 0.056377 0.096182 0.019773
v 0.055075 0.095978 0.024277
v 0.053562 0.096161 0.027918
v 0.052112 0.096156 0.030901
v 0.050366 0.096157 0.033548
v 0.048132 0.096152 0.036146
v 0.048196 0.095342 0.036207
v 0.045597 0.095981 0.038660
v 0.045610 0.095569 0.038676
v 0.042717 0.095993 0.040796
v 0.040266 0.096495 0.041893
v 0.040443 0.095371 0.042210
v 0.036695 0.095872 0.040701
v 0.038348 0.096586 0.040564
v 0.038085 0.096230 0.040220
v 0.037393 0.096506 0.041173
v 0.037198 0.096079 0.040583
v 0.041491 0.096671 0.039062
v 0.041038 0.096177 0.038377
v 0.038860 0.096121 0.039687
v 0.044221 0.096676 0.037059
v 0.043480 0.096175 0.036528
v 0.046024 0.096222 0.034196
v 0.046965 0.096676 0.034421
v 0.049677 0.096674 0.030910
v 0.048129 0.096276 0.031770
v 0.049973 0.096337 0.028988
v 0.048944 0.096207 0.030438
v 0.052057 0.096665 0.026005
v 0.051370 0.096285 0.025844
v 0.050183 0.096210 0.028266
v 0.051637 0.096265 0.025120
v 0.054400 0.096656 0.019089
v 0.053357 0.096209 0.019952
v 0.052044 0.096195 0.023863
v 0.054622 0.096194 0.014780
v 0.056424 0.096663 0.008343
v 0.055772 0.096223 0.007206
v 0.056100 0.096232 0.001203
v 0.046546 0.096629 0.034634
v 0.055386 0.096245 0.010623
v -0.034256 0.023880 0.023028
v -0.032167 0.022950 0.025922
v -0.030637 0.021250 0.027747
v -0.030021 0.019647 0.028424
v -0.029930 0.017925 0.028521
v -0.030637 0.015750 0.027747
v -0.031313 0.014820 0.026967
v -0.034256 0.013120 0.023028
v -0.040929 0.024000 0.002914
v -0.039461 0.024000 0.011629
v -0.036159 0.024000 0.019827
v -0.036159 0.013000 0.019827
v -0.039461 0.013000 0.011629
v -0.040929 0.013000 0.002914
v -0.018760 0.058149 0.036778
v -0.024741 0.058236 0.033194
v 0.024734 0.058695 0.033207
v 0.017082 0.057941 0.037760
v 0.031184 0.058200 0.027119
v 0.012669 0.058149 0.039493
v 0.008461 0.058149 0.040616
v -0.000138 0.060127 0.041499
v -0.004611 0.058149 0.041000
v -0.010394 0.058149 0.040118
v -0.014113 0.058149 0.038928
v -0.031177 0.058149 0.027127
v -0.036249 0.058149 0.019657
v -0.033170 0.058149 0.024599
v -0.039220 0.058149 0.012226
v -0.040125 0.058149 0.007688
v -0.040844 0.065634 0.003154
v 0.040929 0.024000 0.002914
v 0.040948 0.058149 0.002270
v 0.039474 0.058149 0.011549
v 0.040259 0.058149 0.006892
v 0.039461 0.024000 0.011629
v 0.036900 0.024000 0.018371
v 0.036191 0.058149 0.019763
v 0.035756 0.013120 0.020562
v 0.034663 0.013476 0.022397
v 0.032462 0.015252 0.025545
v 0.031669 0.016800 0.026540
v 0.031430 0.019075 0.026828
v 0.032137 0.021250 0.025960
v 0.034663 0.023525 0.022397
v 0.033185 0.058149 0.024574
v 0.035881 0.058149 0.020271
v 0.035756 0.023880 0.020562
v 0.039461 0.013000 0.011629
v 0.036900 0.013000 0.018371
v 0.040929 0.013000 0.002914
v -0.040960 0.063082 0.000500
v -0.034940 0.109780 0.034167
v -0.033514 0.109327 0.036123
v -0.032367 0.108618 0.037165
v -0.031701 0.107936 0.037617
v -0.030776 0.106427 0.037896
v -0.030407 0.104800 0.037576
v -0.030426 0.103653 0.037094
v -0.031204 0.101509 0.035432
v -0.031874 0.100589 0.034309
v -0.033751 0.099315 0.031046
v -0.032825 0.099785 0.032766
v -0.034505 0.099057 0.029622
v -0.035108 0.098916 0.028279
v -0.036009 0.098864 0.025919
v -0.038989 0.109942 0.015572
v -0.038432 0.109928 0.020348
v -0.039490 0.109954 0.009667
v -0.039269 0.109949 0.013170
v -0.037217 0.109897 0.026857
v -0.036588 0.109882 0.029737
v -0.037760 0.109911 0.024401
v -0.039736 0.109960 0.005764
v -0.035964 0.109862 0.031854
v -0.039912 0.098961 0.006213
v -0.039018 0.098939 0.014054
v -0.037290 0.098895 0.022003
v 0.011058 0.058149 0.039931
v -0.008787 0.058149 0.040547
v -0.017165 0.058149 0.037734
v -0.012670 0.058149 0.039493
v -0.035425 0.058149 0.020999
v -0.039461 0.058149 0.011629
v 0.041000 0.058149 0.000500
v 0.049277 0.083032 0.006026
v 0.048408 0.083464 0.011967
v 0.045797 0.084762 0.021879
v 0.047346 0.083993 0.016750
v 0.044825 0.085135 0.024313
v 0.043585 0.085328 0.026712
v 0.042241 0.085227 0.028587
v 0.040309 0.084417 0.030294
v 0.041328 0.084948 0.029526
v 0.038387 0.082208 0.030679
v 0.039423 0.083688 0.030702
v 0.038100 0.078224 0.027869
v 0.037845 0.079736 0.029367
v 0.038017 0.081185 0.030299
v 0.038779 0.076777 0.025718
v 0.038509 0.077308 0.026545
v 0.039440 0.075966 0.023942
v 0.040528 0.075110 0.021198
v 0.042201 0.074266 0.016434
v 0.042999 0.073868 0.013552
v 0.043868 0.073437 0.009270
v 0.044358 0.073192 0.005268
v 0.044548 0.073097 0.000499
v 0.042801 0.068987 0.000500
v 0.041624 0.064533 0.000500
v 0.041123 0.060994 0.000500
v 0.055355 0.094781 0.000500
v -0.003612 0.074589 0.041686
v 0.002032 0.072382 0.041814
v -0.029785 0.084874 0.031559
v -0.031644 0.084814 0.029407
v -0.002776 0.084770 0.042433
v 0.005505 0.084815 0.042660
v -0.015609 0.084948 0.040552
v -0.013399 0.093093 0.042310
v -0.017360 0.093739 0.041653
v -0.006994 0.084797 0.042088
v -0.011293 0.084856 0.041505
v -0.024070 0.084818 0.036403
v -0.025705 0.093823 0.037600
v -0.022128 0.093816 0.039742
v -0.017943 0.084976 0.039713
v -0.019711 0.093794 0.040854
v -0.020408 0.084983 0.038574
v -0.027668 0.084919 0.033609
v -0.028977 0.093764 0.034890
v -0.030916 0.093712 0.032887
v -0.010547 0.076060 0.040764
v -0.014539 0.076104 0.039708
v -0.007197 0.074402 0.041262
v -0.023257 0.075924 0.035383
v -0.017942 0.076102 0.038376
v -0.026839 0.076031 0.032633
v -0.029077 0.075993 0.030549
v -0.031065 0.075946 0.028371
v -0.039812 0.088830 0.008434
v -0.038988 0.080675 0.012892
v -0.037687 0.093153 0.019014
v -0.036029 0.093328 0.023957
v -0.035625 0.084560 0.022740
v -0.033189 0.084735 0.027235
v -0.033934 0.093540 0.028618
v -0.037520 0.080141 0.017530
v -0.040214 0.092015 0.003486
v -0.035429 0.075760 0.021817
v -0.032753 0.075888 0.026187
v -0.032658 0.067023 0.025532
v -0.028845 0.067090 0.029914
v -0.004300 0.063991 0.041313
v -0.014215 0.067207 0.039172
v -0.010422 0.069302 0.040375
v -0.024081 0.067142 0.033954
v -0.018943 0.067184 0.037112
v -0.026552 0.067117 0.032018
v -0.039208 0.066831 0.012366
v -0.035456 0.066946 0.021240
v -0.037616 0.066881 0.016846
v -0.040275 0.066796 0.007795
v 0.041008 0.086281 0.031048
v 0.046624 0.086291 0.022089
v 0.042165 0.068509 0.007015
v 0.042633 0.068515 0.002292
v 0.041382 0.063399 0.002276
v 0.040913 0.063396 0.006953
v 0.041182 0.068497 0.011621
v 0.039927 0.063389 0.011510
v 0.039676 0.068480 0.016132
v 0.043212 0.073302 0.011791
v 0.039669 0.073259 0.020863
v 0.037002 0.073221 0.025235
v 0.037608 0.068457 0.020555
v 0.035353 0.073184 0.027406
v 0.031279 0.068352 0.029244
v 0.032134 0.072987 0.030826
v 0.034915 0.068422 0.024874
v 0.036336 0.063366 0.020356
v 0.038414 0.063379 0.015975
v 0.033627 0.063347 0.024643
v 0.029975 0.063310 0.029014
v 0.033624 0.077465 0.032118
v 0.030281 0.085967 0.039033
v 0.035396 0.094622 0.040669
v 0.035442 0.086130 0.035998
v 0.038934 0.086234 0.033142
v 0.024806 0.077108 0.038023
v 0.029992 0.077354 0.035017
v 0.019835 0.074751 0.039309
v 0.015596 0.074209 0.040481
v 0.022347 0.085396 0.041420
v 0.025914 0.086016 0.040790
v 0.018028 0.085176 0.042030
v 0.013797 0.085009 0.042397
v 0.008386 0.072847 0.041531
v 0.011989 0.073991 0.041189
v 0.027742 0.063282 0.031162
v 0.029049 0.068301 0.031385
v 0.023580 0.072803 0.037005
v 0.027522 0.072952 0.034642
v 0.026616 0.068241 0.033381
v 0.021465 0.068100 0.036699
v 0.016586 0.067942 0.038932
v 0.012691 0.067773 0.040164
v 0.020164 0.063176 0.036507
v 0.015310 0.063095 0.038762
v 0.025308 0.063250 0.033168
v 0.011476 0.063010 0.040025
v 0.005454 0.064451 0.041265
v -0.030956 0.111369 0.039853
v -0.035089 0.120094 0.039728
v -0.034458 0.112891 0.036596
v -0.036404 0.121865 0.038708
v -0.026612 0.102617 0.039776
v -0.029059 0.111380 0.041371
v -0.026977 0.111360 0.042674
v -0.024358 0.102607 0.041126
v -0.024735 0.111301 0.043714
v -0.028730 0.102602 0.038197
v -0.022017 0.102567 0.042205
v -0.019658 0.102483 0.042959
v -0.030673 0.102587 0.036423
v -0.036527 0.117905 0.035831
v -0.037705 0.122239 0.035823
v -0.038188 0.123729 0.035137
v -0.036744 0.115510 0.033521
v -0.037860 0.119551 0.031629
v -0.038188 0.119441 0.028778
v -0.038741 0.119258 0.022808
v -0.039790 0.110284 0.003731
vn -0.9974 0.0220 -0.0693
vn -0.9997 0.0261 0.0028
vn -0.9990 0.0217 -0.0402
vn 0.6825 -0.4957 -0.5371
vn 0.5684 -0.4611 -0.6814
vn 0.5818 -0.5026 -0.6395
vn 0.0042 -0.0918 -0.9958
vn 0.0581 -0.1111 -0.9921
vn 0.0886 -0.0915 -0.9919
vn 0.4706 -0.4154 -0.7784
vn 0.3595 -0.3508 -0.8647
vn 0.3405 -0.3822 -0.8591
vn 0.4647 -0.4618 -0.7555
vn 0.4736 -0.3593 -0.8041
vn 0.3993 -0.3213 -0.8587
vn 0.5753 -0.4048 -0.7108
vn 0.8382 -0.4919 -0.2354
vn 0.8659 -0.4646 -0.1855
vn 0.8597 -0.4611 -0.2199
vn 0.7553 -0.5350 -0.3786
vn 0.8021 -0.5135 -0.3049
vn 0.7918 -0.4890 -0.3660
vn 0.6897 -0.5399 -0.4826
vn 0.7380 -0.4840 -0.4702
vn 0.8303 -0.4746 -0.2922
vn 0.8779 -0.4690 -0.0967
vn 0.8800 -0.4511 -0.1488
vn 0.8996 -0.4277 -0.0879
vn 0.8944 -0.4472 0.0014
vn 0.8960 -0.4441 0.0033
vn 0.9001 -0.4249 -0.0965
vn 0.8869 -0.4226 -0.1869
vn 0.8939 -0.4453 -0.0519
vn 0.6674 -0.4088 -0.6224
vn 0.5815 -0.3727 -0.7231
vn 0.0011 -0.0586 -0.9983
vn 0.1081 -0.0470 -0.9930
vn 0.1999 -0.1491 -0.9684
vn 0.2185 -0.0929 -0.9714
vn 0.4879 -0.3183 -0.8128
vn 0.3928 -0.2623 -0.8814
vn 0.4982 -0.2271 -0.8368
vn 0.6034 -0.2629 -0.7529
vn 0.2932 -0.1488 -0.9444
vn 0.3097 -0.0697 -0.9483
vn 0.1421 0.0051 -0.9898
vn 0.0077 0.0014 -1.0000
vn -0.0014 -0.0261 -0.9997
vn 0.2315 -0.0011 -0.9728
vn 0.3127 -0.0039 -0.9498
vn 0.5081 -0.1141 -0.8537
vn 0.3981 -0.0941 -0.9125
vn 0.3913 -0.1879 -0.9009
vn 0.6187 -0.1325 -0.7744
vn 0.4998 0.0012 -0.8662
vn 0.4326 0.0068 -0.9016
vn 0.5674 0.0110 -0.8234
vn 0.7178 -0.1474 -0.6804
vn 0.6967 -0.2905 -0.6559
vn 0.7390 -0.4303 -0.5184
vn 0.7893 -0.4375 -0.4309
vn 0.8282 -0.3133 -0.4648
vn 0.7727 -0.3069 -0.5557
vn 0.8294 -0.4401 -0.3441
vn 0.8714 -0.3168 -0.3745
vn 0.8675 -0.4175 -0.2705
vn 0.9042 -0.3196 -0.2832
vn 0.9420 -0.3215 -0.0963
vn 0.9278 -0.3212 -0.1899
vn 0.9029 -0.4299 0.0017
vn 0.9405 -0.1617 -0.2988
vn 0.7069 0.0016 -0.7073
vn 0.8565 -0.1567 -0.4918
vn 0.7977 -0.1556 -0.5826
vn 0.9052 -0.1601 -0.3936
vn 0.8689 0.0007 -0.4950
vn 0.7984 -0.0000 -0.6022
vn 0.9459 -0.0006 -0.3243
vn 0.9814 -0.1628 -0.1021
vn 0.9659 -0.1626 -0.2016
vn 0.9272 -0.3746 -0.0068
vn 0.9919 -0.1259 0.0171
vn 0.9901 0.0074 -0.1401
vn -0.6289 -0.1811 -0.7561
vn -0.6830 -0.2316 -0.6927
vn -0.5121 -0.2376 -0.8254
vn -0.9991 -0.0081 -0.0422
vn -0.9589 -0.0615 -0.2770
vn -0.9287 -0.1081 -0.3547
vn -0.9039 -0.0834 -0.4195
vn -0.9951 0.0072 -0.0988
vn -0.9798 -0.0251 -0.1984
vn -0.9599 -0.0028 -0.2804
vn -0.9823 0.0106 -0.1869
vn -0.9421 -0.0458 -0.3322
vn -0.8767 -0.0379 -0.4795
vn -0.8108 -0.1486 -0.5662
vn -0.7426 -0.1643 -0.6493
vn -0.7621 -0.2135 -0.6113
vn -0.8359 -0.1829 -0.5174
vn -0.7310 -0.1021 -0.6747
vn -0.8233 -0.0796 -0.5620
vn -0.6238 -0.1135 -0.7733
vn -0.9662 0.0037 -0.2579
vn -0.9916 0.0027 -0.1296
vn -0.9234 -0.0133 -0.3837
vn -0.8998 0.0087 -0.4363
vn -0.7270 -0.0394 -0.6856
vn -0.8102 -0.0263 -0.5855
vn -0.6239 -0.0457 -0.7802
vn -0.7249 -0.0001 -0.6888
vn -0.8031 0.0052 -0.5958
vn -0.6565 0.0092 -0.7543
vn -0.5102 -0.0479 -0.8587
vn -0.5070 -0.1823 -0.8424
vn -0.3672 -0.2193 -0.9039
vn -0.5069 -0.1157 -0.8542
vn -0.3761 -0.1709 -0.9107
vn -0.0553 -0.0792 -0.9953
vn -0.1715 -0.0832 -0.9817
vn -0.0770 -0.0554 -0.9955
vn -0.0974 -0.0242 -0.9950
vn -0.5236 0.0094 -0.8519
vn -0.2812 -0.1013 -0.9543
vn -0.2939 -0.0409 -0.9550
vn -0.3965 -0.0461 -0.9169
vn -0.3829 -0.1086 -0.9174
vn -0.2153 -0.0313 -0.9760
vn -0.3044 0.0002 -0.9525
vn -0.4470 0.0079 -0.8945
vn -0.2278 0.0004 -0.9737
vn -0.1095 -0.0100 -0.9939
vn -0.9996 0.0275 -0.0027
vn -0.9997 0.0242 -0.0012
vn -0.9976 0.0017 -0.0689
vn -0.9994 0.0025 -0.0333
vn -0.9952 -0.0679 -0.0706
vn -0.9874 -0.0714 -0.1411
vn -0.9883 -0.1205 -0.0938
vn -0.9742 -0.1269 -0.1868
vn -0.9550 -0.2312 -0.1858
vn -0.9804 -0.1339 -0.1445
vn -0.7307 -0.2344 -0.6412
vn -0.8442 -0.2304 -0.4840
vn -0.8633 -0.2321 -0.4481
vn -0.9817 -0.0712 -0.1766
vn -0.9750 -0.0701 -0.2110
vn -0.9875 -0.0275 -0.1554
vn -0.3738 -0.2609 -0.8901
vn -0.4724 -0.3224 -0.8203
vn -0.3541 -0.2811 -0.8919
vn -0.1690 -0.2051 -0.9640
vn -0.5421 -0.2927 -0.7877
vn -0.1650 -0.1686 -0.9718
vn -0.2770 -0.1991 -0.9400
vn -0.7730 -0.2479 -0.5839
vn -0.7354 -0.2556 -0.6276
vn -0.6837 -0.2701 -0.6780
vn -0.6570 -0.2789 -0.7004
vn -0.7040 -0.2629 -0.6598
vn -0.6485 -0.2925 -0.7028
vn -0.6757 -0.2957 -0.6753
vn -0.6347 -0.2920 -0.7155
vn -0.6362 -0.2873 -0.7160
vn -0.7130 -0.2907 -0.6380
vn -0.7448 -0.2837 -0.6040
vn -0.7969 -0.2655 -0.5427
vn -0.8620 -0.2464 -0.4429
vn -0.9137 -0.2101 -0.3478
vn -0.9496 -0.1562 -0.2718
vn -0.9587 -0.1326 -0.2518
vn -0.9614 -0.1128 -0.2511
vn -0.9590 -0.1141 -0.2595
vn -0.9541 -0.1217 -0.2735
vn -0.9626 -0.1161 -0.2446
vn -0.9609 -0.1243 -0.2473
vn -0.9346 -0.1533 -0.3209
vn -0.9099 -0.1856 -0.3710
vn -0.9456 -0.1341 -0.2963
vn -0.8633 -0.2174 -0.4554
vn -0.8123 -0.2298 -0.5361
vn 0.7966 -0.4501 -0.4035
vn 0.7853 -0.4526 -0.4224
vn 0.8101 -0.4515 -0.3740
vn 0.8225 -0.4537 -0.3429
vn 0.8590 -0.4624 -0.2199
vn 0.8285 -0.4585 -0.3214
vn 0.8285 -0.4586 -0.3214
vn 0.8274 -0.4592 -0.3234
vn 0.8309 -0.4512 -0.3257
vn 0.8242 -0.4561 -0.3357
vn 0.7959 -0.4728 -0.3782
vn 0.8145 -0.4673 -0.3438
vn 0.8225 -0.4617 -0.3322
vn 0.7699 -0.4592 -0.4432
vn 0.7867 -0.4763 -0.3927
vn 0.6767 -0.4837 -0.5551
vn 0.6590 -0.4765 -0.5820
vn 0.7357 -0.4610 -0.4962
vn 0.6588 -0.4506 -0.6024
vn 0.6619 -0.4381 -0.6083
vn 0.6429 -0.4516 -0.6186
vn 0.6269 -0.4594 -0.6293
vn 0.6330 -0.4538 -0.6272
vn 0.6313 -0.4696 -0.6172
vn 0.6432 -0.4762 -0.5996
vn 0.6824 -0.4491 -0.5767
vn 0.6974 -0.4514 -0.5567
vn 0.7167 -0.4521 -0.5310
vn 0.7327 -0.4563 -0.5050
vn 0.7611 -0.4542 -0.4631
vn -0.9965 0.0819 0.0148
vn -1.0000 -0.0001 -0.0019
vn -0.9931 0.1175 -0.0016
vn -0.9976 -0.0692 -0.0069
vn -0.9937 -0.1116 -0.0118
vn -0.9753 -0.2127 -0.0594
vn -0.8464 -0.2786 -0.4539
vn -0.8921 -0.2861 -0.3498
vn -0.6892 -0.2550 -0.6782
vn -0.7549 -0.3340 -0.5645
vn -0.7088 -0.3497 -0.6126
vn -0.6882 -0.3409 -0.6404
vn -0.6624 -0.3480 -0.6634
vn -0.5653 -0.2683 -0.7800
vn -0.5680 -0.3415 -0.7488
vn -0.2951 -0.2200 -0.9298
vn -0.4727 -0.3209 -0.8207
vn -0.1388 0.1289 -0.9819
vn -0.3312 -0.2975 -0.8954
vn -0.2459 -0.2478 -0.9371
vn -0.1014 -0.1896 -0.9766
vn -0.1668 -0.2293 -0.9590
vn -0.2015 0.0574 -0.9778
vn -0.1086 -0.1358 -0.9848
vn 0.1914 0.2496 -0.9492
vn 0.2544 0.3791 -0.8897
vn -0.0154 -0.0997 -0.9949
vn 0.3197 0.7471 -0.5828
vn -0.0403 -0.1029 -0.9939
vn 0.0236 -0.1177 -0.9928
vn 0.1444 -0.1859 -0.9719
vn 0.0640 -0.1310 -0.9893
vn 0.1062 -0.1636 -0.9808
vn 0.1238 -0.1925 -0.9735
vn 0.2544 -0.2965 -0.9205
vn 0.1647 -0.2484 -0.9545
vn 0.2836 -0.3434 -0.8954
vn 0.3731 -0.4186 -0.8280
vn 0.4014 -0.4025 -0.8227
vn 0.2756 -0.3414 -0.8986
vn 0.4797 -0.4270 -0.7665
vn 0.5366 -0.5994 -0.5940
vn 0.6484 -0.5741 -0.4999
vn 0.7412 -0.5448 -0.3922
vn 0.7830 -0.5258 -0.3322
vn 0.8224 -0.4981 -0.2748
vn 0.8425 -0.4906 -0.2225
vn 0.8389 -0.5168 -0.1707
vn 0.8934 -0.4485 -0.0261
vn 0.9466 -0.3124 -0.0792
vn -0.1841 -0.1333 -0.9738
vn -0.2182 -0.1405 -0.9657
vn -0.1551 -0.1243 -0.9800
vn -0.1377 -0.1113 -0.9842
vn -0.2846 -0.1533 -0.9463
vn -0.2394 -0.1825 -0.9536
vn -0.3044 -0.1227 -0.9446
vn -0.3301 -0.1437 -0.9330
vn -0.3131 -0.1528 -0.9373
vn -0.1309 -0.1022 -0.9861
vn -0.1365 -0.0949 -0.9861
vn -0.1545 -0.0897 -0.9839
vn -0.1689 -0.1260 -0.9775
vn -0.0519 -0.1106 -0.9925
vn 0.1777 -0.1546 -0.9719
vn 0.1669 -0.1517 -0.9742
vn 0.1538 -0.1398 -0.9782
vn 0.2455 -0.1824 -0.9521
vn 0.2848 -0.2129 -0.9347
vn 0.3558 -0.2530 -0.8997
vn 0.3328 -0.2295 -0.9146
vn 0.3485 -0.2463 -0.9044
vn 0.2615 -0.2425 -0.9342
vn 0.2618 -0.2188 -0.9400
vn 0.2137 -0.2028 -0.9556
vn 0.1748 -0.1773 -0.9685
vn 0.1452 -0.1493 -0.9781
vn 0.1567 -0.1620 -0.9743
vn -0.9590 -0.1315 -0.2512
vn -0.9609 -0.1245 -0.2474
vn -0.9745 -0.1260 -0.1855
vn 0.9905 -0.0063 -0.1374
vn 0.1789 0.7618 -0.6226
vn -0.1848 0.9787 -0.0897
vn 0.1836 0.9342 -0.3060
vn 0.4740 -0.1095 -0.8737
vn 0.5434 -0.0094 -0.8394
vn 0.6006 -0.2247 -0.7673
vn 0.6062 -0.4314 -0.6682
vn 0.4833 -0.4767 -0.7343
vn 0.0254 0.8867 -0.4616
vn 0.5350 0.6565 -0.5318
vn 0.5704 -0.5159 -0.6391
vn 0.7381 -0.1195 -0.6640
vn 0.6801 0.2207 -0.6991
vn 0.0130 0.9799 -0.1993
vn 0.3298 0.9421 -0.0610
vn 0.6034 0.4581 -0.6528
vn 0.6760 -0.3330 -0.6573
vn 0.7182 -0.4129 -0.5602
vn 0.6125 -0.5249 -0.5910
vn 0.2710 0.9504 -0.1525
vn 0.7182 -0.4129 -0.5601
vn 0.8302 -0.2603 -0.4929
vn 0.7183 -0.4129 -0.5600
vn 0.8302 -0.2605 -0.4929
vn 0.6965 -0.5621 -0.4460
vn 0.6091 0.7676 -0.1995
vn 0.8662 0.0957 -0.4905
vn 0.8872 -0.3124 -0.3395
vn 0.7444 -0.5588 -0.3654
vn 0.7780 -0.5296 -0.3380
vn 0.8919 -0.2640 -0.3671
vn 0.8436 0.4351 -0.3147
vn 0.2483 0.9666 -0.0635
vn 0.8949 -0.3106 -0.3205
vn 0.8183 -0.5061 -0.2724
vn 0.7893 -0.5397 -0.2928
vn 0.3928 0.9148 -0.0943
vn 0.0322 0.9992 0.0221
vn 0.9066 0.3078 -0.2887
vn 0.9665 -0.1142 -0.2298
vn 0.9670 -0.1130 -0.2285
vn 0.8491 -0.4841 -0.2115
vn 0.8263 -0.5133 -0.2319
vn 0.8263 -0.5132 -0.2321
vn 0.3322 0.9266 0.1762
vn 0.9516 -0.2691 -0.1483
vn 0.8958 -0.4133 -0.1635
vn 0.8548 -0.4887 -0.1744
vn 0.6072 0.7935 -0.0408
vn 0.9104 -0.3952 -0.1227
vn 0.9881 -0.1180 -0.0988
vn 0.2751 0.9338 0.2289
vn 0.8110 0.5843 0.0295
vn 0.9923 -0.1173 -0.0387
vn 0.8952 -0.4452 -0.0207
vn 0.9919 -0.1237 -0.0287
vn 0.9669 -0.2552 -0.0000
vn -0.0874 0.8327 -0.5468
vn 0.5467 0.2053 -0.8118
vn -0.2219 0.5609 -0.7976
vn -0.4746 0.8459 -0.2433
vn 0.3726 -0.3643 -0.8535
vn -0.4906 0.8308 -0.2628
vn -0.0611 0.9976 0.0320
vn -0.0709 0.9922 0.1026
vn -0.0508 0.9983 0.0281
vn -0.0281 0.9993 0.0265
vn -0.1322 0.9817 0.1368
vn -0.0715 0.9955 0.0625
vn -0.0294 0.9983 0.0493
vn -0.1585 0.9870 0.0284
vn -0.2652 0.9558 -0.1270
vn 0.6607 0.7507 -0.0002
vn 0.6363 0.7170 -0.2847
vn 0.7443 0.6673 -0.0286
vn 0.6281 0.4810 -0.6117
vn 0.0882 0.0011 -0.9961
vn 0.2299 0.0607 -0.9713
vn 0.4522 0.5883 -0.6704
vn 0.4332 0.7769 -0.4569
vn 0.4884 0.7044 -0.5151
vn 0.0401 0.0579 -0.9975
vn -0.0410 -0.0896 -0.9951
vn -0.0410 -0.0895 -0.9951
vn -0.0552 -0.1130 -0.9921
vn 0.0286 0.0309 -0.9991
vn 0.3983 0.8123 -0.4261
vn -0.0293 -0.0786 -0.9965
vn -0.0376 -0.1011 -0.9942
vn -0.0292 -0.0786 -0.9965
vn 0.0304 0.0552 -0.9980
vn 0.1884 0.8268 -0.5300
vn 0.2870 0.9283 -0.2366
vn 0.3457 0.6677 -0.6593
vn 0.2928 0.9562 0.0007
vn 0.3611 0.8932 -0.2680
vn 0.1746 0.8754 -0.4508
vn 0.0704 0.9530 -0.2948
vn 0.0527 0.1402 -0.9887
vn 0.0548 0.2889 -0.9558
vn 0.0231 -0.1021 -0.9945
vn -0.0344 0.9974 -0.0637
vn 0.0750 0.9971 0.0091
vn 0.0114 0.7371 -0.6757
vn 0.0441 0.0588 -0.9973
vn 0.0554 0.0417 -0.9976
vn 0.0491 -0.1132 -0.9924
vn -0.1592 0.9826 -0.0955
vn -0.0282 0.5559 -0.8308
vn 0.1962 0.6148 -0.7639
vn 0.0557 0.0417 -0.9976
vn 0.0717 0.0147 -0.9973
vn 0.0828 -0.1472 -0.9856
vn 0.0783 0.0259 -0.9966
vn 0.0723 0.0029 -0.9974
vn -0.1016 0.6610 -0.7435
vn -0.1300 0.6504 -0.7484
vn 0.1231 -0.1938 -0.9733
vn 0.1209 -0.1853 -0.9752
vn -0.1925 0.9782 -0.0773
vn -0.3242 0.8960 -0.3035
vn -0.2652 0.9632 -0.0443
vn 0.1561 -0.1393 -0.9779
vn 0.1745 -0.2886 -0.9414
vn -0.4386 0.8967 -0.0600
vn -0.2377 0.7035 -0.6698
vn 0.1777 -0.0942 -0.9796
vn 0.2619 -0.3077 -0.9147
vn -0.3112 0.6594 -0.6844
vn -0.4275 0.8017 -0.4177
vn 0.1108 0.3008 -0.9472
vn -0.3654 0.7193 -0.5909
vn -0.3365 0.6845 -0.6467
vn -0.2512 0.6301 -0.7348
vn 0.0842 0.3874 -0.9181
vn -0.5287 0.7472 0.4026
vn -0.6026 0.7937 0.0829
vn -0.3302 0.9421 -0.0588
vn -0.8430 0.5352 0.0528
vn -0.4221 0.9014 0.0964
vn -0.7694 0.6306 0.1022
vn -0.8819 0.4555 0.1216
vn -0.8013 0.5531 0.2281
vn -0.7599 0.6362 0.1333
vn -0.8379 0.5318 0.1231
vn -0.7571 0.5329 0.3778
vn -0.6831 0.6674 0.2967
vn -0.6663 0.5886 0.4579
vn -0.6232 0.6708 0.4021
vn -0.5723 0.6660 0.4784
vn -0.6680 0.5205 0.5318
vn -0.6507 0.5316 0.5422
vn -0.1834 0.9660 0.1820
vn -0.4792 0.7816 0.3993
vn -0.3718 0.8751 0.3098
vn -0.3433 0.8715 0.3502
vn -0.5731 0.6661 0.4774
vn -0.5519 0.6206 0.5570
vn -0.6217 0.5095 0.5949
vn -0.2680 0.9557 0.1213
vn -0.5693 0.5071 0.6471
vn -0.0346 0.9833 0.1788
vn -0.3761 0.5292 0.7606
vn -0.3502 0.7491 0.5623
vn -0.4609 0.4562 0.7612
vn -0.1986 0.9204 0.3367
vn -0.3508 0.7488 0.5623
vn -0.4164 0.6173 0.6675
vn -0.4739 0.6405 0.6043
vn -0.6508 0.5316 0.5421
vn -0.4792 0.7816 0.3992
vn -0.6231 0.6708 0.4022
vn -0.8795 0.4759 -0.0001
vn -0.5000 0.7170 0.4857
vn -0.4119 0.4547 0.7897
vn -0.4370 0.5742 0.6924
vn -0.3046 0.7848 0.5397
vn -0.3533 0.6514 0.6715
vn -0.4334 0.5858 0.6849
vn -0.3822 0.4081 0.8291
vn -0.4644 0.5871 0.6630
vn -0.4253 0.5105 0.7473
vn -0.4659 0.7487 0.4715
vn -0.4334 0.5857 0.6850
vn -0.3173 0.7356 0.5985
vn -0.4370 0.5740 0.6925
vn -0.3340 0.8180 0.4684
vn -0.5081 0.7370 0.4457
vn -0.4162 0.8698 0.2650
vn -0.1832 0.9199 0.3467
vn -0.0439 0.9930 0.1094
vn 0.2353 0.9310 0.2792
vn 0.1220 0.9925 0.0062
vn 0.2252 0.9743 0.0051
vn 0.2007 0.9291 0.3106
vn 0.3067 0.9447 0.1160
vn 0.4268 0.7196 0.5478
vn 0.4895 0.8664 0.0986
vn 0.4545 0.7197 0.5249
vn -0.4870 0.6226 0.6126
vn -0.3525 0.3941 0.8488
vn -0.2553 0.4244 0.8687
vn -0.2766 0.4905 0.8264
vn -0.4001 0.3974 0.8258
vn -0.2206 0.3037 0.9269
vn -0.2075 0.5669 0.7972
vn 0.0225 0.3721 0.9279
vn -0.1407 0.3126 0.9394
vn 0.3447 0.6181 0.7065
vn 0.0421 0.2814 0.9587
vn 0.4476 0.8182 0.3608
vn 0.0032 0.0970 0.9953
vn 0.0687 0.1512 0.9861
vn 0.1104 0.2436 0.9636
vn 0.3084 0.6113 0.7288
vn 0.0408 0.1048 0.9937
vn 0.1427 0.3390 0.9299
vn 0.0955 0.2397 0.9661
vn 0.4012 0.8307 0.3860
vn 0.2941 0.6059 0.7392
vn 0.2202 0.4562 0.8622
vn 0.3526 0.5829 0.7321
vn 0.2576 0.4433 0.8585
vn 0.0617 0.1172 0.9912
vn 0.2206 0.4769 0.8508
vn 0.2338 0.3178 0.9189
vn 0.1070 0.1657 0.9804
vn 0.1900 0.2180 0.9573
vn 0.2195 0.4563 0.8623
vn 0.1359 0.2871 0.9482
vn 0.1427 0.3391 0.9299
vn 0.4243 0.8400 0.3382
vn 0.1033 0.1886 0.9766
vn 0.6245 0.5408 0.5635
vn 0.2324 0.2392 0.9427
vn 0.6034 0.7970 -0.0249
vn 0.3399 0.2688 0.9012
vn 0.4966 0.4225 0.7582
vn 0.3252 0.2782 0.9038
vn 0.7424 0.6669 0.0638
vn 0.7346 0.6780 0.0266
vn 0.5573 0.3353 0.7595
vn 0.6868 0.6888 0.2320
vn 0.7462 0.6450 0.1650
vn 0.6826 0.5423 0.4898
vn 0.6782 0.7150 -0.1698
vn 0.8831 0.2985 0.3619
vn 0.7407 0.4124 0.5304
vn 0.7312 0.6819 0.0174
vn 0.7367 0.6762 0.0029
vn 0.7242 0.6887 -0.0366
vn 0.6520 0.7542 -0.0778
vn 0.7322 0.6811 0.0034
vn 0.7304 0.6830 -0.0032
vn 0.7309 0.6825 0.0005
vn 0.7040 0.6956 -0.1433
vn 0.7391 0.6735 -0.0081
vn 0.5025 0.8608 -0.0811
vn 0.9835 0.1807 0.0036
vn 0.8886 -0.1736 -0.4246
vn 0.8564 -0.5139 0.0498
vn 0.3063 -0.9495 -0.0683
vn 0.9204 -0.3909 -0.0098
vn 0.9930 0.0970 0.0676
vn 0.9941 0.1058 -0.0232
vn 0.0213 -0.0871 -0.9960
vn -0.0935 -0.1675 -0.9814
vn -0.0998 -0.1865 -0.9774
vn 0.0223 -0.0876 -0.9959
vn 0.6616 0.4996 -0.5592
vn 0.6787 0.6001 -0.4232
vn -0.2331 -0.2432 -0.9416
vn 0.0173 -0.0375 -0.9991
vn 0.7137 0.6371 -0.2912
vn 0.6311 0.5889 -0.5049
vn -0.2418 -0.1784 -0.9538
vn -0.2794 -0.2654 -0.9228
vn -0.3567 -0.2907 -0.8878
vn 0.2728 0.3154 -0.9089
vn -0.1204 -0.0640 -0.9907
vn 0.5044 0.4715 -0.7234
vn 0.4305 0.4943 -0.7552
vn -0.4698 -0.3276 -0.8198
vn -0.4797 -0.3222 -0.8161
vn -0.3366 -0.2014 -0.9199
vn 0.1184 0.3058 -0.9447
vn 0.2626 0.6702 -0.6942
vn -0.5844 -0.3390 -0.7373
vn -0.5290 -0.2167 -0.8205
vn -0.4168 -0.0833 -0.9052
vn 0.3357 0.5374 -0.7737
vn 0.5161 0.6676 -0.5366
vn -0.6245 -0.2060 -0.7534
vn -0.6679 -0.3583 -0.6523
vn -0.6777 -0.3422 -0.6508
vn -0.6246 -0.2061 -0.7533
vn -0.4167 -0.0833 -0.9052
vn -0.5291 -0.2165 -0.8205
vn -0.6245 -0.2060 -0.7533
vn -0.2886 0.0526 -0.9560
vn -0.0610 0.6938 -0.7176
vn -0.5293 -0.0867 -0.8440
vn -0.6653 -0.0457 -0.7452
vn 0.5267 0.7217 -0.4491
vn 0.4649 0.6846 -0.5614
vn -0.7175 -0.1294 -0.6844
vn 0.1625 0.6977 -0.6977
vn -0.8382 -0.1297 -0.5297
vn -0.3420 0.6105 -0.7144
vn 0.2158 0.8418 -0.4948
vn -0.7918 0.0935 -0.6036
vn -0.1771 0.7317 -0.6582
vn -0.1178 0.9710 -0.2082
vn -0.2887 0.0530 -0.9560
vn -0.1503 0.1874 -0.9707
vn -0.0517 0.1674 -0.9845
vn 0.7269 0.6644 -0.1739
vn 0.7002 0.6263 -0.3426
vn 0.7137 0.6371 -0.2911
vn -0.2753 0.9559 -0.1018
vn -0.9763 0.0452 -0.2118
vn -0.9259 -0.0057 -0.3778
vn -0.9007 -0.2839 -0.3290
vn -0.6093 0.6984 -0.3755
vn -0.3744 0.9157 -0.1463
vn -0.5553 0.8230 -0.1195
vn -0.1641 0.9856 -0.0403
vn -0.1426 0.9897 0.0146
vn -0.9701 -0.2144 -0.1140
vn -0.9944 0.1030 -0.0241
vn -0.8245 0.5517 -0.1257
vn -0.5548 0.8234 -0.1194
vn -0.7044 0.6935 -0.1514
vn -0.7003 0.7135 -0.0233
vn -0.3870 0.9174 -0.0926
vn -0.9934 -0.1146 -0.0107
vn -0.9610 0.2759 -0.0190
vn -0.9933 -0.1146 -0.0107
vn -0.9967 -0.0802 -0.0088
vn -0.9936 0.1126 -0.0081
vn -0.6706 0.7344 0.1049
vn -0.4323 0.9018 -0.0011
vn -0.9850 0.1726 -0.0037
vn -0.9936 0.1127 -0.0081
vn -0.9974 -0.0713 -0.0076
vn -0.8663 0.4995 -0.0030
vn -0.9807 0.1953 -0.0000
vn -0.9997 -0.0236 -0.0034
vn -0.5754 0.8178 -0.0022
vn -0.8723 0.4890 0.0074
vn -0.0516 0.9987 0.0001
vn -0.6138 0.7895 -0.0037
vn -0.6434 0.7655 -0.0024
vn -0.7665 0.6422 -0.0054
vn -0.7571 0.6533 -0.0002
vn -0.9400 0.3411 -0.0036
vn -0.7665 0.6422 -0.0085
vn -0.6661 0.7459 -0.0054
vn -0.3829 0.9201 -0.0824
vn -0.1954 0.9798 -0.0421
vn -0.2454 0.9688 -0.0337
vn -0.9898 0.0002 -0.1428
vn -0.9936 -0.0005 -0.1126
vn -0.9536 -0.0175 -0.3006
vn -0.9656 0.0013 -0.2599
vn -0.9989 -0.0003 -0.0462
vn -0.9989 -0.0000 -0.0462
vn -0.9017 0.0001 -0.4323
vn -0.4983 -0.0006 -0.8670
vn -0.6532 -0.0000 -0.7571
vn -0.6551 -0.0043 -0.7555
vn -0.4997 -0.0012 -0.8662
vn -0.2971 -0.0011 -0.9549
vn -0.4143 0.0001 -0.9101
vn -0.4531 0.0014 -0.8915
vn -0.1118 0.0004 -0.9937
vn -0.1310 -0.0004 -0.9914
vn 0.1085 -0.0001 -0.9941
vn 0.0002 -0.0003 -1.0000
vn 0.0108 0.0074 -0.9999
vn 0.2970 -0.0009 -0.9549
vn 0.1080 0.0004 -0.9941
vn 0.4718 0.0010 -0.8817
vn 0.4989 0.0004 -0.8666
vn 0.4155 -0.0008 -0.9096
vn 0.5583 0.0004 -0.8296
vn 0.6405 0.0095 -0.7679
vn 0.6538 -0.0000 -0.7566
vn 0.9700 -0.2081 0.1258
vn 0.9838 -0.1116 -0.1406
vn 0.9999 0.0131 -0.0002
vn 0.9805 -0.0023 -0.1967
vn 0.9672 0.0006 -0.2542
vn 0.9631 -0.0066 -0.2692
vn 0.9044 -0.0129 -0.4265
vn 0.9195 -0.0019 -0.3930
vn 0.9107 -0.0119 -0.4129
vn 0.9287 -0.0036 -0.3708
vn 0.7530 0.0014 -0.6580
vn 0.7904 0.0012 -0.6126
vn 0.9270 0.0025 -0.3751
vn 0.9122 0.0132 -0.4094
vn 0.9007 0.0033 -0.4344
vn 0.8012 -0.0060 -0.5984
vn 0.8503 -0.0000 -0.5263
vn 0.8209 -0.0001 -0.5711
vn 0.8760 -0.0066 -0.4823
vn 0.7601 -0.0006 -0.6498
vn 0.7895 -0.0058 -0.6137
vn 0.7602 -0.0006 -0.6497
vn 0.6406 0.0095 -0.7678
vn 0.7210 0.0030 -0.6929
vn 0.7758 -0.0000 -0.6310
vn 0.6403 0.0095 -0.7681
vn 0.8608 0.0016 -0.5089
vn 0.8374 -0.0951 -0.5382
vn 0.8219 0.0093 -0.5696
vn 0.7848 -0.0014 -0.6197
vn -0.7660 -0.0046 -0.6428
vn -0.7967 -0.0002 -0.6043
vn -0.7537 0.0024 -0.6573
vn -0.7261 -0.0013 -0.6876
vn -0.7098 0.0009 -0.7044
vn -0.7425 0.0035 -0.6699
vn -0.7184 0.0010 -0.6956
vn -0.7752 0.0139 -0.6316
vn -0.7712 -0.0052 -0.6365
vn -0.7944 0.0063 -0.6074
vn -0.8413 -0.0000 -0.5406
vn -0.8327 0.0029 -0.5537
vn -0.8709 0.0056 -0.4914
vn -0.8879 0.0002 -0.4600
vn -0.9027 -0.0004 -0.4303
vn -0.8961 0.0018 -0.4438
vn -0.9002 -0.0001 -0.4354
vn -0.8561 -0.0005 -0.5168
vn -0.8687 0.0002 -0.4954
vn -0.8694 0.0001 -0.4941
vn -0.9001 -0.0012 -0.4357
vn -0.8210 -0.0047 -0.5710
vn -0.8560 -0.0005 -0.5169
vn -0.8888 -0.0010 -0.4583
vn 0.1314 -0.4274 -0.8945
vn 0.0094 -0.9968 -0.0795
vn 0.0266 -0.9996 -0.0000
vn -0.9518 -0.2745 -0.1368
vn -0.0141 -0.9999 0.0027
vn -0.8545 -0.5192 -0.0172
vn -0.0094 -0.9978 0.0659
vn 0.7840 -0.5913 -0.1889
vn 0.7834 -0.5962 -0.1754
vn 0.8864 -0.3827 -0.2603
vn 0.7107 -0.6099 -0.3508
vn 0.8591 -0.3287 -0.3923
vn 0.6774 -0.5968 -0.4301
vn 0.5983 -0.7063 -0.3783
vn 0.5432 -0.5119 -0.6655
vn 0.3049 -0.8840 -0.3544
vn 0.6193 -0.3218 -0.7162
vn 0.5445 -0.5556 -0.6284
vn 0.4495 -0.5556 -0.6995
vn 0.5162 -0.2905 -0.8057
vn 0.0771 -0.9803 0.1818
vn 0.3650 -0.6152 -0.6988
vn 0.3997 -0.2807 -0.8726
vn 0.1836 -0.7183 -0.6711
vn -0.0009 -0.2590 -0.9659
vn -0.1013 -0.7186 -0.6880
vn -0.5087 -0.3385 -0.7916
vn 0.0207 -0.9991 0.0374
vn -0.5050 -0.5778 -0.6412
vn -0.6050 -0.3825 -0.6983
vn -0.6035 -0.5946 -0.5312
vn -0.7181 -0.3117 -0.6222
vn -0.6780 -0.5907 -0.4374
vn -0.8404 -0.3826 -0.3838
vn 0.0361 -0.9955 0.0882
vn -0.7246 -0.6539 -0.2175
vn 0.7517 -0.1946 -0.6301
vn 0.6051 -0.3825 -0.6982
vn -0.2764 -0.1951 -0.9410
vn 0.1867 -0.7741 -0.6049
vn -0.3727 -0.4536 -0.8095
vn -0.4074 -0.1950 -0.8922
vn 0.9708 -0.1951 -0.1396
vn 0.9412 -0.1947 -0.2763
vn 0.9690 -0.0002 -0.2469
vn 0.8251 -0.1949 -0.5303
vn 0.7924 -0.0002 -0.6100
vn 0.7558 -0.0001 -0.6548
vn 0.5233 -0.2589 -0.8118
vn 0.5408 0.0001 -0.8412
vn 0.6536 0.0001 -0.7569
vn 0.4021 -0.2592 -0.8782
vn 0.4154 0.0001 -0.9097
vn 0.4866 -0.0000 -0.8736
vn 0.3002 -0.0000 -0.9539
vn 0.0013 -0.2591 -0.9658
vn -0.0000 0.0001 -1.0000
vn 0.1015 -0.0001 -0.9948
vn -0.1015 -0.0000 -0.9948
vn -0.3002 -0.0001 -0.9539
vn -0.4866 -0.0002 -0.8736
vn -0.7924 -0.0001 -0.6100
vn -0.8781 -0.2588 -0.4025
vn -0.8993 -0.0002 -0.4374
vn -0.9096 0.0001 -0.4155
vn -0.9690 -0.0001 -0.2469
vn -0.9546 -0.2626 -0.1404
vn -0.9975 0.0518 -0.0472
vn -0.2818 -0.0000 -0.9595
vn -0.2763 -0.1951 -0.9411
vn -0.1424 -0.0001 -0.9898
vn 0.3003 0.0001 -0.9539
vn 0.4154 0.0001 -0.9096
vn 0.4072 -0.1950 -0.8923
vn 0.5407 0.0001 -0.8412
vn 0.6423 -0.1944 -0.7414
vn 0.6536 -0.0000 -0.7568
vn 0.7558 -0.0000 -0.6548
vn 0.6973 -0.3811 -0.6071
vn 0.7518 -0.1946 -0.6301
vn -0.0686 -0.9971 0.0316
vn 0.8710 -0.4911 -0.0151
vn 0.7470 -0.6301 0.2120
vn 0.3878 -0.6118 0.6894
vn 0.4947 -0.6099 0.6191
vn 0.2889 -0.6142 0.7344
vn 0.1437 -0.6175 0.7734
vn 0.0863 -0.6172 0.7821
vn 0.6952 -0.6148 0.3725
vn -0.0635 -0.6101 0.7898
vn -0.3256 -0.0950 0.9407
vn 0.0515 -0.9978 -0.0410
vn 0.6595 -0.6243 0.4187
vn 0.5810 -0.6099 0.5390
vn -0.1937 -0.4478 0.8729
vn -0.4884 -0.6187 0.6154
vn -0.5827 -0.6101 0.5369
vn -0.6538 -0.6083 0.4500
vn -0.7149 -0.6165 0.3300
vn -0.7020 -0.6755 0.2258
vn 0.0206 -0.9996 -0.0189
vn -0.9934 -0.1093 0.0345
vn -0.9880 -0.0380 0.1494
vn -0.9983 -0.0000 0.0588
vn -0.9598 -0.0013 0.2808
vn -0.8210 -0.1132 0.5596
vn -0.8561 -0.3117 0.4123
vn -0.8857 -0.0029 0.4642
vn -0.7604 -0.0002 0.6495
vn -0.7189 -0.1954 0.6671
vn -0.8103 -0.1953 0.5525
vn -0.4964 -0.1227 0.8594
vn -0.5890 -0.3282 0.7385
vn -0.6200 0.0034 0.7846
vn -0.4185 0.0001 0.9082
vn -0.0754 -0.0859 0.9934
vn -0.2166 -0.0014 0.9763
vn 0.6036 -0.0001 0.7973
vn 0.6115 -0.1950 0.7669
vn 0.4904 -0.1953 0.8493
vn 0.8103 -0.1954 0.5525
vn 0.7189 -0.1953 0.6671
vn 0.7604 -0.0003 0.6495
vn 0.8819 -0.0001 0.4714
vn 0.8836 -0.1954 0.4255
vn 0.8103 -0.1952 0.5525
vn 0.9798 -0.1342 0.1480
vn 0.9026 -0.3283 0.2783
vn 0.9605 -0.0045 0.2782
vn -0.6772 -0.3829 0.6284
vn -0.0328 -0.1740 0.9842
vn 0.2180 -0.0845 0.9723
vn 0.3141 -0.5393 0.7814
vn 0.4975 -0.1095 0.8605
vn 0.6067 -0.0738 0.7915
vn 0.7501 -0.0862 0.6556
vn 0.7633 -0.3828 0.5204
vn 0.8324 -0.3828 0.4008
vn 0.9932 -0.0936 0.0689
vn -0.4427 0.0589 0.8947
vn -0.5868 -0.0017 0.8097
vn -0.3065 0.0037 0.9519
vn -0.3961 -0.0053 0.9182
vn 0.0101 -0.0051 0.9999
vn -0.2027 0.0030 0.9792
vn -0.0780 -0.0018 0.9970
vn 0.2123 0.0009 0.9772
vn 0.3210 0.0005 0.9471
vn 0.4172 -0.0000 0.9088
vn 0.5111 -0.0000 0.8595
vn -1.0000 -0.0000 -0.0000
vn -0.9624 -0.0000 0.2715
vn -0.9983 -0.0000 0.0589
vn -0.8777 -0.0049 0.4792
vn -0.9625 -0.0000 0.2714
vn -0.9861 -0.0000 0.1661
vn -0.9000 -0.0000 0.4359
vn -0.9276 -0.0000 0.3736
vn -0.8782 0.0003 0.4783
vn -0.8412 0.0004 0.5407
vn -0.8260 -0.0000 0.5637
vn -0.7604 -0.0000 0.6494
vn -0.7756 0.0002 0.6312
vn -0.7972 0.0014 0.6038
vn -0.7569 -0.0004 0.6536
vn -0.7745 -0.0004 0.6326
vn -0.7966 -0.0007 0.6045
vn -0.8406 -0.0015 0.5416
vn -0.6864 -0.0015 0.7273
vn 0.9628 0.0009 0.2702
vn 0.9567 0.0148 0.2907
vn 0.9985 0.0047 0.0550
vn 0.9980 0.0003 0.0637
vn 0.8697 0.0010 0.4936
vn 0.8868 -0.0162 0.4619
vn 0.7639 -0.0037 0.6453
vn 0.8029 0.0007 0.5961
vn 0.7589 0.0002 0.6512
vn 0.8355 -0.0000 0.5495
vn 0.8183 0.0052 0.5747
vn 0.7530 -0.0006 0.6580
vn 0.7365 -0.0000 0.6764
vn 0.6048 -0.0003 0.7963
vn 0.8262 -0.0000 0.5633
vn 0.8124 -0.0077 0.5830
vn 0.8672 0.0016 0.4979
vn 0.8920 0.0006 0.4521
vn 0.7846 -0.0000 0.6200
vn 0.9632 -0.0015 0.2689
vn 0.9983 0.0154 0.0570
vn 0.9998 -0.0072 0.0182
vn -0.8819 -0.0000 0.4714
vn 0.1842 0.0314 0.9824
vn 0.0852 0.0404 0.9955
vn 0.1331 0.0798 0.9879
vn 0.0100 0.0379 0.9992
vn -0.3812 0.0881 0.9203
vn -0.3814 0.1506 0.9121
vn -0.2850 0.1581 0.9454
vn -0.1709 0.0832 0.9818
vn -0.1558 0.0806 0.9845
vn -0.2984 0.0675 0.9521
vn -0.0665 0.0564 0.9962
vn -0.4741 0.1322 0.8705
vn -0.5716 0.0720 0.8174
vn 0.7766 0.0346 0.6290
vn 0.8380 0.0251 0.5451
vn 0.8222 -0.0087 0.5691
vn 0.9741 0.0004 0.2263
vn 0.9486 -0.0108 0.3162
vn 0.9470 0.0038 0.3212
vn 0.9885 -0.0120 0.1506
vn 0.9975 -0.0139 0.0699
vn 0.8968 0.0290 0.4414
vn 0.8854 0.0135 0.4646
vn 0.9297 0.0149 0.3679
vn 0.5100 0.0521 0.8586
vn 0.4124 0.0526 0.9095
vn 0.6071 0.0501 0.7931
vn 0.6987 0.0449 0.7140
vn 0.3165 -0.0031 0.9486
vn 0.3205 0.0499 0.9459
vn 0.5095 0.0859 0.8562
vn 0.3153 0.0633 0.9469
vn 0.4016 0.0601 0.9138
vn 0.2284 0.0363 0.9729
vn 0.1511 0.0358 0.9879
vn -0.4313 0.1582 0.8882
vn -0.3321 0.1864 0.9246
vn -0.2415 0.1667 0.9560
vn -0.1495 0.1166 0.9819
vn -0.0590 0.0736 0.9955
vn 0.0076 0.0501 0.9987
vn 0.0673 0.0417 0.9969
vn 0.1169 0.0506 0.9919
vn 0.6043 0.0947 0.7911
vn 0.6891 0.0853 0.7197
vn 0.7752 0.0790 0.6268
vn 0.9993 -0.0298 0.0205
vn -0.6173 0.0861 0.7820
vn -0.0007 0.0900 0.9959
vn 0.0004 0.0736 0.9973
vn -0.0649 0.1055 0.9923
vn -0.5676 0.4747 0.6727
vn -0.6615 0.5021 0.5571
vn -0.6156 0.5232 0.5893
vn -0.6615 0.5344 0.5262
vn -0.8254 0.4892 0.2818
vn -0.8585 0.4667 0.2125
vn -0.7281 0.5093 0.4588
vn -0.7871 0.4985 0.3633
vn -0.8810 0.4545 0.1313
vn -0.8914 0.4488 0.0636
vn -0.8842 0.4671 0.0076
vn -0.1351 0.1977 0.9709
vn -0.1297 0.1669 0.9774
vn -0.2317 0.2396 0.9428
vn -0.4734 0.3903 0.7896
vn -0.4695 0.4300 0.7712
vn -0.3695 0.3662 0.8540
vn -0.3659 0.3310 0.8698
vn -0.5707 0.4357 0.6960
vn 0.5069 0.2446 0.8266
vn 0.4709 0.2673 0.8407
vn 0.5831 0.2739 0.7648
vn 0.6420 0.2374 0.7290
vn 0.3964 0.2028 0.8954
vn 0.3693 0.2513 0.8947
vn 0.0493 0.0934 0.9944
vn 0.0815 0.0691 0.9943
vn 0.9953 0.0673 0.0691
vn 0.9995 -0.0060 0.0320
vn 0.9958 0.0310 0.0867
vn 0.9972 0.0187 0.0727
vn 0.9886 0.1200 0.0906
vn 0.9792 0.1246 0.1604
vn 0.9588 0.1952 0.2065
vn 0.6985 0.3154 0.6424
vn 0.7874 0.3090 0.5334
vn 0.5482 0.3174 0.7738
vn 0.7327 0.1549 0.6626
vn 0.7614 0.2203 0.6097
vn 0.6341 0.2245 0.7399
vn 0.5409 0.2248 0.8105
vn 0.4613 0.2165 0.8604
vn 0.2563 0.2129 0.9429
vn 0.3704 0.1987 0.9074
vn 0.1696 0.1768 0.9695
vn 0.2179 0.1477 0.9647
vn 0.1522 0.1260 0.9803
vn 0.1176 0.0956 0.9884
vn 0.1211 0.0897 0.9886
vn 0.1182 0.0982 0.9881
vn 0.1245 0.1086 0.9863
vn 0.1307 0.1145 0.9848
vn 0.1335 0.1214 0.9836
vn 0.0443 0.0715 0.9965
vn 0.0317 0.0655 0.9973
vn -0.0062 0.0669 0.9977
vn -0.0690 0.0950 0.9931
vn -0.1426 0.1546 0.9776
vn -0.1675 0.0460 0.9848
vn -0.1344 0.1463 0.9801
vn -0.1271 0.1371 0.9824
vn -0.1254 0.1312 0.9834
vn -0.1911 0.1773 0.9654
vn -0.2333 0.2260 0.9458
vn -0.3135 0.3055 0.8991
vn -0.4341 0.3434 0.8328
vn -0.5110 0.3707 0.7755
vn -0.5763 0.4042 0.7103
vn -0.6379 0.4056 0.6547
vn -0.6732 0.4525 0.5848
vn -0.6618 0.4554 0.5954
vn -0.6993 0.4498 0.5556
vn -0.6973 0.4406 0.5654
vn -0.7299 0.4481 0.5163
vn -0.7377 0.4468 0.5062
vn -0.6568 0.4575 0.5994
vn -0.6500 0.4638 0.6020
vn -0.0049 0.7980 -0.6026
vn -0.4220 0.9056 0.0423
vn -0.0050 0.7980 -0.6027
vn -0.6537 0.4708 0.5925
vn -0.6506 0.4659 0.5998
vn -0.6786 0.4810 0.5551
vn -0.7009 0.4873 0.5208
vn -0.6609 0.4752 0.5808
vn -0.7386 0.4926 0.4602
vn -0.7714 0.4850 0.4119
vn -0.7950 0.4825 0.3676
vn -0.8705 0.4445 0.2115
vn -0.6543 0.5321 0.5373
vn -0.3804 0.4106 0.8287
vn 0.6230 0.3228 0.7125
vn 0.6626 0.3489 0.6627
vn 0.8581 0.2909 0.4232
vn 0.9607 0.2096 0.1821
vn 0.9930 0.1132 0.0345
vn 0.9893 0.0779 0.1234
vn 0.9995 -0.0181 0.0276
vn 0.9996 -0.0279 0.0082
vn 0.9997 -0.0250 -0.0026
vn 0.9778 0.1029 0.1823
vn 0.9534 0.1702 0.2490
vn 0.8617 0.2586 0.4367
vn 0.7898 0.2596 0.5558
vn 0.7658 0.2821 0.5779
vn 0.7386 0.2817 0.6125
vn 0.6898 0.2909 0.6629
vn 0.6663 0.2886 0.6876
vn 0.6589 0.2853 0.6960
vn 0.6609 0.2812 0.6958
vn 0.6820 0.2708 0.6793
vn 0.7048 0.2628 0.6589
vn 0.6543 0.2703 0.7063
vn 0.6613 0.2809 0.6955
vn 0.6662 0.2779 0.6921
vn 0.6670 0.2775 0.6914
vn 0.7387 0.2514 0.6253
vn 0.7867 0.2355 0.5707
vn 0.8525 0.2016 0.4823
vn 0.8147 0.1984 0.5449
vn 0.9081 0.1667 0.3841
vn 0.9133 0.1331 0.3850
vn 0.9325 0.1318 0.3362
vn 0.9488 0.1064 0.2974
vn 0.9468 0.0887 0.3093
vn 0.9735 0.0580 0.2212
vn 0.9703 0.0558 0.2353
vn 0.9870 -0.0019 0.1606
vn 0.9831 0.0161 0.1823
vn 0.9918 -0.0028 0.1278
vn 0.9977 -0.0176 0.0660
vn 0.9976 -0.0183 0.0666
vn 0.9997 -0.0247 0.0001
vn 0.9997 -0.0249 -0.0000
vn 0.8666 0.1675 0.4701
vn 0.9182 0.2272 0.3245
vn -0.6544 0.5321 0.5373
vn -0.6073 0.5211 0.5997
vn -0.6617 0.5330 0.5273
vn -0.7079 0.5379 0.4577
vn -0.7507 0.4472 0.4863
vn 0.9997 -0.0204 0.0099
vn 0.9992 -0.0385 -0.0118
vn 0.6837 -0.2976 0.6663
vn 0.9977 0.0678 -0.0016
vn 0.0003 0.9296 0.3686
vn 0.0016 1.0000 -0.0002
vn -0.0962 0.9954 -0.0044
vn 0.0084 1.0000 -0.0004
vn 0.9064 0.3794 -0.1859
vn 0.9417 0.0517 -0.3324
vn 0.9277 -0.0153 -0.3730
vn 0.8073 -0.5902 0.0001
vn 0.8737 -0.0615 0.4827
vn 0.8441 -0.1421 0.5169
vn -0.6040 -0.5836 0.5427
vn 0.6153 -0.6129 -0.4956
vn 0.5166 -0.6093 -0.6016
vn -0.0072 -0.9999 -0.0084
vn 0.6558 -0.6079 -0.4477
vn -0.4342 -0.5855 0.6846
vn 0.4235 -0.6099 -0.6698
vn 0.4462 -0.6826 -0.5788
vn -0.5106 -0.5939 0.6218
vn -0.0544 -0.9982 0.0256
vn 0.7354 -0.6013 -0.3123
vn 0.0419 -0.9990 0.0164
vn 0.9311 -0.3404 -0.1312
vn 0.7521 -0.6197 -0.2243
vn -0.7437 -0.6080 0.2780
vn -0.4061 -0.6515 0.6408
vn 0.4100 0.3527 -0.8411
vn 0.2076 0.2249 -0.9520
vn 0.2544 0.2469 -0.9351
vn 0.1109 0.1476 -0.9828
vn 0.3503 0.3131 -0.8828
vn 0.3170 0.3231 -0.8917
vn 0.7402 0.3782 -0.5559
vn 0.7505 0.6605 0.0211
vn 0.6353 0.7669 -0.0910
vn 0.6694 0.6491 -0.3613
vn 0.6755 0.5912 -0.4406
vn 0.7017 0.6637 -0.2592
vn 0.3471 0.2802 -0.8950
vn 0.7394 0.6700 -0.0666
vn 0.6938 0.3685 -0.6187
vn 0.5835 0.6367 -0.5041
vn 0.6585 0.7394 -0.1404
vn 0.7795 0.6161 -0.1132
vn 0.7956 0.4802 -0.3693
vn 0.6825 0.3924 -0.6167
vn 0.8159 0.3154 -0.4846
vn 0.7267 0.6310 -0.2715
vn 0.8609 0.2769 -0.4268
vn 0.6532 0.5975 -0.4651
vn 0.1587 0.1837 -0.9701
vn 0.6831 0.7192 0.1268
vn -0.9992 0.0394 0.0011
vn -0.5658 0.8240 -0.0285
vn -0.3477 0.9376 -0.0004
vn -0.3368 0.9416 0.0001
vn -0.3479 0.9375 -0.0004
vn -0.1755 0.9845 0.0006
vn -0.9980 -0.0627 0.0059
vn -0.9995 -0.0312 -0.0039
vn -0.3459 0.9383 0.0016
vn -0.6402 0.7682 0.0052
vn -0.9941 0.1049 0.0268
vn -0.9895 -0.1442 0.0106
vn -0.9616 -0.2273 0.1537
vn -0.9776 0.0548 0.2034
vn -0.6897 0.7073 -0.1550
vn -0.5712 0.8143 0.1029
vn -0.9572 0.0533 0.2846
vn -0.9431 -0.2206 0.2489
vn -0.6854 0.6771 0.2679
vn -0.5689 0.7406 0.3577
vn -0.8003 0.5115 0.3129
vn -0.6855 0.6770 0.2680
vn -0.7050 0.6944 0.1443
vn -0.7595 0.4985 0.4180
vn 0.9899 -0.0001 -0.1421
vn 0.9617 -0.0018 -0.2741
vn 0.9114 -0.3112 -0.2693
vn 0.5325 -0.1141 -0.8387
vn 0.6486 -0.1464 -0.7469
vn 0.6036 -0.0001 -0.7973
vn 0.9378 -0.1667 -0.3046
vn 0.8246 -0.1093 -0.5551
vn 0.7504 -0.0868 -0.6553
vn 0.4342 -0.4055 -0.8044
vn 0.6368 -0.3439 -0.6901
vn 0.8493 -0.5279 0.0007
vn 0.8845 -0.4624 0.0618
vn 0.7486 -0.4932 -0.4431
vn 0.9937 -0.0558 -0.0967
vn 0.9902 0.0381 -0.1340
vn -0.4764 -0.7916 0.3827
vn -0.9820 -0.1221 0.1439
vn -0.9635 -0.0625 0.2604
vn -0.8274 -0.1066 0.5514
vn -0.7758 -0.1254 0.6184
vn -0.6041 -0.3280 0.7263
vn -0.4811 -0.3826 0.7888
vn -0.9704 -0.1947 0.1429
vn -0.9392 -0.1951 0.2826
vn -0.9690 -0.0002 0.2470
vn -0.8992 -0.0002 0.4375
vn -0.8880 -0.1951 0.4164
vn -0.8179 -0.1949 0.5413
vn -0.6464 0.0006 0.7630
vn -0.4867 -0.0001 0.8736
vn -0.5107 -0.1950 0.8373
vn -0.3834 -0.1950 0.9028
vn -0.3376 -0.4127 0.8460
vn 0.9659 -0.2449 0.0842
vn 0.8857 -0.4635 0.0248
vn 0.6447 -0.7644 -0.0078
vn 0.4388 -0.8985 0.0100
vn -0.0367 -0.5329 0.8454
vn 0.9218 0.1327 -0.3643
vn 0.9994 -0.0095 -0.0331
vn 0.2830 0.3018 0.9104
vn 0.8148 -0.4737 0.3341
vn -0.3122 -0.0693 0.9475
vn 0.6848 0.2607 0.6805
vn -0.9538 -0.2907 -0.0762
vn -0.6191 -0.6150 -0.4884
vn -0.9798 -0.1997 0.0032
vn -0.4533 0.0213 -0.8911
vn -0.6720 -0.3170 -0.6693
vn -0.6768 -0.7237 -0.1350
vn -0.3018 -0.0659 -0.9511
vn -0.8430 -0.5345 -0.0602
vn 0.0443 -0.1452 -0.9884
vn -0.5743 -0.8183 -0.0246
vn -0.2991 -0.9453 -0.1305
vn -0.1411 -0.2237 -0.9644
vn -0.3304 -0.9419 0.0609
vn -0.0574 -0.3907 -0.9187
vn -0.0987 -0.9951 -0.0002
vn 0.0518 -0.9987 -0.0002
vn 0.0544 -0.9793 -0.1948
vn 0.0209 -0.0636 -0.9978
vn -0.0000 -0.0770 -0.9970
vn 0.0377 -0.3820 -0.9234
vn -0.2121 -0.6336 -0.7440
vn 0.1201 0.0604 -0.9909
vn 0.2170 -0.9746 -0.0552
vn 0.5073 -0.8552 -0.1065
vn 0.5186 -0.6303 -0.5777
vn 0.5234 -0.8498 -0.0617
vn 0.7254 -0.6875 -0.0348
vn 0.2635 -0.0737 -0.9618
vn 0.2863 -0.1558 -0.9454
vn 0.3515 -0.1338 -0.9266
vn 0.9063 -0.1351 -0.4005
vn 0.9853 0.0074 -0.1707
vn 0.9293 -0.1917 -0.3158
vn 0.5702 -0.6011 -0.5600
vn -0.0369 -0.0001 -0.9993
vn -0.1441 -0.0769 -0.9866
vn -0.3549 0.0274 0.9345
vn -0.6941 0.1244 0.7090
vn -0.9390 0.2852 0.1923
vn -0.9625 -0.1460 0.2286
vn -0.8679 -0.4967 -0.0020
vn -0.6013 -0.7975 0.0491
vn -0.6916 -0.3533 0.6300
vn -0.6241 -0.7723 0.1187
vn -0.6278 -0.7234 0.2873
vn -0.1438 -0.9896 0.0086
vn -0.1045 -0.9945 -0.0000
vn -0.0958 -0.7007 0.7070
vn 0.0307 -0.6764 0.7359
vn 0.0518 -0.9987 -0.0000
vn 0.2688 -0.9620 0.0487
vn 0.0504 -0.8516 0.5218
vn 0.5817 -0.8124 0.0390
vn 0.1543 -0.6942 0.7030
vn 0.8827 -0.4634 0.0775
vn 0.8351 0.1297 -0.5346
vn 0.5855 -0.5805 -0.5658
vn 0.3836 -0.4029 0.8310
vn 0.9121 -0.4098 -0.0115
vn 0.9372 -0.3488 -0.0003
vn 0.9930 -0.0726 0.0936
vn 0.1784 -0.0757 0.9810
vn -0.0559 -0.0995 0.9935
vn 0.0870 -0.2774 0.9568
vn -0.2127 -0.0602 0.9753
vn 0.0302 -0.2809 0.9593
vn 0.1390 -0.4651 0.8743
vn 0.0874 -0.4753 0.8755
vn 0.1070 -0.5605 0.8212
vn 0.0456 -0.5115 0.8581
vn 0.0132 -0.4528 0.8915
vn -0.2190 -0.9598 0.1755
vn -0.0796 -0.9815 0.1740
vn -0.1051 -0.9944 -0.0126
vn -0.0193 -0.5466 0.8372
vn -0.0464 -0.7641 0.6434
vn -0.0044 -0.3891 0.9212
vn -0.0395 -0.3894 0.9202
vn -0.1184 -0.4451 0.8876
vn -0.1468 -0.4136 0.8985
vn -0.0836 -0.2955 0.9517
vn -0.2190 -0.3060 0.9265
vn -0.4230 -0.2514 0.8706
vn -0.2998 -0.0962 0.9492
vn -0.4230 0.1279 0.8971
vn -0.3389 -0.1738 0.9246
vn 0.1363 -0.1074 0.9848
vn -0.0004 -0.3416 0.9398
vn -0.9875 0.0971 0.1239
vn -0.9788 -0.2044 0.0163
vn -0.5637 -0.8231 0.0692
vn -0.7948 -0.3058 -0.5242
vn -0.3425 -0.4767 -0.8096
vn -0.6114 -0.3279 -0.7202
vn -0.7123 -0.6973 -0.0805
vn -0.9887 -0.1440 0.0414
vn -0.9579 -0.2869 -0.0001
vn -0.7308 -0.5376 0.4206
vn 0.1643 0.0888 0.9824
vn 0.4385 -0.6719 0.5969
vn -0.6685 -0.4729 0.5740
vn -0.9281 -0.3720 -0.0156
vn -0.5336 -0.0875 -0.8412
vn -0.4187 -0.0001 -0.9081
vn -0.8355 -0.1023 -0.5399
vn -0.6902 -0.4365 -0.5771
vn -0.7596 -0.0027 -0.6504
vn -0.9707 -0.1951 -0.1403
vn -0.9405 -0.1959 -0.2777
vn -0.9625 -0.0002 -0.2714
vn -0.9983 -0.0002 -0.0588
vn -0.9896 0.0145 -0.1433
vn -0.4496 -0.5221 -0.7248
vn -0.5796 -0.1747 -0.7960
vn 0.0364 -0.9981 0.0496
vn -0.6575 -0.6102 -0.4420
vn -0.8255 -0.2021 -0.5270
vn -0.6959 -0.6081 -0.3820
vn -0.9539 -0.1274 -0.2717
vn 0.0300 -0.9995 -0.0015
vn -0.0571 -0.9983 -0.0082
vn 0.9677 0.0003 0.2522
vn 0.9883 -0.0453 0.1456
vn 0.9900 0.0070 0.1406
vn 0.9633 0.0010 0.2683
vn 0.9058 0.0094 0.4235
vn 0.9002 0.0001 0.4354
vn 0.8672 -0.0000 0.4980
vn 0.8235 -0.1458 0.5483
vn 0.7938 -0.0047 0.6082
vn 0.6525 -0.0003 0.7578
vn 0.7399 -0.1214 0.6617
vn 0.7063 -0.0003 0.7079
vn 0.6597 0.0012 0.7516
vn 0.4890 -0.0005 0.8723
vn 0.5738 0.0073 0.8189
vn -0.6378 0.0009 0.7702
vn -0.4953 -0.0008 0.8687
vn -0.5022 0.0061 0.8647
vn -0.7025 0.0012 0.7117
vn -0.8882 -0.0019 0.4594
vn -0.7896 0.0058 0.6136
vn -0.9304 0.0024 0.3666
vn -0.9850 -0.0130 0.1719
vn -0.9961 -0.0274 0.0840
vn -0.3176 -0.0002 0.9482
vn -0.2805 0.0094 0.9598
vn -0.4601 -0.0001 0.8879
vn -0.3900 -0.0000 0.9208
vn -0.3881 0.0010 0.9216
vn -0.1590 -0.0006 0.9873
vn -0.1274 0.0072 0.9918
vn -0.0474 -0.0008 0.9989
vn -0.2606 -0.0006 0.9654
vn 0.1056 -0.0022 0.9944
vn -0.0030 -0.0002 1.0000
vn 0.0220 -0.0026 0.9998
vn 0.1074 -0.0017 0.9942
vn 0.3014 0.0012 0.9535
vn 0.2053 -0.0004 0.9787
vn 0.2936 -0.0012 0.9559
vn 0.3661 -0.0035 0.9306
vn 0.3917 0.0348 0.9194
vn 0.4857 -0.0000 0.8741
vn 0.3447 -0.0000 0.9387
vn 0.0001 -1.0000 -0.0000
vn 0.6423 -0.7298 0.2342
vn 0.6734 -0.6037 0.4267
vn 0.0358 -0.9993 0.0101
vn 0.5820 -0.6019 0.5468
vn 0.5211 -0.5950 0.6119
vn -0.0125 -0.9988 -0.0478
vn 0.4811 -0.3826 0.7888
vn 0.2308 -0.5249 0.8192
vn 0.6040 -0.3280 0.7264
vn 0.8420 -0.2967 0.4505
vn 0.7528 -0.5555 0.3531
vn 0.7961 -0.5556 0.2397
vn 0.9165 -0.2909 0.2744
vn 0.7962 -0.5556 0.2396
vn 0.8226 -0.5556 0.1211
vn 0.3834 -0.1951 0.9027
vn 0.5118 -0.1951 0.8367
vn 0.4866 -0.0003 0.8736
vn 0.8738 -0.2590 0.4115
vn 0.9054 0.0002 0.4246
vn 0.9054 -0.0000 0.4246
vn 0.9179 -0.2147 0.3337
vn 0.9576 0.0001 0.2882
vn 0.9575 0.0002 0.2883
vn 0.5497 -0.8314 0.0813
vn 0.6996 -0.7071 0.1028
vn 0.5637 -0.8082 0.1701
vn 0.1492 -0.6063 0.7811
vn -0.1436 -0.4976 0.8554
vn 0.0965 0.8534 0.5122
vn -0.2257 0.8462 0.4827
vn 0.7834 0.5605 0.2687
vn 0.7324 0.6808 -0.0065
vn 0.7793 0.6188 0.0987
vn 0.6764 0.6726 0.3002
vn 0.7144 0.6939 0.0902
vn 0.7312 0.6822 -0.0000
vn 0.7373 0.6755 -0.0043
vn 0.7902 0.6025 0.1121
vn 0.2643 0.3278 0.9070
vn 0.1589 -0.0852 0.9836
vn 0.1304 0.0065 0.9914
vn -0.0886 -0.1359 0.9868
vn 0.3892 0.1032 0.9154
vn -0.3010 0.0977 0.9486
vn -0.2275 -0.2400 0.9437
vn 0.4659 0.4561 0.7582
vn 0.5166 0.5147 0.6843
vn 0.3608 0.3782 0.8525
vn 0.3201 0.3272 0.8891
vn 0.5655 0.5577 0.6077
vn 0.4611 0.5169 0.7212
vn -0.2204 -0.1798 0.9587
vn -0.1891 -0.1033 0.9765
vn -0.2636 -0.1790 0.9479
vn 0.5972 0.6210 0.5076
vn 0.5417 0.6407 0.5441
vn 0.0435 0.1612 0.9860
vn -0.0873 0.0404 0.9954
vn -0.0517 0.1674 0.9845
vn -0.2229 -0.0687 0.9724
vn -0.4596 -0.3287 0.8251
vn 0.4363 0.5834 0.6851
vn -0.1502 0.1875 0.9707
vn -0.5177 -0.2035 0.8310
vn -0.5650 -0.2614 0.7826
vn -0.1976 0.3000 0.9333
vn -0.2891 0.0530 0.9558
vn -0.1503 0.1874 0.9707
vn -0.2617 0.2243 0.9387
vn 0.0315 0.7445 0.6669
vn 0.5033 0.7035 0.5018
vn -0.1040 0.4078 0.9071
vn 0.6926 0.6963 0.1886
vn 0.8201 0.5660 0.0841
vn 0.7388 0.6736 -0.0199
vn 0.3161 0.4911 0.8117
vn 0.4995 0.7379 0.4539
vn 0.2041 0.7356 0.6460
vn -0.0040 0.5047 0.8633
vn 0.1539 0.6038 0.7821
vn 0.0634 0.6687 0.7408
vn -0.7488 -0.0488 0.6610
vn -0.3541 0.2719 0.8948
vn 0.3623 0.7626 0.5359
vn 0.5257 0.7764 0.3476
vn 0.4768 0.8232 0.3081
vn 0.0634 0.6688 0.7408
vn 0.3623 0.7626 0.5358
vn -0.0137 0.7768 0.6296
vn -0.1060 0.5713 0.8139
vn -0.2713 0.6268 0.7304
vn -0.7769 -0.2963 0.5555
vn -0.8372 -0.3215 0.4425
vn -0.8097 -0.3000 0.5044
vn 0.3990 0.8168 0.4167
vn -0.0136 0.7768 0.6296
vn 0.6180 0.7702 0.1576
vn 0.4768 0.8232 0.3082
vn -0.2702 0.4490 0.8517
vn 0.3624 0.7626 0.5358
vn 0.4994 0.7380 0.4539
vn -0.2890 0.0528 0.9559
vn -0.4168 -0.0834 0.9052
vn -0.3168 -0.0893 0.9443
vn -0.0887 0.0367 0.9954
vn -0.2154 -0.0818 0.9731
vn -0.1204 -0.0639 0.9907
vn 0.2479 0.2764 0.9285
vn 0.1278 0.1667 0.9777
vn 0.2062 0.1800 0.9618
vn 0.6616 0.7499 -0.0003
vn 0.6742 0.7374 0.0414
vn 0.5946 0.8030 0.0400
vn 0.5847 0.8083 -0.0690
vn 0.5189 0.8509 0.0815
vn 0.4428 0.8966 0.0029
vn 0.4206 0.8944 -0.1520
vn 0.4959 0.7656 -0.4097
vn 0.5845 0.8114 0.0013
vn 0.4154 0.9096 -0.0118
vn 0.3933 0.9194 -0.0009
vn 0.0006 0.9889 0.1483
vn 0.2930 0.9491 -0.1159
vn 0.2446 0.8842 0.3979
vn 0.0490 0.9797 -0.1945
vn 0.0732 0.9938 0.0836
vn 0.0581 0.9919 -0.1128
vn 0.0701 0.9946 0.0759
vn 0.0585 0.9960 -0.0670
vn -0.0383 0.9964 0.0762
vn -0.1086 0.9939 -0.0199
vn -0.0367 0.9993 0.0013
vn -0.0015 0.9989 -0.0474
vn -0.2493 0.9424 -0.2231
vn -0.1610 0.9809 -0.1088
vn -0.3400 0.8627 0.3745
vn -0.3749 0.9270 -0.0076
vn -0.4430 0.8883 -0.1212
vn -0.4398 0.8981 -0.0001
vn -0.4465 0.8948 -0.0000
vn -0.6394 0.7493 0.1722
vn -0.4969 0.8658 -0.0592
vn -0.2130 0.8956 -0.3905
vn -0.3133 0.6244 0.7155
vn -0.2483 0.7499 0.6131
vn -0.0536 0.3422 0.9381
vn 0.1904 -0.1533 0.9697
vn 0.1863 -0.2462 0.9511
vn -0.1681 -0.1007 0.9806
vn -0.2863 0.7690 0.5715
vn -0.0412 0.6155 0.7870
vn -0.0151 0.5811 0.8137
vn 0.1332 -0.1984 0.9710
vn 0.0940 0.1650 0.9818
vn 0.0360 0.3878 0.9210
vn 0.0229 0.8572 0.5145
vn 0.1816 0.7965 -0.5767
vn 0.0146 0.7785 0.6275
vn 0.0043 0.8732 0.4874
vn 0.0793 0.8728 0.4815
vn 0.0244 0.6613 0.7497
vn 0.0572 0.6045 0.7946
vn 0.0168 0.0759 0.9970
vn -0.0974 0.0041 0.9952
vn 0.0739 0.9469 0.3129
vn 0.0794 0.8729 0.4814
vn 0.1246 0.9366 0.3275
vn 0.1288 0.1906 0.9732
vn -0.0448 0.7529 0.6566
vn 0.0030 -0.0721 0.9974
vn 0.1293 0.3699 0.9200
vn 0.1766 0.5106 0.8415
vn 0.2708 0.6109 0.7439
vn 0.1307 0.3708 0.9195
vn 0.1753 0.5108 0.8417
vn 0.2183 0.4878 0.8452
vn -0.0157 -0.0798 0.9967
vn 0.0824 0.2201 0.9720
vn -0.0024 -0.0401 0.9992
vn 0.2532 0.7043 0.6632
vn 0.1888 0.7339 0.6525
vn 0.4153 0.9097 0.0001
vn 0.0919 0.2288 0.9691
vn 0.3160 0.4791 0.8189
vn 0.4617 0.7401 0.4889
vn 0.4974 0.8007 0.3340
vn 0.5733 0.7465 0.3378
vn 0.4129 0.6579 0.6298
vn 0.2802 0.3392 0.8980
vn -0.0257 0.2038 0.9787
vn 0.0855 0.0780 0.9933
vn -0.0538 -0.1224 0.9910
vn 0.4048 0.4043 0.8202
vn 0.0319 0.0636 0.9975
vn 0.0347 0.0679 0.9971
vn 0.0785 0.7802 0.6206
vn 0.0753 0.6656 0.7425
vn -0.7204 -0.1690 0.6727
vn -0.7376 -0.2198 0.6384
vn -0.8218 -0.2001 0.5335
vn -0.0613 -0.0858 0.9944
vn -0.0838 -0.0649 0.9944
vn -0.0001 -0.0761 0.9971
vn -0.1233 -0.1485 0.9812
vn -0.1616 -0.1638 0.9732
vn -0.1831 -0.1388 0.9732
vn -0.5253 -0.1835 0.8309
vn -0.3985 -0.1772 0.8999
vn -0.4641 -0.2330 0.8546
vn -0.2780 -0.2011 0.9393
vn -0.3752 -0.2209 0.9002
vn -0.2968 -0.1578 0.9418
vn -0.6575 -0.1775 0.7322
vn -0.5939 -0.1826 0.7835
vn -0.5677 -0.2310 0.7901
vn -0.6661 -0.2330 0.7085
vn -0.3238 -0.1015 0.9407
vn -0.2119 -0.0771 0.9742
vn -0.1088 -0.0975 0.9893
vn -0.1416 -0.0684 0.9876
vn -0.5252 -0.1153 0.8431
vn -0.4008 -0.1115 0.9094
vn -0.6529 -0.1108 0.7493
vn -0.5897 -0.1150 0.7994
vn -0.7109 -0.1051 0.6954
vn -0.7970 -0.1525 0.5844
vn -0.9932 0.0107 0.1161
vn -0.9888 0.0129 0.1485
vn -0.9703 -0.0073 0.2418
vn -0.9635 -0.0603 0.2607
vn -0.9444 -0.0410 0.3262
vn -0.9038 -0.0830 0.4197
vn -0.9289 -0.1087 0.3541
vn -0.9879 -0.0218 0.1533
vn -0.9274 -0.0120 0.3740
vn -0.8767 -0.0384 0.4796
vn -0.7793 -0.0950 0.6194
vn -0.7077 -0.0410 0.7053
vn -0.2318 -0.0472 0.9716
vn -0.3465 -0.0417 0.9371
vn -0.1078 -0.0346 0.9936
vn -0.0015 -0.0410 0.9992
vn -0.1654 -0.0357 0.9856
vn -0.4640 -0.0478 0.8845
vn -0.5903 -0.0465 0.8059
vn -0.5275 -0.0478 0.8482
vn -0.6516 -0.0439 0.7573
vn -0.0139 -0.0178 0.9997
vn -0.1949 -0.0200 0.9806
vn -0.7722 -0.0299 0.6346
vn -0.9852 0.0218 0.1698
vn -0.9605 0.0124 0.2779
vn -0.9983 0.0259 0.0521
vn -0.9978 0.0241 0.0615
vn -0.8868 0.0040 0.4622
vn -0.9988 -0.0007 0.0491
vn 0.6335 -0.5091 0.5826
vn 0.5657 -0.4579 0.6858
vn 0.6372 -0.4834 0.6002
vn 0.9187 -0.3089 0.2461
vn 0.8340 -0.4726 0.2847
vn 0.8640 -0.4595 0.2059
vn 0.8842 -0.4556 0.1031
vn 0.8904 -0.4257 0.1613
vn 0.8997 -0.4330 0.0542
vn 0.8675 -0.4682 0.1680
vn 0.8306 -0.4342 0.3488
vn 0.8750 -0.4277 0.2269
vn 0.6614 -0.5981 0.4526
vn 0.7013 -0.4963 0.5117
vn 0.7925 -0.4873 0.3668
vn 0.8027 -0.5130 0.3041
vn 0.7254 -0.4329 0.5352
vn 0.7839 -0.4591 0.4181
vn 0.6204 -0.4262 0.6583
vn 0.9330 -0.3214 0.1617
vn 0.9448 -0.3223 0.0581
vn 0.9096 -0.3210 0.2639
vn 0.9716 -0.1620 0.1725
vn 0.9845 -0.1645 0.0607
vn 0.9463 -0.1619 0.2797
vn 0.8747 -0.3185 0.3654
vn 0.9087 -0.1607 0.3854
vn 0.7044 -0.4380 0.5586
vn 0.7907 -0.4362 0.4296
vn 0.8283 -0.3133 0.4645
vn 0.7659 -0.3059 0.5655
vn 0.6806 -0.2871 0.6741
vn 0.7830 -0.2172 0.5829
vn 0.8575 -0.1586 0.4895
vn 0.6879 -0.1914 0.7001
vn 0.4278 -0.3930 0.8140
vn 0.4320 -0.4353 0.7898
vn 0.5227 -0.4916 0.6965
vn 0.4943 -0.4724 0.7297
vn 0.4904 -0.4252 0.7607
vn 0.3544 -0.3485 0.8677
vn 0.3009 -0.2625 0.9168
vn 0.4385 -0.3379 0.8328
vn 0.5514 -0.3943 0.7352
vn 0.4931 -0.3659 0.7893
vn 0.1669 -0.2023 0.9650
vn 0.1490 -0.1310 0.9801
vn 0.2197 -0.1792 0.9590
vn 0.0715 -0.0933 0.9931
vn 0.6273 -0.2706 0.7303
vn 0.6451 -0.1366 0.7518
vn 0.4425 -0.3008 0.8448
vn 0.5568 -0.3598 0.7487
vn 0.6440 -0.3717 0.6687
vn 0.4990 -0.3327 0.8002
vn 0.5727 -0.2529 0.7798
vn 0.5144 -0.2331 0.8253
vn 0.3397 -0.1696 0.9251
vn 0.4533 -0.2175 0.8644
vn 0.2501 -0.1284 0.9597
vn 0.3479 -0.0841 0.9337
vn 0.4632 -0.1062 0.8799
vn 0.5863 -0.1273 0.8000
vn 0.5250 -0.1172 0.8430
vn 0.4883 0.0077 0.8726
vn 0.3196 0.0050 0.9475
vn 0.2599 -0.0596 0.9638
vn 0.2380 0.0007 0.9713
vn 0.1766 -0.0697 0.9818
vn 0.0971 -0.0641 0.9932
vn 0.1177 0.0001 0.9930
vn -0.6439 -0.3138 0.6978
vn -0.5568 -0.3150 0.7686
vn -0.7437 -0.2982 0.5984
vn -0.6724 -0.3351 0.6600
vn -0.5882 -0.3227 0.7415
vn -0.5675 -0.2841 0.7728
vn -0.4615 -0.2763 0.8430
vn -0.3693 -0.2579 0.8928
vn -0.3646 -0.2932 0.8838
vn -0.7246 -0.2709 0.6337
vn -0.2579 -0.2262 0.9393
vn -0.8872 -0.2444 0.3914
vn -0.9132 -0.2635 0.3108
vn -0.9742 -0.1912 0.1198
vn -0.9071 -0.3105 0.2841
vn -0.9743 -0.1273 0.1856
vn -0.9883 -0.1203 0.0940
vn -0.9956 -0.0633 0.0686
vn -0.9883 -0.0666 0.1371
vn -0.9985 -0.0207 0.0499
vn -0.9996 0.0218 0.0157
vn -0.9984 0.0043 0.0571
vn -0.9760 -0.0634 0.2082
vn -0.9545 -0.1212 0.2726
vn -0.9951 -0.0220 0.0959
vn -0.9993 0.0231 0.0294
vn -0.9997 0.0238 0.0038
vn -0.9997 0.0260 -0.0008
vn -0.9997 0.0249 -0.0003
vn -1.0000 -0.0008 -0.0037
vn 0.9979 -0.0643 0.0084
vn 0.9157 -0.3949 0.0751
vn 0.9013 -0.4310 0.0438
vn 0.8825 -0.4556 0.1168
vn 0.8964 -0.4015 0.1879
vn 0.8311 -0.4736 0.2916
vn 0.7874 -0.5240 0.3247
vn 0.5734 -0.5939 0.5643
vn -0.1877 0.0249 0.9819
vn -0.0446 -0.1054 0.9934
vn -0.2741 -0.1637 0.9477
vn -0.9866 -0.1232 0.1066
vn 0.3330 -0.4172 0.8456
vn 0.7119 -0.5341 0.4560
vn -0.1234 0.9821 0.1422
vn 0.1446 0.9376 0.3163
vn -0.0167 0.9998 -0.0082
vn 0.2520 0.8228 0.5094
vn 0.0568 0.8363 0.5453
vn 0.1336 0.7107 0.6907
vn 0.5100 0.5155 0.6886
vn 0.1473 0.7056 0.6931
vn 0.2338 0.4349 0.8696
vn 0.3663 0.0772 0.9273
vn 0.0569 0.8362 0.5455
vn -0.0967 0.9657 0.2411
vn -0.1510 0.9081 0.3906
vn 0.1335 0.7108 0.6906
vn 0.0977 0.3977 0.9123
vn -0.2659 0.9232 0.2775
vn -0.3274 0.6908 0.6447
vn 0.2354 0.1791 0.9553
vn 0.0172 0.3386 0.9408
vn -0.3466 0.9372 0.0395
vn 0.2071 -0.0421 0.9774
vn -0.0636 0.3052 0.9502
vn 0.1146 0.1558 0.9811
vn 0.2071 -0.0343 0.9777
vn 0.2947 -0.0213 0.9553
vn 0.4389 -0.1757 0.8812
vn 0.6082 0.7085 -0.3580
vn 0.1135 0.1796 -0.9772
vn 0.3322 0.2690 -0.9040
vn 0.3871 0.4821 -0.7860
vn 0.3692 0.4574 -0.8090
vn 0.5242 0.4901 -0.6965
vn 0.1541 0.3438 -0.9263
vn 0.3659 0.6157 -0.6978
vn 0.3063 0.7535 -0.5817
vn 0.1679 0.2349 -0.9574
vn 0.0636 0.1468 -0.9871
vn 0.0632 0.1388 -0.9883
vn 0.0455 0.1112 -0.9928
vn 0.1462 0.6947 -0.7042
vn 0.1778 0.1907 -0.9654
vn -0.0677 0.9185 -0.3895
vn -0.0263 0.2239 -0.9742
vn -0.0630 0.1823 -0.9812
vn -0.1479 0.8364 -0.5278
vn -0.1016 0.2089 -0.9726
vn -0.0716 0.7173 -0.6930
vn -0.1010 0.1720 -0.9799
vn -0.1164 0.3690 -0.9221
vn -0.1215 0.7271 -0.6757
vn -0.2203 0.6264 -0.7477
vn -0.2836 0.4771 -0.8318
vn -0.1877 0.2576 -0.9479
vn -0.5036 0.7827 -0.3657
vn -0.3047 0.3633 -0.8804
vn -0.4670 0.6916 -0.5510
vn -0.4685 0.5787 -0.6675
vn -0.4355 0.6916 -0.5762
vn -0.2394 0.9701 -0.0404
vn -0.0145 0.9999 0.0037
vn 0.2701 0.9623 0.0316
vn 0.8591 0.5085 0.0587
vn 0.9839 -0.1622 0.0744
vn 0.2840 0.9027 0.3232
vn 0.7644 0.6324 0.1255
vn 0.9836 -0.1335 0.1216
vn 0.8749 -0.4739 0.1001
vn 0.9743 -0.1762 0.1406
vn 0.9393 -0.2882 0.1863
vn 0.8648 -0.4746 0.1640
vn 0.0782 0.9963 0.0348
vn 0.7215 0.6674 0.1844
vn 0.1671 0.9414 0.2930
vn 0.9265 0.0857 0.3663
vn 0.5852 0.7697 0.2553
vn 0.8826 -0.2880 0.3716
vn 0.7968 -0.5270 0.2957
vn 0.9140 -0.2470 0.3220
vn 0.8826 -0.2880 0.3717
vn 0.0924 0.9911 0.0957
vn 0.5466 0.7829 0.2972
vn 0.8826 -0.2881 0.3716
vn 0.8377 -0.2666 0.4766
vn 0.7375 -0.5554 0.3843
vn 0.8377 -0.2664 0.4767
vn 0.5346 0.7028 0.4693
vn 0.7751 -0.2600 0.5759
vn 0.6836 -0.5596 0.4685
vn 0.3004 0.9131 0.2758
vn 0.6405 0.4430 0.6273
vn 0.7036 -0.2250 0.6740
vn 0.6329 -0.5545 0.5404
vn 0.6139 0.5674 0.5488
vn 0.0601 0.9966 0.0566
vn 0.0233 0.8960 0.4434
vn 0.5472 -0.1072 0.8301
vn 0.6008 -0.5034 0.6210
vn 0.5526 0.4975 0.6687
vn 0.2211 0.5292 0.8192
vn 0.6129 0.3044 0.7292
vn 0.5585 0.4966 0.6645
vn 0.4799 0.5106 0.7134
vn 0.5353 -0.5133 0.6708
vn 0.6237 -0.2522 0.7399
vn 0.5281 -0.1320 0.8389
vn 0.1626 0.9499 0.2670
vn 0.5064 -0.0464 0.8610
vn 0.4241 -0.4447 0.7889
vn 0.6131 0.3047 0.7289
vn 0.6406 0.0993 0.7614
vn 0.7217 0.0835 0.6871
vn 0.4311 0.8036 0.4103
vn 0.5441 0.6601 0.5179
vn 0.6035 0.6562 0.4530
vn -0.4305 0.6597 -0.6161
vn -0.3709 0.8016 -0.4689
vn -0.1479 0.9530 -0.2642
vn -0.2609 0.7244 -0.6381
vn -0.0379 0.9979 -0.0532
vn -0.2741 0.8220 -0.4992
vn -0.4523 0.4147 -0.7896
vn 0.0503 0.9972 0.0555
vn -0.0799 0.9356 -0.3440
vn -0.5674 0.7019 -0.4306
vn -0.3996 0.8317 -0.3855
vn -0.7235 0.5336 -0.4380
vn -0.6109 0.7075 -0.3554
vn -0.2483 0.9683 0.0276
vn -0.0514 0.9961 -0.0717
vn -0.7367 0.5640 -0.3730
vn -0.3728 0.9249 0.0746
vn -0.5943 0.7686 -0.2367
vn -0.0555 0.9983 -0.0180
vn -0.8791 0.3415 -0.3325
vn -0.6320 0.7108 -0.3087
vn -0.6870 0.6896 -0.2291
vn -0.1635 0.9662 -0.1993
vn -0.1951 0.9806 0.0197
vn -0.6222 0.7752 -0.1094
vn -0.8110 0.5829 0.0492
vn -0.0327 0.9992 -0.0231
vn -0.4916 0.6162 -0.6154
vn 0.4310 -0.0011 -0.9024
vn 0.4097 -0.0000 -0.9122
vn 0.5985 -0.0073 -0.8011
vn -0.5684 0.0627 -0.8203
vn -0.4654 0.0526 -0.8836
vn -0.4109 0.0012 -0.9117
vn -0.7678 0.0012 -0.6407
vn -0.1903 -0.0150 -0.9816
vn -0.3187 -0.0082 -0.9478
vn -0.0030 0.0163 -0.9999
vn -0.0384 -0.0015 -0.9993
vn 0.2132 0.0042 -0.9770
vn 0.1106 -0.0083 -0.9938
vn 0.3917 -0.0000 -0.9201
vn 0.3736 -0.0000 -0.9276
vn 0.3238 -0.0007 -0.9461
vn 0.9625 -0.0000 -0.2714
vn 0.9982 -0.0043 -0.0601
vn 0.8710 0.0004 -0.4912
vn 0.8219 -0.0189 -0.5693
vn 0.7790 -0.0117 -0.6269
vn 0.7560 0.0008 -0.6546
vn 0.7604 0.0005 -0.6495
vn 0.7322 -0.0000 -0.6811
vn 0.7307 -0.0000 -0.6827
vn 0.7511 -0.0003 -0.6602
vn 0.8040 -0.0007 -0.5946
vn 0.8198 0.0029 -0.5726
vn 0.8712 0.0004 -0.4910
vn 0.8822 -0.0181 -0.4706
vn 0.7844 -0.0002 -0.6202
vn 0.9625 0.0001 -0.2713
vn 0.9615 0.0006 -0.2749
vn 0.9987 -0.0001 -0.0500
vn 0.9960 0.0114 -0.0889
vn 0.9848 0.0010 -0.1735
vn -0.9983 -0.0001 -0.0589
vn -0.9987 -0.0001 -0.0509
vn -0.9628 0.0004 -0.2703
vn -0.9876 0.0003 -0.1569
vn -0.9623 -0.0009 -0.2720
vn -0.9003 -0.0010 -0.4353
vn -0.8960 0.1153 -0.4287
vn -0.8436 0.0048 -0.5369
vn -0.8762 -0.0055 -0.4820
vn -0.8431 -0.0069 -0.5377
vn -0.7741 -0.0007 -0.6331
vn -0.7911 -0.0078 -0.6117
vn -0.7661 -0.0000 -0.6427
vn -0.8451 0.0032 -0.5346
vn -0.7718 0.0050 -0.6359
vn -0.8095 -0.0001 -0.5871
vn -0.8774 0.0013 -0.4798
vn -0.9624 0.0002 -0.2716
vn -0.9009 -0.0022 -0.4340
vn -0.9983 -0.0000 -0.0589
vn 0.7145 0.1659 -0.6797
vn 0.7750 0.1523 -0.6134
vn 0.8297 0.1945 -0.5232
vn 0.0607 0.0809 -0.9949
vn -0.0031 0.0814 -0.9967
vn -0.0083 0.0531 -0.9986
vn 0.2918 0.1599 -0.9430
vn 0.2591 0.1930 -0.9464
vn 0.1506 0.1540 -0.9765
vn 0.1066 0.0930 -0.9899
vn 0.1656 0.1178 -0.9791
vn 0.5523 0.1777 -0.8145
vn 0.5586 0.2331 -0.7960
vn 0.4554 0.2279 -0.8606
vn 0.3736 0.1668 -0.9125
vn 0.3663 0.2149 -0.9053
vn 0.4556 0.1751 -0.8728
vn 0.6463 0.1749 -0.7428
vn 0.6585 0.2291 -0.7169
vn 0.7331 0.2161 -0.6448
vn 0.2094 0.0767 -0.9748
vn 0.3223 0.0983 -0.9415
vn 0.0787 0.0651 -0.9948
vn 0.1478 0.0518 -0.9877
vn 0.5495 0.1099 -0.8282
vn 0.4214 0.1076 -0.9004
vn 0.6431 0.1078 -0.7581
vn 0.7061 0.1025 -0.7007
vn 0.7613 0.0927 -0.6417
vn 0.9922 -0.0051 -0.1248
vn 0.9836 0.0088 -0.1799
vn 0.9690 0.0045 -0.2469
vn 0.9608 0.0575 -0.2712
vn 0.9258 0.1072 -0.3625
vn 0.8998 0.0825 -0.4283
vn 0.8330 0.1312 -0.5375
vn 0.8711 0.1710 -0.4604
vn 0.9382 0.0320 -0.3446
vn 0.8819 0.0479 -0.4690
vn 0.8120 0.0802 -0.5781
vn 0.8006 0.0288 -0.5985
vn 0.7037 0.0397 -0.7094
vn 0.1165 0.0199 -0.9930
vn 0.3380 0.0439 -0.9401
vn 0.2355 0.0469 -0.9707
vn 0.4582 0.0461 -0.8877
vn 0.5835 0.0428 -0.8110
vn 0.6458 0.0426 -0.7623
vn 0.3078 -0.0035 -0.9514
vn 0.2506 0.0131 -0.9680
vn 0.2353 -0.0554 -0.9703
vn 0.3448 -0.0000 -0.9387
vn 0.4186 -0.0000 -0.9082
vn 0.9583 -0.0115 -0.2857
vn 0.8695 0.0131 -0.4937
vn 0.9227 0.0035 -0.3856
vn 0.9986 -0.0266 -0.0456
vn 0.9838 -0.0188 -0.1781
vn 0.9611 -0.0030 -0.2760
vn 0.9012 0.0366 -0.4318
vn 0.8678 -0.0001 -0.4968
vn -0.6516 0.4874 -0.5813
vn -0.8652 0.4647 -0.1882
vn -0.7961 0.4854 -0.3615
vn -0.8266 0.4920 -0.2732
vn -0.7372 0.5117 -0.4413
vn -0.6893 0.5091 -0.5155
vn -0.9389 0.3115 -0.1463
vn -0.9486 0.3135 -0.0431
vn -0.9864 0.1591 -0.0423
vn -0.9752 0.1588 -0.1540
vn -0.9166 0.3140 -0.2473
vn -0.9518 0.1582 -0.2628
vn -0.8821 0.3135 -0.3515
vn -0.8649 0.3891 -0.3170
vn -0.8698 0.4404 -0.2225
vn -0.8013 0.4335 -0.4122
vn -0.7424 0.4293 -0.5143
vn -0.8380 0.3068 -0.4513
vn -0.6628 0.4468 -0.6008
vn -0.7156 0.4422 -0.5408
vn -0.6977 0.4198 -0.5805
vn -0.6935 0.2880 -0.6604
vn -0.6264 0.3877 -0.6762
vn -0.7780 0.3004 -0.5518
vn -0.8662 0.1556 -0.4749
vn -0.9158 0.1572 -0.3695
vn -0.8017 0.1520 -0.5781
vn -0.7144 0.1417 -0.6852
vn -0.6005 0.4706 -0.6465
vn -0.5218 0.4377 -0.7322
vn -0.4117 0.3731 -0.8314
vn -0.6113 0.4179 -0.6721
vn -0.5361 0.3854 -0.7510
vn -0.4338 0.3301 -0.8384
vn -0.3478 0.2505 -0.9035
vn -0.2320 0.1825 -0.9554
vn -0.1835 0.2142 -0.9594
vn -0.2700 0.2924 -0.9174
vn -0.1161 0.1556 -0.9810
vn -0.0685 0.1172 -0.9907
vn -0.1065 0.0977 -0.9895
vn -0.1521 0.1393 -0.9785
vn -0.6638 0.1325 -0.7361
vn -0.6417 0.2661 -0.7193
vn -0.4571 0.3081 -0.8344
vn -0.5484 0.3247 -0.7706
vn -0.5896 0.2502 -0.7680
vn -0.4713 0.2139 -0.8556
vn -0.3530 0.1714 -0.9198
vn -0.2561 0.1258 -0.9584
vn -0.4790 0.1081 -0.8711
vn -0.3608 0.0845 -0.9288
vn -0.5976 0.1220 -0.7924
vn -0.2669 0.0631 -0.9617
vn -0.1211 0.0419 -0.9918
vn -0.2666 -0.0002 -0.9638
vn 0.6336 0.3079 -0.7098
vn 0.7209 0.2850 -0.6317
vn 0.7558 0.3234 -0.5694
vn 0.7962 0.2898 -0.5311
vn 0.8367 0.3136 -0.4490
vn 0.5338 0.2772 -0.7989
vn 0.5511 0.3112 -0.7742
vn 0.4599 0.3009 -0.8354
vn 0.4535 0.2702 -0.8493
vn 0.3531 0.2777 -0.8934
vn 0.6106 0.2772 -0.7419
vn 0.3588 0.2516 -0.8989
vn 0.2427 0.2185 -0.9452
vn 0.6899 0.2700 -0.6717
vn 0.8837 0.2490 -0.3963
vn 0.9368 0.2103 -0.2795
vn 0.9399 0.2316 -0.2508
vn 0.8538 0.2754 -0.4418
vn 0.9113 0.2431 -0.3322
vn 0.9603 0.1775 -0.2154
vn 0.9785 0.1604 -0.1294
vn 0.9720 0.1991 -0.1250
vn 0.9861 0.1246 -0.1102
vn 0.9946 0.0647 -0.0807
vn 0.9715 0.1244 -0.2017
vn -0.8923 0.4418 -0.0929
vn -0.7961 0.4815 -0.3666
vn -0.7859 0.4359 -0.4387
vn -0.6930 0.4717 -0.5453
vn -0.6731 0.4775 -0.5647
vn -0.6541 0.4732 -0.5901
vn -0.6514 0.4630 -0.6011
vn -0.6546 0.4643 -0.5966
vn -0.7191 0.4513 -0.5285
vn -0.7408 0.4489 -0.4997
vn -0.7704 0.4348 -0.4663
vn -0.7852 0.4596 -0.4150
vn -0.7742 0.5647 -0.2859
vn -0.8912 0.4436 -0.0946
vn -0.9415 0.3362 0.0233
vn -0.9061 0.4159 -0.0779
vn -0.9815 0.1912 0.0132
vn -0.9963 0.0862 -0.0000
vn 0.9993 -0.0379 -0.0064
vn 0.9970 -0.0127 -0.0766
vn 0.9576 0.0925 -0.2730
vn 0.9308 0.1467 -0.3349
vn 0.9096 0.1658 -0.3809
vn 0.8808 0.1854 -0.4356
vn 0.7986 0.2263 -0.5577
vn 0.7027 0.2641 -0.6606
vn 0.7445 0.2546 -0.6172
vn 0.6969 0.2902 -0.6558
vn 0.6644 0.2844 -0.6912
vn 0.6655 0.2784 -0.6925
vn 0.6586 0.2841 -0.6968
vn 0.7702 0.2620 -0.5816
vn 0.9871 0.0779 -0.1396
vn 0.9782 0.0998 -0.1821
vn 0.9980 -0.0072 -0.0629
vn 0.9946 0.0236 -0.1012
vn 0.9960 0.0088 -0.0886
vn 0.9991 -0.0193 -0.0376
vn 0.9995 -0.0222 -0.0234
vn -0.3090 0.3623 -0.8793
vn -0.3613 0.3916 -0.8462
vn -0.3917 0.4174 -0.8199
vn -0.4066 0.5099 -0.7581
vn -0.8939 0.4483 0.0060
vn -0.8955 0.4452 0.0008
vn 0.9997 -0.0238 -0.0001
vn -0.8824 0.4350 -0.1792
s 1
usemtl Procedural_Car_paint
f 155//1 34//2 35//3
f 158//4 159//5 110//6
f 102//7 160//8 157//9
f 161//10 162//11 106//12
f 159//5 161//10 163//13
f 164//14 146//15 162//11
f 165//16 164//14 161//10
f 166//17 119//18 167//19
f 168//20 169//21 170//22
f 171//23 168//20 22//24
f 169//21 166//17 172//25
f 119//18 120//26 174//27
f 173//28 36//29 37//30
f 174//27 173//28 175//31
f 167//19 174//27 176//32
f 173//28 37//30 42//33
f 42//33 175//31 173//28
f 177//34 178//35 165//16
f 156//36 157//9 180//37
f 157//9 140//38 181//39
f 146//15 164//14 182//40
f 178//35 182//40 164//14
f 147//41 182//40 183//42
f 184//43 183//42 182//40
f 181//39 185//44 186//45
f 180//37 38//46 535//47
f 535//47 179//48 180//37
f 181//39 517//49 38//46
f 38//46 180//37 181//39
f 181//39 186//45 519//50
f 187//51 188//52 189//53
f 185//44 189//53 188//52
f 190//54 187//51 183//42
f 187//51 39//55 40//56
f 40//56 188//52 187//51
f 186//45 188//52 40//56
f 40//56 519//50 186//45
f 41//57 187//51 190//54
f 191//58 190//54 184//43
f 193//59 184//43 178//35
f 194//60 195//61 196//62
f 197//63 193//59 177//34
f 195//61 198//64 199//65
f 198//64 192//66 200//67
f 176//32 175//31 201//68
f 192//66 176//32 202//69
f 201//68 175//31 43//70
f 199//65 200//67 203//71
f 190//54 191//58 44//72
f 44//72 41//57 190//54
f 197//63 196//62 204//73
f 205//74 191//58 193//59
f 196//62 199//65 206//75
f 205//74 204//73 45//76
f 45//76 46//77 205//74
f 191//58 205//74 46//77
f 204//73 206//75 45//76
f 206//75 203//71 47//78
f 202//69 201//68 207//79
f 200//67 202//69 208//80
f 201//68 48//81 50//82
f 50//82 207//79 201//68
f 49//83 208//80 207//79
f 203//71 208//80 49//83
f 50//82 49//83 207//79
f 209//84 210//85 211//86
f 51//87 34//2 155//1
f 212//88 213//89 214//90
f 215//91 216//92 217//93
f 155//1 215//91 218//94
f 217//93 216//92 219//95
f 216//92 212//88 219//95
f 219//95 214//90 220//96
f 221//97 214//90 213//89
f 223//98 224//99 210//85
f 210//85 209//84 223//98
f 223//98 221//97 222//100
f 221//97 226//101 225//102
f 225//102 220//96 214//90
f 227//103 226//101 223//98
f 52//104 218//94 217//93
f 53//105 155//1 218//94
f 52//104 217//93 228//106
f 54//107 228//106 220//96
f 229//108 230//109 225//102
f 231//110 229//108 226//101
f 229//108 529//111 55//112
f 55//112 230//109 229//108
f 220//96 230//109 55//112
f 229//108 231//110 56//113
f 232//114 231//110 227//103
f 227//103 209//84 233//115
f 233//115 211//86 234//116
f 235//117 233//115 236//118
f 237//119 102//7 156//36
f 130//120 238//121 239//122
f 231//110 232//114 57//123
f 131//124 240//125 241//126
f 242//127 241//126 232//114
f 131//124 130//120 243//128
f 241//126 240//125 533//129
f 232//114 58//130 57//123
f 58//130 232//114 241//126
f 243//128 532//131 533//129
f 533//129 240//125 243//128
f 532//131 243//128 59//132
f 243//128 239//122 59//132
f 239//122 238//121 156//36
f 59//132 179//48 535//47
f 60//133 61//134 215//91
f 61//134 244//135 215//91
f 245//136 246//137 247//138
f 246//137 248//139 249//140
f 249//140 248//139 250//141
f 248//139 251//142 250//141
f 254//143 255//144 252//145
f 252//145 250//141 251//142
f 155//1 60//133 215//91
f 244//135 247//138 257//146
f 257//146 258//147 259//148
f 259//148 215//91 257//146
f 215//91 259//148 216//92
f 259//148 258//147 212//88
f 262//149 260//150 263//151
f 234//116 262//149 264//152
f 211//86 261//153 262//149
f 264//152 265//154 266//155
f 63//156 210//85 224//99
f 63//156 62//157 210//85
f 64//158 66//159 210//85
f 210//85 65//160 64//158
f 62//157 65//160 210//85
f 211//86 210//85 261//153
f 261//153 210//85 66//159
f 260//150 68//161 67//162
f 260//150 69//163 68//161
f 260//150 261//153 69//163
f 70//164 69//163 261//153
f 66//159 70//164 261//153
f 254//143 71//165 72//166
f 254//143 67//162 71//165
f 254//143 72//166 73//167
f 73//167 255//144 254//143
f 255//144 73//167 74//168
f 74//168 75//169 255//144
f 249//140 76//170 81//171
f 249//140 255//144 75//169
f 75//169 76//170 249//140
f 79//172 78//173 258//147
f 258//147 257//146 79//172
f 78//173 84//174 258//147
f 257//146 80//175 79//172
f 257//146 247//138 80//175
f 247//138 81//176 80//175
f 247//138 249//140 81//176
f 212//88 258//147 84//174
f 222//100 213//89 82//177
f 82//177 86//178 222//100
f 213//89 83//179 82//177
f 84//174 83//179 213//89
f 86//178 85//180 222//100
f 222//100 85//180 87//181
f 87//181 224//99 222//100
f 33//182 198//64 195//61
f 195//61 7//183 33//182
f 33//182 32//184 198//64
f 32//184 31//185 198//64
f 167//186 29//187 28//188
f 28//189 172//25 167//19
f 28//190 167//19 192//66
f 192//66 30//191 28//190
f 170//22 172//25 25//192
f 26//193 25//192 172//25
f 172//25 28//189 27//194
f 27//194 26//193 172//25
f 22//24 170//22 24//195
f 23//196 24//195 170//22
f 158//4 20//197 19//198
f 21//199 20//197 158//4
f 22//24 21//199 158//4
f 13//200 267//201 165//16
f 165//16 14//202 13//200
f 165//16 16//203 15//204
f 15//204 14//202 165//16
f 16//203 165//16 159//5
f 17//205 16//203 159//5
f 159//5 18//206 17//205
f 158//4 19//198 18//206
f 18//206 159//5 158//4
f 267//201 12//207 11//208
f 11//208 10//209 267//201
f 267//201 13//200 12//207
f 194//60 177//34 267//201
f 267//201 10//209 194//60
f 10//209 9//210 194//60
f 8//211 195//61 194//60
f 8//211 7//183 195//61
f 9//210 8//211 194//60
f 61//134 88//212 245//136
f 515//213 245//136 88//212
f 88//212 506//214 515//213
f 246//137 245//136 515//213
f 248//139 246//137 513//215
f 248//139 89//216 251//142
f 251//142 89//216 90//217
f 253//218 251//142 90//217
f 498//219 91//220 253//218
f 253//218 91//220 92//221
f 256//222 252//145 253//218
f 253//218 92//221 256//222
f 256//222 484//223 93//224
f 256//222 92//221 484//223
f 256//222 481//225 94//226
f 256//222 93//224 481//225
f 256//222 94//226 260//150
f 260//150 96//227 95//228
f 260//150 94//226 96//227
f 260//150 476//229 97//230
f 260//150 95//228 476//229
f 98//231 262//149 263//151
f 264//152 98//231 467//232
f 265//154 264//152 99//233
f 99//233 320//234 265//154
f 268//235 344//236 347//237
f 268//235 320//234 344//236
f 102//7 237//119 100//238
f 348//239 100//238 237//119
f 237//119 101//240 348//239
f 354//241 160//8 102//7
f 269//242 357//243 103//244
f 269//242 160//8 357//243
f 160//8 354//241 357//243
f 103//244 104//245 269//242
f 270//246 269//242 104//245
f 104//245 105//247 270//246
f 162//11 107//248 106//12
f 162//11 270//246 107//248
f 109//249 108//250 163//13
f 163//13 312//251 109//249
f 163//13 106//12 312//251
f 110//6 163//13 111//252
f 171//23 112//253 113//254
f 112//253 171//23 110//6
f 114//255 168//20 171//23
f 171//23 113//254 114//255
f 168//20 114//255 115//256
f 115//256 169//21 168//20
f 116//257 166//17 169//21
f 166//17 118//258 117//259
f 117//259 119//18 166//17
f 121//260 36//29 173//28
f 173//28 120//26 121//260
f 121//260 293//261 36//29
f 122//262 124//263 265//154
f 268//235 123//264 122//262
f 122//262 265//154 268//235
f 137//265 123//264 268//235
f 234//116 124//263 129//266
f 124//263 234//116 266//155
f 266//155 265//154 124//263
f 131//124 242//127 125//267
f 126//268 125//267 242//127
f 242//127 127//269 126//268
f 236//118 129//266 128//270
f 128//270 127//269 236//118
f 127//269 242//127 236//118
f 237//119 132//271 137//265
f 237//119 133//272 132//271
f 237//119 238//121 133//272
f 134//273 133//272 238//121
f 238//121 135//274 134//273
f 238//121 130//120 135//274
f 137//265 268//235 136//275
f 101//240 237//119 137//265
f 136//275 101//240 137//265
f 140//38 157//9 138//276
f 139//277 138//276 157//9
f 157//9 151//278 139//277
f 185//44 181//39 141//279
f 141//279 144//280 185//44
f 181//39 140//38 141//279
f 147//41 189//53 148//281
f 189//53 143//282 142//283
f 144//280 189//53 185//44
f 144//280 143//282 189//53
f 142//283 148//281 189//53
f 162//11 145//284 150//285
f 162//11 146//15 145//284
f 269//242 270//246 149//286
f 150//285 149//286 270//246
f 149//286 154//287 269//242
f 160//8 152//288 151//278
f 151//278 157//9 160//8
f 160//8 153//289 152//288
f 160//8 269//242 154//287
f 154//287 153//289 160//8
f 270//246 162//11 150//285
f 129//266 236//118 234//116
f 116//257 118//258 166//17
f 115//256 116//257 169//21
f 108//250 111//252 163//13
f 105//247 107//248 270//246
f 347//237 136//275 268//235
f 320//234 268//235 265//154
f 467//232 99//233 264//152
f 98//231 264//152 262//149
f 98//231 263//151 97//230
f 97//230 263//151 260//150
f 90//217 498//219 253//218
f 513//215 89//216 248//139
f 515//213 513//215 246//137
f 245//136 244//135 61//134
f 25//192 23//196 170//22
f 31//185 30//191 198//64
f 87//181 63//156 224//99
f 84//174 213//89 212//88
f 77//290 81//291 249//292
f 67//162 254//143 260//150
f 262//149 234//116 211//86
f 264//152 266//155 234//116
f 260//150 262//149 261//153
f 212//88 216//92 259//148
f 257//146 215//91 244//135
f 155//1 35//3 60//133
f 256//222 260//150 254//143
f 252//145 256//222 254//143
f 250//141 252//145 255//144
f 251//142 253//218 252//145
f 250//141 255//144 249//140
f 249//140 247//138 246//137
f 247//138 244//135 245//136
f 179//48 59//132 239//122
f 156//36 179//48 239//122
f 533//129 58//130 241//126
f 243//128 240//125 131//124
f 232//114 235//117 242//127
f 241//126 242//127 131//124
f 57//123 56//113 231//110
f 239//122 243//128 130//120
f 156//36 238//121 237//119
f 236//118 242//127 235//117
f 234//116 236//118 233//115
f 233//115 235//117 227//103
f 227//103 235//117 232//114
f 56//113 529//111 229//108
f 55//112 54//107 220//96
f 226//101 227//103 231//110
f 220//96 225//102 230//109
f 225//102 226//101 229//108
f 228//106 54//107 52//104
f 53//105 51//87 155//1
f 52//104 53//105 218//94
f 223//98 209//84 227//103
f 214//90 221//97 225//102
f 221//97 223//98 226//101
f 222//100 224//99 223//98
f 213//89 222//100 221//97
f 220//96 228//106 219//95
f 219//95 228//106 217//93
f 217//93 218//94 215//91
f 214//90 219//95 212//88
f 211//86 233//115 209//84
f 525//293 49//83 50//82
f 49//83 47//78 203//71
f 208//80 203//71 200//67
f 207//79 208//80 202//69
f 47//78 45//76 206//75
f 46//77 44//72 191//58
f 206//75 204//73 196//62
f 193//59 197//63 205//74
f 204//73 205//74 197//63
f 203//71 206//75 199//65
f 43//70 48//81 201//68
f 202//69 200//67 192//66
f 201//68 202//69 176//32
f 42//33 43//70 175//31
f 200//67 199//65 198//64
f 199//65 196//62 195//61
f 177//34 194//60 197//63
f 196//62 197//63 194//60
f 178//35 177//34 193//59
f 192//66 198//64 30//191
f 184//43 193//59 191//58
f 41//57 39//55 187//51
f 183//42 184//43 190//54
f 188//52 186//45 185//44
f 189//53 183//42 187//51
f 519//50 517//49 181//39
f 182//40 178//35 184//43
f 183//42 189//53 147//41
f 164//14 165//16 178//35
f 182//40 147//41 146//15
f 181//39 180//37 157//9
f 180//37 179//48 156//36
f 165//16 267//201 177//34
f 176//32 192//66 167//19
f 175//31 176//32 174//27
f 174//27 167//19 119//18
f 173//28 174//27 120//26
f 172//25 170//22 169//21
f 22//24 158//4 171//23
f 170//22 22//24 168//20
f 167//19 172//25 166//17
f 161//10 159//5 165//16
f 162//11 161//10 164//14
f 163//13 110//6 159//5
f 106//12 163//13 161//10
f 157//9 156//36 102//7
f 110//6 171//23 158//4
f 284//294 313//295 294//296
f 285//297 284//294 294//296
f 295//298 111//252 108//250
f 295//298 294//296 296//299
f 111//252 295//298 296//299
f 296//299 110//300 271//301
f 271//301 111//252 296//299
f 296//299 286//302 297//303
f 272//304 296//299 112//305
f 272//304 110//300 296//299
f 112//305 297//303 298//306
f 297//303 287//307 288//308
f 298//306 297//303 299//309
f 112//310 298//306 299//309
f 113//311 298//312 112//310
f 299//309 288//308 300//313
f 113//314 299//309 114//315
f 113//316 114//317 273//318
f 289//319 300//313 288//308
f 301//320 300//313 289//319
f 114//315 301//320 275//321
f 114//315 275//321 276//322
f 115//323 275//321 274//324
f 302//325 289//319 303//326
f 274//324 302//325 277//327
f 277//327 116//328 278//329
f 278//329 274//324 277//327
f 305//330 303//326 290//331
f 304//332 303//326 305//330
f 277//327 304//332 117//333
f 117//334 279//335 118//336
f 118//337 277//327 117//333
f 306//338 305//330 290//331
f 117//333 305//330 306//338
f 281//339 119//340 280//341
f 280//341 117//333 281//339
f 281//339 306//338 307//342
f 120//343 281//339 282//344
f 307//342 306//338 291//345
f 282//344 307//342 292//346
f 293//261 121//347 292//346
f 283//348 121//349 293//350
f 292//346 121//347 282//344
f 291//345 292//346 307//342
f 307//342 282//344 281//339
f 306//338 281//339 117//333
f 305//330 117//333 304//332
f 304//332 277//327 302//325
f 303//326 304//332 302//325
f 289//319 290//331 303//326
f 302//325 274//324 275//321
f 302//325 275//321 301//320
f 289//319 302//325 301//320
f 301//320 114//315 299//309
f 300//313 301//320 299//309
f 299//309 113//314 112//310
f 288//308 299//309 297//303
f 297//303 112//305 296//299
f 287//307 297//303 286//302
f 286//302 296//299 294//296
f 108//250 285//297 295//298
f 294//296 295//298 285//297
f 313//295 286//302 294//296
f 314//351 315//352 311//353
f 312//251 315//352 109//249
f 314//351 309//354 313//295
f 315//352 314//351 284//294
f 285//297 108//250 308//355
f 308//355 315//352 285//297
f 284//294 285//297 315//352
f 313//295 284//294 314//351
f 315//352 308//355 109//249
f 312//251 311//353 315//352
f 311//353 310//356 314//351
f 309//354 314//351 310//356
f 291//345 306//338 317//357
f 290//331 289//319 382//358
f 383//359 382//358 289//319
f 287//307 318//360 385//361
f 381//362 317//357 306//338
f 385//361 288//308 287//307
f 286//302 388//363 318//360
f 313//295 319//364 388//363
f 306//338 290//331 381//362
f 382//358 381//362 290//331
f 318//360 287//307 286//302
f 388//363 286//302 313//295
f 288//308 385//361 383//359
f 383//359 289//319 288//308
f 317//357 316//365 291//345
f 330//366 342//367 331//368
f 342//367 332//369 331//368
f 322//370 320//234 333//371
f 333//371 342//367 343//372
f 322//370 333//371 344//236
f 343//372 334//373 346//374
f 344//236 343//372 347//237
f 347//237 329//375 136//376
f 136//377 321//378 347//379
f 346//374 345//380 348//239
f 329//375 346//374 348//239
f 329//375 348//239 101//381
f 323//382 101//383 348//384
f 348//239 335//385 349//386
f 348//239 350//387 100//238
f 349//386 336//388 337//389
f 350//387 349//386 351//390
f 352//391 351//390 337//389
f 353//392 351//390 354//393
f 353//392 354//393 324//394
f 355//395 352//391 338//396
f 354//393 352//391 356//397
f 354//398 357//399 326//400
f 356//397 355//395 339//401
f 357//402 356//397 358//403
f 357//404 103//405 325//406
f 103//407 358//403 359//408
f 358//403 339//401 360//409
f 359//408 358//403 361//410
f 359//408 327//411 104//412
f 327//411 359//408 361//410
f 341//413 362//414 340//415
f 360//409 340//415 362//414
f 361//410 360//409 362//414
f 361//410 328//416 105//417
f 363//418 362//414 341//413
f 361//410 362//414 364//419
f 361//410 365//420 107//421
f 365//420 364//419 366//422
f 363//418 309//354 310//356
f 366//422 363//418 311//423
f 367//424 366//422 312//251
f 367//424 312//251 106//12
f 311//353 312//251 366//422
f 310//425 311//426 366//427
f 363//418 310//356 311//423
f 366//422 367//424 365//420
f 363//418 366//422 364//419
f 107//421 328//416 361//410
f 364//419 365//420 361//410
f 363//418 364//419 362//414
f 360//409 361//410 358//403
f 340//415 360//409 339//401
f 358//403 103//407 357//402
f 339//401 358//403 356//397
f 356//397 357//402 354//393
f 355//395 356//397 352//391
f 352//391 354//393 351//390
f 337//389 338//396 352//391
f 351//390 353//392 102//428
f 351//390 102//428 350//387
f 337//389 351//390 349//386
f 349//386 350//387 348//239
f 336//388 349//386 335//385
f 335//385 348//239 345//380
f 346//374 329//375 347//237
f 346//374 347//237 343//372
f 345//380 346//374 334//373
f 343//372 344//236 333//371
f 334//373 343//372 342//367
f 334//373 342//367 330//366
f 332//369 342//367 333//371
f 313//295 309//354 319//364
f 396//429 319//364 309//354
f 309//354 392//430 396//429
f 368//431 317//357 369//432
f 369//432 317//357 380//433
f 369//432 371//434 370//435
f 371//434 380//433 889//436
f 372//437 381//362 382//358
f 372//437 382//358 888//438
f 373//439 384//440 887//441
f 887//441 383//359 385//361
f 887//442 385//443 883//444
f 385//443 374//445 883//444
f 318//360 386//446 385//361
f 374//447 385//448 386//449
f 385//450 375//451 882//452
f 318//360 387//453 386//446
f 375//451 386//446 387//453
f 880//454 375//451 387//453
f 319//364 377//455 388//363
f 377//455 378//456 389//457
f 376//458 389//457 378//456
f 389//457 376//459 377//455
f 376//459 388//363 377//455
f 389//460 376//461 387//462
f 388//363 376//459 387//453
f 387//453 318//360 388//363
f 882//452 374//463 385//450
f 386//446 375//451 385//450
f 374//464 385//450 887//465
f 383//359 887//441 384//440
f 384//440 888//438 382//358
f 383//359 384//440 382//358
f 381//362 372//437 889//436
f 381//362 889//436 380//433
f 381//362 380//433 317//357
f 380//433 371//434 369//432
f 369//432 379//466 368//431
f 317//357 368//431 316//365
f 319//364 394//467 377//455
f 394//467 390//468 377//469
f 390//468 394//467 395//470
f 395//470 319//364 396//429
f 395//471 396//472 391//473
f 392//430 393//474 396//429
f 391//473 396//472 393//475
f 393//476 396//477 395//471
f 319//364 395//470 394//467
f 390//468 378//456 377//469
f 378//478 377//479 394//480
f 392//430 309//354 363//418
f 392//430 363//418 341//413
f 341//413 397//481 392//430
f 397//481 341//413 340//415
f 340//415 339//401 398//482
f 399//483 398//482 339//401
f 355//395 400//484 399//483
f 399//483 339//401 355//395
f 338//396 401//485 400//484
f 400//484 355//395 338//396
f 338//396 337//389 402//486
f 403//487 402//486 337//389
f 402//486 401//485 338//396
f 403//487 337//389 336//388
f 335//385 427//488 426//489
f 426//489 336//388 335//385
f 334//373 404//490 430//491
f 430//491 427//488 345//380
f 335//385 345//380 427//488
f 330//366 405//492 404//490
f 404//490 334//373 330//366
f 405//492 330//366 331//368
f 430//491 345//380 334//373
f 336//388 426//489 403//487
f 340//415 398//482 397//481
f 393//474 392//430 420//493
f 406//494 393//474 420//493
f 420//493 392//430 397//481
f 407//495 420//493 421//496
f 421//496 397//481 422//497
f 408//498 421//496 422//497
f 422//497 398//482 423//499
f 423//499 398//482 409//500
f 422//497 423//499 409//500
f 409//500 399//483 400//484
f 411//501 400//484 401//485
f 401//485 402//486 424//502
f 410//503 401//485 424//502
f 402//486 403//487 425//504
f 410//503 424//502 425//504
f 410//503 425//504 412//505
f 426//489 425//504 403//487
f 413//506 412//505 425//504
f 413//506 426//489 427//488
f 428//507 427//488 414//508
f 415//509 428//510 414//511
f 429//512 427//488 430//491
f 414//513 429//512 430//491
f 429//514 414//513 431//515
f 414//511 431//516 416//517
f 431//516 430//491 404//490
f 432//518 416//517 431//516
f 432//518 404//490 405//492
f 432//518 418//519 417//520
f 419//521 418//519 405//492
f 405//492 418//519 432//518
f 404//490 432//518 431//516
f 430//491 431//516 414//513
f 429//522 414//523 428//524
f 429//512 414//508 427//488
f 427//488 428//507 413//506
f 426//489 413//506 425//504
f 425//504 424//502 402//486
f 401//485 410//503 411//501
f 400//484 411//501 409//500
f 399//483 409//500 398//482
f 398//482 422//497 397//481
f 397//481 421//496 420//493
f 448//525 419//521 405//492
f 419//521 448//525 433//526
f 448//525 436//527 435//528
f 436//527 434//529 437//530
f 434//529 440//531 439//532
f 440//531 438//533 449//534
f 440//531 449//534 441//535
f 449//534 442//536 450//537
f 443//538 442//536 451//539
f 451//539 444//540 445//541
f 445//541 443//538 451//539
f 442//536 443//538 450//537
f 439//532 437//530 434//529
f 438//533 440//531 434//529
f 434//529 436//527 448//525
f 405//492 434//529 448//525
f 331//368 470//542 434//529
f 470//542 452//543 434//529
f 452//543 475//544 434//529
f 475//544 438//533 434//529
f 438//533 475//544 478//545
f 478//545 449//534 438//533
f 453//546 442//536 449//534
f 449//534 478//545 453//546
f 453//546 454//547 442//536
f 442//536 454//547 455//548
f 494//549 447//550 451//539
f 455//548 451//539 442//536
f 451//539 491//551 494//549
f 451//539 455//548 491//551
f 494//549 456//552 447//550
f 434//529 405//492 331//368
f 459//553 784//554 457//555
f 925//556 457//555 784//554
f 784//554 447//557 925//556
f 458//558 459//553 457//555
f 467//559 320//234 99//233
f 99//560 468//561 467//562
f 469//563 333//371 320//234
f 469//563 331//564 332//369
f 465//565 471//566 467//559
f 469//563 467//559 471//566
f 470//567 469//563 472//568
f 97//569 471//566 466//570
f 466//570 464//571 97//569
f 472//568 471//566 473//572
f 464//573 97//230 476//229
f 473//572 464//573 476//229
f 474//574 473//572 477//575
f 475//544 474//574 478//545
f 96//227 476//229 95//228
f 463//576 95//577 476//578
f 477//575 476//229 479//579
f 478//545 477//575 480//580
f 96//227 94//226 462//581
f 462//581 481//582 96//227
f 479//579 96//227 482//583
f 480//580 479//579 482//584
f 478//545 480//580 483//585
f 484//586 481//225 93//224
f 93//587 461//588 484//589
f 482//590 481//591 484//592
f 482//584 481//593 485//594
f 483//585 482//584 485//594
f 485//594 484//595 487//596
f 486//597 485//594 488//598
f 486//597 488//598 455//548
f 489//599 487//596 92//221
f 485//594 487//596 489//599
f 488//598 485//594 490//600
f 460//601 489//599 91//220
f 490//600 489//599 492//602
f 491//551 490//600 493//603
f 498//604 492//602 460//601
f 492//602 497//605 496//606
f 493//603 496//606 494//549
f 496//606 493//603 492//602
f 492//602 498//604 497//605
f 493//603 494//549 491//551
f 492//602 493//603 490//600
f 460//601 492//602 489//599
f 491//551 455//548 488//598
f 490//600 491//551 488//598
f 489//599 490//600 485//594
f 92//221 91//220 489//599
f 485//594 486//597 483//585
f 484//595 485//594 481//593
f 482//584 483//585 480//580
f 481//607 482//608 479//609
f 481//582 482//583 96//227
f 479//579 480//580 477//575
f 96//227 479//579 476//229
f 477//575 478//545 474//574
f 476//229 477//575 473//572
f 474//574 475//544 472//568
f 473//572 474//574 472//568
f 464//573 473//572 471//566
f 97//569 464//573 471//566
f 471//566 472//568 469//563
f 331//610 332//611 470//612
f 331//564 469//563 470//567
f 332//369 333//371 469//563
f 320//234 467//559 469//563
f 496//606 497//605 495//613
f 503//614 498//615 504//616
f 509//617 498//615 503//614
f 495//618 509//617 511//619
f 511//620 505//621 496//606
f 90//622 502//623 503//614
f 510//624 503//614 502//623
f 511//625 510//626 512//627
f 511//620 510//628 505//621
f 89//629 513//630 502//623
f 89//631 500//632 513//633
f 512//634 502//623 513//630
f 505//621 512//634 514//635
f 515//636 513//637 501//638
f 514//635 513//630 516//639
f 506//640 515//636 499//641
f 506//214 507//642 516//643
f 507//642 508//644 505//621
f 505//621 516//645 507//642
f 516//646 515//647 507//648
f 516//643 515//649 506//214
f 516//645 505//621 514//635
f 515//650 516//646 514//651
f 515//649 516//639 513//630
f 513//630 514//635 512//634
f 512//634 505//621 510//628
f 502//623 512//634 510//624
f 496//606 495//613 511//620
f 510//652 511//653 495//654
f 510//624 511//619 509//617
f 503//614 510//624 509//617
f 505//621 508//644 496//606
f 630//655 527//656 52//657
f 52//657 537//658 630//655
f 578//659 536//660 527//656
f 527//656 630//655 578//659
f 538//661 537//658 52//657
f 539//662 627//663 530//664
f 530//664 57//665 539//662
f 625//666 540//667 531//668
f 531//668 533//129 625//666
f 540//667 539//662 531//668
f 539//662 57//665 531//668
f 541//669 625//666 532//131
f 532//131 534//670 541//669
f 533//129 532//131 625//666
f 543//671 624//672 535//673
f 535//673 624//672 541//669
f 541//669 534//670 535//673
f 542//674 518//675 517//49
f 518//675 542//674 543//671
f 520//676 544//677 623//678
f 623//678 542//674 519//50
f 519//50 520//676 623//678
f 544//677 41//679 521//680
f 521//680 622//681 544//677
f 520//676 41//679 544//677
f 545//682 618//683 525//684
f 618//683 526//685 525//684
f 618//683 619//686 526//685
f 619//686 524//687 526//685
f 523//688 547//689 546//690
f 523//688 548//691 547//689
f 622//681 549//692 554//693
f 548//691 523//688 524//687
f 524//687 619//686 548//691
f 619//686 550//694 548//691
f 557//695 619//686 588//696
f 619//686 557//695 550//694
f 46//697 523//688 552//698
f 552//698 551//699 46//697
f 523//688 553//700 552//698
f 523//688 546//690 553//700
f 549//692 622//681 521//680
f 521//680 555//701 549//692
f 556//702 555//703 521//704
f 522//705 46//697 556//702
f 555//706 521//707 522//705
f 556//702 555//706 522//705
f 558//708 557//695 588//696
f 588//696 621//709 558//708
f 621//709 559//710 558//708
f 621//709 589//711 559//710
f 554//693 559//710 589//711
f 560//712 529//111 530//664
f 529//111 560//712 561//713
f 561//713 55//112 529//111
f 530//664 562//714 560//712
f 530//664 563//715 562//714
f 564//716 563//715 530//664
f 530//664 627//663 564//716
f 627//663 566//717 565//718
f 565//718 564//716 627//663
f 627//663 568//719 567//720
f 567//720 566//717 627//663
f 569//721 567//720 568//719
f 614//722 570//723 569//721
f 569//721 568//719 614//722
f 538//661 571//724 570//723
f 572//725 571//724 538//661
f 538//661 528//726 573//727
f 528//728 575//729 576//730
f 575//731 574//732 528//726
f 577//733 575//734 528//735
f 574//732 573//727 528//726
f 573//727 572//725 538//661
f 570//723 614//722 538//661
f 577//733 528//735 55//112
f 561//713 577//733 55//112
f 589//711 622//681 554//693
f 551//699 556//702 46//697
f 517//49 519//50 542//674
f 535//673 518//675 543//671
f 52//657 528//726 538//661
f 617//736 603//737 604//738
f 630//739 611//740 594//741
f 545//682 593//742 596//743
f 618//683 596//743 597//744
f 619//745 597//744 595//746
f 620//747 595//746 598//748
f 621//709 598//748 599//749
f 589//750 599//749 600//751
f 622//752 600//753 601//754
f 616//755 601//756 602//757
f 623//758 602//757 612//759
f 624//760 604//738 613//761
f 626//762 607//763 608//764
f 627//765 608//764 609//766
f 628//767 609//766 614//768
f 629//769 610//770 615//771
f 599//772 589//750 622//773
f 625//774 605//775 606//776
f 540//777 606//776 626//762
f 618//778 619//779 587//780
f 588//696 620//747 621//709
f 621//781 599//772 590//782
f 599//772 589//783 590//782
f 616//784 601//785 600//786
f 600//786 622//752 616//784
f 623//787 602//788 586//789
f 586//789 616//755 623//787
f 623//758 612//759 542//790
f 624//791 604//792 585//793
f 585//793 617//736 624//791
f 624//760 613//761 584//794
f 583//795 625//774 540//777
f 540//777 626//762 582//796
f 591//797 628//767 614//768
f 614//768 629//798 581//799
f 629//798 610//800 581//799
f 579//801 615//771 630//739
f 630//739 592//802 580//803
f 583//795 605//804 625//774
f 625//805 605//804 613//806
f 584//794 604//792 624//760
f 542//807 602//808 623//809
f 586//789 601//810 616//755
f 622//811 600//812 589//813
f 594//741 592//802 630//739
f 606//776 540//777 625//774
f 589//814 599//815 621//781
f 611//740 630//739 615//771
f 610//770 629//798 614//768
f 609//766 628//767 627//765
f 608//764 627//765 626//762
f 607//763 626//762 606//776
f 604//738 624//791 617//736
f 602//757 623//787 616//755
f 601//754 616//784 622//752
f 598//748 621//709 620//747
f 595//746 620//747 619//745
f 597//744 619//745 618//683
f 596//743 618//683 545//682
f 603//737 617//736 612//759
f 611//740 681//816 647//817
f 615//771 680//818 681//816
f 607//763 675//819 676//820
f 606//776 674//821 675//819
f 605//775 673//822 674//821
f 613//761 672//823 673//822
f 681//816 611//740 615//771
f 610//770 679//824 680//818
f 675//819 607//763 606//776
f 673//822 605//775 613//761
f 604//738 671//825 672//823
f 612//759 602//757 664//826
f 602//757 601//756 670//827
f 680//818 615//771 610//770
f 614//768 678//828 679//824
f 609//766 677//829 678//828
f 608//764 676//820 677//829
f 674//821 606//776 605//775
f 672//823 613//761 604//738
f 603//737 612//759 665//830
f 670//827 664//826 602//757
f 601//756 600//751 669//831
f 600//751 599//749 668//832
f 679//824 610//770 614//768
f 677//829 609//766 608//764
f 604//738 603//737 671//825
f 664//826 665//830 612//759
f 668//832 669//831 600//751
f 599//749 598//748 667//833
f 678//828 614//768 609//766
f 665//830 671//825 603//737
f 667//833 668//832 599//749
f 598//748 595//746 666//834
f 676//820 608//764 607//763
f 666//834 667//833 598//748
f 595//746 597//744 663//835
f 597//744 596//743 631//836
f 669//831 670//827 601//756
f 631//836 663//835 597//744
f 663//835 666//834 595//746
f 596//743 593//742 646//837
f 646//837 631//836 596//743
f 647//817 594//741 611//740
f 662//838 646//837 632//839
f 633//840 663//835 662//838
f 648//841 649//842 634//843
f 635//844 650//845 648//846
f 651//847 652//848 636//849
f 637//850 664//826 651//847
f 653//851 665//830 638//852
f 641//853 656//854 655//855
f 657//856 658//857 642//858
f 643//859 659//860 657//861
f 660//862 661//863 644//864
f 666//834 649//842 648//841
f 667//833 648//841 650//865
f 668//832 650//865 652//848
f 669//831 652//848 651//847
f 670//827 651//847 664//826
f 671//825 653//851 639//866
f 672//823 639//866 654//867
f 673//822 654//867 640//868
f 674//821 640//868 655//869
f 675//819 655//869 656//870
f 676//820 656//870 658//871
f 677//829 658//871 657//872
f 678//828 657//872 659//873
f 679//824 659//873 661//863
f 680//818 661//863 660//862
f 681//816 660//862 647//817
f 631//836 662//838 663//835
f 662//838 631//836 646//837
f 660//862 681//816 680//818
f 661//863 680//818 679//824
f 659//873 679//824 678//828
f 657//872 678//828 677//829
f 658//871 677//829 676//820
f 656//870 676//820 675//819
f 655//869 675//819 674//821
f 640//868 674//821 673//822
f 654//867 673//822 672//823
f 639//866 672//823 671//825
f 653//851 671//825 665//830
f 651//847 670//827 669//831
f 652//848 669//831 668//832
f 650//865 668//832 667//833
f 648//841 667//833 666//834
f 649//842 666//834 663//835
f 645//874 647//817 660//862
f 638//852 665//830 664//826
f 637//850 651//847 682//875
f 651//847 636//849 683//876
f 683//876 682//875 651//847
f 684//877 638//852 664//826
f 664//826 685//878 684//877
f 685//878 664//826 637//850
f 688//879 639//866 653//851
f 653//851 638//852 687//880
f 687//880 686//881 653//851
f 654//867 639//866 688//879
f 688//879 689//882 654//867
f 640//868 691//883 690//884
f 654//867 689//882 691//883
f 691//883 640//868 654//867
f 656//870 655//869 692//885
f 690//884 692//885 655//869
f 655//869 640//868 690//884
f 632//839 646//837 693//886
f 694//887 633//840 662//838
f 662//838 695//888 694//887
f 715//889 634//843 633//840
f 633//840 694//887 715//889
f 696//888 697//886 698//886
f 699//890 696//888 700//888
f 700//888 701//891 699//890
f 702//892 699//890 703//887
f 704//893 705//894 702//892
f 703//887 704//893 702//892
f 709//895 705//894 707//896
f 707//896 708//897 709//895
f 708//897 711//898 710//899
f 708//897 650//900 713//901
f 713//901 711//898 708//897
f 712//902 713//901 650//900
f 650//900 714//903 712//902
f 650//900 648//841 714//903
f 648//841 634//843 715//889
f 715//889 714//903 648//841
f 710//899 709//895 708//897
f 636//849 650//900 708//897
f 708//897 716//904 636//849
f 719//905 720//906 718//907
f 718//907 717//908 719//905
f 719//905 726//909 721//910
f 721//910 720//906 719//905
f 722//911 723//912 728//913
f 724//914 722//911 725//915
f 726//909 725//915 721//910
f 725//915 726//909 724//914
f 722//911 724//914 723//912
f 727//916 658//871 656//870
f 656//870 730//917 727//916
f 656//870 729//918 730//917
f 728//913 729//918 722//911
f 728//913 730//917 729//918
f 657//919 731//920 732//921
f 732//921 659//922 657//919
f 657//919 658//871 731//920
f 658//871 733//923 731//920
f 727//916 733//923 658//871
f 734//924 644//864 659//922
f 659//922 732//921 734//924
f 734//924 735//925 660//862
f 735//925 645//874 660//862
f 660//862 644//864 734//924
f 718//907 1600//926 717//908
f 636//849 716//904 683//876
f 706//927 707//896 705//894
f 704//893 706//927 705//894
f 701//891 703//887 699//890
f 698//886 700//888 696//888
f 662//838 632//839 695//888
f 693//886 695//888 632//839
f 692//885 729//918 656//870
f 653//851 686//881 688//879
f 684//877 687//880 638//852
f 682//875 685//878 637//850
f 765//928 689//882 688//879
f 771//929 766//930 769//931
f 773//932 774//933 768//934
f 767//935 736//936 772//937
f 769//931 688//879 686//881
f 736//936 770//938 686//881
f 682//875 743//939 773//932
f 683//876 742//940 682//875
f 773//932 772//937 684//877
f 682//875 773//932 685//878
f 775//941 757//942 739//943
f 761//944 720//906 738//945
f 738//945 760//946 761//944
f 762//947 763//948 718//907
f 720//906 761//944 762//947
f 721//949 758//950 759//951
f 721//949 759//951 760//946
f 739//943 757//942 758//950
f 776//952 692//885 690//884
f 690//884 777//953 776//952
f 729//918 778//954 779//955
f 779//955 775//941 722//911
f 776//952 778//954 729//918
f 737//956 689//882 765//928
f 765//928 780//957 737//956
f 780//957 777//953 690//884
f 781//958 776//952 777//953
f 751//959 753//960 777//953
f 780//957 765//928 752//961
f 765//928 782//962 752//961
f 782//962 765//928 771//929
f 773//932 743//939 741//963
f 774//933 740//964 768//934
f 745//965 767//935 768//934
f 767//935 746//966 747//967
f 747//967 770//938 767//935
f 770//938 747//967 748//968
f 749//969 771//929 748//968
f 771//929 749//969 750//970
f 750//970 782//962 771//929
f 778//954 776//952 781//958
f 781//958 754//971 778//954
f 779//955 778//954 755//972
f 778//954 754//971 755//972
f 775//941 779//955 756//973
f 779//955 755//972 756//973
f 775//941 756//973 757//942
f 764//974 1600//926 718//907
f 718//907 763//948 764//974
f 750//970 752//961 782//962
f 748//968 769//931 770//938
f 745//965 746//966 767//935
f 741//963 774//933 773//932
f 742//940 743//939 682//875
f 744//975 742//940 683//876
f 769//931 748//968 771//929
f 752//961 751//959 780//957
f 777//953 780//957 751//959
f 777//953 753//960 781//958
f 690//884 737//956 780//957
f 729//918 692//885 776//952
f 779//955 722//911 729//918
f 758//950 721//949 739//943
f 760//946 738//945 721//949
f 762//947 718//907 720//906
f 739//943 722//911 775//941
f 684//877 685//878 773//932
f 736//936 684//877 772//937
f 736//936 767//935 770//938
f 688//879 769//931 766//930
f 686//881 770//938 769//931
f 768//934 772//937 773//932
f 772//937 768//934 767//935
f 688//879 766//930 765//928
f 766//930 771//929 765//928
f 876//976 877//977 878//978
f 879//979 880//454 376//458
f 881//980 882//981 880//454
f 881//980 883//982 882//981
f 372//437 805//983 884//984
f 373//439 885//985 886//986
f 883//982 881//980 885//985
f 888//438 886//986 805//983
f 370//435 802//987 804//988
f 889//436 884//984 802//987
f 369//432 804//988 785//989
f 890//990 819//991 891//992
f 411//501 878//978 819//991
f 892//993 893//994 894//995
f 895//996 407//495 408//498
f 895//996 894//995 407//495
f 896//997 879//979 893//994
f 897//998 898//999 899//1000
f 899//1000 900//1001 897//998
f 897//998 901//1002 903//1003
f 903//1003 898//999 897//998
f 905//1004 820//1005 877//977
f 906//1006 907//1007 908//1008
f 907//1007 851//1009 908//1008
f 909//1010 910//1011 911//1012
f 915//1013 445//541 914//1014
f 899//1000 898//999 916//1015
f 841//1016 900//1001 837//1017
f 897//998 900//1001 839//1018
f 839//1018 838//1019 897//998
f 901//1002 897//998 838//1019
f 838//1019 842//1020 901//1002
f 902//1021 901//1002 845//1022
f 904//1023 902//1021 843//1024
f 432//518 904//1023 843//1024
f 843//1024 844//1025 432//518
f 905//1004 830//1026 825//1027
f 825//1027 820//1005 905//1004
f 905//1004 829//1028 830//1026
f 905//1004 828//1029 829//1028
f 905//1004 827//1030 828//1029
f 827//1030 905//1004 826//1031
f 822//1032 821//1033 877//977
f 822//1032 877//977 820//1005
f 878//978 877//977 823//1034
f 823//1034 824//1035 878//978
f 878//978 817//1036 818//1037
f 818//1037 819//991 878//978
f 878//978 816//1038 817//1036
f 878//978 815//1039 816//1038
f 878//978 824//1035 814//1040
f 814//1040 815//1039 878//978
f 891//992 819//991 813//1041
f 813//1041 806//1042 891//992
f 891//992 806//1042 807//1043
f 807//1043 895//996 891//992
f 892//993 895//996 808//1044
f 895//996 807//1043 808//1044
f 892//993 810//1045 811//1046
f 809//1047 797//1048 795//1049
f 809//1047 798//1050 797//1048
f 798//1050 809//1047 812//1051
f 799//1052 812//1051 801//1053
f 799//1052 798//1050 812//1051
f 896//997 796//1054 794//1055
f 896//997 811//1046 796//1054
f 796//1054 811//1046 809//1047
f 879//1056 793//1057 792//1058
f 792//1059 881//980 879//979
f 879//979 896//997 793//1060
f 896//997 794//1055 793//1060
f 881//980 790//1061 789//1062
f 791//1063 790//1061 881//980
f 789//1062 788//1064 885//985
f 885//985 788//1064 787//1065
f 787//1065 886//986 885//985
f 805//983 886//986 786//1066
f 802//987 884//984 803//1067
f 882//981 883//982 374//1068
f 880//454 882//981 375//451
f 387//453 376//458 880//454
f 378//456 390//468 376//458
f 893//994 391//1069 406//494
f 893//994 390//468 391//1069
f 893//994 376//458 390//468
f 894//995 420//493 407//495
f 894//995 406//494 420//493
f 890//990 408//498 422//497
f 890//990 409//500 411//501
f 890//990 422//497 409//500
f 876//976 411//501 410//503
f 905//1004 413//506 415//509
f 876//976 412//505 413//506
f 413//506 905//1004 876//976
f 826//1031 414//511 416//517
f 905//1004 415//509 414//511
f 414//511 826//1031 905//1004
f 904//1023 417//520 419//521
f 904//1023 432//518 417//520
f 902//1021 904//1023 433//526
f 903//1003 902//1021 435//528
f 435//528 436//527 903//1003
f 436//527 439//532 903//1003
f 898//999 903//1003 439//532
f 439//532 440//531 898//999
f 918//1070 916//1015 441//535
f 918//1070 450//1071 445//541
f 445//541 444//540 914//1014
f 913//1072 914//1014 444//540
f 444//540 447//557 913//1072
f 913//1072 447//557 784//554
f 912//1073 459//553 783//1074
f 909//1010 783//1074 458//558
f 906//1006 852//1075 910//1011
f 910//1011 909//1010 906//1006
f 907//1007 906//1006 458//558
f 850//1076 851//1009 907//1007
f 457//555 849//1077 850//1076
f 907//1007 457//555 850//1076
f 849//1077 848//1078 850//1076
f 908//1008 851//1009 852//1075
f 910//1011 852//1075 853//1079
f 910//1011 853//1079 854//1080
f 854//1080 911//1012 910//1011
f 856//1081 857//1082 913//1072
f 914//1014 857//1082 858//1083
f 857//1082 914//1014 913//1072
f 915//1013 914//1014 861//1084
f 861//1084 860//1085 915//1013
f 860//1085 859//1086 915//1013
f 899//1000 862//1087 864//1088
f 899//1000 918//1070 859//1086
f 859//1086 862//1087 899//1000
f 918//1070 915//1013 859//1086
f 863//1089 867//1090 919//1091
f 865//1092 864//1093 919//1091
f 864//1094 863//1089 919//1091
f 866//1095 837//1017 900//1001
f 900//1001 919//1091 867//1090
f 867//1090 866//1095 900//1001
f 837//1017 869//1096 868//1097
f 917//1098 868//1097 872//1099
f 836//1100 870//1101 871//1102
f 836//1100 872//1099 870//1101
f 871//1102 835//1103 836//1100
f 873//1104 834//1105 835//1103
f 835//1103 871//1102 873//1104
f 874//1106 832//1107 834//1105
f 834//1105 873//1104 874//1106
f 874//1106 833//1108 832//1107
f 833//1108 874//1106 875//1109
f 875//1109 840//1110 833//1108
f 847//1111 846//1112 840//1110
f 840//1110 875//1109 847//1111
f 836//1100 831//1113 872//1099
f 872//1099 831//1113 917//1098
f 868//1097 917//1098 837//1017
f 866//1095 869//1096 837//1017
f 864//1088 919//1091 899//1000
f 858//1083 861//1084 914//1014
f 854//1080 855//1114 911//1012
f 458//558 457//555 907//1007
f 458//558 906//1006 909//1010
f 783//1074 909//1010 912//1073
f 912//1073 784//554 459//553
f 784//554 912//1073 913//1072
f 445//541 915//1013 918//1070
f 441//535 450//1071 918//1070
f 440//531 441//535 916//1015
f 433//526 435//528 902//1021
f 419//521 433//526 904//1023
f 416//517 432//518 826//1031
f 410//503 412//505 876//976
f 406//494 894//995 893//994
f 374//1115 375//1116 882//981
f 374//1115 883//1117 887//1118
f 805//983 803//1067 884//984
f 787//1065 786//1066 886//986
f 789//1062 885//985 881//980
f 792//1059 791//1063 881//980
f 795//1049 796//1054 809//1047
f 799//1052 801//1053 800//1119
f 811//1046 896//997 892//993
f 808//1044 810//1045 892//993
f 821//1033 823//1034 877//977
f 844//1025 826//1031 432//518
f 845//1022 843//1024 902//1021
f 842//1020 845//1022 901//1002
f 841//1016 839//1018 900//1001
f 916//1015 918//1070 899//1000
f 440//531 916//1015 898//999
f 912//1073 856//1081 913//1072
f 912//1073 855//1114 856//1081
f 912//1073 911//1012 855//1114
f 911//1012 912//1073 909//1010
f 908//1008 852//1075 906//1006
f 877//977 876//976 905//1004
f 902//1021 903//1003 901//1002
f 899//1000 919//1091 900//1001
f 893//994 892//993 896//997
f 408//498 891//992 895//996
f 894//995 895//996 892//993
f 819//991 890//990 411//501
f 891//992 408//498 890//990
f 785//989 379//466 369//432
f 802//987 370//435 889//436
f 804//988 369//432 370//435
f 805//983 372//437 888//438
f 885//985 373//439 887//441
f 885//985 887//441 883//982
f 886//986 888//438 373//439
f 884//984 889//436 372//437
f 880//454 879//979 881//980
f 376//458 893//994 879//979
f 878//978 411//501 876//976
f 457//555 920//1120 921//1121
f 457//555 922//1122 923//1123
f 923//1123 920//1120 457//555
f 961//1124 924//1125 967//1126
f 961//1124 496//606 963//1127
f 963//1127 924//1125 961//1124
f 496//606 508//644 963//1127
f 456//552 926//1128 927//1129
f 456//552 927//1129 928//1130
f 925//556 928//1130 930//1131
f 925//556 930//1131 929//1132
f 929//1132 457//555 925//556
f 457//555 929//1132 931//1133
f 457//555 931//1133 922//1122
f 928//1130 925//556 456//552
f 1003//1134 985//1135 986//1136
f 1002//1137 984//1138 985//1135
f 1005//1139 987//1140 975//1141
f 1004//1142 986//1136 987//1140
f 985//1135 1003//1134 1002//1137
f 932//1143 983//1144 984//1138
f 1000//1145 981//1146 982//1147
f 594//741 647//817 981//1146
f 987//1140 1005//1139 1004//1142
f 984//1138 1002//1137 932//1143
f 1001//1148 982//1147 983//1144
f 981//1146 1000//1145 594//741
f 986//1136 1004//1142 1003//1134
f 982//1147 1001//1148 1000//1145
f 983//1144 932//1143 1001//1148
f 975//1141 999//1149 1005//1139
f 938//1150 936//1151 937//1152
f 936//1153 938//1154 933//1155
f 934//1156 933//1155 938//1154
f 935//1157 934//1156 949//1158
f 949//1158 938//1154 939//1159
f 941//1160 939//1161 940//1162
f 949//1158 939//1159 950//1163
f 950//1163 942//1164 943//1165
f 951//1166 943//1165 945//1167
f 952//1168 945//1167 944//1169
f 951//1166 945//1167 952//1168
f 946//1170 947//1171 952//1168
f 926//1128 947//1171 948//1172
f 948//1172 927//1129 926//1128
f 952//1168 947//1171 951//1166
f 943//1165 951//1166 950//1163
f 942//1164 950//1163 941//1173
f 941//1173 950//1163 939//1159
f 938//1154 949//1158 934//1156
f 934//1156 1456//1174 933//1155
f 496//606 961//1124 1177//1175
f 1177//1175 494//549 496//606
f 953//1176 506//214 88//212
f 506//214 953//1176 962//1177
f 507//642 962//1177 963//1178
f 508//1179 963//1180 962//1181
f 954//1182 964//1183 953//1176
f 962//1177 953//1176 964//1183
f 963//1184 962//1177 965//1185
f 957//1186 964//1183 955//1187
f 965//1185 964//1183 957//1186
f 956//1188 968//1189 957//1186
f 966//1190 957//1186 968//1189
f 967//1126 966//1190 969//1191
f 959//1192 968//1189 958//1193
f 969//1191 968//1189 959//1192
f 967//1126 969//1191 961//1124
f 1178//1194 960//1195 961//1124
f 1178//1194 961//1124 969//1191
f 960//1196 1178//1197 969//1198
f 959//1192 1178//1199 969//1191
f 968//1189 969//1191 966//1190
f 966//1190 967//1126 965//1185
f 957//1186 966//1190 965//1185
f 964//1183 965//1185 962//1177
f 963//1178 508//644 507//642
f 962//1177 507//642 506//214
f 981//1146 970//1200 971//1201
f 971//1201 976//1202 981//1146
f 979//1203 980//1204 973//1205
f 647//817 645//874 981//1146
f 982//1147 976//1202 972//1206
f 983//1144 972//1206 977//1207
f 984//1138 977//1207 978//1208
f 985//1135 978//1208 980//1204
f 986//1136 980//1204 979//1203
f 987//1140 979//1203 974//1209
f 974//1209 975//1141 987//1140
f 979//1203 987//1140 986//1136
f 980//1204 986//1136 985//1135
f 978//1208 985//1135 984//1138
f 977//1207 984//1138 983//1144
f 972//1206 983//1144 982//1147
f 976//1202 982//1147 981//1146
f 645//874 970//1200 981//1146
f 992//1210 991//1211 989//1212
f 992//1210 989//1212 993//1213
f 993//1213 989//1212 975//1141
f 993//1213 975//1141 974//1209
f 990//1214 991//1211 988//1215
f 1006//1216 932//1143 1002//1137
f 1007//1217 1000//1145 1001//1148
f 1008//1218 1001//1148 1006//1216
f 1009//1219 1002//1137 1003//1134
f 996//1220 1003//1134 1004//1142
f 1010//1221 1004//1142 1005//1139
f 1011//1222 1005//1139 999//1149
f 592//802 594//741 1007//1217
f 1007//1223 1008//1224 994//1225
f 995//1226 1006//1227 1009//1228
f 996//1220 1010//1221 997//1229
f 998//1230 1011//1231 1021//1232
f 999//1149 1021//1233 1011//1222
f 1005//1139 1011//1222 1010//1221
f 1004//1142 1010//1221 996//1220
f 1003//1134 996//1220 1009//1219
f 1002//1137 1009//1219 1006//1216
f 1001//1148 1008//1218 1007//1217
f 1000//1145 1007//1217 594//741
f 932//1143 1006//1216 1001//1148
f 990//1214 1016//1234 1012//1235
f 1012//1235 991//1211 990//1214
f 1019//1236 989//1212 991//1211
f 989//1212 1019//1236 1013//1237
f 975//1141 1020//1238 999//1149
f 975//1141 1013//1237 1020//1238
f 1013//1237 975//1141 989//1212
f 991//1211 1012//1235 1019//1236
f 990//1214 988//1215 1014//1239
f 1014//1239 1055//1240 990//1214
f 1016//1234 1015//1241 1018//1242
f 1020//1238 1019//1236 1017//1243
f 1013//1237 1019//1236 1020//1238
f 1021//1233 999//1149 1020//1238
f 1019//1236 1012//1235 1018//1242
f 1017//1243 1019//1236 1018//1242
f 1018//1242 1012//1235 1016//1234
f 1055//1240 1056//1244 1016//1234
f 1016//1234 990//1214 1055//1240
f 1037//1245 1022//1246 1023//1247
f 1025//1248 1024//1249 1038//1250
f 1027//1251 1026//1252 1039//1253
f 1039//1253 1028//1254 1040//1255
f 1043//1256 1041//1257 1044//1258
f 1044//1259 1045//1260 1046//1261
f 1044//1258 1030//1262 1029//1263
f 1030//1262 1045//1264 1046//1265
f 1047//1266 1030//1262 1046//1265
f 1047//1266 1031//1267 1048//1268
f 1050//1269 1049//1270 1051//1271
f 1032//1272 1050//1273 1051//1274
f 1054//1275 1035//1276 1055//1240
f 1055//1240 1014//1239 1054//1275
f 1035//1276 1054//1275 1053//1277
f 1035//1276 1053//1277 1034//1278
f 1049//1270 1050//1269 1048//1268
f 1031//1267 1047//1266 1046//1265
f 1029//1263 1036//1279 1044//1258
f 1045//1264 1030//1262 1044//1258
f 1044//1258 1036//1279 1043//1256
f 1041//1257 1043//1256 1042//1280
f 1041//1257 1042//1280 1040//1255
f 1026//1252 1028//1254 1039//1253
f 1026//1252 1027//1251 1038//1250
f 1024//1249 1025//1248 1037//1245
f 1015//1241 1056//1244 1057//1281
f 1056//1244 1015//1241 1016//1234
f 1023//1247 1022//1246 1100//1282
f 1067//1283 1100//1282 1022//1246
f 1100//1282 1058//1284 1037//1245
f 1058//1284 1024//1249 1037//1245
f 1037//1245 1023//1247 1100//1282
f 1097//1285 1038//1250 1024//1249
f 1058//1284 1097//1285 1024//1249
f 1026//1252 1038//1250 1095//1286
f 1028//1254 1093//1287 1091//1288
f 1091//1288 1089//1289 1040//1255
f 1041//1257 1040//1255 1089//1289
f 1089//1289 1088//1290 1041//1257
f 1044//1258 1041//1257 1088//1290
f 1088//1290 1059//1291 1044//1258
f 1085//1292 1083//1293 1045//1294
f 1044//1258 1059//1291 1085//1292
f 1046//1265 1045//1294 1083//1293
f 1045//1294 1044//1258 1085//1292
f 1081//1295 1031//1267 1046//1265
f 1081//1295 1078//1296 1048//1268
f 1078//1296 1049//1270 1048//1268
f 1051//1271 1049//1270 1075//1297
f 1075//1297 1060//1298 1051//1271
f 1060//1298 1073//1299 1033//1300
f 1033//1300 1051//1271 1060//1298
f 1052//1301 1072//1302 1061//1303
f 1073//1299 1072//1302 1052//1301
f 1052//1301 1033//1300 1073//1299
f 1035//1276 1034//1278 1070//1304
f 1034//1278 1061//1303 1070//1304
f 1055//1240 1035//1276 1062//1305
f 1062//1305 1056//1244 1055//1240
f 1070//1304 1062//1305 1035//1276
f 1061//1303 1034//1278 1052//1301
f 1049//1270 1078//1296 1075//1297
f 1048//1268 1031//1267 1081//1295
f 1046//1265 1083//1293 1081//1295
f 1040//1255 1028//1254 1091//1288
f 1093//1287 1028//1254 1026//1252
f 1095//1286 1093//1287 1026//1252
f 1097//1285 1095//1286 1038//1250
f 1057//1281 1056//1244 1062//1305
f 1069//1306 1062//1305 1070//1304
f 1061//1303 1072//1302 1070//1304
f 1071//1307 1070//1304 1072//1302
f 1072//1302 1074//1308 1064//1309
f 1074//1308 1073//1299 1060//1298
f 1076//1310 1060//1298 1077//1311
f 1077//1311 1075//1297 1078//1296
f 1079//1312 1078//1296 1080//1313
f 1082//1314 1081//1295 1083//1293
f 1084//1315 1083//1293 1085//1292
f 1088//1316 1085//1317 1059//1318
f 1087//1319 1059//1320 1088//1290
f 1065//1321 1088//1290 1089//1289
f 1090//1322 1089//1289 1091//1288
f 1092//1323 1091//1288 1093//1287
f 1094//1324 1093//1287 1095//1286
f 1096//1325 1095//1286 1097//1285
f 1098//1326 1097//1285 1058//1284
f 1099//1327 1058//1284 1100//1282
f 1102//1328 1100//1282 1068//1329
f 1100//1282 1067//1283 1068//1329
f 1100//1282 1102//1328 1101//1330
f 1100//1282 1101//1330 1099//1327
f 1058//1284 1099//1327 1098//1326
f 1098//1326 1066//1331 1096//1325
f 1097//1285 1098//1326 1096//1325
f 1095//1286 1096//1325 1094//1324
f 1093//1287 1094//1324 1092//1323
f 1091//1288 1092//1323 1090//1322
f 1089//1289 1090//1322 1065//1321
f 1088//1290 1065//1321 1087//1319
f 1059//1320 1087//1319 1085//1292
f 1087//1319 1086//1332 1084//1315
f 1085//1292 1087//1319 1084//1315
f 1083//1293 1084//1315 1082//1314
f 1081//1295 1082//1314 1080//1313
f 1081//1295 1080//1313 1078//1296
f 1078//1296 1079//1312 1077//1311
f 1075//1297 1077//1311 1060//1298
f 1060//1298 1076//1310 1074//1308
f 1073//1299 1074//1308 1072//1302
f 1070//1304 1071//1307 1069//1306
f 1062//1305 1069//1306 1057//1281
f 1110//1333 1067//1283 1022//1246
f 1022//1246 1063//1334 1110//1333
f 1104//1335 1106//1336 1103//1337
f 1107//1338 1104//1335 1108//1339
f 1109//1340 1105//1341 1063//1334
f 1108//1339 1109//1340 1107//1338
f 1104//1335 1107//1338 1106//1336
f 1173//1342 1068//1329 1067//1283
f 1067//1283 1110//1333 1173//1342
f 1068//1329 1173//1342 1170//1343
f 1154//1344 1111//1345 1104//1335
f 1104//1335 1103//1337 1154//1344
f 1111//1345 1174//1346 1108//1339
f 1109//1340 1108//1339 1174//1346
f 1174//1346 1063//1334 1105//1341
f 1174//1346 1110//1333 1063//1334
f 1105//1341 1109//1340 1174//1346
f 1108//1339 1104//1335 1111//1345
f 1113//1347 1103//1337 1112//1348
f 1103//1337 1106//1336 1112//1348
f 1120//1349 1123//1350 1115//1351
f 1122//1352 1121//1353 1117//1354
f 1118//1355 646//837 1122//1356
f 1124//1357 1113//1347 1114//1358
f 1125//1359 1114//1358 1123//1350
f 1126//1360 1120//1349 1116//1361
f 1127//1362 1116//1361 1121//1363
f 1128//1364 1121//1363 1122//1356
f 1119//1365 1122//1356 646//837
f 1122//1356 1119//1365 1128//1364
f 1121//1363 1128//1364 1127//1362
f 1116//1361 1127//1362 1126//1360
f 1120//1349 1126//1360 1123//1350
f 1114//1358 1125//1359 1124//1357
f 1113//1347 1124//1357 1103//1337
f 1115//1351 1123//1350 1114//1358
f 1129//1366 1169//1367 1130//1368
f 1169//1367 545//682 1130//1368
f 1129//1366 1132//1369 1281//1370
f 1281//1370 1131//1371 1129//1366
f 1131//1371 1281//1370 1133//1372
f 1133//1372 1168//1373 1131//1371
f 1133//1372 1134//1374 1168//1373
f 1135//1375 1167//1376 1136//1377
f 1136//1377 1138//1378 1135//1375
f 1134//1374 1136//1377 1167//1376
f 1167//1376 1168//1373 1134//1374
f 1165//1379 1138//1378 1137//1380
f 1138//1378 1165//1379 1135//1375
f 1139//1381 997//1229 1011//1382
f 1011//1382 1140//1383 1139//1381
f 996//1220 997//1229 1139//1381
f 1139//1381 1141//1384 996//1220
f 1006//1216 1009//1219 1142//1385
f 1143//1386 1142//1385 1009//1219
f 1009//1219 996//1220 1143//1386
f 1008//1218 1144//1387 1145//1388
f 1006//1216 1142//1385 1144//1387
f 1144//1387 1008//1218 1006//1216
f 1145//1388 1007//1217 1008//1218
f 51//1389 592//802 1007//1217
f 1007//1217 1145//1388 51//1389
f 1071//1390 1147//1391 1146//1392
f 1140//1383 1057//1281 1071//1390
f 1057//1281 1021//1393 1017//1394
f 1057//1281 1011//1382 1021//1393
f 1017//1394 1015//1241 1057//1281
f 1057//1281 1140//1383 1011//1382
f 1077//1395 1148//1396 1147//1391
f 1148//1396 1077//1395 1080//1397
f 1147//1391 1074//1398 1077//1395
f 1147//1391 1071//1390 1074//1398
f 1150//1399 1149//1400 1086//1401
f 1080//1397 1086//1401 1149//1400
f 1149//1400 1148//1396 1080//1397
f 1086//1401 1090//1402 1150//1399
f 1151//1403 1094//1404 1066//1405
f 1151//1403 1090//1402 1094//1404
f 1090//1402 1151//1403 1150//1399
f 1172//1406 1155//1407 1170//1343
f 1165//1379 1068//1329 1170//1343
f 1165//1379 1152//1408 1101//1409
f 1101//1409 1068//1329 1165//1379
f 1066//1405 1152//1408 1151//1403
f 1066//1405 1101//1409 1152//1408
f 545//682 525//684 1130//1368
f 1170//1343 1155//1407 1165//1379
f 1146//1392 1140//1383 1071//1390
f 996//1220 1141//1384 1143//1386
f 1137//1380 1152//1408 1165//1379
f 1130//1368 1132//1369 1129//1366
f 1161//1410 1160//1411 1127//1362
f 1160//1411 1159//1412 1126//1360
f 1162//1413 1161//1410 1128//1364
f 1126//1360 1127//1362 1160//1411
f 1159//1412 1158//1414 1123//1350
f 1158//1414 1157//1415 1125//1359
f 1127//1362 1128//1364 1161//1410
f 1125//1359 1123//1350 1158//1414
f 1123//1350 1126//1360 1159//1412
f 1157//1415 1156//1416 1124//1357
f 1124//1357 1125//1359 1157//1415
f 1156//1416 1154//1344 1103//1337
f 593//742 1162//1413 1119//1365
f 1103//1337 1124//1357 1156//1416
f 1128//1364 1119//1365 1162//1413
f 1119//1365 646//837 593//742
f 1169//1367 1162//1413 593//742
f 1165//1417 1155//1418 1154//1344
f 1165//1417 1156//1416 1157//1415
f 1166//1419 1157//1415 1158//1414
f 1167//1376 1158//1414 1159//1412
f 1168//1373 1159//1412 1160//1411
f 1163//1420 1160//1421 1161//1422
f 1164//1423 1161//1424 1162//1425
f 1155//1426 1165//1427 1153//1428
f 1135//1375 1166//1419 1167//1376
f 1168//1373 1163//1429 1131//1371
f 1163//1429 1160//1430 1131//1371
f 1160//1431 1163//1420 1164//1432
f 1129//1366 1164//1423 1169//1367
f 1129//1366 1161//1433 1164//1423
f 1164//1432 1161//1434 1160//1431
f 593//742 545//682 1169//1367
f 1162//1425 1169//1367 1164//1423
f 1161//1422 1164//1432 1163//1420
f 1160//1411 1163//1429 1168//1373
f 1159//1412 1168//1373 1167//1376
f 1158//1414 1167//1376 1166//1419
f 1157//1415 1166//1419 1165//1417
f 1154//1344 1156//1416 1165//1417
f 1169//1435 1162//1436 1161//1437
f 1111//1345 1171//1438 1172//1439
f 1111//1345 1172//1439 1174//1346
f 1173//1342 1110//1333 1174//1346
f 1173//1342 1174//1346 1172//1439
f 1171//1438 1111//1345 1155//1418
f 1155//1418 1111//1345 1154//1344
f 961//1124 1175//1440 1177//1175
f 961//1124 1176//1441 1175//1440
f 1178//1199 1176//1441 960//1195
f 961//1124 960//1195 1176//1441
f 1179//1442 935//1157 949//1158
f 949//1158 1180//1443 1179//1442
f 935//1157 1179//1442 1185//1444
f 1181//1445 1180//1443 950//1163
f 1207//1446 1181//1445 950//1163
f 949//1158 950//1163 1180//1443
f 950//1163 951//1166 1207//1446
f 1182//1447 1183//1448 947//1171
f 951//1166 947//1171 1184//1449
f 926//1128 1177//1175 1182//1447
f 1183//1448 1184//1449 947//1171
f 951//1166 1184//1449 1207//1446
f 947//1171 926//1128 1182//1447
f 494//549 1177//1175 926//1128
f 926//1128 456//552 494//549
f 1185//1444 1179//1442 1199//1450
f 1199//1450 1188//1451 1186//1452
f 1187//1453 1186//1452 1188//1451
f 1187//1453 1198//1454 1186//1452
f 1188//1451 1199//1450 1190//1455
f 1188//1451 1190//1455 1189//1456
f 1200//1457 1179//1442 1201//1458
f 1190//1455 1200//1457 1202//1459
f 1202//1460 1201//1461 1204//1462
f 1191//1463 1202//1464 1206//1465
f 1203//1466 1181//1445 1207//1446
f 1204//1462 1203//1466 1208//1467
f 1206//1468 1204//1462 1208//1467
f 1205//1469 1206//1468 1209//1470
f 1206//1465 1205//1469 1210//1471
f 1192//1472 1206//1465 1210//1471
f 1209//1470 1208//1467 1211//1473
f 1210//1471 1209//1470 1213//1474
f 1210//1471 1213//1475 1193//1476
f 1211//1473 1207//1446 1184//1449
f 1213//1474 1211//1473 1215//1477
f 1212//1478 1213//1479 1215//1480
f 1214//1481 1184//1449 1216//1482
f 1215//1477 1214//1481 1217//1483
f 1184//1484 1216//1485 1183//1486
f 1217//1487 1216//1488 1218//1489
f 1217//1490 1216//1491 1219//1492
f 1194//1493 1217//1483 1219//1494
f 1218//1495 1183//1496 1182//1497
f 1219//1498 1218//1499 1220//1500
f 1219//1494 1218//1501 1221//1502
f 1195//1503 1219//1494 959//1192
f 1195//1503 959//1192 1196//1504
f 959//1192 1197//1505 1196//1504
f 1220//1506 1182//1447 1177//1175
f 1221//1502 1220//1506 1176//1441
f 1176//1441 1178//1199 959//1192
f 959//1192 1221//1502 1176//1441
f 1177//1175 1176//1441 1220//1506
f 1221//1502 959//1192 1219//1494
f 1220//1506 1221//1502 1218//1501
f 1182//1497 1220//1507 1218//1495
f 1220//1508 1182//1509 1183//1496
f 1219//1494 1195//1503 1194//1493
f 1218//1489 1219//1510 1217//1487
f 1218//1511 1219//1492 1216//1491
f 1183//1496 1218//1495 1216//1512
f 1217//1483 1194//1493 1215//1477
f 1216//1482 1217//1483 1214//1481
f 1215//1477 1194//1493 1213//1475
f 1214//1481 1215//1477 1211//1473
f 1184//1449 1214//1481 1211//1473
f 1212//1513 1213//1514 1210//1515
f 1211//1473 1213//1474 1209//1470
f 1207//1446 1211//1473 1208//1467
f 1209//1470 1210//1471 1205//1469
f 1208//1467 1209//1470 1206//1468
f 1207//1446 1208//1467 1203//1466
f 1205//1516 1206//1517 1202//1518
f 1204//1462 1206//1468 1202//1460
f 1203//1466 1204//1462 1201//1461
f 1181//1445 1203//1466 1201//1461
f 1202//1464 1191//1463 1190//1455
f 1201//1519 1202//1520 1190//1521
f 1201//1458 1202//1459 1200//1457
f 1200//1457 1190//1455 1199//1450
f 1179//1442 1200//1457 1199//1450
f 1186//1452 1185//1444 1199//1450
f 1223//1522 1224//1523 1275//1524
f 1275//1524 1479//1525 1223//1522
f 935//1157 1185//1444 1224//1523
f 1224//1523 1223//1522 935//1157
f 1225//1526 1226//1527 1480//1528
f 1226//1527 1227//1529 1480//1528
f 1479//1525 1222//1530 1225//1526
f 1225//1526 1480//1528 1479//1525
f 1227//1529 1228//1531 1229//1532
f 1267//1533 1482//1534 1227//1529
f 1227//1529 1229//1532 1267//1533
f 1230//1535 1231//1536 1482//1534
f 1482//1534 1267//1533 1230//1535
f 1230//1535 1232//1537 1231//1536
f 1483//1538 1231//1536 1232//1537
f 1232//1537 1262//1539 1483//1538
f 1483//1538 1262//1539 1233//1540
f 1235//1541 1236//1542 1237//1543
f 1237//1543 1234//1544 1235//1541
f 1238//1545 1486//1546 1256//1547
f 1486//1546 1235//1541 1256//1547
f 1240//1548 1239//1549 1238//1545
f 1238//1545 1256//1547 1240//1548
f 1241//1550 1242//1551 1239//1549
f 1241//1550 1243//1552 1488//1553
f 1243//1552 1475//1554 1488//1553
f 1488//1553 1242//1551 1241//1550
f 1239//1549 1240//1548 1241//1550
f 1486//1546 1236//1542 1235//1541
f 1234//1544 1237//1543 1233//1540
f 1226//1527 1228//1531 1227//1529
f 1479//1525 1275//1524 1222//1530
f 1244//1555 1243//1552 1252//1556
f 1252//1556 1245//1557 1244//1555
f 1247//1558 1246//1559 1245//1557
f 1247//1558 1252//1556 1254//1560
f 1253//1561 1240//1548 1256//1547
f 1254//1560 1253//1561 1255//1562
f 1255//1562 1256//1547 1257//1563
f 1259//1564 1255//1562 1258//1565
f 1257//1563 1235//1541 1234//1544
f 1258//1565 1257//1563 1261//1566
f 1233//1540 1262//1539 1234//1544
f 1260//1567 1234//1544 1263//1568
f 1261//1569 1260//1570 1262//1571
f 1261//1566 1260//1572 1263//1573
f 1248//1574 1261//1566 1249//1575
f 1263//1576 1262//1539 1232//1537
f 1262//1577 1263//1576 1264//1578
f 1249//1575 1263//1573 1264//1579
f 1264//1579 1232//1537 1230//1535
f 1265//1580 1230//1535 1267//1533
f 1266//1581 1265//1580 1269//1582
f 1268//1583 1267//1533 1270//1584
f 1269//1585 1268//1586 1270//1587
f 1269//1588 1268//1589 1271//1590
f 1272//1591 1270//1592 1228//1593
f 1271//1590 1270//1592 1273//1594
f 1273//1594 1272//1591 1274//1595
f 1222//1530 1275//1524 1225//1526
f 1274//1596 1225//1597 1275//1598
f 1274//1595 1225//1599 1276//1600
f 1250//1601 1274//1595 1276//1600
f 1250//1601 1277//1602 1251//1603
f 1276//1600 1275//1524 1278//1604
f 1277//1602 1276//1600 1198//1454
f 1185//1444 1278//1604 1224//1523
f 1198//1454 1278//1604 1186//1452
f 1185//1444 1186//1452 1278//1604
f 1278//1604 1198//1454 1276//1600
f 1224//1523 1278//1604 1275//1524
f 1276//1600 1277//1602 1250//1601
f 1275//1524 1276//1600 1225//1599
f 1274//1595 1250//1601 1273//1594
f 1225//1599 1274//1595 1272//1591
f 1272//1591 1273//1594 1270//1592
f 1270//1592 1271//1590 1268//1589
f 1268//1589 1269//1605 1266//1606
f 1268//1583 1269//1582 1265//1580
f 1267//1533 1268//1583 1265//1580
f 1266//1581 1249//1575 1264//1579
f 1265//1580 1266//1581 1264//1579
f 1230//1535 1265//1580 1264//1579
f 1232//1537 1264//1579 1263//1576
f 1263//1573 1249//1575 1261//1566
f 1262//1607 1263//1608 1260//1572
f 1262//1539 1263//1568 1234//1544
f 1261//1566 1248//1574 1258//1565
f 1260//1567 1261//1566 1257//1563
f 1234//1544 1260//1567 1257//1563
f 1257//1563 1258//1565 1255//1562
f 1235//1541 1257//1563 1256//1547
f 1255//1562 1259//1564 1254//1560
f 1256//1547 1255//1562 1253//1561
f 1253//1561 1254//1560 1252//1556
f 1240//1548 1253//1561 1252//1556
f 1245//1557 1252//1556 1247//1558
f 1301//1609 1302//1610 1334//1611
f 1303//1612 1299//1613 1304//1614
f 1305//1615 1306//1616 1307//1617
f 1251//1603 1305//1615 1307//1617
f 1308//1618 1309//1619 1310//1620
f 1311//1621 1312//1622 1309//1619
f 1306//1616 1311//1621 1313//1623
f 1314//1624 1315//1625 1316//1626
f 1315//1625 1308//1618 1316//1626
f 1314//1624 1317//1627 1302//1610
f 1307//1617 1319//1628 1318//1629
f 1320//1630 1321//1631 1299//1613
f 1320//1630 1307//1617 1318//1629
f 1322//1632 1323//1633 1309//1619
f 1313//1623 1309//1619 1323//1633
f 1324//1634 1325//1635 1315//1625
f 1325//1635 1322//1632 1308//1618
f 1324//1634 1314//1624 1301//1609
f 1326//1636 1301//1609 1333//1637
f 1327//1638 1328//1639 1329//1640
f 1330//1641 1331//1642 1332//1643
f 1333//1637 1334//1611 1335//1644
f 1336//1645 1329//1640 1331//1642
f 1331//1642 1338//1646 1339//1647
f 1340//1648 1333//1637 1332//1643
f 1341//1649 1326//1636 1340//1648
f 1344//1650 1319//1628 1343//1651
f 1299//1613 1342//1652 1300//1653
f 1321//1631 1345//1654 1299//1613
f 1318//1629 1344//1650 1345//1654
f 1346//1655 1323//1633 1322//1632
f 1346//1655 1343//1651 1323//1633
f 1343//1651 1319//1628 1323//1633
f 1347//1656 1325//1635 1324//1634
f 1348//1657 1322//1632 1325//1635
f 1349//1658 1324//1634 1326//1636
f 1344//1650 1343//1651 1147//1391
f 1342//1652 1148//1396 1284//1659
f 1345//1654 1350//1660 1342//1652
f 1342//1652 1350//1660 1148//1396
f 1147//1391 1148//1396 1350//1660
f 1350//1660 1344//1650 1147//1391
f 1140//1383 1346//1655 1348//1657
f 1343//1651 1346//1655 1146//1392
f 1139//1381 1347//1656 1349//1658
f 1348//1657 1347//1656 1140//1383
f 1347//1656 1139//1381 1140//1383
f 1349//1658 1341//1649 1141//1384
f 1141//1384 1139//1381 1349//1658
f 1141//1384 1341//1649 1351//1661
f 1351//1661 1143//1386 1141//1384
f 1328//1639 1352//1662 1353//1663
f 1351//1661 1340//1648 1339//1647
f 1329//1640 1353//1663 1338//1646
f 1337//1664 1354//1665 1352//1662
f 1145//1388 1353//1663 1352//1662
f 1339//1647 1338//1646 1282//1666
f 1338//1646 1144//1387 1282//1666
f 1339//1647 1142//1385 1143//1386
f 1143//1386 1351//1661 1339//1647
f 1338//1646 1353//1663 1144//1387
f 1353//1663 1145//1388 1144//1387
f 1354//1665 1283//1667 1145//1388
f 1145//1388 1352//1662 1354//1665
f 1297//1668 1355//1669 1356//1670
f 1292//1671 1357//1672 1358//1673
f 1359//1674 1360//1675 1361//1676
f 1360//1675 1359//1674 1358//1673
f 1359//1674 1362//1677 1358//1673
f 1357//1672 1363//1678 1364//1679
f 1368//1680 1365//1681 1366//1682
f 1367//1683 1366//1682 1357//1672
f 1368//1680 1356//1670 1365//1681
f 1365//1681 1370//1684 1369//1685
f 1366//1682 1369//1685 1363//1678
f 1356//1670 1371//1686 1370//1684
f 1360//1675 1372//1687 1373//1688
f 1364//1679 1374//1689 1372//1687
f 1372//1687 1375//1690 1376//1691
f 1376//1691 1375//1690 1130//1368
f 1374//1689 1377//1692 1375//1690
f 1375//1690 1377//1692 1132//1369
f 1378//1693 1379//1694 1377//1692
f 1370//1684 1383//1695 1380//1696
f 1363//1678 1378//1693 1374//1689
f 1369//1685 1380//1696 1363//1678
f 1380//1696 1381//1697 1378//1693
f 1383//1695 1382//1698 1381//1697
f 1383//1695 1370//1684 1371//1686
f 1384//1699 1382//1698 1383//1695
f 1381//1697 1382//1698 1386//1700
f 1386//1700 1385//1701 1381//1697
f 1379//1694 1281//1370 1132//1369
f 1132//1369 1377//1692 1379//1694
f 1381//1697 1385//1701 1379//1694
f 1379//1694 1385//1701 1281//1370
f 1385//1701 1386//1700 1134//1374
f 1386//1700 1382//1698 1384//1699
f 1387//1702 1136//1377 1134//1374
f 1134//1374 1386//1700 1387//1702
f 1389//1703 1519//1704 1246//1559
f 1355//1669 1298//1705 1390//1706
f 1391//1707 1390//1706 1519//1704
f 1397//1708 1395//1709 1392//1710
f 1393//1711 1355//1669 1391//1707
f 1394//1712 1391//1707 1389//1703
f 1395//1709 1397//1708 1396//1713
f 1258//1565 1398//1714 1399//1715
f 1248//1574 1400//1716 1398//1714
f 1387//1702 1402//1717 1401//1718
f 1403//1719 1392//1710 1395//1709
f 1404//1720 1393//1711 1394//1712
f 1388//1721 1371//1686 1393//1711
f 1405//1722 1394//1712 1392//1710
f 1406//1723 1404//1720 1405//1722
f 1402//1717 1388//1721 1404//1720
f 1407//1724 1405//1722 1403//1719
f 1395//1709 1408//1725 1409//1726
f 1399//1715 1410//1727 1408//1725
f 1408//1725 1411//1728 1412//1729
f 1387//1702 1401//1718 1138//1378
f 1413//1730 1406//1723 1407//1724
f 1401//1718 1402//1717 1406//1723
f 1414//1731 1407//1724 1409//1726
f 1414//1731 1286//1732 1137//1380
f 1414//1731 1412//1729 1286//1732
f 1138//1378 1401//1718 1413//1730
f 1411//1728 1287//1733 1286//1732
f 1286//1732 1412//1729 1411//1728
f 1410//1727 1415//1734 1411//1728
f 1411//1728 1415//1734 1287//1733
f 1415//1734 1285//1735 1287//1733
f 1304//1614 1300//1653 1400//1716
f 1398//1714 1416//1736 1410//1727
f 1400//1716 1417//1737 1416//1736
f 1300//1653 1284//1659 1417//1737
f 1415//1734 1416//1736 1285//1735
f 1150//1738 1285//1735 1416//1736
f 1416//1736 1417//1737 1150//1738
f 1150//1738 1417//1737 1284//1659
f 1418//1739 1419//1740 1193//1476
f 1426//1741 1418//1739 1420//1742
f 1426//1741 1194//1493 1421//1743
f 1425//1744 1422//1745 1192//1472
f 1422//1745 1423//1746 1424//1747
f 1428//1748 1425//1744 1418//1739
f 1316//1626 1310//1620 1422//1745
f 1427//1749 1423//1746 1312//1622
f 1188//1451 1427//1749 1311//1621
f 1310//1620 1312//1622 1423//1746
f 1317//1627 1316//1626 1425//1744
f 1426//1741 1430//1750 1441//1751
f 1441//1751 1428//1748 1426//1741
f 1421//1743 1197//1505 1429//1752
f 1426//1741 1421//1743 1431//1753
f 1432//1754 1430//1750 1431//1753
f 1431//1753 1433//1755 1432//1754
f 1434//1756 1435//1757 1432//1754
f 1436//1758 1437//1759 1438//1760
f 1336//1645 1438//1760 1327//1638
f 1302//1610 1428//1748 1441//1751
f 1435//1757 1439//1761 1440//1762
f 1441//1751 1432//1754 1440//1762
f 1442//1763 1336//1645 1439//1761
f 1439//1761 1330//1641 1335//1644
f 1334//1611 1441//1751 1440//1762
f 1437//1759 1337//1664 1327//1638
f 61//134 35//1764 1337//1664
f 1279//1765 34//1766 1337//1664
f 34//1766 1280//1767 1354//1665
f 1280//1767 51//1768 1283//1667
f 1283//1667 1354//1665 1280//1767
f 1376//1691 1130//1368 1288//1769
f 1130//1368 525//684 1288//1769
f 1373//1688 1376//1691 50//82
f 50//82 48//81 1373//1688
f 48//81 1361//1676 1373//1688
f 1289//1770 1361//1676 42//1771
f 1362//1677 1359//1674 1290//1772
f 1292//1671 1362//1677 1291//1773
f 1293//1774 1367//1683 1292//1671
f 1294//1775 1368//1680 1367//1683
f 1297//1668 1368//1680 1296//1776
f 1390//1706 1298//1705 1519//1704
f 1246//1559 1247//1558 1397//1708
f 1397//1708 1247//1558 1254//1560
f 1397//1708 1254//1560 1259//1564
f 1396//1713 1259//1564 1258//1565
f 1249//1575 1304//1614 1248//1574
f 1303//1612 1269//1588 1271//1590
f 1304//1614 1266//1581 1269//1588
f 1269//1588 1303//1612 1304//1614
f 1320//1630 1271//1777 1250//1601
f 1320//1630 1303//1612 1273//1778
f 1273//1778 1271//1777 1320//1630
f 1305//1615 1251//1603 1198//1779
f 1306//1616 1305//1615 1198//1779
f 1198//1779 1188//1451 1306//1616
f 1424//1747 1423//1746 1190//1455
f 1423//1746 1427//1749 1189//1456
f 1189//1456 1190//1455 1423//1746
f 1192//1472 1424//1747 1191//1463
f 1191//1463 1206//1465 1192//1472
f 1419//1740 1192//1472 1210//1471
f 1193//1476 1213//1475 1420//1742
f 1421//1743 1194//1493 1195//1503
f 1197//1505 959//1192 956//1780
f 1429//1752 964//1183 1433//1755
f 1433//1755 964//1183 954//1182
f 953//1176 1436//1758 1434//1756
f 1434//1756 954//1182 953//1176
f 1436//1758 1442//1763 1435//1757
f 1435//1757 1434//1756 1436//1758
f 88//212 1437//1759 1436//1758
f 1437//1759 88//212 61//134
f 1436//1758 953//1176 88//212
f 954//1182 1434//1756 1433//1755
f 956//1780 964//1183 1429//1752
f 956//1780 1429//1752 1197//1505
f 1195//1503 1197//1505 1421//1743
f 1213//1475 1194//1493 1420//1742
f 1210//1471 1193//1476 1419//1740
f 1190//1455 1191//1463 1424//1747
f 1188//1451 1189//1456 1427//1749
f 1250//1601 1251//1603 1320//1630
f 1271//1590 1273//1778 1303//1612
f 1249//1575 1266//1581 1304//1614
f 1259//1564 1396//1713 1397//1708
f 1453//1781 1246//1559 1519//1704
f 1295//1782 1296//1776 1368//1680
f 1294//1775 1295//1782 1368//1680
f 1293//1774 1294//1775 1367//1683
f 1290//1772 1291//1773 1362//1677
f 1289//1770 1290//1772 1359//1674
f 36//29 293//261 1289//1770
f 42//1771 36//29 1289//1770
f 48//81 42//1771 1361//1676
f 1288//1769 50//82 1376//1691
f 1354//1665 1337//1664 34//1766
f 35//1764 1279//1765 1337//1664
f 1337//1664 1437//1759 61//134
f 1327//1638 1438//1760 1437//1759
f 1330//1641 1439//1761 1336//1645
f 1440//1762 1335//1644 1334//1611
f 1335//1644 1440//1762 1439//1761
f 1439//1761 1435//1757 1442//1763
f 1441//1751 1430//1750 1432//1754
f 1440//1762 1432//1754 1435//1757
f 1441//1751 1334//1611 1302//1610
f 1336//1645 1442//1763 1438//1760
f 1438//1760 1442//1763 1436//1758
f 1432//1754 1433//1755 1434//1756
f 1431//1753 1429//1752 1433//1755
f 1431//1753 1430//1750 1426//1741
f 1429//1752 1431//1753 1421//1743
f 1428//1748 1302//1610 1317//1627
f 1425//1744 1428//1748 1317//1627
f 1423//1746 1422//1745 1310//1620
f 1311//1621 1306//1616 1188//1451
f 1312//1622 1311//1621 1427//1749
f 1422//1745 1425//1744 1316//1626
f 1419//1740 1418//1739 1425//1744
f 1418//1739 1426//1741 1428//1748
f 1424//1747 1192//1472 1422//1745
f 1192//1472 1419//1740 1425//1744
f 1420//1742 1194//1493 1426//1741
f 1193//1476 1420//1742 1418//1739
f 1417//1737 1400//1716 1300//1653
f 1416//1736 1398//1714 1400//1716
f 1410//1727 1399//1715 1398//1714
f 1415//1734 1410//1727 1416//1736
f 1411//1728 1408//1725 1410//1727
f 1413//1730 1137//1380 1138//1378
f 1137//1380 1413//1730 1414//1731
f 1409//1726 1412//1729 1414//1731
f 1406//1723 1413//1730 1401//1718
f 1407//1724 1414//1731 1413//1730
f 1138//1378 1136//1377 1387//1702
f 1412//1729 1409//1726 1408//1725
f 1408//1725 1395//1709 1399//1715
f 1409//1726 1403//1719 1395//1709
f 1403//1719 1409//1726 1407//1724
f 1404//1720 1406//1723 1402//1717
f 1405//1722 1407//1724 1406//1723
f 1392//1710 1403//1719 1405//1722
f 1393//1711 1404//1720 1388//1721
f 1394//1712 1405//1722 1404//1720
f 1388//1721 1402//1717 1384//1699
f 1387//1702 1384//1699 1402//1717
f 1398//1714 1258//1565 1248//1574
f 1400//1716 1248//1574 1304//1614
f 1399//1715 1396//1713 1258//1565
f 1396//1713 1399//1715 1395//1709
f 1389//1703 1392//1710 1394//1712
f 1355//1669 1393//1711 1371//1686
f 1391//1707 1394//1712 1393//1711
f 1392//1710 1389//1703 1397//1708
f 1519//1704 1389//1703 1391//1707
f 1355//1669 1297//1668 1298//1705
f 1390//1706 1391//1707 1355//1669
f 1246//1559 1397//1708 1389//1703
f 1371//1686 1356//1670 1355//1669
f 1384//1699 1387//1702 1386//1700
f 1134//1374 1281//1370 1385//1701
f 1379//1694 1378//1693 1381//1697
f 1383//1695 1388//1721 1384//1699
f 1371//1686 1388//1721 1383//1695
f 1381//1697 1380//1696 1383//1695
f 1378//1693 1363//1678 1380//1696
f 1374//1689 1364//1679 1363//1678
f 1380//1696 1369//1685 1370//1684
f 1377//1692 1374//1689 1378//1693
f 1132//1369 1130//1368 1375//1690
f 1375//1690 1372//1687 1374//1689
f 1376//1691 1373//1688 1372//1687
f 1372//1687 1360//1675 1364//1679
f 1373//1688 1361//1676 1360//1675
f 1370//1684 1365//1681 1356//1670
f 1363//1678 1357//1672 1366//1682
f 1369//1685 1366//1682 1365//1681
f 1357//1672 1292//1671 1367//1683
f 1366//1682 1367//1683 1368//1680
f 1364//1679 1358//1673 1357//1672
f 1358//1673 1364//1679 1360//1675
f 1361//1676 1289//1770 1359//1674
f 1358//1673 1362//1677 1292//1671
f 1356//1670 1368//1680 1297//1668
f 1282//1666 1142//1385 1339//1647
f 1352//1662 1328//1639 1337//1664
f 1353//1663 1329//1640 1328//1639
f 1146//1392 1147//1391 1343//1651
f 1140//1383 1146//1392 1346//1655
f 1350//1660 1345//1654 1344//1650
f 1326//1636 1341//1649 1349//1658
f 1325//1635 1347//1656 1348//1657
f 1324//1634 1349//1658 1347//1656
f 1322//1632 1348//1657 1346//1655
f 1342//1652 1299//1613 1345//1654
f 1345//1654 1321//1631 1318//1629
f 1344//1650 1318//1629 1319//1628
f 1284//1659 1300//1653 1342//1652
f 1340//1648 1351//1661 1341//1649
f 1338//1646 1331//1642 1329//1640
f 1332//1643 1339//1647 1340//1648
f 1339//1647 1332//1643 1331//1642
f 1328//1639 1327//1638 1337//1664
f 1331//1642 1330//1641 1336//1645
f 1335//1644 1332//1643 1333//1637
f 1332//1643 1335//1644 1330//1641
f 1329//1640 1336//1645 1327//1638
f 1333//1637 1340//1648 1326//1636
f 1301//1609 1326//1636 1324//1634
f 1308//1618 1315//1625 1325//1635
f 1315//1625 1314//1624 1324//1634
f 1323//1633 1319//1628 1313//1623
f 1309//1619 1308//1618 1322//1632
f 1318//1629 1321//1631 1320//1630
f 1299//1613 1303//1612 1320//1630
f 1307//1617 1313//1623 1319//1628
f 1302//1610 1301//1609 1314//1624
f 1316//1626 1317//1627 1314//1624
f 1312//1622 1310//1620 1309//1619
f 1313//1623 1307//1617 1306//1616
f 1309//1619 1313//1623 1311//1621
f 1310//1620 1316//1626 1308//1618
f 1307//1617 1320//1630 1251//1603
f 1334//1611 1333//1637 1301//1609
f 1300//1653 1304//1614 1299//1613
f 1447//1783 1444//1784 1443//1785
f 1444//1786 1450//1787 1447//1788
f 1445//1789 1447//1790 1450//1791
f 1445//1789 1450//1791 1451//1792
f 1450//1793 1447//1794 1449//1795
f 1450//1791 1447//1796 1452//1797
f 1451//1792 1450//1791 1452//1797
f 1452//1797 1449//1798 1454//1799
f 1453//1800 1452//1797 1455//1801
f 1243//1552 1454//1799 1448//1802
f 1454//1799 1243//1552 1244//1555
f 1246//1559 1455//1803 1245//1557
f 1245//1804 1455//1801 1454//1799
f 1455//1803 1246//1559 1453//1781
f 1245//1805 1455//1806 1453//1807
f 1454//1799 1455//1801 1452//1797
f 1448//1802 1454//1799 1449//1798
f 1452//1797 1453//1800 1451//1792
f 1449//1798 1452//1797 1447//1796
f 1451//1792 1446//1808 1445//1789
f 1447//1790 1445//1789 1444//1784
f 1456//1174 934//1156 1478//1809
f 1458//1810 1456//1811 1457//1812
f 1478//1809 1223//1522 1479//1525
f 1457//1813 1478//1809 1460//1814
f 1460//1814 1479//1525 1480//1528
f 1459//1815 1480//1528 1477//1816
f 1477//1816 1480//1528 1481//1817
f 1477//1818 1461//1819 1462//1820
f 1461//1821 1477//1816 1481//1817
f 1481//1817 1227//1529 1482//1534
f 1463//1822 1482//1534 1231//1536
f 1464//1823 1231//1536 1483//1538
f 1484//1824 1483//1538 1233//1540
f 1465//1825 1483//1538 1484//1824
f 1466//1826 1484//1824 1485//1827
f 1236//1542 1486//1546 1485//1827
f 1467//1828 1485//1827 1468//1829
f 1469//1830 1467//1831 1468//1832
f 1468//1829 1486//1546 1238//1545
f 1470//1833 1238//1545 1239//1549
f 1470//1833 1472//1834 1471//1835
f 1472//1834 1239//1549 1487//1836
f 1472//1834 1487//1836 1473//1837
f 1474//1838 1475//1554 1476//1839
f 1474//1838 1488//1553 1475//1554
f 1488//1553 1474//1838 1487//1840
f 1239//1549 1472//1834 1470//1833
f 1238//1545 1470//1833 1468//1829
f 1486//1546 1468//1829 1485//1827
f 1485//1827 1467//1828 1466//1826
f 1484//1824 1466//1826 1465//1825
f 1483//1538 1465//1825 1464//1823
f 1231//1536 1464//1823 1463//1822
f 1482//1534 1463//1822 1481//1817
f 1227//1529 1481//1817 1480//1528
f 1480//1528 1459//1815 1460//1814
f 1479//1525 1460//1814 1478//1809
f 1478//1809 1457//1813 1456//1174
f 1223//1522 1478//1809 934//1156
f 1523//1841 1475//1554 1448//1802
f 1443//1785 1489//1842 1523//1841
f 1523//1841 1447//1783 1443//1785
f 1448//1802 1447//1783 1523//1841
f 1243//1552 1448//1802 1475//1554
f 292//346 291//345 1503//1843
f 293//261 292//346 1504//1844
f 293//261 1505//1845 1289//1770
f 1503//1843 291//345 1506//1846
f 1504//1844 1503//1843 1507//1847
f 1505//1845 1504//1844 1507//1847
f 1505//1845 1290//1848 1490//1849
f 1290//1850 1291//1851 1491//1852
f 1507//1847 1506//1846 1498//1853
f 1291//1773 1507//1847 1292//1671
f 1508//1854 1498//1853 1499//1855
f 1292//1671 1508//1854 1509//1856
f 1509//1856 1499//1855 1510//1857
f 1293//1774 1509//1856 1294//1858
f 1492//1859 1293//1860 1294//1861
f 1510//1857 1499//1855 1500//1862
f 1294//1858 1510//1857 1511//1863
f 1294//1864 1295//1865 1493//1866
f 1295//1867 1511//1863 1512//1868
f 1295//1867 1494//1869 1495//1870
f 1512//1868 1500//1862 1513//1871
f 1494//1869 1512//1868 1513//1872
f 1494//1869 1514//1873 1296//1874
f 1513//1875 1501//1876 1502//1877
f 1514//1873 1513//1872 1516//1878
f 1297//1879 1514//1873 1516//1878
f 1516//1880 1502//1877 1517//1881
f 1515//1882 1516//1883 1517//1884
f 1298//1885 1516//1886 1496//1887
f 1517//1881 1502//1877 1518//1888
f 1496//1887 1517//1881 1445//1789
f 1446//1808 1519//1889 1445//1789
f 1497//1890 1519//1889 1446//1808
f 1518//1888 1444//1784 1445//1789
f 1443//1785 1444//1784 1518//1888
f 1445//1789 1519//1889 1496//1887
f 1518//1888 1445//1789 1517//1881
f 1443//1785 1518//1888 1502//1877
f 1517//1881 1496//1887 1516//1886
f 1515//1891 1516//1892 1513//1893
f 1502//1877 1516//1880 1513//1875
f 1513//1872 1514//1873 1494//1869
f 1501//1894 1513//1895 1512//1896
f 1501//1876 1513//1871 1500//1862
f 1512//1868 1494//1869 1295//1867
f 1500//1862 1512//1868 1511//1863
f 1511//1863 1295//1867 1294//1858
f 1500//1862 1511//1863 1510//1857
f 1510//1857 1294//1858 1509//1856
f 1509//1856 1293//1774 1292//1671
f 1499//1855 1509//1856 1508//1854
f 1508//1854 1292//1671 1507//1847
f 1498//1853 1508//1854 1507//1847
f 1507//1847 1291//1773 1290//1848
f 1507//1847 1290//1848 1505//1845
f 1506//1846 1507//1847 1503//1843
f 1504//1844 1505//1845 293//261
f 1503//1843 1504//1844 292//346
f 1520//1897 1475//1554 1523//1841
f 1524//1898 1523//1841 1521//1899
f 1521//1899 1522//1900 1524//1898
f 1523//1841 1524//1898 1520//1897
f 1476//1839 1475//1554 1520//1897
f 1521//1899 1525//1901 1526//1902
f 1527//1903 1522//1900 1526//1902
f 1525//1901 1528//1904 1547//1905
f 1526//1902 1525//1901 1547//1905
f 1530//1906 1547//1905 1533//1907
f 1535//1908 1533//1907 1534//1909
f 1534//1909 1532//1910 1536//1911
f 1538//1912 1534//1909 1537//1913
f 1539//1914 1536//1911 1540//1915
f 1542//1916 1539//1914 1541//1917
f 1543//1918 1540//1915 1544//1919
f 1548//1920 1544//1919 1545//1921
f 1545//1921 1544//1919 316//365
f 368//431 379//466 1546//1922
f 1546//1922 316//365 368//431
f 316//365 1546//1922 1545//1921
f 1544//1919 1548//1920 1543//1918
f 1540//1915 1543//1918 1541//1917
f 1540//1915 1541//1917 1539//1914
f 1536//1911 1539//1914 1537//1913
f 1536//1911 1537//1913 1534//1909
f 1532//1910 1534//1909 1533//1907
f 1532//1910 1533//1907 1547//1905
f 1532//1910 1547//1905 1531//1923
f 1547//1905 1530//1906 1529//1924
f 1547//1905 1529//1924 1526//1902
f 1526//1902 1522//1900 1521//1899
f 1525//1901 1521//1899 1489//1842
f 1525//1901 1489//1842 1443//1785
f 1502//1877 1501//1876 1531//1923
f 1506//1846 291//345 1544//1919
f 1500//1862 1532//1910 1531//1923
f 1532//1910 1500//1862 1499//1855
f 1499//1855 1498//1853 1540//1915
f 1544//1919 1540//1915 1506//1846
f 316//365 1544//1919 291//345
f 1528//1904 1525//1901 1502//1877
f 1531//1923 1501//1876 1500//1862
f 1531//1923 1528//1904 1502//1877
f 1540//1915 1536//1911 1499//1855
f 1498//1853 1506//1846 1540//1915
f 1499//1855 1536//1911 1532//1910
f 1443//1785 1502//1877 1525//1901
f 1563//1925 993//1926 979//1203
f 979//1203 1564//1927 1563//1925
f 979//1203 973//1205 1564//1927
f 1565//1928 1114//1358 1113//1347
f 1566//1929 1113//1347 1106//1930
f 1115//1351 1565//1928 1567//1931
f 1565//1928 1115//1351 1114//1358
f 1039//1253 1569//1932 1568//1933
f 1566//1929 1027//1251 1039//1253
f 1566//1929 1038//1250 1027//1251
f 1566//1929 1025//1248 1038//1250
f 1566//1929 1022//1246 1037//1245
f 1037//1245 1025//1248 1566//1929
f 1063//1334 1022//1246 1106//1930
f 1022//1246 1566//1929 1106//1930
f 1570//1934 1569//1932 1036//1935
f 1042//1280 1036//1935 1569//1932
f 1569//1932 1040//1255 1042//1280
f 1039//1253 1040//1255 1569//1932
f 1572//1936 1048//1268 1050//1269
f 1572//1936 1047//1266 1048//1268
f 1047//1266 1572//1936 1571//1937
f 1571//1937 1570//1934 1030//1262
f 1571//1937 1030//1262 1047//1266
f 993//1938 988//1215 991//1211
f 1014//1239 991//1939 993//1926
f 993//1926 1563//1925 1014//1239
f 1563//1925 1054//1275 1014//1239
f 1563//1925 1034//1278 1054//1275
f 1563//1925 1033//1300 1052//1301
f 1563//1925 1051//1271 1033//1300
f 1051//1271 1573//1940 1572//1936
f 1051//1271 1563//1925 1573//1940
f 1052//1301 1034//1278 1563//1925
f 1561//1941 971//1201 970//1200
f 970//1200 1562//1942 1561//1941
f 1561//1941 1560//1943 972//1206
f 972//1206 971//1201 1561//1941
f 978//1208 977//1207 1556//1944
f 1560//1943 977//1207 972//1206
f 1560//1943 1556//1944 977//1207
f 1556//1944 1555//1945 978//1208
f 1551//1946 1574//1947 1564//1927
f 1564//1927 1552//1948 1551//1946
f 1564//1927 1553//1949 1552//1948
f 1553//1949 1564//1927 973//1205
f 1554//1950 980//1204 978//1208
f 1554//1950 973//1205 980//1204
f 1555//1945 1554//1950 978//1208
f 1554//1950 1553//1949 973//1205
f 1576//1951 1549//1952 1559//1953
f 1559//1953 1575//1954 1576//1951
f 1576//1951 1574//1947 1549//1952
f 1574//1947 1550//1955 1549//1952
f 1551//1946 1550//1955 1574//1947
f 1558//1956 1577//1957 1575//1954
f 1575//1954 1559//1953 1558//1956
f 1557//1958 1579//1959 1578//1960
f 1578//1960 1558//1956 1557//1958
f 1557//1958 717//908 1600//926
f 697//886 1580//1961 1581//1962
f 1580//1961 1582//1963 1583//1964
f 1582//1963 1580//1961 1584//1965
f 1584//1965 1585//1966 1586//1967
f 1585//1966 1595//1968 1586//1967
f 1586//1967 1582//1963 1584//1965
f 1116//1361 1120//1349 1587//1969
f 1120//1349 1588//1970 1587//1969
f 1588//1970 1120//1349 1115//1351
f 1115//1351 1590//1971 1589//1972
f 1115//1351 1591//1973 1590//1971
f 1567//1931 1593//1974 1592//1975
f 1592//1975 1591//1973 1567//1931
f 1591//1973 1115//1351 1567//1931
f 1589//1972 1588//1970 1115//1351
f 1593//1974 1567//1931 1594//1976
f 1596//1977 1594//1976 1595//1968
f 1594//1976 1596//1977 1593//1974
f 1597//1978 1121//1363 1116//1361
f 1116//1361 1587//1969 1598//1979
f 1597//1978 1599//1980 1122//1356
f 1599//1980 1118//1355 1122//1356
f 646//837 1118//1355 1599//1980
f 1599//1980 693//886 646//837
f 1122//1356 1121//1363 1597//1978
f 1116//1361 1598//1979 1597//1978
f 1585//1966 1596//1977 1595//1968
f 1583//1964 1581//1962 1580//1961
f 1600//926 1579//1959 1557//1958
f 1578//1960 1577//1957 1558//1956
f 970//1200 645//874 1562//1942
f 735//925 1562//1942 645//874
f 1050//1269 1051//1271 1572//1936
f 1036//1935 1030//1262 1570//1934
f 1568//1933 1566//1929 1039//1253
f 1113//1347 1566//1929 1565//1928
f 1663//1981 1664//1982 1610//1983
f 1665//1984 1666//1985 1662//1986
f 1667//1987 1669//1988 1668//1989
f 1459//1815 1670//1990 1671//1991
f 1672//1992 1673//1993 1674//1994
f 1675//1995 1676//1996 1669//1988
f 1677//1997 1674//1994 1676//1996
f 1678//1998 1679//1999 1673//1993
f 1678//1998 1663//1981 1680//2000
f 1671//1991 1681//2001 1682//2002
f 1670//1990 1665//1984 1661//2003
f 1670//1990 1683//2004 1681//2001
f 1684//2005 1672//1992 1677//1997
f 1685//2006 1675//1995 1667//1987
f 1685//2006 1677//1997 1675//1995
f 1684//2005 1686//2007 1678//1998
f 1686//2007 1687//2008 1663//1981
f 1687//2008 1688//2009 1664//1982
f 1689//2010 1625//2011 1690//2012
f 1691//2013 1692//2014 1693//2015
f 1694//2016 1693//2015 1692//2014
f 1664//1982 1694//2016 1695//2017
f 1625//2011 1691//2013 1696//2018
f 1696//2018 1693//2015 1698//2019
f 1699//2020 1698//2019 1693//2015
f 1688//2009 1699//2020 1694//2016
f 1700//2021 1699//2020 1688//2009
f 1688//2009 1701//2022 1700//2021
f 1702//2023 1662//1986 1570//1934
f 1703//2024 1682//2002 1704//2025
f 1682//2002 1681//2001 1704//2025
f 1683//2004 1702//2023 1704//2025
f 1684//2005 1706//2026 1705//2027
f 1685//2006 1703//2024 1706//2026
f 1705//2027 1707//2028 1686//2007
f 1707//2028 1701//2022 1687//2008
f 1630//2029 1703//2024 1572//2030
f 1703//2024 1704//2025 1572//2030
f 1702//2023 1571//1937 1628//2031
f 1628//2031 1572//2030 1702//2023
f 1563//1925 1564//1927 1705//2027
f 1703//2024 1573//2032 1629//2033
f 1629//2033 1706//2026 1703//2024
f 1707//2028 1705//2027 1564//1927
f 1701//2022 1564//1927 1574//1947
f 1574//1947 1700//2021 1701//2022
f 1689//2010 1690//2012 1708//2034
f 1709//2035 1710//2036 1696//2018
f 1700//2021 1709//2035 1698//2019
f 1690//2012 1696//2018 1710//2036
f 1697//2037 1689//2010 1711//2038
f 1711//2038 1708//2034 1632//2039
f 1710//2036 1709//2035 1575//2040
f 1709//2035 1631//2041 1575//2040
f 1709//2035 1700//2021 1576//1951
f 1575//2040 1632//2039 1708//2034
f 1579//1959 1711//2038 1578//1960
f 1530//1906 1533//1907 1712//2042
f 1541//1917 1543//1918 1635//2043
f 1538//1912 1542//1916 1713//2044
f 1542//1916 1541//1917 1637//2045
f 1535//1908 1538//1912 1639//2046
f 1533//1907 1535//1908 1640//2047
f 1714//2048 1715//2049 1716//2050
f 1717//2051 1716//2050 1581//1962
f 1718//2052 1714//2048 1717//2051
f 1583//1964 1582//1963 1719//2053
f 1720//2054 1718//2052 1719//2053
f 1652//2055 1721//2056 1718//2052
f 1722//2057 1652//2055 1720//2054
f 1723//2058 1722//2057 1724//2059
f 1646//2060 1645//2061 1725//2062
f 1726//2063 1727//2064 1725//2062
f 1725//2062 1728//2065 1726//2063
f 1728//2065 1724//2059 1729//2066
f 1730//2067 1719//2053 1582//1963
f 1724//2059 1720//2054 1730//2067
f 1586//1967 1729//2066 1730//2067
f 1586//1967 1594//1976 1731//2068
f 1731//2068 1732//2069 1726//2063
f 1731//2068 1594//1976 1567//1931
f 1567//1931 1732//2069 1731//2068
f 1529//1924 1530//1906 1737//2070
f 1736//2071 1734//2072 1527//1903
f 1733//2073 1739//2074 1736//2071
f 1739//2074 1738//2075 1734//2072
f 1740//2076 1741//2077 1742//2078
f 1742//2078 1743//2079 1740//2076
f 1738//2075 1740//2076 1743//2079
f 1744//2080 1742//2078 1741//2077
f 1666//1985 1745//2081 1746//2082
f 1745//2081 1744//2080 1747//2083
f 1732//2069 1748//2084 1749//2085
f 1740//2076 1738//2075 1750//2086
f 1726//2063 1749//2085 1727//2064
f 1727//2064 1751//2087 1739//2074
f 1751//2087 1750//2086 1738//2075
f 1752//2088 1753//2089 1750//2086
f 1750//2086 1751//2087 1752//2088
f 1749//2085 1752//2088 1751//2087
f 1753//2089 1754//2090 1740//2076
f 1754//2090 1755//2091 1741//2077
f 1756//2092 1757//2093 1754//2090
f 1567//1931 1565//1928 1748//2084
f 1758//2094 1756//2092 1753//2089
f 1748//2084 1758//2094 1752//2088
f 1756//2092 1758//2094 1565//1928
f 1566//1929 1757//2093 1756//2092
f 1757//2093 1759//2095 1755//2091
f 1568//1933 1759//2095 1757//2093
f 1760//2096 1755//2091 1759//2095
f 1755//2091 1760//2096 1746//2082
f 1746//2082 1747//2083 1755//2091
f 1662//1986 1746//2082 1760//2096
f 1760//2096 1759//2095 1569//1932
f 1759//2095 1627//2097 1569//1932
f 1570//1934 1760//2096 1569//1932
f 1761//2098 1603//2099 1762//2100
f 1762//2100 1603//2099 1763//2101
f 1763//2101 1764//2102 1762//2100
f 1765//2103 1766//2104 1767//2105
f 1768//2106 1767//2105 1769//2107
f 1770//2108 1761//2098 1766//2104
f 1673//1993 1765//2103 1768//2106
f 1676//1996 1771//2109 1772//2110
f 1669//1988 1772//2110 933//1155
f 1674//1994 1768//2106 1771//2109
f 1679//1999 1773//2111 1770//2108
f 1673//1993 1770//2108 1765//2103
f 1764//2102 1774//2112 928//1130
f 1774//2112 1777//2113 1775//2114
f 1763//2101 1601//2115 1774//2112
f 1601//2115 1623//2116 1777//2113
f 1620//2117 1778//2118 1777//2113
f 1778//2118 1776//2119 1777//2113
f 1779//2120 1778//2118 1620//2117
f 1780//2121 1779//2120 1619//2122
f 1545//1921 1546//1922 1634//2123
f 1545//1921 1634//2123 1635//2043
f 1636//2124 1713//2044 1637//2045
f 1638//2125 1639//2046 1713//2044
f 1713//2044 1636//2124 1638//2125
f 1642//2126 1712//2042 1640//2047
f 1642//2126 1641//2127 1712//2042
f 1641//2127 1644//2128 1712//2042
f 1643//2129 1647//2130 1733//2073
f 1643//2129 1733//2073 1737//2070
f 1737//2070 1712//2042 1644//2128
f 1644//2128 1643//2129 1737//2070
f 1725//2062 1645//2061 1649//2131
f 1649//2131 1648//2132 1725//2062
f 1722//2057 1723//2058 1650//2133
f 1650//2133 1651//2134 1722//2057
f 1723//2058 1648//2132 1650//2133
f 1722//2057 1651//2134 1652//2055
f 1721//2056 1652//2055 1653//2135
f 1714//2048 1718//2052 1721//2056
f 1721//2056 1655//2136 1714//2048
f 1715//2049 1714//2048 1655//2136
f 1657//2137 1715//2049 1656//2138
f 1715//2049 1657//2137 1658//2139
f 1658//2139 1716//2050 1715//2049
f 1581//1962 1716//2050 1659//2140
f 1716//2050 1658//2139 1659//2140
f 1600//926 1697//2037 1579//1959
f 847//2141 1624//2142 1697//2037
f 1624//2142 1689//2010 1697//2037
f 1689//2010 1624//2142 1625//2011
f 1625//2011 1626//2143 1691//2013
f 1626//2143 1692//2014 1691//2013
f 1695//2017 1692//2014 1614//2144
f 1614//2144 1613//2145 1695//2017
f 1610//1983 1695//2017 1612//2146
f 1610//1983 1611//2147 1680//2000
f 1679//1999 1608//2148 1773//2111
f 1679//1999 1609//2149 1608//2148
f 1679//1999 1680//2000 1609//2149
f 1761//2098 1604//2150 1603//2099
f 1761//2098 1605//2151 1604//2150
f 1761//2098 1770//2108 1605//2151
f 1770//2108 1607//2152 1606//2153
f 1770//2108 1773//2111 1607//2152
f 1606//2153 1605//2151 1770//2108
f 1763//2101 1603//2099 1602//2154
f 1763//2101 1602//2154 1601//2115
f 1616//2155 1619//2122 1621//2156
f 1617//2157 1615//2158 1618//2159
f 1622//2160 1781//2161 1617//2157
f 457//555 921//1121 1781//2161
f 921//1121 920//1120 1617//2157
f 920//1120 923//1123 1615//2158
f 1615//2158 923//1123 1780//2121
f 923//1123 922//1122 1780//2121
f 1780//2121 1616//2155 1615//2158
f 1779//2120 1780//2121 922//1122
f 922//1122 931//1133 1779//2120
f 1778//2118 931//1133 1776//2119
f 1776//2119 931//1133 929//1132
f 1775//2114 1776//2119 929//1132
f 928//1130 1775//2114 929//1132
f 927//1129 1764//2102 928//1130
f 1764//2102 946//1170 1762//2100
f 1762//2100 946//1170 952//1168
f 1762//2100 952//1168 944//1169
f 1766//2104 1761//2098 944//1169
f 944//1169 943//1165 1766//2104
f 943//1165 942//1164 1766//2104
f 1767//2105 941//1173 939//1159
f 1767//2105 942//1164 941//1173
f 1769//2107 939//1159 938//1154
f 1771//2109 1769//2107 936//1153
f 1769//2107 938//1154 936//1153
f 1772//2110 936//1153 933//1155
f 1456//1174 1668//1989 933//1155
f 1668//1989 1457//1813 1460//1814
f 1668//1989 1456//1174 1457//1813
f 1670//1990 1459//1815 1461//1821
f 1666//1985 1665//1984 1463//1822
f 1665//1984 1481//1817 1463//1822
f 1665//1984 1461//1821 1481//1817
f 1745//2081 1666//1985 1464//1823
f 1464//1823 1465//1825 1745//2081
f 1744//2080 1466//1826 1467//1828
f 1744//2080 1745//2081 1466//1826
f 1742//2078 1744//2080 1467//1828
f 1467//1828 1468//1829 1742//2078
f 1743//2079 1742//2078 1470//1833
f 1470//1833 1471//1835 1743//2079
f 1734//2072 1473//2162 1735//2163
f 1734//2072 1743//2079 1473//2162
f 1527//1903 1476//2164 1524//2165
f 1527//1903 1735//2163 1476//2164
f 1537//1913 1542//1916 1538//1912
f 1545//1921 1543//1918 1548//1920
f 1660//2166 785//2167 1634//2123
f 1634//2123 1546//1922 1660//2166
f 1471//1835 1473//2162 1743//2079
f 1468//1829 1470//1833 1742//2078
f 1465//1825 1466//1826 1745//2081
f 1463//1822 1464//1823 1666//1985
f 1461//1821 1665//1984 1670//1990
f 1477//1816 1461//1821 1459//1815
f 1460//1814 1459//1815 1668//1989
f 936//1153 1772//2110 1771//2109
f 939//1159 1769//2107 1767//2105
f 942//1164 1767//2105 1766//2104
f 927//1129 946//1170 1764//2102
f 1778//2118 1779//2120 931//1133
f 1615//2158 1617//2157 920//1120
f 1617//2157 1781//2161 921//1121
f 1781//2161 848//2168 457//555
f 1611//2147 1609//2149 1680//2000
f 1613//2145 1612//2146 1695//2017
f 1626//2143 1614//2144 1692//2014
f 1697//2037 1600//926 847//2141
f 1659//2140 1633//886 1581//1962
f 1655//2136 1656//2138 1715//2049
f 1654//2169 1655//2136 1721//2056
f 1648//2132 1723//2058 1725//2062
f 1647//2130 1646//2060 1733//2073
f 1635//2043 1543//1918 1545//1921
f 1619//2122 1616//2155 1780//2121
f 1620//2117 1619//2122 1779//2120
f 1777//2113 1623//2116 1620//2117
f 1776//2119 1775//2114 1777//2113
f 1777//2113 1774//2112 1601//2115
f 1775//2114 928//1130 1774//2112
f 1774//2112 1764//2102 1763//2101
f 1770//2108 1673//1993 1679//1999
f 1771//2109 1676//1996 1674//1994
f 933//1155 1668//1989 1669//1988
f 1772//2110 1669//1988 1676//1996
f 1768//2106 1674//1994 1673//1993
f 1766//2104 1765//2103 1770//2108
f 1769//2107 1771//2109 1768//2106
f 1767//2105 1768//2106 1765//2103
f 1762//2100 944//1169 1761//2098
f 1760//2096 1570//1934 1662//1986
f 1747//2083 1741//2077 1755//2091
f 1568//1933 1627//2097 1759//2095
f 1755//2091 1754//2090 1757//2093
f 1566//1929 1568//1933 1757//2093
f 1758//2094 1748//2084 1565//1928
f 1565//1928 1566//1929 1756//2092
f 1752//2088 1749//2085 1748//2084
f 1753//2089 1752//2088 1758//2094
f 1748//2084 1732//2069 1567//1931
f 1754//2090 1753//2089 1756//2092
f 1741//2077 1740//2076 1754//2090
f 1740//2076 1750//2086 1753//2089
f 1751//2087 1727//2064 1749//2085
f 1738//2075 1739//2074 1751//2087
f 1739//2074 1733//2073 1727//2064
f 1749//2085 1726//2063 1732//2069
f 1747//2083 1746//2082 1745//2081
f 1746//2082 1662//1986 1666//1985
f 1741//2077 1747//2083 1744//2080
f 1743//2079 1734//2072 1738//2075
f 1734//2072 1736//2071 1739//2074
f 1736//2071 1737//2070 1733//2073
f 1527//1903 1526//1902 1736//2071
f 1737//2070 1736//2071 1529//1924
f 1526//1902 1529//1924 1736//2071
f 1735//2163 1527//1903 1734//2072
f 1733//2073 1646//2060 1727//2064
f 1726//2063 1728//2065 1731//2068
f 1731//2068 1729//2066 1586//1967
f 1730//2067 1729//2066 1724//2059
f 1582//1963 1586//1967 1730//2067
f 1729//2066 1731//2068 1728//2065
f 1725//2062 1723//2058 1728//2065
f 1725//2062 1727//2064 1646//2060
f 1724//2059 1728//2065 1723//2058
f 1720//2054 1724//2059 1722//2057
f 1718//2052 1720//2054 1652//2055
f 1719//2053 1730//2067 1720//2054
f 1719//2053 1717//2051 1583//1964
f 1717//2051 1719//2053 1718//2052
f 1581//1962 1583//1964 1717//2051
f 1716//2050 1717//2051 1714//2048
f 1640//2047 1712//2042 1533//1907
f 1639//2046 1640//2047 1535//1908
f 1637//2045 1713//2044 1542//1916
f 1713//2044 1639//2046 1538//1912
f 1635//2043 1637//2045 1541//1917
f 1712//2042 1737//2070 1530//1906
f 1708//2034 1710//2036 1575//2040
f 1576//1951 1631//2041 1709//2035
f 1632//2039 1578//1960 1711//2038
f 1711//2038 1579//1959 1697//2037
f 1710//2036 1708//2034 1690//2012
f 1698//2019 1699//2020 1700//2021
f 1696//2018 1698//2019 1709//2035
f 1708//2034 1711//2038 1689//2010
f 1574//1947 1576//1951 1700//2021
f 1701//2022 1707//2028 1564//1927
f 1629//2033 1563//1925 1706//2026
f 1705//2027 1706//2026 1563//1925
f 1702//2023 1572//2030 1704//2025
f 1570//1934 1571//1937 1702//2023
f 1630//2029 1573//2032 1703//2024
f 1687//2008 1686//2007 1707//2028
f 1686//2007 1684//2005 1705//2027
f 1685//2006 1682//2002 1703//2024
f 1684//2005 1685//2006 1706//2026
f 1683//2004 1661//2003 1702//2023
f 1683//2004 1704//2025 1681//2001
f 1662//1986 1702//2023 1661//2003
f 1688//2009 1687//2008 1701//2022
f 1694//2016 1664//1982 1688//2009
f 1693//2015 1694//2016 1699//2020
f 1696//2018 1690//2012 1625//2011
f 1695//2017 1610//1983 1664//1982
f 1692//2014 1695//2017 1694//2016
f 1693//2015 1696//2018 1691//2013
f 1664//1982 1663//1981 1687//2008
f 1663//1981 1678//1998 1686//2007
f 1678//1998 1672//1992 1684//2005
f 1667//1987 1682//2002 1685//2006
f 1677//1997 1685//2006 1684//2005
f 1681//2001 1671//1991 1670//1990
f 1661//2003 1683//2004 1670//1990
f 1682//2002 1667//1987 1671//1991
f 1680//2000 1679//1999 1678//1998
f 1673//1993 1672//1992 1678//1998
f 1676//1996 1675//1995 1677//1997
f 1669//1988 1667//1987 1675//1995
f 1674//1994 1677//1997 1672//1992
f 1671//1991 1668//1989 1459//1815
f 1668//1989 1671//1991 1667//1987
f 1662//1986 1661//2003 1665//1984
f 1610//1983 1680//2000 1663//1981
l 1 2
l 1 3
l 3 6
l 5 4
l 497 509
l 447 446
