# Blender 5.0.0
# www.blender.org
mtllib AlexV2Head.mtl
o AlexV2Head
v -0.083974 0.070793 -0.003911
v -0.083974 0.070793 -0.003924
v -0.083923 0.070790 -0.003925
v -0.083870 0.070798 -0.003926
v -0.083832 0.070812 -0.003927
v -0.083832 0.070812 -0.003927
v -0.083777 0.070846 -0.003928
v -0.083768 0.070855 -0.003928
v -0.083765 0.070857 -0.003928
v -0.083729 0.070898 -0.003928
v -0.083729 0.070898 -0.003928
v -0.083726 0.070902 -0.003928
v -0.083704 0.070946 -0.003928
v -0.083703 0.070947 -0.003928
v -0.083695 0.070971 -0.003928
v -0.083695 0.070971 -0.003928
v -0.083689 0.070996 -0.003928
v -0.083689 0.070998 -0.003928
v -0.083688 0.071001 -0.003928
v -0.083685 0.071045 -0.003927
v -0.083697 0.071116 -0.003926
v -0.083703 0.071130 -0.003926
v -0.083703 0.071131 -0.003926
v -0.083763 0.071221 -0.003924
v -0.083764 0.071221 -0.003924
v -0.083779 0.071235 -0.003923
v -0.083806 0.071253 -0.003923
v -0.083809 0.071255 -0.003922
v -0.083842 0.071272 -0.003922
v -0.083881 0.071283 -0.003921
v -0.083882 0.071284 -0.003921
v -0.083891 0.071286 -0.003920
v -0.083716 0.071160 -0.003926
v -0.083964 0.070791 -0.003911
v -0.083921 0.070790 -0.003912
v -0.083857 0.070802 -0.003914
v -0.083832 0.070812 -0.003915
v -0.083778 0.070845 -0.003916
v -0.083729 0.070898 -0.003916
v -0.083726 0.070902 -0.003916
v -0.083704 0.070946 -0.003917
v -0.083702 0.070948 -0.003917
v -0.083695 0.070971 -0.003917
v -0.083689 0.070998 -0.003917
v -0.083694 0.070973 -0.003917
v -0.083689 0.070998 -0.003917
v -0.083686 0.071050 -0.003916
v -0.083694 0.071105 -0.003916
v -0.083703 0.071131 -0.003915
v -0.083714 0.071156 -0.003915
v -0.083755 0.071213 -0.003914
v -0.083763 0.071220 -0.003913
v -0.083774 0.071231 -0.003913
v -0.083840 0.071271 -0.003911
v -0.083881 0.071283 -0.003910
v -0.083891 0.071286 -0.003910
v -0.082252 0.077552 -0.003896
v -0.082253 0.077552 -0.003938
v -0.082221 0.077544 -0.003938
v -0.082217 0.077544 -0.003939
v -0.082203 0.077541 -0.003939
v -0.082162 0.077540 -0.003940
v -0.082162 0.077540 -0.003940
v -0.082123 0.077544 -0.003940
v -0.082073 0.077560 -0.003941
v -0.082028 0.077585 -0.003942
v -0.082008 0.077601 -0.003942
v -0.081975 0.077636 -0.003942
v -0.081960 0.077659 -0.003942
v -0.081947 0.077682 -0.003942
v -0.081947 0.077683 -0.003942
v -0.081937 0.077705 -0.003942
v -0.081937 0.077708 -0.003942
v -0.081929 0.077734 -0.003941
v -0.081929 0.077734 -0.003941
v -0.081923 0.077801 -0.003940
v -0.081928 0.077842 -0.003940
v -0.081945 0.077893 -0.003939
v -0.081973 0.077940 -0.003938
v -0.082004 0.077974 -0.003936
v -0.082056 0.078010 -0.003935
v -0.082064 0.078015 -0.003935
v -0.082080 0.078021 -0.003934
v -0.082089 0.078025 -0.003934
v -0.081946 0.077894 -0.003939
v -0.081959 0.077660 -0.003942
v -0.082162 0.077539 -0.003899
v -0.082108 0.077547 -0.003900
v -0.082073 0.077559 -0.003901
v -0.082028 0.077584 -0.003902
v -0.081992 0.077615 -0.003902
v -0.081959 0.077658 -0.003903
v -0.081946 0.077682 -0.003903
v -0.081946 0.077683 -0.003903
v -0.081936 0.077707 -0.003903
v -0.081929 0.077733 -0.003903
v -0.081936 0.077707 -0.003903
v -0.081922 0.077798 -0.003902
v -0.081928 0.077841 -0.003902
v -0.081947 0.077898 -0.003900
v -0.081945 0.077893 -0.003901
v -0.081975 0.077943 -0.003899
v -0.082010 0.077979 -0.003898
v -0.082011 0.077980 -0.003898
v -0.082054 0.078009 -0.003896
v -0.082078 0.078020 -0.003896
v -0.082055 0.078009 -0.003896
v -0.082079 0.078021 -0.003896
v -0.082089 0.078024 -0.003895
v -0.079519 0.083903 -0.003897
v -0.079520 0.083904 -0.003937
v -0.079474 0.083883 -0.003938
v -0.079473 0.083883 -0.003938
v -0.079448 0.083875 -0.003939
v -0.079395 0.083869 -0.003940
v -0.079343 0.083873 -0.003940
v -0.079308 0.083883 -0.003940
v -0.079248 0.083913 -0.003941
v -0.079193 0.083965 -0.003940
v -0.079151 0.084050 -0.003939
v -0.079151 0.084047 -0.003939
v -0.079149 0.084054 -0.003939
v -0.079141 0.084102 -0.003938
v -0.079141 0.084102 -0.003938
v -0.079144 0.084158 -0.003937
v -0.079149 0.084180 -0.003936
v -0.079167 0.084230 -0.003935
v -0.079202 0.084282 -0.003933
v -0.079254 0.084328 -0.003931
v -0.079255 0.084328 -0.003931
v -0.079257 0.084330 -0.003931
v -0.079261 0.084332 -0.003931
v -0.079473 0.083882 -0.003898
v -0.079448 0.083874 -0.003899
v -0.079395 0.083868 -0.003901
v -0.079345 0.083872 -0.003902
v -0.079307 0.083882 -0.003903
v -0.079250 0.083911 -0.003904
v -0.079193 0.083964 -0.003904
v -0.079178 0.083986 -0.003904
v -0.079150 0.084049 -0.003905
v -0.079141 0.084101 -0.003904
v -0.079143 0.084154 -0.003904
v -0.079144 0.084159 -0.003903
v -0.079149 0.084180 -0.003903
v -0.079149 0.084184 -0.003903
v -0.079169 0.084234 -0.003902
v -0.079195 0.084274 -0.003901
v -0.079198 0.084278 -0.003900
v -0.079253 0.084327 -0.003898
v -0.079260 0.084331 -0.003898
v -0.079256 0.084329 -0.003898
v -0.066559 0.102003 -0.012143
v -0.066559 0.102003 -0.012135
v -0.066448 0.101657 -0.012140
v -0.066448 0.101657 -0.012133
v -0.066606 0.102365 -0.012145
v -0.066275 0.101336 -0.012136
v -0.066559 0.102003 -0.012143
v -0.066448 0.101657 -0.012140
v -0.066606 0.102365 -0.012145
v -0.066275 0.101336 -0.012136
v -0.068896 0.099580 -0.016060
v -0.069445 0.100369 -0.016344
v -0.068895 0.099580 -0.016060
v -0.069444 0.100370 -0.016343
v -0.068845 0.100833 -0.016119
v -0.068190 0.100129 -0.015756
v -0.067646 0.100511 -0.015351
v -0.067919 0.101500 -0.015448
v -0.067924 0.101498 -0.015452
v -0.067430 0.101834 -0.014862
v -0.067429 0.101834 -0.014860
v -0.066868 0.101008 -0.014376
v -0.066633 0.101148 -0.013900
v -0.066884 0.102193 -0.013783
v -0.066393 0.101279 -0.013162
v -0.069993 0.099693 -0.016334
v -0.069879 0.099540 -0.016257
v -0.069760 0.099382 -0.016200
v -0.069514 0.099056 -0.016148
v -0.070102 0.099839 -0.016430
v -0.066687 0.102315 -0.013049
v -0.069707 0.099339 -0.016186
v -0.069811 0.099469 -0.016226
v -0.069912 0.099597 -0.016281
v -0.070008 0.099720 -0.016350
v -0.068996 0.099715 -0.016073
v -0.069092 0.099851 -0.016100
v -0.069356 0.100251 -0.016261
v -0.068880 0.100228 -0.016040
v -0.068961 0.100366 -0.016092
v -0.068669 0.100186 -0.015948
v -0.068754 0.100325 -0.015987
v -0.068906 0.100602 -0.016102
v -0.068451 0.100554 -0.015829
v -0.068525 0.100697 -0.015878
v -0.068590 0.100839 -0.015939
v -0.067736 0.100656 -0.015360
v -0.067817 0.100804 -0.015381
v -0.067890 0.100954 -0.015413
v -0.067954 0.101105 -0.015456
v -0.067629 0.100728 -0.015259
v -0.067709 0.100877 -0.015279
v -0.067843 0.101182 -0.015351
v -0.067156 0.101034 -0.014697
v -0.067301 0.101346 -0.014736
v -0.066957 0.101159 -0.014380
v -0.066800 0.101460 -0.013912
v -0.066864 0.101625 -0.013928
v -0.066914 0.101793 -0.013950
v -0.066778 0.101877 -0.013574
v -0.066485 0.101434 -0.013163
v -0.066562 0.101596 -0.013167
v -0.066625 0.101765 -0.013175
v -0.066452 0.101451 -0.013007
v -0.066529 0.101614 -0.013011
v -0.066593 0.101783 -0.013018
v -0.066640 0.101957 -0.013028
v -0.066535 0.101814 -0.012624
v -0.066583 0.101989 -0.012630
v -0.069760 0.099382 -0.016200
v -0.069514 0.099056 -0.016148
v -0.070102 0.099839 -0.016430
v -0.069535 0.099039 -0.016149
v -0.069785 0.099362 -0.016200
v -0.070134 0.099815 -0.016431
v -0.070102 0.099839 -0.016430
v -0.089758 0.038574 -0.018477
v -0.086470 0.039420 -0.016444
v -0.088658 0.053615 -0.016442
v -0.092058 0.053656 -0.018476
v -0.087752 0.072374 -0.016454
v -0.087752 0.072374 -0.016454
v -0.091097 0.072988 -0.018495
v -0.089350 0.079578 -0.018537
v -0.086149 0.078510 -0.016480
v -0.089350 0.079578 -0.018537
v -0.082933 0.085995 -0.016480
v -0.086315 0.086898 -0.018544
v -0.082396 0.092598 -0.018507
v -0.072177 0.102531 -0.018459
v -0.066606 0.102365 -0.012145
v -0.069445 0.100369 -0.016344
v -0.069444 0.100370 -0.016343
v -0.068650 0.100978 -0.016007
v -0.067919 0.101500 -0.015448
v -0.067924 0.101498 -0.015452
v -0.067430 0.101834 -0.014862
v -0.067429 0.101834 -0.014860
v -0.067208 0.101982 -0.014504
v -0.066884 0.102193 -0.013783
v -0.066630 0.102349 -0.012647
v -0.070102 0.099839 -0.016430
v -0.072177 0.102531 -0.018459
v -0.071145 0.103320 -0.018324
v -0.069899 0.104233 -0.017841
v -0.068594 0.105142 -0.016840
v -0.067559 0.105831 -0.015419
v -0.067111 0.106122 -0.014379
v -0.066825 0.106309 -0.013180
v -0.066757 0.106359 -0.012161
v -0.066606 0.102365 -0.012145
v -0.066757 0.106359 -0.012161
v -0.066780 0.106344 -0.007766
v -0.066627 0.102350 -0.007805
v -0.072177 0.102531 -0.018459
v -0.070917 0.103491 -0.018271
v -0.069899 0.104233 -0.017841
v -0.068594 0.105142 -0.016840
v -0.068224 0.105392 -0.016424
v -0.067559 0.105831 -0.015419
v -0.067111 0.106122 -0.014379
v -0.066825 0.106309 -0.013180
v -0.066757 0.106359 -0.012161
v -0.072452 0.102887 -0.018826
v -0.072594 0.103072 -0.019136
v -0.072731 0.103253 -0.019671
v -0.072755 0.103285 -0.019861
v -0.072768 0.103304 -0.020249
v -0.071597 0.104194 -0.020120
v -0.069882 0.105436 -0.019484
v -0.068328 0.106502 -0.018360
v -0.067053 0.107336 -0.016804
v -0.066188 0.107884 -0.014977
v -0.065858 0.108093 -0.013668
v -0.066690 0.106951 -0.012164
v -0.066550 0.107323 -0.012163
v -0.066338 0.107661 -0.012161
v -0.066064 0.107949 -0.012159
v -0.065738 0.108178 -0.012159
v -0.071083 0.104544 -0.019592
v -0.070025 0.104526 -0.018063
v -0.070058 0.104671 -0.018188
v -0.070088 0.104935 -0.018470
v -0.070084 0.105052 -0.018626
v -0.070068 0.105156 -0.018789
v -0.070039 0.105247 -0.018958
v -0.069588 0.104836 -0.017798
v -0.069612 0.104987 -0.017918
v -0.069606 0.105389 -0.018338
v -0.069577 0.105501 -0.018494
v -0.068989 0.106026 -0.018465
v -0.068389 0.105478 -0.016664
v -0.068402 0.105652 -0.016752
v -0.068060 0.105698 -0.016252
v -0.068066 0.105877 -0.016333
v -0.068029 0.106218 -0.016521
v -0.067930 0.106528 -0.016740
v -0.067512 0.106894 -0.016351
v -0.067307 0.107144 -0.016574
v -0.067081 0.106522 -0.014404
v -0.067048 0.106711 -0.014454
v -0.066996 0.106894 -0.014509
v -0.066927 0.107070 -0.014568
v -0.066738 0.107394 -0.014696
v -0.089758 0.038574 -0.018477
v -0.092058 0.053656 -0.018476
v -0.091126 0.072853 -0.018494
v -0.089350 0.079578 -0.018537
v -0.089649 0.078718 -0.018531
v -0.089350 0.079578 -0.018537
v -0.088531 0.081940 -0.018553
v -0.084508 0.089801 -0.018523
v -0.072177 0.102531 -0.018459
v -0.072368 0.102778 -0.018689
v -0.072527 0.102986 -0.018975
v -0.072650 0.103146 -0.019307
v -0.072731 0.103253 -0.019671
v -0.072768 0.103304 -0.020249
v -0.090089 0.038492 -0.018734
v -0.090359 0.038424 -0.019057
v -0.090624 0.038357 -0.019633
v -0.093044 0.054001 -0.020268
v -0.092441 0.070752 -0.020278
v -0.086100 0.089140 -0.020332
v -0.090701 0.038342 -0.020267
v -0.088465 0.084692 -0.020359
v -0.092062 0.045279 -0.019428
v -0.092131 0.045267 -0.019630
v -0.092318 0.048703 -0.019058
v -0.092414 0.054026 -0.018733
v -0.093015 0.054002 -0.019842
v -0.092156 0.067593 -0.018732
v -0.092304 0.067605 -0.018887
v -0.092434 0.067616 -0.019056
v -0.092636 0.067633 -0.019432
v -0.092707 0.067639 -0.019633
v -0.092364 0.070744 -0.019643
v -0.092412 0.070749 -0.019852
v -0.091161 0.073618 -0.018618
v -0.091321 0.073649 -0.018756
v -0.090482 0.077136 -0.018778
v -0.090623 0.077175 -0.018934
v -0.090856 0.077239 -0.019287
v -0.090943 0.077263 -0.019480
v -0.091010 0.077281 -0.019683
v -0.091056 0.077292 -0.019891
v -0.089532 0.079639 -0.018658
v -0.088153 0.084553 -0.019143
v -0.088254 0.084597 -0.019326
v -0.088442 0.084681 -0.019932
v -0.085444 0.088712 -0.018652
v -0.085581 0.088800 -0.018791
v -0.085813 0.088950 -0.019117
v -0.085906 0.089010 -0.019300
v -0.085982 0.089059 -0.019494
v -0.086039 0.089097 -0.019697
v -0.086079 0.089124 -0.019905
v -0.089758 0.038574 -0.018477
v -0.090089 0.038492 -0.018734
v -0.090359 0.038424 -0.019057
v -0.090556 0.038374 -0.019432
v -0.090672 0.038346 -0.019841
v -0.090701 0.038342 -0.020267
v -0.088776 0.030759 -0.014432
v -0.088279 0.032707 -0.014009
v -0.088918 0.031345 -0.015924
v -0.088394 0.033186 -0.015184
v -0.088553 0.033826 -0.016163
v -0.089266 0.032729 -0.017864
v -0.088763 0.034664 -0.017026
v -0.089571 0.033932 -0.018883
v -0.089032 0.035733 -0.017757
v -0.089919 0.035305 -0.019643
v -0.089307 0.036820 -0.018214
v -0.090300 0.036790 -0.020113
v -0.088717 0.030450 -0.012133
v -0.088769 0.030659 -0.012136
v -0.088770 0.030661 -0.012136
v -0.088798 0.030866 -0.012138
v -0.088755 0.031484 -0.012143
v -0.088622 0.031876 -0.012144
v -0.088227 0.032445 -0.012144
v -0.088510 0.032209 -0.013367
v -0.088616 0.032024 -0.013396
v -0.088764 0.031625 -0.013462
v -0.088768 0.030683 -0.012839
v -0.088543 0.032355 -0.013997
v -0.088734 0.033147 -0.015767
v -0.088845 0.032984 -0.015853
v -0.089078 0.032276 -0.016265
v -0.089080 0.032094 -0.016380
v -0.088827 0.033522 -0.016295
v -0.088940 0.033368 -0.016393
v -0.089106 0.033042 -0.016616
v -0.089274 0.033342 -0.017273
v -0.089305 0.033185 -0.017416
v -0.089049 0.034410 -0.017216
v -0.089167 0.034278 -0.017336
v -0.089346 0.034001 -0.017608
v -0.089403 0.033858 -0.017757
v -0.089401 0.034675 -0.017877
v -0.089484 0.034549 -0.018029
v -0.089603 0.034170 -0.018530
v -0.089439 0.035357 -0.018084
v -0.089545 0.035247 -0.018233
v -0.089458 0.036034 -0.018228
v -0.089586 0.035940 -0.018370
v -0.089609 0.036627 -0.018449
v -0.066757 0.106359 -0.012161
v -0.066780 0.106344 -0.007766
v -0.066690 0.106951 -0.012164
v -0.066550 0.107323 -0.012163
v -0.066208 0.107812 -0.012160
v -0.065738 0.108178 -0.012159
v -0.066778 0.106543 -0.007767
v -0.066755 0.106741 -0.007765
v -0.066714 0.106936 -0.007763
v -0.066573 0.107309 -0.007759
v -0.066232 0.107797 -0.007754
v -0.065762 0.108164 -0.007752
v -0.066778 0.106543 -0.007767
v -0.066769 0.106558 -0.009942
v -0.066780 0.106344 -0.007766
v -0.066778 0.106543 -0.007767
v -0.066755 0.106741 -0.007765
v -0.066714 0.106936 -0.007763
v -0.066573 0.107309 -0.007759
v -0.066362 0.107646 -0.007755
v -0.066087 0.107935 -0.007752
v -0.065762 0.108164 -0.007752
v -0.066778 0.106543 -0.007767
v -0.066905 0.106257 -0.006482
v -0.065982 0.108016 -0.005830
v -0.067206 0.106061 -0.005415
v -0.066617 0.107614 -0.004026
v -0.067742 0.105711 -0.004298
v -0.067784 0.106862 -0.002234
v -0.068797 0.105004 -0.002983
v -0.069051 0.106014 -0.001057
v -0.070116 0.105272 -0.000408
v -0.070225 0.103999 -0.002004
v -0.071629 0.104170 0.000121
v -0.072615 0.103056 -0.000864
v -0.072752 0.103236 -0.000329
v -0.072199 0.102514 -0.001541
v -0.072790 0.103287 0.000249
v -0.072390 0.102761 -0.001311
v -0.071260 0.103235 -0.001647
v -0.066796 0.106528 -0.007262
v -0.066852 0.106490 -0.006765
v -0.066791 0.106880 -0.006718
v -0.066944 0.106429 -0.006273
v -0.067235 0.106239 -0.005309
v -0.067430 0.106113 -0.004852
v -0.067396 0.106485 -0.004726
v -0.067293 0.106834 -0.004574
v -0.067124 0.107147 -0.004402
v -0.067016 0.107285 -0.004310
v -0.067632 0.106331 -0.004270
v -0.067594 0.106506 -0.004186
v -0.067869 0.106325 -0.003740
v -0.067822 0.106488 -0.003640
v -0.068122 0.105839 -0.003622
v -0.068113 0.106013 -0.003531
v -0.068824 0.105366 -0.002831
v -0.069095 0.105498 -0.002365
v -0.069080 0.105641 -0.002233
v -0.069267 0.105788 -0.001548
v -0.069637 0.104802 -0.002185
v -0.069661 0.104953 -0.002065
v -0.069673 0.105096 -0.001934
v -0.070169 0.104238 -0.001962
v -0.070764 0.103805 -0.001707
v -0.070874 0.104080 -0.001458
v -0.066780 0.106344 -0.007766
v -0.066627 0.102350 -0.007805
v -0.066895 0.106264 -0.006549
v -0.067206 0.106061 -0.005415
v -0.068041 0.105514 -0.003845
v -0.068797 0.105004 -0.002983
v -0.070225 0.103999 -0.002004
v -0.072199 0.102514 -0.001541
v -0.071260 0.103235 -0.001647
v -0.066797 0.102244 -0.006574
v -0.066882 0.102192 -0.006281
v -0.066798 0.102244 -0.006571
v -0.067444 0.101823 -0.005155
v -0.067944 0.101483 -0.004554
v -0.068838 0.100839 -0.003900
v -0.069358 0.100440 -0.003686
v -0.070123 0.099823 -0.003570
v -0.072307 0.102654 -0.001421
v -0.072474 0.102871 -0.001174
v -0.072615 0.103056 -0.000864
v -0.072752 0.103236 -0.000329
v -0.072199 0.102514 -0.001541
v -0.072790 0.103287 0.000249
v -0.084468 0.089858 -0.001477
v -0.086320 0.088788 0.000335
v -0.086556 0.086453 -0.001454
v -0.088549 0.084496 0.000359
v -0.091285 0.071931 -0.001510
v -0.092601 0.069480 0.000273
v -0.091706 0.068735 -0.001522
v -0.091373 0.046191 -0.001526
v -0.089766 0.038604 -0.001524
v -0.090096 0.038520 -0.001267
v -0.090366 0.038452 -0.000943
v -0.090563 0.038402 -0.000568
v -0.090705 0.038368 0.000053
v -0.090708 0.038368 0.000267
v -0.092593 0.047992 0.000268
v -0.080422 0.095973 -0.000742
v -0.084281 0.090430 -0.001360
v -0.085659 0.088368 -0.001345
v -0.085922 0.088532 -0.001050
v -0.086032 0.088601 -0.000880
v -0.086125 0.088660 -0.000697
v -0.086260 0.088746 -0.000300
v -0.088338 0.084403 -0.000674
v -0.088484 0.084467 -0.000277
v -0.090733 0.075547 -0.001370
v -0.091161 0.075649 -0.000907
v -0.091269 0.075675 -0.000724
v -0.092363 0.069456 -0.000757
v -0.092524 0.069473 -0.000362
v -0.092572 0.069478 -0.000153
v -0.091967 0.048067 -0.001267
v -0.092243 0.048034 -0.000943
v -0.092445 0.048010 -0.000568
v -0.092563 0.047996 -0.000158
v -0.092589 0.047992 0.000054
v -0.089766 0.038604 -0.001524
v -0.090239 0.038484 -0.001112
v -0.090474 0.038424 -0.000761
v -0.090679 0.038374 -0.000159
v -0.090708 0.038368 0.000267
v -0.090313 0.036841 0.000118
v -0.089267 0.036662 -0.001847
v -0.088866 0.035072 -0.002677
v -0.088865 0.035071 -0.002679
v -0.089686 0.034384 -0.000844
v -0.088640 0.034171 -0.003472
v -0.089317 0.032927 -0.001968
v -0.088379 0.033118 -0.005011
v -0.088289 0.032743 -0.005970
v -0.088763 0.030689 -0.005958
v -0.088235 0.032475 -0.007768
v -0.088503 0.032138 -0.007764
v -0.088693 0.031752 -0.007760
v -0.088796 0.031333 -0.007757
v -0.088807 0.030903 -0.007755
v -0.088725 0.030480 -0.007754
v -0.089013 0.031721 -0.003466
v -0.089418 0.036535 -0.001749
v -0.089695 0.036366 -0.001473
v -0.089738 0.035554 -0.001406
v -0.089806 0.035453 -0.001230
v -0.089395 0.035180 -0.002035
v -0.089585 0.034948 -0.001732
v -0.089649 0.034831 -0.001565
v -0.089712 0.034600 -0.001211
v -0.089000 0.034880 -0.002639
v -0.088958 0.034716 -0.002766
v -0.089096 0.034594 -0.002657
v -0.088974 0.034109 -0.003085
v -0.089091 0.033969 -0.002973
v -0.088868 0.033682 -0.003546
v -0.089003 0.032625 -0.004023
v -0.089051 0.032443 -0.003918
v -0.088527 0.032981 -0.004932
v -0.088764 0.032649 -0.004798
v -0.088853 0.032469 -0.004721
v -0.088919 0.032283 -0.004637
v -0.088986 0.031706 -0.004363
v -0.088422 0.032538 -0.006106
v -0.088717 0.030450 -0.012133
v -0.088769 0.030659 -0.012136
v -0.088770 0.030661 -0.012136
v -0.088798 0.030866 -0.012138
v -0.088791 0.031280 -0.012141
v -0.088622 0.031876 -0.012144
v -0.088227 0.032445 -0.012144
v -0.088235 0.032475 -0.007768
v -0.088609 0.031950 -0.007762
v -0.088796 0.031333 -0.007757
v -0.088807 0.030903 -0.007755
v -0.088725 0.030480 -0.007754
v -0.088786 0.030676 -0.009993
v -0.089758 0.038574 -0.018477
v -0.086470 0.039420 -0.016444
v -0.088245 0.032556 -0.013391
v -0.088329 0.032919 -0.014612
v -0.088553 0.033826 -0.016163
v -0.088547 0.033803 -0.016130
v -0.088902 0.035220 -0.017444
v -0.089158 0.036234 -0.017998
v -0.089468 0.037449 -0.018372
v -0.088227 0.032445 -0.012144
v -0.085437 0.035265 -0.012132
v -0.085449 0.035326 -0.012902
v -0.085523 0.035616 -0.013880
v -0.085643 0.036103 -0.014746
v -0.085772 0.036628 -0.015334
v -0.085772 0.036630 -0.015335
v -0.085928 0.037245 -0.015812
v -0.086119 0.038013 -0.016192
v -0.086120 0.038015 -0.016193
v -0.089766 0.038604 -0.001524
v -0.089404 0.037196 -0.001689
v -0.089124 0.036098 -0.002074
v -0.088866 0.035072 -0.002677
v -0.088865 0.035071 -0.002679
v -0.088543 0.033781 -0.003933
v -0.088379 0.033118 -0.005011
v -0.088289 0.032743 -0.005970
v -0.088235 0.032475 -0.007768
v -0.086478 0.039450 -0.003557
v -0.086190 0.038303 -0.003722
v -0.085900 0.037136 -0.004280
v -0.085680 0.036254 -0.005099
v -0.085566 0.035783 -0.005817
v -0.085493 0.035490 -0.006529
v -0.085492 0.035488 -0.006540
v -0.085444 0.035294 -0.007809
v -0.088227 0.032445 -0.012144
v -0.088235 0.032475 -0.007768
v -0.085437 0.035265 -0.012132
v -0.085444 0.035294 -0.007809
v -0.069535 0.099039 -0.016149
v -0.069906 0.099519 -0.016257
v -0.070134 0.099815 -0.016431
v -0.086470 0.039420 -0.016444
v -0.088658 0.053615 -0.016442
v -0.087752 0.072374 -0.016454
v -0.087752 0.072374 -0.016454
v -0.088134 0.070013 -0.016446
v -0.087677 0.072841 -0.016455
v -0.084021 0.083977 -0.016489
v -0.081689 0.087924 -0.016471
v -0.085918 0.039565 -0.016212
v -0.085722 0.039616 -0.016176
v -0.086109 0.039515 -0.016270
v -0.087141 0.047498 -0.016158
v -0.086322 0.074442 -0.016175
v -0.082214 0.085282 -0.016191
v -0.076659 0.092527 -0.016167
v -0.085722 0.039616 -0.016176
v -0.085523 0.039668 -0.016160
v -0.086510 0.042874 -0.016172
v -0.088220 0.052400 -0.016269
v -0.087768 0.069964 -0.016271
v -0.087586 0.072344 -0.016356
v -0.083018 0.085097 -0.016307
v -0.083186 0.085190 -0.016385
v -0.080148 0.089382 -0.016288
v -0.066559 0.102003 -0.012135
v -0.066448 0.101657 -0.012133
v -0.066606 0.102365 -0.012145
v -0.066275 0.101336 -0.012136
v -0.066627 0.102350 -0.007805
v -0.066390 0.101478 -0.007815
v -0.066390 0.101478 -0.007815
v -0.066469 0.101642 -0.007813
v -0.066469 0.101642 -0.007813
v -0.066580 0.101989 -0.007810
v -0.066296 0.101322 -0.007823
v -0.066387 0.101487 -0.008870
v -0.066466 0.101651 -0.008870
v -0.086470 0.039420 -0.016444
v -0.085437 0.035265 -0.012132
v -0.085449 0.035326 -0.012902
v -0.085501 0.035527 -0.013668
v -0.085643 0.036103 -0.014746
v -0.085772 0.036628 -0.015334
v -0.085772 0.036630 -0.015335
v -0.085840 0.036899 -0.015568
v -0.086021 0.037618 -0.016022
v -0.086119 0.038013 -0.016192
v -0.086120 0.038015 -0.016193
v -0.086314 0.038805 -0.016397
v -0.085918 0.039565 -0.016212
v -0.085722 0.039616 -0.016176
v -0.085722 0.039616 -0.016176
v -0.085523 0.039668 -0.016160
v -0.084932 0.035636 -0.012121
v -0.084741 0.035722 -0.012119
v -0.085113 0.035530 -0.012122
v -0.085282 0.035406 -0.012124
v -0.085282 0.035406 -0.012124
v -0.084555 0.035836 -0.012795
v -0.084601 0.035992 -0.013449
v -0.084762 0.036612 -0.014630
v -0.084875 0.037056 -0.015123
v -0.085079 0.037859 -0.015702
v -0.085303 0.038776 -0.016054
v -0.084741 0.035722 -0.012119
v -0.084542 0.035788 -0.012117
v -0.084743 0.035733 -0.012463
v -0.085283 0.035417 -0.012480
v -0.084944 0.035684 -0.012804
v -0.085124 0.035579 -0.012814
v -0.084798 0.035927 -0.013454
v -0.084987 0.035842 -0.013466
v -0.085167 0.035739 -0.013485
v -0.085336 0.035620 -0.013511
v -0.084830 0.036045 -0.013771
v -0.085019 0.035962 -0.013787
v -0.085148 0.036470 -0.014665
v -0.085498 0.036271 -0.014750
v -0.085201 0.036686 -0.014925
v -0.085552 0.036495 -0.015019
v -0.085260 0.036921 -0.015164
v -0.085679 0.036999 -0.015489
v -0.085394 0.037447 -0.015578
v -0.085750 0.037281 -0.015692
v -0.085466 0.037735 -0.015750
v -0.085651 0.037661 -0.015802
v -0.085826 0.037579 -0.015870
v -0.085726 0.037965 -0.015949
v -0.085903 0.037889 -0.016021
v -0.085424 0.038405 -0.015979
v -0.085803 0.038280 -0.016070
v -0.085501 0.038723 -0.016070
v -0.085883 0.038605 -0.016163
v -0.085805 0.039115 -0.016186
v -0.085994 0.039060 -0.016244
v -0.085665 0.039392 -0.016169
v -0.066627 0.102350 -0.007805
v -0.066763 0.102265 -0.006690
v -0.066797 0.102244 -0.006574
v -0.066798 0.102244 -0.006571
v -0.067011 0.102110 -0.005943
v -0.067380 0.101867 -0.005244
v -0.067843 0.101553 -0.004651
v -0.068727 0.100923 -0.003955
v -0.069358 0.100440 -0.003686
v -0.070123 0.099823 -0.003570
v -0.066390 0.101478 -0.007815
v -0.066390 0.101478 -0.007815
v -0.066469 0.101642 -0.007813
v -0.066469 0.101642 -0.007813
v -0.066533 0.101813 -0.007811
v -0.066580 0.101989 -0.007810
v -0.066296 0.101322 -0.007823
v -0.069524 0.099049 -0.003852
v -0.068912 0.099569 -0.003941
v -0.067922 0.100322 -0.004438
v -0.067546 0.100577 -0.004763
v -0.066805 0.101043 -0.005777
v -0.066373 0.101284 -0.007027
v -0.069764 0.099361 -0.003803
v -0.066469 0.101642 -0.007812
v -0.066390 0.101478 -0.007814
v -0.066533 0.101813 -0.007811
v -0.066543 0.101602 -0.007023
v -0.066606 0.101771 -0.007016
v -0.066687 0.102123 -0.006992
v -0.066776 0.102070 -0.006596
v -0.066676 0.101529 -0.006486
v -0.066739 0.101696 -0.006474
v -0.066924 0.101784 -0.006075
v -0.066972 0.101352 -0.005762
v -0.067037 0.101515 -0.005742
v -0.067089 0.101680 -0.005715
v -0.067311 0.101339 -0.005279
v -0.067367 0.101500 -0.005245
v -0.067716 0.100871 -0.004735
v -0.067849 0.101177 -0.004664
v -0.068097 0.100609 -0.004405
v -0.068173 0.100756 -0.004371
v -0.068465 0.100545 -0.004175
v -0.069066 0.100084 -0.003901
v -0.069109 0.099840 -0.003901
v -0.069202 0.099975 -0.003861
v -0.072199 0.102514 -0.001541
v -0.070123 0.099823 -0.003570
v -0.085374 0.088492 -0.001467
v -0.087652 0.084163 -0.001445
v -0.091297 0.071840 -0.001511
v -0.091373 0.046191 -0.001526
v -0.089766 0.038604 -0.001524
v -0.086478 0.039450 -0.003557
v -0.082548 0.086627 -0.003523
v -0.084679 0.082517 -0.003508
v -0.088067 0.070533 -0.003553
v -0.088673 0.053969 -0.003558
v -0.070123 0.099823 -0.003570
v -0.069524 0.099049 -0.003852
v -0.069554 0.099024 -0.003851
v -0.069764 0.099361 -0.003803
v -0.070154 0.099799 -0.003569
v -0.069804 0.099347 -0.003800
v -0.086478 0.039450 -0.003557
v -0.085532 0.039700 -0.003840
v -0.069554 0.099024 -0.003851
v -0.070154 0.099799 -0.003569
v -0.081312 0.088455 -0.003531
v -0.083692 0.084633 -0.003514
v -0.086902 0.076098 -0.003531
v -0.088770 0.058253 -0.003560
v -0.088418 0.050063 -0.003557
v -0.079025 0.089816 -0.003826
v -0.082227 0.085259 -0.003809
v -0.086181 0.075003 -0.003823
v -0.087242 0.069292 -0.003840
v -0.087087 0.047117 -0.003842
v -0.069926 0.099504 -0.003743
v -0.085926 0.039594 -0.003788
v -0.085729 0.039645 -0.003824
v -0.085730 0.039645 -0.003824
v -0.087697 0.048646 -0.003789
v -0.087563 0.070003 -0.003786
v -0.086558 0.075181 -0.003769
v -0.081903 0.087287 -0.003624
v -0.081744 0.087181 -0.003703
v -0.081579 0.087071 -0.003761
v -0.085437 0.035265 -0.012132
v -0.085444 0.035294 -0.007809
v -0.084741 0.035722 -0.012119
v -0.085113 0.035530 -0.012122
v -0.085282 0.035406 -0.012124
v -0.085282 0.035406 -0.012124
v -0.084741 0.035722 -0.012119
v -0.084542 0.035788 -0.012117
v -0.084549 0.035817 -0.007822
v -0.085120 0.035559 -0.007820
v -0.084751 0.035730 -0.011086
v -0.085292 0.035414 -0.011087
v -0.086478 0.039450 -0.003557
v -0.086292 0.038717 -0.003623
v -0.086069 0.037814 -0.003900
v -0.085901 0.037142 -0.004276
v -0.085683 0.036266 -0.005083
v -0.085566 0.035783 -0.005817
v -0.085493 0.035490 -0.006529
v -0.085444 0.035294 -0.007809
v -0.084549 0.035817 -0.007822
v -0.084602 0.035996 -0.006631
v -0.084669 0.036243 -0.006010
v -0.084809 0.036797 -0.005177
v -0.084930 0.037271 -0.004714
v -0.085139 0.038106 -0.004189
v -0.085290 0.038726 -0.003966
v -0.085532 0.039700 -0.003840
v -0.085926 0.039594 -0.003788
v -0.085729 0.039645 -0.003824
v -0.085730 0.039645 -0.003824
v -0.084939 0.035665 -0.007817
v -0.085950 0.038880 -0.003787
v -0.085682 0.038614 -0.003914
v -0.085869 0.038552 -0.003858
v -0.085528 0.037985 -0.004140
v -0.085454 0.037689 -0.004292
v -0.085638 0.037614 -0.004241
v -0.085566 0.037327 -0.004421
v -0.085315 0.037138 -0.004672
v -0.085497 0.037055 -0.004626
v -0.085194 0.036658 -0.005140
v -0.085375 0.036568 -0.005101
v -0.085096 0.036261 -0.005686
v -0.085276 0.036164 -0.005654
v -0.085055 0.036096 -0.005985
v -0.085235 0.035997 -0.005957
v -0.084989 0.035845 -0.006615
v -0.085169 0.035742 -0.006597
v -0.084965 0.035760 -0.006946
v -0.085145 0.035655 -0.006933
v -0.085444 0.035294 -0.007809
v -0.084549 0.035817 -0.007822
v -0.084939 0.035665 -0.007823
v -0.084939 0.035665 -0.007817
v -0.072768 0.103304 -0.020249
v -0.070443 0.105038 -0.019753
v -0.068328 0.106502 -0.018360
v -0.066188 0.107884 -0.014977
v -0.065738 0.108178 -0.012159
v -0.092209 0.045254 -0.020264
v -0.092797 0.067445 -0.020267
v -0.089415 0.082307 -0.020356
v -0.086338 0.088730 -0.020335
v -0.081984 0.094586 -0.020296
v -0.088717 0.030482 -0.012914
v -0.089017 0.031741 -0.016614
v -0.089412 0.033305 -0.018402
v -0.090105 0.036034 -0.019915
v -0.065787 0.108143 -0.007101
v -0.066637 0.107601 -0.004038
v -0.069398 0.105775 -0.000817
v -0.072015 0.103880 0.000190
v -0.076789 0.099885 0.000268
v -0.086320 0.088788 0.000335
v -0.089607 0.081780 0.000352
v -0.092601 0.069480 0.000273
v -0.092917 0.051591 0.000269
v -0.090122 0.036100 -0.000073
v -0.089468 0.033524 -0.001442
v -0.088725 0.030480 -0.007754
v -0.089013 0.031721 -0.003466
v -0.088733 0.030467 -0.009980
v -0.084868 0.020152 -0.009981
v -0.081507 0.020601 0.031008
v -0.081234 0.021104 0.033453
v -0.081123 0.022334 0.036298
v -0.081428 0.025396 0.039960
v -0.081821 0.027540 0.041460
v -0.082808 0.031545 0.042875
v -0.086696 0.067537 0.042987
v -0.084269 0.078372 0.043034
v -0.080484 0.086646 0.042989
v -0.076826 0.092011 0.042949
v -0.066575 0.101762 0.042842
v -0.062311 0.104710 0.042799
v -0.048734 0.110831 0.042618
v -0.014230 0.115780 0.042411
v 0.018066 0.117147 0.039647
v 0.012887 0.116807 0.042110
v 0.021373 0.117518 0.035487
v 0.022615 0.117824 0.030383
v 0.022555 0.118611 -0.013111
v 0.022554 0.117774 -0.051359
v 0.021465 0.117532 -0.055294
v 0.015854 0.116973 -0.061077
v 0.019147 0.117250 -0.058658
v 0.011960 0.116770 -0.062264
v -0.048728 0.110833 -0.062618
v -0.065029 0.102911 -0.062828
v -0.072332 0.096886 -0.062896
v -0.075970 0.093000 -0.062938
v -0.079490 0.088320 -0.062999
v -0.081058 0.085597 -0.063024
v -0.085547 0.074126 -0.063051
v -0.086726 0.067205 -0.063061
v -0.087172 0.058060 -0.063050
v -0.086658 0.047441 -0.063040
v -0.082677 0.031074 -0.062785
v -0.081972 0.028233 -0.061815
v -0.081430 0.025395 -0.059953
v -0.081221 0.023847 -0.058430
v -0.081160 0.021570 -0.054726
v -0.081410 0.020717 -0.051772
v -0.029428 0.117250 -0.009978
v -0.029095 0.117022 0.004070
v -0.033420 0.116355 0.011265
v -0.074837 0.095108 0.041125
v -0.061676 0.106376 0.037966
v -0.037244 0.115177 0.025675
v -0.053066 0.109826 0.040579
v -0.074851 0.095107 -0.061089
v -0.057896 0.108350 -0.057883
v -0.048830 0.111232 -0.060498
v -0.057489 0.111314 -0.031209
v -0.088152 0.051852 -0.059659
v -0.089389 0.035252 -0.029599
v -0.091678 0.043073 -0.023358
v -0.080705 0.087314 -0.061493
v -0.088652 0.030494 -0.003814
v -0.091676 0.043073 0.003402
v -0.085970 0.043161 0.043005
v -0.079585 0.089121 0.041426
v 0.022618 0.117835 -0.050149
v 0.021465 0.117532 -0.055294
v 0.022081 0.117640 -0.053693
v 0.016917 0.117051 -0.060474
v 0.019147 0.117250 -0.058658
v 0.011960 0.116770 -0.062264
v 0.010497 0.116728 -0.062356
v 0.025595 0.115332 -0.050037
v 0.025419 0.115957 -0.050066
v 0.025112 0.116530 -0.050093
v 0.024689 0.117023 -0.050116
v 0.023882 0.117565 -0.050140
v 0.023264 0.117769 -0.050148
v 0.024966 0.114497 -0.054388
v 0.023501 0.114327 -0.057671
v 0.021319 0.114151 -0.060492
v 0.010564 0.113750 -0.065000
v 0.010551 0.114327 -0.064944
v 0.010533 0.115145 -0.064656
v 0.010527 0.115395 -0.064508
v 0.010513 0.116044 -0.063932
v 0.010505 0.116373 -0.063455
v 0.010500 0.116604 -0.062923
v 0.014453 0.113821 -0.064490
v 0.019037 0.114010 -0.062395
v 0.025632 0.114684 -0.050005
v 0.025214 0.115520 -0.052995
v 0.024973 0.116119 -0.052980
v 0.024806 0.116395 -0.052962
v 0.024392 0.116886 -0.052905
v 0.024959 0.114818 -0.054406
v 0.024847 0.115450 -0.054411
v 0.024743 0.115754 -0.054398
v 0.024256 0.116577 -0.054299
v 0.024041 0.116811 -0.054247
v 0.023804 0.117020 -0.054187
v 0.024765 0.114789 -0.054986
v 0.024725 0.115108 -0.054993
v 0.024550 0.115724 -0.054971
v 0.024417 0.116014 -0.054943
v 0.023624 0.116987 -0.054725
v 0.023371 0.117169 -0.054647
v 0.023848 0.115934 -0.056305
v 0.023512 0.116462 -0.056185
v 0.023309 0.116694 -0.056105
v 0.023085 0.116903 -0.056015
v 0.022844 0.117084 -0.055913
v 0.022587 0.117237 -0.055803
v 0.023446 0.114957 -0.057688
v 0.023279 0.115564 -0.057636
v 0.023156 0.115852 -0.057584
v 0.022836 0.116376 -0.057434
v 0.022643 0.116608 -0.057336
v 0.021443 0.117366 -0.056676
v 0.022555 0.115185 -0.058888
v 0.022462 0.115482 -0.058844
v 0.022108 0.115449 -0.059297
v 0.021994 0.115733 -0.059231
v 0.021701 0.116253 -0.059042
v 0.021259 0.114768 -0.060494
v 0.021004 0.115646 -0.060330
v 0.020879 0.115913 -0.060232
v 0.020575 0.116391 -0.059980
v 0.020211 0.116778 -0.059660
v 0.018849 0.116966 -0.060164
v 0.018657 0.117063 -0.059944
v 0.018979 0.114616 -0.062381
v 0.018853 0.115201 -0.062265
v 0.018666 0.115740 -0.062053
v 0.018552 0.115986 -0.061913
v 0.018425 0.116212 -0.061753
v 0.018438 0.114884 -0.062649
v 0.018370 0.115171 -0.062576
v 0.018288 0.115447 -0.062478
v 0.016500 0.116478 -0.062324
v 0.016251 0.116760 -0.061855
v 0.015842 0.114165 -0.064036
v 0.015775 0.114750 -0.063947
v 0.015726 0.115031 -0.063862
v 0.015529 0.115800 -0.063455
v 0.015448 0.116022 -0.063274
v 0.014966 0.116786 -0.062107
v 0.014436 0.114116 -0.064483
v 0.014345 0.114975 -0.064296
v 0.014195 0.115738 -0.063875
v 0.013783 0.114676 -0.064530
v 0.013750 0.114955 -0.064439
v 0.013513 0.116135 -0.063614
v 0.012373 0.114065 -0.064879
v 0.012358 0.114354 -0.064839
v 0.012340 0.114638 -0.064772
v 0.012268 0.115432 -0.064411
v 0.012239 0.115668 -0.064242
v 0.011997 0.116723 -0.062550
v 0.010497 0.116728 -0.062356
v -0.040984 0.112742 -0.062540
v -0.052007 0.109745 -0.062661
v -0.067674 0.100945 -0.062853
v -0.076824 0.092013 -0.062950
v -0.080867 0.085979 -0.063022
v -0.084268 0.078374 -0.063034
v -0.086702 0.067394 -0.063061
v -0.086146 0.044002 -0.063036
v -0.083393 0.033479 -0.063037
v 0.010564 0.113750 -0.065000
v 0.010557 0.114040 -0.064986
v 0.010535 0.115054 -0.064695
v 0.010525 0.115507 -0.064427
v 0.010513 0.116042 -0.063907
v 0.010504 0.116449 -0.063300
v 0.010499 0.116652 -0.062743
v -0.083300 0.033509 -0.063270
v -0.082884 0.033643 -0.063925
v -0.082544 0.033752 -0.064303
v -0.081587 0.034060 -0.064853
v -0.080714 0.034342 -0.065000
v -0.083376 0.044505 -0.065000
v -0.084063 0.066938 -0.064995
v -0.082490 0.074770 -0.065000
v -0.078390 0.084630 -0.065000
v -0.072600 0.092532 -0.065000
v -0.058125 0.103798 -0.065000
v -0.047887 0.108020 -0.065000
v -0.085066 0.040694 -0.063721
v -0.085988 0.044031 -0.063393
v -0.085627 0.044097 -0.063929
v -0.084734 0.044259 -0.064661
v -0.086133 0.047503 -0.063932
v -0.086564 0.067189 -0.063414
v -0.085175 0.069882 -0.064537
v -0.084972 0.075486 -0.063512
v -0.084689 0.075404 -0.063940
v -0.084330 0.075300 -0.064300
v -0.084116 0.078318 -0.063391
v -0.080726 0.085903 -0.063381
v -0.080170 0.085600 -0.064208
v -0.079805 0.085401 -0.064527
v -0.079290 0.085120 -0.064812
v -0.078980 0.087993 -0.064010
v -0.078655 0.087784 -0.064368
v -0.078282 0.087545 -0.064653
v -0.078233 0.089557 -0.063689
v -0.076059 0.091390 -0.064351
v -0.074534 0.094325 -0.063412
v -0.074258 0.094069 -0.063968
v -0.073892 0.093730 -0.064418
v -0.072038 0.096580 -0.063742
v -0.071722 0.096251 -0.064241
v -0.071423 0.095940 -0.064568
v -0.067618 0.100874 -0.063113
v -0.066483 0.099423 -0.064844
v -0.064947 0.102792 -0.063216
v -0.062004 0.104222 -0.063903
v -0.059317 0.105991 -0.063658
v -0.056030 0.106529 -0.064600
v -0.055810 0.106062 -0.064834
v -0.053064 0.107554 -0.064723
v -0.051981 0.109673 -0.062940
v -0.051648 0.108749 -0.064336
v -0.048619 0.110470 -0.063562
v -0.048489 0.110033 -0.064128
v -0.048325 0.109485 -0.064577
v -0.045044 0.111715 -0.063003
v -0.045003 0.111545 -0.063409
v -0.040961 0.112627 -0.062971
v -0.040825 0.111939 -0.064096
v -0.036181 0.112307 -0.064467
v -0.035989 0.111081 -0.064963
v -0.031028 0.113689 -0.063840
v 0.006979 0.116745 -0.062456
v 0.022618 0.117835 0.030149
v 0.022618 0.117835 -0.050149
v 0.025595 0.115332 -0.050037
v 0.025524 0.115650 -0.050052
v 0.025445 0.115881 -0.050063
v 0.025324 0.116160 -0.050076
v 0.025112 0.116530 -0.050093
v 0.024802 0.116906 -0.050110
v 0.024440 0.117233 -0.050125
v 0.024580 0.117115 -0.050120
v 0.024339 0.117301 -0.050128
v 0.023882 0.117565 -0.050140
v 0.023264 0.117769 -0.050148
v 0.025632 0.114684 -0.050005
v 0.025632 0.114684 0.030005
v 0.025602 0.115292 0.030035
v 0.025448 0.115882 0.030063
v 0.025179 0.116428 0.030088
v 0.024805 0.116909 0.030110
v 0.024341 0.117304 0.030128
v 0.023807 0.117597 0.030141
v 0.023224 0.117777 0.030148
v 0.023707 0.118630 -0.006146
v 0.024255 0.118258 -0.018675
v 0.025451 0.116184 -0.042287
v 0.025331 0.116465 -0.042297
v 0.024587 0.117425 -0.042330
v -0.083393 0.033479 -0.063037
v -0.082677 0.031074 -0.062785
v -0.081737 0.027118 -0.061212
v -0.081221 0.023847 -0.058430
v -0.081160 0.021570 -0.054726
v -0.081410 0.020717 -0.051772
v -0.081718 0.020532 -0.049722
v -0.083182 0.033547 -0.063509
v -0.082728 0.033693 -0.064127
v -0.081917 0.033954 -0.064721
v -0.081450 0.034104 -0.064898
v -0.080714 0.034342 -0.065000
v -0.079751 0.031486 -0.064701
v -0.079154 0.029519 -0.064140
v -0.078421 0.026820 -0.062843
v -0.077778 0.024011 -0.060657
v -0.077434 0.022045 -0.058330
v -0.077285 0.020304 -0.055101
v -0.077443 0.019319 -0.051533
v -0.078623 0.018843 -0.049203
v -0.079248 0.018820 -0.049313
v -0.080160 0.019036 -0.049470
v -0.080960 0.019530 -0.049604
v -0.081392 0.019990 -0.049673
v -0.077730 0.019125 -0.049041
v -0.080235 0.031357 -0.064679
v -0.080475 0.031299 -0.064638
v -0.080945 0.031199 -0.064495
v -0.079653 0.029398 -0.064134
v -0.080394 0.029274 -0.063971
v -0.080632 0.029249 -0.063877
v -0.080862 0.029232 -0.063764
v -0.081293 0.029225 -0.063486
v -0.081490 0.029235 -0.063322
v -0.079274 0.028015 -0.063563
v -0.079530 0.027970 -0.063535
v -0.080283 0.027898 -0.063331
v -0.080521 0.027894 -0.063225
v -0.078679 0.026756 -0.062863
v -0.079202 0.026662 -0.062842
v -0.079976 0.026613 -0.062659
v -0.080689 0.026677 -0.062309
v -0.080904 0.026723 -0.062158
v -0.079711 0.025395 -0.061864
v -0.079967 0.025416 -0.061774
v -0.078288 0.025097 -0.061709
v -0.078826 0.025007 -0.061707
v -0.079365 0.024978 -0.061627
v -0.079629 0.024987 -0.061558
v -0.079886 0.025011 -0.061471
v -0.080135 0.025050 -0.061367
v -0.080600 0.025174 -0.061108
v -0.081006 0.025352 -0.060792
v -0.078045 0.023940 -0.060691
v -0.078593 0.023849 -0.060704
v -0.079145 0.023830 -0.060642
v -0.079938 0.023933 -0.060414
v -0.080418 0.024088 -0.060180
v -0.078973 0.022791 -0.059563
v -0.079788 0.022922 -0.059371
v -0.080716 0.023358 -0.058903
v -0.077707 0.021964 -0.058375
v -0.078561 0.021852 -0.058413
v -0.078849 0.021859 -0.058393
v -0.077664 0.021629 -0.057878
v -0.078233 0.021530 -0.057925
v -0.078523 0.021515 -0.057925
v -0.078813 0.021523 -0.057909
v -0.079100 0.021555 -0.057879
v -0.078148 0.020092 -0.055226
v -0.079045 0.020127 -0.055248
v -0.079622 0.020287 -0.055205
v -0.080621 0.020901 -0.054986
v -0.078183 0.019576 -0.053809
v -0.078486 0.019558 -0.053837
v -0.078520 0.019369 -0.053192
v -0.079129 0.019422 -0.053231
v -0.079428 0.019493 -0.053239
v -0.078325 0.019067 -0.051684
v -0.079550 0.019169 -0.051815
v -0.079843 0.019272 -0.051833
v 0.010497 0.116728 0.042356
v 0.018066 0.117147 0.039647
v 0.015636 0.116958 0.041183
v 0.014039 0.116862 0.041811
v 0.020784 0.117436 0.036555
v 0.021846 0.117595 0.034385
v 0.022615 0.117824 0.030383
v 0.025632 0.114684 0.030005
v 0.025602 0.115292 0.030035
v 0.025448 0.115882 0.030063
v 0.025416 0.115956 0.030066
v 0.025179 0.116428 0.030088
v 0.025005 0.116678 0.030100
v 0.024687 0.117020 0.030115
v 0.024583 0.117118 0.030120
v 0.024438 0.117230 0.030125
v 0.024341 0.117304 0.030128
v 0.023520 0.117702 0.030145
v 0.022923 0.117822 0.030149
v 0.010564 0.113750 0.045000
v 0.012069 0.113768 0.044925
v 0.010551 0.114327 0.044944
v 0.010539 0.114882 0.044778
v 0.010522 0.115630 0.044337
v 0.010513 0.116044 0.043932
v 0.010505 0.116373 0.043454
v 0.015554 0.113856 0.044150
v 0.019976 0.114064 0.041703
v 0.022119 0.114210 0.039611
v 0.024085 0.114386 0.036599
v 0.025123 0.114523 0.033842
v 0.010500 0.116604 0.042923
v 0.012044 0.114348 0.044873
v 0.013503 0.114382 0.044658
v 0.013478 0.114667 0.044593
v 0.013447 0.114945 0.044501
v 0.013329 0.115704 0.044072
v 0.014953 0.114133 0.044336
v 0.014928 0.114426 0.044303
v 0.014685 0.115759 0.043737
v 0.014544 0.116181 0.043346
v 0.015536 0.114153 0.044146
v 0.015508 0.114448 0.044114
v 0.015471 0.114737 0.044055
v 0.015425 0.115018 0.043969
v 0.015162 0.116007 0.043376
v 0.014992 0.116387 0.042952
v 0.014900 0.116542 0.042715
v 0.016802 0.115083 0.043416
v 0.016735 0.115355 0.043309
v 0.016368 0.116283 0.042654
v 0.016256 0.116462 0.042440
v 0.018217 0.114573 0.042861
v 0.018166 0.114868 0.042812
v 0.018021 0.115430 0.042639
v 0.017823 0.115935 0.042370
v 0.017708 0.116160 0.042203
v 0.019394 0.114943 0.042007
v 0.019320 0.115232 0.041939
v 0.019230 0.115510 0.041848
v 0.019916 0.114675 0.041695
v 0.019449 0.116054 0.041261
v 0.019308 0.116281 0.041109
v 0.018990 0.116666 0.040753
v 0.020902 0.115347 0.040611
v 0.020533 0.116144 0.040314
v 0.021994 0.115136 0.039591
v 0.021905 0.115431 0.039542
v 0.023228 0.115250 0.037909
v 0.023010 0.115836 0.037819
v 0.022294 0.116799 0.037448
v 0.022068 0.116980 0.037322
v 0.021828 0.117133 0.037184
v 0.024033 0.115020 0.036619
v 0.023734 0.115920 0.036537
v 0.023580 0.116192 0.036481
v 0.023200 0.116679 0.036329
v 0.022978 0.116887 0.036234
v 0.022484 0.117222 0.036015
v 0.022217 0.117344 0.035892
v 0.024665 0.114776 0.035260
v 0.024625 0.115093 0.035266
v 0.024450 0.115709 0.035241
v 0.024158 0.116274 0.035169
v 0.023972 0.116529 0.035115
v 0.025117 0.114844 0.033860
v 0.025160 0.115508 0.033245
v 0.024919 0.116106 0.033227
v 0.024753 0.116382 0.033206
v 0.025484 0.115259 0.031789
v 0.025307 0.115882 0.031801
v 0.025415 0.115945 0.030353
v 0.024685 0.117011 0.030389
v -0.083392 0.033476 0.043037
v -0.086986 0.051126 0.043043
v -0.086372 0.070060 0.043061
v -0.085193 0.075547 0.043046
v -0.080868 0.085977 0.043022
v -0.076826 0.092011 0.042949
v -0.067677 0.100942 0.042853
v -0.056637 0.107812 0.042728
v -0.040991 0.112740 0.042540
v 0.010497 0.116728 0.042356
v 0.010564 0.113750 0.045000
v 0.010555 0.114142 0.044971
v 0.010542 0.114719 0.044835
v 0.010528 0.115371 0.044503
v 0.010515 0.115950 0.044033
v 0.010507 0.116270 0.043616
v 0.010501 0.116563 0.043007
v -0.080712 0.034338 0.045000
v -0.080961 0.034258 0.044989
v -0.081766 0.033999 0.044784
v -0.082581 0.033737 0.044262
v -0.082915 0.033629 0.043901
v -0.083863 0.047767 0.045000
v -0.083934 0.066923 0.045000
v -0.081626 0.077399 0.045000
v -0.077111 0.086790 0.045000
v -0.067930 0.097017 0.045000
v -0.058128 0.103797 0.045000
v -0.047892 0.108018 0.045000
v -0.083760 0.044432 0.044972
v -0.085166 0.044177 0.044381
v -0.085858 0.044051 0.043618
v -0.084998 0.047633 0.044771
v -0.085867 0.047530 0.044216
v -0.086218 0.047489 0.043833
v -0.086824 0.051136 0.043398
v -0.084692 0.061135 0.044972
v -0.086499 0.061194 0.044040
v -0.085298 0.064156 0.044773
v -0.086356 0.067165 0.043740
v -0.083980 0.069699 0.044972
v -0.085175 0.069879 0.044537
v -0.085932 0.069993 0.043846
v -0.084685 0.072586 0.044536
v -0.085506 0.072762 0.043737
v -0.083587 0.075083 0.044772
v -0.084520 0.075353 0.044131
v -0.084766 0.075424 0.043837
v -0.082112 0.077578 0.044947
v -0.083335 0.078028 0.044380
v -0.078848 0.084877 0.044947
v -0.079399 0.085177 0.044768
v -0.080727 0.085901 0.043380
v -0.079184 0.088122 0.043697
v -0.078100 0.089459 0.043896
v -0.078397 0.089670 0.043345
v -0.075527 0.090954 0.044759
v -0.075893 0.091251 0.044507
v -0.076288 0.091573 0.044079
v -0.076553 0.091788 0.043668
v -0.076706 0.091913 0.043319
v -0.073375 0.093245 0.044800
v -0.074049 0.093870 0.044250
v -0.070632 0.095112 0.044969
v -0.071258 0.095763 0.044690
v -0.068943 0.098197 0.044556
v -0.067621 0.100871 0.043112
v -0.064645 0.102355 0.044018
v -0.064879 0.102688 0.043463
v -0.061801 0.103887 0.044297
v -0.062050 0.104289 0.043789
v -0.062236 0.104589 0.043191
v -0.058525 0.104526 0.044874
v -0.056579 0.107689 0.043131
v -0.051762 0.109049 0.044047
v -0.051881 0.109380 0.043590
v -0.051969 0.109622 0.043074
v -0.044952 0.111312 0.043781
v -0.045037 0.111657 0.043138
v -0.040532 0.110424 0.044931
v -0.040791 0.111730 0.044304
v -0.040853 0.112042 0.043991
v -0.040920 0.112383 0.043511
v -0.040968 0.112626 0.042971
v -0.015707 0.114560 0.044358
v -0.015737 0.114999 0.043933
v -0.015760 0.115343 0.043428
v -0.005479 0.114725 0.044602
v 0.006980 0.115973 0.043908
v -0.081708 0.020524 0.029756
v -0.081718 0.020532 -0.049722
v -0.078316 0.018905 -0.049148
v -0.078935 0.018815 -0.049258
v -0.079864 0.018931 -0.049420
v -0.080711 0.019337 -0.049563
v -0.081392 0.019990 -0.049673
v -0.077730 0.019125 -0.049041
v -0.077722 0.019115 0.029082
v -0.078308 0.018896 0.029189
v -0.078926 0.018807 0.029299
v -0.079855 0.018924 0.029459
v -0.080701 0.019329 0.029601
v -0.081381 0.019982 0.029708
v -0.081708 0.020524 0.029756
v -0.081350 0.020795 0.032240
v -0.081123 0.022334 0.036298
v -0.081250 0.024138 0.038768
v -0.082348 0.029823 0.042454
v -0.081606 0.026447 0.040782
v -0.083392 0.033476 0.043037
v -0.080712 0.034338 0.045000
v -0.081207 0.034179 0.044955
v -0.081916 0.033951 0.044721
v -0.082543 0.033749 0.044302
v -0.083047 0.033587 0.043728
v -0.077722 0.019115 0.029082
v -0.078615 0.018835 0.029244
v -0.079239 0.018812 0.029353
v -0.079855 0.018924 0.029459
v -0.080701 0.019329 0.029601
v -0.081178 0.019740 0.029677
v -0.077292 0.019952 0.034167
v -0.077327 0.021199 0.036989
v -0.077638 0.023317 0.039942
v -0.078222 0.026033 0.042334
v -0.079929 0.032047 0.044807
v -0.078902 0.028646 0.043794
v -0.079093 0.019570 0.033764
v -0.079390 0.019640 0.033765
v -0.077863 0.019776 0.034265
v -0.078161 0.019730 0.034300
v -0.078462 0.019712 0.034326
v -0.079066 0.019765 0.034345
v -0.079361 0.019834 0.034340
v -0.079648 0.019930 0.034324
v -0.080186 0.020202 0.034262
v -0.080431 0.020375 0.034217
v -0.080657 0.020570 0.034162
v -0.077888 0.021047 0.037073
v -0.078471 0.020993 0.037100
v -0.078765 0.021003 0.037092
v -0.079055 0.021037 0.037069
v -0.079618 0.021179 0.036982
v -0.078552 0.021811 0.038368
v -0.078840 0.021819 0.038349
v -0.077743 0.022253 0.038784
v -0.078023 0.022195 0.038811
v -0.079439 0.022225 0.038696
v -0.079708 0.022295 0.038625
v -0.080441 0.022625 0.038325
v -0.077907 0.023243 0.039980
v -0.078183 0.023188 0.040000
v -0.079022 0.023136 0.039953
v -0.079568 0.023198 0.039833
v -0.080937 0.023814 0.039105
v -0.079742 0.024253 0.040853
v -0.079996 0.024301 0.040756
v -0.080471 0.024444 0.040513
v -0.080688 0.024539 0.040369
v -0.081069 0.024771 0.040044
v -0.078370 0.025485 0.042013
v -0.078637 0.025432 0.042020
v -0.078905 0.025394 0.042006
v -0.079440 0.025361 0.041921
v -0.079702 0.025366 0.041849
v -0.078483 0.025967 0.042358
v -0.079013 0.025875 0.042346
v -0.079543 0.025838 0.042254
v -0.080086 0.027101 0.042938
v -0.080330 0.027105 0.042835
v -0.080566 0.027121 0.042715
v -0.079662 0.028481 0.043766
v -0.079914 0.028444 0.043716
v -0.081288 0.028423 0.043014
v -0.081477 0.028453 0.042838
v -0.080039 0.029837 0.044264
v -0.080284 0.029792 0.044208
v -0.080760 0.029726 0.044036
v -0.080987 0.029705 0.043921
v -0.081412 0.029686 0.043639
v -0.081606 0.029689 0.043473
v -0.081787 0.029700 0.043293
v -0.081953 0.029719 0.043100
v -0.080408 0.031914 0.044782
v -0.080646 0.031854 0.044739
v -0.081110 0.031746 0.044593
v -0.081333 0.031699 0.044491
v 0.098173 0.089800 0.056950
v 0.098173 0.089800 -0.076950
v 0.099674 0.089800 -0.076950
v 0.099674 0.089800 0.056950
v 0.098173 0.079435 -0.091216
v 0.098173 0.077919 -0.091622
v 0.098173 0.086935 -0.085767
v 0.098173 0.083617 -0.089085
v 0.098173 0.089718 -0.078518
v 0.098173 0.089472 -0.080069
v 0.098173 0.074800 -0.091950
v 0.098173 0.089066 -0.081585
v 0.098173 0.076368 -0.091868
v 0.098173 0.089800 -0.076950
v 0.099674 0.089800 -0.076950
v 0.099674 0.074800 -0.091950
v 0.099674 0.076368 -0.091868
v 0.099674 0.077919 -0.091622
v 0.099674 0.079435 -0.091216
v 0.099674 0.083617 -0.089085
v 0.099674 0.086935 -0.085767
v 0.099674 0.089066 -0.081585
v 0.099674 0.089472 -0.080069
v 0.099674 0.089718 -0.078518
v 0.098173 0.027200 -0.091950
v 0.098173 0.074800 -0.091950
v 0.099674 0.074800 -0.091950
v 0.099674 0.027200 -0.091950
v 0.098173 0.018383 -0.089085
v 0.098173 0.017163 -0.088097
v 0.098173 0.016053 -0.086987
v 0.098173 0.015065 -0.085767
v 0.098173 0.012934 -0.081585
v 0.098173 0.012200 -0.076950
v 0.098173 0.022565 -0.091216
v 0.098173 0.027200 -0.091950
v 0.099674 0.027200 -0.091950
v 0.099674 0.012200 -0.076950
v 0.099674 0.012934 -0.081585
v 0.099674 0.015065 -0.085767
v 0.099674 0.016053 -0.086987
v 0.099674 0.017163 -0.088097
v 0.099674 0.018383 -0.089085
v 0.099674 0.022565 -0.091216
v 0.098173 0.012200 -0.076950
v 0.098173 0.012200 0.056950
v 0.099674 0.012200 -0.076950
v 0.099674 0.012200 0.056950
v 0.098173 0.014210 0.064450
v 0.098173 0.013497 0.063051
v 0.098173 0.015065 0.065767
v 0.098173 0.018383 0.069085
v 0.098173 0.019700 0.069940
v 0.098173 0.021099 0.070653
v 0.098173 0.022565 0.071216
v 0.098173 0.012282 0.058518
v 0.098173 0.012528 0.060069
v 0.098173 0.027200 0.071950
v 0.098173 0.012934 0.061585
v 0.098173 0.012200 0.056950
v 0.099674 0.012200 0.056950
v 0.099674 0.027200 0.071950
v 0.099674 0.022565 0.071216
v 0.099674 0.021099 0.070653
v 0.099674 0.019700 0.069940
v 0.099674 0.018383 0.069085
v 0.099674 0.015065 0.065767
v 0.099674 0.014210 0.064450
v 0.099674 0.013497 0.063051
v 0.099674 0.012934 0.061585
v 0.099674 0.012528 0.060069
v 0.099674 0.012282 0.058518
v 0.098173 0.027200 0.071950
v 0.098173 0.074800 0.071950
v 0.099674 0.027200 0.071950
v 0.099674 0.074800 0.071950
v 0.098173 0.076368 0.071868
v 0.098173 0.077919 0.071622
v 0.098173 0.083617 0.069085
v 0.098173 0.086935 0.065767
v 0.098173 0.079435 0.071216
v 0.098173 0.084837 0.068097
v 0.098173 0.085947 0.066987
v 0.098173 0.089066 0.061585
v 0.098173 0.089800 0.056950
v 0.098173 0.074800 0.071950
v 0.099674 0.089800 0.056950
v 0.099674 0.074800 0.071950
v 0.099674 0.089066 0.061585
v 0.099674 0.086935 0.065767
v 0.099674 0.085947 0.066987
v 0.099674 0.084837 0.068097
v 0.099674 0.083617 0.069085
v 0.099674 0.079435 0.071216
v 0.099674 0.077919 0.071622
v 0.099674 0.076368 0.071868
v 0.099674 0.012200 0.056950
v 0.099674 0.027200 0.071950
v 0.099674 0.025632 0.071868
v 0.099674 0.021099 0.070653
v 0.099674 0.018383 0.069085
v 0.099674 0.015065 0.065767
v 0.099674 0.012934 0.061585
v 0.101174 0.027200 0.073450
v 0.101174 0.025475 0.073360
v 0.101174 0.020489 0.072024
v 0.101174 0.017502 0.070299
v 0.101174 0.013851 0.066648
v 0.101174 0.011508 0.062049
v 0.101174 0.010700 0.056950
v 0.099674 0.012200 -0.076950
v 0.099674 0.012200 0.056950
v 0.101174 0.010700 0.056950
v 0.101174 0.010700 -0.076950
v 0.099674 0.027200 0.071950
v 0.099674 0.074800 0.071950
v 0.101174 0.027200 0.073450
v 0.101174 0.074800 0.073450
v 0.099674 0.027200 -0.091950
v 0.099674 0.012200 -0.076950
v 0.099674 0.012282 -0.078518
v 0.099674 0.013497 -0.083051
v 0.099674 0.015065 -0.085767
v 0.099674 0.018383 -0.089085
v 0.099674 0.022565 -0.091216
v 0.101174 0.010700 -0.076950
v 0.101174 0.010790 -0.078675
v 0.101174 0.012126 -0.083661
v 0.101174 0.013851 -0.086649
v 0.101174 0.017501 -0.090299
v 0.101174 0.022101 -0.092642
v 0.101174 0.027200 -0.093450
v 0.099674 0.089800 0.056950
v 0.099674 0.074800 0.071950
v 0.099674 0.089718 0.058518
v 0.099674 0.088503 0.063051
v 0.099674 0.085947 0.066987
v 0.099674 0.083617 0.069085
v 0.099674 0.079435 0.071216
v 0.101174 0.074800 0.073450
v 0.101174 0.091300 0.056950
v 0.101174 0.091210 0.058675
v 0.101174 0.089874 0.063661
v 0.101174 0.087062 0.067991
v 0.101174 0.084499 0.070299
v 0.101174 0.079899 0.072642
v 0.099674 0.074800 -0.091950
v 0.099674 0.027200 -0.091950
v 0.101174 0.027200 -0.093450
v 0.101174 0.074800 -0.093450
v 0.099674 0.089800 -0.076950
v 0.099674 0.089800 0.056950
v 0.101174 0.091300 0.056950
v 0.101174 0.091300 -0.076950
v 0.099674 0.089800 -0.076950
v 0.099674 0.074800 -0.091950
v 0.099674 0.076368 -0.091868
v 0.099674 0.080901 -0.090653
v 0.099674 0.084837 -0.088097
v 0.099674 0.086935 -0.085767
v 0.099674 0.089066 -0.081585
v 0.101174 0.074800 -0.093450
v 0.101174 0.091300 -0.076950
v 0.101174 0.076525 -0.093360
v 0.101174 0.081511 -0.092024
v 0.101174 0.085841 -0.089212
v 0.101174 0.088149 -0.086649
v 0.101174 0.090492 -0.082049
v 0.101174 0.022101 0.072642
v 0.101174 0.018950 0.071239
v 0.101174 0.016159 0.069212
v 0.101174 0.013851 0.066648
v 0.101174 0.012127 0.063661
v 0.101174 0.011061 0.060380
v 0.101174 0.010700 -0.076950
v 0.101174 0.011061 -0.080380
v 0.101174 0.012126 -0.083661
v 0.101174 0.013851 -0.086649
v 0.101174 0.016159 -0.089212
v 0.101174 0.018950 -0.091239
v 0.101174 0.022101 -0.092642
v 0.101174 0.025475 -0.093360
v 0.101174 0.091210 0.058675
v 0.101174 0.090492 0.062049
v 0.101174 0.088149 0.066648
v 0.101174 0.084499 0.070299
v 0.101174 0.081511 0.072023
v 0.101174 0.078231 0.073089
v 0.101174 0.076515 -0.093270
v 0.101174 0.081511 -0.092024
v 0.101174 0.084498 -0.090299
v 0.101174 0.087062 -0.087991
v 0.101174 0.089089 -0.085200
v 0.101174 0.090492 -0.082049
v 0.101174 0.091210 -0.078675
v 0.101174 0.000722 -0.074794
v 0.101174 0.000926 0.055918
v 0.101174 0.001185 -0.077128
v 0.101174 0.089027 0.078515
v 0.101174 0.026757 0.080738
v 0.101174 0.092996 0.075589
v 0.101174 0.085111 0.079943
v 0.101174 0.097072 0.070530
v 0.101174 0.098827 0.066437
v 0.101174 0.019346 0.078716
v 0.101174 0.024847 -0.100395
v 0.101174 0.016057 0.076881
v 0.101174 0.018275 -0.098222
v 0.101174 0.090408 -0.097672
v 0.101174 0.099756 0.061657
v 0.101174 0.006277 0.067978
v 0.101174 0.003800 0.064208
v 0.101174 0.002553 -0.081534
v 0.101174 0.005522 -0.086975
v 0.101174 0.016639 -0.097293
v 0.101174 0.083046 -0.100286
v 0.101174 0.086847 -0.099478
v 0.101174 0.096891 -0.090844
v 0.101174 0.099198 -0.085011
v 0.101174 0.094081 -0.094499
v 0.101174 0.064467 0.081723
v 0.101174 0.030179 0.081190
v 0.101174 0.000926 0.055918
v 0.101174 0.100333 0.051267
v 0.101174 0.100214 0.055674
v 0.101174 0.100042 -0.078737
v 0.101174 0.089916 0.077998
v 0.101174 0.087074 0.079400
v 0.101174 0.022666 0.079881
v 0.101174 0.100062 0.058337
v 0.101174 0.098738 0.066677
v 0.101174 0.019346 0.078716
v 0.101174 0.097778 0.069173
v 0.101174 0.095853 0.072418
v 0.101174 0.015388 0.076435
v 0.101174 0.003543 0.063676
v 0.101174 0.002854 0.062246
v 0.101174 0.007495 0.069426
v 0.126311 -0.008189 0.047030
v 0.127576 0.106094 -0.080063
v 0.127655 0.106986 0.055254
v 0.127452 0.104530 0.065228
v 0.127316 0.102446 0.069809
v 0.127119 0.098445 0.075482
v 0.126924 0.094157 0.079168
v 0.126729 0.090564 0.081126
v 0.126719 0.090470 0.081163
v 0.125556 0.086090 0.082474
v 0.123781 0.083530 0.082874
v 0.110033 0.070274 0.083334
v 0.107975 0.066696 0.083337
v 0.105919 0.060453 0.083315
v 0.105012 0.032198 0.082663
v 0.104625 0.034958 0.082794
v 0.105663 0.029311 0.082491
v 0.107521 0.024705 0.082096
v 0.109581 0.021898 0.081697
v 0.114399 0.017764 0.080584
v 0.119589 0.013770 0.078582
v 0.121627 0.011536 0.077142
v 0.123680 0.008141 0.074527
v 0.125276 0.003465 0.069838
v 0.126305 -0.005068 0.056191
v 0.103854 0.001143 0.059375
v 0.106052 0.101635 0.051409
v 0.113362 0.103573 0.051621
v 0.111855 0.090154 0.079389
v 0.126209 -0.008189 0.047906
v 0.126377 -0.006413 0.053111
v 0.127557 -0.007951 0.053747
v 0.127530 -0.008088 0.053802
v 0.127566 -0.007675 0.053635
v 0.127470 -0.007270 0.053470
v 0.127335 -0.007024 0.053369
v 0.127042 -0.006712 0.053240
v 0.126923 -0.006628 0.053204
v 0.126662 -0.006495 0.053148
v 0.127244 -0.010096 0.048314
v 0.127316 -0.009807 0.048230
v 0.127324 -0.009508 0.048150
v 0.127218 -0.009070 0.048043
v 0.127073 -0.008802 0.047986
v 0.126759 -0.008467 0.047927
v 0.126633 -0.008377 0.047915
v 0.127532 -0.008789 0.051288
v 0.127536 -0.008645 0.051238
v 0.127329 -0.007958 0.051007
v 0.126795 -0.007449 0.050850
v 0.126660 -0.007381 0.050832
v 0.127360 -0.009169 0.048751
v 0.127030 -0.008499 0.048589
v 0.126681 -0.008202 0.048533
v 0.126546 -0.008127 0.048524
v 0.126174 -0.008302 0.047480
v 0.126140 -0.008411 0.047054
v 0.127244 -0.010096 0.048314
v 0.127316 -0.009807 0.048230
v 0.127328 -0.009658 0.048189
v 0.127269 -0.009213 0.048076
v 0.127152 -0.008933 0.048013
v 0.127073 -0.008802 0.047986
v 0.126980 -0.008681 0.047962
v 0.126759 -0.008467 0.047927
v 0.126633 -0.008377 0.047915
v 0.126498 -0.008301 0.047908
v 0.127162 -0.010322 0.047434
v 0.127246 -0.009884 0.047318
v 0.127224 -0.009585 0.047247
v 0.127139 -0.009296 0.047183
v 0.127075 -0.009158 0.047155
v 0.126904 -0.008906 0.047107
v 0.126800 -0.008793 0.047089
v 0.126427 -0.008524 0.047056
v 0.126287 -0.008461 0.047053
v 0.127274 -0.009922 0.047794
v 0.127263 -0.009474 0.047680
v 0.127228 -0.009327 0.047645
v 0.127113 -0.009048 0.047584
v 0.126941 -0.008795 0.047535
v 0.126837 -0.008683 0.047516
v 0.126596 -0.008491 0.047489
v 0.126140 -0.008411 0.047054
v 0.127162 -0.010322 0.047434
v 0.127234 -0.010033 0.047356
v 0.127243 -0.009734 0.047282
v 0.127224 -0.009585 0.047247
v 0.127139 -0.009296 0.047183
v 0.126996 -0.009028 0.047129
v 0.126904 -0.008906 0.047107
v 0.126800 -0.008793 0.047089
v 0.126561 -0.008601 0.047063
v 0.126427 -0.008524 0.047056
v 0.125844 -0.009440 0.041642
v 0.126639 -0.011760 0.038022
v 0.125744 -0.009843 0.037909
v 0.126598 -0.011873 -0.056091
v 0.125721 -0.009959 -0.056018
v 0.126795 -0.011330 -0.062162
v 0.127244 -0.010096 -0.068314
v 0.127288 -0.009954 -0.068272
v 0.127316 -0.009807 -0.068230
v 0.127328 -0.009658 -0.068189
v 0.127269 -0.009213 -0.068076
v 0.127152 -0.008933 -0.068013
v 0.126980 -0.008681 -0.067962
v 0.126759 -0.008467 -0.067927
v 0.126498 -0.008301 -0.067908
v 0.126209 -0.008189 -0.067906
v 0.127019 -0.010513 0.044428
v 0.127001 -0.010215 0.044374
v 0.126365 -0.009228 0.044235
v 0.126099 -0.009083 0.044226
v 0.126803 -0.011288 0.041392
v 0.126832 -0.011142 0.041373
v 0.126846 -0.010847 0.041335
v 0.126831 -0.010699 0.041317
v 0.126543 -0.010022 0.041245
v 0.126223 -0.009711 0.041221
v 0.126097 -0.009630 0.041217
v 0.126711 -0.011476 0.038000
v 0.126727 -0.011184 0.037979
v 0.126714 -0.011038 0.037969
v 0.126644 -0.010753 0.037950
v 0.126439 -0.010365 0.037928
v 0.126346 -0.010251 0.037922
v 0.126130 -0.010052 0.037914
v 0.126645 -0.011662 0.034050
v 0.126660 -0.011518 0.034047
v 0.126530 -0.010813 0.034031
v 0.126464 -0.010684 0.034029
v 0.126087 -0.010248 0.034022
v 0.126653 -0.011401 0.028809
v 0.126642 -0.011258 0.028810
v 0.126577 -0.010978 0.028811
v 0.126384 -0.010594 0.028814
v 0.126297 -0.010481 0.028814
v 0.126198 -0.010376 0.028815
v 0.126651 -0.011707 -0.002345
v 0.126680 -0.011567 -0.002345
v 0.126696 -0.011425 -0.002345
v 0.126687 -0.011140 -0.002344
v 0.126662 -0.010999 -0.002344
v 0.126573 -0.010728 -0.002344
v 0.126434 -0.010479 -0.002343
v 0.126348 -0.010366 -0.002343
v 0.126683 -0.011560 -0.008451
v 0.126699 -0.011418 -0.008451
v 0.126664 -0.010992 -0.008451
v 0.126575 -0.010721 -0.008451
v 0.126512 -0.010593 -0.008451
v 0.126436 -0.010471 -0.008451
v 0.126349 -0.010358 -0.008451
v 0.126146 -0.010158 -0.008451
v 0.126698 -0.011419 -0.013345
v 0.126700 -0.011276 -0.013345
v 0.126689 -0.011134 -0.013345
v 0.126626 -0.010855 -0.013346
v 0.126436 -0.010473 -0.013346
v 0.126349 -0.010359 -0.013346
v 0.126252 -0.010254 -0.013346
v 0.126030 -0.010075 -0.013346
v 0.126680 -0.011568 -0.018061
v 0.126696 -0.011426 -0.018061
v 0.126687 -0.011141 -0.018062
v 0.126662 -0.011000 -0.018062
v 0.126573 -0.010729 -0.018062
v 0.126434 -0.010480 -0.018063
v 0.126348 -0.010366 -0.018063
v 0.126251 -0.010262 -0.018063
v 0.126694 -0.011293 -0.022601
v 0.126683 -0.011151 -0.022602
v 0.126506 -0.010612 -0.022603
v 0.126431 -0.010491 -0.022603
v 0.126345 -0.010377 -0.022603
v 0.126141 -0.010177 -0.022604
v 0.126643 -0.011729 -0.026965
v 0.126672 -0.011590 -0.026966
v 0.126688 -0.011448 -0.026966
v 0.126565 -0.010751 -0.026968
v 0.126426 -0.010502 -0.026969
v 0.126340 -0.010388 -0.026969
v 0.126243 -0.010283 -0.026969
v 0.126683 -0.011460 -0.031159
v 0.126685 -0.011317 -0.031159
v 0.126559 -0.010762 -0.031161
v 0.126495 -0.010634 -0.031161
v 0.126662 -0.011616 -0.035180
v 0.126680 -0.011330 -0.035181
v 0.126668 -0.011187 -0.035182
v 0.126604 -0.010908 -0.035182
v 0.126489 -0.010646 -0.035183
v 0.126413 -0.010525 -0.035184
v 0.126325 -0.010411 -0.035184
v 0.126120 -0.010211 -0.035184
v 0.126627 -0.011772 -0.039034
v 0.126656 -0.011631 -0.039034
v 0.126672 -0.011488 -0.039035
v 0.126598 -0.010922 -0.039037
v 0.126546 -0.010788 -0.039038
v 0.126405 -0.010538 -0.039039
v 0.126317 -0.010424 -0.039039
v 0.126219 -0.010319 -0.039040
v 0.126650 -0.011649 -0.042726
v 0.126666 -0.011506 -0.042727
v 0.126539 -0.010805 -0.042730
v 0.126474 -0.010676 -0.042731
v 0.126660 -0.011384 -0.046264
v 0.126648 -0.011240 -0.046265
v 0.126583 -0.010960 -0.046266
v 0.126467 -0.010698 -0.046268
v 0.126390 -0.010576 -0.046268
v 0.126302 -0.010462 -0.046269
v 0.125979 -0.010178 -0.046270
v 0.126605 -0.011834 -0.049654
v 0.126634 -0.011693 -0.049655
v 0.126650 -0.011550 -0.049656
v 0.126640 -0.011264 -0.049657
v 0.126575 -0.010984 -0.049659
v 0.126523 -0.010850 -0.049659
v 0.126459 -0.010721 -0.049660
v 0.125972 -0.010202 -0.049662
v 0.125848 -0.010129 -0.049662
v 0.126637 -0.011684 -0.052923
v 0.126653 -0.011540 -0.052921
v 0.126524 -0.010836 -0.052912
v 0.126459 -0.010708 -0.052911
v 0.126381 -0.010586 -0.052909
v 0.126084 -0.010272 -0.052907
v 0.126670 -0.011591 -0.056077
v 0.126686 -0.011446 -0.056070
v 0.126674 -0.011155 -0.056057
v 0.126647 -0.011012 -0.056051
v 0.126405 -0.010485 -0.056031
v 0.126314 -0.010371 -0.056027
v 0.126213 -0.010266 -0.056024
v 0.125982 -0.010089 -0.056019
v 0.125854 -0.010018 -0.056018
v 0.126745 -0.011384 -0.059137
v 0.126760 -0.011238 -0.059124
v 0.126675 -0.010658 -0.059075
v 0.126618 -0.010522 -0.059065
v 0.126549 -0.010392 -0.059056
v 0.126467 -0.010270 -0.059048
v 0.126269 -0.010051 -0.059035
v 0.126032 -0.009875 -0.059027
v 0.125901 -0.009806 -0.059025
v 0.126839 -0.011188 -0.062141
v 0.126868 -0.011043 -0.062119
v 0.126882 -0.010746 -0.062077
v 0.126836 -0.010453 -0.062039
v 0.126574 -0.009920 -0.061978
v 0.126477 -0.009807 -0.061967
v 0.126252 -0.009610 -0.061951
v 0.127059 -0.010402 -0.065004
v 0.127057 -0.010253 -0.064975
v 0.126898 -0.009678 -0.064873
v 0.126822 -0.009547 -0.064853
v 0.126633 -0.009311 -0.064820
v 0.126521 -0.009208 -0.064808
v 0.126399 -0.009117 -0.064799
v 0.127296 -0.009746 -0.067857
v 0.127292 -0.009596 -0.067818
v 0.127187 -0.009158 -0.067715
v 0.126950 -0.008769 -0.067636
v 0.126730 -0.008555 -0.067601
v 0.101174 0.000926 0.055918
v 0.101174 0.000278 -0.071461
v 0.101174 0.069731 -0.101430
v 0.101174 0.100042 -0.078737
v 0.101174 0.001206 -0.077206
v 0.101174 0.027872 -0.100904
v 0.101174 0.089799 -0.098048
v 0.101174 0.098509 -0.087386
v 0.101174 0.004941 -0.086077
v 0.101174 0.009836 -0.091816
v 0.101174 0.022236 -0.099761
v 0.101174 0.087310 -0.099329
v 0.101174 0.097286 -0.090185
v 0.101174 0.003173 -0.082960
v 0.101174 0.016971 -0.097481
v 0.101174 0.095138 -0.093327
v 0.126140 -0.008411 0.047054
v 0.125824 -0.009516 -0.061022
v 0.126209 -0.008189 -0.067906
v 0.126098 -0.002044 -0.081974
v 0.125552 0.002146 -0.088222
v 0.124101 0.007159 -0.093648
v 0.122240 0.010682 -0.096536
v 0.118801 0.014484 -0.099007
v 0.114422 0.017740 -0.100588
v 0.111186 0.020306 -0.101368
v 0.108040 0.023900 -0.101996
v 0.106562 0.026638 -0.102289
v 0.106430 0.062510 -0.103326
v 0.108375 0.067468 -0.103337
v 0.110526 0.070950 -0.103332
v 0.124751 0.084757 -0.102709
v 0.126124 0.087433 -0.102169
v 0.126784 0.091427 -0.100730
v 0.126911 0.093879 -0.099362
v 0.127158 0.099336 -0.094458
v 0.127353 0.103060 -0.088635
v 0.127564 0.105947 -0.080668
v 0.104304 0.041061 -0.103007
v 0.105461 0.030042 -0.102540
v 0.127576 0.106094 -0.080063
v 0.127730 0.107720 -0.067664
v 0.127606 0.106436 0.058492
v 0.127459 0.104618 0.064967
v 0.127312 0.102377 0.069946
v 0.127129 0.098681 0.075202
v 0.127081 0.097603 0.076327
v 0.126804 0.091718 0.080587
v 0.126788 0.091413 0.080748
v 0.126553 0.089192 0.081641
v 0.125762 0.086519 0.082385
v 0.124491 0.084399 0.082762
v 0.123781 0.083530 0.082874
v 0.120996 0.080871 0.083105
v 0.117267 0.077726 0.083250
v 0.110033 0.070274 0.083334
v 0.108935 0.068548 0.083337
v 0.107160 0.064744 0.083334
v 0.106479 0.062693 0.083327
v 0.105677 0.059420 0.083309
v 0.104620 0.051027 0.083221
v 0.104285 0.041845 0.083031
v 0.104380 0.038068 0.082915
v 0.104281 0.041453 0.083021
v 0.105012 0.032198 0.082663
v 0.104625 0.034958 0.082794
v 0.105663 0.029311 0.082491
v 0.107521 0.024705 0.082096
v 0.108463 0.023269 0.081914
v 0.109581 0.021898 0.081697
v 0.110785 0.020689 0.081451
v 0.115260 0.017138 0.080347
v 0.117883 0.015223 0.079421
v 0.119367 0.013990 0.078717
v 0.121627 0.011536 0.077142
v 0.124378 0.006477 0.073022
v 0.125772 0.000796 0.066389
v 0.126317 -0.005292 0.055679
v 0.126377 -0.006413 0.053111
v 0.127530 -0.008088 0.053802
v 0.127566 -0.007675 0.053635
v 0.127470 -0.007270 0.053470
v 0.127375 -0.007088 0.053395
v 0.127289 -0.006963 0.053344
v 0.127249 -0.006911 0.053322
v 0.127042 -0.006712 0.053240
v 0.126796 -0.006555 0.053174
v 0.126662 -0.006495 0.053148
v 0.127409 -0.007144 0.053418
v 0.127248 -0.002157 0.064788
v 0.127084 -0.000571 0.067048
v 0.126321 0.003469 0.071719
v 0.125580 0.005931 0.074047
v 0.124260 0.008874 0.076379
v 0.122579 0.011528 0.078188
v 0.121439 0.012897 0.079023
v 0.118561 0.015507 0.080479
v 0.114181 0.018821 0.081998
v 0.109333 0.023688 0.083291
v 0.107706 0.026535 0.083685
v 0.105954 0.032759 0.084115
v 0.106230 0.056590 0.084634
v 0.108171 0.064353 0.084724
v 0.111894 0.070889 0.084731
v 0.119150 0.077832 0.084586
v 0.124720 0.082858 0.084203
v 0.126170 0.084798 0.083938
v 0.127056 0.086545 0.083627
v 0.127657 0.088376 0.083216
v 0.128245 0.095446 0.079967
v 0.128393 0.099453 0.076447
v 0.128499 0.102270 0.072857
v 0.128606 0.104802 0.068273
v 0.128697 0.106756 0.063069
v 0.128751 0.107820 0.058779
v 0.128809 0.108828 0.051531
v 0.128914 0.109888 -0.031861
v 0.128872 0.109587 -0.056134
v 0.128789 0.108498 -0.074566
v 0.127825 0.106173 -0.080084
v 0.128162 0.106367 -0.080134
v 0.128436 0.106640 -0.080201
v 0.128573 0.106856 -0.080253
v 0.128627 0.106972 -0.080281
v 0.128702 0.107216 -0.080339
v 0.128723 0.107342 -0.080369
v 0.128733 0.107469 -0.080399
v 0.128863 0.109505 0.039085
v 0.128105 0.091935 0.081989
v 0.126459 -0.005101 0.056209
v 0.126751 -0.005211 0.056265
v 0.127124 -0.005472 0.056392
v 0.127226 -0.005581 0.056444
v 0.127491 -0.006097 0.056688
v 0.126658 -0.003733 0.059230
v 0.127032 -0.003974 0.059366
v 0.127303 -0.004307 0.059547
v 0.127413 -0.004563 0.059684
v 0.126247 -0.002068 0.061995
v 0.126530 -0.002155 0.062058
v 0.126663 -0.002217 0.062100
v 0.126901 -0.002373 0.062202
v 0.127098 -0.002569 0.062325
v 0.127243 -0.002796 0.062464
v 0.127355 -0.003174 0.062689
v 0.126075 -0.000418 0.064663
v 0.126215 -0.000449 0.064694
v 0.126351 -0.000492 0.064731
v 0.126715 -0.000684 0.064882
v 0.126818 -0.000768 0.064943
v 0.126911 -0.000860 0.065010
v 0.126993 -0.000959 0.065080
v 0.127118 -0.001177 0.065231
v 0.127161 -0.001293 0.065309
v 0.125944 0.000580 0.066141
v 0.126339 0.000466 0.066257
v 0.126459 0.000407 0.066308
v 0.126571 0.000339 0.066366
v 0.126849 0.000085 0.066568
v 0.127025 -0.000227 0.066802
v 0.127058 -0.000339 0.066883
v 0.125711 0.001999 0.068073
v 0.125970 0.001946 0.068148
v 0.126092 0.001906 0.068195
v 0.126593 0.001576 0.068517
v 0.126666 0.001488 0.068594
v 0.126842 0.001090 0.068924
v 0.125879 0.003349 0.070053
v 0.125985 0.003301 0.070114
v 0.126083 0.003245 0.070181
v 0.126174 0.003183 0.070252
v 0.126257 0.003113 0.070327
v 0.126522 0.002687 0.070741
v 0.125348 0.004911 0.071665
v 0.125556 0.004843 0.071785
v 0.125820 0.004692 0.072001
v 0.125958 0.004561 0.072162
v 0.125101 0.006384 0.073392
v 0.125264 0.006301 0.073541
v 0.125336 0.006252 0.073620
v 0.125401 0.006196 0.073702
v 0.125458 0.006136 0.073786
v 0.124688 0.006784 0.073500
v 0.124787 0.006766 0.073559
v 0.124882 0.006742 0.073623
v 0.125055 0.006676 0.073764
v 0.125205 0.006587 0.073919
v 0.125327 0.006477 0.074086
v 0.125376 0.006416 0.074171
v 0.125417 0.006350 0.074259
v 0.123885 0.008164 0.074611
v 0.124347 0.008120 0.074910
v 0.124427 0.008095 0.074982
v 0.124571 0.008028 0.075138
v 0.124691 0.007941 0.075303
v 0.124784 0.007836 0.075475
v 0.123269 0.009521 0.075761
v 0.123444 0.009526 0.075879
v 0.123819 0.009450 0.076241
v 0.123935 0.009385 0.076405
v 0.123984 0.009346 0.076490
v 0.122511 0.010861 0.076810
v 0.122666 0.010873 0.076938
v 0.122809 0.010866 0.077080
v 0.122875 0.010856 0.077156
v 0.123095 0.010767 0.077481
v 0.122020 0.011646 0.077411
v 0.122092 0.011654 0.077477
v 0.122290 0.011653 0.077694
v 0.122349 0.011643 0.077772
v 0.122404 0.011629 0.077852
v 0.122543 0.011559 0.078103
v 0.120652 0.012824 0.078021
v 0.120795 0.012885 0.078128
v 0.120995 0.012947 0.078316
v 0.121117 0.012966 0.078458
v 0.121226 0.012968 0.078611
v 0.121276 0.012963 0.078690
v 0.121323 0.012953 0.078772
v 0.121404 0.012920 0.078938
v 0.119556 0.014104 0.078875
v 0.119616 0.014134 0.078935
v 0.119888 0.014227 0.079282
v 0.119980 0.014235 0.079438
v 0.118106 0.015385 0.079643
v 0.118258 0.015468 0.079845
v 0.118349 0.015503 0.079993
v 0.118533 0.015517 0.080396
v 0.117145 0.015869 0.079785
v 0.117200 0.015914 0.079839
v 0.117306 0.015993 0.079959
v 0.117357 0.016026 0.080024
v 0.117582 0.016135 0.080392
v 0.117655 0.016149 0.080554
v 0.117687 0.016149 0.080637
v 0.115424 0.017287 0.080513
v 0.115526 0.017368 0.080643
v 0.115575 0.017402 0.080714
v 0.115621 0.017433 0.080788
v 0.115665 0.017459 0.080865
v 0.115782 0.017509 0.081111
v 0.115845 0.017520 0.081284
v 0.115873 0.017519 0.081372
v 0.113700 0.018563 0.080994
v 0.113755 0.018610 0.081060
v 0.113808 0.018652 0.081130
v 0.113859 0.018691 0.081204
v 0.113952 0.018754 0.081363
v 0.114071 0.018812 0.081624
v 0.112052 0.019785 0.081315
v 0.112175 0.019889 0.081445
v 0.112390 0.020044 0.081764
v 0.112515 0.020107 0.082043
v 0.112548 0.020118 0.082140
v 0.110545 0.021036 0.081568
v 0.110690 0.021151 0.081688
v 0.110758 0.021203 0.081758
v 0.110823 0.021250 0.081833
v 0.110996 0.021362 0.082091
v 0.111045 0.021389 0.082186
v 0.111089 0.021410 0.082285
v 0.111128 0.021426 0.082387
v 0.109663 0.021961 0.081746
v 0.109820 0.022074 0.081866
v 0.110031 0.022214 0.082097
v 0.110092 0.022251 0.082185
v 0.110201 0.022309 0.082378
v 0.110322 0.022355 0.082694
v 0.108555 0.023327 0.081962
v 0.108730 0.023435 0.082082
v 0.109030 0.023600 0.082410
v 0.109238 0.023688 0.082827
v 0.107622 0.024757 0.082142
v 0.107813 0.024852 0.082262
v 0.108137 0.024999 0.082596
v 0.108262 0.025046 0.082802
v 0.106844 0.026280 0.082298
v 0.107232 0.026428 0.082572
v 0.107392 0.026482 0.082756
v 0.107461 0.026503 0.082858
v 0.107522 0.026520 0.082966
v 0.107619 0.026542 0.083195
v 0.107681 0.026547 0.083436
v 0.107698 0.026543 0.083560
v 0.106480 0.027792 0.082541
v 0.106578 0.027821 0.082614
v 0.106756 0.027871 0.082785
v 0.106905 0.027909 0.082984
v 0.106967 0.027923 0.083092
v 0.107021 0.027933 0.083206
v 0.105782 0.029713 0.082616
v 0.105888 0.029736 0.082681
v 0.105988 0.029758 0.082754
v 0.106320 0.029823 0.083124
v 0.106383 0.029833 0.083233
v 0.106437 0.029840 0.083346
v 0.106482 0.029844 0.083464
v 0.106558 0.029841 0.083833
v 0.105243 0.032197 0.082762
v 0.105450 0.032227 0.082899
v 0.105544 0.032240 0.082980
v 0.105632 0.032252 0.083069
v 0.105711 0.032261 0.083165
v 0.105783 0.032269 0.083267
v 0.105945 0.032281 0.083604
v 0.105980 0.032281 0.083724
v 0.106005 0.032280 0.083846
v 0.104739 0.034969 0.082840
v 0.104849 0.034979 0.082895
v 0.104954 0.034989 0.082958
v 0.105054 0.034997 0.083031
v 0.105234 0.035010 0.083198
v 0.105313 0.035015 0.083293
v 0.105384 0.035019 0.083393
v 0.105501 0.035023 0.083610
v 0.105581 0.035023 0.083843
v 0.105622 0.035017 0.084086
v 0.104492 0.038073 0.082960
v 0.104704 0.038081 0.083077
v 0.104802 0.038084 0.083149
v 0.105128 0.038090 0.083505
v 0.105244 0.038089 0.083717
v 0.105324 0.038086 0.083946
v 0.105350 0.038083 0.084064
v 0.104696 0.041450 0.083251
v 0.104786 0.041449 0.083329
v 0.104948 0.041445 0.083504
v 0.105080 0.041441 0.083702
v 0.105133 0.041439 0.083808
v 0.105179 0.041436 0.083919
v 0.105215 0.041433 0.084032
v 0.104421 0.044753 0.083149
v 0.104627 0.044745 0.083263
v 0.104896 0.044733 0.083491
v 0.104972 0.044729 0.083580
v 0.105158 0.044718 0.083880
v 0.105240 0.044711 0.084100
v 0.105268 0.044707 0.084214
v 0.104543 0.047949 0.083214
v 0.104843 0.047930 0.083395
v 0.104932 0.047923 0.083470
v 0.105016 0.047918 0.083552
v 0.105162 0.047907 0.083734
v 0.105224 0.047901 0.083834
v 0.105278 0.047897 0.083937
v 0.105324 0.047892 0.084045
v 0.105362 0.047888 0.084156
v 0.104834 0.051009 0.083317
v 0.105030 0.050993 0.083444
v 0.105203 0.050977 0.083601
v 0.105351 0.050963 0.083782
v 0.105468 0.050951 0.083985
v 0.105552 0.050941 0.084204
v 0.105581 0.050937 0.084317
v 0.105089 0.053937 0.083354
v 0.105191 0.053926 0.083414
v 0.105287 0.053914 0.083482
v 0.105378 0.053904 0.083556
v 0.105541 0.053884 0.083727
v 0.105611 0.053875 0.083821
v 0.105675 0.053867 0.083921
v 0.105730 0.053859 0.084025
v 0.105844 0.053843 0.084360
v 0.105864 0.053839 0.084476
v 0.105437 0.056724 0.083382
v 0.105539 0.056707 0.083442
v 0.105729 0.056677 0.083585
v 0.105814 0.056663 0.083667
v 0.106084 0.056618 0.084058
v 0.106131 0.056610 0.084168
v 0.106170 0.056603 0.084281
v 0.106219 0.056593 0.084515
v 0.105789 0.059396 0.083351
v 0.106279 0.059291 0.083688
v 0.106637 0.059211 0.084311
v 0.106666 0.059204 0.084428
v 0.106491 0.061891 0.083415
v 0.106955 0.061759 0.083794
v 0.107027 0.061738 0.083891
v 0.107148 0.061703 0.084104
v 0.106591 0.062659 0.083368
v 0.107084 0.062508 0.083706
v 0.107236 0.062461 0.083895
v 0.107301 0.062441 0.083999
v 0.107404 0.062408 0.084222
v 0.107840 0.064484 0.083804
v 0.107912 0.064456 0.083903
v 0.107976 0.064431 0.084008
v 0.108031 0.064409 0.084119
v 0.108116 0.064376 0.084353
v 0.108084 0.066645 0.083376
v 0.108642 0.066380 0.083807
v 0.108712 0.066347 0.083907
v 0.108912 0.066251 0.084360
v 0.109240 0.068371 0.083483
v 0.109421 0.068266 0.083628
v 0.109578 0.068174 0.083806
v 0.109708 0.068099 0.084013
v 0.109760 0.068069 0.084125
v 0.110133 0.070204 0.083372
v 0.110230 0.070135 0.083421
v 0.110412 0.070008 0.083547
v 0.110573 0.069894 0.083709
v 0.110645 0.069843 0.083802
v 0.110710 0.069798 0.083902
v 0.110768 0.069757 0.084009
v 0.110818 0.069722 0.084121
v 0.110894 0.069669 0.084359
v 0.110919 0.069651 0.084483
v 0.110936 0.069639 0.084609
v 0.111300 0.071366 0.083474
v 0.111384 0.071298 0.083542
v 0.111539 0.071174 0.083704
v 0.111607 0.071118 0.083797
v 0.111669 0.071068 0.083897
v 0.111773 0.070986 0.084115
v 0.111813 0.070953 0.084232
v 0.111870 0.070908 0.084477
v 0.112902 0.073037 0.083532
v 0.113047 0.072902 0.083693
v 0.113170 0.072787 0.083885
v 0.113268 0.072696 0.084103
v 0.113337 0.072633 0.084341
v 0.114959 0.074804 0.083671
v 0.115020 0.074739 0.083763
v 0.115234 0.074517 0.084316
v 0.115257 0.074494 0.084439
v 0.117485 0.077172 0.083536
v 0.117548 0.077100 0.083620
v 0.117749 0.076874 0.084025
v 0.117785 0.076835 0.084141
v 0.117838 0.076780 0.084383
v 0.117854 0.076764 0.084508
v 0.119912 0.079783 0.083202
v 0.119989 0.079694 0.083248
v 0.120265 0.079378 0.083526
v 0.120470 0.079153 0.083927
v 0.120507 0.079114 0.084042
v 0.120563 0.079060 0.084282
v 0.121879 0.080887 0.083353
v 0.122063 0.080697 0.083621
v 0.122115 0.080645 0.083724
v 0.122261 0.080512 0.084185
v 0.123179 0.082385 0.083102
v 0.123334 0.082242 0.083238
v 0.123472 0.082118 0.083407
v 0.123684 0.081943 0.083825
v 0.123722 0.081916 0.083942
v 0.123873 0.083453 0.082908
v 0.123964 0.083378 0.082952
v 0.124137 0.083239 0.083068
v 0.124435 0.083016 0.083401
v 0.124496 0.082974 0.083502
v 0.124551 0.082938 0.083609
v 0.124701 0.082860 0.084079
v 0.124590 0.084330 0.082795
v 0.124782 0.084200 0.082890
v 0.124961 0.084086 0.083023
v 0.125123 0.083989 0.083188
v 0.125262 0.083914 0.083383
v 0.125487 0.083827 0.083956
v 0.125486 0.085028 0.082817
v 0.125668 0.084941 0.082965
v 0.125830 0.084872 0.083144
v 0.125966 0.084823 0.083349
v 0.126072 0.084796 0.083575
v 0.126113 0.084791 0.083693
v 0.125778 0.085995 0.082547
v 0.125885 0.085952 0.082597
v 0.125989 0.085912 0.082657
v 0.126354 0.085796 0.082982
v 0.126499 0.085765 0.083186
v 0.126559 0.085757 0.083297
v 0.126207 0.086363 0.082566
v 0.126309 0.086333 0.082635
v 0.126406 0.086307 0.082712
v 0.126582 0.086268 0.082889
v 0.126792 0.086244 0.083204
v 0.126846 0.086246 0.083319
v 0.126891 0.086252 0.083437
v 0.126342 0.087312 0.082252
v 0.126458 0.087286 0.082302
v 0.126962 0.087215 0.082682
v 0.127043 0.087213 0.082781
v 0.127283 0.087247 0.083230
v 0.127319 0.087266 0.083351
v 0.126744 0.088242 0.082045
v 0.126971 0.088225 0.082169
v 0.127427 0.088254 0.082626
v 0.127493 0.088272 0.082737
v 0.127549 0.088293 0.082852
v 0.127095 0.089389 0.081737
v 0.127210 0.089396 0.081803
v 0.127319 0.089407 0.081878
v 0.127676 0.089491 0.082257
v 0.127742 0.089521 0.082368
v 0.126910 0.089799 0.081486
v 0.127381 0.089836 0.081728
v 0.127577 0.089879 0.081902
v 0.127663 0.089906 0.082001
v 0.127806 0.089971 0.082216
v 0.126862 0.090564 0.081149
v 0.127119 0.090578 0.081228
v 0.127571 0.090659 0.081504
v 0.127893 0.090804 0.081906
v 0.127053 0.091426 0.080804
v 0.127181 0.091440 0.080847
v 0.127304 0.091460 0.080901
v 0.127532 0.091513 0.081038
v 0.127816 0.091626 0.081305
v 0.127957 0.091719 0.081517
v 0.128011 0.091770 0.081631
v 0.128085 0.091879 0.081868
v 0.127265 0.093115 0.079969
v 0.127388 0.093141 0.080021
v 0.127616 0.093210 0.080153
v 0.127972 0.093407 0.080510
v 0.128037 0.093466 0.080614
v 0.127214 0.094709 0.078882
v 0.127341 0.094734 0.078923
v 0.127580 0.094803 0.079033
v 0.127690 0.094847 0.079100
v 0.127792 0.094897 0.079175
v 0.127885 0.094952 0.079257
v 0.128043 0.095077 0.079440
v 0.128107 0.095145 0.079539
v 0.128200 0.095291 0.079748
v 0.127495 0.095452 0.078467
v 0.127611 0.095492 0.078525
v 0.127721 0.095539 0.078591
v 0.127915 0.095650 0.078744
v 0.128073 0.095782 0.078922
v 0.128188 0.095930 0.079119
v 0.127186 0.096967 0.077000
v 0.127317 0.096990 0.077030
v 0.127566 0.097060 0.077115
v 0.127791 0.097159 0.077232
v 0.128140 0.097433 0.077542
v 0.128253 0.097599 0.077726
v 0.127383 0.098488 0.075530
v 0.127631 0.098567 0.075610
v 0.127747 0.098618 0.075661
v 0.127956 0.098743 0.075782
v 0.128048 0.098816 0.075852
v 0.128202 0.098978 0.076006
v 0.128264 0.099067 0.076089
v 0.127315 0.099853 0.073856
v 0.127808 0.100024 0.074002
v 0.127916 0.100088 0.074055
v 0.128261 0.100414 0.074318
v 0.128322 0.100510 0.074394
v 0.128434 0.100818 0.074637
v 0.127506 0.101160 0.072101
v 0.127632 0.101201 0.072132
v 0.127753 0.101253 0.072168
v 0.127975 0.101381 0.072259
v 0.128074 0.101458 0.072312
v 0.128165 0.101542 0.072369
v 0.128246 0.101632 0.072431
v 0.128377 0.101830 0.072564
v 0.127819 0.102536 0.070045
v 0.127932 0.102600 0.070082
v 0.128306 0.102938 0.070276
v 0.128435 0.103146 0.070393
v 0.128483 0.103257 0.070455
v 0.128518 0.103372 0.070518
v 0.127642 0.103584 0.067700
v 0.127765 0.103632 0.067725
v 0.127996 0.103757 0.067786
v 0.128364 0.104110 0.067954
v 0.128433 0.104215 0.068003
v 0.128595 0.104680 0.068217
v 0.127582 0.104560 0.065241
v 0.127830 0.104651 0.065280
v 0.128256 0.104948 0.065398
v 0.128486 0.105253 0.065516
v 0.128587 0.105484 0.065604
v 0.128621 0.105605 0.065650
v 0.127647 0.105433 0.062658
v 0.128006 0.105592 0.062711
v 0.128114 0.105665 0.062734
v 0.128215 0.105746 0.062760
v 0.128308 0.105836 0.062788
v 0.128468 0.106037 0.062851
v 0.128589 0.106262 0.062920
v 0.128666 0.106504 0.062994
v 0.127800 0.105851 0.061360
v 0.127919 0.105905 0.061376
v 0.128332 0.106215 0.061464
v 0.128555 0.106529 0.061550
v 0.127731 0.106471 0.058500
v 0.127852 0.106517 0.058511
v 0.127969 0.106573 0.058523
v 0.128457 0.106988 0.058611
v 0.128530 0.107094 0.058632
v 0.128689 0.107443 0.058703
v 0.128721 0.107566 0.058728
v 0.128013 0.107127 0.055277
v 0.128227 0.107270 0.055299
v 0.128323 0.107354 0.055311
v 0.128493 0.107546 0.055340
v 0.128627 0.107764 0.055371
v 0.128679 0.107881 0.055388
v 0.127939 0.107520 0.051405
v 0.128160 0.107645 0.051418
v 0.128357 0.107807 0.051434
v 0.128445 0.107899 0.051443
v 0.128524 0.107999 0.051453
v 0.128707 0.108332 0.051485
v 0.128088 0.107943 0.046378
v 0.128195 0.108011 0.046382
v 0.128623 0.108470 0.046409
v 0.128683 0.108581 0.046416
v 0.128805 0.108939 0.046436
v 0.128425 0.108486 0.039053
v 0.128510 0.108579 0.039056
v 0.128765 0.109012 0.039070
v 0.128805 0.109132 0.039073
v 0.128267 0.108542 0.028544
v 0.128620 0.108900 0.028550
v 0.128864 0.109477 0.028559
v 0.128075 0.108545 0.016644
v 0.128185 0.108605 0.016645
v 0.128708 0.109138 0.016650
v 0.128853 0.109485 0.016653
v 0.128216 0.108672 -0.004625
v 0.128789 0.109313 -0.004625
v 0.128571 0.108965 -0.031856
v 0.128647 0.109065 -0.031856
v 0.128772 0.109282 -0.031858
v 0.128859 0.109517 -0.031859
v 0.128888 0.109639 -0.031860
v 0.128271 0.108570 -0.046504
v 0.128371 0.108648 -0.046505
v 0.128624 0.108928 -0.046509
v 0.128692 0.109035 -0.046511
v 0.128800 0.109263 -0.046514
v 0.128027 0.108274 -0.056101
v 0.128138 0.108334 -0.056103
v 0.128436 0.108566 -0.056109
v 0.128667 0.108866 -0.056117
v 0.128815 0.109213 -0.056125
v 0.128845 0.109336 -0.056128
v 0.128121 0.108219 -0.060164
v 0.128420 0.108450 -0.060172
v 0.128651 0.108748 -0.060183
v 0.128711 0.108859 -0.060187
v 0.128761 0.108975 -0.060191
v 0.128208 0.108132 -0.064023
v 0.128634 0.108592 -0.064046
v 0.128745 0.108819 -0.064057
v 0.128850 0.109342 -0.060203
v 0.128816 0.109061 -0.064068
v 0.127850 0.107759 -0.067667
v 0.128288 0.108010 -0.067685
v 0.128547 0.108287 -0.067703
v 0.128677 0.108504 -0.067717
v 0.128728 0.108620 -0.067724
v 0.128769 0.108740 -0.067732
v 0.128447 0.107925 -0.071162
v 0.128526 0.108025 -0.071171
v 0.128596 0.108130 -0.071181
v 0.128709 0.108358 -0.071202
v 0.128750 0.108478 -0.071213
v 0.127789 0.107142 -0.074385
v 0.127909 0.107189 -0.074392
v 0.128133 0.107314 -0.074410
v 0.128236 0.107390 -0.074420
v 0.128501 0.107666 -0.074458
v 0.128572 0.107773 -0.074472
v 0.128759 0.108245 -0.074534
v 0.128779 0.108371 -0.074550
v 0.128298 0.106995 -0.077537
v 0.128605 0.107404 -0.077613
v 0.127576 0.106094 -0.080063
v 0.126377 -0.006413 -0.073111
v 0.126014 -0.001212 -0.083322
v 0.125829 0.000404 -0.085831
v 0.125268 0.003499 -0.089877
v 0.125195 0.003773 -0.090181
v 0.124712 0.005474 -0.092016
v 0.123036 0.009390 -0.095555
v 0.120148 0.013242 -0.098261
v 0.118381 0.014812 -0.099186
v 0.116185 0.016478 -0.100054
v 0.112768 0.018979 -0.101012
v 0.108224 0.023603 -0.101960
v 0.107318 0.025064 -0.102135
v 0.106044 0.028018 -0.102401
v 0.107149 0.064713 -0.103334
v 0.108917 0.068516 -0.103337
v 0.109686 0.069719 -0.103335
v 0.113921 0.074730 -0.103309
v 0.116823 0.077325 -0.103255
v 0.120582 0.080519 -0.103124
v 0.123101 0.082804 -0.102952
v 0.125358 0.085720 -0.102546
v 0.126124 0.087433 -0.102169
v 0.126511 0.088916 -0.101738
v 0.126818 0.091970 -0.100475
v 0.127047 0.096819 -0.097102
v 0.127158 0.099336 -0.094458
v 0.127210 0.100452 -0.092988
v 0.127362 0.103205 -0.088337
v 0.105513 0.058563 -0.103303
v 0.104894 0.054001 -0.103259
v 0.104432 0.047697 -0.103164
v 0.104346 0.038771 -0.102939
v 0.104940 0.032617 -0.102685
v 0.127825 0.106173 -0.080084
v 0.128056 0.106293 -0.080115
v 0.128162 0.106367 -0.080134
v 0.128261 0.106450 -0.080155
v 0.128436 0.106640 -0.080201
v 0.128573 0.106856 -0.080253
v 0.128627 0.106972 -0.080281
v 0.128702 0.107216 -0.080339
v 0.128733 0.107469 -0.080399
v 0.127530 -0.008088 -0.073802
v 0.127564 -0.007647 -0.073624
v 0.127542 -0.007501 -0.073564
v 0.127447 -0.007219 -0.073449
v 0.127191 -0.006847 -0.073296
v 0.127079 -0.006742 -0.073252
v 0.126822 -0.006569 -0.073179
v 0.126531 -0.006450 -0.073128
v 0.127445 -0.005111 -0.079970
v 0.127107 -0.000775 -0.086766
v 0.126321 0.003469 -0.091719
v 0.123248 0.010588 -0.097580
v 0.122704 0.011330 -0.098055
v 0.111980 0.020699 -0.102617
v 0.110124 0.022661 -0.103095
v 0.107539 0.026919 -0.103724
v 0.105640 0.035025 -0.104207
v 0.105339 0.038771 -0.104323
v 0.106530 0.058358 -0.104659
v 0.108953 0.066197 -0.104735
v 0.111415 0.070278 -0.104734
v 0.113342 0.072520 -0.104718
v 0.123979 0.082067 -0.104291
v 0.124984 0.083166 -0.104166
v 0.126489 0.085344 -0.103849
v 0.127680 0.088535 -0.103168
v 0.128120 0.092263 -0.101838
v 0.128269 0.096076 -0.099509
v 0.128370 0.098837 -0.097091
v 0.128482 0.101827 -0.093506
v 0.128585 0.104322 -0.089282
v 0.119522 0.014726 -0.100058
v 0.125562 0.005982 -0.094091
v 0.127389 -0.005826 -0.076561
v 0.127314 -0.005700 -0.076501
v 0.127010 -0.005373 -0.076344
v 0.126751 -0.005211 -0.076265
v 0.126608 -0.005149 -0.076234
v 0.127461 -0.004835 -0.079827
v 0.127226 -0.004187 -0.079482
v 0.126517 -0.003677 -0.079197
v 0.126369 -0.003634 -0.079170
v 0.127333 -0.003045 -0.082613
v 0.127005 -0.002467 -0.082261
v 0.126663 -0.002217 -0.082100
v 0.126530 -0.002155 -0.082058
v 0.127161 -0.001293 -0.085309
v 0.126993 -0.000959 -0.085080
v 0.126911 -0.000860 -0.085010
v 0.126480 -0.000546 -0.084775
v 0.126215 -0.000449 -0.084694
v 0.126075 -0.000418 -0.084663
v 0.127058 -0.000339 -0.086884
v 0.126849 0.000085 -0.086568
v 0.126767 0.000178 -0.086497
v 0.126674 0.000263 -0.086429
v 0.126571 0.000339 -0.086366
v 0.125944 0.000580 -0.086141
v 0.126750 0.001444 -0.088934
v 0.126700 0.001541 -0.088852
v 0.126289 0.001938 -0.088486
v 0.126180 0.001996 -0.088426
v 0.126065 0.002044 -0.088372
v 0.125816 0.002115 -0.088283
v 0.125685 0.002135 -0.088249
v 0.126482 0.002818 -0.090695
v 0.126321 0.003074 -0.090445
v 0.126166 0.003218 -0.090291
v 0.125976 0.003336 -0.090154
v 0.125759 0.003423 -0.090037
v 0.125642 0.003455 -0.089987
v 0.125520 0.003478 -0.089943
v 0.126047 0.004455 -0.092376
v 0.126001 0.004533 -0.092290
v 0.125880 0.004673 -0.092124
v 0.125726 0.004792 -0.091969
v 0.125542 0.004886 -0.091829
v 0.125335 0.004953 -0.091709
v 0.125224 0.004976 -0.091657
v 0.125109 0.004991 -0.091611
v 0.124991 0.004998 -0.091572
v 0.125529 0.006054 -0.094003
v 0.125439 0.006186 -0.093830
v 0.125382 0.006245 -0.093746
v 0.125082 0.006432 -0.093436
v 0.124896 0.006490 -0.093304
v 0.124584 0.006529 -0.093143
v 0.124474 0.006529 -0.093101
v 0.125294 0.006473 -0.093947
v 0.125080 0.006615 -0.093709
v 0.124906 0.006683 -0.093568
v 0.124811 0.006707 -0.093505
v 0.124608 0.006737 -0.093392
v 0.124671 0.007910 -0.095158
v 0.124608 0.007952 -0.095076
v 0.124538 0.007989 -0.094997
v 0.124383 0.008046 -0.094848
v 0.124298 0.008067 -0.094779
v 0.124208 0.008081 -0.094715
v 0.124018 0.008094 -0.094599
v 0.123919 0.008092 -0.094549
v 0.124037 0.009254 -0.096422
v 0.123805 0.009386 -0.096094
v 0.123734 0.009407 -0.096019
v 0.123408 0.009440 -0.095751
v 0.123318 0.009435 -0.095694
v 0.123211 0.010626 -0.097494
v 0.123168 0.010660 -0.097409
v 0.122811 0.010769 -0.096935
v 0.122737 0.010771 -0.096865
v 0.122660 0.010768 -0.096800
v 0.122498 0.010747 -0.096680
v 0.122162 0.012017 -0.098291
v 0.122117 0.012037 -0.098208
v 0.122067 0.012053 -0.098126
v 0.122014 0.012065 -0.098046
v 0.121957 0.012072 -0.097968
v 0.121765 0.012065 -0.097750
v 0.121695 0.012054 -0.097684
v 0.121622 0.012039 -0.097622
v 0.122048 0.012182 -0.098492
v 0.121963 0.012224 -0.098325
v 0.121914 0.012239 -0.098243
v 0.121616 0.012245 -0.097868
v 0.121475 0.012216 -0.097739
v 0.120899 0.013427 -0.099143
v 0.120858 0.013438 -0.099060
v 0.120765 0.013448 -0.098900
v 0.120660 0.013440 -0.098748
v 0.120353 0.013346 -0.098416
v 0.120217 0.013280 -0.098309
v 0.119423 0.014752 -0.099811
v 0.119383 0.014752 -0.099730
v 0.119249 0.014727 -0.099500
v 0.119199 0.014710 -0.099427
v 0.119147 0.014689 -0.099358
v 0.119093 0.014664 -0.099291
v 0.118862 0.014527 -0.099057
v 0.117696 0.016142 -0.100633
v 0.117664 0.016142 -0.100550
v 0.117550 0.016115 -0.100310
v 0.117366 0.016020 -0.100021
v 0.117315 0.015986 -0.099956
v 0.117262 0.015948 -0.099894
v 0.116630 0.016799 -0.100641
v 0.116588 0.016779 -0.100564
v 0.116544 0.016755 -0.100489
v 0.116497 0.016727 -0.100416
v 0.116294 0.016576 -0.100160
v 0.116240 0.016528 -0.100105
v 0.115014 0.018144 -0.101546
v 0.114835 0.018077 -0.101115
v 0.114743 0.018017 -0.100961
v 0.114694 0.017981 -0.100888
v 0.114590 0.017896 -0.100755
v 0.113421 0.019422 -0.102115
v 0.113367 0.019417 -0.101921
v 0.113334 0.019407 -0.101827
v 0.113297 0.019392 -0.101735
v 0.113257 0.019372 -0.101645
v 0.113116 0.019281 -0.101395
v 0.113064 0.019241 -0.101319
v 0.112892 0.019095 -0.101119
v 0.112830 0.019039 -0.101063
v 0.111937 0.020707 -0.102408
v 0.111874 0.020691 -0.102204
v 0.111794 0.020654 -0.102010
v 0.111747 0.020627 -0.101918
v 0.111641 0.020558 -0.101746
v 0.111522 0.020469 -0.101593
v 0.111458 0.020418 -0.101524
v 0.110581 0.022011 -0.102517
v 0.110496 0.021974 -0.102311
v 0.110445 0.021947 -0.102214
v 0.110390 0.021915 -0.102121
v 0.110329 0.021878 -0.102034
v 0.110060 0.022666 -0.102756
v 0.110025 0.022657 -0.102646
v 0.109984 0.022642 -0.102539
v 0.109764 0.022527 -0.102152
v 0.109696 0.022486 -0.102069
v 0.109624 0.022439 -0.101991
v 0.109469 0.022334 -0.101857
v 0.108972 0.023998 -0.102766
v 0.108922 0.023980 -0.102658
v 0.108866 0.023956 -0.102555
v 0.108803 0.023927 -0.102457
v 0.108661 0.023855 -0.102278
v 0.108581 0.023812 -0.102199
v 0.108410 0.023714 -0.102063
v 0.108319 0.023660 -0.102007
v 0.108122 0.025408 -0.102954
v 0.108071 0.025393 -0.102844
v 0.108011 0.025372 -0.102738
v 0.107945 0.025347 -0.102637
v 0.107706 0.025247 -0.102374
v 0.107615 0.025206 -0.102301
v 0.107420 0.025114 -0.102182
v 0.107516 0.026931 -0.103475
v 0.107490 0.026931 -0.103353
v 0.107454 0.026927 -0.103233
v 0.107356 0.026907 -0.103003
v 0.107295 0.026890 -0.102895
v 0.107225 0.026870 -0.102793
v 0.107148 0.026846 -0.102697
v 0.107064 0.026819 -0.102608
v 0.106878 0.026755 -0.102454
v 0.106671 0.026679 -0.102334
v 0.106957 0.028256 -0.103349
v 0.106912 0.028250 -0.103232
v 0.106795 0.028227 -0.103010
v 0.106560 0.028169 -0.102721
v 0.106467 0.028144 -0.102639
v 0.106447 0.030216 -0.103732
v 0.106422 0.030218 -0.103609
v 0.106342 0.030212 -0.103370
v 0.106288 0.030205 -0.103257
v 0.106225 0.030196 -0.103148
v 0.105892 0.030136 -0.102778
v 0.105791 0.030115 -0.102705
v 0.106156 0.028053 -0.102447
v 0.105686 0.030092 -0.102641
v 0.105942 0.032722 -0.103992
v 0.105927 0.032725 -0.103868
v 0.105902 0.032727 -0.103746
v 0.105867 0.032727 -0.103626
v 0.105768 0.032722 -0.103397
v 0.105705 0.032716 -0.103290
v 0.105633 0.032709 -0.103188
v 0.105466 0.032690 -0.103004
v 0.105272 0.032665 -0.102850
v 0.105166 0.032650 -0.102786
v 0.105550 0.035547 -0.103983
v 0.105489 0.035551 -0.103745
v 0.105444 0.035551 -0.103631
v 0.105328 0.035547 -0.103414
v 0.105257 0.035544 -0.103314
v 0.105178 0.035540 -0.103220
v 0.104998 0.035528 -0.103053
v 0.105331 0.038775 -0.104203
v 0.105253 0.038783 -0.103850
v 0.105208 0.038784 -0.103738
v 0.105154 0.038785 -0.103630
v 0.105092 0.038786 -0.103526
v 0.104944 0.038785 -0.103336
v 0.104669 0.038781 -0.103101
v 0.104566 0.038778 -0.103038
v 0.105210 0.042369 -0.104053
v 0.105174 0.042372 -0.103940
v 0.105128 0.042375 -0.103830
v 0.104943 0.042384 -0.103527
v 0.104692 0.042391 -0.103276
v 0.104388 0.042396 -0.103092
v 0.105322 0.045874 -0.104351
v 0.105303 0.045877 -0.104235
v 0.105192 0.045888 -0.103902
v 0.105138 0.045892 -0.103798
v 0.105076 0.045896 -0.103698
v 0.104930 0.045906 -0.103515
v 0.104562 0.045925 -0.103228
v 0.105439 0.049266 -0.104178
v 0.105401 0.049271 -0.104067
v 0.105355 0.049275 -0.103960
v 0.105008 0.049305 -0.103493
v 0.104919 0.049312 -0.103418
v 0.104824 0.049319 -0.103351
v 0.104457 0.045930 -0.103175
v 0.105709 0.052479 -0.104340
v 0.105679 0.052484 -0.104226
v 0.105641 0.052489 -0.104115
v 0.105477 0.052508 -0.103804
v 0.105329 0.052524 -0.103622
v 0.105155 0.052542 -0.103465
v 0.105977 0.055524 -0.104155
v 0.105930 0.055532 -0.104046
v 0.105875 0.055540 -0.103941
v 0.105661 0.055572 -0.103657
v 0.105485 0.055597 -0.103499
v 0.106519 0.058362 -0.104538
v 0.106499 0.058366 -0.104419
v 0.106470 0.058373 -0.104302
v 0.106329 0.058403 -0.103970
v 0.106192 0.058430 -0.103772
v 0.106113 0.058446 -0.103682
v 0.105836 0.058501 -0.103456
v 0.105733 0.058521 -0.103396
v 0.105625 0.058541 -0.103345
v 0.106868 0.060254 -0.104321
v 0.106782 0.060276 -0.104093
v 0.106662 0.060306 -0.103883
v 0.106509 0.060343 -0.103695
v 0.106329 0.060387 -0.103535
v 0.106126 0.060436 -0.103408
v 0.107459 0.062347 -0.104460
v 0.107430 0.062356 -0.104339
v 0.107392 0.062368 -0.104222
v 0.107224 0.062421 -0.103895
v 0.108067 0.064361 -0.104234
v 0.108020 0.064379 -0.104119
v 0.107964 0.064400 -0.104008
v 0.107749 0.064483 -0.103712
v 0.107570 0.064552 -0.103551
v 0.107260 0.064670 -0.103374
v 0.108944 0.066202 -0.104608
v 0.108899 0.066224 -0.104360
v 0.108816 0.066263 -0.104124
v 0.108762 0.066289 -0.104013
v 0.108699 0.066319 -0.103907
v 0.108550 0.066389 -0.103714
v 0.108278 0.066518 -0.103484
v 0.109743 0.068038 -0.104125
v 0.109690 0.068069 -0.104013
v 0.109629 0.068104 -0.103906
v 0.109561 0.068143 -0.103806
v 0.110178 0.068527 -0.104486
v 0.110152 0.068543 -0.104362
v 0.110117 0.068565 -0.104241
v 0.110021 0.068624 -0.104012
v 0.109894 0.068702 -0.103805
v 0.109651 0.068851 -0.103550
v 0.109559 0.068908 -0.103482
v 0.109362 0.069030 -0.103375
v 0.111367 0.070315 -0.104356
v 0.111333 0.070340 -0.104235
v 0.111243 0.070408 -0.104006
v 0.111123 0.070498 -0.103799
v 0.111053 0.070551 -0.103706
v 0.110977 0.070609 -0.103621
v 0.112871 0.072080 -0.104470
v 0.112848 0.072100 -0.104346
v 0.112731 0.072204 -0.103996
v 0.112481 0.072427 -0.103612
v 0.112405 0.072495 -0.103535
v 0.112239 0.072644 -0.103410
v 0.114700 0.073936 -0.104574
v 0.114684 0.073950 -0.104448
v 0.114662 0.073973 -0.104325
v 0.114595 0.074040 -0.104088
v 0.114551 0.074084 -0.103976
v 0.114501 0.074135 -0.103870
v 0.114382 0.074255 -0.103678
v 0.116112 0.075278 -0.104424
v 0.116090 0.075301 -0.104301
v 0.115982 0.075415 -0.103953
v 0.115933 0.075468 -0.103848
v 0.115819 0.075592 -0.103657
v 0.115754 0.075663 -0.103573
v 0.115611 0.075819 -0.103431
v 0.115535 0.075904 -0.103374
v 0.115455 0.075991 -0.103326
v 0.119224 0.077943 -0.104338
v 0.119201 0.077967 -0.104216
v 0.119171 0.077998 -0.104097
v 0.118991 0.078198 -0.103669
v 0.118732 0.078497 -0.103355
v 0.118582 0.078673 -0.103252
v 0.122008 0.080259 -0.104326
v 0.121988 0.080273 -0.104203
v 0.121929 0.080325 -0.103964
v 0.121889 0.080363 -0.103850
v 0.121844 0.080408 -0.103741
v 0.121737 0.080517 -0.103541
v 0.121468 0.080806 -0.103232
v 0.122689 0.080894 -0.104154
v 0.122661 0.080916 -0.104033
v 0.122429 0.081132 -0.103495
v 0.122298 0.081263 -0.103324
v 0.122074 0.081497 -0.103132
v 0.123962 0.082072 -0.104166
v 0.123824 0.082162 -0.103694
v 0.123716 0.082248 -0.103484
v 0.123586 0.082359 -0.103301
v 0.123357 0.082564 -0.103085
v 0.124937 0.083175 -0.103920
v 0.124901 0.083189 -0.103801
v 0.124859 0.083211 -0.103685
v 0.124753 0.083272 -0.103466
v 0.124468 0.083465 -0.103104
v 0.124385 0.083526 -0.103033
v 0.124298 0.083592 -0.102971
v 0.125661 0.084258 -0.103544
v 0.125544 0.084305 -0.103327
v 0.125476 0.084337 -0.103227
v 0.125401 0.084374 -0.103133
v 0.125051 0.084570 -0.102837
v 0.124953 0.084629 -0.102784
v 0.125837 0.084366 -0.103758
v 0.125750 0.084387 -0.103525
v 0.125695 0.084407 -0.103414
v 0.125406 0.084540 -0.103028
v 0.125229 0.084636 -0.102880
v 0.126464 0.085335 -0.103726
v 0.126430 0.085331 -0.103605
v 0.126387 0.085332 -0.103486
v 0.126277 0.085350 -0.103261
v 0.126210 0.085367 -0.103156
v 0.126137 0.085389 -0.103056
v 0.126056 0.085416 -0.102963
v 0.125877 0.085483 -0.102800
v 0.125780 0.085523 -0.102731
v 0.126917 0.086310 -0.103426
v 0.126872 0.086303 -0.103307
v 0.126818 0.086301 -0.103193
v 0.126756 0.086304 -0.103082
v 0.126522 0.086340 -0.102786
v 0.126333 0.086386 -0.102624
v 0.126230 0.086415 -0.102555
v 0.126124 0.086448 -0.102495
v 0.127306 0.087316 -0.103214
v 0.127260 0.087300 -0.103096
v 0.127140 0.087282 -0.102870
v 0.126896 0.087285 -0.102574
v 0.126800 0.087295 -0.102490
v 0.126698 0.087308 -0.102413
v 0.127474 0.087856 -0.103088
v 0.127427 0.087835 -0.102969
v 0.127371 0.087819 -0.102854
v 0.127231 0.087797 -0.102638
v 0.127148 0.087793 -0.102539
v 0.127057 0.087792 -0.102447
v 0.126960 0.087795 -0.102362
v 0.127786 0.089068 -0.102894
v 0.127750 0.089034 -0.102772
v 0.127581 0.088951 -0.102427
v 0.127505 0.088930 -0.102322
v 0.127327 0.088899 -0.102131
v 0.127119 0.088884 -0.101972
v 0.127851 0.090364 -0.102075
v 0.127709 0.090292 -0.101860
v 0.127426 0.090211 -0.101588
v 0.127316 0.090192 -0.101513
v 0.127200 0.090177 -0.101448
v 0.128070 0.092147 -0.101598
v 0.128028 0.092091 -0.101481
v 0.127909 0.091988 -0.101260
v 0.127653 0.091857 -0.100973
v 0.127439 0.091791 -0.100819
v 0.127321 0.091765 -0.100756
v 0.127198 0.091744 -0.100703
v 0.126939 0.091717 -0.100626
v 0.127987 0.092310 -0.101236
v 0.127846 0.092209 -0.101026
v 0.127666 0.092123 -0.100842
v 0.127563 0.092086 -0.100762
v 0.127335 0.092026 -0.100627
v 0.127212 0.092004 -0.100573
v 0.127084 0.091987 -0.100530
v 0.128062 0.094073 -0.100249
v 0.127998 0.094011 -0.100147
v 0.127643 0.093802 -0.099796
v 0.127533 0.093762 -0.099727
v 0.127416 0.093728 -0.099666
v 0.127166 0.093679 -0.099572
v 0.128224 0.095914 -0.099295
v 0.128184 0.095836 -0.099191
v 0.128069 0.095689 -0.098993
v 0.127818 0.095500 -0.098734
v 0.127607 0.095401 -0.098595
v 0.127491 0.095361 -0.098537
v 0.127369 0.095328 -0.098487
v 0.127241 0.095301 -0.098446
v 0.128287 0.097546 -0.097950
v 0.128248 0.097459 -0.097853
v 0.128062 0.097219 -0.097582
v 0.127979 0.097148 -0.097501
v 0.127785 0.097023 -0.097356
v 0.127438 0.096886 -0.097192
v 0.127311 0.096856 -0.097153
v 0.128356 0.098740 -0.096996
v 0.128240 0.098463 -0.096720
v 0.128178 0.098377 -0.096634
v 0.127830 0.098086 -0.096338
v 0.127484 0.097939 -0.096181
v 0.127357 0.097906 -0.096144
v 0.128388 0.100191 -0.095200
v 0.128350 0.100090 -0.095116
v 0.127894 0.099582 -0.094683
v 0.127786 0.099520 -0.094629
v 0.127671 0.099466 -0.094580
v 0.127423 0.099383 -0.094504
v 0.127292 0.099355 -0.094477
v 0.128358 0.101395 -0.093202
v 0.128298 0.101295 -0.093131
v 0.128227 0.101201 -0.093064
v 0.128414 0.102676 -0.091215
v 0.128354 0.102571 -0.091152
v 0.128284 0.102471 -0.091092
v 0.127794 0.102077 -0.090849
v 0.128550 0.104082 -0.089163
v 0.128515 0.103965 -0.089105
v 0.128468 0.103851 -0.089048
v 0.128341 0.103638 -0.088941
v 0.128173 0.103449 -0.088844
v 0.127970 0.103291 -0.088762
v 0.127857 0.103225 -0.088727
v 0.127613 0.103122 -0.088671
v 0.127485 0.103085 -0.088651
v 0.128522 0.104115 -0.088798
v 0.128181 0.103598 -0.088542
v 0.128083 0.103514 -0.088500
v 0.127978 0.103439 -0.088462
v 0.127746 0.103315 -0.088398
v 0.127494 0.103231 -0.088352
v 0.128574 0.105211 -0.086309
v 0.128528 0.105094 -0.086262
v 0.128404 0.104874 -0.086173
v 0.128327 0.104773 -0.086131
v 0.127813 0.104384 -0.085968
v 0.128654 0.106277 -0.083721
v 0.128577 0.106036 -0.083643
v 0.128521 0.105921 -0.083606
v 0.128456 0.105812 -0.083570
v 0.128099 0.105441 -0.083447
v 0.127876 0.105307 -0.083400
v 0.128715 0.107191 -0.080992
v 0.128662 0.106942 -0.080930
v 0.128500 0.106595 -0.080841
v 0.128426 0.106490 -0.080814
v 0.127530 -0.008088 0.053802
v 0.127244 -0.010096 0.048314
v 0.125059 -0.015159 0.059413
v 0.125375 -0.015234 0.055005
v 0.125545 -0.014764 0.054909
v 0.125656 -0.014461 0.054776
v 0.126118 -0.012483 0.058002
v 0.126338 -0.011835 0.057623
v 0.125692 -0.014361 0.054688
v 0.126608 -0.010966 0.057101
v 0.125760 -0.014174 0.054449
v 0.126913 -0.009942 0.056282
v 0.124452 -0.016696 0.059747
v 0.123482 -0.020433 0.055010
v 0.125944 -0.013491 0.056392
v 0.126009 -0.013311 0.056282
v 0.126070 -0.013134 0.056176
v 0.126175 -0.012829 0.055975
v 0.127244 -0.010096 -0.068314
v 0.127328 -0.009658 -0.068189
v 0.127269 -0.009213 -0.068076
v 0.127218 -0.009070 -0.068043
v 0.127152 -0.008933 -0.068013
v 0.126980 -0.008681 -0.067962
v 0.126759 -0.008467 -0.067927
v 0.126633 -0.008377 -0.067915
v 0.126498 -0.008301 -0.067908
v 0.126209 -0.008189 -0.067906
v 0.126289 -0.007798 -0.069195
v 0.126378 -0.006808 -0.072079
v 0.126385 -0.006614 -0.072609
v 0.127558 -0.007942 -0.073743
v 0.127530 -0.008088 -0.073802
v 0.127542 -0.007501 -0.073564
v 0.127447 -0.007219 -0.073449
v 0.127376 -0.007087 -0.073395
v 0.127291 -0.006962 -0.073344
v 0.127191 -0.006847 -0.073296
v 0.127247 -0.006912 -0.073323
v 0.127079 -0.006742 -0.073252
v 0.126822 -0.006569 -0.073179
v 0.126680 -0.006502 -0.073151
v 0.126522 -0.006448 -0.073127
v 0.127504 -0.009009 -0.070686
v 0.127510 -0.008865 -0.070637
v 0.127474 -0.008576 -0.070543
v 0.127308 -0.008169 -0.070416
v 0.126641 -0.007581 -0.070254
v 0.126500 -0.007525 -0.070242
v 0.127571 -0.008038 -0.073168
v 0.127570 -0.007898 -0.073113
v 0.127417 -0.007361 -0.072902
v 0.127258 -0.007124 -0.072809
v 0.127051 -0.006922 -0.072730
v 0.127244 -0.010096 -0.068314
v 0.127530 -0.008088 -0.073802
v 0.126872 -0.010080 -0.076413
v 0.125671 -0.014418 -0.074744
v 0.125651 -0.014475 -0.074785
v 0.125557 -0.014732 -0.074899
v 0.125760 -0.013429 -0.078584
v 0.125432 -0.015077 -0.074981
v 0.124878 -0.015609 -0.079549
v 0.123482 -0.020433 -0.075010
v 0.124452 -0.016696 -0.079746
v 0.124452 -0.016696 -0.079747
v 0.125691 -0.014173 -0.076788
v 0.125594 -0.014430 -0.076911
v 0.124452 -0.016696 0.059747
v 0.123482 -0.020433 0.055010
v 0.123290 -0.020738 0.055326
v 0.123197 -0.020822 0.055425
v 0.122973 -0.020959 0.055609
v 0.122565 -0.021074 0.055832
v 0.122261 -0.021086 0.055934
v 0.124317 -0.016895 0.059927
v 0.124230 -0.016984 0.060012
v 0.123902 -0.017200 0.060233
v 0.123499 -0.017324 0.060388
v 0.123206 -0.017351 0.060449
v 0.123524 -0.019118 0.057860
v 0.123482 -0.020433 0.055010
v 0.123482 -0.020433 -0.075010
v 0.123433 -0.020542 0.055117
v 0.123437 -0.020533 0.055108
v 0.123197 -0.020822 0.055425
v 0.122973 -0.020959 0.055609
v 0.122565 -0.021074 0.055832
v 0.122261 -0.021086 0.055934
v 0.123381 -0.020628 -0.075205
v 0.123311 -0.020715 -0.075300
v 0.123229 -0.020795 -0.075393
v 0.123033 -0.020929 -0.075566
v 0.122673 -0.021056 -0.075783
v 0.120860 -0.027637 -0.066810
v 0.118294 -0.034687 -0.060427
v 0.117257 -0.035132 -0.061520
v 0.113973 -0.046559 -0.052291
v 0.113183 -0.048731 -0.050069
v 0.111908 -0.049400 -0.050982
v 0.112738 -0.049953 -0.048190
v 0.111358 -0.050781 -0.048861
v 0.110875 -0.051945 -0.045351
v 0.112361 -0.050989 -0.045057
v 0.112271 -0.051235 0.023444
v 0.110764 -0.052208 0.023620
v 0.112451 -0.050742 0.026114
v 0.110988 -0.051673 0.026515
v 0.111315 -0.050885 0.028651
v 0.112816 -0.049739 0.028591
v 0.112026 -0.049097 0.031345
v 0.113283 -0.048455 0.030401
v 0.118764 -0.033396 0.041434
v 0.117712 -0.033876 0.042500
v 0.120499 -0.028630 0.045784
v 0.112806 -0.047071 -0.053359
v 0.122261 -0.021086 -0.075934
v 0.120768 -0.027813 -0.067009
v 0.120704 -0.027892 -0.067107
v 0.119788 -0.030284 -0.064861
v 0.119078 -0.032458 -0.062558
v 0.119020 -0.032527 -0.062662
v 0.118160 -0.034889 -0.060760
v 0.117621 -0.035120 -0.061328
v 0.117323 -0.037336 -0.058735
v 0.115984 -0.040567 -0.057309
v 0.115478 -0.042250 -0.055976
v 0.114877 -0.043898 -0.054869
v 0.114726 -0.043999 -0.055091
v 0.114432 -0.045277 -0.053527
v 0.114383 -0.045350 -0.053642
v 0.114323 -0.045416 -0.053756
v 0.114250 -0.045475 -0.053867
v 0.113818 -0.046797 -0.052626
v 0.113654 -0.046921 -0.052835
v 0.113491 -0.047861 -0.051258
v 0.113436 -0.047949 -0.051365
v 0.112712 -0.049248 -0.050624
v 0.112594 -0.049302 -0.050702
v 0.112468 -0.049345 -0.050773
v 0.112335 -0.049377 -0.050838
v 0.112197 -0.049396 -0.050894
v 0.112054 -0.049404 -0.050943
v 0.112867 -0.049244 -0.050283
v 0.112769 -0.049320 -0.050370
v 0.112542 -0.049441 -0.050529
v 0.112415 -0.049485 -0.050599
v 0.112142 -0.049538 -0.050717
v 0.111999 -0.049546 -0.050765
v 0.112531 -0.049961 -0.049475
v 0.112418 -0.050034 -0.049547
v 0.112615 -0.050197 -0.048335
v 0.112533 -0.050308 -0.048406
v 0.112437 -0.050409 -0.048475
v 0.112212 -0.050579 -0.048602
v 0.111808 -0.050742 -0.048759
v 0.111661 -0.050770 -0.048800
v 0.112160 -0.051156 -0.046618
v 0.112223 -0.051269 -0.045122
v 0.112027 -0.051513 -0.045184
v 0.111645 -0.051789 -0.045265
v 0.111349 -0.051900 -0.045308
v 0.111193 -0.051931 -0.045325
v 0.111931 -0.051771 0.023520
v 0.111243 -0.052165 0.023595
v 0.111085 -0.052196 0.023605
v 0.112219 -0.051279 0.025068
v 0.112316 -0.051015 0.026202
v 0.111884 -0.051445 0.026363
v 0.111749 -0.051521 0.026397
v 0.111606 -0.051582 0.026428
v 0.111457 -0.051629 0.026456
v 0.111303 -0.051660 0.026480
v 0.112436 -0.050687 0.027217
v 0.112349 -0.050806 0.027273
v 0.112249 -0.050915 0.027326
v 0.112650 -0.050171 0.028076
v 0.112293 -0.050598 0.028343
v 0.112175 -0.050679 0.028402
v 0.111910 -0.050803 0.028508
v 0.111768 -0.050845 0.028553
v 0.111620 -0.050872 0.028592
v 0.112696 -0.049975 0.028749
v 0.112616 -0.050082 0.028825
v 0.112522 -0.050179 0.028899
v 0.112301 -0.050344 0.029037
v 0.112176 -0.050409 0.029099
v 0.112043 -0.050461 0.029156
v 0.111902 -0.050500 0.029207
v 0.111757 -0.050526 0.029251
v 0.112631 -0.049693 0.029871
v 0.113023 -0.048820 0.030796
v 0.112581 -0.049046 0.031128
v 0.112312 -0.049095 0.031254
v 0.113333 -0.047793 0.032039
v 0.113232 -0.047847 0.032133
v 0.114124 -0.046060 0.033078
v 0.113987 -0.046192 0.033298
v 0.113805 -0.046293 0.033502
v 0.113700 -0.046331 0.033595
v 0.113586 -0.046361 0.033681
v 0.113464 -0.046381 0.033759
v 0.114881 -0.043985 0.034650
v 0.114753 -0.044100 0.034878
v 0.115520 -0.042289 0.035637
v 0.116800 -0.038717 0.038013
v 0.117839 -0.035865 0.039893
v 0.117718 -0.035977 0.040114
v 0.118558 -0.033669 0.041864
v 0.118480 -0.033722 0.041964
v 0.118295 -0.033806 0.042151
v 0.118079 -0.033859 0.042314
v 0.117962 -0.033873 0.042384
v 0.119465 -0.031302 0.043746
v 0.120408 -0.028802 0.045986
v 0.121155 -0.026343 0.049124
v 0.122818 -0.022176 0.053372
v 0.122476 -0.022474 0.053732
v 0.124452 -0.016696 0.059747
v 0.124317 -0.016895 0.059927
v 0.124230 -0.016984 0.060012
v 0.123902 -0.017200 0.060233
v 0.123640 -0.017294 0.060344
v 0.123206 -0.017351 0.060449
v 0.125689 -0.005468 0.072474
v 0.125544 -0.005669 0.072681
v 0.125449 -0.005760 0.072776
v 0.125088 -0.005979 0.073012
v 0.124798 -0.006073 0.073119
v 0.124323 -0.006126 0.073194
v 0.124861 -0.013579 0.063736
v 0.123482 -0.020433 -0.075010
v 0.124452 -0.016696 -0.079746
v 0.124452 -0.016696 -0.079747
v 0.123381 -0.020628 -0.075205
v 0.123229 -0.020795 -0.075393
v 0.123089 -0.020895 -0.075520
v 0.122801 -0.021024 -0.075717
v 0.122261 -0.021086 -0.075934
v 0.122540 -0.021077 -0.075842
v 0.124391 -0.016799 -0.079839
v 0.124131 -0.017065 -0.080092
v 0.123902 -0.017200 -0.080233
v 0.123499 -0.017324 -0.080388
v 0.123206 -0.017351 -0.080449
v 0.123769 -0.018911 -0.077786
v 0.124452 -0.016696 -0.079747
v 0.124317 -0.016895 -0.079927
v 0.124230 -0.016984 -0.080012
v 0.124131 -0.017065 -0.080092
v 0.123902 -0.017200 -0.080233
v 0.123640 -0.017294 -0.080344
v 0.123206 -0.017351 -0.080449
v 0.124323 -0.006126 -0.093194
v 0.124798 -0.006073 -0.093120
v 0.125088 -0.005979 -0.093012
v 0.125449 -0.005760 -0.092776
v 0.125689 -0.005468 -0.092474
v 0.124861 -0.013579 -0.083736
v 0.125427 -0.007524 -0.090779
v 0.125263 -0.007165 -0.091512
v 0.125370 -0.007083 -0.091427
v 0.125689 -0.005468 0.072474
v 0.125340 -0.005842 0.072863
v 0.125088 -0.005979 0.073012
v 0.124798 -0.006073 0.073119
v 0.124323 -0.006126 0.073194
v 0.125624 -0.005571 0.072580
v 0.117841 0.014107 0.087773
v 0.118048 0.014325 0.087859
v 0.118250 0.014562 0.087884
v 0.118437 0.014810 0.087846
v 0.118601 0.015057 0.087748
v 0.118736 0.015292 0.087592
v 0.118869 0.015601 0.087268
v 0.118894 0.015688 0.087140
v 0.118911 0.015831 0.086863
v 0.118884 0.015930 0.086567
v 0.121109 0.013870 0.085404
v 0.119968 0.012113 0.086827
v 0.119967 0.012114 0.086828
v 0.121450 0.010122 0.085764
v 0.123362 0.010627 0.083988
v 0.122869 0.007134 0.083970
v 0.124794 0.006876 0.082058
v 0.124096 0.001661 0.080099
v 0.125738 0.000024 0.077375
v 0.118816 0.015978 0.086266
v 0.120144 0.014677 0.086553
v 0.120142 0.014806 0.086273
v 0.120084 0.012199 0.086871
v 0.120201 0.012290 0.086901
v 0.120427 0.012487 0.086917
v 0.120535 0.012592 0.086905
v 0.120638 0.012699 0.086878
v 0.120824 0.012915 0.086783
v 0.120978 0.013129 0.086637
v 0.121041 0.013232 0.086547
v 0.121136 0.013425 0.086336
v 0.121167 0.013513 0.086218
v 0.121190 0.013732 0.085825
v 0.121175 0.013788 0.085686
v 0.121846 0.012005 0.086105
v 0.121914 0.012101 0.086020
v 0.121972 0.012195 0.085924
v 0.122056 0.012373 0.085709
v 0.122095 0.012600 0.085339
v 0.122085 0.012662 0.085207
v 0.121697 0.010245 0.085816
v 0.121818 0.010316 0.085824
v 0.122051 0.010471 0.085805
v 0.122161 0.010555 0.085778
v 0.122534 0.010909 0.085558
v 0.122669 0.011088 0.085389
v 0.122721 0.011175 0.085292
v 0.122763 0.011259 0.085188
v 0.122794 0.011340 0.085077
v 0.122821 0.011490 0.084841
v 0.122817 0.011557 0.084718
v 0.122771 0.009963 0.085279
v 0.122863 0.010046 0.085221
v 0.123187 0.010467 0.084800
v 0.123259 0.010697 0.084471
v 0.123250 0.010831 0.084233
v 0.122937 0.009021 0.084919
v 0.123042 0.009093 0.084883
v 0.123141 0.009168 0.084837
v 0.123318 0.009324 0.084717
v 0.123462 0.009485 0.084564
v 0.123570 0.009645 0.084383
v 0.123608 0.009723 0.084283
v 0.123637 0.009799 0.084179
v 0.123661 0.009943 0.083958
v 0.123223 0.007245 0.083997
v 0.123337 0.007292 0.083989
v 0.123660 0.007458 0.083912
v 0.123758 0.007521 0.083869
v 0.123851 0.007586 0.083819
v 0.124087 0.007796 0.083624
v 0.124150 0.007869 0.083546
v 0.124288 0.008089 0.083279
v 0.124315 0.008161 0.083182
v 0.124332 0.008231 0.083082
v 0.123419 0.005795 0.083090
v 0.123532 0.005823 0.083095
v 0.124069 0.006033 0.083008
v 0.124166 0.006087 0.082968
v 0.124257 0.006144 0.082921
v 0.124343 0.006204 0.082868
v 0.124670 0.006534 0.082515
v 0.124712 0.006603 0.082429
v 0.123961 0.003948 0.081793
v 0.124173 0.004001 0.081776
v 0.124566 0.004157 0.081666
v 0.124655 0.004205 0.081624
v 0.124740 0.004257 0.081576
v 0.124959 0.004426 0.081400
v 0.125020 0.004487 0.081332
v 0.125074 0.004549 0.081259
v 0.125161 0.004678 0.081105
v 0.125194 0.004743 0.081023
v 0.125219 0.004808 0.080938
v 0.124198 0.001670 0.080103
v 0.125376 0.002191 0.079608
v 0.125427 0.002249 0.079540
v 0.125471 0.002309 0.079470
v 0.125509 0.002370 0.079397
v 0.125708 -0.000036 0.077444
v 0.127427 -0.004787 0.060526
v 0.121784 0.012483 0.078770
v 0.112621 0.020116 0.082443
v 0.109005 0.024200 0.083370
v 0.106953 0.028568 0.083865
v 0.105628 0.035013 0.084209
v 0.106539 0.058320 0.084658
v 0.108135 0.064248 0.084723
v 0.112022 0.071036 0.084730
v 0.124720 0.082858 0.084203
v 0.126716 0.085776 0.083774
v 0.127872 0.089513 0.082893
v 0.128340 0.098018 0.077871
v 0.128554 0.103607 0.070648
v 0.128673 0.106244 0.064587
v 0.128809 0.108828 0.051531
v 0.128733 0.107469 -0.080399
v 0.128105 0.091935 0.081989
v 0.127530 -0.008088 -0.073802
v 0.126321 0.003469 -0.091719
v 0.125467 0.006235 -0.094307
v 0.123248 0.010588 -0.097580
v 0.120970 0.013391 -0.099310
v 0.110124 0.022661 -0.103095
v 0.106946 0.028565 -0.103867
v 0.105640 0.035025 -0.104207
v 0.106926 0.060237 -0.104682
v 0.108953 0.066197 -0.104735
v 0.111415 0.070278 -0.104734
v 0.125801 0.084235 -0.104023
v 0.127426 0.087544 -0.103416
v 0.128006 0.090539 -0.102555
v 0.128202 0.094316 -0.100712
v 0.128203 0.094349 -0.100694
v 0.128370 0.098837 -0.097091
v 0.128534 0.103130 -0.091484
v 0.125276 -0.014625 0.059208
v 0.126799 -0.010323 0.056626
v 0.127500 -0.008170 0.053927
v 0.124433 -0.016605 0.059814
v 0.126995 -0.009673 -0.076001
v 0.126365 -0.011752 -0.077575
v 0.124878 -0.015609 -0.079549
v 0.124452 -0.016696 -0.079747
v 0.120054 0.014919 0.085835
v 0.122775 0.011672 0.084465
v 0.124909 0.006354 0.081744
v 0.125764 -0.002984 -0.094802
v 0.125439 0.003435 -0.099882
v 0.124385 0.008158 -0.102752
v 0.121992 0.012791 -0.104950
v 0.111544 0.021557 -0.108238
v 0.108436 0.025149 -0.108913
v 0.106820 0.028635 -0.109235
v 0.105564 0.035009 -0.109609
v 0.108959 0.065918 -0.110539
v 0.125272 0.083249 -0.110183
v 0.127258 0.086510 -0.109756
v 0.128128 0.090250 -0.108735
v 0.128284 0.093285 -0.107271
v 0.128517 0.102032 -0.100116
v 0.128757 0.110339 -0.086007
v 0.128894 0.113782 -0.071148
v 0.128841 0.112626 0.057830
v 0.128712 0.108941 0.069520
v 0.128538 0.102790 0.079307
v 0.128333 0.095105 0.086103
v 0.128155 0.090651 0.088564
v 0.127765 0.088064 0.089421
v 0.127250 0.086512 0.089753
v 0.125392 0.083407 0.090167
v 0.113343 0.072408 0.090564
v 0.111506 0.070259 0.090568
v 0.107777 0.062796 0.090496
v 0.105508 0.035659 0.089640
v 0.106808 0.028632 0.089236
v 0.107921 0.026007 0.089012
v 0.107957 0.025948 0.089005
v 0.128084 0.089603 0.088224
v 0.126825 0.085496 0.089046
v 0.105786 0.053506 0.090149
v 0.110583 0.068354 0.090469
v 0.121969 0.012802 0.084925
v 0.108467 0.025032 0.086493
v 0.111942 0.020939 0.088070
v 0.125122 0.005417 0.081151
v 0.125671 0.001431 0.078477
v 0.125353 0.083444 0.085506
v 0.123825 0.010159 0.077365
v 0.126181 0.004894 0.073165
v 0.126540 0.003461 0.071859
v 0.127736 -0.003225 0.063298
v 0.127113 -0.006758 0.061095
v 0.127010 -0.002472 0.067994
v 0.126877 -0.005148 0.066351
v 0.127382 -0.002371 -0.084823
v 0.127338 0.001109 -0.089147
v 0.126600 0.001882 -0.092209
v 0.126953 -0.002918 -0.088284
v 0.126539 -0.004773 -0.089307
v 0.126935 -0.001080 -0.092074
v 0.126124 0.000228 -0.095841
v 0.107587 0.026711 -0.106625
v 0.106308 0.058193 -0.110625
v 0.110562 0.069215 -0.110523
v 0.128407 0.097036 -0.102444
v 0.128507 0.106013 -0.095092
v 0.117841 0.014107 0.087773
v 0.118150 0.014442 0.087880
v 0.118250 0.014562 0.087884
v 0.118345 0.014686 0.087873
v 0.118437 0.014810 0.087846
v 0.118522 0.014934 0.087804
v 0.118672 0.015176 0.087677
v 0.118736 0.015292 0.087592
v 0.118790 0.015402 0.087495
v 0.118869 0.015601 0.087268
v 0.118894 0.015688 0.087140
v 0.118911 0.015831 0.086863
v 0.118884 0.015930 0.086567
v 0.118855 0.015960 0.086416
v 0.118816 0.015978 0.086266
v 0.128266 0.092673 0.087617
v 0.127765 0.088064 0.089421
v 0.127467 0.087056 0.089651
v 0.127079 0.086083 0.089832
v 0.126774 0.085487 0.089922
v 0.126257 0.084582 0.090046
v 0.126164 0.084453 0.090059
v 0.125392 0.083407 0.090167
v 0.122813 0.080779 0.090349
v 0.120545 0.078852 0.090439
v 0.119227 0.077762 0.090475
v 0.116439 0.075400 0.090534
v 0.114658 0.073757 0.090555
v 0.112032 0.070902 0.090568
v 0.110856 0.069320 0.090565
v 0.109833 0.067659 0.090556
v 0.108963 0.065917 0.090539
v 0.108234 0.064095 0.090515
v 0.107619 0.062199 0.090485
v 0.106710 0.058181 0.090403
v 0.106155 0.054315 0.090308
v 0.105734 0.049531 0.090169
v 0.105445 0.044543 0.090002
v 0.105372 0.038152 0.089752
v 0.105508 0.035659 0.089640
v 0.105353 0.039698 0.089816
v 0.105760 0.033307 0.089523
v 0.106142 0.031103 0.089399
v 0.106770 0.028735 0.089244
v 0.107921 0.026007 0.089012
v 0.108435 0.025148 0.088914
v 0.110539 0.022521 0.088475
v 0.112032 0.021128 0.088119
v 0.114836 0.018932 0.087403
v 0.126725 0.093407 0.088869
v 0.127189 0.093367 0.088823
v 0.127408 0.093322 0.088752
v 0.127795 0.093186 0.088526
v 0.128021 0.093051 0.088293
v 0.128178 0.092896 0.088019
v 0.128240 0.092786 0.087821
v 0.126394 0.089534 0.090570
v 0.125990 0.087904 0.091036
v 0.124937 0.085638 0.091467
v 0.124262 0.084664 0.091590
v 0.105616 0.060754 0.091974
v 0.104598 0.054448 0.091841
v 0.103813 0.038033 0.091229
v 0.105279 0.028162 0.090707
v 0.106530 0.025144 0.090507
v 0.109379 0.021104 0.090028
v 0.111466 0.019061 0.089563
v 0.107102 0.065605 0.092036
v 0.110245 0.071219 0.092058
v 0.128120 0.091455 0.088738
v 0.128181 0.091355 0.088532
v 0.128198 0.091305 0.088426
v 0.126793 0.090643 0.090158
v 0.127026 0.090602 0.090122
v 0.127248 0.090548 0.090052
v 0.127353 0.090518 0.090004
v 0.127454 0.090484 0.089948
v 0.127638 0.090411 0.089815
v 0.127721 0.090371 0.089738
v 0.127864 0.090287 0.089566
v 0.127976 0.090198 0.089374
v 0.128053 0.090108 0.089167
v 0.126632 0.089490 0.090574
v 0.127634 0.089132 0.090065
v 0.127884 0.088919 0.089561
v 0.127907 0.088878 0.089450
v 0.127409 0.088428 0.090367
v 0.127483 0.088384 0.090281
v 0.127656 0.088255 0.089986
v 0.127697 0.088214 0.089879
v 0.127750 0.088135 0.089654
v 0.127762 0.088098 0.089538
v 0.126223 0.087825 0.091044
v 0.126771 0.087599 0.090896
v 0.127047 0.087456 0.090699
v 0.127199 0.087362 0.090529
v 0.127263 0.087317 0.090434
v 0.127367 0.087231 0.090229
v 0.127406 0.087191 0.090119
v 0.127435 0.087153 0.090005
v 0.127466 0.087086 0.089771
v 0.126677 0.086478 0.090895
v 0.126754 0.086426 0.090813
v 0.126885 0.086329 0.090627
v 0.126985 0.086242 0.090418
v 0.127050 0.086168 0.090192
v 0.125337 0.086081 0.091401
v 0.125445 0.086019 0.091401
v 0.125551 0.085957 0.091390
v 0.126208 0.085525 0.091049
v 0.126348 0.085416 0.090876
v 0.126458 0.085320 0.090676
v 0.126502 0.085278 0.090567
v 0.126591 0.085151 0.090098
v 0.125884 0.084976 0.091123
v 0.125955 0.084918 0.091040
v 0.126077 0.084813 0.090851
v 0.126170 0.084723 0.090639
v 0.126204 0.084685 0.090526
v 0.126248 0.084623 0.090290
v 0.126257 0.084600 0.090169
v 0.124360 0.084588 0.091600
v 0.124553 0.084433 0.091588
v 0.124740 0.084279 0.091535
v 0.125146 0.083924 0.091240
v 0.125213 0.083862 0.091156
v 0.125327 0.083750 0.090966
v 0.125374 0.083701 0.090862
v 0.125471 0.083587 0.090523
v 0.125488 0.083561 0.090403
v 0.125497 0.083541 0.090281
v 0.124163 0.082649 0.091256
v 0.124218 0.082588 0.091164
v 0.124312 0.082481 0.090961
v 0.124349 0.082437 0.090852
v 0.124379 0.082398 0.090738
v 0.124418 0.082341 0.090501
v 0.122616 0.081056 0.091260
v 0.122662 0.080998 0.091161
v 0.122703 0.080946 0.091056
v 0.122738 0.080900 0.090947
v 0.122803 0.080806 0.090595
v 0.120248 0.079257 0.091528
v 0.120302 0.079188 0.091442
v 0.120470 0.078968 0.091036
v 0.120534 0.078875 0.090684
v 0.118260 0.077292 0.091307
v 0.118333 0.077198 0.091092
v 0.118383 0.077131 0.090861
v 0.118399 0.077109 0.090741
v 0.118408 0.077094 0.090620
v 0.116126 0.075775 0.091621
v 0.116281 0.075593 0.091342
v 0.116357 0.075503 0.091128
v 0.116386 0.075468 0.091014
v 0.116435 0.075406 0.090656
v 0.114388 0.074047 0.091555
v 0.114442 0.073990 0.091462
v 0.114491 0.073938 0.091362
v 0.114534 0.073893 0.091258
v 0.114626 0.073794 0.090918
v 0.114654 0.073763 0.090677
v 0.112785 0.072396 0.091565
v 0.112940 0.072252 0.091267
v 0.112979 0.072216 0.091158
v 0.113037 0.072162 0.090928
v 0.113056 0.072144 0.090808
v 0.113067 0.072133 0.090688
v 0.111312 0.070783 0.091653
v 0.111441 0.070682 0.091473
v 0.111586 0.070569 0.091159
v 0.111621 0.070541 0.091046
v 0.111668 0.070504 0.090810
v 0.111680 0.070495 0.090690
v 0.111130 0.070546 0.091653
v 0.111260 0.070447 0.091473
v 0.111316 0.070405 0.091373
v 0.111365 0.070367 0.091268
v 0.111501 0.070263 0.090689
v 0.109347 0.069272 0.092032
v 0.109546 0.069148 0.091967
v 0.109641 0.069089 0.091920
v 0.109733 0.069032 0.091865
v 0.110275 0.068695 0.091154
v 0.110341 0.068654 0.090924
v 0.110375 0.068633 0.090684
v 0.108633 0.067287 0.091911
v 0.108730 0.067239 0.091855
v 0.108909 0.067149 0.091718
v 0.108991 0.067108 0.091638
v 0.109066 0.067071 0.091550
v 0.109135 0.067036 0.091456
v 0.109197 0.067005 0.091356
v 0.109299 0.066955 0.091142
v 0.109368 0.066922 0.090911
v 0.109404 0.066905 0.090672
v 0.107439 0.065470 0.092008
v 0.107657 0.065384 0.091942
v 0.107957 0.065265 0.091773
v 0.108047 0.065229 0.091700
v 0.108132 0.065196 0.091620
v 0.108211 0.065165 0.091532
v 0.108347 0.065112 0.091337
v 0.108523 0.065045 0.090891
v 0.108559 0.065033 0.090651
v 0.107615 0.062837 0.091201
v 0.107737 0.062804 0.090859
v 0.107773 0.062796 0.090618
v 0.105972 0.060672 0.091945
v 0.106201 0.060621 0.091877
v 0.106416 0.060573 0.091772
v 0.106517 0.060551 0.091706
v 0.106858 0.060479 0.091367
v 0.106984 0.060453 0.091159
v 0.107035 0.060443 0.091048
v 0.107144 0.060426 0.090574
v 0.105974 0.057745 0.091651
v 0.106071 0.057731 0.091577
v 0.106244 0.057706 0.091406
v 0.106388 0.057687 0.091208
v 0.106447 0.057679 0.091102
v 0.106607 0.057665 0.090514
v 0.104962 0.054408 0.091811
v 0.105196 0.054384 0.091743
v 0.105308 0.054373 0.091694
v 0.105415 0.054363 0.091636
v 0.105615 0.054344 0.091495
v 0.105790 0.054329 0.091324
v 0.106086 0.054310 0.090792
v 0.104992 0.049540 0.091493
v 0.105192 0.049530 0.091353
v 0.105283 0.049526 0.091271
v 0.105367 0.049523 0.091182
v 0.105443 0.049521 0.091086
v 0.105622 0.049519 0.090767
v 0.105731 0.049527 0.090292
v 0.104812 0.044921 0.091261
v 0.105000 0.044918 0.091107
v 0.105340 0.044922 0.090609
v 0.105382 0.044924 0.090495
v 0.105439 0.044931 0.090259
v 0.104877 0.040739 0.090937
v 0.104960 0.040742 0.090851
v 0.105166 0.040754 0.090555
v 0.105295 0.040768 0.090218
v 0.105335 0.040778 0.089981
v 0.104171 0.038045 0.091200
v 0.104511 0.038061 0.091088
v 0.104617 0.038067 0.091033
v 0.104815 0.038080 0.090898
v 0.105065 0.038100 0.090642
v 0.105134 0.038107 0.090544
v 0.105325 0.038134 0.090107
v 0.105366 0.038146 0.089872
v 0.104537 0.035514 0.091012
v 0.104854 0.035547 0.090849
v 0.104949 0.035558 0.090779
v 0.105122 0.035580 0.090616
v 0.105198 0.035590 0.090524
v 0.105380 0.035620 0.090218
v 0.105459 0.035638 0.089993
v 0.105484 0.035645 0.089877
v 0.105501 0.035653 0.089759
v 0.104567 0.033067 0.090953
v 0.105108 0.033154 0.090728
v 0.105375 0.033203 0.090496
v 0.105580 0.033246 0.090206
v 0.105676 0.033271 0.089989
v 0.105711 0.033282 0.089876
v 0.105753 0.033300 0.089641
v 0.105188 0.030824 0.090767
v 0.105296 0.030850 0.090722
v 0.105400 0.030875 0.090668
v 0.105966 0.031027 0.090084
v 0.106017 0.031044 0.089978
v 0.106060 0.031059 0.089867
v 0.106119 0.031085 0.089637
v 0.106135 0.031095 0.089518
v 0.106237 0.030287 0.089821
v 0.106271 0.030302 0.089707
v 0.106295 0.030315 0.089590
v 0.105622 0.028275 0.090686
v 0.106149 0.028460 0.090463
v 0.106241 0.028494 0.090393
v 0.106481 0.028587 0.090138
v 0.106546 0.028614 0.090040
v 0.106604 0.028639 0.089937
v 0.106750 0.028714 0.089484
v 0.106765 0.028726 0.089364
v 0.106621 0.026902 0.090429
v 0.106716 0.026946 0.090366
v 0.106806 0.026989 0.090295
v 0.106890 0.027030 0.090216
v 0.107039 0.027104 0.090037
v 0.107158 0.027168 0.089833
v 0.107245 0.027219 0.089610
v 0.107275 0.027240 0.089493
v 0.106858 0.025322 0.090494
v 0.107069 0.025440 0.090434
v 0.107528 0.025712 0.090120
v 0.107603 0.025759 0.090032
v 0.107671 0.025803 0.089937
v 0.107785 0.025880 0.089729
v 0.107893 0.025964 0.089382
v 0.107911 0.025983 0.089260
v 0.107921 0.025998 0.089136
v 0.107917 0.024459 0.090248
v 0.108007 0.024524 0.090184
v 0.108307 0.024752 0.089843
v 0.108364 0.024799 0.089739
v 0.108528 0.024961 0.089149
v 0.108445 0.022859 0.090270
v 0.108644 0.023025 0.090218
v 0.109299 0.023645 0.089487
v 0.109365 0.023728 0.089245
v 0.109479 0.021198 0.090052
v 0.109578 0.021294 0.090062
v 0.109870 0.021588 0.090018
v 0.109961 0.021685 0.089979
v 0.110049 0.021780 0.089927
v 0.110279 0.022046 0.089703
v 0.110342 0.022125 0.089609
v 0.110487 0.022327 0.089275
v 0.110541 0.022426 0.089020
v 0.110554 0.022463 0.088887
v 0.110559 0.022491 0.088751
v 0.110553 0.022510 0.088613
v 0.110964 0.019705 0.089737
v 0.111157 0.019922 0.089763
v 0.111252 0.020033 0.089755
v 0.111432 0.020256 0.089697
v 0.111734 0.020671 0.089424
v 0.111922 0.020995 0.088980
v 0.111947 0.021056 0.088850
v 0.111970 0.021149 0.088574
v 0.111955 0.021202 0.088287
v 0.111754 0.019392 0.089632
v 0.112186 0.019962 0.089462
v 0.112470 0.020436 0.088977
v 0.112544 0.020668 0.088440
v 0.112539 0.020700 0.088295
v 0.113845 0.017516 0.089100
v 0.114283 0.018138 0.089026
v 0.114426 0.018376 0.088892
v 0.114540 0.018594 0.088705
v 0.114647 0.018861 0.088344
v 0.114664 0.018930 0.088207
v 0.114637 0.019091 0.087616
v 0.116606 0.016424 0.088414
v 0.116861 0.016898 0.088097
v 0.116904 0.017001 0.087986
v 0.116975 0.017253 0.087597
v 0.116972 0.017366 0.087304
v 0.116956 0.017403 0.087152
v 0.128582 0.104447 0.077271
v 0.128396 0.097458 0.084372
v 0.128374 0.096611 0.085042
v 0.126725 0.093407 0.088869
v 0.127075 0.093383 0.088846
v 0.127408 0.093322 0.088752
v 0.127512 0.093293 0.088706
v 0.127706 0.093225 0.088592
v 0.127877 0.093143 0.088454
v 0.127953 0.093098 0.088376
v 0.128116 0.092967 0.088144
v 0.128178 0.092896 0.088019
v 0.128213 0.092841 0.087921
v 0.128258 0.092730 0.087719
v 0.127033 0.105660 0.078156
v 0.127508 0.105607 0.078126
v 0.127804 0.105505 0.078055
v 0.128182 0.105266 0.077882
v 0.128285 0.105167 0.077809
v 0.128507 0.104825 0.077556
v 0.126882 0.099033 0.085007
v 0.127763 0.103783 0.080161
v 0.128024 0.103643 0.080043
v 0.128461 0.103144 0.079616
v 0.128503 0.103028 0.079515
v 0.127269 0.101980 0.082308
v 0.127423 0.101951 0.082283
v 0.127572 0.101911 0.082247
v 0.127715 0.101861 0.082199
v 0.127849 0.101800 0.082141
v 0.127974 0.101729 0.082074
v 0.128088 0.101650 0.081997
v 0.128278 0.101469 0.081819
v 0.128479 0.101045 0.081398
v 0.127552 0.101094 0.083035
v 0.127828 0.100986 0.082928
v 0.128067 0.100840 0.082779
v 0.128168 0.100755 0.082692
v 0.128256 0.100664 0.082598
v 0.128388 0.100466 0.082391
v 0.127195 0.099011 0.084991
v 0.127638 0.098903 0.084873
v 0.127896 0.098784 0.084737
v 0.128375 0.098270 0.084128
v 0.128402 0.098172 0.084009
v 0.127455 0.097437 0.086112
v 0.127730 0.097342 0.085995
v 0.128157 0.097062 0.085636
v 0.128291 0.096889 0.085411
v 0.127672 0.095300 0.087426
v 0.128011 0.095117 0.087160
v 0.128100 0.095045 0.087053
v 0.128175 0.094969 0.086939
v 0.128235 0.094889 0.086818
v 0.128582 0.104447 -0.097271
v 0.128666 0.107398 -0.092667
v 0.128750 0.110127 -0.086581
v 0.128784 0.111132 -0.083557
v 0.128935 0.114645 -0.062055
v 0.128994 0.115434 -0.025853
v 0.129007 0.115557 -0.010000
v 0.128992 0.115429 0.005683
v 0.128935 0.114644 0.042055
v 0.128912 0.114142 0.048026
v 0.128872 0.113313 0.054225
v 0.128670 0.107544 0.072352
v 0.128582 0.104447 0.077271
v 0.128624 0.105950 0.075079
v 0.127033 0.105660 0.078156
v 0.127508 0.105607 0.078126
v 0.127804 0.105505 0.078055
v 0.128067 0.105357 0.077948
v 0.128285 0.105167 0.077809
v 0.128374 0.105059 0.077730
v 0.128507 0.104825 0.077556
v 0.127033 0.105660 -0.098156
v 0.127193 0.105656 -0.098157
v 0.127941 0.105437 -0.098006
v 0.128125 0.105311 -0.097915
v 0.128285 0.105167 -0.097809
v 0.128448 0.104945 -0.097645
v 0.128507 0.104825 -0.097556
v 0.127193 0.111258 -0.087865
v 0.127428 0.115831 -0.066407
v 0.127333 0.114099 0.058131
v 0.127203 0.111507 0.067206
v 0.127092 0.108232 0.074261
v 0.127660 0.105562 -0.098096
v 0.127844 0.107109 -0.095758
v 0.127981 0.107036 -0.095714
v 0.128491 0.106517 -0.095390
v 0.128550 0.106390 -0.095309
v 0.128617 0.106124 -0.095140
v 0.127737 0.108630 -0.093322
v 0.128368 0.108195 -0.093096
v 0.128457 0.108076 -0.093033
v 0.128658 0.107539 -0.092744
v 0.127923 0.109890 -0.090643
v 0.128061 0.109812 -0.090610
v 0.128304 0.109618 -0.090524
v 0.128571 0.109252 -0.090360
v 0.128629 0.109115 -0.090298
v 0.127513 0.111234 -0.087860
v 0.127669 0.111198 -0.087848
v 0.127965 0.111081 -0.087807
v 0.128101 0.111001 -0.087778
v 0.128228 0.110908 -0.087743
v 0.128343 0.110803 -0.087704
v 0.128534 0.110562 -0.087614
v 0.128666 0.110288 -0.087510
v 0.128708 0.110143 -0.087454
v 0.127689 0.111704 -0.086478
v 0.127840 0.111652 -0.086461
v 0.127984 0.111585 -0.086440
v 0.128361 0.111305 -0.086344
v 0.128463 0.111188 -0.086304
v 0.128551 0.111061 -0.086260
v 0.128682 0.110786 -0.086164
v 0.128724 0.110640 -0.086113
v 0.128749 0.110490 -0.086060
v 0.127423 0.112801 -0.083266
v 0.128027 0.112620 -0.083219
v 0.128286 0.112442 -0.083170
v 0.128400 0.112334 -0.083139
v 0.128588 0.112088 -0.083069
v 0.128759 0.111661 -0.082946
v 0.127781 0.113668 -0.079723
v 0.127929 0.113614 -0.079712
v 0.128203 0.113461 -0.079678
v 0.128438 0.113255 -0.079632
v 0.128538 0.113136 -0.079604
v 0.128625 0.113007 -0.079575
v 0.127670 0.114510 -0.075908
v 0.127822 0.114470 -0.075902
v 0.128109 0.114344 -0.075881
v 0.128364 0.114162 -0.075849
v 0.128475 0.114052 -0.075830
v 0.128574 0.113932 -0.075808
v 0.128660 0.113802 -0.075785
v 0.128852 0.113216 -0.075678
v 0.128147 0.115071 -0.071318
v 0.128279 0.114986 -0.071307
v 0.128511 0.114777 -0.071281
v 0.128610 0.114656 -0.071265
v 0.128766 0.114387 -0.071229
v 0.128822 0.114241 -0.071210
v 0.127584 0.115822 -0.066407
v 0.127890 0.115756 -0.066402
v 0.128539 0.115333 -0.066366
v 0.128723 0.115080 -0.066343
v 0.128793 0.114941 -0.066331
v 0.128849 0.114795 -0.066317
v 0.127604 0.116214 -0.061084
v 0.127909 0.116147 -0.061081
v 0.128194 0.116019 -0.061075
v 0.128655 0.115601 -0.061053
v 0.128810 0.115330 -0.061038
v 0.128906 0.115033 -0.061022
v 0.127612 0.116381 -0.057374
v 0.127766 0.116356 -0.057373
v 0.128063 0.116257 -0.057370
v 0.128332 0.116100 -0.057364
v 0.128563 0.115890 -0.057357
v 0.128661 0.115768 -0.057353
v 0.128746 0.115636 -0.057348
v 0.128872 0.115351 -0.057338
v 0.128912 0.115200 -0.057333
v 0.128077 0.116477 -0.048078
v 0.128673 0.115987 -0.048070
v 0.128757 0.115856 -0.048068
v 0.128923 0.115420 -0.048061
v 0.128256 0.116729 -0.025870
v 0.128616 0.116433 -0.025866
v 0.128987 0.115590 -0.025855
v 0.127837 0.117035 -0.012727
v 0.128132 0.116936 -0.012726
v 0.128630 0.116567 -0.012725
v 0.128727 0.116446 -0.012725
v 0.128881 0.116175 -0.012724
v 0.128976 0.115878 -0.012722
v 0.129000 0.115724 -0.012722
v 0.128127 0.116882 -0.000416
v 0.128265 0.116810 -0.000416
v 0.128395 0.116724 -0.000417
v 0.128515 0.116625 -0.000418
v 0.128722 0.116392 -0.000420
v 0.128971 0.115824 -0.000426
v 0.128995 0.115670 -0.000428
v 0.128470 0.116260 0.025647
v 0.128580 0.116149 0.025646
v 0.128761 0.115896 0.025642
v 0.128887 0.115611 0.025638
v 0.128927 0.115460 0.025635
v 0.127776 0.116526 0.030819
v 0.127927 0.116484 0.030819
v 0.128072 0.116427 0.030818
v 0.128341 0.116269 0.030815
v 0.128572 0.116059 0.030811
v 0.128754 0.115806 0.030807
v 0.128824 0.115666 0.030804
v 0.128879 0.115520 0.030801
v 0.127769 0.116409 0.035758
v 0.127920 0.116367 0.035757
v 0.128204 0.116238 0.035754
v 0.128748 0.115689 0.035738
v 0.128818 0.115549 0.035734
v 0.128874 0.115403 0.035730
v 0.127605 0.116244 0.040515
v 0.127911 0.116178 0.040512
v 0.128327 0.115963 0.040501
v 0.128558 0.115753 0.040491
v 0.128656 0.115632 0.040485
v 0.128811 0.115361 0.040471
v 0.128907 0.115063 0.040456
v 0.128182 0.115742 0.045101
v 0.128643 0.115325 0.045068
v 0.128799 0.115054 0.045046
v 0.128895 0.114757 0.045021
v 0.128919 0.114603 0.045009
v 0.127567 0.115490 0.049562
v 0.127722 0.115465 0.049560
v 0.128019 0.115367 0.049550
v 0.128159 0.115296 0.049543
v 0.128290 0.115211 0.049533
v 0.128523 0.115002 0.049510
v 0.128621 0.114881 0.049496
v 0.128706 0.114750 0.049481
v 0.128777 0.114611 0.049465
v 0.128897 0.114161 0.049412
v 0.127841 0.114825 0.053852
v 0.127988 0.114769 0.053844
v 0.128128 0.114698 0.053834
v 0.128259 0.114613 0.053821
v 0.128381 0.114515 0.053806
v 0.128591 0.114285 0.053771
v 0.128748 0.114016 0.053728
v 0.128844 0.113721 0.053681
v 0.128868 0.113568 0.053657
v 0.127979 0.114596 0.054881
v 0.128251 0.114440 0.054856
v 0.128484 0.114233 0.054822
v 0.128583 0.114112 0.054802
v 0.128668 0.113982 0.054780
v 0.128796 0.113699 0.054732
v 0.127646 0.114068 0.058128
v 0.127799 0.114028 0.058120
v 0.127947 0.113973 0.058110
v 0.128220 0.113819 0.058080
v 0.128768 0.113082 0.057927
v 0.127762 0.113291 0.061250
v 0.128052 0.113168 0.061221
v 0.128310 0.112989 0.061177
v 0.128738 0.112352 0.061016
v 0.128779 0.112204 0.060978
v 0.128014 0.112313 0.064239
v 0.128149 0.112231 0.064215
v 0.128577 0.111784 0.064081
v 0.128650 0.111648 0.064039
v 0.127830 0.111395 0.067172
v 0.127974 0.111329 0.067149
v 0.128237 0.111155 0.067088
v 0.128542 0.110807 0.066963
v 0.128616 0.110673 0.066914
v 0.127934 0.110202 0.069947
v 0.128071 0.110124 0.069915
v 0.128198 0.110032 0.069876
v 0.128506 0.109691 0.069731
v 0.128639 0.109422 0.069614
v 0.127290 0.109504 0.071873
v 0.127451 0.109485 0.071866
v 0.127608 0.109451 0.071852
v 0.128287 0.109071 0.071674
v 0.128390 0.108959 0.071621
v 0.128655 0.108434 0.071365
v 0.128680 0.108291 0.071295
v 0.127253 0.108229 0.074262
v 0.127571 0.108178 0.074237
v 0.127723 0.108131 0.074213
v 0.128007 0.107995 0.074139
v 0.128134 0.107908 0.074091
v 0.128250 0.107810 0.074037
v 0.128354 0.107702 0.073976
v 0.128577 0.107329 0.073765
v 0.128644 0.107055 0.073608
v 0.127687 0.106723 0.076471
v 0.127833 0.106664 0.076434
v 0.127970 0.106592 0.076389
v 0.128405 0.106199 0.076133
v 0.128479 0.106080 0.076054
v 0.128605 0.105693 0.075797
v 0.124323 -0.006126 -0.093194
v 0.124643 -0.006103 -0.093157
v 0.124946 -0.006032 -0.093071
v 0.125340 -0.005842 -0.092864
v 0.125449 -0.005760 -0.092776
v 0.125624 -0.005571 -0.092580
v 0.125689 -0.005468 -0.092474
v 0.125764 -0.002984 -0.094802
v 0.125651 0.001366 -0.098398
v 0.125310 0.004428 -0.100563
v 0.124773 0.006956 -0.102105
v 0.124094 0.009014 -0.103206
v 0.123659 0.010023 -0.103702
v 0.123365 0.010634 -0.103993
v 0.123028 0.011249 -0.104276
v 0.122187 0.012549 -0.104848
v 0.120308 0.014671 -0.105733
v 0.119028 0.015791 -0.106190
v 0.117029 0.017340 -0.106808
v 0.112041 0.021140 -0.108114
v 0.109112 0.024166 -0.108781
v 0.108324 0.025312 -0.108935
v 0.107969 0.025954 -0.109003
v 0.107075 0.027867 -0.109178
v 0.105447 0.044543 -0.110002
v 0.105732 0.049505 -0.110169
v 0.106134 0.054118 -0.110303
v 0.106712 0.058180 -0.110403
v 0.107617 0.062200 -0.110485
v 0.108229 0.064096 -0.110515
v 0.108959 0.065918 -0.110539
v 0.109828 0.067661 -0.110556
v 0.110851 0.069323 -0.110565
v 0.111743 0.070567 -0.110568
v 0.124055 0.081935 -0.110281
v 0.125628 0.083693 -0.110142
v 0.126889 0.085685 -0.109896
v 0.127258 0.086510 -0.109756
v 0.127499 0.087148 -0.109632
v 0.127779 0.088125 -0.109406
v 0.127986 0.089153 -0.109114
v 0.128128 0.090250 -0.108735
v 0.128284 0.093285 -0.107271
v 0.128330 0.094990 -0.106198
v 0.128582 0.104447 -0.097271
v 0.125120 0.005406 -0.101174
v 0.127033 0.105660 -0.098156
v 0.127508 0.105607 -0.098126
v 0.127732 0.105534 -0.098075
v 0.127804 0.105505 -0.098055
v 0.128182 0.105266 -0.097882
v 0.128208 0.105242 -0.097864
v 0.128285 0.105167 -0.097809
v 0.128448 0.104945 -0.097645
v 0.128411 0.105002 -0.097688
v 0.128463 0.104915 -0.097623
v 0.128561 0.104638 -0.097415
v 0.128576 0.104543 -0.097344
v 0.128067 0.105357 -0.097948
v 0.126952 0.101938 -0.102387
v 0.126744 0.094047 -0.108508
v 0.126451 0.089873 -0.110455
v 0.125847 0.087495 -0.111131
v 0.124060 0.084406 -0.111618
v 0.110498 0.071548 -0.112058
v 0.108183 0.067963 -0.112052
v 0.106468 0.063854 -0.112018
v 0.104576 0.054248 -0.111836
v 0.103782 0.040964 -0.111362
v 0.104293 0.032471 -0.110950
v 0.106242 0.025722 -0.110549
v 0.107835 0.023023 -0.110311
v 0.112257 0.018392 -0.109373
v 0.119105 0.012998 -0.107262
v 0.120927 0.010914 -0.106200
v 0.122361 0.008394 -0.104754
v 0.123863 0.003270 -0.101317
v 0.128531 0.102827 -0.099445
v 0.128417 0.103176 -0.099750
v 0.128366 0.103258 -0.099821
v 0.128081 0.103547 -0.100070
v 0.127992 0.103608 -0.100121
v 0.127796 0.103714 -0.100209
v 0.127690 0.103757 -0.100245
v 0.127352 0.103849 -0.100318
v 0.128481 0.100955 -0.101433
v 0.128466 0.101038 -0.101516
v 0.128442 0.101120 -0.101599
v 0.128366 0.101279 -0.101758
v 0.128239 0.103411 -0.099953
v 0.128255 0.101429 -0.101906
v 0.128113 0.101565 -0.102040
v 0.127942 0.101683 -0.102155
v 0.127848 0.101735 -0.102205
v 0.127748 0.101782 -0.102250
v 0.127468 0.103825 -0.100300
v 0.127307 0.101909 -0.102367
v 0.127190 0.101925 -0.102380
v 0.128412 0.099047 -0.103368
v 0.128354 0.099198 -0.103540
v 0.128133 0.099474 -0.103852
v 0.127977 0.099592 -0.103984
v 0.127695 0.099737 -0.104142
v 0.127590 0.099775 -0.104183
v 0.128202 0.097235 -0.105420
v 0.127736 0.097559 -0.105831
v 0.127637 0.097599 -0.105880
v 0.127313 0.097689 -0.105988
v 0.128323 0.095056 -0.106295
v 0.128022 0.095481 -0.106919
v 0.127777 0.095626 -0.107126
v 0.128196 0.093518 -0.107667
v 0.128152 0.093574 -0.107761
v 0.127531 0.093931 -0.108346
v 0.127208 0.094007 -0.108461
v 0.126979 0.094036 -0.108500
v 0.128199 0.091698 -0.108374
v 0.128138 0.091800 -0.108577
v 0.128094 0.091850 -0.108675
v 0.127981 0.091945 -0.108859
v 0.127837 0.092033 -0.109024
v 0.127471 0.092177 -0.109282
v 0.128121 0.090296 -0.108845
v 0.128106 0.090342 -0.108954
v 0.128081 0.090388 -0.109061
v 0.128003 0.090480 -0.109267
v 0.127892 0.090569 -0.109458
v 0.127748 0.090654 -0.109628
v 0.127576 0.090731 -0.109775
v 0.127381 0.090799 -0.109893
v 0.127275 0.090829 -0.109940
v 0.127982 0.089194 -0.109228
v 0.127944 0.089278 -0.109451
v 0.127819 0.089407 -0.109764
v 0.127759 0.089451 -0.109860
v 0.127692 0.089493 -0.109950
v 0.127446 0.089615 -0.110184
v 0.127351 0.089653 -0.110248
v 0.127145 0.089723 -0.110352
v 0.127035 0.089755 -0.110392
v 0.126922 0.089785 -0.110423
v 0.127777 0.088160 -0.109523
v 0.127743 0.088236 -0.109752
v 0.127711 0.088276 -0.109863
v 0.127621 0.088360 -0.110073
v 0.127497 0.088446 -0.110264
v 0.127423 0.088490 -0.110351
v 0.127159 0.088618 -0.110568
v 0.127059 0.088659 -0.110625
v 0.127497 0.087178 -0.109752
v 0.127397 0.087324 -0.110209
v 0.127350 0.087366 -0.110314
v 0.127293 0.087410 -0.110414
v 0.127229 0.087455 -0.110509
v 0.127156 0.087501 -0.110597
v 0.127077 0.087548 -0.110678
v 0.126800 0.087690 -0.110875
v 0.126697 0.087736 -0.110923
v 0.126479 0.087827 -0.110993
v 0.126366 0.087870 -0.111013
v 0.127292 0.086669 -0.109978
v 0.127273 0.086703 -0.110096
v 0.127206 0.086779 -0.110320
v 0.127040 0.086911 -0.110623
v 0.126806 0.087058 -0.110868
v 0.126715 0.087109 -0.110934
v 0.126889 0.085707 -0.110018
v 0.126861 0.085765 -0.110257
v 0.126752 0.085881 -0.110592
v 0.126699 0.085926 -0.110695
v 0.126494 0.086079 -0.110964
v 0.126325 0.086190 -0.111106
v 0.126357 0.084759 -0.110149
v 0.126270 0.084883 -0.110620
v 0.126227 0.084925 -0.110728
v 0.126176 0.084972 -0.110831
v 0.125982 0.085134 -0.111103
v 0.125904 0.085194 -0.111179
v 0.125340 0.085586 -0.111446
v 0.125235 0.085653 -0.111456
v 0.125627 0.083708 -0.110265
v 0.125602 0.083756 -0.110507
v 0.125577 0.083788 -0.110624
v 0.125544 0.083826 -0.110737
v 0.125456 0.083918 -0.110950
v 0.125274 0.084090 -0.111223
v 0.125201 0.084155 -0.111300
v 0.125040 0.084293 -0.111427
v 0.124862 0.084441 -0.111519
v 0.124673 0.084592 -0.111571
v 0.124576 0.084668 -0.111581
v 0.124478 0.084744 -0.111582
v 0.125271 0.083262 -0.110306
v 0.125221 0.083340 -0.110665
v 0.125189 0.083378 -0.110778
v 0.125150 0.083422 -0.110888
v 0.125104 0.083471 -0.110992
v 0.125051 0.083526 -0.111090
v 0.124992 0.083584 -0.111181
v 0.124856 0.083714 -0.111342
v 0.124700 0.083857 -0.111470
v 0.124155 0.084327 -0.111627
v 0.124053 0.081945 -0.110404
v 0.124044 0.081963 -0.110526
v 0.124006 0.082020 -0.110764
v 0.123976 0.082059 -0.110877
v 0.123940 0.082104 -0.110987
v 0.123849 0.082211 -0.111190
v 0.123600 0.082488 -0.111513
v 0.122072 0.080167 -0.110628
v 0.122057 0.080191 -0.110748
v 0.121888 0.080418 -0.111293
v 0.121837 0.080482 -0.111386
v 0.121721 0.080627 -0.111549
v 0.120730 0.079122 -0.110915
v 0.120702 0.079161 -0.111029
v 0.120535 0.079381 -0.111435
v 0.120421 0.079526 -0.111599
v 0.118575 0.077234 -0.110616
v 0.118551 0.077271 -0.110858
v 0.118501 0.077338 -0.111089
v 0.118428 0.077432 -0.111303
v 0.118155 0.077773 -0.111730
v 0.116503 0.075571 -0.111012
v 0.116439 0.075648 -0.111236
v 0.116352 0.075752 -0.111440
v 0.116182 0.075949 -0.111698
v 0.114728 0.073834 -0.110677
v 0.114718 0.073846 -0.110798
v 0.114566 0.074011 -0.111362
v 0.114517 0.074062 -0.111461
v 0.114463 0.074120 -0.111554
v 0.113077 0.072205 -0.110927
v 0.113052 0.072229 -0.111044
v 0.113019 0.072260 -0.111158
v 0.112980 0.072296 -0.111267
v 0.112935 0.072339 -0.111372
v 0.111739 0.070570 -0.110690
v 0.111604 0.070677 -0.111269
v 0.111556 0.070716 -0.111374
v 0.111439 0.070807 -0.111567
v 0.111223 0.070978 -0.111805
v 0.111142 0.071042 -0.111869
v 0.110572 0.068944 -0.110686
v 0.110539 0.068965 -0.110925
v 0.110510 0.068984 -0.111042
v 0.110473 0.069007 -0.111155
v 0.110377 0.069069 -0.111370
v 0.110254 0.069149 -0.111563
v 0.110106 0.069245 -0.111730
v 0.110024 0.069298 -0.111802
v 0.109937 0.069354 -0.111866
v 0.109846 0.069413 -0.111921
v 0.109556 0.069601 -0.112033
v 0.109575 0.067239 -0.110675
v 0.109562 0.067245 -0.110795
v 0.109165 0.067449 -0.111640
v 0.108708 0.065394 -0.110655
v 0.108496 0.065477 -0.111342
v 0.108432 0.065503 -0.111442
v 0.108361 0.065532 -0.111536
v 0.107959 0.063380 -0.110627
v 0.107945 0.063383 -0.110748
v 0.107891 0.063398 -0.110985
v 0.107850 0.063410 -0.111099
v 0.107743 0.063443 -0.111315
v 0.107677 0.063464 -0.111416
v 0.107604 0.063487 -0.111511
v 0.107523 0.063512 -0.111599
v 0.107143 0.063634 -0.111875
v 0.106814 0.063740 -0.111990
v 0.107741 0.062687 -0.110616
v 0.107727 0.062690 -0.110737
v 0.107704 0.062695 -0.110857
v 0.107631 0.062714 -0.111089
v 0.107582 0.062728 -0.111199
v 0.107457 0.062763 -0.111406
v 0.107215 0.062832 -0.111670
v 0.107079 0.060300 -0.110813
v 0.107047 0.060306 -0.110931
v 0.106955 0.060323 -0.111157
v 0.106829 0.060348 -0.111365
v 0.106754 0.060363 -0.111460
v 0.106487 0.060419 -0.111704
v 0.106514 0.057513 -0.110871
v 0.106473 0.057517 -0.110987
v 0.106219 0.057550 -0.111402
v 0.106135 0.057561 -0.111492
v 0.106131 0.054116 -0.110425
v 0.106023 0.054115 -0.110902
v 0.105972 0.054117 -0.111013
v 0.105913 0.054121 -0.111121
v 0.105684 0.054138 -0.111408
v 0.105497 0.054155 -0.111565
v 0.105286 0.054174 -0.111689
v 0.104940 0.054209 -0.111806
v 0.105729 0.049501 -0.110291
v 0.105662 0.049494 -0.110651
v 0.105569 0.049493 -0.110877
v 0.105365 0.049498 -0.111181
v 0.105190 0.049505 -0.111352
v 0.104990 0.049514 -0.111493
v 0.104655 0.049533 -0.111638
v 0.105460 0.045087 -0.110144
v 0.105389 0.045076 -0.110500
v 0.105347 0.045074 -0.110614
v 0.105296 0.045072 -0.110724
v 0.105167 0.045070 -0.110930
v 0.105091 0.045070 -0.111025
v 0.104917 0.045072 -0.111194
v 0.104820 0.045073 -0.111267
v 0.104717 0.045076 -0.111333
v 0.104610 0.045079 -0.111389
v 0.105336 0.041011 -0.109991
v 0.105297 0.041001 -0.110228
v 0.105220 0.040991 -0.110456
v 0.105168 0.040987 -0.110564
v 0.105107 0.040983 -0.110669
v 0.104962 0.040976 -0.110861
v 0.104879 0.040973 -0.110947
v 0.104788 0.040970 -0.111027
v 0.104692 0.040968 -0.111099
v 0.104141 0.040962 -0.111333
v 0.105334 0.039845 -0.109943
v 0.105319 0.039840 -0.110063
v 0.105294 0.039834 -0.110180
v 0.105260 0.039829 -0.110295
v 0.105165 0.039818 -0.110515
v 0.105104 0.039813 -0.110619
v 0.105035 0.039808 -0.110718
v 0.104587 0.039788 -0.111112
v 0.105354 0.037347 -0.110072
v 0.105163 0.037318 -0.110508
v 0.104844 0.037286 -0.110862
v 0.104647 0.037271 -0.110996
v 0.104541 0.037263 -0.111051
v 0.105515 0.034987 -0.109962
v 0.105480 0.034978 -0.110076
v 0.105436 0.034968 -0.110186
v 0.105384 0.034958 -0.110293
v 0.105005 0.034900 -0.110746
v 0.104910 0.034887 -0.110817
v 0.105829 0.032778 -0.109614
v 0.105812 0.032769 -0.109732
v 0.105787 0.032759 -0.109848
v 0.105709 0.032735 -0.110072
v 0.105596 0.032707 -0.110280
v 0.105370 0.032658 -0.110552
v 0.104645 0.032527 -0.110925
v 0.106183 0.030671 -0.109729
v 0.106149 0.030657 -0.109843
v 0.106106 0.030641 -0.109954
v 0.106055 0.030623 -0.110061
v 0.105996 0.030604 -0.110163
v 0.105772 0.030537 -0.110435
v 0.105491 0.030461 -0.110645
v 0.106544 0.029384 -0.109530
v 0.106487 0.029354 -0.109762
v 0.106336 0.029291 -0.110083
v 0.106270 0.029266 -0.110181
v 0.106196 0.029240 -0.110272
v 0.106116 0.029211 -0.110357
v 0.105838 0.029119 -0.110567
v 0.105735 0.029086 -0.110621
v 0.107005 0.027811 -0.109655
v 0.106965 0.027788 -0.109768
v 0.106916 0.027763 -0.109876
v 0.106271 0.027477 -0.110523
v 0.106166 0.027434 -0.110567
v 0.107657 0.026509 -0.109186
v 0.107646 0.026495 -0.109308
v 0.107626 0.026477 -0.109429
v 0.107560 0.026428 -0.109662
v 0.107460 0.026364 -0.109878
v 0.107081 0.026149 -0.110311
v 0.106987 0.026099 -0.110374
v 0.106573 0.025885 -0.110534
v 0.108326 0.025302 -0.109061
v 0.108242 0.025209 -0.109550
v 0.108149 0.025132 -0.109772
v 0.108024 0.025038 -0.109971
v 0.107951 0.024986 -0.110060
v 0.107872 0.024930 -0.110141
v 0.107787 0.024871 -0.110214
v 0.109118 0.024156 -0.108912
v 0.109103 0.024116 -0.109169
v 0.109052 0.024049 -0.109417
v 0.108966 0.023958 -0.109647
v 0.108912 0.023905 -0.109753
v 0.108849 0.023846 -0.109852
v 0.108622 0.023645 -0.110099
v 0.108347 0.023418 -0.110261
v 0.108147 0.023260 -0.110315
v 0.107940 0.023101 -0.110324
v 0.110146 0.022766 -0.109222
v 0.110113 0.022715 -0.109345
v 0.110022 0.022593 -0.109572
v 0.109749 0.022282 -0.109928
v 0.109665 0.022194 -0.109992
v 0.111575 0.021495 -0.108664
v 0.111522 0.021346 -0.109066
v 0.111442 0.021203 -0.109304
v 0.111389 0.021120 -0.109410
v 0.111329 0.021032 -0.109506
v 0.111023 0.020630 -0.109780
v 0.110649 0.020199 -0.109846
v 0.113267 0.020126 -0.107964
v 0.113284 0.020104 -0.108113
v 0.113258 0.019906 -0.108679
v 0.113228 0.019831 -0.108806
v 0.112953 0.019336 -0.109294
v 0.112619 0.018863 -0.109453
v 0.115252 0.018636 -0.107614
v 0.115268 0.018554 -0.107913
v 0.115220 0.018343 -0.108324
v 0.115185 0.018252 -0.108445
v 0.115089 0.018045 -0.108656
v 0.115029 0.017932 -0.108743
v 0.117065 0.017328 -0.106961
v 0.117111 0.017153 -0.107558
v 0.117098 0.017079 -0.107696
v 0.116997 0.016797 -0.108058
v 0.116742 0.016323 -0.108375
v 0.116485 0.015939 -0.108457
v 0.116391 0.015813 -0.108453
v 0.118775 0.016018 -0.106603
v 0.118794 0.015975 -0.106752
v 0.118726 0.015595 -0.107424
v 0.118627 0.015381 -0.107630
v 0.118239 0.014773 -0.107911
v 0.118144 0.014650 -0.107922
v 0.120200 0.014795 -0.105941
v 0.120229 0.014756 -0.106087
v 0.120233 0.014496 -0.106641
v 0.120206 0.014409 -0.106765
v 0.119832 0.013762 -0.107285
v 0.119741 0.013646 -0.107326
v 0.119326 0.013196 -0.107343
v 0.121320 0.013583 -0.105762
v 0.121324 0.013518 -0.105897
v 0.121295 0.013363 -0.106152
v 0.121263 0.013275 -0.106270
v 0.121167 0.013083 -0.106479
v 0.121103 0.012981 -0.106569
v 0.120948 0.012770 -0.106714
v 0.120760 0.012556 -0.106808
v 0.120656 0.012450 -0.106835
v 0.120435 0.012248 -0.106847
v 0.122219 0.012501 -0.104981
v 0.122247 0.012311 -0.105369
v 0.122233 0.012235 -0.105492
v 0.121992 0.011788 -0.105999
v 0.121827 0.011595 -0.106137
v 0.121291 0.011137 -0.106271
v 0.123052 0.011192 -0.104399
v 0.123065 0.011061 -0.104642
v 0.123033 0.010911 -0.104872
v 0.123000 0.010830 -0.104980
v 0.122956 0.010747 -0.105082
v 0.122838 0.010575 -0.105263
v 0.122591 0.010314 -0.105469
v 0.122163 0.009993 -0.105599
v 0.122044 0.009921 -0.105603
v 0.123392 0.010508 -0.104231
v 0.123375 0.010365 -0.104460
v 0.123313 0.010209 -0.104671
v 0.123267 0.010127 -0.104769
v 0.123802 0.009625 -0.103801
v 0.123653 0.009250 -0.104309
v 0.123593 0.009171 -0.104395
v 0.123524 0.009092 -0.104474
v 0.123362 0.008937 -0.104608
v 0.124169 0.008778 -0.103229
v 0.124125 0.008567 -0.103539
v 0.124046 0.008418 -0.103727
v 0.123860 0.008194 -0.103968
v 0.123292 0.007794 -0.104251
v 0.123180 0.007739 -0.104268
v 0.124766 0.006890 -0.102201
v 0.124725 0.006753 -0.102388
v 0.124692 0.006683 -0.102477
v 0.124600 0.006545 -0.102644
v 0.124541 0.006477 -0.102721
v 0.124476 0.006411 -0.102792
v 0.124324 0.006283 -0.102918
v 0.124050 0.006111 -0.103058
v 0.123949 0.006060 -0.103091
v 0.123844 0.006013 -0.103116
v 0.125205 0.004884 -0.100987
v 0.125181 0.004818 -0.101071
v 0.125149 0.004753 -0.101154
v 0.125062 0.004624 -0.101309
v 0.125008 0.004562 -0.101382
v 0.124806 0.004385 -0.101573
v 0.124727 0.004330 -0.101627
v 0.124643 0.004279 -0.101675
v 0.124263 0.004107 -0.101810
v 0.124054 0.004044 -0.101839
v 0.125269 0.003997 -0.100654
v 0.125227 0.003934 -0.100730
v 0.124759 0.003541 -0.101155
v 0.124671 0.003496 -0.101197
v 0.124180 0.003324 -0.101317
v 0.125599 0.001783 -0.098848
v 0.125528 0.001662 -0.098992
v 0.125375 0.001491 -0.099188
v 0.125173 0.001340 -0.099354
v 0.125698 -0.000940 -0.096821
v 0.125438 -0.001204 -0.097117
v 0.125731 -0.003516 -0.094451
v 0.125693 -0.003573 -0.094512
v 0.125550 -0.003731 -0.094683
v 0.126725 0.093407 0.088869
v 0.127033 0.105660 0.078156
v 0.126954 0.102003 0.082322
v 0.126785 0.095460 0.087637
v 0.095280 0.103390 0.079727
v 0.091603 0.103291 0.079787
v 0.104241 0.103897 0.079378
v 0.086862 0.096417 0.085998
v 0.087190 0.092265 0.088111
v 0.104403 0.103906 0.079372
v 0.086174 0.103144 0.079876
v 0.085436 0.103152 0.079868
v 0.085189 0.103155 0.079865
v 0.084328 0.100577 0.082745
v 0.085738 0.099034 0.084116
v 0.080163 0.103212 0.079808
v 0.079926 0.103049 0.080033
v 0.095547 0.095267 0.086920
v 0.105294 0.096982 0.086060
v 0.127033 0.105660 0.078156
v 0.127033 0.105660 -0.098156
v 0.127214 0.111765 -0.086494
v 0.127357 0.114542 -0.075911
v 0.127377 0.114898 0.053861
v 0.127140 0.109830 0.071179
v 0.095280 0.103390 0.079727
v 0.082439 0.103186 0.079834
v 0.095280 0.103390 -0.099727
v 0.080164 0.103320 -0.099643
v 0.080075 0.103227 -0.099787
v 0.080098 0.103220 -0.099798
v 0.080112 0.103217 -0.099802
v 0.080163 0.103212 -0.099809
v 0.080064 0.103232 -0.099780
v 0.080234 0.103385 -0.099542
v 0.081770 0.105349 -0.096308
v 0.083520 0.113548 -0.079134
v 0.083542 0.113724 -0.078571
v 0.083718 0.114989 -0.073439
v 0.083718 0.114987 0.053438
v 0.083136 0.109998 0.067732
v 0.081973 0.105751 0.075618
v 0.080547 0.103699 0.079046
v 0.080125 0.103215 0.079805
v 0.080145 0.103213 0.079807
v 0.080101 0.103219 0.079798
v 0.080064 0.103232 0.079780
v 0.104437 0.104687 0.078305
v 0.088469 0.113759 -0.078556
v 0.091610 0.103639 -0.099301
v 0.091610 0.103639 0.079301
v 0.080064 0.103232 -0.099780
v 0.080234 0.103385 -0.099542
v 0.081019 0.104236 -0.098173
v 0.082417 0.106794 -0.093794
v 0.083388 0.112404 -0.082348
v 0.083542 0.113724 -0.078571
v 0.083811 0.115691 -0.069243
v 0.083815 0.115733 0.048922
v 0.083718 0.114987 0.053438
v 0.083641 0.114437 0.055956
v 0.083430 0.112792 0.061299
v 0.081548 0.104975 0.076942
v 0.080547 0.103699 0.079046
v 0.080064 0.103232 0.079780
v 0.080330 0.103485 0.079382
v 0.079712 0.103821 0.078538
v 0.081183 0.106385 0.073990
v 0.081609 0.108101 0.070757
v 0.081813 0.113949 0.055319
v 0.081807 0.114533 0.052115
v 0.081807 0.114515 -0.072231
v 0.081828 0.113055 -0.078913
v 0.080942 0.105701 -0.095241
v 0.080127 0.104293 -0.097730
v 0.079392 0.103443 -0.099237
v 0.079390 0.103443 -0.099236
v 0.079297 0.103454 0.079148
v 0.079392 0.103443 0.079237
v 0.079390 0.103443 0.079236
v 0.079297 0.103454 -0.099148
v 0.081106 0.105821 0.075130
v 0.081904 0.108199 0.070844
v 0.082356 0.111279 0.064598
v 0.082178 0.111219 0.064565
v 0.083207 0.112663 0.061647
v 0.083000 0.112643 0.061631
v 0.082593 0.112563 0.061586
v 0.082396 0.112503 0.061556
v 0.083085 0.113678 0.058596
v 0.082861 0.113637 0.058575
v 0.082640 0.113581 0.058549
v 0.083409 0.114546 0.055513
v 0.083163 0.114518 0.055498
v 0.082015 0.114089 0.055359
v 0.082968 0.115128 0.052247
v 0.082015 0.114692 0.052148
v 0.083540 0.115722 0.048917
v 0.083576 0.116244 0.044088
v 0.083018 0.116141 0.044076
v 0.082997 0.115584 -0.069217
v 0.082485 0.115392 -0.069185
v 0.082244 0.115263 -0.069164
v 0.082016 0.115112 -0.069141
v 0.082471 0.114931 -0.072321
v 0.082237 0.114812 -0.072294
v 0.082015 0.114673 -0.072264
v 0.083316 0.113737 -0.078497
v 0.083071 0.113518 -0.079107
v 0.082850 0.113479 -0.079086
v 0.082981 0.112378 -0.082323
v 0.082780 0.112346 -0.082303
v 0.082582 0.112301 -0.082278
v 0.082199 0.112174 -0.082214
v 0.082879 0.110957 -0.085646
v 0.082375 0.109324 -0.088869
v 0.082211 0.109286 -0.088837
v 0.081557 0.106732 -0.093583
v 0.081324 0.105769 -0.095392
v 0.080882 0.105335 -0.095995
v 0.081160 0.104784 -0.097231
v 0.080684 0.104789 -0.097028
v 0.080235 0.104302 -0.097793
v 0.080415 0.103842 -0.098794
v 0.080131 0.103422 -0.099481
v 0.080062 0.103359 -0.099580
v 0.080163 0.103212 0.079808
v 0.079926 0.103049 0.080033
v 0.080125 0.103215 0.079805
v 0.080101 0.103219 0.079798
v 0.080064 0.103232 0.079780
v 0.079297 0.103454 0.079148
v 0.079392 0.103443 0.079237
v 0.079390 0.103443 0.079236
v 0.079610 0.103399 0.079431
v 0.079115 0.103339 0.079315
v 0.079425 0.103267 0.079618
v 0.079905 0.103057 0.080023
v 0.086596 0.097351 0.085387
v 0.086996 0.095694 0.086431
v 0.087190 0.092265 0.088111
v 0.082520 0.101845 0.081454
v 0.084601 0.100353 0.082962
v 0.085649 0.099149 0.084018
v 0.079905 0.103057 0.080023
v 0.031114 0.092179 0.083574
v 0.078489 0.102053 0.081414
v 0.077337 0.101510 0.082084
v 0.075157 0.100863 0.082774
v 0.073337 0.100540 0.083054
v 0.068467 0.100229 0.083111
v 0.003930 0.099502 0.078414
v -0.022349 0.097940 0.075220
v -0.035199 0.093771 0.073579
v -0.033474 0.094775 0.073781
v -0.037894 0.091128 0.073355
v 0.021441 0.095740 0.081474
v 0.001001 0.094287 0.079424
v 0.021436 0.093416 0.082185
v 0.075276 0.095707 0.086012
v 0.080784 0.097360 0.085241
v 0.070148 0.096697 0.085218
v 0.042553 0.093400 0.084445
v 0.042555 0.094573 0.084019
v 0.074941 0.098058 0.084660
v 0.079115 0.103339 0.079315
v 0.079686 0.103170 0.079848
v 0.079905 0.103057 0.080023
v 0.078489 0.102053 0.081414
v 0.076595 0.101243 0.082386
v 0.073337 0.100540 0.083054
v 0.028457 0.099915 0.080597
v -0.017887 0.098548 0.075798
v -0.032109 0.095386 0.073952
v -0.032313 0.095964 0.073773
v -0.032403 0.096239 0.073636
v -0.032615 0.096967 0.073054
v -0.032699 0.097347 0.072547
v -0.020337 0.100467 0.073595
v 0.074699 0.101914 0.081313
v 0.076270 0.102197 0.080982
v 0.077547 0.102564 0.080486
v 0.078816 0.103147 0.079619
v -0.032732 0.097620 0.071971
v -0.019842 0.099668 0.074893
v -0.019841 0.099889 0.074685
v -0.015698 0.099325 0.075899
v -0.015646 0.100663 0.074751
v -0.015623 0.100810 0.074493
v 0.071466 0.100701 0.082907
v 0.071458 0.100860 0.082765
v 0.075413 0.101798 0.081712
v -0.032109 0.095386 0.073952
v -0.035199 0.093771 0.073579
v -0.037894 0.091128 0.073355
v -0.032313 0.095964 0.073773
v -0.032484 0.096499 0.073469
v -0.032663 0.097169 0.072811
v -0.032732 0.097620 0.071971
v -0.036334 0.095721 0.071633
v -0.039574 0.092429 0.071545
v -0.039340 0.092237 0.072114
v -0.038819 0.091829 0.072813
v -0.038381 0.091495 0.073147
v -0.036144 0.095318 0.072451
v -0.035811 0.094733 0.073095
v -0.038064 0.093858 0.072091
v -0.037951 0.093729 0.072337
v -0.037894 0.091128 0.073355
v -0.039574 0.092429 0.071545
v -0.039340 0.092237 0.072114
v -0.039013 0.091979 0.072604
v -0.038607 0.091667 0.072995
v -0.043346 0.080001 0.073499
v -0.044723 0.074674 0.073699
v -0.046807 0.075001 0.072002
v -0.047491 0.043600 0.072035
v -0.045055 0.040476 0.073549
v -0.046499 0.036921 0.071832
v -0.041558 0.022451 0.071399
v -0.041295 0.022568 0.071923
v -0.040946 0.022734 0.072378
v -0.040295 0.023060 0.072898
v -0.039800 0.023316 0.073114
v -0.043335 0.085662 0.071639
v -0.044642 0.080415 0.072788
v -0.044166 0.080267 0.073157
v -0.046494 0.074962 0.072539
v -0.046080 0.074901 0.073001
v -0.045020 0.074726 0.073618
v -0.046051 0.068239 0.073679
v -0.045761 0.068222 0.073787
v -0.047346 0.043606 0.072297
v -0.046528 0.043655 0.073165
v -0.046008 0.043694 0.073460
v -0.046946 0.040226 0.072185
v -0.046371 0.040295 0.072874
v -0.046137 0.040325 0.073061
v 0.117841 0.014107 0.087773
v 0.126725 0.093407 0.088869
v 0.126251 0.088839 0.090786
v 0.125653 0.087011 0.091233
v 0.124937 0.085638 0.091467
v 0.108631 0.068734 0.092054
v 0.105061 0.057890 0.091921
v 0.103813 0.038033 0.091229
v 0.104798 0.029880 0.090807
v 0.106530 0.025144 0.090507
v 0.109379 0.021104 0.090028
v 0.107102 0.065605 0.092036
v 0.110245 0.071219 0.092058
v 0.021435 0.092170 0.082505
v -0.037894 0.091128 0.073355
v -0.044175 0.077199 0.073605
v -0.045130 0.071923 0.073786
v -0.045055 0.040476 0.073549
v -0.039800 0.023316 0.073114
v 0.069675 0.018529 0.086564
v 0.069672 0.018530 0.086564
v 0.075070 0.018014 0.086864
v 0.007978 0.085088 0.082163
v 0.015458 0.082856 0.083555
v 0.024178 0.077136 0.085366
v 0.030481 0.069015 0.086507
v 0.032542 0.064335 0.086758
v 0.033876 0.048995 0.086495
v 0.034279 0.054180 0.086743
v 0.026084 0.032827 0.084706
v 0.030371 0.038850 0.085530
v 0.020163 0.027751 0.083642
v 0.005547 0.022642 0.081226
v 0.010708 0.023534 0.082001
v -0.002228 0.022921 0.080284
v -0.009717 0.025105 0.079540
v -0.016457 0.029076 0.078827
v -0.022015 0.034591 0.078129
v -0.018645 0.077112 0.078683
v -0.007545 0.083780 0.079945
v -0.012287 0.081684 0.079385
v 0.000099 0.085406 0.080940
v -0.023660 0.071145 0.078123
v -0.026298 0.066093 0.077782
v -0.028313 0.059077 0.077482
v -0.028721 0.053901 0.077399
v -0.026974 0.043675 0.077546
v -0.039800 0.023316 0.073114
v 0.087204 0.016633 0.087190
v 0.069675 0.018529 0.086564
v 0.069672 0.018530 0.086564
v 0.088936 0.007959 0.083602
v 0.088095 -0.000710 0.078993
v 0.088905 0.002882 0.081005
v -0.037142 0.019157 0.072835
v -0.034834 0.016797 0.072697
v -0.032215 0.015002 0.072710
v -0.028258 0.013293 0.072991
v 0.071091 0.001278 0.079787
v 0.076191 0.000055 0.079430
v 0.078158 -0.000610 0.079140
v 0.081765 -0.002350 0.078200
v 0.083917 -0.003982 0.077180
v 0.085415 -0.005682 0.076035
v 0.081857 -0.000688 0.079072
v 0.084299 -0.002018 0.078295
v 0.081678 -0.002070 0.078352
v 0.082775 -0.002728 0.077954
v 0.076749 -0.000065 0.079385
v 0.082015 0.000702 0.079792
v 0.084728 -0.000531 0.079118
v -0.041558 0.022451 0.071399
v -0.041295 0.022568 0.071923
v -0.040946 0.022734 0.072378
v -0.040526 0.022942 0.072749
v -0.039800 0.023316 0.073114
v -0.037142 0.019157 0.072835
v -0.034834 0.016797 0.072697
v -0.032215 0.015002 0.072710
v -0.038608 0.018022 0.071089
v -0.035953 0.015444 0.070990
v -0.032842 0.013749 0.071597
v -0.032673 0.014099 0.072060
v -0.032572 0.014302 0.072260
v -0.032960 0.013486 0.071065
v -0.039195 0.018947 0.071414
v -0.039069 0.019027 0.071668
v -0.038763 0.019231 0.072127
v -0.038508 0.018091 0.071355
v 0.124323 -0.006126 0.073194
v 0.117841 0.014107 0.087773
v 0.119968 0.012113 0.086827
v 0.119967 0.012114 0.086828
v 0.121450 0.010122 0.085764
v 0.123745 0.003913 0.081784
v 0.087204 0.016633 0.087190
v 0.088936 0.007959 0.083602
v 0.086611 -0.003946 0.077084
v 0.088600 0.001066 0.080005
v 0.085415 -0.005682 0.076035
v 0.085413 -0.005684 0.076033
v 0.085414 -0.005683 0.076034
v 0.085414 -0.005683 0.076034
v 0.085721 -0.006107 0.075734
v 0.085414 -0.005683 0.076034
v 0.085415 -0.005682 0.076034
v 0.085413 -0.005684 0.076034
v 0.112517 0.012683 0.086783
v -0.032215 0.015002 0.072710
v -0.028258 0.013293 0.072991
v 0.071091 0.001278 0.079787
v 0.079536 -0.001176 0.078858
v 0.082900 -0.003127 0.077726
v 0.085396 -0.005656 0.076053
v 0.085415 -0.005682 0.076035
v -0.032763 0.013914 0.071838
v -0.032461 0.014522 0.072436
v -0.032960 0.013486 0.071065
v 0.085414 -0.005683 0.076034
v 0.085414 -0.005683 0.076034
v 0.085414 -0.005683 0.076034
v 0.085415 -0.005682 0.076034
v 0.085413 -0.005684 0.076034
v 0.083179 -0.004921 0.076272
v 0.080432 -0.003005 0.077439
v 0.077641 -0.001803 0.078016
v 0.073339 -0.000627 0.078346
v -0.027537 0.011301 0.071496
v 0.084283 -0.006138 0.075438
v 0.084566 -0.006059 0.075637
v 0.085310 -0.005740 0.076000
v 0.077994 -0.000957 0.078936
v -0.021241 0.010926 0.073523
v -0.026293 0.011427 0.072370
v -0.026332 0.011085 0.071883
v 0.085413 -0.005684 0.076033
v 0.085721 -0.006107 0.075734
v 0.085413 -0.005684 0.076034
v 0.084283 -0.006138 0.075438
v 0.084501 -0.006078 0.075592
v 0.085062 -0.005863 0.075903
v 0.085310 -0.005740 0.076000
v 0.085271 -0.005759 0.075985
v 0.084543 -0.006503 0.075175
v 0.084769 -0.006455 0.075322
v 0.084770 -0.006455 0.075322
v 0.085001 -0.006391 0.075452
v 0.085003 -0.006391 0.075453
v 0.085351 -0.006270 0.075614
v 0.085717 -0.006108 0.075734
v 0.085719 -0.006107 0.075734
v 0.085715 -0.006109 0.075733
v 0.085716 -0.006108 0.075733
v 0.084543 -0.006503 0.075175
v 0.084769 -0.006455 0.075322
v 0.084770 -0.006455 0.075322
v 0.085001 -0.006391 0.075452
v 0.085003 -0.006391 0.075453
v 0.085351 -0.006270 0.075614
v 0.085715 -0.006109 0.075733
v 0.085744 -0.006151 0.075703
v 0.085342 -0.006323 0.075572
v 0.084791 -0.006491 0.075298
v 0.084564 -0.006536 0.075152
v 0.118096 -0.032812 -0.063388
v 0.111178 -0.051217 -0.047879
v 0.110786 -0.052156 -0.043920
v 0.110849 -0.052007 0.024955
v 0.111261 -0.051016 0.028339
v 0.111787 -0.049707 0.030566
v 0.119131 -0.029924 0.046079
v 0.111853 -0.049542 -0.050803
v 0.112806 -0.047071 -0.053359
v 0.124259 -0.007445 0.071843
v 0.124323 -0.006126 0.073194
v 0.124323 -0.006126 -0.093194
v 0.115517 -0.005567 0.074118
v 0.085721 -0.006107 0.075734
v 0.085717 -0.006108 0.075734
v 0.085719 -0.006107 0.075734
v 0.085715 -0.006109 0.075733
v 0.085716 -0.006108 0.075733
v 0.085744 -0.006151 0.075703
v 0.086745 -0.007990 0.074333
v 0.087986 -0.011964 0.071256
v 0.085900 -0.044439 0.041832
v 0.085168 -0.048502 0.035059
v 0.084846 -0.050241 0.027628
v 0.084968 -0.049621 -0.051379
v 0.085189 -0.048385 -0.055370
v 0.085482 -0.046726 -0.058560
v 0.085898 -0.044446 -0.061838
v 0.087999 -0.012033 -0.091202
v 0.086753 -0.007990 -0.094334
v 0.085715 -0.006109 -0.095733
v 0.085717 -0.006108 -0.095734
v 0.085718 -0.006108 -0.095734
v 0.085720 -0.006107 -0.095734
v 0.106293 -0.052070 -0.041514
v 0.106529 -0.050940 -0.048501
v 0.115245 -0.010724 0.069028
v 0.115420 -0.008112 0.071671
v 0.085744 -0.006151 0.075703
v 0.085342 -0.006323 0.075572
v 0.084689 -0.006513 0.075235
v 0.084564 -0.006536 0.075152
v 0.087565 -0.010188 0.072650
v 0.088341 -0.014431 0.069282
v 0.086579 -0.040738 0.046006
v 0.085389 -0.047245 0.037716
v 0.085058 -0.049120 0.033229
v 0.084969 -0.049609 0.031376
v 0.084783 -0.050492 0.023906
v 0.084752 -0.050585 0.020314
v 0.084735 -0.050606 -0.037083
v 0.084733 -0.050638 -0.033827
v 0.084836 -0.050292 -0.047235
v 0.084968 -0.049621 -0.051379
v 0.085054 -0.049144 -0.053237
v 0.085189 -0.048385 -0.055370
v 0.085822 -0.044861 -0.061312
v 0.088520 -0.017543 -0.086741
v 0.087613 -0.010359 -0.092517
v 0.085715 -0.006109 -0.095733
v 0.086062 -0.010283 0.072260
v 0.086470 -0.018271 0.065656
v 0.083925 -0.044497 0.041077
v 0.083628 -0.046796 0.037571
v 0.083350 -0.048851 0.032293
v 0.083275 -0.049430 -0.049494
v 0.083479 -0.047900 -0.055227
v 0.083755 -0.045835 -0.059180
v 0.086544 -0.017312 -0.086476
v 0.086531 -0.013706 -0.089487
v 0.085273 -0.007867 -0.094148
v 0.084543 -0.006504 -0.095175
v 0.085094 -0.006364 -0.095501
v 0.085609 -0.006159 -0.095703
v 0.085785 -0.008798 0.073506
v 0.085935 -0.008794 0.073575
v 0.086556 -0.008720 0.073786
v 0.086885 -0.012030 0.071103
v 0.086746 -0.012292 0.070825
v 0.086763 -0.016859 0.066991
v 0.087180 -0.016958 0.067114
v 0.087839 -0.017030 0.067206
v 0.086811 -0.019987 0.064490
v 0.087281 -0.020097 0.064592
v 0.086135 -0.024092 0.060821
v 0.086639 -0.024267 0.060973
v 0.085089 -0.040535 0.046027
v 0.085330 -0.040606 0.046060
v 0.085826 -0.040704 0.046084
v 0.086077 -0.040731 0.046073
v 0.084580 -0.042651 0.043640
v 0.084798 -0.042729 0.043680
v 0.085481 -0.042886 0.043728
v 0.085715 -0.042912 0.043719
v 0.084312 -0.044679 0.041173
v 0.084142 -0.045902 0.039438
v 0.084539 -0.046036 0.039493
v 0.083989 -0.046976 0.037650
v 0.084373 -0.047113 0.037703
v 0.084774 -0.047202 0.037728
v 0.084978 -0.047229 0.037731
v 0.083857 -0.047886 0.035783
v 0.084041 -0.047963 0.035810
v 0.084623 -0.048124 0.035860
v 0.083970 -0.048439 0.034607
v 0.084157 -0.048507 0.034626
v 0.083515 -0.048956 0.032317
v 0.083687 -0.049050 0.032339
v 0.084619 -0.049349 0.032399
v 0.084815 -0.049373 0.032401
v 0.083613 -0.049565 0.029927
v 0.083966 -0.049725 0.029950
v 0.084149 -0.049787 0.029958
v 0.084336 -0.049838 0.029964
v 0.083734 -0.050008 0.027302
v 0.084089 -0.050146 0.027312
v 0.084273 -0.050198 0.027315
v 0.084648 -0.050267 0.027318
v 0.083382 -0.049999 0.025164
v 0.083544 -0.050093 0.025168
v 0.083884 -0.050252 0.025174
v 0.084061 -0.050315 0.025177
v 0.084241 -0.050367 0.025178
v 0.084424 -0.050407 0.025179
v 0.083543 -0.050230 0.021106
v 0.083705 -0.050310 0.021106
v 0.084043 -0.050441 0.021107
v 0.084394 -0.050531 0.021107
v 0.084572 -0.050559 0.021107
v 0.083654 -0.050445 0.005673
v 0.083801 -0.050512 0.005673
v 0.083888 -0.050659 -0.003052
v 0.083595 -0.050530 -0.017583
v 0.084044 -0.050704 -0.017582
v 0.084199 -0.050745 -0.017582
v 0.083628 -0.050497 -0.021256
v 0.083923 -0.050621 -0.021254
v 0.083652 -0.050457 -0.024763
v 0.084414 -0.050708 -0.024761
v 0.084573 -0.050733 -0.024760
v 0.083648 -0.050409 -0.028095
v 0.083947 -0.050536 -0.028096
v 0.084102 -0.050588 -0.028097
v 0.083478 -0.050280 -0.031252
v 0.084245 -0.050588 -0.031257
v 0.084578 -0.050691 -0.028098
v 0.084408 -0.050623 -0.031258
v 0.083596 -0.050313 -0.034247
v 0.083749 -0.050386 -0.034248
v 0.084571 -0.050650 -0.031258
v 0.084396 -0.050588 -0.034252
v 0.084564 -0.050615 -0.034253
v 0.083570 -0.050276 -0.037079
v 0.083727 -0.050351 -0.037079
v 0.084562 -0.050588 -0.037082
v 0.084044 -0.050453 -0.039755
v 0.083539 -0.050207 -0.042331
v 0.083703 -0.050289 -0.042332
v 0.083871 -0.050361 -0.042332
v 0.083381 -0.050019 -0.044815
v 0.083881 -0.050271 -0.044825
v 0.084058 -0.050334 -0.044827
v 0.083398 -0.049835 -0.047205
v 0.083563 -0.049931 -0.047213
v 0.084457 -0.050247 -0.047235
v 0.083603 -0.049633 -0.049523
v 0.083776 -0.049718 -0.049534
v 0.083955 -0.049793 -0.049544
v 0.084138 -0.049856 -0.049552
v 0.084324 -0.049907 -0.049557
v 0.083843 -0.049278 -0.051774
v 0.084024 -0.049350 -0.051788
v 0.084401 -0.049460 -0.051807
v 0.084593 -0.049497 -0.051813
v 0.084788 -0.049521 -0.051815
v 0.083723 -0.048806 -0.053220
v 0.084467 -0.049064 -0.053281
v 0.084662 -0.049099 -0.053287
v 0.083827 -0.048089 -0.055294
v 0.084392 -0.048288 -0.055357
v 0.084588 -0.048331 -0.055368
v 0.083961 -0.047168 -0.057292
v 0.084541 -0.047356 -0.057361
v 0.083937 -0.045930 -0.059227
v 0.084127 -0.046014 -0.059266
v 0.084124 -0.044516 -0.061231
v 0.084736 -0.044737 -0.061334
v 0.084949 -0.044787 -0.061349
v 0.085166 -0.044825 -0.061355
v 0.085603 -0.044862 -0.061336
v 0.084398 -0.042328 -0.063846
v 0.084610 -0.042419 -0.063899
v 0.085518 -0.042657 -0.063988
v 0.085754 -0.042683 -0.063979
v 0.085989 -0.042694 -0.063958
v 0.086634 -0.019321 -0.084921
v 0.088068 -0.017567 -0.086774
v 0.087259 -0.012105 -0.091137
v 0.086819 -0.008970 -0.093606
v 0.085661 -0.006557 -0.095413
v 0.085799 -0.006503 -0.095454
v 0.085717 -0.006108 -0.095734
v 0.085718 -0.006108 -0.095734
v 0.085720 -0.006107 -0.095734
v 0.085721 -0.006107 -0.095734
v 0.084543 -0.006504 -0.095175
v 0.085351 -0.006270 -0.095614
v 0.084283 -0.006138 -0.095438
v 0.085062 -0.005863 -0.095903
v 0.085413 -0.005684 -0.096033
v 0.085310 -0.005740 -0.096000
v 0.085413 -0.005684 -0.096034
v 0.085271 -0.005759 -0.095985
v 0.124323 -0.006126 -0.093194
v 0.127033 0.105660 -0.098156
v 0.126952 0.101938 -0.102387
v 0.126744 0.094047 -0.108508
v 0.126584 0.090943 -0.110050
v 0.126017 0.087988 -0.111015
v 0.125025 0.085783 -0.111446
v 0.124060 0.084406 -0.111618
v 0.110498 0.071548 -0.112058
v 0.108183 0.067963 -0.112052
v 0.105585 0.060618 -0.111972
v 0.104293 0.032471 -0.110950
v 0.106242 0.025722 -0.110549
v 0.107835 0.023023 -0.110311
v 0.108989 0.021547 -0.110106
v 0.109609 0.020888 -0.109975
v 0.110453 0.019993 -0.109797
v 0.111193 0.019335 -0.109623
v 0.112257 0.018392 -0.109373
v 0.118115 0.013862 -0.107659
v 0.120927 0.010914 -0.106200
v 0.122361 0.008394 -0.104754
v 0.123731 0.003983 -0.101835
v 0.080163 0.103212 -0.099809
v 0.085721 -0.006107 -0.095734
v 0.087390 -0.005911 -0.095750
v 0.085413 -0.005684 -0.096033
v 0.085413 -0.005684 -0.096034
v 0.085415 -0.005682 -0.096035
v 0.085415 -0.005682 -0.096034
v 0.085415 -0.005683 -0.096034
v 0.085414 -0.005683 -0.096034
v 0.085414 -0.005683 -0.096034
v 0.086611 -0.003946 -0.097084
v 0.088600 0.001066 -0.100005
v 0.089056 0.005455 -0.102363
v 0.087220 0.016568 -0.107167
v 0.084630 0.028154 -0.109656
v 0.084692 0.070543 -0.110900
v 0.087192 0.088540 -0.109318
v 0.086950 0.096009 -0.106249
v 0.086458 0.097705 -0.105138
v 0.084966 0.099994 -0.103291
v 0.084220 0.100684 -0.102646
v 0.079926 0.103049 -0.100033
v 0.105313 0.096082 -0.106668
v 0.110321 0.020125 -0.109821
v 0.110711 0.019739 -0.109736
v 0.095480 0.094202 -0.107501
v 0.080086 0.103223 -0.099793
v 0.080112 0.103217 -0.099802
v 0.080163 0.103212 -0.099809
v 0.079610 0.103399 -0.099431
v 0.079392 0.103443 -0.099237
v 0.079390 0.103443 -0.099236
v 0.079297 0.103454 -0.099148
v 0.079926 0.103049 -0.100033
v 0.079686 0.103170 -0.099848
v 0.079604 0.103202 -0.099777
v 0.079471 0.103255 -0.099662
v 0.079406 0.103273 -0.099600
v 0.079260 0.103313 -0.099463
v 0.079906 0.103058 -0.100021
v 0.079115 0.103339 -0.099315
v 0.079728 0.103161 -0.099865
v 0.079532 0.103251 -0.099684
v 0.084283 -0.006138 -0.095438
v 0.084814 -0.005970 -0.095782
v 0.085413 -0.005684 -0.096034
v 0.085415 -0.005682 -0.096035
v 0.085415 -0.005682 -0.096034
v 0.085415 -0.005683 -0.096034
v 0.085414 -0.005683 -0.096034
v 0.085414 -0.005683 -0.096034
v 0.082416 -0.004275 -0.096688
v 0.080296 -0.001535 -0.098666
v 0.079535 -0.002562 -0.097671
v 0.077286 -0.000297 -0.099283
v 0.076714 -0.001496 -0.098131
v 0.069270 0.001606 -0.099827
v -0.026070 0.012616 -0.093217
v -0.026350 0.010953 -0.091616
v -0.032960 0.013486 -0.091065
v -0.032763 0.013914 -0.091838
v -0.032673 0.014099 -0.092060
v -0.032215 0.015002 -0.092710
v -0.032342 0.014756 -0.092587
v 0.085277 -0.005500 -0.096160
v 0.083406 -0.003530 -0.097472
v 0.079623 -0.002467 -0.097830
v 0.079903 -0.002120 -0.098253
v 0.074992 -0.000227 -0.099174
v 0.072219 0.000030 -0.098990
v -0.026327 0.011247 -0.092134
v -0.026303 0.011429 -0.092369
v -0.028632 0.012150 -0.092135
v -0.028586 0.012350 -0.092351
v -0.032960 0.013486 -0.091065
v -0.032908 0.013606 -0.091339
v -0.032842 0.013749 -0.091597
v -0.032763 0.013914 -0.091838
v -0.032673 0.014099 -0.092060
v -0.032572 0.014302 -0.092260
v -0.032461 0.014522 -0.092436
v -0.032215 0.015002 -0.092710
v -0.032342 0.014756 -0.092587
v -0.032148 0.095370 -0.093947
v -0.032444 0.096222 -0.093631
v -0.032596 0.096726 -0.093270
v -0.032705 0.097152 -0.092806
v -0.032765 0.097480 -0.092262
v -0.035341 0.096364 -0.091705
v -0.034379 0.094290 -0.093673
v -0.036466 0.092746 -0.093453
v -0.037894 0.094412 -0.091564
v -0.038237 0.090655 -0.093341
v -0.039955 0.091882 -0.091547
v -0.042892 0.081290 -0.093456
v -0.046462 0.076668 -0.091938
v -0.044884 0.073724 -0.093732
v -0.047647 0.067027 -0.092221
v -0.046742 0.038151 -0.091861
v -0.044724 0.038492 -0.093497
v -0.042026 0.028489 -0.093302
v -0.039852 0.019640 -0.091200
v -0.037936 0.020207 -0.092911
v -0.035741 0.017618 -0.092735
v -0.037001 0.016343 -0.091008
v -0.043916 0.027826 -0.091646
v -0.032775 0.097603 -0.091966
v -0.035308 0.096247 -0.091997
v -0.036599 0.093775 -0.093172
v -0.036759 0.093979 -0.093010
v -0.037153 0.094509 -0.092379
v -0.037333 0.094776 -0.091861
v -0.037205 0.093563 -0.092975
v -0.037502 0.093910 -0.092582
v -0.037627 0.094062 -0.092352
v -0.037824 0.094314 -0.091841
v -0.039451 0.091512 -0.092506
v -0.039741 0.091723 -0.092056
v -0.043627 0.081552 -0.093158
v -0.044596 0.081882 -0.092229
v -0.045407 0.076471 -0.093206
v -0.045833 0.076557 -0.092853
v -0.046021 0.076593 -0.092648
v -0.046189 0.076623 -0.092425
v -0.045152 0.073764 -0.093661
v -0.045413 0.073803 -0.093565
v -0.045665 0.073839 -0.093445
v -0.045904 0.073873 -0.093302
v -0.046722 0.070857 -0.093044
v -0.047088 0.070883 -0.092620
v -0.045807 0.066945 -0.093814
v -0.046069 0.066958 -0.093720
v -0.047364 0.067017 -0.092700
v -0.047517 0.067022 -0.092467
v -0.046829 0.046268 -0.093156
v -0.047034 0.046261 -0.092981
v -0.047394 0.046252 -0.092580
v -0.047545 0.046250 -0.092357
v -0.045878 0.042909 -0.093459
v -0.046121 0.042887 -0.093344
v -0.046354 0.042866 -0.093207
v -0.045917 0.038281 -0.092914
v -0.046469 0.038191 -0.092327
v -0.042268 0.028401 -0.093226
v -0.043146 0.028087 -0.092702
v -0.043662 0.027909 -0.092112
v -0.041433 0.026245 -0.093163
v -0.041885 0.026058 -0.092939
v -0.042294 0.025893 -0.092631
v -0.039751 0.022164 -0.092868
v -0.039958 0.022050 -0.092738
v -0.039031 0.020136 -0.092457
v -0.039203 0.020026 -0.092286
v -0.039639 0.019759 -0.091674
v -0.037237 0.018520 -0.092604
v -0.037408 0.018375 -0.092469
v -0.037571 0.018240 -0.092315
v -0.036835 0.016501 -0.091467
v -0.035388 0.015466 -0.091647
v -0.035475 0.015357 -0.091438
v -0.032320 0.014807 -0.092611
v -0.032417 0.014618 -0.092496
v -0.032509 0.014437 -0.092366
v -0.032596 0.014264 -0.092220
v -0.032749 0.013953 -0.091882
v -0.032814 0.013817 -0.091693
v -0.032872 0.013694 -0.091493
v -0.032922 0.013584 -0.091284
v -0.032148 0.095370 -0.093947
v -0.032353 0.095948 -0.093768
v -0.032525 0.096483 -0.093464
v -0.032657 0.096950 -0.093049
v -0.032765 0.097480 -0.092262
v -0.032775 0.097603 -0.091966
v -0.027725 0.099159 -0.092608
v -0.020428 0.098234 -0.095469
v -0.017403 0.100782 -0.093984
v 0.003490 0.099492 -0.098369
v 0.042001 0.101405 -0.100208
v 0.041958 0.100996 -0.100817
v 0.041933 0.100646 -0.101160
v 0.041904 0.100028 -0.101557
v 0.042033 0.101590 -0.099754
v -0.027733 0.099035 -0.092898
v -0.027707 0.098496 -0.093672
v -0.027681 0.098268 -0.093888
v -0.020479 0.100329 -0.093857
v -0.020495 0.100180 -0.094121
v -0.020506 0.100004 -0.094370
v -0.020511 0.099805 -0.094599
v -0.020511 0.099583 -0.094808
v -0.020505 0.099342 -0.094993
v -0.020477 0.098812 -0.095287
v -0.020455 0.098527 -0.095393
v -0.017449 0.100513 -0.094518
v -0.017465 0.100339 -0.094763
v 0.012219 0.100847 -0.098513
v 0.027104 0.101138 -0.099561
v 0.079471 0.103255 -0.099662
v 0.079906 0.103058 -0.100021
v 0.079115 0.103339 -0.099315
v 0.042013 0.101482 -0.100040
v 0.041994 0.101346 -0.100315
v 0.041945 0.100828 -0.100996
v 0.041933 0.100646 -0.101160
v 0.041904 0.100028 -0.101557
v 0.041972 0.101149 -0.100626
v 0.042033 0.101590 -0.099754
v 0.073724 0.100593 -0.103014
v 0.073486 0.101776 -0.101442
v 0.075816 0.102100 -0.101102
v 0.076329 0.101157 -0.102479
v 0.077874 0.101742 -0.101807
v 0.077776 0.102649 -0.100363
v 0.078860 0.102272 -0.101125
v 0.079905 0.103057 -0.100023
v 0.051427 0.101352 -0.100894
v 0.051383 0.100825 -0.101598
v 0.070267 0.100917 -0.102653
v 0.073541 0.101585 -0.101905
v 0.074366 0.101085 -0.102610
v 0.074968 0.101358 -0.102324
v 0.076609 0.101587 -0.102055
v 0.076680 0.101445 -0.102199
v 0.077791 0.101866 -0.101685
v 0.078368 0.102647 -0.100568
v 0.078567 0.102844 -0.100221
v 0.088027 -0.000879 -0.098894
v 0.088905 0.002882 -0.101005
v 0.088936 0.007959 -0.103602
v 0.085589 0.023326 -0.108968
v 0.084630 0.028154 -0.109656
v 0.083962 0.033509 -0.110073
v 0.085719 0.076475 -0.110744
v 0.087192 0.088540 -0.109318
v 0.086935 0.096071 -0.106210
v 0.085949 0.098684 -0.104393
v 0.083143 0.101464 -0.101861
v 0.079906 0.103058 -0.100021
v 0.079916 0.103053 -0.100027
v 0.081700 -0.002310 -0.098223
v 0.079093 -0.000983 -0.098957
v 0.072459 0.001002 -0.099733
v -0.023323 0.011921 -0.093533
v -0.032215 0.015002 -0.092710
v 0.085377 -0.005558 -0.095948
v -0.031971 0.095435 -0.093970
v -0.036466 0.092746 -0.093453
v -0.039469 0.088702 -0.093318
v -0.043877 0.078243 -0.093565
v -0.044884 0.073724 -0.093732
v -0.045230 0.041764 -0.093586
v -0.041662 0.027547 -0.093275
v -0.037233 0.019298 -0.092845
v -0.025941 0.097360 -0.094832
v 0.020980 0.099810 -0.099967
v 0.073724 0.100593 -0.103014
v 0.077874 0.101742 -0.101807
v 0.077878 0.101744 -0.101804
v 0.078530 0.102078 -0.101382
v 0.079905 0.103057 -0.100023
v 0.079812 0.102975 -0.100144
v -0.014457 0.080386 -0.099139
v -0.017490 0.078098 -0.098807
v -0.023066 0.071985 -0.098192
v -0.026258 0.066193 -0.097788
v -0.028377 0.058534 -0.097471
v -0.028321 0.049090 -0.097422
v -0.026043 0.041310 -0.097640
v -0.021378 0.033845 -0.098212
v -0.016531 0.029133 -0.098818
v -0.009910 0.025194 -0.099520
v 0.005451 0.022633 -0.101213
v -0.004872 0.023463 -0.100013
v 0.015501 0.025203 -0.102809
v 0.020835 0.028239 -0.103764
v 0.026035 0.032774 -0.104697
v 0.032624 0.043943 -0.106089
v 0.029215 0.036895 -0.105286
v 0.034066 0.050589 -0.106584
v 0.032550 0.064311 -0.106758
v 0.033756 0.059664 -0.106829
v 0.029155 0.071241 -0.106303
v 0.024185 0.077129 -0.105368
v 0.017925 0.081639 -0.104058
v 0.013155 0.083762 -0.103104
v -0.006833 0.083996 -0.100033
v -0.002040 0.085137 -0.100647
v 0.005029 0.085423 -0.101679
v 0.013184 0.097351 -0.100063
v 0.069903 0.088825 -0.108260
v 0.069910 0.093202 -0.106860
v 0.077630 0.096663 -0.105579
v 0.079854 0.102386 -0.100905
v 0.077617 0.101060 -0.102461
v 0.010520 0.084554 0.082611
v 0.017787 0.081715 0.084030
v 0.027653 0.073347 0.086043
v 0.024178 0.077136 0.085366
v 0.033289 0.061854 0.086816
v 0.031607 0.066715 0.086656
v 0.034279 0.054180 0.086743
v 0.033360 0.046468 0.086312
v 0.026084 0.032827 0.084706
v 0.030563 0.039176 0.085571
v 0.020163 0.027751 0.083642
v 0.015614 0.025254 0.082829
v 0.008147 0.022981 0.081602
v 0.000364 0.022613 0.080570
v -0.012068 0.026238 0.079305
v -0.007293 0.024173 0.079776
v -0.016457 0.029076 0.078827
v -0.022134 0.073297 0.078300
v -0.007545 0.083780 0.079945
v -0.016669 0.078799 0.078896
v 0.000099 0.085406 0.080940
v -0.027057 0.064123 0.077675
v -0.028313 0.059077 0.077482
v -0.028603 0.051291 0.077400
v -0.026010 0.041235 0.077643
v -0.023533 0.036702 0.077931
v 0.000761 0.022995 0.078642
v -0.007448 0.024670 0.077781
v -0.011021 0.026136 0.077423
v -0.017157 0.030112 0.076742
v -0.022750 0.036237 0.076023
v -0.025459 0.040997 0.075702
v -0.028179 0.051050 0.075442
v -0.028019 0.058412 0.075505
v -0.026753 0.063836 0.075701
v -0.021877 0.073027 0.076326
v -0.016310 0.078613 0.076937
v -0.007081 0.083580 0.078004
v 0.000169 0.085100 0.078951
v 0.010689 0.084282 0.080634
v 0.018206 0.081371 0.082096
v 0.024930 0.076491 0.083492
v 0.028123 0.072946 0.084101
v 0.031386 0.067656 0.084613
v 0.033761 0.060788 0.084839
v 0.034465 0.052978 0.084709
v 0.033821 0.047704 0.084412
v 0.031273 0.040307 0.083703
v 0.025731 0.032385 0.082623
v 0.020919 0.028370 0.081765
v 0.016641 0.025922 0.081005
v 0.009544 0.023578 0.079829
v -0.014457 0.080386 -0.099139
v -0.009891 0.082860 -0.099664
v -0.020391 0.075360 -0.098494
v -0.023619 0.071207 -0.098128
v -0.027775 0.061680 -0.097568
v -0.028619 0.056550 -0.097428
v -0.027737 0.046206 -0.097474
v -0.024894 0.038971 -0.097766
v -0.018526 0.030818 -0.098578
v -0.012156 0.026286 -0.099295
v -0.007372 0.024200 -0.099768
v 0.000289 0.022619 -0.100561
v 0.005451 0.022633 -0.101213
v 0.010592 0.023504 -0.101982
v 0.020103 0.027712 -0.103631
v 0.026035 0.032774 -0.104697
v 0.031695 0.041525 -0.105840
v 0.033873 0.048982 -0.106494
v 0.034279 0.054138 -0.106742
v 0.032550 0.064311 -0.106758
v 0.029155 0.071241 -0.106303
v 0.022222 0.078803 -0.104960
v 0.015579 0.082802 -0.103580
v 0.005494 0.085403 -0.101751
v 0.000180 0.085413 -0.100951
v 0.005740 0.023031 -0.099274
v 0.012082 0.024206 -0.100232
v 0.019737 0.027587 -0.101554
v 0.026273 0.032959 -0.102719
v 0.031913 0.041697 -0.103859
v 0.034013 0.048699 -0.104482
v 0.034484 0.054372 -0.104759
v 0.032655 0.064634 -0.104759
v 0.029458 0.071063 -0.104329
v 0.022379 0.078669 -0.102967
v 0.015667 0.082603 -0.101581
v 0.005878 0.085093 -0.099811
v -0.000053 0.085080 -0.098920
v -0.010572 0.082164 -0.097586
v -0.014828 0.079698 -0.097101
v -0.020909 0.074219 -0.096435
v -0.023776 0.070269 -0.096101
v -0.027069 0.062823 -0.095654
v -0.028157 0.057286 -0.095480
v -0.027458 0.046779 -0.095504
v -0.024712 0.039481 -0.095784
v -0.018375 0.031184 -0.096592
v -0.012453 0.026885 -0.097274
v -0.007344 0.024620 -0.097791
v 0.000304 0.023030 -0.098589
v 0.013253 0.024597 -0.100427
v 0.021750 0.028931 -0.101914
v 0.023887 0.030695 -0.102295
v 0.027810 0.034877 -0.103000
v 0.031517 0.041052 -0.103776
v 0.033883 0.048448 -0.104449
v 0.034431 0.054749 -0.104762
v 0.033724 0.060770 -0.104831
v 0.032057 0.066116 -0.104693
v 0.029249 0.071227 -0.104285
v 0.022430 0.078592 -0.102977
v 0.020057 0.080285 -0.102481
v 0.009546 0.084519 -0.100433
v 0.003001 0.085145 -0.099372
v -0.003687 0.084490 -0.098433
v -0.009564 0.082553 -0.097707
v -0.015296 0.079274 -0.097051
v -0.020977 0.074051 -0.096426
v -0.024150 0.069600 -0.096053
v -0.027891 0.059129 -0.095526
v -0.028166 0.051171 -0.095444
v -0.026705 0.044315 -0.095576
v -0.024244 0.038669 -0.095840
v -0.017698 0.030621 -0.096674
v -0.012821 0.027144 -0.097232
v -0.002900 0.023471 -0.098240
v 0.003266 0.022982 -0.098956
v 0.005011 0.031361 -0.100298
v 0.001131 0.031758 -0.099837
v 0.002738 0.032254 -0.100084
v 0.003817 0.032100 -0.100209
v 0.003817 0.032100 -0.100209
v -0.000105 0.027557 -0.099256
v -0.000438 0.029282 -0.099404
v -0.000063 0.030560 -0.099577
v 0.005989 0.079444 -0.100572
v 0.005928 0.078281 -0.100683
v 0.004995 0.076724 -0.100681
v 0.003430 0.075836 -0.100510
v 0.002454 0.075803 -0.100360
v 0.001097 0.076239 -0.100111
v 0.000088 0.077230 -0.099867
v -0.000406 0.078498 -0.099669
v -0.000228 0.080202 -0.099519
v 0.001097 0.081728 -0.099548
v 0.002799 0.082253 -0.099747
v 0.004182 0.081922 -0.100002
v 0.005478 0.080782 -0.100340
v 0.005926 0.029729 -0.100261
v 0.005919 0.028233 -0.100101
v 0.005077 0.026808 -0.099820
v 0.003734 0.025927 -0.099531
v 0.001769 0.025984 -0.099290
v 0.000506 0.026698 -0.099226
v 0.003813 0.038739 -0.100616
v -0.003174 0.023511 0.078211
v -0.004369 0.023792 0.078089
v -0.010489 0.025984 0.077474
v -0.016907 0.029966 0.076769
v -0.020998 0.034088 0.076252
v -0.024639 0.039393 0.075794
v -0.027344 0.046936 0.075517
v -0.028302 0.054296 0.075444
v -0.027800 0.059618 0.075540
v -0.026339 0.064944 0.075760
v -0.021480 0.073478 0.076370
v -0.013565 0.080462 0.077243
v -0.009228 0.082709 0.077747
v -0.002655 0.084673 0.078570
v 0.006662 0.084976 0.079943
v 0.012947 0.083566 0.081059
v 0.019956 0.080299 0.082461
v 0.028123 0.072946 0.084101
v 0.031185 0.067781 0.084572
v 0.033625 0.061261 0.084829
v 0.034454 0.053994 0.084741
v 0.034042 0.049048 0.084499
v 0.031019 0.039883 0.083649
v 0.027088 0.033955 0.082867
v 0.024262 0.031001 0.082362
v 0.020043 0.027812 0.081608
v 0.010754 0.023875 0.080021
v 0.003962 0.023033 0.079050
v 0.004143 0.076088 0.080602
v 0.005275 0.076974 0.080704
v 0.005938 0.078600 0.080651
v -0.000397 0.078647 0.079655
v 0.000264 0.076961 0.079919
v 0.001456 0.076078 0.080181
v 0.002783 0.075787 0.080412
v -0.000063 0.030560 0.079577
v -0.000465 0.029196 0.079393
v -0.000067 0.027577 0.079262
v 0.000304 0.026914 0.079228
v 0.003951 0.032014 0.080219
v 0.002085 0.032173 0.079994
v 0.000814 0.031604 0.079783
v 0.005256 0.031124 0.080308
v 0.004933 0.026602 0.079775
v 0.005630 0.027508 0.079979
v 0.005998 0.028709 0.080164
v 0.005890 0.029884 0.080272
v 0.005804 0.080165 0.080462
v 0.005035 0.081338 0.080205
v 0.003861 0.082046 0.079936
v 0.002410 0.082227 0.079690
v 0.000544 0.081379 0.079504
v 0.000932 0.081652 0.079532
v -0.000099 0.080468 0.079509
v -0.000457 0.079318 0.079578
v 0.001471 0.026073 0.079264
v 0.002820 0.025791 0.079396
v 0.003815 0.025944 0.079544
v -0.011631 0.079207 0.077721
v -0.003207 0.026779 0.078728
v 0.084564 -0.006536 0.075152
v 0.085426 -0.008285 0.073824
v 0.084024 -0.043670 0.042089
v 0.083468 -0.047977 0.034959
v 0.083232 -0.049830 0.025943
v 0.083349 -0.048863 -0.051985
v 0.083479 -0.047900 -0.055227
v 0.083976 -0.044070 -0.061611
v 0.086291 -0.011599 -0.091202
v 0.085241 -0.007987 -0.094044
v 0.083395 -0.005203 -0.096072
v 0.079835 -0.002762 -0.097551
v 0.075746 -0.001228 -0.098208
v 0.070557 -0.000132 -0.098344
v -0.023677 0.010280 -0.091908
v -0.032508 0.013270 -0.091094
v -0.034533 0.096773 -0.091784
v -0.038180 0.093959 -0.091572
v -0.041398 0.089480 -0.091570
v -0.046977 0.074004 -0.092038
v -0.047676 0.046249 -0.092122
v -0.045980 0.034642 -0.091789
v -0.042746 0.024945 -0.091534
v -0.037824 0.017219 -0.091052
v -0.034469 0.014414 -0.091015
v -0.032732 0.097620 -0.091971
v -0.031703 0.097980 -0.092098
v -0.017261 0.100791 -0.094003
v 0.042033 0.101590 -0.099754
v 0.042036 0.104096 -0.091724
v 0.064854 -0.003756 -0.087610
v 0.069974 -0.006039 -0.087273
v 0.074303 -0.009184 -0.086421
v 0.073975 -0.008925 -0.086492
v 0.077943 -0.014573 -0.083374
v 0.077943 -0.014572 -0.083375
v 0.079379 -0.020101 -0.078684
v 0.077429 -0.045598 -0.046348
v 0.078366 -0.041013 -0.059868
v 0.078028 -0.043198 -0.056518
v 0.077682 -0.044869 -0.051514
v 0.077217 -0.045836 -0.040591
v 0.077265 -0.045805 -0.042045
v 0.077394 -0.045644 0.025463
v 0.077877 -0.044052 0.034694
v 0.078356 -0.041086 0.039795
v 0.079803 -0.026601 0.052513
v 0.080849 -0.022903 0.057129
v -0.050522 0.046289 -0.086315
v -0.033652 0.099232 -0.086468
v -0.017773 0.102917 -0.088061
v -0.042520 0.092171 -0.085931
v -0.037408 0.097184 -0.086160
v -0.041630 0.093319 -0.085950
v -0.040144 0.095076 -0.085994
v -0.044220 0.089395 -0.085918
v -0.049339 0.075784 -0.086066
v -0.048398 0.033189 -0.086009
v -0.045169 0.023826 -0.085444
v -0.039784 0.015630 -0.084719
v -0.035912 0.012151 -0.084518
v -0.025014 0.007648 -0.085108
v 0.076757 -0.012253 0.064936
v 0.076456 -0.011878 -0.085112
v -0.032449 0.010141 -0.084575
v 0.065603 -0.001503 -0.093219
v 0.069295 -0.002424 -0.093144
v 0.070677 -0.004561 -0.090144
v 0.065603 -0.002941 -0.089935
v 0.078271 -0.010290 -0.087791
v 0.081156 -0.014783 -0.085105
v 0.080445 -0.048053 -0.042053
v -0.033817 0.097871 -0.089853
v -0.039881 0.093406 -0.089359
v 0.069916 -0.001151 -0.095982
v 0.074762 -0.002594 -0.095602
v 0.079856 0.104047 0.078142
v 0.080860 0.105548 0.075514
v 0.081837 0.111633 0.063025
v 0.081824 0.113276 0.058044
v 0.081748 0.116158 -0.051753
v 0.081763 0.116004 -0.055512
v 0.081828 0.113055 -0.078913
v 0.081533 0.107681 -0.091568
v 0.080191 0.104407 -0.097528
v 0.079297 0.103454 0.079148
v -0.028863 0.098848 0.072460
v 0.071630 0.101652 0.081504
v 0.074910 0.101975 0.081233
v 0.075282 0.102008 0.081209
v 0.077595 0.102606 0.080419
v 0.078960 0.103240 0.079472
v -0.034873 0.096589 0.071753
v -0.037475 0.094745 0.071584
v -0.039951 0.091811 0.071551
v -0.044565 0.082730 0.071718
v -0.047236 0.072131 0.072100
v -0.047665 0.046045 0.072116
v -0.043523 0.026812 0.071611
v -0.040490 0.020603 0.071271
v -0.038484 0.017930 0.071089
v -0.035123 0.014929 0.071017
v 0.082514 -0.004473 0.076541
v 0.079670 -0.002647 0.077621
v 0.073674 -0.000709 0.078328
v 0.066703 0.000457 0.078268
v -0.022775 0.010095 0.072010
v -0.030568 0.012413 0.071231
v -0.032069 0.013035 0.071116
v 0.084543 -0.006503 0.075175
v 0.084564 -0.006536 0.075152
v 0.079144 0.103372 -0.099265
v 0.042033 0.101590 -0.099754
v 0.073321 0.101771 -0.101438
v 0.074138 0.101844 -0.101383
v 0.075712 0.102092 -0.101106
v 0.077585 0.102594 -0.100438
v 0.042036 0.104096 -0.091724
v 0.076757 -0.012253 0.064936
v 0.073822 0.105194 -0.091242
v 0.071793 0.104772 -0.091866
v 0.075552 -0.010598 0.065803
v 0.074759 -0.009673 0.066219
v 0.071756 -0.007075 0.067070
v 0.067467 -0.004746 0.067490
v 0.060978 -0.002681 0.067729
v -0.023595 0.007379 0.065247
v -0.032600 0.010244 0.064575
v -0.032490 0.010158 0.064571
v -0.036026 0.012239 0.064520
v -0.038311 0.014204 0.064622
v -0.037813 0.013658 0.064577
v -0.041358 0.017461 0.064873
v -0.041515 0.017716 0.064898
v -0.043105 0.019977 0.065108
v -0.046709 0.027561 0.065711
v -0.050570 0.046325 0.066321
v -0.050029 0.071514 0.066146
v -0.047797 0.081323 0.065968
v -0.041605 0.093369 0.065950
v -0.039630 0.095528 0.066020
v -0.036774 0.097642 0.066201
v -0.030703 0.100282 0.066761
v 0.071307 0.104727 0.071916
v 0.074217 0.105349 0.070993
v 0.074218 0.105303 0.071075
v 0.075498 0.105922 -0.090053
v 0.075448 0.105863 -0.090159
v 0.076563 0.106795 -0.088515
v 0.077685 0.108546 -0.084970
v 0.078223 0.110153 -0.080620
v 0.078438 0.110896 -0.077789
v 0.078813 0.112184 0.049911
v 0.078819 0.112210 0.049665
v 0.078546 0.111266 0.055883
v 0.078166 0.109583 0.063193
v 0.076626 0.107062 0.067940
v 0.079935 0.111422 0.059889
v 0.079343 0.111192 -0.079348
v 0.069244 -0.004393 0.069473
v 0.070230 -0.000634 0.077161
v -0.031075 0.011237 0.068301
v -0.032792 0.012037 0.068214
v -0.035873 0.013963 0.068183
v -0.039657 0.017622 0.068422
v 0.073765 0.103354 0.076691
v 0.076256 0.104050 0.075647
v 0.077630 0.104888 0.074287
v 0.080650 0.113876 0.049379
v 0.081276 0.115630 -0.053525
v 0.080358 0.111804 -0.079658
v 0.077560 0.104802 -0.094433
v 0.072862 0.103216 -0.096874
v 0.074299 -0.007057 0.068914
v 0.127244 -0.010096 0.048314
v 0.126639 -0.011760 0.038022
v 0.126795 -0.011330 -0.062162
v 0.127244 -0.010096 -0.068314
v 0.125375 -0.015234 0.055005
v 0.125637 -0.014512 0.054807
v 0.125760 -0.014174 0.054449
v 0.127124 -0.010428 0.048704
v 0.123482 -0.020433 0.055010
v 0.125671 -0.014418 -0.074744
v 0.125314 -0.015401 -0.075025
v 0.123482 -0.020433 -0.075010
v 0.119161 -0.032305 -0.062343
v 0.113973 -0.046559 -0.052291
v 0.113136 -0.048859 -0.049907
v 0.112738 -0.049953 -0.048190
v 0.112361 -0.050989 -0.045057
v 0.112271 -0.051235 0.023444
v 0.112451 -0.050742 0.026114
v 0.112816 -0.049739 0.028591
v 0.113283 -0.048455 0.030401
v 0.117023 -0.038179 -0.004000
v 0.117015 -0.038201 -0.016002
v 0.122297 -0.023688 -0.003936
v 0.116655 -0.039191 -0.016287
v 0.123061 -0.021589 -0.017816
v 0.122629 -0.022777 -0.003555
v 0.116237 -0.040338 -0.002721
v 0.122903 -0.022025 -0.017128
v 0.116409 -0.039866 -0.003255
v 0.116197 -0.040449 -0.052546
v 0.122630 -0.022774 -0.016447
v 0.116364 -0.039991 -0.016865
v 0.116602 -0.039337 -0.003636
v 0.116233 -0.040349 -0.017294
v 0.116364 -0.039989 -0.053126
v 0.122905 -0.022017 -0.002862
v 0.116503 -0.039608 0.033452
v 0.116825 -0.038724 -0.003894
v 0.122294 -0.023698 -0.016062
v 0.122772 -0.022383 -0.053243
v 0.122473 -0.023207 -0.053769
v 0.116602 -0.039337 -0.053625
v 0.123555 -0.020233 -0.061628
v 0.115893 -0.041284 -0.049056
v 0.123100 -0.021483 -0.062332
v 0.116825 -0.038724 -0.053882
v 0.124436 -0.017813 -0.068092
v 0.124547 -0.017508 0.047897
v 0.116233 -0.040349 0.032695
v 0.123555 -0.020233 0.041628
v 0.123176 -0.021275 -0.051377
v 0.123030 -0.021675 -0.052336
v 0.123314 -0.020894 -0.061908
v 0.122789 -0.022339 -0.063530
v 0.124195 -0.018474 0.048372
v 0.123940 -0.019175 0.048495
v 0.123681 -0.019886 0.048454
v 0.122630 -0.022774 0.033542
v 0.122944 -0.021911 0.032710
v 0.123030 -0.021675 -0.002347
v 0.124650 -0.017224 -0.062332
v 0.124195 -0.018474 -0.061628
v 0.123940 -0.019176 -0.061505
v 0.122706 -0.022566 -0.064248
v 0.122678 -0.022643 -0.065000
v 0.124650 -0.017224 -0.067668
v 0.122678 -0.022642 0.045000
v 0.116823 -0.038729 0.033881
v 0.125044 -0.016142 -0.064248
v 0.124436 -0.017813 -0.061908
v 0.122297 -0.023688 -0.053925
v 0.123940 -0.019176 -0.068495
v 0.124195 -0.018474 -0.068372
v 0.125044 -0.016141 0.045752
v 0.122706 -0.022566 0.045752
v 0.122741 -0.022470 0.043882
v 0.117161 -0.037799 0.034009
v 0.123810 -0.019532 0.041505
v 0.123167 -0.021298 0.031450
v 0.124650 -0.017224 0.042332
v 0.124961 -0.016369 -0.063530
v 0.116083 -0.040761 -0.051958
v 0.124961 -0.016369 0.046470
v 0.124828 -0.016735 0.047118
v 0.123006 -0.021741 0.047407
v 0.123314 -0.020894 0.041908
v 0.122473 -0.023206 0.033769
v 0.122817 -0.022261 0.033126
v 0.124069 -0.018821 0.041546
v 0.124828 -0.016735 -0.062882
v 0.122741 -0.022470 -0.066118
v 0.123432 -0.020571 0.048251
v 0.122849 -0.022172 0.046804
v 0.116006 -0.040975 0.031377
v 0.123006 -0.021741 0.042593
v 0.122228 -0.023879 0.033963
v 0.124318 -0.018136 0.041749
v 0.115907 -0.041247 0.029926
v 0.122922 -0.021972 -0.062882
v 0.122922 -0.021972 -0.067118
v 0.123100 -0.021483 -0.067668
v 0.123681 -0.019886 -0.068454
v 0.123203 -0.021199 0.047897
v 0.122849 -0.022172 0.043196
v 0.124901 -0.016535 -0.066804
v 0.125009 -0.016237 -0.066118
v 0.125065 -0.016084 -0.065378
v 0.124901 -0.016535 0.043196
v 0.115911 -0.041236 -0.000051
v 0.123167 -0.021298 -0.018539
v 0.115907 -0.041247 -0.020062
v 0.123314 -0.020894 -0.068092
v 0.125009 -0.016237 0.043882
v 0.125065 -0.016084 0.044622
v 0.116006 -0.040975 -0.018612
v 0.123176 -0.021275 -0.001388
v 0.123275 -0.021003 0.000062
v 0.115954 -0.041116 -0.050822
v 0.123275 -0.021003 -0.049926
v 0.123271 -0.021014 -0.019949
v 0.116014 -0.040952 -0.001461
v 0.123271 -0.021014 0.030040
v 0.117161 -0.037799 -0.015980
v 0.117015 -0.038201 -0.016002
v 0.116823 -0.038729 -0.016108
v 0.116552 -0.039473 -0.016445
v 0.116455 -0.039739 -0.016637
v 0.116364 -0.039991 -0.016865
v 0.116233 -0.040349 -0.017294
v 0.115893 -0.041284 -0.020932
v 0.116074 -0.040786 -0.018090
v 0.115948 -0.041134 -0.019257
v 0.117000 -0.037741 -0.016978
v 0.116607 -0.037864 -0.017649
v 0.116539 -0.038176 -0.017641
v 0.116492 -0.038352 -0.017674
v 0.116444 -0.038506 -0.017734
v 0.116368 -0.038703 -0.017877
v 0.116313 -0.038814 -0.018011
v 0.116221 -0.038951 -0.018286
v 0.116154 -0.039015 -0.018520
v 0.115896 -0.039024 -0.019664
v 0.115785 -0.038922 -0.020264
v 0.115784 -0.038922 -0.020267
v 0.116038 -0.040722 -0.020932
v 0.116072 -0.040142 -0.020932
v 0.115993 -0.039566 -0.020932
v 0.115672 -0.038758 -0.020932
v 0.116651 -0.037614 -0.017700
v 0.117083 -0.037994 -0.016184
v 0.116902 -0.038051 -0.016955
v 0.116776 -0.037964 -0.017313
v 0.116928 -0.038281 -0.016592
v 0.116898 -0.038238 -0.016777
v 0.116742 -0.038090 -0.017309
v 0.116875 -0.038431 -0.016614
v 0.116813 -0.038325 -0.016970
v 0.116766 -0.038268 -0.017144
v 0.116834 -0.038681 -0.016287
v 0.116835 -0.038628 -0.016466
v 0.116803 -0.038514 -0.016819
v 0.116612 -0.038249 -0.017486
v 0.116716 -0.038762 -0.016893
v 0.116657 -0.038604 -0.017217
v 0.116557 -0.038438 -0.017526
v 0.116675 -0.038879 -0.016941
v 0.116654 -0.038793 -0.017100
v 0.116530 -0.038524 -0.017557
v 0.116640 -0.039168 -0.016682
v 0.116643 -0.039081 -0.016840
v 0.116589 -0.038801 -0.017303
v 0.116551 -0.038704 -0.017451
v 0.116595 -0.039291 -0.016755
v 0.116601 -0.039195 -0.016908
v 0.116582 -0.038996 -0.017210
v 0.116533 -0.039510 -0.016687
v 0.116559 -0.039200 -0.017131
v 0.116488 -0.039633 -0.016781
v 0.116522 -0.039299 -0.017211
v 0.116512 -0.039182 -0.017350
v 0.116461 -0.038944 -0.017621
v 0.116419 -0.038824 -0.017751
v 0.116444 -0.039753 -0.016885
v 0.116469 -0.039636 -0.017024
v 0.116483 -0.039516 -0.017162
v 0.116478 -0.039270 -0.017433
v 0.116460 -0.039144 -0.017565
v 0.116402 -0.039869 -0.016999
v 0.116451 -0.039486 -0.017396
v 0.116401 -0.039085 -0.017775
v 0.116333 -0.039006 -0.017980
v 0.116382 -0.039660 -0.017622
v 0.116366 -0.039361 -0.017855
v 0.116340 -0.039210 -0.017967
v 0.116349 -0.039742 -0.017753
v 0.116348 -0.039584 -0.017864
v 0.116309 -0.039266 -0.018079
v 0.116304 -0.039985 -0.017791
v 0.116244 -0.040240 -0.017857
v 0.116285 -0.039894 -0.018058
v 0.116285 -0.039718 -0.018156
v 0.116246 -0.039365 -0.018344
v 0.116168 -0.040508 -0.017955
v 0.116239 -0.040147 -0.018143
v 0.116254 -0.039778 -0.018326
v 0.116241 -0.039591 -0.018414
v 0.116213 -0.039406 -0.018500
v 0.116172 -0.039221 -0.018583
v 0.116133 -0.040602 -0.018177
v 0.116178 -0.040413 -0.018263
v 0.116208 -0.040221 -0.018349
v 0.116209 -0.039635 -0.018597
v 0.116168 -0.040131 -0.018887
v 0.116167 -0.039914 -0.018953
v 0.116115 -0.039957 -0.019498
v 0.116044 -0.039482 -0.019585
v 0.116072 -0.039940 -0.020185
v 0.115890 -0.039166 -0.020248
v 0.117161 -0.037799 -0.015980
v 0.122020 -0.024450 -0.015980
v 0.117103 -0.037778 -0.016586
v 0.117000 -0.037741 -0.016978
v 0.116651 -0.037614 -0.017700
v 0.117058 -0.037762 -0.016784
v 0.121510 -0.024265 -0.017700
v 0.121859 -0.024392 -0.016978
v 0.121962 -0.024429 -0.016586
v 0.115893 -0.041284 -0.049056
v 0.115893 -0.041284 -0.020932
v 0.116038 -0.040722 -0.020932
v 0.116072 -0.040142 -0.020932
v 0.115993 -0.039566 -0.020932
v 0.115672 -0.038758 -0.020932
v 0.115672 -0.038758 -0.049056
v 0.115993 -0.039566 -0.049056
v 0.116072 -0.040142 -0.049056
v 0.116038 -0.040722 -0.049056
v 0.116584 -0.037976 -0.017638
v 0.116515 -0.038267 -0.017654
v 0.116444 -0.038506 -0.017734
v 0.116368 -0.038703 -0.017877
v 0.116284 -0.038864 -0.018091
v 0.116221 -0.038951 -0.018286
v 0.116117 -0.039039 -0.018662
v 0.115897 -0.039024 -0.019659
v 0.115785 -0.038922 -0.020264
v 0.115784 -0.038922 -0.020267
v 0.115672 -0.038758 -0.020932
v 0.116651 -0.037614 -0.017700
v 0.114648 -0.036952 -0.022752
v 0.114623 -0.036941 -0.023227
v 0.114684 -0.036922 -0.022315
v 0.114722 -0.036865 -0.021979
v 0.114788 -0.036738 -0.021571
v 0.114788 -0.036737 -0.021569
v 0.114932 -0.036396 -0.021029
v 0.114857 -0.036584 -0.021269
v 0.114903 -0.036471 -0.021113
v 0.115022 -0.036157 -0.020831
v 0.115184 -0.035694 -0.020649
v 0.115110 -0.035909 -0.020709
v 0.115315 -0.035299 -0.020625
v 0.122020 -0.024450 -0.015980
v 0.122158 -0.024071 -0.016000
v 0.123061 -0.021589 -0.017816
v 0.122984 -0.021801 -0.017442
v 0.122817 -0.022261 -0.016863
v 0.122630 -0.022774 -0.016447
v 0.122356 -0.023526 -0.016106
v 0.123098 -0.021489 -0.018030
v 0.123288 -0.020966 -0.020932
v 0.123227 -0.021134 -0.019166
v 0.121510 -0.024265 -0.017700
v 0.121789 -0.024366 -0.017168
v 0.121917 -0.024413 -0.016784
v 0.121962 -0.024429 -0.016586
v 0.123038 -0.021490 -0.020932
v 0.122691 -0.021956 -0.020932
v 0.122261 -0.022346 -0.020932
v 0.121853 -0.022701 -0.019597
v 0.122002 -0.022801 -0.018780
v 0.122037 -0.023021 -0.018175
v 0.122009 -0.023187 -0.017940
v 0.121974 -0.023311 -0.017823
v 0.121895 -0.023520 -0.017701
v 0.121784 -0.023764 -0.017641
v 0.121630 -0.024057 -0.017651
v 0.121495 -0.022759 -0.020932
v 0.122569 -0.022108 -0.020088
v 0.121943 -0.022582 -0.020160
v 0.122764 -0.021953 -0.019372
v 0.122255 -0.022447 -0.019513
v 0.122059 -0.022582 -0.019556
v 0.123087 -0.021495 -0.018611
v 0.122466 -0.022355 -0.018957
v 0.122729 -0.022158 -0.018382
v 0.122605 -0.022306 -0.018467
v 0.122324 -0.022574 -0.018629
v 0.122911 -0.021919 -0.018009
v 0.122817 -0.022075 -0.018104
v 0.122465 -0.022497 -0.018380
v 0.122958 -0.021852 -0.017725
v 0.122881 -0.022006 -0.017828
v 0.122923 -0.021951 -0.017553
v 0.122445 -0.022615 -0.018088
v 0.122617 -0.022530 -0.017614
v 0.122296 -0.022846 -0.017960
v 0.122243 -0.023049 -0.017693
v 0.122219 -0.023122 -0.017622
v 0.122110 -0.023188 -0.017752
v 0.122589 -0.022823 -0.016838
v 0.122529 -0.022909 -0.016986
v 0.122459 -0.022989 -0.017133
v 0.122380 -0.023064 -0.017277
v 0.122291 -0.023135 -0.017419
v 0.122489 -0.023019 -0.016910
v 0.122501 -0.023064 -0.016683
v 0.122190 -0.023409 -0.017257
v 0.122002 -0.023488 -0.017557
v 0.122151 -0.023510 -0.017217
v 0.122064 -0.023544 -0.017374
v 0.122252 -0.023549 -0.016851
v 0.122186 -0.023584 -0.017020
v 0.122334 -0.023570 -0.016286
v 0.122089 -0.023831 -0.016970
v 0.122212 -0.023905 -0.016215
v 0.122184 -0.023927 -0.016404
v 0.122035 -0.023965 -0.016957
v 0.121963 -0.023969 -0.017135
v 0.121881 -0.023968 -0.017309
v 0.122084 -0.024107 -0.016579
v 0.122036 -0.024109 -0.016769
v 0.121977 -0.024108 -0.016955
v 0.121824 -0.024091 -0.017314
v 0.122024 -0.024266 -0.016578
v 0.121919 -0.024248 -0.016962
v 0.121849 -0.024232 -0.017148
v 0.121675 -0.024188 -0.017503
v 0.116651 -0.037614 -0.017700
v 0.121510 -0.024265 -0.017700
v 0.115315 -0.035299 -0.020625
v 0.118998 -0.025179 -0.020625
v 0.115672 -0.038758 -0.020932
v 0.115672 -0.038758 -0.049056
v 0.114623 -0.036941 -0.023227
v 0.114623 -0.036942 -0.046761
v 0.116158 -0.040556 -0.052367
v 0.116237 -0.040338 -0.052710
v 0.116364 -0.039989 -0.053126
v 0.116455 -0.039740 -0.053351
v 0.116551 -0.039476 -0.053542
v 0.115893 -0.041284 -0.049056
v 0.116708 -0.039043 -0.053769
v 0.117161 -0.037800 -0.054009
v 0.116887 -0.038552 -0.053927
v 0.116825 -0.038724 -0.053882
v 0.117023 -0.038179 -0.053989
v 0.116014 -0.040952 -0.051450
v 0.115672 -0.038758 -0.049056
v 0.115912 -0.039287 -0.049056
v 0.116046 -0.039852 -0.049056
v 0.116069 -0.040433 -0.049056
v 0.115909 -0.039032 -0.050392
v 0.116088 -0.039052 -0.051209
v 0.116225 -0.038946 -0.051717
v 0.116313 -0.038813 -0.051979
v 0.116367 -0.038704 -0.052111
v 0.116419 -0.038577 -0.052213
v 0.116468 -0.038432 -0.052287
v 0.116539 -0.038173 -0.052348
v 0.116586 -0.037967 -0.052350
v 0.117155 -0.037797 -0.053805
v 0.117000 -0.037741 -0.053010
v 0.116651 -0.037614 -0.052288
v 0.116089 -0.040208 -0.049927
v 0.115902 -0.039181 -0.049829
v 0.116078 -0.040661 -0.050718
v 0.116112 -0.040427 -0.050667
v 0.116121 -0.039955 -0.050568
v 0.115990 -0.039256 -0.050432
v 0.116079 -0.040750 -0.051378
v 0.116159 -0.040332 -0.051235
v 0.116142 -0.040579 -0.051869
v 0.116245 -0.040132 -0.051884
v 0.116260 -0.039766 -0.051699
v 0.116210 -0.040393 -0.052264
v 0.116250 -0.040226 -0.052161
v 0.116251 -0.039358 -0.051668
v 0.116212 -0.039183 -0.051577
v 0.116246 -0.040294 -0.052436
v 0.116284 -0.040136 -0.052326
v 0.116308 -0.039974 -0.052217
v 0.116320 -0.039645 -0.052004
v 0.116307 -0.039478 -0.051901
v 0.116284 -0.040192 -0.052593
v 0.116319 -0.040042 -0.052477
v 0.116352 -0.039735 -0.052248
v 0.116337 -0.039420 -0.052027
v 0.116274 -0.039103 -0.051817
v 0.116375 -0.039801 -0.052494
v 0.116342 -0.039206 -0.052029
v 0.116362 -0.039979 -0.052870
v 0.116392 -0.039846 -0.052742
v 0.116410 -0.039710 -0.052615
v 0.116414 -0.039431 -0.052366
v 0.116334 -0.039004 -0.052012
v 0.116403 -0.039867 -0.052992
v 0.116446 -0.039352 -0.052465
v 0.116401 -0.039084 -0.052215
v 0.116444 -0.039753 -0.053104
v 0.116483 -0.039516 -0.052826
v 0.116486 -0.039394 -0.052690
v 0.116431 -0.039016 -0.052295
v 0.116488 -0.039634 -0.053206
v 0.116509 -0.039526 -0.053062
v 0.116512 -0.039183 -0.052637
v 0.116491 -0.039065 -0.052501
v 0.116460 -0.038945 -0.052367
v 0.116419 -0.038825 -0.052237
v 0.116532 -0.039512 -0.053300
v 0.116551 -0.039412 -0.053151
v 0.116546 -0.039092 -0.052711
v 0.116523 -0.038982 -0.052569
v 0.116596 -0.039099 -0.052927
v 0.116581 -0.038998 -0.052778
v 0.116556 -0.038895 -0.052631
v 0.116520 -0.038790 -0.052487
v 0.116642 -0.039083 -0.053147
v 0.116617 -0.038898 -0.052836
v 0.116502 -0.038607 -0.052393
v 0.116581 -0.038617 -0.052579
v 0.116726 -0.038978 -0.053599
v 0.116733 -0.038910 -0.053430
v 0.116692 -0.038685 -0.052932
v 0.116657 -0.038605 -0.052772
v 0.116612 -0.038522 -0.052615
v 0.116557 -0.038438 -0.052462
v 0.116780 -0.038831 -0.053655
v 0.116777 -0.038706 -0.053308
v 0.116760 -0.038639 -0.053137
v 0.116837 -0.038624 -0.053524
v 0.116677 -0.038315 -0.052663
v 0.116613 -0.038245 -0.052503
v 0.116895 -0.038513 -0.053742
v 0.116816 -0.038318 -0.053019
v 0.116768 -0.038261 -0.052845
v 0.116902 -0.038226 -0.053213
v 0.116808 -0.038132 -0.052853
v 0.117013 -0.038133 -0.053601
v 0.116990 -0.038104 -0.053409
v 0.116955 -0.038071 -0.053220
v 0.116908 -0.038034 -0.053034
v 0.115672 -0.038758 -0.049056
v 0.114623 -0.036942 -0.046761
v 0.115785 -0.038918 -0.049721
v 0.115897 -0.039022 -0.050326
v 0.116088 -0.039052 -0.051209
v 0.116116 -0.039038 -0.051323
v 0.116221 -0.038951 -0.051702
v 0.116256 -0.038906 -0.051814
v 0.116320 -0.038800 -0.051997
v 0.116367 -0.038704 -0.052111
v 0.116443 -0.038507 -0.052254
v 0.116501 -0.038318 -0.052323
v 0.116586 -0.037967 -0.052350
v 0.116651 -0.037614 -0.052288
v 0.115315 -0.035299 -0.049364
v 0.115184 -0.035694 -0.049339
v 0.115126 -0.035865 -0.049295
v 0.115098 -0.035944 -0.049266
v 0.114972 -0.036292 -0.049057
v 0.114948 -0.036354 -0.049001
v 0.114880 -0.036528 -0.048802
v 0.114856 -0.036586 -0.048715
v 0.114788 -0.036738 -0.048417
v 0.114729 -0.036854 -0.048057
v 0.114688 -0.036917 -0.047720
v 0.114684 -0.036921 -0.047672
v 0.117161 -0.037800 -0.054009
v 0.122020 -0.024450 -0.054009
v 0.117155 -0.037797 -0.053805
v 0.117058 -0.037762 -0.053204
v 0.117000 -0.037741 -0.053010
v 0.116651 -0.037614 -0.052288
v 0.122013 -0.024448 -0.053806
v 0.121962 -0.024429 -0.053402
v 0.121859 -0.024392 -0.053010
v 0.121510 -0.024265 -0.052288
v 0.121510 -0.024265 -0.017700
v 0.121685 -0.022708 -0.020268
v 0.122002 -0.022801 -0.018780
v 0.122040 -0.022971 -0.018271
v 0.122019 -0.023144 -0.017992
v 0.121974 -0.023311 -0.017823
v 0.121925 -0.023447 -0.017735
v 0.121862 -0.023597 -0.017674
v 0.121699 -0.023929 -0.017638
v 0.121495 -0.022759 -0.020932
v 0.118998 -0.025179 -0.020625
v 0.119152 -0.024793 -0.020649
v 0.119217 -0.024624 -0.020693
v 0.119275 -0.024470 -0.020755
v 0.119374 -0.024198 -0.020931
v 0.119330 -0.024321 -0.020840
v 0.119436 -0.024015 -0.021114
v 0.119520 -0.023738 -0.021572
v 0.119549 -0.023611 -0.021931
v 0.119552 -0.023487 -0.022692
v 0.119549 -0.023486 -0.022754
v 0.119524 -0.023476 -0.023227
v 0.123288 -0.020966 -0.049056
v 0.123288 -0.020966 -0.020932
v 0.123038 -0.021490 -0.020932
v 0.122691 -0.021956 -0.020932
v 0.122261 -0.022346 -0.020932
v 0.121495 -0.022759 -0.020932
v 0.123038 -0.021490 -0.049056
v 0.122691 -0.021956 -0.049056
v 0.122261 -0.022346 -0.049056
v 0.121495 -0.022759 -0.049056
v 0.116651 -0.037614 -0.052288
v 0.115315 -0.035299 -0.049364
v 0.121510 -0.024265 -0.052288
v 0.118998 -0.025179 -0.049364
v 0.122905 -0.022017 -0.052851
v 0.122948 -0.021901 -0.052695
v 0.122527 -0.023058 -0.053702
v 0.122020 -0.024450 -0.054009
v 0.123030 -0.021675 -0.052336
v 0.122166 -0.024049 -0.053987
v 0.122678 -0.022642 -0.053452
v 0.122726 -0.022511 -0.053352
v 0.122358 -0.023521 -0.053881
v 0.123288 -0.020966 -0.049056
v 0.123234 -0.021116 -0.050732
v 0.121962 -0.024429 -0.053402
v 0.121917 -0.024413 -0.053204
v 0.121789 -0.024366 -0.052821
v 0.121510 -0.024265 -0.052288
v 0.122004 -0.024444 -0.053704
v 0.123038 -0.021490 -0.049056
v 0.122691 -0.021956 -0.049056
v 0.122261 -0.022346 -0.049056
v 0.121495 -0.022759 -0.049056
v 0.121741 -0.023850 -0.052353
v 0.121826 -0.023677 -0.052335
v 0.121895 -0.023521 -0.052288
v 0.121973 -0.023312 -0.052166
v 0.122009 -0.023187 -0.052049
v 0.122040 -0.022966 -0.051707
v 0.122016 -0.022830 -0.051327
v 0.122016 -0.022829 -0.051323
v 0.121839 -0.022699 -0.050329
v 0.122063 -0.024255 -0.053607
v 0.122029 -0.024253 -0.053411
v 0.121853 -0.024222 -0.052842
v 0.121772 -0.024203 -0.052662
v 0.122043 -0.024092 -0.053220
v 0.121984 -0.024091 -0.053034
v 0.122217 -0.023891 -0.053771
v 0.122189 -0.023913 -0.053583
v 0.122151 -0.023931 -0.053396
v 0.122039 -0.023954 -0.053031
v 0.121968 -0.023958 -0.052853
v 0.122278 -0.023724 -0.053740
v 0.122206 -0.023783 -0.053375
v 0.122336 -0.023565 -0.053701
v 0.122303 -0.023606 -0.053523
v 0.122259 -0.023642 -0.053345
v 0.122140 -0.023700 -0.052997
v 0.122066 -0.023723 -0.052828
v 0.122391 -0.023413 -0.053654
v 0.122110 -0.023614 -0.052804
v 0.122024 -0.023640 -0.052643
v 0.122298 -0.023427 -0.053096
v 0.122229 -0.023471 -0.052932
v 0.122545 -0.022993 -0.053466
v 0.122500 -0.023066 -0.053307
v 0.122446 -0.023136 -0.053148
v 0.122309 -0.023260 -0.052837
v 0.122592 -0.022862 -0.053388
v 0.122345 -0.023161 -0.052779
v 0.122062 -0.023333 -0.052349
v 0.122528 -0.022910 -0.053004
v 0.122458 -0.022991 -0.052857
v 0.122291 -0.023136 -0.052570
v 0.122193 -0.023200 -0.052432
v 0.122683 -0.022613 -0.053207
v 0.122630 -0.022710 -0.053063
v 0.122219 -0.023123 -0.052367
v 0.122528 -0.022795 -0.052690
v 0.122560 -0.022702 -0.052593
v 0.122371 -0.022891 -0.052337
v 0.122264 -0.022977 -0.052214
v 0.122747 -0.022384 -0.052737
v 0.122674 -0.022501 -0.052610
v 0.122590 -0.022612 -0.052485
v 0.122497 -0.022717 -0.052362
v 0.122394 -0.022816 -0.052241
v 0.122850 -0.022152 -0.052728
v 0.122784 -0.022281 -0.052607
v 0.122619 -0.022524 -0.052366
v 0.122738 -0.022314 -0.052349
v 0.122768 -0.022225 -0.052197
v 0.122447 -0.022607 -0.051884
v 0.122319 -0.022719 -0.051784
v 0.122964 -0.021836 -0.052233
v 0.122886 -0.021991 -0.052131
v 0.122796 -0.022140 -0.052030
v 0.122582 -0.022417 -0.051833
v 0.122458 -0.022544 -0.051737
v 0.122597 -0.022352 -0.051662
v 0.122326 -0.022610 -0.051488
v 0.123034 -0.021643 -0.051812
v 0.122846 -0.021982 -0.051640
v 0.122733 -0.022141 -0.051555
v 0.122608 -0.022291 -0.051472
v 0.123094 -0.021474 -0.051307
v 0.122997 -0.021667 -0.051238
v 0.122047 -0.022579 -0.050363
v 0.123173 -0.021248 -0.049901
v 0.121495 -0.022759 -0.020932
v 0.119524 -0.023476 -0.023227
v 0.121495 -0.022759 -0.049056
v 0.119524 -0.023476 -0.046761
v 0.121510 -0.024265 -0.052288
v 0.121495 -0.022759 -0.049056
v 0.118998 -0.025179 -0.049364
v 0.121741 -0.023850 -0.052353
v 0.121848 -0.023629 -0.052323
v 0.121951 -0.023378 -0.052214
v 0.121993 -0.023248 -0.052111
v 0.122019 -0.023144 -0.051997
v 0.122040 -0.022966 -0.051707
v 0.122016 -0.022830 -0.051327
v 0.122016 -0.022829 -0.051323
v 0.121839 -0.022699 -0.050329
v 0.119524 -0.023476 -0.046761
v 0.119550 -0.023482 -0.047221
v 0.119558 -0.023530 -0.047674
v 0.119548 -0.023615 -0.048068
v 0.119474 -0.023898 -0.048715
v 0.119520 -0.023739 -0.048420
v 0.119473 -0.023900 -0.048719
v 0.119416 -0.024076 -0.048943
v 0.119349 -0.024267 -0.049111
v 0.119325 -0.024334 -0.049157
v 0.119234 -0.024580 -0.049279
v 0.119117 -0.024881 -0.049354
v 0.116603 -0.039334 0.033626
v 0.116503 -0.039608 0.033452
v 0.116364 -0.039991 0.033124
v 0.115893 -0.041284 0.029056
v 0.116192 -0.040463 0.032524
v 0.116151 -0.040574 0.032336
v 0.116884 -0.038561 0.033925
v 0.117161 -0.037799 0.034009
v 0.116948 -0.038386 0.033960
v 0.116006 -0.040975 0.031377
v 0.117103 -0.037778 0.033402
v 0.116931 -0.037716 0.032821
v 0.116607 -0.037864 0.032339
v 0.116539 -0.038176 0.032348
v 0.116492 -0.038352 0.032315
v 0.116419 -0.038576 0.032214
v 0.116368 -0.038703 0.032111
v 0.116284 -0.038864 0.031898
v 0.116222 -0.038949 0.031707
v 0.116078 -0.039055 0.031167
v 0.115785 -0.038922 0.029725
v 0.115784 -0.038922 0.029722
v 0.116038 -0.040722 0.029056
v 0.116072 -0.040142 0.029056
v 0.115993 -0.039566 0.029056
v 0.115672 -0.038758 0.029056
v 0.116651 -0.037614 0.032288
v 0.116697 -0.037916 0.032504
v 0.116953 -0.038355 0.033771
v 0.116898 -0.038238 0.033212
v 0.116805 -0.038143 0.032853
v 0.116742 -0.038090 0.032680
v 0.116850 -0.038380 0.033195
v 0.116813 -0.038325 0.033018
v 0.116708 -0.038208 0.032676
v 0.116803 -0.038514 0.033170
v 0.116783 -0.038772 0.033480
v 0.116776 -0.038708 0.033307
v 0.116759 -0.038641 0.033137
v 0.116692 -0.038498 0.032804
v 0.116644 -0.038423 0.032643
v 0.116730 -0.038837 0.033262
v 0.116657 -0.038604 0.032772
v 0.116612 -0.038522 0.032615
v 0.116686 -0.038961 0.033209
v 0.116675 -0.038879 0.033048
v 0.116654 -0.038793 0.032889
v 0.116581 -0.038615 0.032580
v 0.116626 -0.039253 0.033466
v 0.116640 -0.039168 0.033307
v 0.116643 -0.039080 0.033148
v 0.116635 -0.038990 0.032992
v 0.116617 -0.038897 0.032837
v 0.116589 -0.038801 0.032686
v 0.116551 -0.038704 0.032538
v 0.116579 -0.039384 0.033388
v 0.116601 -0.039195 0.033080
v 0.116533 -0.039510 0.033302
v 0.116559 -0.039199 0.032857
v 0.116522 -0.039298 0.032778
v 0.116461 -0.038944 0.032367
v 0.116486 -0.039394 0.032690
v 0.116478 -0.039270 0.032555
v 0.116431 -0.039016 0.032295
v 0.116391 -0.038889 0.032170
v 0.116429 -0.039744 0.032856
v 0.116445 -0.039616 0.032723
v 0.116445 -0.039354 0.032464
v 0.116428 -0.039220 0.032337
v 0.116409 -0.039713 0.032610
v 0.116416 -0.039575 0.032485
v 0.116370 -0.039149 0.032123
v 0.116373 -0.039807 0.032486
v 0.116380 -0.039511 0.032249
v 0.116280 -0.040202 0.032579
v 0.116315 -0.040051 0.032463
v 0.116349 -0.039742 0.032236
v 0.116334 -0.039425 0.032015
v 0.116272 -0.039107 0.031807
v 0.116242 -0.040307 0.032414
v 0.116279 -0.040148 0.032305
v 0.116304 -0.039985 0.032197
v 0.116316 -0.039820 0.032091
v 0.116316 -0.039653 0.031986
v 0.116303 -0.039486 0.031884
v 0.116278 -0.039318 0.031784
v 0.116285 -0.039894 0.031931
v 0.116253 -0.039963 0.031753
v 0.116241 -0.039591 0.031574
v 0.116209 -0.039635 0.031392
v 0.116153 -0.040346 0.031169
v 0.116168 -0.040131 0.031102
v 0.116167 -0.039914 0.031036
v 0.116020 -0.040906 0.030682
v 0.116073 -0.040673 0.030633
v 0.116115 -0.039957 0.030491
v 0.116043 -0.040734 0.029876
v 0.116072 -0.039940 0.029804
v 0.115890 -0.039166 0.029740
v 0.117161 -0.037799 0.034009
v 0.122020 -0.024450 0.034009
v 0.117029 -0.037751 0.033107
v 0.117000 -0.037741 0.033010
v 0.116651 -0.037614 0.032288
v 0.121510 -0.024265 0.032288
v 0.121889 -0.024403 0.033107
v 0.115893 -0.041284 0.000932
v 0.115979 -0.041006 0.029056
v 0.116069 -0.040433 0.029056
v 0.116046 -0.039852 0.029056
v 0.115912 -0.039287 0.029056
v 0.115672 -0.038758 0.029056
v 0.115672 -0.038758 0.000932
v 0.115912 -0.039287 0.000932
v 0.116046 -0.039852 0.000932
v 0.116069 -0.040433 0.000932
v 0.116562 -0.038079 0.032353
v 0.116515 -0.038267 0.032335
v 0.116468 -0.038431 0.032288
v 0.116419 -0.038576 0.032214
v 0.116341 -0.038761 0.032049
v 0.116313 -0.038814 0.031978
v 0.116254 -0.038909 0.031808
v 0.116189 -0.038985 0.031595
v 0.116221 -0.038951 0.031702
v 0.116116 -0.039039 0.031323
v 0.115785 -0.038922 0.029725
v 0.115784 -0.038922 0.029722
v 0.115672 -0.038758 0.029056
v 0.116651 -0.037614 0.032288
v 0.114648 -0.036952 0.027236
v 0.114623 -0.036941 0.026761
v 0.114744 -0.036826 0.028161
v 0.114788 -0.036737 0.028420
v 0.114834 -0.036637 0.028629
v 0.114932 -0.036395 0.028960
v 0.114880 -0.036528 0.028801
v 0.114903 -0.036471 0.028875
v 0.115047 -0.036087 0.029199
v 0.115110 -0.035909 0.029279
v 0.115215 -0.035603 0.029354
v 0.115315 -0.035299 0.029364
v 0.123061 -0.021589 0.032172
v 0.122726 -0.022510 0.033351
v 0.122984 -0.021801 0.032546
v 0.122903 -0.022025 0.032860
v 0.122294 -0.023698 0.033927
v 0.122356 -0.023526 0.033882
v 0.122020 -0.024450 0.034009
v 0.122473 -0.023206 0.033769
v 0.122772 -0.022384 0.033243
v 0.122158 -0.024071 0.033989
v 0.123288 -0.020965 0.029056
v 0.123227 -0.021134 0.030822
v 0.121510 -0.024265 0.032288
v 0.121817 -0.024376 0.032891
v 0.121889 -0.024403 0.033107
v 0.121946 -0.024423 0.033328
v 0.121960 -0.024428 0.033403
v 0.122999 -0.021551 0.029056
v 0.122591 -0.022061 0.029056
v 0.122081 -0.022470 0.029056
v 0.121495 -0.022758 0.029056
v 0.121853 -0.022701 0.030392
v 0.122031 -0.022879 0.031490
v 0.122032 -0.023073 0.031901
v 0.121993 -0.023247 0.032111
v 0.121925 -0.023447 0.032254
v 0.121862 -0.023597 0.032315
v 0.121738 -0.023855 0.032353
v 0.122450 -0.022220 0.029885
v 0.122688 -0.022044 0.030592
v 0.122084 -0.022566 0.030438
v 0.123076 -0.021519 0.031369
v 0.122800 -0.022061 0.031660
v 0.122983 -0.021778 0.032064
v 0.122197 -0.022721 0.031448
v 0.122504 -0.022508 0.031798
v 0.122200 -0.022767 0.031588
v 0.122829 -0.022132 0.032299
v 0.122878 -0.022071 0.032579
v 0.122702 -0.022370 0.032319
v 0.122473 -0.022638 0.032068
v 0.122677 -0.022624 0.033188
v 0.122575 -0.022845 0.033114
v 0.122504 -0.022939 0.032947
v 0.122420 -0.023027 0.032783
v 0.122465 -0.023047 0.033022
v 0.122540 -0.023000 0.033445
v 0.122489 -0.023082 0.033266
v 0.122124 -0.023441 0.032617
v 0.122087 -0.023536 0.032654
v 0.122289 -0.023524 0.033244
v 0.122220 -0.023567 0.033053
v 0.122139 -0.023604 0.032865
v 0.121941 -0.023660 0.032506
v 0.122291 -0.023620 0.033479
v 0.122209 -0.023908 0.033750
v 0.121902 -0.023969 0.032723
v 0.122068 -0.024108 0.033338
v 0.121934 -0.024104 0.032920
v 0.122051 -0.024268 0.033558
v 0.116651 -0.037614 0.032288
v 0.121510 -0.024265 0.032288
v 0.115315 -0.035299 0.029364
v 0.118998 -0.025179 0.029364
v 0.115672 -0.038758 0.029056
v 0.115672 -0.038758 0.000932
v 0.114623 -0.036941 0.026761
v 0.114623 -0.036941 0.003227
v 0.117161 -0.037799 -0.004020
v 0.117091 -0.037991 -0.004015
v 0.116197 -0.040449 -0.002557
v 0.116321 -0.040108 -0.003010
v 0.116364 -0.039989 -0.003137
v 0.116551 -0.039476 -0.003553
v 0.116887 -0.038552 -0.003938
v 0.115893 -0.041284 0.000932
v 0.116083 -0.040761 -0.001970
v 0.115954 -0.041116 -0.000834
v 0.115672 -0.038758 0.000932
v 0.115912 -0.039287 0.000932
v 0.116072 -0.040142 0.000932
v 0.116038 -0.040722 0.000932
v 0.116004 -0.039063 -0.000860
v 0.116193 -0.038980 -0.001621
v 0.116285 -0.038862 -0.001912
v 0.116341 -0.038761 -0.002060
v 0.116367 -0.038704 -0.002122
v 0.116443 -0.038507 -0.002265
v 0.116501 -0.038318 -0.002334
v 0.116563 -0.038074 -0.002364
v 0.117135 -0.037790 -0.003614
v 0.116931 -0.037716 -0.002832
v 0.116651 -0.037614 -0.002300
v 0.116045 -0.040730 0.000006
v 0.116026 -0.040891 -0.000782
v 0.116121 -0.039954 -0.000579
v 0.115990 -0.039256 -0.000444
v 0.116079 -0.040750 -0.001389
v 0.116127 -0.040542 -0.001317
v 0.116159 -0.040332 -0.001247
v 0.116156 -0.039692 -0.001043
v 0.116122 -0.039479 -0.000979
v 0.116071 -0.039269 -0.000918
v 0.116142 -0.040579 -0.001881
v 0.116186 -0.040393 -0.001792
v 0.116231 -0.039819 -0.001533
v 0.116188 -0.039432 -0.001371
v 0.116145 -0.039241 -0.001294
v 0.116217 -0.040311 -0.001991
v 0.116260 -0.039766 -0.001710
v 0.116247 -0.039582 -0.001620
v 0.116276 -0.040055 -0.002070
v 0.116290 -0.039882 -0.001969
v 0.116277 -0.039533 -0.001774
v 0.116212 -0.039183 -0.001589
v 0.116284 -0.040136 -0.002337
v 0.116308 -0.039974 -0.002229
v 0.116321 -0.039810 -0.002121
v 0.116244 -0.039145 -0.001715
v 0.116284 -0.040192 -0.002605
v 0.116352 -0.039735 -0.002260
v 0.116337 -0.039420 -0.002038
v 0.116312 -0.039261 -0.001932
v 0.116274 -0.039103 -0.001828
v 0.116322 -0.040087 -0.002749
v 0.116355 -0.039946 -0.002627
v 0.116382 -0.039506 -0.002268
v 0.116342 -0.039206 -0.002040
v 0.116414 -0.039431 -0.002377
v 0.116398 -0.039289 -0.002256
v 0.116403 -0.039867 -0.003003
v 0.116451 -0.039484 -0.002606
v 0.116363 -0.038948 -0.002107
v 0.116469 -0.039636 -0.002976
v 0.116486 -0.039394 -0.002701
v 0.116460 -0.039143 -0.002435
v 0.116431 -0.039016 -0.002306
v 0.116488 -0.039634 -0.003218
v 0.116521 -0.039414 -0.002930
v 0.116522 -0.039299 -0.002788
v 0.116512 -0.039183 -0.002649
v 0.116532 -0.039512 -0.003312
v 0.116596 -0.039099 -0.002938
v 0.116520 -0.038790 -0.002499
v 0.116654 -0.038794 -0.002899
v 0.116622 -0.038706 -0.002743
v 0.116726 -0.038978 -0.003610
v 0.116716 -0.038763 -0.003107
v 0.116557 -0.038438 -0.002474
v 0.116784 -0.038770 -0.003492
v 0.116777 -0.038706 -0.003319
v 0.116732 -0.038569 -0.002980
v 0.116644 -0.038422 -0.002654
v 0.116836 -0.038676 -0.003714
v 0.116826 -0.038568 -0.003358
v 0.116805 -0.038509 -0.003182
v 0.116730 -0.038383 -0.002840
v 0.116677 -0.038315 -0.002675
v 0.116816 -0.038318 -0.003030
v 0.116710 -0.038201 -0.002687
v 0.116951 -0.038306 -0.003596
v 0.116932 -0.038268 -0.003409
v 0.116902 -0.038226 -0.003224
v 0.116861 -0.038181 -0.003043
v 0.116808 -0.038132 -0.002865
v 0.116990 -0.038104 -0.003421
v 0.116850 -0.037993 -0.002863
v 0.116781 -0.037949 -0.002686
v 0.116700 -0.037901 -0.002514
v 0.117073 -0.037964 -0.003618
v 0.116954 -0.037889 -0.003038
v 0.116815 -0.037820 -0.002671
v 0.115672 -0.038758 0.000932
v 0.114623 -0.036941 0.003227
v 0.115897 -0.039022 -0.000338
v 0.116004 -0.039063 -0.000860
v 0.116008 -0.039063 -0.000875
v 0.116116 -0.039038 -0.001334
v 0.116160 -0.039010 -0.001501
v 0.116225 -0.038945 -0.001729
v 0.116221 -0.038950 -0.001713
v 0.116285 -0.038862 -0.001912
v 0.116341 -0.038761 -0.002060
v 0.116393 -0.038643 -0.002177
v 0.116443 -0.038507 -0.002265
v 0.116492 -0.038352 -0.002326
v 0.116539 -0.038173 -0.002359
v 0.116609 -0.037850 -0.002349
v 0.116651 -0.037614 -0.002300
v 0.115315 -0.035299 0.000625
v 0.115281 -0.035402 0.000622
v 0.115216 -0.035601 0.000635
v 0.115110 -0.035909 0.000709
v 0.114948 -0.036354 0.000987
v 0.114996 -0.036228 0.000881
v 0.114932 -0.036396 0.001029
v 0.114814 -0.036683 0.001447
v 0.114856 -0.036586 0.001274
v 0.114771 -0.036775 0.001666
v 0.114731 -0.036851 0.001920
v 0.114684 -0.036921 0.002316
v 0.114652 -0.036951 0.002692
v 0.122020 -0.024450 -0.004020
v 0.117155 -0.037797 -0.003817
v 0.117145 -0.037794 -0.003716
v 0.117029 -0.037751 -0.003119
v 0.117000 -0.037741 -0.003022
v 0.116651 -0.037614 -0.002300
v 0.122004 -0.024444 -0.003716
v 0.121888 -0.024402 -0.003119
v 0.121510 -0.024265 -0.002300
v 0.121510 -0.024265 0.032288
v 0.121685 -0.022708 0.029721
v 0.121495 -0.022758 0.029056
v 0.121837 -0.022701 0.030326
v 0.121853 -0.022701 0.030392
v 0.122020 -0.022838 0.031357
v 0.122039 -0.022964 0.031702
v 0.122032 -0.023073 0.031901
v 0.121993 -0.023247 0.032111
v 0.121955 -0.023366 0.032205
v 0.121862 -0.023597 0.032315
v 0.121687 -0.023953 0.032350
v 0.118998 -0.025179 0.029364
v 0.119186 -0.024706 0.029320
v 0.119327 -0.024329 0.029154
v 0.119396 -0.024135 0.029002
v 0.119351 -0.024262 0.029108
v 0.119472 -0.023903 0.028723
v 0.119520 -0.023738 0.028417
v 0.119548 -0.023615 0.028069
v 0.119557 -0.023531 0.027672
v 0.119552 -0.023487 0.027296
v 0.119524 -0.023476 0.026761
v 0.123288 -0.020965 0.000932
v 0.123288 -0.020965 0.029056
v 0.122999 -0.021551 0.029056
v 0.122688 -0.021952 0.029056
v 0.122591 -0.022061 0.029056
v 0.122081 -0.022470 0.029056
v 0.121495 -0.022758 0.029056
v 0.123038 -0.021490 0.000932
v 0.122691 -0.021955 0.000932
v 0.122019 -0.022508 0.000932
v 0.121495 -0.022759 0.000932
v 0.116651 -0.037614 -0.002300
v 0.115315 -0.035299 0.000625
v 0.121510 -0.024265 -0.002300
v 0.118998 -0.025179 0.000625
v 0.122020 -0.024450 -0.004020
v 0.122233 -0.023864 -0.003971
v 0.122297 -0.023688 -0.003936
v 0.122473 -0.023207 -0.003780
v 0.122579 -0.022915 -0.003638
v 0.122629 -0.022777 -0.003555
v 0.122678 -0.022642 -0.003463
v 0.122948 -0.021901 -0.002706
v 0.122818 -0.022259 -0.003135
v 0.122905 -0.022017 -0.002862
v 0.123030 -0.021675 -0.002347
v 0.123069 -0.021567 -0.002140
v 0.123288 -0.020965 0.000932
v 0.123234 -0.021116 -0.000743
v 0.121994 -0.024441 -0.003614
v 0.121917 -0.024413 -0.003216
v 0.121789 -0.024366 -0.002832
v 0.121510 -0.024265 -0.002300
v 0.122876 -0.021731 0.000932
v 0.122485 -0.022161 0.000932
v 0.122019 -0.022508 0.000932
v 0.121495 -0.022759 0.000932
v 0.121691 -0.023944 -0.002362
v 0.121862 -0.023597 -0.002326
v 0.121951 -0.023378 -0.002225
v 0.122009 -0.023186 -0.002060
v 0.122032 -0.023071 -0.001909
v 0.122040 -0.022966 -0.001719
v 0.122016 -0.022829 -0.001335
v 0.121937 -0.022732 -0.000807
v 0.121838 -0.022699 -0.000336
v 0.121924 -0.024237 -0.003039
v 0.121853 -0.024222 -0.002853
v 0.121772 -0.024202 -0.002673
v 0.122128 -0.024079 -0.003611
v 0.122043 -0.024092 -0.003231
v 0.121831 -0.024077 -0.002687
v 0.121739 -0.024063 -0.002516
v 0.122189 -0.023913 -0.003594
v 0.122151 -0.023931 -0.003408
v 0.122100 -0.023945 -0.003223
v 0.122039 -0.023954 -0.003042
v 0.121968 -0.023958 -0.002864
v 0.121885 -0.023958 -0.002691
v 0.121793 -0.023954 -0.002524
v 0.122278 -0.023724 -0.003752
v 0.122336 -0.023565 -0.003713
v 0.122205 -0.023673 -0.003181
v 0.122140 -0.023700 -0.003009
v 0.122066 -0.023723 -0.002839
v 0.121982 -0.023740 -0.002674
v 0.121888 -0.023753 -0.002514
v 0.122391 -0.023413 -0.003665
v 0.122309 -0.023507 -0.003319
v 0.122186 -0.023583 -0.002980
v 0.122024 -0.023640 -0.002654
v 0.122357 -0.023378 -0.003273
v 0.122298 -0.023427 -0.003107
v 0.122229 -0.023471 -0.002944
v 0.122151 -0.023510 -0.002783
v 0.122495 -0.023128 -0.003548
v 0.122454 -0.023193 -0.003384
v 0.122500 -0.023066 -0.003318
v 0.122592 -0.022862 -0.003400
v 0.122488 -0.023021 -0.003091
v 0.122345 -0.023161 -0.002790
v 0.122259 -0.023224 -0.002643
v 0.122638 -0.022736 -0.003313
v 0.122458 -0.022991 -0.002869
v 0.122494 -0.022891 -0.002789
v 0.122726 -0.022493 -0.003115
v 0.122528 -0.022795 -0.002701
v 0.122769 -0.022376 -0.003001
v 0.122560 -0.022702 -0.002604
v 0.122810 -0.022263 -0.002876
v 0.122747 -0.022384 -0.002748
v 0.122674 -0.022501 -0.002622
v 0.122590 -0.022612 -0.002496
v 0.122282 -0.022908 -0.002134
v 0.122161 -0.022993 -0.002020
v 0.122297 -0.022842 -0.002033
v 0.122172 -0.022933 -0.001924
v 0.122889 -0.022043 -0.002590
v 0.122738 -0.022314 -0.002360
v 0.122544 -0.022560 -0.002136
v 0.122432 -0.022673 -0.002027
v 0.122179 -0.022877 -0.001818
v 0.122768 -0.022225 -0.002209
v 0.122964 -0.021836 -0.002245
v 0.122886 -0.021991 -0.002143
v 0.122796 -0.022140 -0.002042
v 0.122582 -0.022417 -0.001844
v 0.123000 -0.021737 -0.002045
v 0.122597 -0.022352 -0.001674
v 0.123034 -0.021643 -0.001823
v 0.122846 -0.021982 -0.001651
v 0.122733 -0.022141 -0.001566
v 0.122608 -0.022291 -0.001484
v 0.123094 -0.021474 -0.001318
v 0.122997 -0.021667 -0.001249
v 0.122464 -0.022345 -0.000984
v 0.122299 -0.022487 -0.000922
v 0.122907 -0.021753 -0.000596
v 0.122764 -0.021945 -0.000549
v 0.122605 -0.022125 -0.000502
v 0.122432 -0.022291 -0.000458
v 0.123173 -0.021248 0.000088
v 0.121495 -0.022758 0.029056
v 0.119524 -0.023476 0.026761
v 0.121495 -0.022759 0.000932
v 0.119524 -0.023476 0.003227
v 0.121510 -0.024265 -0.002300
v 0.121495 -0.022759 0.000932
v 0.118998 -0.025179 0.000625
v 0.121691 -0.023944 -0.002362
v 0.121862 -0.023597 -0.002326
v 0.121925 -0.023448 -0.002266
v 0.121993 -0.023248 -0.002122
v 0.122022 -0.023128 -0.001989
v 0.122040 -0.022966 -0.001719
v 0.122016 -0.022829 -0.001335
v 0.121937 -0.022732 -0.000807
v 0.119524 -0.023476 0.003227
v 0.119550 -0.023482 0.002768
v 0.119548 -0.023615 0.001920
v 0.119410 -0.024093 0.001029
v 0.119473 -0.023900 0.001269
v 0.119330 -0.024321 0.000840
v 0.119273 -0.024475 0.000753
v 0.119152 -0.024792 0.000649
v -0.055980 -0.010364 0.035653
v -0.054357 -0.011413 0.036829
v -0.051208 -0.013520 0.038476
v -0.047878 -0.016100 0.039451
v -0.030882 -0.031917 0.039823
v -0.058152 -0.002236 0.040479
v -0.059634 -0.002523 0.038261
v -0.043544 -0.000094 0.052295
v -0.050928 -0.000975 0.047663
v -0.053827 -0.001437 0.045263
v -0.059634 -0.002523 0.038261
v -0.043544 -0.000094 0.052295
v -0.059616 0.021237 0.057824
v -0.063602 0.020756 0.054759
v -0.069246 0.020138 0.048933
v -0.072227 0.019835 0.044516
v -0.060190 0.015647 0.053852
v -0.061897 0.015346 0.052301
v -0.079975 0.018448 -0.000120
v -0.076515 0.019412 -0.052803
v -0.076700 0.019096 -0.051268
v -0.059000 -0.008326 -0.052738
v -0.064347 -0.004371 -0.044201
v -0.069646 0.000197 -0.024564
v -0.070435 0.000856 -0.003956
v -0.067531 -0.001748 0.015232
v -0.062991 -0.005424 0.026918
v -0.060323 -0.007391 0.031100
v -0.055980 -0.010364 0.035653
v -0.055980 -0.010364 -0.055653
v -0.072227 0.019835 0.044516
v -0.075080 0.019553 0.037976
v -0.072227 0.019835 -0.064516
v -0.070565 0.001441 0.001052
v -0.075709 0.010057 -0.004222
v -0.075475 0.010120 0.001719
v -0.059634 -0.002523 -0.058261
v -0.072227 0.019835 -0.064516
v -0.066722 0.020406 -0.071819
v -0.059616 0.021236 -0.077824
v -0.056172 -0.001858 -0.062907
v -0.043544 -0.000094 -0.072295
v -0.050928 -0.000975 -0.067663
v -0.055980 -0.010364 -0.055653
v -0.059634 -0.002523 -0.058261
v -0.053827 -0.001437 -0.065263
v -0.043544 -0.000094 -0.072295
v -0.049980 -0.014416 -0.058920
v -0.053301 -0.012099 -0.057469
v -0.030882 -0.031917 -0.059823
v -0.043544 -0.000094 -0.072295
v -0.030882 -0.031917 -0.059823
v -0.024623 -0.035655 -0.059810
v -0.015257 -0.037899 -0.059736
v -0.015453 -0.034949 -0.061877
v -0.017894 -0.007321 -0.075512
v 0.098173 0.009200 0.015000
v 0.098173 0.004200 0.006340
v 0.098173 0.004200 -0.026340
v 0.098173 0.009200 -0.035000
v 0.098173 0.023458 -0.094557
v 0.098173 0.018200 -0.092538
v 0.098173 0.015156 -0.090327
v 0.098173 0.011611 -0.085950
v 0.098173 0.010081 -0.082512
v 0.098173 0.009299 -0.078832
v 0.098173 0.033500 -0.094950
v 0.098173 0.042160 -0.099950
v 0.098173 0.059840 -0.099950
v 0.098173 0.068500 -0.094950
v 0.098173 0.091919 -0.082512
v 0.098173 0.090388 -0.085950
v 0.098173 0.088177 -0.088994
v 0.098173 0.085380 -0.091512
v 0.098173 0.082121 -0.093394
v 0.098173 0.078542 -0.094557
v 0.098173 0.092800 -0.035000
v 0.098173 0.097800 -0.026340
v 0.098173 0.097800 0.006340
v 0.098173 0.092800 0.015000
v 0.098173 0.080362 0.074069
v 0.098173 0.083800 0.072538
v 0.098173 0.086844 0.070327
v 0.098173 0.089362 0.067530
v 0.098173 0.091244 0.064271
v 0.098173 0.092701 0.058831
v 0.098173 0.068500 0.074950
v 0.098173 0.059840 0.079950
v 0.098173 0.042160 0.079950
v 0.098173 0.021638 0.074069
v 0.098173 0.010081 0.062512
v 0.098173 0.015156 0.070327
v 0.098173 0.025319 0.074851
v 0.098173 0.009299 0.058832
v 0.098173 0.011612 0.065950
v 0.098173 0.018200 0.072539
v 0.098173 0.033500 0.074950
v -0.030882 -0.031917 0.039823
v -0.015257 -0.037899 0.039736
v -0.024601 -0.035664 0.039810
v -0.043544 -0.000094 0.052295
v -0.015453 -0.034949 0.041877
v -0.017894 -0.007321 0.055512
v 0.049797 -0.043962 -0.039627
v 0.049797 -0.043962 0.019627
v 0.055884 -0.044096 0.009047
v 0.058883 -0.044112 -0.000933
v 0.059600 -0.044095 -0.013660
v 0.055730 -0.044093 -0.029436
v 0.077169 -0.045867 -0.039136
v 0.077169 -0.045867 0.019136
v -0.043544 -0.000094 0.052295
v -0.059616 0.021237 0.057824
v -0.034653 0.011087 0.064345
v -0.037687 0.013280 0.064407
v -0.041732 0.017622 0.064771
v -0.045159 0.023283 0.065316
v -0.054140 0.021974 0.061086
v -0.043544 -0.000094 0.052295
v -0.017894 -0.007321 0.055512
v -0.034653 0.011087 0.064345
v -0.017686 0.006022 0.065650
v -0.030393 0.009046 0.064509
v -0.015257 -0.037899 0.039736
v -0.005006 -0.038821 0.039674
v 0.016606 -0.040142 0.039219
v 0.029965 -0.042179 0.035391
v 0.035891 -0.043024 0.032266
v 0.041228 -0.043573 0.028481
v 0.049797 -0.043962 0.019627
v -0.015380 -0.035882 0.041272
v -0.017596 -0.013401 0.051791
v 0.077169 -0.045867 0.019136
v -0.017686 0.006022 0.065650
v 0.079808 -0.025951 0.053133
v 0.078146 -0.015060 0.063010
v 0.077910 -0.043866 0.035101
v 0.078231 -0.041955 0.038713
v 0.078809 -0.037611 0.043184
v 0.075693 -0.011082 0.065434
v 0.074105 -0.009283 0.066238
v 0.070567 -0.006533 0.067054
v 0.065850 -0.004300 0.067408
v 0.031150 0.000727 0.067843
v 0.026918 0.001147 0.067788
v 0.031034 -0.006418 0.062572
v 0.031136 -0.038942 0.041023
v 0.031144 -0.041808 0.036414
v 0.044745 -0.037051 0.043039
v 0.069383 -0.044397 0.028407
v 0.064487 -0.043222 0.033387
v 0.069756 -0.039538 0.041251
v 0.074538 -0.036823 0.043818
v -0.015257 -0.037899 -0.059736
v -0.015401 -0.035607 -0.061450
v -0.017894 -0.007321 -0.075512
v -0.005006 -0.038825 -0.059674
v 0.049797 -0.043962 -0.039627
v 0.039068 -0.043379 -0.050137
v 0.018365 -0.040367 -0.058943
v 0.032827 -0.042613 -0.054016
v 0.077169 -0.045867 -0.039136
v 0.077615 -0.045106 -0.050307
v 0.077910 -0.043871 -0.055129
v 0.078214 -0.042060 -0.058547
v 0.078596 -0.039323 -0.061710
v 0.079703 -0.023853 -0.075153
v 0.078645 -0.016552 -0.081818
v -0.017686 0.006022 -0.085650
v 0.057655 -0.002203 -0.087657
v 0.068597 -0.005451 -0.087253
v 0.072323 -0.007738 -0.086754
v 0.075393 -0.010681 -0.085641
v 0.077200 -0.013099 -0.084379
v -0.005248 -0.028578 -0.066279
v 0.031139 -0.039636 -0.060187
v 0.074538 -0.036824 -0.063818
v 0.069794 -0.038880 -0.061941
v 0.064606 -0.039599 -0.060986
v 0.069552 -0.042704 -0.056195
v 0.064487 -0.043222 -0.053387
v 0.069383 -0.044397 -0.048407
v 0.000358 -0.029061 -0.066582
v 0.006170 -0.029506 -0.066863
v 0.000453 -0.036151 -0.062439
v 0.006219 -0.035551 -0.063258
v 0.013396 -0.035124 -0.064529
v 0.018361 -0.037827 -0.061960
v 0.070475 -0.017666 -0.077998
v -0.043544 -0.000094 -0.072295
v -0.017894 -0.007321 -0.075512
v -0.017896 -0.000556 -0.080414
v -0.017895 -0.000517 -0.080446
v -0.017893 -0.000455 -0.080495
v -0.017686 0.006022 -0.085650
v -0.017711 0.006026 -0.085647
v -0.031152 0.009346 -0.084465
v -0.034653 0.011087 -0.084345
v -0.059616 0.021236 -0.077824
v -0.043544 -0.000094 -0.072295
v -0.034653 0.011087 -0.084345
v -0.055145 0.021830 -0.080587
v -0.045159 0.023283 -0.085317
v -0.041732 0.017622 -0.084771
v -0.037687 0.013280 -0.084407
v -0.054721 0.019436 -0.079624
v -0.076826 0.019240 0.033446
v -0.076286 0.020504 0.035851
v -0.076252 0.021599 0.037817
v -0.076552 0.025083 0.041726
v -0.077022 0.027915 0.043618
v -0.077803 0.031451 0.044992
v -0.078392 0.033644 0.045384
v -0.078402 0.033692 -0.065403
v -0.077594 0.030587 -0.064739
v -0.076906 0.027287 -0.063266
v -0.076899 0.027247 -0.063241
v -0.076906 0.027286 -0.063266
v -0.076378 0.023565 -0.060282
v -0.076260 0.021581 -0.057755
v -0.076515 0.019412 -0.052803
v -0.081846 0.066833 -0.065500
v -0.079322 0.077689 -0.065500
v -0.081926 0.048744 -0.065500
v -0.041699 0.108286 -0.065500
v -0.075977 0.084782 -0.065500
v -0.082220 0.061517 0.045500
v -0.069481 0.093089 0.045500
v -0.040464 0.108537 0.045500
v -0.081475 0.045390 0.045500
v -0.074632 0.086938 0.045500
v -0.057487 0.102298 0.045500
v -0.080402 0.074536 0.045500
v 0.012139 0.112819 0.045412
v 0.015673 0.113005 0.044623
v 0.018492 0.113224 0.043309
v 0.020384 0.113407 0.041978
v 0.023108 0.113725 0.039099
v 0.024738 0.113968 0.036297
v 0.025585 0.114133 0.033978
v 0.026000 0.115380 -0.005858
v 0.026001 0.115378 -0.010000
v 0.026001 0.115378 -0.010000
v 0.026001 0.115377 -0.014448
v 0.026023 0.114272 -0.051622
v 0.025426 0.114097 -0.054527
v 0.023060 0.113718 -0.059191
v 0.021654 0.113545 -0.060833
v 0.018792 0.113251 -0.063126
v 0.014556 0.112935 -0.064967
v -0.066566 0.020424 0.051965
v -0.069615 0.020100 0.048418
v -0.072227 0.019835 -0.064516
v -0.063602 0.020755 -0.074758
v -0.045159 0.023283 0.065316
v -0.055145 0.021830 0.060587
v -0.024085 0.102169 0.067158
v -0.032743 0.099806 0.066346
v -0.037257 0.097605 0.066001
v -0.040530 0.094951 0.065857
v -0.045194 0.087938 0.065831
v -0.050075 0.072989 0.066059
v -0.049715 0.038251 0.066138
v -0.055995 0.021717 -0.080062
v -0.045159 0.023283 -0.085317
v -0.049319 0.036221 -0.086073
v -0.050075 0.072988 -0.086060
v -0.047907 0.081640 -0.085888
v -0.042688 0.092243 -0.085826
v -0.038060 0.097546 -0.086421
v -0.019227 0.102951 -0.087609
v 0.079026 0.113017 0.041696
v 0.078115 0.109791 0.061749
v 0.076697 0.106913 0.068310
v 0.078250 0.110245 -0.080330
v 0.078969 0.112800 -0.063728
v 0.071434 0.104827 0.071790
v 0.076679 0.106896 -0.088341
v 0.077065 0.107392 -0.087399
v 0.075763 0.106227 -0.089526
v 0.074711 0.105709 -0.090390
v 0.073170 0.105215 -0.091172
v 0.069599 0.104731 -0.091819
v 0.077596 0.108363 0.065361
v -0.042630 0.104363 0.055392
v -0.038059 0.107314 0.051499
v -0.033177 0.108269 0.051536
v -0.031686 0.107136 0.055508
v -0.036334 0.104437 0.058896
v -0.030267 0.105846 0.059040
v 0.067701 0.108224 0.065331
v 0.067543 0.106378 0.068854
v 0.074050 0.104149 0.069584
v 0.072984 0.108294 0.065375
v -0.029804 0.101049 -0.086693
v -0.030267 0.105846 -0.079040
v -0.026129 0.106558 -0.079151
v -0.031686 0.107136 -0.075509
v -0.027179 0.107859 -0.075580
v -0.032432 0.107723 -0.073566
v -0.037115 0.106785 -0.073520
v 0.053213 0.115393 -0.010000
v -0.064992 0.024403 -0.075837
v -0.064186 0.027880 -0.078071
v -0.060309 0.039113 -0.082787
v -0.061244 0.043890 -0.082896
v -0.065329 0.039104 -0.080474
v -0.068274 0.041508 -0.079166
v -0.072816 0.023812 -0.067334
v -0.073710 0.030698 -0.070796
v -0.072753 0.033736 -0.073302
v -0.075770 0.027297 -0.065504
v -0.073567 0.046408 -0.075979
v -0.066720 0.046388 -0.080634
v -0.069431 0.049069 -0.079249
v -0.061714 0.068341 -0.082486
v -0.069405 0.068519 -0.078657
v -0.079719 0.055348 -0.069841
v -0.080842 0.049127 -0.067602
v -0.073872 0.068595 -0.075318
v -0.078077 0.062225 -0.071745
v -0.077691 0.068642 -0.071418
v -0.059934 0.077689 -0.082051
v -0.066630 0.071169 -0.079952
v -0.065678 0.075738 -0.079678
v -0.069726 0.077863 -0.076439
v -0.054531 0.077590 -0.084145
v -0.053125 0.081709 -0.084004
v -0.067109 0.083958 -0.076015
v -0.070248 0.081884 -0.074365
v -0.076872 0.073761 -0.071076
v -0.077268 0.077975 -0.068627
v -0.071902 0.086067 -0.070173
v -0.066601 0.088324 -0.073981
v -0.044802 0.096921 -0.082712
v -0.046955 0.098659 -0.080187
v -0.068632 0.090619 -0.069929
v -0.064599 0.093049 -0.071840
v -0.062837 0.099507 -0.065898
v -0.075415 0.030645 0.048483
v -0.078236 0.041501 0.049623
v -0.073710 0.030698 0.050796
v -0.069787 0.030828 0.054964
v -0.074152 0.039058 0.053762
v -0.077023 0.043920 0.051973
v -0.073177 0.043913 0.055929
v -0.079719 0.055348 0.049841
v -0.079328 0.068658 0.049288
v -0.072089 0.062165 0.057358
v -0.073872 0.068595 0.055318
v -0.068747 0.043909 0.059229
v -0.065882 0.041510 0.060562
v -0.078498 0.073782 0.048952
v -0.075060 0.073734 0.053092
v -0.067737 0.090625 0.050951
v -0.066397 0.093081 0.049813
v -0.065830 0.090626 0.052923
v -0.065551 0.088327 0.054895
v -0.048534 0.101838 0.055384
v -0.063654 0.086109 0.057550
v -0.068094 0.075786 0.058215
v -0.055796 0.081742 0.062962
v -0.055069 0.075509 0.064222
v -0.052021 0.094723 0.060192
v -0.050353 0.099465 0.057146
v -0.045192 0.102268 0.057148
v -0.048788 0.093271 0.062690
v -0.045887 0.096056 0.062697
vn 0.8267 0.5206 0.2133
vn 0.8386 0.5201 0.1620
vn 0.8784 0.4337 0.2010
vn 0.9375 -0.3412 0.0679
vn 0.8861 -0.3225 0.3329
vn 0.9013 -0.2938 0.3184
vn 0.9169 -0.3060 0.2564
vn 0.9325 -0.3310 0.1447
vn 0.9227 -0.2934 0.2500
vn 0.9378 -0.2593 0.2308
vn 0.9408 -0.2898 0.1759
vn 0.9436 -0.3087 0.1195
vn 0.9362 -0.3268 0.1293
vn -0.0000 -0.0000 -0.0000
vn -0.2623 0.9648 0.0173
vn -0.3142 0.9492 0.0181
vn -0.4146 0.9098 0.0196
vn -0.4128 0.9106 0.0193
vn 0.7072 0.4156 0.5720
vn 0.7071 0.2185 0.6725
vn 0.9155 0.4023 -0.0070
vn 0.9152 0.4030 -0.0059
vn 0.8196 0.4737 0.3223
vn 0.8155 0.5788 0.0020
vn 0.8690 0.4948 -0.0021
vn 0.9995 0.0317 -0.0003
vn 0.9920 0.1266 0.0008
vn 0.9793 0.2025 0.0071
vn 0.9996 0.0232 0.0147
vn 0.9995 0.0314 0.0012
vn 0.9980 -0.0630 0.0002
vn 0.9980 -0.0631 -0.0003
vn 0.9980 -0.0635 -0.0000
vn 0.2219 0.7669 0.6022
vn 0.2288 0.7835 0.5777
vn 0.3118 0.7569 0.5744
vn 0.2954 0.7324 0.6135
vn 0.9057 -0.2782 0.3199
vn 0.9428 -0.2425 0.2289
vn 0.9689 -0.1826 0.1669
vn 0.9885 -0.1281 0.0802
vn 0.9445 -0.2510 0.2120
vn 0.9087 -0.2984 0.2918
vn 0.8638 -0.3258 0.3844
vn 0.8595 -0.2963 0.4165
vn 0.7468 -0.0620 -0.6621
vn 0.6388 -0.1655 -0.7514
vn 0.5766 -0.1276 -0.8070
vn 0.5629 -0.0410 -0.8255
vn 0.5343 0.0436 -0.8442
vn 0.6380 0.1846 -0.7476
vn 0.6742 0.0891 -0.7332
vn 0.7413 0.0463 -0.6696
vn -0.9621 0.2714 0.0255
vn -0.9619 0.2723 0.0256
vn -0.9637 0.2657 0.0255
vn -0.9857 0.1665 0.0250
vn -0.9858 0.1659 0.0250
vn -0.9841 0.1757 0.0251
vn -0.7005 -0.6467 -0.3018
vn -0.3672 -0.8514 -0.3745
vn -0.3631 -0.9096 -0.2021
vn -0.3700 -0.9257 -0.0791
vn -0.6369 -0.7610 -0.1236
vn -0.7806 -0.6075 -0.1467
vn -0.9989 -0.0418 0.0230
vn -0.9647 -0.2625 0.0199
vn -0.9523 -0.3047 0.0188
vn -0.9995 -0.0230 0.0231
vn -0.0917 -0.8611 0.5001
vn -0.1887 -0.8495 0.4926
vn -0.1705 -0.9259 0.3371
vn 0.0305 -0.9433 0.3306
vn 0.0060 -0.8644 0.5027
vn -0.0112 -0.8144 0.5802
vn -0.1072 -0.8119 0.5739
vn -0.9302 -0.3666 0.0175
vn -0.9305 -0.3659 0.0177
vn -0.9315 -0.3634 0.0177
vn -0.7914 0.1826 0.5834
vn -0.7979 0.2696 0.5392
vn -0.6772 0.3434 0.6508
vn -0.6349 0.3703 0.6780
vn -0.5864 0.2137 0.7813
vn -0.7469 0.1123 0.6554
vn -0.7959 0.0826 0.5998
vn -0.8319 0.1584 0.5319
vn -0.8724 -0.3557 -0.3352
vn -0.9042 -0.2722 -0.3293
vn -0.9350 -0.2927 -0.2001
vn -0.9033 -0.3776 -0.2036
vn -0.8183 -0.5368 -0.2056
vn -0.7195 -0.4629 -0.5177
vn -0.8027 -0.3083 -0.5105
vn -0.8091 -0.3574 0.4665
vn -0.7184 -0.2751 0.6389
vn -0.5810 -0.3066 0.7539
vn -0.6598 -0.1997 0.7244
vn -0.7421 -0.0702 0.6666
vn -0.7651 -0.2199 0.6052
vn -0.8645 -0.1435 0.4817
vn -0.8341 -0.2910 0.4686
vn 0.9397 -0.3421 -0.0000
vn 0.8434 -0.5374 0.0001
vn 0.8561 -0.5168 0.0001
vn 0.1423 -0.6690 0.7296
vn 0.3185 -0.6442 0.6954
vn 0.3123 -0.5841 0.7492
vn 0.3968 -0.5666 0.7222
vn 0.4030 -0.6239 0.6696
vn 0.3962 -0.6774 0.6198
vn 0.3225 -0.6826 0.6558
vn 0.3283 -0.7337 0.5949
vn 0.2413 -0.7522 0.6132
vn 0.1521 -0.7647 0.6262
vn -0.0121 0.5485 -0.8361
vn -0.0170 0.7648 -0.6440
vn 0.1071 0.7655 -0.6345
vn 0.2145 0.7002 -0.6810
vn 0.2419 0.6259 -0.7415
vn 0.1724 0.6255 -0.7610
vn 0.0726 0.6255 -0.7768
vn 0.0825 0.5463 -0.8335
vn -0.5854 -0.5267 -0.6164
vn -0.6986 -0.5261 -0.4849
vn -0.7533 -0.4779 -0.4517
vn -0.6133 -0.4649 -0.6385
vn 0.7967 -0.0222 -0.6039
vn 0.7981 -0.0336 -0.6016
vn 0.8427 -0.0190 -0.5381
vn 0.8438 -0.0309 -0.5358
vn 0.8842 -0.0279 -0.4663
vn 0.8830 -0.0158 -0.4691
vn 0.8755 0.0582 -0.4797
vn 0.8583 0.1688 -0.4846
vn 0.8612 0.3019 -0.4088
vn 0.8480 0.2162 -0.4839
vn 0.8187 0.1560 -0.5526
vn 0.8089 0.2010 -0.5525
vn 0.7647 0.1845 -0.6174
vn 0.7470 -0.0358 -0.6639
vn -0.2138 -0.9769 -0.0058
vn -0.2189 -0.9757 -0.0057
vn -0.2186 -0.9758 -0.0061
vn -0.6874 -0.7262 0.0081
vn -0.6895 -0.7243 0.0077
vn -0.6906 -0.7231 0.0088
vn 0.3150 0.0993 0.9439
vn 0.2841 0.1666 0.9442
vn 0.3550 0.1931 0.9147
vn 0.3544 0.2204 0.9088
vn 0.3673 0.1821 0.9121
vn 0.3684 0.1387 0.9193
vn 0.4562 -0.2522 0.8534
vn 0.3374 0.0456 0.9402
vn -0.9881 0.1521 0.0248
vn -0.9858 0.1663 0.0250
vn -0.9860 0.1647 0.0249
vn 0.1260 -0.7772 -0.6165
vn 0.0971 -0.7754 -0.6239
vn 0.2926 -0.7577 -0.5834
vn 0.3116 -0.7715 -0.5547
vn 0.7433 -0.1216 -0.6578
vn 0.7750 -0.1840 -0.6046
vn 0.6734 -0.2690 -0.6886
vn 0.3314 -0.0170 0.9433
vn 0.6247 -0.0323 0.7802
vn 0.5911 0.2504 0.7667
vn 0.5706 0.1872 0.7996
vn 0.4606 0.3545 0.8138
vn 0.4930 0.1746 0.8524
vn 0.3161 0.1800 0.9315
vn 0.2785 0.1813 0.9432
vn 0.2870 0.0835 0.9543
vn 0.3254 0.0819 0.9420
vn 0.9397 -0.3420 -0.0000
vn 0.9283 -0.3376 -0.1557
vn 0.9289 -0.3362 -0.1555
vn 0.9312 -0.3325 -0.1496
vn 0.9459 -0.3002 -0.1234
vn 0.9424 -0.3290 -0.0598
vn -0.4371 0.6525 -0.6190
vn -0.5894 0.4767 -0.6521
vn -0.5895 0.5639 -0.5783
vn -0.5614 0.6546 -0.5062
vn -0.5810 0.7123 -0.3938
vn -0.6122 0.1280 0.7802
vn -0.6904 0.2993 0.6586
vn -0.8079 0.2641 0.5269
vn -0.8098 0.1142 0.5755
vn 0.9878 0.1560 0.0010
vn 0.9948 0.1013 -0.0113
vn 0.9782 -0.2055 0.0288
vn 0.9651 -0.2563 0.0544
vn -0.3955 0.9182 0.0218
vn -0.4000 0.9163 0.0219
vn -0.2000 0.9796 0.0184
vn -0.2566 0.9663 0.0197
vn -0.6592 0.7515 0.0251
vn -0.5782 0.8155 0.0242
vn -0.5761 0.8170 0.0242
vn -0.7195 0.6941 0.0255
vn -0.9442 0.3284 0.0247
vn -0.9451 0.3259 0.0247
vn -0.9412 0.3371 0.0247
vn 0.9094 0.1190 -0.3986
vn 0.8760 0.0652 -0.4779
vn 0.8741 0.0215 -0.4852
vn 0.9119 0.0647 -0.4053
vn 0.9393 0.1191 -0.3218
vn 0.9307 0.1846 -0.3158
vn 0.7984 -0.4374 0.4138
vn 0.7630 -0.4967 0.4136
vn 0.8343 -0.4361 0.3372
vn 0.7971 -0.5012 0.3367
vn 0.7248 -0.5528 0.4113
vn 0.7192 -0.5602 0.4109
vn 0.0032 -0.8558 -0.5174
vn 0.7036 -0.6299 0.3289
vn 0.7270 -0.6398 0.2492
vn 0.7829 -0.5672 0.2557
vn 0.8257 -0.5017 0.2578
vn 0.8642 -0.4318 0.2585
vn 0.8996 -0.3557 0.2535
vn 0.8665 -0.3696 0.3356
vn -0.0000 -0.0000 1.0000
vn -0.0000 0.7163 0.6978
vn -0.0000 0.0263 -0.9997
vn 0.7072 0.5720 0.4155
vn 0.7068 0.5723 0.4159
vn 0.3234 0.2744 0.9056
vn 0.4531 0.3357 0.8258
vn 0.4820 0.2750 0.8319
vn 0.0820 0.5670 0.8196
vn 0.3438 0.0998 0.9337
vn 0.2552 0.2408 0.9364
vn 0.2484 0.2837 0.9262
vn -0.9075 -0.4199 0.0131
vn -0.9093 -0.4158 0.0132
vn -0.9094 -0.4158 0.0132
vn 0.0136 -0.9026 0.4303
vn 0.2164 -0.8946 0.3909
vn 0.2340 -0.8670 0.4399
vn 0.2924 -0.7689 0.5686
vn 0.1020 -0.7703 0.6295
vn -0.5165 0.5233 -0.6778
vn -0.5301 0.4951 -0.6884
vn -0.5796 0.6014 -0.5499
vn -0.3758 0.6338 -0.6760
vn -0.2047 0.5245 -0.8265
vn -0.1356 0.4493 -0.8830
vn -0.1412 0.4315 -0.8910
vn -0.1899 0.4157 -0.8895
vn -0.3581 0.3729 -0.8560
vn -0.3878 0.3620 -0.8477
vn -0.9838 -0.0398 0.1750
vn -0.9476 -0.1552 0.2794
vn -0.9128 -0.1493 0.3802
vn -0.9217 0.0803 0.3796
vn -0.9568 0.0832 0.2787
vn -0.9516 0.1317 0.2776
vn -0.9756 0.1345 0.1734
vn 0.7428 -0.4475 0.4980
vn 0.7541 -0.3961 0.5238
vn 0.7698 -0.2803 0.5735
vn 0.8628 -0.3141 0.3961
vn 0.8592 -0.3345 0.3871
vn 0.8320 -0.3284 0.4472
vn 0.8550 -0.3551 0.3781
vn 0.8511 -0.3735 0.3690
vn 0.8422 -0.4094 0.3508
vn 0.8470 -0.4130 0.3347
vn 0.8089 -0.4353 0.3952
vn 0.7769 -0.5304 0.3393
vn 0.7507 -0.5271 0.3983
vn 0.7445 -0.5432 0.3880
vn 0.7049 -0.5652 0.4286
vn 0.7293 -0.4961 0.4712
vn -0.3777 -0.9259 -0.0054
vn -0.3721 -0.9282 -0.0055
vn -0.3718 -0.9283 -0.0059
vn -0.4716 -0.8818 -0.0040
vn -0.4701 -0.8826 -0.0027
vn -0.4705 -0.8824 -0.0035
vn 0.6860 0.6660 0.2931
vn 0.6498 0.6782 0.3432
vn -0.6282 -0.6869 -0.3653
vn 0.6976 0.6457 0.3105
vn -0.5090 0.5090 -0.6941
vn -0.0256 0.0256 0.9993
vn -0.0000 0.7157 0.6984
vn -0.0000 0.0245 -0.9997
vn 0.3305 0.9437 0.0158
vn 0.3277 0.9447 0.0162
vn 0.3295 0.9440 0.0159
vn 0.0382 -0.9992 -0.0087
vn 0.0381 -0.9992 0.0111
vn -0.2715 -0.9603 0.0646
vn -0.2714 -0.9605 -0.0622
vn 0.5940 -0.7104 -0.3775
vn 0.6130 -0.7315 -0.2987
vn 0.6504 -0.7008 -0.2931
vn 0.6310 -0.6806 -0.3724
vn -0.1931 0.9809 0.0249
vn -0.1829 0.9828 0.0247
vn -0.3320 0.9429 0.0264
vn -0.3325 0.9427 0.0263
vn -0.0415 -0.4800 0.8763
vn -0.0344 -0.5054 0.8622
vn -0.0242 -0.5441 0.8387
vn -0.0055 -0.6141 0.7892
vn 0.0626 -0.6081 0.7914
vn 0.0565 -0.5461 0.8358
vn 0.1322 -0.5273 0.8393
vn 0.1307 -0.5621 0.8167
vn 0.2719 -0.5264 0.8056
vn 0.2877 -0.4391 0.8512
vn 0.2113 -0.4702 0.8569
vn 0.2108 -0.3758 0.9024
vn 0.1300 -0.4228 0.8968
vn 0.1141 -0.3629 0.9248
vn 0.0879 -0.3106 0.9465
vn -0.0500 -0.4556 0.8888
vn -0.0416 -0.4800 0.8763
vn 0.0344 -0.4239 0.9051
vn -0.8360 0.5481 0.0257
vn -0.8255 0.5639 0.0256
vn -0.8243 0.5656 0.0257
vn -0.8356 0.5487 0.0256
vn 0.8232 -0.3044 0.4793
vn 0.8861 -0.2408 0.3961
vn 0.9338 -0.1905 0.3030
vn 0.8983 -0.2280 0.3756
vn 0.8541 -0.2591 0.4510
vn 0.7911 -0.2884 0.5394
vn 0.7726 -0.3185 0.5492
vn -0.9609 0.2760 0.0212
vn -0.9610 0.2757 0.0212
vn -0.9584 0.2845 0.0213
vn -0.9654 0.2600 0.0209
vn -0.0000 0.7174 0.6967
vn -0.0000 0.0291 -0.9996
vn 0.9978 -0.0532 -0.0392
vn 0.9881 -0.1528 -0.0148
vn 0.9879 -0.1552 -0.0048
vn 0.9982 -0.0558 -0.0220
vn 0.9976 0.0461 -0.0514
vn 0.9923 0.0950 -0.0791
vn 0.9958 -0.0495 -0.0773
vn 0.9875 -0.1491 -0.0520
vn 0.9946 -0.1034 -0.0008
vn 0.9970 -0.0506 -0.0577
vn -0.9877 -0.1558 0.0120
vn -0.9976 0.0671 0.0171
vn -0.9976 0.0676 0.0171
vn -0.9896 -0.1432 0.0124
vn 0.9138 0.4059 0.0136
vn 0.9088 0.4114 -0.0696
vn 0.9635 0.2593 -0.0662
vn 0.9814 0.1780 -0.0719
vn 0.9827 0.1141 -0.1461
vn 0.9863 0.1646 0.0081
vn 0.6013 0.3099 -0.7365
vn 0.5485 0.2726 -0.7905
vn 0.4916 0.2332 -0.8390
vn 0.5601 0.2193 -0.7989
vn 0.4512 0.1595 -0.8780
vn 0.4765 0.0862 -0.8749
vn 0.4079 0.0644 -0.9108
vn 0.4243 -0.0236 -0.9052
vn 0.4949 -0.0204 -0.8687
vn 0.5597 0.0107 -0.8286
vn 0.6244 0.0218 -0.7808
vn 0.6776 0.0652 -0.7325
vn 0.6693 0.1114 -0.7346
vn 0.6618 0.1479 -0.7349
vn -0.9691 -0.2466 0.0096
vn -0.9690 -0.2471 0.0097
vn -0.9639 -0.2661 0.0092
vn 0.5734 0.7430 -0.3454
vn 0.6227 0.7044 -0.3407
vn 0.5380 0.7439 -0.3965
vn 0.4897 0.7767 -0.3961
vn -0.0580 0.9982 0.0126
vn -0.0512 0.9986 0.0123
vn -0.5392 -0.8421 -0.0104
vn -0.5347 -0.8450 -0.0104
vn -0.5444 -0.8388 -0.0101
vn -0.5487 -0.8360 -0.0100
vn -0.5485 -0.8361 -0.0098
vn -0.0000 0.3090 0.9511
vn -0.0000 0.0003 1.0000
vn 0.9628 -0.1432 -0.2292
vn 0.9447 -0.1961 -0.2630
vn 0.9539 -0.2282 -0.1951
vn 0.9583 -0.2058 -0.1983
vn 0.9619 -0.1950 -0.1915
vn 0.9650 -0.1849 -0.1859
vn 0.9720 -0.1627 -0.1697
vn 0.9667 -0.1299 -0.2205
vn 0.3560 0.8992 -0.2543
vn 0.4421 0.8550 -0.2711
vn 0.5318 0.8039 -0.2662
vn 0.4462 0.8558 -0.2618
vn -0.7892 0.6136 0.0261
vn -0.7899 0.6126 0.0261
vn -0.5706 0.8207 0.0272
vn -0.5630 0.8260 0.0272
vn 0.4797 -0.0140 0.8773
vn 0.5531 -0.0367 0.8323
vn 0.5961 -0.0697 0.7998
vn 0.5748 -0.1290 0.8080
vn 0.5193 -0.0896 0.8499
vn 0.5091 -0.1130 0.8533
vn 0.4504 -0.0762 0.8896
vn 0.4253 0.0196 0.9048
vn 0.5464 -0.1085 0.8305
vn 0.9742 -0.1024 0.2012
vn 0.9731 -0.0358 0.2276
vn 0.9795 -0.0008 0.2016
vn 0.9837 -0.0591 0.1696
vn 0.9808 -0.0736 0.1807
vn 0.9780 -0.1408 0.1539
vn 0.9687 -0.1738 0.1772
vn 0.9654 -0.1844 0.1845
vn 0.9592 -0.1420 0.2443
vn 0.9567 -0.1009 0.2730
vn 0.9655 -0.0688 0.2511
vn 0.9706 -0.1161 0.2108
vn 0.9694 -0.0526 0.2397
vn -0.3543 -0.6020 -0.7156
vn -0.2440 -0.3829 -0.8910
vn -0.2016 -0.3008 -0.9321
vn -0.1917 -0.3196 -0.9280
vn -0.0572 -0.4114 -0.9097
vn -0.0117 -0.4312 -0.9022
vn 0.0182 -0.4517 -0.8920
vn 0.0485 -0.4959 -0.8670
vn 0.0499 -0.5435 -0.8379
vn 0.0509 -0.5477 -0.8351
vn -0.1491 -0.6426 -0.7515
vn -0.1128 -0.6465 -0.7545
vn -0.0913 -0.6134 -0.7845
vn -0.2850 -0.6362 -0.7170
vn -0.2386 -0.0298 0.9707
vn -0.1882 -0.0984 0.9772
vn -0.1885 -0.0985 0.9771
vn 0.5428 -0.4684 0.6971
vn 0.5947 -0.3957 0.6998
vn 0.5503 -0.3544 0.7560
vn 0.2794 -0.1175 0.9529
vn 0.2921 -0.1848 0.9384
vn 0.3561 -0.2244 0.9071
vn 0.3757 -0.1950 0.9060
vn 0.4403 -0.2273 0.8686
vn 0.4167 -0.2624 0.8703
vn 0.5233 -0.2174 0.8240
vn 0.5838 -0.2410 0.7753
vn 0.5598 -0.2870 0.7774
vn 0.6141 -0.3147 0.7238
vn 0.5697 -0.4472 0.6895
vn 0.5478 -0.4959 0.6738
vn 0.5404 -0.4205 0.7288
vn 0.4538 -0.4993 0.7381
vn 0.4396 -0.4996 0.7464
vn 0.7887 0.3909 0.4745
vn 0.8607 0.4470 0.2435
vn 0.8966 0.3635 0.2529
vn 0.9229 0.2843 0.2596
vn 0.8765 0.3499 0.3307
vn 0.9405 0.2148 0.2632
vn 0.8678 0.0950 0.4878
vn 0.8172 0.3276 0.4743
vn 0.8805 0.1362 0.4541
vn 0.8951 0.1670 0.4133
vn 0.8408 0.2444 0.4830
vn 0.8187 0.3160 0.4795
vn 0.9201 -0.1099 -0.3759
vn 0.9126 -0.1549 -0.3784
vn 0.9477 -0.1109 -0.2993
vn 0.9505 -0.0776 -0.3010
vn -0.4217 -0.9016 -0.0962
vn -0.4224 -0.9050 -0.0512
vn -0.4733 -0.8769 -0.0841
vn -0.4744 -0.8674 -0.1500
vn 0.9446 -0.3228 -0.0598
vn 0.9730 -0.2160 -0.0819
vn 0.9733 -0.2089 -0.0949
vn 0.3089 0.5695 0.7617
vn 0.4272 0.4240 0.7986
vn 0.4967 0.4049 0.7677
vn 0.5283 0.4496 0.7203
vn 0.5709 0.4823 0.6644
vn 0.5911 0.5427 0.5967
vn 0.5739 0.5691 0.5889
vn 0.4640 0.6073 0.6449
vn -0.8599 0.0525 -0.5078
vn -0.9032 0.0538 -0.4257
vn -0.8857 0.2197 -0.4090
vn -0.7948 0.2046 -0.5713
vn -0.8092 0.0938 -0.5800
vn -0.8091 0.0505 -0.5855
vn -0.2895 -0.9571 -0.0124
vn -0.2330 -0.9724 -0.0092
vn -0.2849 -0.9585 -0.0117
vn -0.2865 -0.9580 -0.0130
vn -0.3414 -0.9398 -0.0121
vn -0.3465 -0.9380 -0.0107
vn 0.5081 0.8613 -0.0036
vn 0.5077 0.8615 -0.0127
vn 0.4158 0.9094 -0.0038
vn 0.4157 0.9095 0.0104
vn 0.9919 0.1271 0.0002
vn -0.5657 0.3936 0.7246
vn -0.6313 0.2396 0.7376
vn -0.4728 0.1901 0.8604
vn -0.4305 0.2894 0.8549
vn -0.6861 0.6198 0.3809
vn -0.6648 0.6331 0.3965
vn -0.6667 0.5747 0.4746
vn -0.6517 0.4431 0.6156
vn -0.6892 0.4190 0.5911
vn -0.8348 0.2480 0.4915
vn -0.8166 0.4189 0.3972
vn -0.7669 0.5738 0.2873
vn -0.2343 0.2716 0.9335
vn -0.2833 0.3342 0.8989
vn -0.2731 0.3217 0.9066
vn -0.2131 0.2473 0.9452
vn -0.1840 0.2081 0.9606
vn -0.1509 0.1706 0.9737
vn -0.1321 0.1427 0.9809
vn -0.2869 0.0372 0.9572
vn -0.0212 0.0131 0.9997
vn -0.4548 0.3023 0.8377
vn -0.4545 0.3026 0.8378
vn -0.4177 0.2397 0.8764
vn -0.5094 0.0755 -0.8572
vn -0.5078 0.0858 -0.8572
vn -0.4791 0.2048 -0.8535
vn -0.4421 0.2719 -0.8547
vn -0.4416 0.2728 -0.8547
vn -0.4809 0.2006 -0.8535
vn 0.4140 0.9101 0.0182
vn 0.4150 0.9097 0.0153
vn 0.3172 0.9482 0.0190
vn 0.4144 0.9100 -0.0165
vn 0.2194 0.9756 -0.0040
vn 0.2171 0.9759 0.0194
vn -0.1897 0.9792 -0.0713
vn 0.3158 0.9484 0.0288
vn 0.9597 -0.2653 -0.0928
vn 0.9617 -0.2345 -0.1422
vn 0.9583 -0.2058 -0.1982
vn 0.9464 -0.2380 -0.2183
vn 0.9532 -0.2570 -0.1596
vn 0.9521 -0.2867 -0.1063
vn 0.9540 -0.2814 -0.1034
vn 0.9562 -0.2488 -0.1544
vn 0.9558 -0.2765 -0.1002
vn 0.9506 -0.3068 -0.0483
vn 0.9511 -0.3056 -0.0458
vn 0.9397 -0.3420 -0.0001
vn 0.9397 -0.3419 -0.0001
vn 0.9584 -0.2837 -0.0319
vn 0.9706 -0.2308 -0.0681
vn 0.9152 0.4029 0.0090
vn 0.9512 0.3086 0.0037
vn 0.9787 0.2050 0.0049
vn 0.9531 0.3025 0.0089
vn -0.9479 0.1740 -0.2670
vn -0.8434 0.1547 0.5146
vn 0.6335 -0.7605 -0.1428
vn 0.6391 -0.7575 -0.1333
vn 0.6194 -0.7521 -0.2253
vn 0.6347 -0.7371 -0.2321
vn -0.8100 0.2702 -0.5205
vn -0.9133 0.3048 0.2703
vn 0.9134 -0.1865 -0.3618
vn 0.8990 -0.2475 -0.3614
vn 0.9388 -0.1927 -0.2853
vn 0.9670 -0.1444 -0.2100
vn 0.9719 -0.1020 -0.2121
vn 0.9474 -0.1408 -0.2873
vn -0.8278 0.4603 -0.3208
vn -0.9047 0.2525 -0.3433
vn -0.9210 0.3888 -0.0239
vn -0.8085 0.5874 -0.0353
vn -0.8194 0.4871 -0.3022
vn 0.7353 0.6324 0.2438
vn 0.7878 0.6040 0.1206
vn 0.6587 0.7030 0.2682
vn 0.6562 0.6875 0.3110
vn 0.4197 0.8548 0.3052
vn 0.3077 0.8745 0.3749
vn 0.3001 0.8828 0.3614
vn 0.2085 0.9104 0.3574
vn 0.2045 0.9143 0.3495
vn 0.3254 0.8921 0.3135
vn -0.2060 -0.2635 -0.9424
vn -0.2023 -0.3003 -0.9321
vn -0.2438 -0.3828 -0.8911
vn -0.2358 -0.3666 -0.9000
vn -0.3303 -0.3466 -0.8779
vn -0.3608 -0.2608 -0.8954
vn -0.4295 -0.2986 -0.8523
vn -0.4479 -0.2170 -0.8674
vn -0.2972 -0.1551 -0.9421
vn -0.2991 -0.1322 -0.9450
vn -0.2184 -0.1026 -0.9704
vn -0.2114 -0.2185 -0.9527
vn 0.9272 0.3725 0.0390
vn 0.8880 0.4412 0.1299
vn 0.8975 0.3510 0.2670
vn 0.9617 0.2447 0.1235
vn 0.9747 0.2232 0.0102
vn 0.9374 0.3476 0.0194
vn -0.4553 0.3033 0.8371
vn -0.4398 0.3136 0.8415
vn -0.9993 -0.0377 -0.0078
vn -0.9993 -0.0377 -0.0079
vn -0.9993 -0.0381 -0.0019
vn -0.9993 -0.0381 -0.0027
vn 0.8033 0.5030 0.3189
vn 0.8610 0.4343 0.2647
vn 0.8612 0.4506 0.2352
vn 0.7935 0.5194 0.3172
vn 0.7505 0.4543 -0.4799
vn 0.7513 0.4864 -0.4461
vn 0.7511 0.5190 -0.4080
vn 0.8015 0.4688 -0.3712
vn 0.8015 0.4390 -0.4061
vn 0.7990 0.3819 -0.4645
vn 0.7939 0.3231 -0.5151
vn 0.7663 0.3071 -0.5643
vn 0.6757 0.4098 -0.6128
vn 0.6335 0.5314 -0.5624
vn 0.6940 0.4612 -0.5529
vn 0.6961 0.4977 -0.5175
vn 0.6369 0.5707 -0.5183
vn 0.6956 0.5662 -0.4421
vn 0.7331 0.5350 -0.4199
vn 0.6961 0.5302 -0.4840
vn 0.6181 -0.6453 0.4489
vn 0.7268 -0.5568 0.4021
vn 0.6901 -0.6235 0.3674
vn 0.6429 -0.6700 0.3712
vn 0.6353 -0.7140 0.2942
vn 0.6038 -0.7376 0.3022
vn 0.6131 -0.7259 0.3118
vn 0.6423 -0.7298 0.2344
vn 0.6253 -0.7132 0.3169
vn 0.5911 -0.7059 0.3902
vn 0.5838 -0.7166 0.3816
vn 0.7862 0.0246 -0.6175
vn 0.7841 0.1136 -0.6102
vn 0.7353 0.0638 -0.6747
vn 0.6786 0.0266 -0.7340
vn 0.7313 0.1102 -0.6731
vn 0.7216 0.1649 -0.6724
vn 0.6736 0.1061 -0.7314
vn 0.6171 0.0610 -0.7845
vn 0.6182 0.0274 -0.7856
vn 0.6122 -0.0166 -0.7905
vn 0.6069 -0.0327 -0.7941
vn 0.6718 -0.0206 -0.7404
vn 0.6671 -0.0382 -0.7440
vn 0.7270 -0.0246 -0.6862
vn 0.7827 -0.0058 -0.6224
vn 0.9323 0.0990 0.3478
vn 0.9403 0.1664 0.2968
vn 0.9367 0.1233 0.3277
vn 0.9213 0.0437 0.3864
vn 0.7217 -0.0739 -0.6882
vn 0.6687 -0.0426 -0.7423
vn 0.6327 -0.1818 -0.7528
vn 0.6009 -0.0606 -0.7970
vn 0.5403 -0.0268 -0.8411
vn 0.5488 0.0191 -0.8357
vn 0.4935 0.1324 -0.8596
vn 0.5596 0.1054 -0.8220
vn 0.7354 0.0190 -0.6773
vn 0.9920 0.0963 0.0811
vn 0.9885 0.1389 0.0595
vn 0.9992 -0.0383 -0.0142
vn 0.9922 -0.1117 -0.0558
vn 0.9981 0.0217 0.0579
vn 0.9751 0.1913 0.1124
vn 0.9410 0.2619 0.2144
vn -0.4465 -0.2730 -0.8521
vn -0.1896 -0.0993 -0.9768
vn -0.2880 0.0361 -0.9570
vn -0.3343 0.1036 -0.9368
vn -0.3661 0.0819 -0.9270
vn -0.5051 -0.0117 -0.8630
vn -0.5718 -0.0561 -0.8184
vn -0.5338 -0.1295 -0.8356
vn 0.7747 0.1712 -0.6087
vn 0.8048 0.2473 -0.5396
vn 0.7798 0.3192 -0.5385
vn 0.7508 0.3844 -0.5372
vn 0.7327 0.3075 -0.6071
vn 0.7573 0.2389 -0.6078
vn -0.0759 0.3789 0.9223
vn -0.1479 0.3962 0.9062
vn -0.2421 0.3162 0.9173
vn -0.1741 0.1234 0.9770
vn -0.1468 0.1986 0.9690
vn 0.9940 -0.1062 -0.0259
vn 0.9458 -0.2875 -0.1510
vn 0.9731 -0.2208 -0.0657
vn 0.9865 -0.1595 -0.0375
vn 0.7610 0.6421 -0.0928
vn 0.6327 0.7715 -0.0671
vn 0.8675 0.4973 0.0128
vn 0.8901 0.4557 0.0101
vn 0.5825 0.7177 0.3816
vn 0.5296 0.7614 0.3739
vn 0.6084 0.7280 0.3159
vn 0.7053 0.6263 0.3320
vn 0.7699 -0.2800 0.5735
vn 0.8315 -0.1828 0.5246
vn 0.8632 -0.1206 0.4902
vn 0.8793 -0.1614 0.4480
vn 0.8904 -0.2057 0.4061
vn 0.8806 -0.2252 0.4169
vn 0.8913 -0.2625 0.3697
vn 0.8820 -0.2800 0.3791
vn 0.8587 -0.2655 0.4384
vn 0.8321 -0.2495 0.4954
vn 0.8477 -0.2850 0.4475
vn 0.6987 0.6773 -0.2304
vn 0.6957 0.6764 -0.2417
vn 0.8802 0.4007 -0.2541
vn 0.7679 0.6024 -0.2180
vn -0.9041 0.4267 0.0237
vn -0.9052 0.4242 0.0253
vn -0.9041 0.4267 0.0253
vn -0.9027 0.4296 0.0254
vn 0.8418 -0.2819 -0.4604
vn 0.8154 -0.3463 -0.4639
vn 0.7818 -0.4133 -0.4669
vn 0.7399 -0.4815 -0.4698
vn 0.7695 -0.5002 -0.3971
vn 0.8747 -0.2920 -0.3868
vn 0.8819 -0.2713 -0.3855
vn 0.8629 -0.3140 -0.3961
vn 0.8920 -0.2611 -0.3690
vn 0.8704 -0.2437 -0.4277
vn 0.8813 -0.2237 -0.4162
vn 0.8993 -0.1867 -0.3954
vn 0.8795 -0.1613 -0.4478
vn 0.8676 -0.1115 -0.4846
vn 0.8450 -0.1578 -0.5110
vn 0.8036 -0.2297 -0.5490
vn 0.7698 -0.2803 -0.5735
vn -0.9776 -0.2097 0.0177
vn -0.9776 -0.2098 0.0176
vn 0.7659 0.6430 -0.0027
vn 0.8224 0.5689 -0.0038
vn 0.8729 0.4879 -0.0027
vn 0.8269 0.5587 0.0645
vn 0.8211 0.5708 -0.0033
vn 0.7624 0.6470 -0.0046
vn 0.7006 0.7135 -0.0018
vn 0.7694 -0.6116 0.1842
vn 0.9272 -0.3233 0.1891
vn 0.9297 -0.3160 0.1892
vn 0.7702 -0.6107 0.1839
vn 0.2586 0.9321 -0.2537
vn 0.2961 0.9065 -0.3010
vn 0.5547 0.0331 0.8314
vn 0.5607 0.0032 0.8280
vn 0.4895 0.0220 0.8717
vn 0.4838 0.0540 0.8735
vn 0.3236 -0.1383 0.9360
vn 0.4004 -0.0998 0.9109
vn 0.4236 -0.0883 0.9015
vn 0.4868 -0.1259 0.8644
vn 0.4287 -0.0708 0.9007
vn 0.4983 -0.0738 0.8639
vn 0.5631 -0.1094 0.8191
vn 0.5536 -0.1407 0.8208
vn 0.7801 0.6216 0.0712
vn 0.6239 0.7780 0.0740
vn 0.6781 0.7338 0.0413
vn 0.7681 0.6401 0.0179
vn 0.7250 0.6441 0.2440
vn 0.7020 0.6377 0.3172
vn 0.6497 0.7385 0.1805
vn 0.6124 0.7813 0.1207
vn 0.5461 0.8167 0.1865
vn 0.5419 0.8192 0.1876
vn 0.5245 0.8164 0.2417
vn 0.5575 0.7951 0.2388
vn 0.6145 0.7533 0.2345
vn 0.6718 0.7278 0.1380
vn 0.7334 0.6686 0.1230
vn 0.7588 0.6288 0.1699
vn 0.7874 0.6058 0.1140
vn 0.9627 0.2695 -0.0232
vn 0.9948 0.1008 -0.0145
vn 0.9952 -0.0159 0.0968
vn 0.9752 0.1786 0.1306
vn -0.1010 -0.5194 0.8485
vn -0.2268 -0.5415 0.8095
vn -0.0781 -0.6721 0.7363
vn 0.9222 -0.3585 -0.1453
vn 0.8872 -0.4371 -0.1475
vn 0.8918 -0.4401 -0.1050
vn 0.9270 -0.3628 -0.0954
vn 0.9321 -0.3459 -0.1076
vn 0.9513 -0.2792 -0.1310
vn 0.3191 -0.3478 -0.8816
vn 0.3080 -0.3546 -0.8828
vn 0.2581 -0.3128 -0.9141
vn 0.9908 0.1353 -0.0000
vn 0.9902 0.1024 0.0947
vn 0.9584 0.2758 0.0730
vn 0.9518 0.2778 0.1301
vn 0.9248 0.3524 0.1436
vn 0.8661 0.4999 0.0001
vn 0.9186 0.3951 -0.0090
vn -0.3053 0.8953 0.3244
vn -0.2695 0.7371 0.6198
vn -0.4009 0.7233 0.5623
vn -0.4167 0.6324 0.6530
vn -0.5790 0.5860 0.5668
vn -0.5837 0.5905 0.5573
vn -0.6384 0.5411 0.5474
vn -0.6686 0.6613 0.3401
vn -0.6015 0.7322 0.3194
vn -0.5160 0.7900 0.3312
vn -0.4238 0.8397 0.3394
vn -0.4389 0.7982 0.4126
vn -0.4418 0.8417 0.3103
vn -0.3946 0.8082 0.4372
vn -0.8021 0.2688 0.5333
vn -0.9109 0.3053 -0.2775
vn 0.9001 -0.2451 0.3601
vn 0.8803 -0.2255 0.4174
vn 0.8693 -0.1826 0.4594
vn 0.8902 -0.2060 0.4063
vn -0.1929 0.1099 0.9750
vn -0.1059 0.2717 0.9565
vn -0.0910 0.3256 0.9411
vn -0.1114 0.2721 0.9558
vn -0.0863 0.3544 0.9311
vn -0.1283 0.2248 0.9659
vn -0.1026 0.3084 0.9457
vn -0.1050 0.2732 0.9562
vn -0.1557 0.1771 0.9718
vn -0.1773 0.1164 0.9773
vn -0.1827 0.1098 0.9770
vn -0.0122 -0.5631 0.8263
vn -0.0777 -0.4065 0.9103
vn -0.1614 -0.4190 0.8935
vn -0.1943 -0.3405 0.9199
vn -0.3529 -0.3627 0.8625
vn -0.4287 -0.3698 0.8243
vn -0.3806 -0.5041 0.7753
vn -0.2991 -0.5056 0.8093
vn -0.2660 -0.6013 0.7534
vn -0.1787 -0.6032 0.7773
vn -0.1887 -0.5756 0.7957
vn 0.9028 0.3398 0.2635
vn 0.9087 0.2229 0.3529
vn 0.9210 0.0938 0.3781
vn 0.9393 0.1401 0.3133
vn 0.7059 -0.7068 -0.0463
vn 0.7858 -0.6146 -0.0689
vn 0.7405 -0.6720 -0.0001
vn 0.8562 -0.5167 -0.0000
vn 0.8541 -0.5126 -0.0884
vn 0.8168 -0.5648 -0.1173
vn 0.8445 -0.5104 -0.1620
vn 0.7933 -0.5752 -0.1998
vn 0.8400 -0.4834 -0.2464
vn 0.8019 -0.5283 -0.2789
vn 0.7631 -0.5638 -0.3159
vn 0.7373 -0.6161 -0.2771
vn 0.6818 -0.7038 -0.1995
vn 0.7409 -0.6447 -0.1881
vn 0.7061 -0.6943 -0.1395
vn 0.7755 -0.6144 -0.1454
vn -0.9814 -0.1917 -0.0045
vn -0.9819 -0.1889 -0.0129
vn -0.9962 -0.0861 -0.0127
vn -0.9902 -0.1073 0.0891
vn -0.9786 -0.1493 0.1417
vn -0.9528 -0.2479 0.1755
vn -0.9675 -0.2502 -0.0372
vn -0.9657 -0.2569 -0.0373
vn -0.9646 -0.2610 -0.0366
vn -0.9627 -0.2682 -0.0349
vn -0.9605 -0.2763 -0.0321
vn -0.9576 -0.2869 -0.0255
vn -0.9563 -0.2918 -0.0197
vn -0.9557 -0.2941 -0.0098
vn -0.9818 -0.1897 -0.0127
vn 0.6317 -0.6643 0.3997
vn 0.6008 -0.6961 0.3931
vn 0.6517 0.7556 0.0660
vn 0.7738 0.5985 0.2077
vn 0.7713 0.5062 0.3859
vn 0.8086 0.3506 0.4726
vn 0.8409 0.2532 0.4784
vn 0.8289 0.4341 0.3527
vn -0.3205 -0.5342 -0.7822
vn -0.3540 -0.6020 -0.7158
vn -0.3791 -0.6515 -0.6572
vn -0.3279 -0.5478 -0.7697
vn 0.9994 0.0343 -0.0016
vn 0.9994 0.0340 -0.0025
vn 0.9981 -0.0618 -0.0014
vn 0.9982 -0.0606 -0.0032
vn 0.9981 -0.0610 -0.0016
vn 0.9994 0.0345 -0.0020
vn -0.6369 -0.0780 0.7670
vn -0.5642 -0.1020 0.8193
vn -0.5535 0.0813 0.8289
vn -0.5477 0.1199 0.8280
vn -0.5476 0.2035 0.8116
vn -0.6764 0.1952 0.7102
vn -0.7108 0.0246 0.7029
vn 0.4747 -0.8695 0.1363
vn 0.5443 -0.8298 0.1229
vn 0.5972 -0.8021 0.0001
vn 0.3421 -0.9397 -0.0000
vn -0.8482 0.5290 0.0250
vn -0.5066 0.0965 0.8568
vn -0.5063 0.0983 0.8567
vn -0.5134 -0.0228 0.8578
vn -0.4965 -0.1319 0.8579
vn -0.4968 -0.1307 0.8579
vn -0.5134 -0.0238 0.8578
vn -0.0552 -0.3380 -0.9395
vn -0.0638 -0.1106 -0.9918
vn -0.0574 -0.1546 -0.9863
vn -0.0657 -0.2182 -0.9737
vn -0.0685 -0.2504 -0.9657
vn -0.0712 -0.2869 -0.9553
vn -0.0703 -0.3049 -0.9498
vn -0.0701 -0.3228 -0.9439
vn -0.0688 -0.3599 -0.9304
vn 0.8679 -0.0673 -0.4921
vn 0.8764 0.0231 -0.4809
vn 0.9009 -0.0955 -0.4235
vn 0.9083 -0.2188 -0.3566
vn -0.4120 0.2729 -0.8693
vn 0.8098 0.5782 0.0998
vn 0.7437 0.6577 0.1202
vn 0.6652 0.7211 0.1939
vn 0.8097 0.5771 0.1068
vn 0.8664 0.4908 0.0913
vn 0.9142 0.3989 0.0716
vn 0.9144 0.4012 0.0532
vn 0.9148 0.4023 0.0374
vn 0.8672 0.4938 0.0639
vn 0.8675 0.4955 0.0445
vn 0.8104 0.5812 0.0739
vn -0.9908 -0.1161 -0.0693
vn -0.9658 -0.2500 -0.0695
vn -0.9675 -0.2500 0.0372
vn -0.9925 -0.1163 0.0377
vn 0.0001 0.9483 0.3175
vn -0.1668 0.9075 0.3855
vn -0.1818 0.8658 0.4662
vn -0.2176 0.8791 0.4240
vn -0.2125 0.7947 0.5686
vn 0.2141 0.9522 0.2180
vn 0.0796 0.8861 0.4567
vn 0.0254 0.9002 0.4348
vn -0.0008 0.9283 0.3719
vn 0.9271 -0.1905 -0.3228
vn 0.9156 -0.2111 -0.3421
vn 0.9273 -0.2451 -0.2829
vn 0.9395 -0.2095 -0.2711
vn 0.9843 -0.0569 -0.1670
vn 0.9802 -0.0750 -0.1834
vn 0.9842 -0.1169 -0.1330
vn 0.9869 -0.1024 -0.1251
vn 0.3843 0.7271 -0.5689
vn 0.9329 0.3601 0.0084
vn -0.4932 -0.6880 -0.5323
vn 0.8436 -0.0285 0.5361
vn 0.8407 0.0013 0.5415
vn 0.0445 -0.4142 0.9091
vn 0.1120 -0.2710 0.9560
vn 0.1714 -0.4344 0.8843
vn 0.1343 -0.5889 0.7970
vn 0.0729 -0.5070 0.8589
vn 0.6137 0.6458 0.4542
vn 0.5541 0.7033 0.4454
vn 0.5027 0.7478 0.4338
vn 0.6746 0.6277 0.3885
vn -0.6654 0.4958 -0.5580
vn -0.7678 0.4573 -0.4487
vn -0.8875 -0.3004 0.3494
vn -0.9244 -0.1815 0.3356
vn -0.9836 -0.1788 -0.0234
vn -0.9374 -0.3481 0.0125
vn -0.9557 -0.2940 -0.0126
vn -0.9150 -0.4030 -0.0185
vn -0.8872 -0.4271 0.1745
vn -0.8917 -0.4112 0.1892
vn -0.8771 -0.4147 0.2422
vn -0.8748 -0.3878 0.2905
vn -0.8787 -0.3520 0.3225
vn -0.7107 0.7035 0.0054
vn -0.8448 0.5351 0.0072
vn -0.9397 0.3418 0.0087
vn -0.9258 0.2831 -0.2504
vn -0.8817 0.3726 -0.2894
vn -0.7633 0.5390 -0.3562
vn -0.7769 0.5937 -0.2096
vn -0.7034 0.6655 -0.2496
vn 0.9118 0.3835 -0.1469
vn 0.8641 0.4806 -0.1498
vn 0.7646 0.6312 -0.1303
vn 0.9358 0.3346 -0.1112
vn 0.9505 0.2893 -0.1137
vn 0.9503 0.2864 -0.1219
vn -0.5005 0.8038 -0.3215
vn -0.3835 0.8674 -0.3169
vn -0.3800 0.8265 -0.4153
vn -0.4899 0.7648 -0.4185
vn 0.7291 -0.6835 0.0365
vn 0.7051 -0.7049 0.0773
vn 0.7586 -0.6459 0.0854
vn 0.9360 -0.3306 -0.1208
vn 0.6439 -0.7505 0.1486
vn 0.6308 -0.7636 0.1375
vn 0.6504 -0.7294 0.2122
vn 0.6780 -0.7048 0.2086
vn 0.7109 -0.6421 0.2869
vn 0.7282 -0.6540 0.2051
vn 0.6884 -0.7146 0.1245
vn 0.9367 -0.3500 -0.0031
vn 0.9344 -0.3562 -0.0078
vn 0.9055 -0.4243 0.0005
vn -0.5849 0.5759 0.5712
vn -0.6237 0.5649 0.5402
vn -0.7443 0.5001 0.4425
vn -0.8355 0.2643 0.4818
vn -0.5782 0.4922 0.6507
vn 0.9877 -0.1565 -0.0011
vn 0.8801 -0.3563 0.3137
vn 0.8459 -0.4287 0.3172
vn 0.8029 -0.5028 0.3203
vn 0.7784 -0.4870 0.3961
vn 0.8200 -0.4161 0.3931
vn 0.8994 -0.2126 0.3819
vn 0.9271 -0.2177 0.3052
vn 0.9083 -0.2818 0.3092
vn 0.1530 -0.8920 0.4253
vn 0.1457 -0.7886 0.5974
vn 0.1516 -0.7377 0.6578
vn 0.1774 -0.8665 0.4666
vn 0.8214 0.5704 -0.0020
vn 0.8735 0.4868 0.0003
vn 0.9160 0.4011 -0.0013
vn 0.9164 0.4003 -0.0018
vn 0.8737 0.4864 -0.0015
vn 0.8231 0.5679 -0.0008
vn 0.8231 0.5679 0.0004
vn 0.7659 0.6430 0.0016
vn 0.8678 0.4946 -0.0478
vn 0.8110 0.5840 -0.0342
vn 0.8115 0.5840 -0.0220
vn 0.8676 0.4963 -0.0294
vn 0.9146 0.4022 -0.0414
vn -0.2774 -0.7757 -0.5669
vn -0.2851 -0.8736 -0.3944
vn -0.4501 -0.8061 -0.3842
vn -0.3845 -0.6637 -0.6416
vn -0.3004 -0.7025 -0.6451
vn -0.2693 -0.7151 -0.6451
vn 0.2774 -0.7946 -0.5400
vn 0.2827 -0.7859 -0.5500
vn 0.3749 -0.7726 -0.5123
vn 0.4635 -0.7515 -0.4694
vn 0.4593 -0.7593 -0.4611
vn 0.5438 -0.7299 -0.4142
vn 0.5474 -0.7229 -0.4217
vn 0.6256 -0.6869 -0.3698
vn 0.6057 -0.7276 -0.3222
vn 0.5891 -0.7598 -0.2750
vn 0.3197 -0.8683 -0.3793
vn 0.2217 -0.8863 -0.4065
vn 0.8790 -0.2771 -0.3880
vn -0.8851 -0.4650 0.0158
vn -0.8764 -0.4814 0.0153
vn -0.2209 0.7306 -0.6461
vn -0.1628 0.7621 -0.6267
vn -0.0250 0.8196 -0.5724
vn -0.1222 0.6223 -0.7732
vn -0.0196 0.5637 -0.8257
vn -0.0308 0.4674 -0.8835
vn -0.0239 0.1009 -0.9946
vn -0.0392 0.1148 -0.9926
vn -0.1327 0.2638 -0.9554
vn -0.4486 0.2620 0.8545
vn -0.3148 0.4042 0.8588
vn -0.3159 0.4036 0.8587
vn -0.4027 0.3238 0.8561
vn -0.4574 0.2474 0.8542
vn -0.4904 0.1714 0.8545
vn -0.4911 0.1691 0.8545
vn -0.8012 0.2000 -0.5639
vn -0.5869 0.1489 -0.7959
vn -0.5080 0.0866 -0.8570
vn -0.5113 0.0549 -0.8576
vn -0.5081 -0.0758 -0.8580
vn -0.4965 -0.1319 -0.8579
vn -0.6616 -0.1740 -0.7294
vn -0.6796 -0.0787 -0.7294
vn -0.8178 -0.0950 -0.5676
vn -0.9754 0.2193 0.0238
vn -0.9748 0.2219 0.0239
vn -0.9991 -0.0375 0.0205
vn -0.9987 -0.0473 0.0204
vn 0.8861 0.4172 0.2018
vn 0.8916 0.4053 0.2019
vn 0.8117 0.5506 0.1949
vn 0.7990 0.5694 0.1934
vn 0.9980 -0.0636 -0.0007
vn 0.9875 -0.1577 -0.0006
vn 0.1719 -0.7766 0.6061
vn 0.2003 -0.8463 0.4936
vn 0.3873 -0.7955 0.4660
vn 0.3283 -0.6730 0.6628
vn 0.2386 -0.6977 0.6754
vn 0.2651 -0.7571 0.5971
vn 0.6732 0.3564 0.6479
vn 0.7360 0.2933 0.6102
vn 0.8084 0.2353 0.5395
vn 0.7840 0.3071 0.5394
vn 0.8142 0.3201 0.4843
vn 0.7973 0.3672 0.4790
vn 0.8507 0.2413 0.4670
vn 0.8667 0.1689 0.4694
vn 0.9787 0.1912 0.0745
vn 0.6971 0.4028 0.5931
vn 0.8377 -0.4711 0.2763
vn 0.7796 -0.5306 0.3326
vn 0.7974 -0.5396 0.2700
vn 0.7494 -0.6013 0.2771
vn 0.8114 -0.5452 0.2106
vn -0.5557 -0.4630 0.6905
vn -0.0356 -0.0297 -0.9989
vn 0.5670 -0.6647 0.4865
vn 0.5652 -0.6623 0.4918
vn 0.5404 -0.6309 0.5567
vn 0.5573 -0.6198 0.5525
vn 0.4158 0.8888 0.1926
vn 0.6161 0.7657 0.1846
vn 0.5862 0.7886 0.1855
vn 0.4472 0.8736 0.1920
vn 0.9216 0.3653 0.1313
vn 0.9579 0.2851 0.0332
vn 0.9941 0.1086 0.0028
vn 0.9518 0.3064 0.0100
vn 0.9151 0.4031 0.0132
vn 0.9147 0.4034 0.0227
vn 0.7394 -0.6516 -0.1694
vn 0.7135 -0.6551 -0.2484
vn 0.6732 -0.6951 -0.2522
vn 0.6848 -0.7080 -0.1725
vn -0.1922 0.9672 0.1660
vn -0.4193 0.9030 0.0935
vn -0.4340 0.8968 0.0858
vn -0.2214 0.9623 0.1577
vn 0.9244 0.3424 -0.1679
vn 0.9233 0.3422 -0.1743
vn 0.9559 0.2472 -0.1588
vn 0.9569 0.2467 -0.1530
vn 0.8262 -0.5633 -0.0030
vn 0.8387 -0.5446 -0.0029
vn 0.8745 -0.4850 -0.0000
vn 0.8357 -0.5428 -0.0835
vn 0.9801 0.0321 -0.1959
vn 0.9532 -0.1258 -0.2748
vn 0.9490 -0.0707 -0.3073
vn 0.9313 -0.0717 -0.3572
vn 0.9188 -0.0024 -0.3947
vn 0.9411 0.0440 -0.3353
vn 0.9528 -0.0280 -0.3023
vn 0.9586 0.0865 -0.2714
vn 0.9692 0.0157 -0.2459
vn -0.3160 0.4035 -0.8587
vn -0.4281 0.2922 -0.8552
vn -0.4952 0.3500 -0.7952
vn -0.3702 0.4737 -0.7991
vn 0.6667 0.7237 -0.1782
vn 0.6468 0.7219 -0.2458
vn 0.5679 0.7915 -0.2257
vn 0.5590 0.7905 -0.2503
vn 0.4748 0.8511 -0.2243
vn 0.4527 0.8483 -0.2748
vn 0.3669 0.8993 -0.2380
vn 0.4151 0.9087 -0.0452
vn 0.6844 0.7282 -0.0372
vn 0.9359 -0.2491 0.2490
vn 0.9594 -0.2267 0.1677
vn 0.9655 -0.2430 0.0940
vn 0.9949 -0.0756 0.0661
vn 0.9968 -0.0683 0.0411
vn 0.9978 -0.0617 0.0248
vn 0.9986 -0.0523 0.0096
vn 0.9991 -0.0432 -0.0002
vn 0.9995 -0.0318 -0.0046
vn 0.9791 -0.2002 0.0352
vn 0.9783 -0.2013 0.0491
vn 0.9545 -0.2829 0.0948
vn 0.9526 -0.2816 0.1149
vn 0.9847 -0.1725 0.0259
vn 0.9467 -0.2621 0.1871
vn 0.9881 -0.1259 0.0879
vn 0.9873 -0.1250 0.0980
vn 0.9830 -0.1522 0.1028
vn 0.9524 -0.1430 0.2691
vn 0.9232 -0.2138 0.3195
vn 0.9619 -0.1531 0.2263
vn 0.9697 -0.0516 -0.2390
vn 0.9611 -0.0024 -0.2762
vn 0.9443 0.0269 -0.3281
vn 0.9570 -0.0205 -0.2894
vn 0.6422 -0.6007 0.4762
vn 0.5704 -0.6422 0.5121
vn 0.4783 -0.5446 0.6889
vn 0.5618 -0.5678 0.6016
vn 0.6378 -0.5618 0.5268
vn 0.7252 -0.6571 0.2056
vn 0.7110 -0.6420 0.2868
vn 0.7415 -0.5633 0.3645
vn 0.7625 -0.5819 0.2827
vn 0.8203 0.1611 -0.5488
vn 0.7194 0.1511 -0.6780
vn 0.7046 0.3083 -0.6392
vn 0.7447 0.3806 -0.5482
vn 0.7658 0.4391 -0.4698
vn 0.8114 0.3617 -0.4591
vn 0.8714 0.2702 -0.4094
vn 0.8495 0.2166 -0.4811
vn 0.8587 0.1650 -0.4851
vn 0.8277 0.1106 -0.5502
vn -0.6955 0.6318 0.3422
vn -0.6707 0.5352 0.5135
vn -0.6660 0.5174 0.5373
vn -0.6968 0.6372 0.3293
vn -0.6770 -0.7357 -0.0198
vn -0.4839 -0.8736 0.0511
vn -0.4838 -0.8737 0.0507
vn -0.6863 -0.7269 -0.0248
vn 0.0516 -0.5610 -0.8262
vn 0.0258 -0.7089 -0.7048
vn 0.2300 -0.6801 -0.6962
vn 0.1853 -0.6890 -0.7006
vn 0.1100 -0.7692 -0.6295
vn 0.0769 -0.8435 -0.5316
vn 0.0987 -0.8168 -0.5684
vn 0.1123 -0.5983 -0.7934
vn 0.0714 -0.5657 -0.8215
vn 0.0198 -0.8941 -0.4475
vn 0.2636 -0.9501 -0.1670
vn 0.1608 -0.9706 -0.1791
vn -0.0508 -0.9793 -0.1958
vn 0.8561 -0.5168 -0.0000
vn 0.4654 0.8067 0.3643
vn 0.4912 0.7912 0.3643
vn -0.4580 -0.2878 0.8411
vn -0.5980 -0.3571 0.7176
vn -0.5473 -0.4636 0.6968
vn -0.3544 -0.6018 0.7157
vn -0.3209 -0.5339 0.7823
vn -0.0190 -0.7508 0.6602
vn -0.0968 -0.7423 0.6630
vn -0.0867 -0.7074 0.7015
vn -0.2521 -0.6745 0.6939
vn -0.3324 -0.6510 0.6825
vn -0.3248 -0.6898 0.6471
vn -0.3975 -0.6636 0.6337
vn -0.3951 -0.7132 0.5790
vn -0.4016 -0.7489 0.5271
vn -0.2694 -0.7936 0.5455
vn -0.2866 -0.8300 0.4785
vn -0.1531 -0.8598 0.4872
vn -0.0850 -0.8687 0.4880
vn 0.6581 0.6998 -0.2779
vn 0.5756 0.7685 -0.2794
vn 0.4903 0.8351 -0.2494
vn 0.4012 0.8905 -0.2146
vn 0.3078 0.9350 -0.1761
vn 0.2062 0.9618 -0.1803
vn 0.1105 0.9923 -0.0554
vn 0.1119 0.9931 -0.0359
vn 0.2134 0.9755 -0.0542
vn 0.3127 0.9457 -0.0890
vn 0.3132 0.9482 -0.0530
vn 0.5835 0.8049 -0.1077
vn 0.4992 0.8512 -0.1623
vn 0.5839 0.7887 -0.1923
vn -0.9180 0.3936 0.0480
vn -0.8851 0.3792 -0.2697
vn -0.9542 0.1100 -0.2781
vn -0.9783 0.1126 -0.1740
vn -0.9928 0.1135 0.0389
vn -0.6176 0.3345 -0.7118
vn -0.4507 0.4263 -0.7843
vn -0.4664 0.4888 -0.7372
vn -0.3755 0.5308 -0.7598
vn -0.4050 0.6463 -0.6467
vn -0.4950 0.6014 -0.6271
vn -0.6635 0.5096 -0.5478
vn 0.5572 0.8089 0.1878
vn 0.6004 -0.6925 0.3999
vn 0.6278 -0.6145 0.4777
vn 0.5986 -0.6275 0.4979
vn 0.6688 -0.6021 0.4361
vn 0.8087 -0.5063 0.2993
vn -0.3621 0.8184 0.4463
vn 0.8396 -0.4587 0.2909
vn 0.7239 -0.6133 0.3161
vn 0.7494 -0.6014 0.2770
vn 0.1615 -0.6833 -0.7120
vn 0.2484 -0.6384 -0.7285
vn 0.4918 -0.6303 -0.6007
vn 0.1817 -0.8002 -0.5716
vn 0.1874 -0.7912 -0.5822
vn 0.0902 -0.7884 -0.6085
vn -0.1283 -0.9917 0.0116
vn -0.1877 -0.9822 0.0112
vn -0.1821 -0.9832 -0.0124
vn -0.1844 -0.9828 -0.0125
vn -0.1290 -0.9916 -0.0122
vn -0.0678 -0.9977 0.0076
vn 0.2996 0.3304 0.8951
vn 0.2378 0.2897 0.9271
vn 0.1771 0.4863 0.8556
vn 0.2186 0.5262 0.8218
vn 0.2594 0.5636 0.7842
vn 0.3313 0.4228 0.8435
vn -0.1810 -0.5499 0.8154
vn -0.3515 -0.5389 0.7655
vn -0.3415 -0.4538 0.8231
vn 0.5539 0.8326 -0.0019
vn 0.5530 0.8332 -0.0009
vn 0.6310 0.7758 -0.0023
vn 0.9664 -0.2469 -0.0711
vn 0.9369 -0.3231 -0.1339
vn 0.9291 -0.3364 -0.1534
vn 0.9506 -0.1966 -0.2403
vn 0.9794 -0.0486 -0.1960
vn 0.9926 0.0052 -0.1212
vn 0.9595 -0.1768 -0.2191
vn 0.9766 -0.1467 -0.1572
vn 0.9961 -0.0441 -0.0769
vn 0.9887 0.1343 -0.0662
vn 0.9982 -0.0021 -0.0599
vn 0.9948 -0.0602 -0.0823
vn 0.9734 -0.2087 -0.0950
vn 0.9744 -0.2076 -0.0858
vn -0.2973 0.9452 -0.1348
vn -0.5281 0.8478 -0.0493
vn -0.5546 0.8311 -0.0406
vn -0.2672 0.9526 -0.1455
vn -0.9975 0.0681 0.0170
vn -0.9976 0.0677 0.0171
vn 0.5889 -0.7628 0.2672
vn 0.6920 -0.6897 0.2132
vn 0.7166 -0.6525 0.2465
vn 0.7588 -0.6154 0.2133
vn 0.7495 -0.6314 0.1988
vn 0.7904 -0.5893 0.1674
vn 0.7818 -0.6038 0.1556
vn 0.7732 -0.6180 0.1421
vn 0.8151 -0.5678 0.1151
vn 0.7405 -0.6720 0.0001
vn 0.5884 -0.7633 0.2667
vn 0.4361 -0.8551 0.2804
vn -0.4154 -0.9084 0.0472
vn 0.4043 -0.6544 -0.6390
vn 0.6506 -0.6884 -0.3206
vn -0.0770 -0.5262 0.8469
vn 0.6674 -0.5664 -0.4835
vn 0.7036 -0.5179 -0.4865
vn 0.7405 -0.4709 -0.4796
vn 0.7789 -0.4712 -0.4139
vn 0.7747 -0.5358 -0.3358
vn 0.6514 -0.6739 -0.3486
vn 0.5746 -0.7794 -0.2498
vn 0.4818 -0.8644 -0.1436
vn 0.5506 -0.8246 -0.1301
vn 0.4974 -0.8647 -0.0703
vn 0.6156 -0.7795 -0.1159
vn 0.5972 -0.8021 -0.0001
vn 0.6629 0.6936 0.2820
vn 0.6517 0.5980 0.4666
vn 0.7126 0.5895 0.3804
vn 0.7633 0.6358 0.1148
vn 0.6453 0.7592 0.0850
vn -0.6021 0.2026 0.7723
vn -0.5863 0.2139 0.7813
vn 0.7253 -0.0324 0.6877
vn 0.7859 -0.0684 0.6145
vn 0.7862 -0.1381 0.6023
vn 0.7203 -0.0556 0.6914
vn 0.6724 -0.0336 0.7394
vn 0.9397 -0.3420 0.0001
vn 0.9348 -0.3402 0.1016
vn 0.9396 -0.3420 0.0155
vn 0.8880 -0.4286 -0.1667
vn 0.7965 -0.5566 -0.2362
vn 0.8469 -0.5127 -0.1411
vn 0.8035 -0.5855 -0.1079
vn 0.8066 -0.5862 -0.0762
vn 0.8521 -0.5150 -0.0934
vn 0.8545 -0.5153 -0.0661
vn 0.8095 -0.5851 -0.0489
vn 0.7563 -0.6518 -0.0561
vn 0.7642 -0.6448 -0.0168
vn 0.7709 -0.6369 0.0025
vn 0.7689 -0.6393 0.0134
vn 0.8215 -0.5702 0.0020
vn 0.8660 -0.5001 -0.0026
vn 0.8984 -0.4388 -0.0204
vn 0.8614 -0.5077 -0.0123
vn 0.8195 -0.5731 -0.0065
vn 0.8582 -0.5127 -0.0246
vn 0.8958 -0.4410 -0.0551
vn 0.6752 0.6409 -0.3652
vn 0.7184 0.6440 -0.2630
vn 0.7484 0.6352 -0.1907
vn 0.8600 0.4681 -0.2031
vn 0.7879 0.5374 -0.3006
vn 0.7460 0.5384 -0.3918
vn -0.9820 -0.1888 -0.0110
vn -0.9818 -0.1898 -0.0110
vn -0.9814 -0.1920 -0.0007
vn 0.5574 -0.6900 -0.4617
vn 0.5398 -0.6581 -0.5249
vn 0.5281 -0.6597 -0.5347
vn 0.5029 -0.6142 -0.6082
vn 0.5286 -0.6534 -0.5419
vn 0.8218 0.3998 0.4060
vn 0.7930 0.5875 -0.1615
vn 0.8662 0.3898 0.3126
vn 0.9134 0.3351 0.2312
vn 0.8925 0.3252 0.3126
vn -0.0004 -0.5922 0.8058
vn -0.1327 -0.7336 0.6665
vn 0.1473 -0.7163 0.6821
vn 0.0891 -0.5793 0.8102
vn -0.8496 0.5254 0.0455
vn -0.8196 0.5042 -0.2720
vn 0.9370 0.3394 -0.0826
vn 0.9090 0.4165 0.0160
vn 0.8500 0.5259 0.0318
vn 0.8861 -0.3225 -0.3329
vn 0.9291 -0.3092 -0.2027
vn 0.9022 -0.2920 -0.3174
vn 0.9161 -0.2633 -0.3023
vn 0.8585 -0.2659 -0.4385
vn 0.8037 -0.2295 -0.5490
vn 0.7698 -0.2802 -0.5735
vn -0.5019 0.8534 -0.1409
vn -0.4239 0.8932 -0.1498
vn -0.4094 0.8541 -0.3209
vn -0.2817 0.8964 -0.3421
vn -0.2503 0.8710 -0.4227
vn -0.3048 0.8586 -0.4122
vn -0.2482 0.8679 -0.4303
vn -0.3151 0.8535 -0.4150
vn -0.2598 0.8739 -0.4108
vn -0.3205 0.8607 -0.3955
vn -0.2761 0.8795 -0.3876
vn -0.3118 0.8765 -0.3667
vn -0.3756 0.8454 -0.3798
vn -0.5706 0.7883 -0.2303
vn -0.6452 0.7546 -0.1197
vn -0.5758 0.8070 -0.1310
vn -0.5944 0.7983 -0.0970
vn -0.5186 0.8486 -0.1047
vn 0.6798 0.7334 -0.0005
vn -0.6181 0.3359 -0.7107
vn -0.6639 0.5121 -0.5450
vn -0.6677 0.5250 -0.5277
vn -0.6220 0.3520 -0.6994
vn -0.6219 0.3515 -0.6997
vn -0.3789 -0.8385 0.3915
vn -0.4042 -0.8253 0.3943
vn -0.2295 -0.8911 0.3914
vn -0.2554 -0.8858 0.3876
vn -0.3456 -0.8628 0.3689
vn -0.4331 -0.8139 0.3873
vn -0.4087 -0.8250 0.3903
vn 0.7116 0.3431 0.6131
vn 0.9473 -0.3121 -0.0720
vn 0.9547 -0.2892 -0.0704
vn 0.3274 0.7270 0.6036
vn 0.3257 0.7351 0.5947
vn 0.3596 0.7485 0.5572
vn 0.3765 0.7240 0.5780
vn 0.9514 0.2328 -0.2016
vn 0.8621 0.4654 -0.2003
vn 0.8554 0.4778 -0.1998
vn 0.9477 0.2472 -0.2018
vn 0.7079 -0.7062 0.0126
vn 0.7519 -0.6580 -0.0407
vn 0.7792 -0.6232 -0.0660
vn 0.7977 -0.5984 0.0744
vn 0.8282 -0.5604 0.0062
vn -0.7107 0.7034 -0.0143
vn -0.7107 0.7033 -0.0152
vn -0.7106 0.7035 0.0030
vn -0.7107 0.7035 0.0023
vn 0.6842 0.7076 -0.1766
vn 0.6400 0.7596 -0.1157
vn 0.5924 0.7960 -0.1242
vn 0.5645 0.8153 -0.1291
vn 0.7099 0.6603 -0.2450
vn 0.3541 0.2553 -0.8997
vn 0.2786 0.2750 -0.9202
vn -0.0355 0.3341 -0.9419
vn -0.0270 0.5029 -0.8639
vn 0.1292 0.4955 -0.8590
vn 0.2822 0.4762 -0.8328
vn 0.2887 0.5741 -0.7662
vn 0.5044 0.5136 -0.6941
vn 0.4977 0.4255 -0.7558
vn 0.4965 0.3593 -0.7902
vn 0.4578 0.3748 -0.8062
vn 0.4271 0.3058 -0.8509
vn 0.4020 0.2729 -0.8740
vn 0.9973 -0.0703 0.0209
vn 0.9883 -0.0632 -0.1385
vn 0.9962 -0.0505 -0.0703
vn 0.9990 -0.0433 0.0093
vn 0.9964 -0.0123 -0.0835
vn 0.9953 0.0125 -0.0956
vn 0.9859 -0.0013 -0.1673
vn 0.9404 -0.1577 -0.3013
vn 0.9278 -0.2146 -0.3052
vn 0.9093 -0.2785 -0.3093
vn 0.9492 -0.2182 -0.2268
vn 0.9306 -0.2841 -0.2308
vn 0.9020 -0.3000 -0.3105
vn 0.9232 -0.3060 -0.2325
vn 0.8322 0.5338 0.1503
vn 0.8731 0.4598 0.1622
vn 0.8219 0.5195 0.2337
vn 0.7721 0.5957 0.2215
vn -0.4153 0.9095 0.0203
vn -0.4157 0.9093 0.0203
vn -0.6284 0.7775 0.0237
vn -0.6325 0.7742 0.0238
vn -0.6400 0.6308 -0.4388
vn -0.6101 0.6634 -0.4332
vn -0.5502 0.5744 -0.6060
vn -0.5744 0.5467 -0.6093
vn -0.5327 0.4961 -0.6857
vn -0.5984 0.3964 -0.6963
vn -0.6953 0.4668 -0.5465
vn -0.7666 0.5200 -0.3768
vn -0.6631 0.6635 -0.3465
vn 0.5932 -0.3906 0.7040
vn 0.5340 -0.4227 0.7322
vn 0.5546 -0.3513 0.7544
vn 0.4903 -0.3871 0.7808
vn 0.5029 -0.3282 0.7996
vn 0.0258 -0.7088 0.7049
vn 0.3425 -0.6737 0.6549
vn 0.5357 -0.6109 0.5830
vn 0.0440 0.9781 0.2034
vn 0.3009 0.9323 0.2006
vn 0.2954 0.9336 0.2027
vn 0.0516 0.9776 0.2040
vn -0.2217 -0.6159 0.7560
vn -0.3279 -0.5938 0.7348
vn -0.2826 -0.6074 0.7425
vn -0.2531 -0.6251 0.7384
vn -0.3147 -0.6183 0.7202
vn -0.2797 -0.6463 0.7100
vn -0.3304 -0.6472 0.6870
vn -0.2939 -0.6816 0.6701
vn -0.3356 -0.6891 0.6422
vn -0.4028 -0.6247 0.6689
vn -0.5123 -0.5375 0.6698
vn -0.4220 -0.5745 0.7013
vn -0.4959 -0.5352 0.6838
vn -0.3786 -0.5793 0.7219
vn -0.2285 0.9232 0.3090
vn -0.3320 0.8816 0.3355
vn -0.3162 0.8006 0.5090
vn -0.2004 0.8006 0.5647
vn -0.1639 0.8218 0.5457
vn 0.9360 -0.3060 0.1738
vn 0.9118 -0.3216 0.2552
vn 0.8973 -0.3567 0.2601
vn 0.9216 -0.3462 0.1756
vn -0.1791 -0.9838 -0.0067
vn -0.1793 -0.9838 -0.0055
vn 0.1988 -0.9217 -0.3330
vn 0.2850 -0.8998 -0.3304
vn 0.3565 -0.8531 -0.3809
vn 0.4394 -0.8207 -0.3652
vn 0.5086 -0.7601 -0.4044
vn 0.5102 -0.7300 -0.4548
vn 0.4204 -0.7632 -0.4907
vn 0.3363 -0.7911 -0.5110
vn 0.3247 -0.7029 -0.6329
vn 0.2184 -0.7136 -0.6656
vn 0.1709 -0.8659 -0.4701
vn -0.9501 0.1721 0.2601
vn -0.8509 0.1538 -0.5023
vn -0.2523 0.8355 -0.4881
vn -0.4102 0.7475 -0.5225
vn 0.2350 -0.9720 0.0006
vn -0.2352 0.9720 -0.0012
vn 0.9332 -0.3541 0.0613
vn 0.9342 -0.3512 0.0630
vn 0.9270 -0.3521 0.1289
vn 0.9310 -0.3389 0.1353
vn 0.9446 -0.3278 0.0187
vn 0.9407 -0.3389 0.0128
vn 0.9323 -0.3568 0.0598
vn -0.0028 0.0309 0.9995
vn -0.0649 0.7150 -0.6961
vn 0.6601 -0.7452 0.0949
vn 0.1361 0.4851 -0.8638
vn 0.6957 -0.7182 0.0104
vn 0.6621 -0.7493 0.0133
vn 0.6410 -0.7673 0.0168
vn -0.0500 0.0204 -0.9985
vn -0.0437 0.2409 -0.9696
vn -0.0378 0.2511 -0.9672
vn -0.0388 0.1693 -0.9848
vn -0.0388 0.1335 -0.9903
vn -0.0440 0.0364 -0.9984
vn -0.0457 0.0191 -0.9988
vn -0.0464 -0.0060 -0.9989
vn -0.0402 -0.0593 -0.9974
vn -0.0459 -0.0917 -0.9947
vn 0.6158 0.7443 -0.2584
vn 0.6478 0.7086 -0.2798
vn 0.8436 0.5008 -0.1936
vn 0.8960 0.4256 -0.1269
vn 0.8253 0.5205 -0.2191
vn 0.9169 -0.3440 -0.2023
vn 0.9144 -0.3325 -0.2307
vn 0.8301 -0.4563 -0.3205
vn 0.8769 -0.4117 -0.2480
vn 0.8736 -0.4350 -0.2182
vn 0.8847 -0.4300 -0.1801
vn 0.9195 -0.3533 -0.1723
vn 0.1420 0.6373 0.7574
vn 0.1460 0.6201 0.7708
vn 0.1728 0.5246 0.8336
vn 0.1219 0.5274 0.8408
vn 0.1384 0.6741 0.7256
vn 0.1382 0.6889 0.7115
vn 0.9598 0.1450 -0.2405
vn 0.9734 0.0834 -0.2134
vn 0.9848 0.0417 -0.1689
vn 0.9874 0.0834 -0.1347
vn 0.9955 0.0502 -0.0800
vn 0.9948 0.0933 -0.0410
vn 0.9992 0.0388 -0.0001
vn 0.9730 0.2306 -0.0001
vn 0.9562 0.2403 -0.1670
vn 0.9226 0.3612 -0.1352
vn 0.9407 0.1778 -0.2891
vn -0.0540 0.5536 -0.8310
vn 0.3647 -0.8083 -0.4622
vn 0.9195 -0.1650 0.3568
vn 0.4849 0.7735 0.4082
vn 0.9006 0.4232 -0.0991
vn 0.4140 -0.6633 0.6234
vn -0.0434 -0.9202 0.3891
vn -0.3772 -0.7416 0.5548
vn -0.8199 0.3884 0.4207
vn -0.7062 0.5099 0.4912
vn 0.6300 0.7766 -0.0030
vn 0.6265 0.7794 -0.0038
vn 0.6243 0.7812 -0.0045
vn 0.6854 0.7266 0.0488
vn 0.6190 0.7853 0.0135
vn 0.6235 0.7817 -0.0159
vn 0.5455 0.8381 -0.0069
vn 0.5390 0.8422 0.0133
vn 0.5290 0.8473 0.0478
vn 0.5045 0.8570 0.1052
vn 0.4260 0.8999 0.0935
vn 0.4442 0.8946 0.0486
vn 0.3550 0.9336 0.0489
vn 0.3432 0.9362 -0.0759
vn 0.3134 0.9392 -0.1405
vn 0.4554 0.8699 -0.1896
vn 0.4224 0.8966 -0.1329
vn 0.5820 0.8032 -0.1272
vn 0.6004 0.7964 -0.0728
vn 0.6161 0.7873 -0.0238
vn 0.6240 0.7814 0.0070
vn 0.3787 -0.4104 -0.8295
vn 0.2937 -0.4201 -0.8586
vn 0.3096 -0.5605 -0.7681
vn 0.3942 -0.5441 -0.7407
vn 0.3873 -0.4788 -0.7879
vn 0.4698 -0.4612 -0.7527
vn 0.4607 -0.3976 -0.7935
vn 0.5986 -0.3411 -0.7248
vn 0.2632 0.5105 -0.8186
vn 0.5258 -0.3514 -0.7746
vn 0.4549 -0.3737 -0.8083
vn -0.9080 0.4186 -0.0175
vn -0.8961 0.4297 0.1111
vn -0.9700 0.2303 0.0778
vn -0.9748 0.2227 -0.0159
vn -0.0058 0.0320 0.9995
vn -0.1288 0.7069 -0.6955
vn 0.2466 -0.9690 0.0151
vn -0.2465 0.9687 -0.0302
vn 0.9423 -0.2486 0.2242
vn 0.9292 -0.1796 0.3229
vn 0.9394 -0.2093 0.2715
vn -0.1510 -0.9883 0.0237
vn -0.0109 -0.9999 0.0078
vn -0.0216 -0.9998 -0.0033
vn -0.0335 -0.9994 -0.0084
vn -0.0365 -0.9993 0.0016
vn -0.0220 -0.9998 -0.0021
vn -0.0110 -0.9999 -0.0077
vn -0.1510 -0.9882 -0.0237
vn 0.7852 -0.0097 -0.6192
vn 0.7524 0.1032 -0.6505
vn 0.8369 0.0522 -0.5449
vn 0.8015 0.1543 -0.5777
vn 0.9126 0.0730 -0.4023
vn 0.9384 -0.0343 -0.3440
vn 0.9489 -0.1502 -0.2777
vn 0.9280 -0.1233 -0.3517
vn -0.3647 -0.8707 0.3300
vn -0.2691 -0.9029 0.3352
vn -0.2674 -0.9145 0.3037
vn -0.1684 -0.9378 0.3035
vn -0.3756 -0.8025 0.4636
vn -0.0000 -0.9511 -0.3090
vn -0.0000 -0.8090 -0.5878
vn 0.3737 0.7536 0.5408
vn 0.3898 0.7722 0.5018
vn 0.3904 0.7671 0.5091
vn 0.7163 -0.6926 -0.0851
vn 0.7251 -0.6843 -0.0774
vn 0.8032 -0.5778 -0.1450
vn 0.8580 -0.5043 -0.0976
vn 0.8474 -0.5291 -0.0436
vn 0.8473 -0.5294 0.0422
vn 0.8046 -0.5896 0.0712
vn 0.7952 -0.5957 0.1129
vn 0.8061 -0.5709 0.1557
vn 0.7439 -0.6360 0.2053
vn 0.7282 -0.6690 0.1491
vn 0.7125 -0.6998 0.0510
vn -0.2585 0.9660 -0.0055
vn 0.2580 -0.9662 0.0027
vn -0.9518 -0.3066 -0.0059
vn -0.9199 -0.3920 -0.0068
vn -0.9199 -0.3920 -0.0069
vn -0.9529 -0.2475 -0.1755
vn -0.9764 -0.1575 -0.1479
vn -0.9925 -0.0988 -0.0714
vn -0.9965 -0.0825 0.0102
vn -0.9558 -0.2938 0.0103
vn -0.9561 -0.2924 0.0181
vn -0.9584 -0.2840 0.0277
vn -0.9610 -0.2748 0.0326
vn -0.9635 -0.2655 0.0355
vn -0.9658 -0.2568 0.0373
vn -0.9675 -0.2501 0.0371
vn 0.8185 -0.2051 -0.5366
vn 0.8566 -0.1346 -0.4981
vn 0.8633 -0.1206 -0.4901
vn 0.8322 -0.1814 -0.5239
vn 0.7697 -0.2803 -0.5736
vn 0.7698 -0.2800 -0.5736
vn 0.3506 -0.9365 0.0055
vn -0.3505 0.9366 -0.0027
vn 0.8751 -0.3719 0.3098
vn 0.8670 -0.4020 0.2944
vn 0.8815 -0.4155 0.2244
vn 0.8612 -0.4207 0.2852
vn 0.9999 -0.0112 -0.0079
vn 0.9977 0.0540 -0.0408
vn 0.9999 -0.0114 -0.0096
vn 0.9971 0.0547 -0.0532
vn 0.9999 -0.0111 -0.0122
vn 0.9492 0.2413 -0.2019
vn 0.9763 0.1771 -0.1240
vn 0.9931 0.1032 -0.0548
vn 0.9946 0.0919 -0.0473
vn 0.9020 0.4161 -0.1153
vn 0.9141 0.3973 -0.0814
vn 0.9143 0.4002 -0.0619
vn 0.9935 0.1126 -0.0189
vn 0.9947 0.1018 -0.0140
vn 0.9947 0.1023 -0.0079
vn 0.9999 -0.0119 -0.0017
vn 0.9914 0.1269 -0.0325
vn 0.9998 -0.0167 -0.0058
vn 0.9946 0.0935 -0.0449
vn 0.7067 -0.3027 0.6395
vn 0.6404 -0.3150 0.7005
vn 0.5929 -0.2765 0.7563
vn 0.5799 -0.5094 0.6358
vn 0.6710 -0.4700 0.5734
vn 0.7218 -0.3856 0.5748
vn 0.7806 -0.3667 0.5062
vn 0.8184 -0.2066 0.5363
vn 0.8157 -0.2065 0.5403
vn 0.8446 -0.1585 0.5114
vn 0.8018 -0.2326 0.5505
vn 0.7698 -0.2801 0.5735
vn 0.0149 0.8348 -0.5504
vn 0.0146 0.8352 -0.5498
vn 0.0090 0.8380 -0.5455
vn 0.0127 0.8349 -0.5502
vn -0.4249 0.9050 -0.0206
vn -0.2704 0.9423 0.1974
vn -0.2766 0.9389 0.2049
vn -0.0610 0.9887 0.1371
vn -0.1158 0.9908 0.0701
vn -0.1044 0.9927 0.0597
vn -0.0831 0.9961 0.0309
vn -0.0813 0.9967 0.0015
vn -0.0226 0.9997 -0.0044
vn -0.0054 0.9986 -0.0526
vn -0.0051 0.9976 -0.0690
vn -0.0095 0.9961 -0.0877
vn -0.0147 0.9942 -0.1066
vn -0.0204 0.9930 -0.1167
vn -0.2768 0.9387 -0.2054
vn -0.2751 0.9451 -0.1763
vn -0.4264 0.8822 -0.1997
vn 0.8448 -0.4704 0.2550
vn 0.8497 -0.4573 0.2626
vn 0.8702 -0.4479 0.2051
vn 0.8667 -0.4578 0.1983
vn 0.7072 -0.0739 0.7032
vn 0.7071 -0.0001 0.7071
vn 0.7071 -0.0740 0.7032
vn 0.7072 -0.2875 0.6459
vn 0.7072 -0.2876 0.6459
vn -0.4977 0.6255 0.6009
vn -0.5609 0.7601 0.3282
vn -0.7525 0.5436 0.3718
vn -0.6745 0.4796 0.5612
vn -0.6278 0.5701 0.5299
vn -0.5900 0.5270 0.6117
vn 0.7781 -0.5961 0.1979
vn 0.7833 -0.6099 0.1205
vn 0.8343 -0.5502 0.0363
vn 0.8413 -0.5393 0.0380
vn 0.8692 -0.4928 0.0396
vn 0.8411 -0.5274 0.1196
vn 0.8690 -0.4796 0.1216
vn 0.8353 -0.5120 0.2005
vn 0.7671 -0.5784 0.2775
vn 0.1643 -0.7185 0.6758
vn -0.0028 -0.7162 0.6979
vn 0.0519 -0.8741 0.4830
vn -0.6258 -0.6884 -0.3667
vn -0.5705 -0.6359 -0.5198
vn -0.5156 -0.6803 -0.5209
vn -0.4868 -0.6438 -0.5904
vn -0.4008 -0.6972 -0.5944
vn -0.4197 -0.7387 -0.5274
vn -0.4364 -0.7750 -0.4571
vn -0.4325 -0.7664 -0.4750
vn -0.4505 -0.8057 -0.3846
vn -0.9382 -0.0041 -0.3460
vn -0.9334 -0.1128 -0.3406
vn -0.9464 -0.1300 -0.2958
vn -0.4106 -0.7186 0.5613
vn -0.6494 -0.5317 0.5436
vn -0.6912 -0.5582 0.4589
vn -0.6645 -0.5924 0.4555
vn -0.6978 -0.6152 0.3670
vn -0.5776 -0.7276 0.3702
vn -0.4502 -0.8061 0.3841
vn 0.2140 0.6368 -0.7407
vn 0.2133 0.6839 -0.6977
vn 0.9718 0.2023 -0.1211
vn 0.9496 0.3134 0.0005
vn -0.9898 -0.1423 -0.0077
vn -0.9883 -0.1524 0.0073
vn 0.7163 0.6661 0.2078
vn 0.0658 -0.1130 0.9914
vn -0.0059 -0.2418 0.9703
vn -0.0008 -0.1772 0.9842
vn -0.0675 -0.2396 0.9685
vn -0.0701 -0.3342 0.9399
vn -0.0502 -0.4554 0.8889
vn 0.1557 -0.2325 0.9601
vn 0.1216 -0.1137 0.9860
vn 0.0605 -0.2414 0.9685
vn 0.6881 -0.0123 0.7255
vn 0.6911 -0.0361 0.7219
vn 0.6279 -0.0167 0.7781
vn 0.6245 0.0107 0.7810
vn -0.1826 0.5973 -0.7810
vn -0.4333 0.3616 -0.8255
vn -0.3414 0.3991 -0.8510
vn -0.3234 0.3285 -0.8874
vn -0.1291 0.3888 -0.9122
vn 0.0201 -0.6669 -0.7449
vn -0.0926 -0.7948 -0.5998
vn -0.0058 -0.6245 -0.7810
vn -0.0022 -0.6113 -0.7914
vn 0.8296 -0.0542 0.5557
vn 0.8314 0.0668 0.5516
vn 0.7875 -0.1027 0.6077
vn 0.7923 0.0132 0.6100
vn 0.6960 -0.0939 0.7118
vn 0.6883 0.0193 0.7251
vn 0.6387 -0.0941 0.7637
vn 0.5781 -0.1499 0.8021
vn 0.5781 -0.1981 0.7916
vn 0.5685 -0.2864 0.7712
vn 0.6300 -0.2427 0.7377
vn 0.6154 -0.3131 0.7234
vn 0.6726 -0.2731 0.6878
vn 0.6496 -0.3563 0.6717
vn 0.7959 -0.2434 0.5544
vn 0.9679 0.0859 -0.2363
vn 0.9363 0.1253 -0.3282
vn 0.9228 0.0502 -0.3820
vn 0.9521 -0.0400 -0.3033
vn 0.5363 0.0726 0.8409
vn 0.7553 0.1522 -0.6375
vn 0.1601 0.9871 0.0083
vn 0.3328 -0.9191 0.2110
vn -0.0177 0.9921 0.1245
vn 0.8826 0.0837 -0.4625
vn 0.6376 0.2184 -0.7388
vn 0.6593 -0.6056 -0.4456
vn 0.5696 0.1807 -0.8018
vn 0.8756 -0.1754 0.4500
vn 0.1460 -0.9447 0.2938
vn 0.7211 0.2283 0.6541
vn -0.3207 0.1897 0.9280
vn -0.2875 0.0778 -0.9546
vn 0.9627 0.1185 -0.2432
vn 0.9541 0.1847 -0.2359
vn 0.8704 -0.0110 -0.4922
vn 0.9099 0.0198 -0.4143
vn 0.9062 -0.0136 -0.4227
vn 0.9024 -0.0382 -0.4293
vn 0.8991 -0.0607 -0.4335
vn 0.9329 -0.0417 -0.3576
vn 0.9301 -0.0641 -0.3617
vn 0.9580 -0.0441 -0.2835
vn 0.9610 -0.0183 -0.2758
vn 0.9656 0.0156 -0.2595
vn 0.9654 0.0624 -0.2532
vn 0.8138 0.5418 0.2104
vn 0.7860 0.5760 0.2247
vn 0.7476 0.6184 0.2422
vn 0.7634 0.6018 0.2347
vn 0.8252 0.5206 0.2191
vn 0.8133 0.5366 0.2250
vn 0.7901 0.5705 0.2242
vn 0.8103 0.5800 -0.0841
vn 0.7452 0.6637 -0.0649
vn 0.7456 0.6653 -0.0384
vn 0.8107 0.5826 -0.0577
vn 0.8670 0.4930 -0.0726
vn 0.8664 0.4897 -0.0978
vn -0.5416 -0.6242 0.5631
vn -0.4938 -0.6378 0.5911
vn -0.5582 -0.7681 0.3138
vn -0.5801 -0.7531 0.3103
vn 0.2287 0.9733 0.0182
vn 0.0187 0.9996 0.0222
vn 0.0157 0.9996 0.0221
vn 0.2265 0.9738 0.0181
vn 0.6921 0.6364 -0.3406
vn 0.5943 0.6925 -0.4090
vn 0.5809 0.6920 -0.4286
vn 0.6700 0.6429 -0.3711
vn 0.7614 0.5741 -0.3011
vn 0.8816 -0.4400 -0.1705
vn 0.8511 -0.4757 -0.2222
vn 0.8916 -0.4233 -0.1607
vn -0.2674 0.9558 -0.1224
vn 0.0036 0.9914 -0.1309
vn -0.0827 0.9536 -0.2895
vn -0.0061 0.9562 -0.2927
vn -0.0133 0.9308 -0.3654
vn -0.1488 0.9221 -0.3571
vn -0.1564 0.9426 -0.2951
vn -0.2300 0.9296 -0.2881
vn -0.2157 0.9115 -0.3503
vn -0.4383 0.8919 -0.1116
vn 0.9080 -0.2283 0.3512
vn 0.9382 -0.2598 0.2287
vn 0.9284 -0.2362 0.2869
vn 0.9159 -0.2634 0.3028
vn 0.9313 -0.3596 0.0582
vn 0.9196 -0.3755 0.1152
vn 0.9066 -0.3824 0.1784
vn 0.9185 -0.3764 0.1209
vn -0.0270 0.8539 -0.5197
vn 0.0143 0.8355 -0.5493
vn -0.2211 0.8984 -0.3794
vn -0.2218 0.8985 -0.3789
vn -0.2538 0.9009 -0.3522
vn -0.1436 0.9014 -0.4084
vn -0.1013 0.8724 -0.4782
vn -0.0779 0.8687 -0.4892
vn 0.6332 -0.7529 0.1794
vn 0.6427 -0.7223 0.2554
vn 0.6748 -0.6937 0.2519
vn -0.6969 -0.3401 0.6314
vn -0.7692 -0.1843 0.6118
vn -0.6323 -0.0953 0.7688
vn -0.5959 -0.1704 0.7848
vn -0.6217 -0.1876 0.7605
vn -0.5815 -0.2621 0.7702
vn -0.5552 -0.2444 0.7950
vn -0.5106 -0.3164 0.7995
vn -0.7000 -0.4483 0.5559
vn -0.7445 -0.3729 0.5538
vn 0.7236 -0.4890 0.4871
vn 0.6879 -0.5397 0.4853
vn 0.7983 -0.4374 0.4139
vn 0.7567 -0.4353 0.4878
vn 0.6791 -0.4777 0.5574
vn 0.6464 -0.5226 0.5559
vn 0.7552 -0.4168 0.5060
vn -0.3355 -0.6893 0.6421
vn -0.3349 -0.6899 0.6417
vn -0.2640 -0.7389 0.6200
vn -0.2257 -0.7919 0.5675
vn -0.3578 -0.7917 0.4951
vn -0.3843 -0.6953 0.6073
vn -0.4268 -0.6543 0.6242
vn -0.4234 -0.6472 0.6339
vn -0.3963 -0.6382 0.6600
vn -0.5544 -0.7623 -0.3339
vn -0.4885 -0.7572 -0.4336
vn -0.4980 -0.6268 -0.5992
vn -0.5281 -0.6384 -0.5600
vn -0.7238 0.5453 -0.4229
vn -0.7282 0.4826 -0.4867
vn -0.6860 0.5090 -0.5199
vn -0.6090 0.4034 -0.6830
vn -0.3705 0.4100 -0.8334
vn -0.5237 0.2783 -0.8052
vn -0.5643 0.2668 -0.7813
vn -0.5562 0.1969 -0.8074
vn -0.4396 0.2668 -0.8577
vn -0.3260 0.3517 -0.8775
vn -0.4128 0.5236 -0.7453
vn -0.5170 0.6854 -0.5127
vn -0.4467 0.3985 0.8010
vn -0.3966 0.3130 0.8630
vn -0.2690 0.2719 0.9240
vn -0.3747 0.4389 0.8167
vn -0.1966 0.6086 0.7688
vn -0.4453 0.6305 0.6357
vn 0.3947 0.7097 0.5836
vn 0.4207 0.7004 0.5766
vn 0.3868 0.6942 0.6070
vn 0.4057 0.6960 0.5925
vn 0.4238 0.7000 0.5748
vn 0.4677 0.6899 0.5525
vn 0.4717 0.7025 0.5329
vn 0.4726 0.7255 0.5003
vn 0.4369 0.7193 0.5401
vn 0.4084 0.7674 0.4942
vn 0.4197 0.7830 0.4591
vn 0.5228 0.6854 0.5069
vn 0.4889 0.6642 0.5656
vn 0.4090 0.6871 0.6005
vn 0.3739 0.6606 0.6510
vn 0.3438 0.6998 0.6262
vn 0.2918 0.7126 0.6380
vn 0.3435 0.7001 0.6259
vn 0.3469 0.6993 0.6250
vn 0.3123 0.6869 0.6562
vn 0.3271 0.6912 0.6444
vn 0.3673 0.6953 0.6179
vn 0.2193 -0.1078 0.9697
vn 0.5278 0.5510 0.6464
vn 0.6337 0.0188 0.7733
vn 0.7542 -0.2324 -0.6141
vn 0.9013 0.3893 0.1899
vn 0.9270 0.3425 0.1529
vn 0.9387 0.3229 0.1210
vn 0.9052 0.3870 0.1756
vn 0.8877 0.4123 0.2050
vn 0.8552 0.4599 0.2390
vn 0.8019 0.5221 0.2904
vn 0.7471 0.5974 0.2915
vn 0.8575 0.4720 0.2046
vn 0.9065 0.3890 0.1641
vn 0.9361 0.3198 0.1464
vn -0.9640 -0.2635 0.0354
vn -0.9559 -0.2934 0.0121
vn -0.9570 -0.2900 0.0029
vn 0.4658 0.7096 -0.5287
vn 0.5724 0.7159 -0.3998
vn 0.6366 0.6386 -0.4323
vn 0.5727 0.6356 -0.5177
vn 0.5300 0.6141 -0.5847
vn 0.4390 0.5475 -0.7124
vn 0.4007 0.6294 -0.6658
vn 0.3584 0.7047 -0.6123
vn 0.9568 -0.1010 -0.2728
vn 0.9628 -0.1434 -0.2289
vn 0.9688 -0.1740 -0.1767
vn 0.9752 -0.1513 -0.1615
vn 0.9744 -0.1016 -0.2005
vn 0.9414 -0.0774 -0.3283
vn -0.9823 -0.1852 -0.0294
vn -0.9793 -0.1973 -0.0461
vn -0.9580 -0.2844 -0.0372
vn 0.5973 -0.8020 -0.0000
vn 0.7404 -0.6721 -0.0000
vn -0.5371 -0.6501 0.5376
vn -0.3534 -0.7634 0.5407
vn -0.7273 0.6278 0.2773
vn -0.7571 -0.1511 -0.6356
vn -0.7407 -0.1960 -0.6426
vn -0.7519 -0.0005 -0.6593
vn -0.6307 0.1165 -0.7672
vn -0.6247 0.0684 -0.7778
vn -0.6137 0.0151 -0.7894
vn -0.6399 -0.3663 -0.6755
vn 0.4586 -0.8813 0.1137
vn -0.6156 -0.1070 -0.7808
vn -0.5464 -0.8273 -0.1307
vn -0.4750 0.7048 0.5268
vn 0.8933 0.4484 0.0318
vn 0.8972 0.4289 0.1047
vn 0.9227 0.3632 0.1296
vn 0.9561 0.2330 0.1775
vn 0.9734 0.1745 0.1482
vn -0.6712 0.6953 0.2571
vn -0.5604 0.7901 0.2484
vn -0.4733 0.8419 0.2592
vn -0.4734 0.8464 0.2438
vn -0.5583 0.8293 0.0227
vn -0.5832 0.8119 0.0273
vn -0.6579 0.7525 0.0307
vn 0.2445 -0.9692 0.0284
vn 0.2437 -0.9695 -0.0254
vn -0.0832 0.2147 0.9731
vn -0.0236 -0.0069 0.9997
vn -0.1227 -0.0327 0.9919
vn -0.1378 0.0228 0.9902
vn -0.1227 -0.0328 0.9919
vn -0.2207 -0.0585 0.9736
vn -0.2505 0.0513 0.9668
vn -0.3454 0.0238 0.9382
vn -0.3729 0.1292 0.9188
vn -0.3926 0.2036 0.8969
vn -0.2027 0.2661 0.9424
vn -0.1821 0.1881 0.9651
vn -0.9665 -0.2540 0.0368
vn 0.9643 -0.2255 -0.1390
vn 0.9618 -0.1954 -0.1916
vn 0.9293 -0.2704 0.2514
vn 0.9010 -0.3642 0.2356
vn 0.9082 -0.2818 0.3094
vn 0.9667 -0.1585 0.2011
vn 0.9479 -0.0961 0.3036
vn 0.2703 0.8565 0.4397
vn 0.3525 0.8151 0.4598
vn 0.3370 0.7997 0.4969
vn 0.2442 0.8198 0.5180
vn 0.1452 0.8460 0.5131
vn 0.2048 0.9080 0.3654
vn 0.3078 0.8831 0.3542
vn 0.2873 0.8708 0.3990
vn -0.8972 -0.0517 0.4386
vn -0.8039 -0.1590 0.5731
vn -0.7590 -0.0914 0.6446
vn -0.8469 0.0727 0.5267
vn -0.7515 0.1146 0.6497
vn -0.9249 0.1396 0.3537
vn -0.9358 -0.0592 0.3476
vn 0.8322 0.0419 -0.5529
vn 0.8659 0.0946 -0.4911
vn 0.8865 0.0751 -0.4566
vn -0.0185 0.9933 0.1145
vn -0.0097 0.9956 0.0932
vn -0.0023 0.9977 0.0677
vn -0.0061 0.9987 0.0500
vn 0.3732 0.5804 0.7238
vn 0.4529 0.6394 0.6214
vn 0.5428 0.6066 0.5809
vn 0.4954 0.5464 0.6753
vn 0.5418 0.4826 0.6882
vn 0.5706 0.3880 0.7238
vn 0.4758 0.4291 0.7678
vn 0.4348 0.4928 0.7537
vn 0.3306 0.5464 0.7695
vn 0.8994 -0.1868 0.3951
vn 0.8898 -0.1363 0.4355
vn -0.7853 0.5316 -0.3173
vn -0.7095 0.6438 -0.2867
vn -0.6990 0.6631 -0.2676
vn -0.6546 0.7055 -0.2716
vn -0.7852 0.5075 0.3548
vn -0.7238 0.6141 0.3146
vn -0.7638 0.5895 0.2628
vn -0.6518 0.1462 0.7442
vn -0.6501 -0.1188 0.7505
vn -0.5720 -0.1089 0.8130
vn -0.5722 -0.0763 0.8166
vn -0.3987 -0.0633 0.9149
vn -0.3966 0.0401 0.9171
vn 0.0258 -0.7087 0.7050
vn -0.0136 -0.5855 0.8106
vn -0.0417 -0.4802 0.8762
vn 0.9971 -0.0762 0.0060
vn -0.0500 -0.4555 0.8888
vn -0.0552 -0.3371 0.9398
vn -0.0314 -0.4329 0.9009
vn -0.0033 -0.4885 0.8726
vn 0.0303 -0.5280 0.8487
vn 0.0497 -0.5465 0.8360
vn 0.0561 -0.5555 0.8296
vn 0.5912 -0.7853 0.1836
vn 0.5943 -0.7829 0.1840
vn 0.4963 -0.0251 0.8678
vn 0.4142 0.0373 0.9094
vn 0.5696 -0.0590 0.8198
vn 0.5719 -0.0683 0.8175
vn 0.5030 -0.0644 0.8619
vn 0.4867 -0.0084 0.8735
vn 0.4286 -0.0708 0.9007
vn 0.3540 -0.0633 0.9331
vn 0.4087 -0.0142 0.9126
vn -0.0636 -0.6879 -0.7230
vn -0.0899 -0.4239 -0.9012
vn -0.0637 -0.4953 -0.8664
vn -0.0444 -0.6691 -0.7419
vn -0.5127 0.2824 0.8108
vn -0.3579 0.4007 0.8434
vn -0.3850 0.3280 0.8626
vn -0.3896 0.3891 0.8347
vn -0.3431 0.4674 0.8148
vn -0.3421 0.5534 0.7594
vn -0.3107 0.6686 0.6756
vn -0.4172 0.7146 0.5614
vn 0.6814 -0.6786 -0.2741
vn 0.7401 -0.6450 -0.1902
vn 0.4622 -0.8758 -0.1389
vn 0.3040 0.2765 0.9117
vn 0.1776 0.2800 0.9434
vn 0.1860 0.1847 0.9650
vn 0.0921 0.1886 0.9777
vn 0.1000 -0.0050 0.9950
vn 0.8439 0.3387 -0.4161
vn 0.7564 0.3310 -0.5642
vn 0.0510 0.7680 0.6385
vn 0.8629 -0.3140 0.3961
vn 0.8593 -0.3345 0.3870
vn 0.8551 -0.3548 0.3781
vn 0.8320 -0.3283 0.4472
vn 0.8280 -0.3514 0.4370
vn 0.8237 -0.3734 0.4268
vn 0.7973 -0.3466 0.4941
vn 0.7930 -0.3719 0.4826
vn 0.7590 -0.3689 0.5365
vn 0.9515 0.1870 0.2443
vn 0.9562 0.2329 0.1775
vn 0.9226 0.3632 0.1299
vn 0.8973 0.4287 0.1050
vn 0.9251 0.3188 0.2063
vn -0.3961 -0.3665 0.8419
vn -0.3917 -0.3766 0.8395
vn -0.3527 -0.2502 0.9017
vn 0.0923 0.0425 -0.9948
vn 0.0269 0.0930 -0.9953
vn 0.0248 0.0811 -0.9964
vn -0.0388 0.1336 -0.9903
vn -0.0382 0.2307 -0.9723
vn 0.2703 0.1434 -0.9520
vn 0.1948 0.1723 -0.9656
vn 0.1712 0.0379 -0.9845
vn 0.1013 0.0826 -0.9914
vn 0.3532 0.6978 -0.6232
vn 0.4431 0.6944 -0.5671
vn 0.3366 0.6874 -0.6436
vn 0.2590 0.6776 -0.6883
vn -0.8756 -0.3993 0.2717
vn -0.8777 -0.4174 0.2354
vn -0.8843 -0.4280 0.1867
vn -0.8894 -0.4270 0.1634
vn -0.7127 -0.6880 0.1370
vn -0.7010 -0.6576 0.2761
vn -0.6256 -0.7225 0.2942
vn -0.6340 -0.6330 0.4442
vn -0.6471 -0.5601 0.5173
vn -0.7748 -0.4826 0.4084
vn -0.7712 -0.5076 0.3841
vn 0.9818 0.0667 0.1777
vn 0.9861 0.0421 0.1607
vn 0.9932 -0.0051 0.1167
vn 0.9991 -0.0083 0.0416
vn 0.8736 0.4867 0.0016
vn 0.8201 0.5722 0.0059
vn 0.8063 0.5882 -0.0631
vn 0.8674 0.4973 -0.0191
vn 0.9160 0.4012 0.0013
vn 0.9157 0.4019 0.0002
vn 0.9499 0.3126 -0.0004
vn 0.9547 0.2974 -0.0077
vn 0.9157 0.4018 -0.0007
vn -0.8124 0.3476 -0.4682
vn -0.7524 0.4615 -0.4701
vn 0.9194 0.1643 0.3575
vn 0.9329 0.0585 0.3553
vn 0.9633 0.0573 0.2621
vn 0.8461 -0.2595 -0.4656
vn 0.8376 -0.2738 -0.4727
vn 0.7899 -0.2992 -0.5353
vn 0.8018 -0.2868 -0.5242
vn -0.9301 0.0990 0.3536
vn -0.9887 0.1460 0.0337
vn -0.9971 -0.0656 0.0385
vn 0.2483 -0.9595 -0.1331
vn 0.1946 -0.9086 -0.3695
vn 0.1755 -0.9439 -0.2796
vn 0.2206 -0.9730 -0.0672
vn 0.9879 -0.1549 -0.0000
vn 0.9970 -0.0771 -0.0000
vn 0.9397 -0.3419 -0.0000
vn 0.5374 0.1248 0.8340
vn 0.5989 0.1473 0.7872
vn 0.5834 0.1958 0.7882
vn 0.6398 0.2233 0.7354
vn 0.6176 0.2787 0.7354
vn 0.6675 0.3103 0.6769
vn 0.7130 0.3395 0.6135
vn 0.7392 0.2732 0.6156
vn 0.8022 0.2275 0.5520
vn 0.7583 0.2095 0.6173
vn 0.7906 0.0320 0.6115
vn 0.7397 0.0251 0.6725
vn 0.7468 -0.0339 0.6642
vn 0.6945 -0.0607 0.7169
vn 0.6965 -0.0733 0.7138
vn 0.6347 -0.0707 0.7695
vn 0.9980 -0.0637 0.0006
vn 0.3891 0.6436 0.6590
vn 0.2898 0.6703 0.6832
vn 0.1872 0.6894 0.6997
vn 0.1881 0.6212 0.7607
vn -0.0207 0.6357 0.7717
vn -0.0282 0.4808 0.8764
vn 0.2052 0.4652 0.8611
vn 0.6561 -0.3803 0.6518
vn 0.6060 -0.3500 0.7144
vn 0.5797 -0.2706 0.7686
vn 0.6109 -0.2334 0.7565
vn -0.6956 0.3686 -0.6167
vn -0.5096 0.8354 -0.2061
vn -0.5497 0.8117 -0.1977
vn -0.5522 0.8033 -0.2231
vn -0.5708 0.7882 -0.2301
vn -0.4314 0.8171 -0.3825
vn -0.3281 0.8683 -0.3721
vn -0.2630 0.8970 -0.3552
vn -0.2528 0.9025 -0.3486
vn -0.2082 0.9181 -0.3373
vn -0.1997 0.9210 -0.3346
vn -0.2826 0.8965 -0.3413
vn -0.4011 0.8639 -0.3048
vn 0.9751 0.0956 0.2000
vn 0.9761 0.0858 0.1999
vn 0.7352 0.0138 0.6777
vn 0.6671 -0.0514 0.7432
vn 0.6440 -0.1441 0.7513
vn 0.6952 -0.1784 0.6963
vn 0.7200 -0.0829 0.6890
vn 0.7845 -0.0153 0.6199
vn 0.7071 0.4156 -0.5721
vn 0.7071 0.4155 -0.5721
vn 0.7071 0.5721 -0.4156
vn 0.7071 0.5721 -0.4157
vn 0.9152 -0.4020 0.0290
vn 0.9396 -0.3421 -0.0000
vn 0.9130 -0.4073 0.0238
vn 0.3878 -0.2321 -0.8920
vn 0.4928 -0.4631 -0.7367
vn 0.4217 -0.4897 -0.7631
vn 0.3996 -0.3422 -0.8504
vn 0.3676 -0.3825 -0.8477
vn 0.5138 -0.3697 -0.7742
vn 0.4901 -0.3575 -0.7950
vn 0.5675 -0.2837 -0.7730
vn 0.4697 -0.3064 -0.8280
vn 0.4395 -0.3439 -0.8298
vn 0.3852 -0.3012 -0.8723
vn 0.4120 -0.2690 -0.8706
vn 0.3517 -0.2298 -0.9075
vn 0.4034 -0.1432 -0.9037
vn 0.1838 -0.0720 -0.9803
vn 0.1580 -0.1043 -0.9819
vn 0.1572 -0.0082 -0.9875
vn 0.2831 -0.1093 -0.9528
vn 0.4013 -0.2073 -0.8922
vn -0.7339 0.6788 0.0248
vn -0.7360 0.6765 0.0249
vn -0.2016 -0.3009 0.9321
vn -0.2044 -0.2767 0.9390
vn -0.2092 -0.2371 0.9487
vn -0.2161 -0.1630 0.9627
vn -0.5983 0.2584 0.7585
vn -0.5605 0.1117 0.8206
vn -0.7170 0.0377 0.6960
vn -0.7340 0.1037 0.6712
vn -0.7801 0.2803 0.5594
vn -0.6353 0.4007 0.6602
vn 0.9676 0.1371 -0.2121
vn 0.9728 0.1796 -0.1462
vn 0.9805 0.0878 -0.1757
vn 0.6762 -0.6171 -0.4024
vn 0.6978 -0.6374 -0.3268
vn 0.7156 -0.6528 -0.2487
vn 0.8133 -0.5284 -0.2435
vn 0.8587 -0.4527 -0.2403
vn 0.7941 -0.5160 -0.3212
vn 0.6767 0.2535 -0.6912
vn 0.7137 -0.0369 -0.6995
vn 0.5625 -0.0289 -0.8263
vn 0.5164 0.2358 -0.8232
vn -0.3875 -0.3948 -0.8330
vn -0.2689 -0.4299 -0.8619
vn -0.2988 -0.4905 -0.8186
vn 0.7610 -0.5371 -0.3638
vn 0.8060 -0.4678 -0.3625
vn 0.8197 -0.3786 -0.4298
vn 0.7329 -0.5173 -0.4419
vn 0.6964 -0.5642 -0.4436
vn 0.9310 -0.3629 0.0395
vn 0.9315 -0.3628 0.0270
vn 0.8950 -0.4406 0.0700
vn 0.7233 -0.5636 0.3990
vn 0.6773 -0.6159 0.4024
vn 0.6953 -0.5417 0.4723
vn 0.7022 -0.5331 0.4719
vn 0.4832 0.8149 -0.3200
vn 0.4795 0.7950 -0.3716
vn 0.3866 0.8590 -0.3358
vn 0.3888 0.8669 -0.3120
vn 0.9810 -0.1292 0.1448
vn 0.8992 -0.4299 0.0813
vn 0.9202 -0.3895 0.0388
vn 0.9389 -0.3442 -0.0000
vn 0.9238 -0.3823 0.0194
vn 0.9137 -0.4056 0.0250
vn 0.8802 -0.4724 0.0463
vn 0.8921 -0.4466 0.0683
vn 0.9177 -0.3957 0.0346
vn 0.8944 -0.4413 0.0728
vn 0.8700 -0.4792 0.1158
vn 0.8772 -0.4629 0.1273
vn 0.9014 -0.4244 0.0853
vn 0.4637 0.5606 0.6861
vn -0.5660 -0.4616 -0.6831
vn -0.6456 -0.4657 -0.6052
vn -0.7181 -0.4666 -0.5163
vn -0.6987 -0.5261 -0.4849
vn -0.5232 -0.5254 -0.6710
vn -0.8708 -0.2499 0.4233
vn -0.7554 -0.4883 0.4371
vn -0.8389 -0.3319 0.4314
vn 0.4841 0.8129 -0.3239
vn 0.4814 0.7982 -0.3622
vn 0.4630 0.7908 -0.4003
vn 0.5713 0.7482 -0.3373
vn 0.4190 0.8434 -0.3363
vn 0.9633 0.0054 0.2685
vn 0.9391 0.0075 0.3436
vn 0.9117 0.0543 0.4073
vn 0.9416 0.0532 0.3324
vn 0.9357 -0.0633 0.3471
vn 0.9411 0.0249 0.3372
vn 0.9412 0.0947 0.3242
vn 0.9125 0.0549 0.4054
vn 0.9001 -0.1014 0.4236
vn 0.6733 0.6909 0.2633
vn 0.5353 0.7868 0.3072
vn 0.6208 0.7438 0.2476
vn 0.5309 0.8040 0.2679
vn 0.8365 -0.5003 -0.2234
vn 0.8387 -0.4900 -0.2375
vn 0.8787 -0.4523 -0.1529
vn 0.8748 -0.4633 -0.1420
vn 0.4055 0.6959 0.5927
vn 0.3411 0.6986 0.6290
vn 0.2839 0.7119 0.6424
vn 0.3549 0.7078 0.6108
vn -0.0204 0.9399 -0.3409
vn 0.0137 0.9928 -0.1188
vn 0.0085 0.9463 -0.3231
vn -0.2423 0.3160 0.9173
vn -0.2993 0.4944 0.8161
vn -0.3865 0.4306 0.8156
vn -0.5009 0.3436 0.7944
vn -0.3552 0.2319 0.9056
vn -0.1930 0.1102 0.9750
vn -0.1827 0.1100 0.9770
vn -0.1743 0.1234 0.9769
vn -0.8394 0.2141 0.4995
vn -0.8627 0.3011 0.4064
vn -0.8725 0.3377 0.3530
vn -0.8171 0.4192 0.3958
vn -0.8065 0.3772 0.4553
vn -0.6651 0.5141 0.5416
vn 0.1533 0.9882 0.0074
vn 0.1539 0.9881 0.0082
vn 0.1139 0.9935 0.0090
vn -0.1864 0.9406 0.2837
vn -0.0493 0.9002 0.4327
vn -0.0001 0.7993 0.6009
vn -0.0198 0.8165 0.5771
vn -0.0169 0.9624 0.2710
vn 0.0156 -0.9242 -0.3815
vn -0.1843 -0.9060 -0.3810
vn -0.2499 -0.8917 -0.3774
vn -0.2247 -0.8542 -0.4689
vn -0.1861 -0.7730 -0.6065
vn -0.1139 -0.7855 -0.6083
vn -0.0956 -0.7383 -0.6676
vn -0.0170 -0.7466 -0.6650
vn 0.0617 -0.7507 -0.6578
vn 0.0321 -0.7979 -0.6020
vn 0.1048 -0.7976 -0.5940
vn 0.5318 0.8040 -0.2661
vn 0.6101 0.7468 -0.2646
vn 0.5896 0.7557 -0.2851
vn 0.5688 0.7645 -0.3033
vn 0.8869 -0.0657 -0.4572
vn 0.9104 0.0030 -0.4137
vn 0.9279 0.0744 -0.3652
vn 0.9213 0.0439 -0.3864
vn 0.8903 -0.0575 -0.4518
vn 0.9266 -0.3362 -0.1687
vn 0.9122 -0.2974 -0.2818
vn 0.9798 -0.1592 -0.1206
vn 0.9735 -0.2239 -0.0472
vn 0.9650 -0.2297 -0.1267
vn 0.9499 -0.3092 -0.0455
vn -0.3897 -0.7430 0.5441
vn -0.5439 -0.7801 0.3093
vn 0.8564 0.4107 -0.3130
vn 0.8267 0.4049 -0.3907
vn 0.8214 0.3284 -0.4663
vn 0.7914 0.3962 -0.4656
vn 0.8470 0.2539 -0.4670
vn 0.8647 0.1803 -0.4688
vn 0.8832 0.2586 -0.3913
vn 0.9130 0.2618 -0.3130
vn 0.8975 0.4140 -0.1520
vn -0.9213 0.0080 -0.3887
vn -0.9643 -0.0185 -0.2641
vn -0.9646 -0.0174 -0.2633
vn -0.9708 -0.0204 -0.2389
vn -0.9557 -0.1054 -0.2748
vn -0.9750 -0.1174 -0.1885
vn -0.8354 -0.2271 -0.5005
vn -0.8614 -0.1439 -0.4871
vn -0.8980 -0.1676 -0.4069
vn -0.8678 0.4600 0.1881
vn -0.7733 0.6218 0.1240
vn -0.7438 0.6364 0.2043
vn -0.6720 0.6759 0.3027
vn -0.9024 0.3720 0.2176
vn -0.1727 0.9778 -0.1189
vn -0.2194 0.9708 -0.0970
vn 0.2733 -0.9246 0.2652
vn -0.2483 0.9665 -0.0654
vn -0.2329 0.9536 -0.1908
vn -0.2327 0.9638 -0.1300
vn 0.9093 -0.3736 0.1833
vn 0.9126 -0.3639 0.1865
vn 0.9251 -0.3584 0.1257
vn 0.9339 -0.3512 0.0671
vn 0.8601 -0.2628 -0.4372
vn 0.9004 -0.2444 -0.3599
vn 0.8706 -0.2437 -0.4273
vn 0.8982 0.4394 -0.0128
vn -0.4578 0.8884 -0.0344
vn 0.8928 0.4493 -0.0329
vn 0.4879 -0.6443 0.5890
vn 0.6726 -0.7339 0.0950
vn 0.6491 0.7599 -0.0356
vn 0.6502 0.7594 -0.0243
vn 0.7233 -0.5858 -0.3655
vn 0.6505 -0.6148 -0.4460
vn 0.6310 -0.6806 -0.3723
vn 0.6963 -0.6574 -0.2881
vn 0.7615 -0.6159 -0.2020
vn 0.8005 -0.5648 -0.2005
vn 0.7835 -0.5531 -0.2832
vn 0.9626 0.2703 -0.0158
vn 0.9374 0.3476 -0.0195
vn 0.9383 0.3458 -0.0098
vn 0.9400 0.1218 -0.3186
vn 0.9117 0.1417 -0.3856
vn 0.9115 0.1875 -0.3661
vn 0.9478 0.1597 -0.2760
vn 0.8662 -0.4385 0.2395
vn 0.8224 -0.5144 0.2427
vn 0.7785 -0.5881 0.2194
vn 0.8459 -0.4287 0.3171
vn 0.4420 -0.2960 0.8468
vn 0.4395 -0.2166 0.8717
vn 0.3662 -0.2723 0.8898
vn 0.3370 -0.1620 0.9275
vn 0.2655 -0.2317 0.9359
vn 0.2221 -0.1521 0.9631
vn 0.5120 -0.2480 0.8224
vn -0.8956 0.4447 -0.0086
vn -0.8959 0.4443 0.0021
vn -0.7252 0.6885 0.0050
vn -0.7248 0.6889 -0.0082
vn -0.1877 0.9389 -0.2886
vn -0.1910 0.9649 -0.1801
vn 0.8254 0.5638 -0.0297
vn 0.9276 0.3729 -0.0208
vn 0.9083 0.3631 -0.2079
vn 0.9356 0.1830 -0.3020
vn 0.8807 0.3698 -0.2960
vn 0.8679 0.3694 -0.3322
vn 0.2358 -0.9536 -0.1871
vn 0.3199 -0.9298 -0.1820
vn 0.2996 -0.9152 -0.2696
vn 0.1839 -0.9368 -0.2975
vn 0.1989 -0.9217 -0.3330
vn -0.2536 -0.6060 -0.7540
vn -0.3227 -0.6147 -0.7197
vn -0.3068 -0.6251 -0.7177
vn -0.1675 -0.6173 -0.7687
vn 0.1285 -0.8013 -0.5843
vn 0.1421 -0.7663 -0.6265
vn 0.1439 -0.5223 -0.8405
vn 0.1184 -0.4434 -0.8885
vn 0.1072 -0.5222 -0.8461
vn 0.1266 -0.5393 -0.8326
vn 0.9188 -0.0252 -0.3939
vn 0.9213 -0.0593 -0.3842
vn 0.9475 -0.0223 -0.3189
vn 0.9466 -0.0085 -0.3224
vn 0.9195 -0.3515 -0.1759
vn 0.8953 -0.3640 -0.2568
vn 0.9225 -0.2917 -0.2530
vn 0.9136 -0.2442 -0.3250
vn 0.8817 -0.2513 -0.3994
vn 0.8901 -0.2320 -0.3923
vn 0.8970 -0.2254 -0.3802
vn 0.9563 -0.1553 -0.2477
vn 0.9403 -0.2291 -0.2517
vn 0.9662 -0.1726 -0.1913
vn 0.9817 -0.1184 -0.1493
vn 0.9841 -0.1167 -0.1339
vn 0.9855 -0.1213 -0.1184
vn 0.9672 -0.1768 -0.1825
vn 0.9692 -0.1852 -0.1623
vn 0.9454 -0.2555 -0.2022
vn 0.9475 -0.2652 -0.1785
vn 0.9773 -0.2037 -0.0586
vn 0.9752 -0.2029 -0.0886
vn 0.9896 -0.1260 -0.0696
vn 0.9966 -0.0693 -0.0452
vn 0.9944 -0.0805 -0.0682
vn 0.9634 -0.2529 -0.0890
vn 0.9123 -0.3974 -0.0985
vn 0.6666 0.7240 -0.1775
vn 0.5875 0.7947 -0.1527
vn 0.5891 0.8002 -0.1123
vn 0.6691 0.7296 -0.1410
vn 0.7412 0.6517 -0.1612
vn 0.7386 0.6449 -0.1962
vn 0.6580 0.6999 -0.2778
vn 0.6558 0.6825 -0.3225
vn 0.5738 0.7618 -0.3007
vn 0.5647 0.6989 -0.4390
vn 0.6359 0.6502 -0.4159
vn 0.5511 0.6841 -0.4778
vn 0.4692 0.7035 -0.5338
vn 0.4032 0.7063 -0.5818
vn 0.3761 0.7179 -0.5858
vn 0.4513 0.7121 -0.5379
vn 0.4190 0.7288 -0.5415
vn 0.3278 0.7357 -0.5927
vn 0.3672 0.7247 -0.5830
vn 0.3584 0.6803 -0.6393
vn 0.3936 0.7336 -0.5540
vn 0.3970 0.7498 -0.5292
vn 0.4336 0.7282 -0.5308
vn 0.4047 0.6461 -0.6471
vn 0.4992 0.7074 -0.5003
vn 0.4547 0.7477 -0.4839
vn 0.4261 0.7749 -0.4669
vn 0.4557 0.7960 -0.3984
vn 0.4563 0.7699 -0.4461
vn 0.4259 0.7857 -0.4487
vn 0.3898 0.7721 -0.5019
vn 0.3660 0.7375 -0.5675
vn 0.3948 0.7725 -0.4973
vn 0.5001 0.7418 -0.4468
vn 0.5415 0.7144 -0.4432
vn 0.6086 0.6917 -0.3886
vn 0.6599 0.6550 -0.3682
vn -0.6447 0.5246 0.5560
vn -0.6684 0.3732 0.6434
vn -0.6056 0.4765 0.6374
vn -0.4920 0.6342 0.5964
vn -0.5074 0.7194 0.4743
vn -0.4899 0.7832 0.3829
vn -0.5725 0.7313 0.3707
vn -0.5910 0.7549 0.2842
vn -0.7357 0.5987 0.3167
vn -0.7116 0.5779 0.3996
vn -0.7410 0.5184 0.4268
vn -0.9867 -0.1623 0.0118
vn -0.9591 -0.2821 0.0253
vn 0.2284 -0.9486 0.2192
vn 0.3942 -0.8959 0.2048
vn 0.4128 -0.9038 0.1126
vn 0.3330 -0.9356 0.1173
vn 0.3469 -0.9362 0.0566
vn 0.2666 -0.9620 0.0585
vn -0.9662 0.2579 0.0002
vn -0.9660 0.2584 -0.0085
vn -0.0171 0.7648 0.6440
vn -0.0140 0.6267 0.7792
vn 0.1280 0.6254 0.7697
vn 0.1916 0.6815 0.7063
vn 0.2007 0.6999 0.6854
vn 0.1505 0.7665 0.6244
vn 0.2284 0.7690 0.5971
vn 0.1913 0.8288 0.5259
vn 0.1440 0.8267 0.5439
vn 0.1135 0.8781 0.4648
vn -0.0195 0.8745 0.4847
vn 0.6676 0.7267 0.1617
vn 0.5823 0.7854 0.2097
vn 0.4888 0.8316 0.2638
vn 0.4934 0.8407 0.2232
vn 0.6475 0.7549 0.1040
vn 0.7436 0.6577 0.1202
vn 0.6651 0.7211 0.1939
vn 0.5785 0.7771 0.2479
vn 0.5715 0.7484 0.3366
vn 0.4802 0.8006 0.3583
vn 0.4842 0.8185 0.3091
vn 0.3874 0.8630 0.3242
vn 0.8320 0.5452 -0.1028
vn 0.8740 0.4780 -0.0873
vn 0.8030 0.5741 -0.1599
vn 0.7550 0.6328 -0.1720
vn 0.6025 0.7943 0.0775
vn 0.6158 0.7443 0.2585
vn 0.6452 0.7593 0.0851
vn 0.6258 0.7798 -0.0154
vn -0.7179 0.4749 0.5090
vn -0.7412 0.2128 0.6366
vn -0.8340 0.1751 0.5233
vn -0.3485 0.0976 0.9322
vn -0.3044 0.1625 0.9386
vn -0.3336 0.2303 0.9142
vn -0.3183 0.2574 0.9124
vn 0.6423 -0.5969 0.4808
vn 0.6418 -0.5288 0.5554
vn 0.5961 -0.5075 0.6222
vn 0.5297 -0.5845 0.6146
vn 0.6046 -0.5746 0.5517
vn 0.5678 -0.6154 0.5466
vn 0.5073 -0.6092 0.6095
vn 0.4637 -0.5774 0.6720
vn 0.4269 -0.5546 0.7143
vn 0.4945 -0.5632 0.6620
vn 0.4770 -0.5019 0.7215
vn 0.5546 -0.4221 0.7171
vn 0.5540 -0.5106 0.6576
vn 0.5556 -0.5817 0.5941
vn 0.6013 -0.4575 0.6551
vn 0.6442 -0.3981 0.6531
vn 0.6565 -0.3789 0.6523
vn 0.7017 -0.4056 0.5857
vn 0.7064 -0.4338 0.5593
vn 0.6812 -0.5179 0.5174
vn 0.5915 -0.6678 0.4518
vn 0.5889 -0.6159 0.5233
vn 0.5632 -0.6374 0.5258
vn 0.5316 -0.6595 0.5314
vn 0.5307 -0.6024 0.5962
vn 0.5346 -0.6512 0.5386
vn 0.6019 -0.6420 0.4750
vn 0.4843 0.6098 0.6274
vn 0.4830 0.6524 0.5840
vn 0.4809 0.6945 0.5352
vn 0.2837 0.7620 0.5821
vn 0.9813 -0.0718 -0.1786
vn 0.9769 -0.0161 -0.2133
vn 0.9734 -0.0346 -0.2265
vn 0.9653 0.0182 -0.2604
vn 0.9527 0.0719 -0.2953
vn 0.9362 0.1241 -0.3289
vn 0.9280 0.0744 -0.3651
vn 0.9105 0.0030 -0.4135
vn 0.9335 -0.0160 -0.3581
vn 0.9469 -0.0594 -0.3159
vn 0.9614 -0.0849 -0.2616
vn 0.9666 -0.1299 -0.2207
vn 0.9782 -0.1396 -0.1534
vn 0.9744 -0.1016 -0.2006
vn 0.9779 -0.0871 -0.1902
vn -0.5393 0.1132 -0.8345
vn -0.4594 0.1016 -0.8824
vn -0.3761 0.0896 -0.9222
vn -0.3775 0.0310 -0.9255
vn -0.3807 -0.0670 -0.9223
vn -0.4619 -0.0745 -0.8838
vn -0.5392 -0.0812 -0.8383
vn -0.7569 0.6058 0.2453
vn -0.3348 -0.6899 0.6418
vn -0.3355 -0.6892 0.6422
vn -0.2599 -0.6744 0.6911
vn -0.2595 -0.6748 0.6909
vn 0.7581 -0.3735 -0.5345
vn 0.7429 -0.4484 -0.4970
vn 0.7134 -0.5362 -0.4511
vn 0.6974 -0.5655 -0.4402
vn 0.6776 -0.6257 -0.3864
vn 0.7053 -0.5654 -0.4276
vn 0.7215 -0.5200 -0.4572
vn 0.7363 -0.4722 -0.4847
vn 0.7963 -0.6040 0.0320
vn 0.7803 -0.5922 0.2012
vn 0.8164 -0.5038 0.2821
vn 0.9029 -0.3454 0.2558
vn 0.9164 -0.3463 0.2009
vn 0.8988 -0.4227 0.1161
vn 0.9044 -0.4254 0.0319
vn 0.4154 0.0831 -0.9058
vn 0.8554 0.1864 0.4833
vn 0.8638 0.1199 0.4894
vn 0.8898 0.1720 0.4228
vn 0.8614 0.3072 0.4046
vn 0.8131 0.1968 0.5479
vn 0.7781 0.1388 0.6126
vn -0.7964 -0.2083 0.5678
vn -0.6615 -0.1741 0.7295
vn -0.6837 -0.0280 0.7292
vn -0.6817 0.0603 0.7292
vn -0.7554 0.0665 0.6519
vn -0.8204 0.0718 0.5673
vn -0.8188 -0.0867 0.5675
vn 0.7226 -0.6639 -0.1925
vn 0.7580 -0.6075 -0.2373
vn 0.6948 -0.6931 -0.1922
vn 0.6481 -0.7438 -0.1633
vn 0.7653 0.6436 -0.0000
vn -0.0491 0.9392 -0.3398
vn 0.6296 0.7769 0.0004
vn 0.6304 0.7762 0.0018
vn 0.7006 0.7135 0.0004
vn -0.9965 -0.0825 0.0095
vn -0.9962 -0.0861 -0.0121
vn -0.9558 -0.2939 0.0103
vn 0.8642 0.5017 0.0375
vn 0.8127 0.5815 0.0369
vn 0.7579 0.6522 0.0124
vn 0.8157 0.5782 0.0155
vn -0.8021 -0.4514 0.3911
vn -0.7142 -0.4125 0.5655
vn 0.1374 -0.2015 -0.9698
vn 0.1997 -0.1167 -0.9729
vn 0.2206 -0.1495 -0.9638
vn 0.2841 -0.0672 -0.9564
vn 0.3402 -0.1692 -0.9250
vn 0.1928 -0.3039 -0.9330
vn 0.2048 -0.3471 -0.9152
vn 0.1025 -0.3371 -0.9359
vn -0.0683 -0.3600 -0.9305
vn -0.0574 -0.1547 -0.9863
vn -0.0459 -0.0918 -0.9947
vn 0.0121 -0.1028 -0.9946
vn 0.0599 -0.1559 -0.9860
vn -0.7534 -0.4779 0.4516
vn -0.8321 -0.4711 0.2928
vn -0.8074 -0.4751 0.3500
vn -0.7183 -0.4666 0.5160
vn 0.9540 -0.0825 0.2882
vn 0.9693 -0.1262 0.2110
vn 0.9616 -0.1789 0.2080
vn 0.5561 -0.5209 -0.6476
vn 0.4786 -0.5478 -0.6861
vn 0.4850 -0.6025 -0.6339
vn 0.4908 -0.6506 -0.5795
vn 0.4953 -0.6931 -0.5237
vn 0.6243 -0.5888 -0.5134
vn 0.6345 -0.5366 -0.5563
vn 0.6290 -0.4900 -0.6036
vn 0.6266 -0.4684 -0.6228
vn 0.5535 -0.4979 -0.6677
vn 0.3057 0.1250 0.9439
vn 0.3209 0.1476 0.9355
vn 0.2615 0.0830 0.9616
vn 0.1860 -0.0230 0.9823
vn 0.2220 -0.1521 0.9631
vn 0.2860 -0.0700 0.9557
vn 0.3467 0.0129 0.9379
vn 0.4322 0.0714 0.8989
vn 0.3696 0.1418 0.9183
vn 0.3533 0.1727 0.9194
vn 0.3793 0.2110 0.9009
vn -0.5918 -0.2366 -0.7706
vn -0.5841 -0.2721 -0.7647
vn -0.5315 -0.4207 -0.7352
vn -0.6769 -0.5095 -0.5312
vn -0.7476 -0.5492 -0.3734
vn -0.8484 -0.3238 -0.4187
vn -0.7638 -0.2960 -0.5736
vn 0.7228 0.6902 0.0355
vn 0.6845 0.7284 0.0316
vn 0.6839 0.7278 0.0509
vn 0.9374 0.3476 0.0195
vn 0.9276 0.3729 0.0207
vn 0.9272 0.3726 0.0390
vn 0.9136 -0.4046 -0.0408
vn 0.7780 -0.6282 -0.0053
vn 0.9125 -0.4085 -0.0223
vn -0.2633 0.9647 -0.0046
vn -0.4582 0.8889 -0.0023
vn -0.4557 0.8639 -0.2145
vn -0.4515 0.8426 -0.2934
vn -0.2580 0.9178 -0.3019
vn 0.9285 -0.3673 0.0544
vn 0.9292 -0.3654 0.0554
vn 0.8806 -0.4705 -0.0564
vn 0.9347 -0.3543 0.0293
vn 0.6742 0.7385 0.0127
vn -0.0071 -0.9921 0.1251
vn 0.5947 0.8039 0.0094
vn 0.5932 0.8049 0.0166
vn 0.6642 -0.5385 -0.5184
vn 0.6993 -0.4941 -0.5166
vn 0.6275 -0.5089 -0.5893
vn 0.5850 -0.5545 -0.5918
vn 0.1876 -0.5862 -0.7882
vn 0.1416 -0.4852 -0.8629
vn 0.2279 -0.4637 -0.8562
vn 0.3080 -0.6328 -0.7104
vn 0.2190 -0.6564 -0.7219
vn -0.5243 -0.6525 0.5471
vn -0.5351 -0.7244 0.4347
vn -0.4148 -0.7846 0.4609
vn 0.3309 -0.8498 0.4104
vn 0.1747 -0.9538 0.2443
vn 0.2775 -0.9332 0.2283
vn 0.3765 -0.9023 0.2100
vn 0.4102 -0.8482 0.3350
vn 0.3150 -0.8761 0.3650
vn -0.0183 0.4248 0.9051
vn -0.0288 0.5547 0.8315
vn -0.0119 0.2923 0.9562
vn 0.7534 0.3663 0.5461
vn 0.7818 0.2954 0.5492
vn 0.6845 0.3948 0.6128
vn 0.2123 -0.3893 -0.8963
vn 0.2914 -0.3420 -0.8934
vn 0.2893 -0.4248 -0.8578
vn 0.3644 -0.3883 -0.8464
vn 0.3537 -0.4491 -0.8205
vn 0.3407 -0.5025 -0.7946
vn 0.2019 -0.5442 -0.8143
vn 0.2001 -0.5583 -0.8051
vn -0.0113 -0.5938 -0.8045
vn -0.0285 -0.5278 -0.8489
vn -0.0372 -0.4952 -0.8680
vn -0.0453 -0.4689 -0.8821
vn 0.3420 -0.9397 -0.0000
vn 0.4105 -0.9093 -0.0684
vn 0.4106 -0.9092 -0.0684
vn -0.1643 0.1228 0.9787
vn -0.1728 0.1083 0.9790
vn -0.1723 0.0980 0.9802
vn -0.1568 0.1033 0.9822
vn -0.1567 0.1035 0.9822
vn -0.1550 0.1129 0.9814
vn -0.1557 0.1187 0.9806
vn -0.1539 0.1214 0.9806
vn -0.1513 0.1260 0.9804
vn -0.1504 0.1258 0.9806
vn -0.1500 0.1200 0.9814
vn -0.1498 0.1118 0.9824
vn -0.1515 0.1005 0.9833
vn -0.1308 0.1212 0.9840
vn -0.1381 0.1469 0.9795
vn -0.1431 0.1509 0.9781
vn -0.1533 0.1378 0.9785
vn 0.0071 0.5482 0.8363
vn -0.0463 0.5084 0.8599
vn -0.0223 0.5238 0.8516
vn -0.0536 0.4700 0.8810
vn -0.0201 0.5442 0.8387
vn -0.0403 0.4629 0.8855
vn -0.0258 0.4970 0.8674
vn -0.0200 0.5633 0.8260
vn -0.0131 0.6325 0.7744
vn 0.0400 0.5884 0.8076
vn 0.6286 -0.7444 0.2251
vn 0.6037 -0.7377 0.3022
vn 0.6213 -0.7501 0.2265
vn 0.0129 -0.3697 -0.9291
vn 0.1128 -0.3619 -0.9254
vn 0.1151 -0.2364 -0.9648
vn 0.8276 -0.0178 0.5610
vn 0.8321 0.0131 0.5544
vn 0.8688 -0.0207 0.4947
vn 0.8648 -0.0443 0.5001
vn -0.9819 0.1652 0.0928
vn -0.9134 0.4017 0.0658
vn -0.9135 0.4014 0.0658
vn -0.9796 0.1788 0.0915
vn 0.7832 -0.2428 0.5723
vn 0.8110 -0.1440 0.5671
vn 0.7416 -0.2118 0.6365
vn 0.6624 -0.2675 0.6997
vn -0.5742 -0.2033 0.7931
vn -0.3937 -0.1437 0.9079
vn -0.3391 -0.0426 0.9398
vn -0.3394 0.0186 0.9405
vn 0.9686 -0.2375 0.0733
vn 0.9768 -0.1840 0.1096
vn 0.9719 -0.2011 0.1222
vn 0.9781 -0.1406 0.1538
vn 0.9809 -0.0730 0.1804
vn 0.9763 -0.0178 0.2156
vn 0.9983 -0.0582 -0.0000
vn 0.9923 -0.1131 0.0509
vn 0.9966 0.0662 0.0495
vn 0.9971 -0.0340 0.0681
vn 0.9882 -0.1355 0.0716
vn 0.9815 -0.1657 0.0959
vn 0.9792 -0.1751 0.1026
vn 0.3446 0.8386 -0.4219
vn 0.2008 0.8291 -0.5218
vn 0.1173 0.9233 -0.3656
vn 0.1837 0.9291 -0.3210
vn -0.6038 0.6133 0.5092
vn -0.6516 0.6464 0.3970
vn 0.9246 -0.3766 -0.0573
vn 0.9182 -0.3728 -0.1342
vn 0.8973 -0.3959 -0.1953
vn 0.9157 -0.3801 -0.1304
vn -0.9941 0.0399 -0.1012
vn -0.9735 0.2107 -0.0885
vn -0.9657 0.2452 -0.0849
vn -0.9947 -0.0018 -0.1031
vn 0.8862 -0.4362 0.1559
vn 0.8117 -0.5322 0.2408
vn 0.9241 -0.3610 0.1256
vn 0.9269 -0.3614 0.1016
vn 0.8897 -0.4389 0.1260
vn -0.0987 0.3144 0.9442
vn 0.7818 0.4206 0.4603
vn 0.6732 0.4982 0.5464
vn 0.5859 0.5256 0.6168
vn 0.8327 -0.4434 -0.3317
vn 0.8274 -0.4595 -0.3230
vn 0.8635 -0.4166 -0.2844
vn 0.8630 -0.4159 -0.2868
vn 0.4974 0.2138 -0.8407
vn 0.4996 0.2844 -0.8183
vn 0.5642 0.1874 -0.8040
vn 0.5460 -0.5178 -0.6586
vn 0.5861 -0.4756 -0.6560
vn 0.4989 -0.4726 -0.7265
vn 0.4172 -0.4701 -0.7778
vn -0.0000 -1.0000 -0.0000
vn -0.0000 -0.9511 0.3090
vn -0.0000 -0.9781 0.2079
vn -0.0000 -0.9945 0.1046
vn -0.0000 -1.0000 0.0001
vn -0.7106 0.7036 0.0023
vn -0.4583 0.8888 -0.0017
vn -0.4582 0.8888 -0.0008
vn -0.8866 -0.4625 0.0037
vn -0.7828 -0.6223 -0.0015
vn -0.7701 -0.6379 -0.0020
vn -0.7562 -0.6543 -0.0026
vn -0.8954 -0.4452 0.0040
vn 0.9121 -0.3645 0.1879
vn 0.9251 -0.3583 0.1259
vn 0.9160 -0.3859 0.1092
vn 0.9136 -0.3922 0.1068
vn 0.9014 -0.4245 0.0854
vn 0.8804 -0.4552 0.1333
vn 0.8582 -0.4791 0.1842
vn 0.8624 -0.4687 0.1912
vn 0.8665 -0.4581 0.1982
vn 0.8815 -0.4154 0.2244
vn 0.9011 -0.3992 0.1690
vn 0.9039 -0.3910 0.1736
vn 0.8882 -0.3961 0.2326
vn 0.8954 -0.3691 0.2491
vn 0.9948 -0.0771 -0.0668
vn 0.9977 -0.0624 -0.0255
vn 0.9989 -0.0466 -0.0026
vn 0.9994 -0.0344 0.0045
vn 0.9995 -0.0321 0.0030
vn 0.9995 -0.0315 -0.0046
vn 0.9989 -0.0473 0.0031
vn 0.9976 -0.0630 0.0271
vn 0.9965 -0.0698 0.0460
vn 0.9994 -0.0320 0.0102
vn 0.9945 -0.0772 0.0706
vn 0.9918 -0.0984 0.0814
vn 0.9995 -0.0052 -0.0312
vn 0.9998 -0.0114 -0.0136
vn 0.9999 -0.0136 -0.0093
vn 0.9999 -0.0107 -0.0084
vn 1.0000 -0.0031 -0.0063
vn 1.0000 -0.0045 0.0081
vn 0.9999 -0.0101 0.0091
vn 0.9999 -0.0106 0.0134
vn 0.9994 -0.0041 0.0340
vn 0.9923 -0.0512 0.1124
vn 0.9723 -0.2292 0.0465
vn 0.9759 -0.2066 0.0705
vn 0.9350 -0.3389 0.1043
vn 0.9791 -0.2000 -0.0358
vn 0.8493 0.5170 0.1068
vn 0.8031 0.5907 0.0782
vn 0.7508 0.6591 0.0429
vn 0.8117 0.5826 0.0412
vn 0.8578 0.5089 0.0727
vn 0.8890 0.4331 0.1486
vn -0.0000 -0.5878 -0.8090
vn -0.0000 -0.3090 -0.9511
vn -0.9425 -0.0038 0.3342
vn -0.9476 -0.0065 0.3195
vn -0.8856 0.0292 0.4635
vn -0.8786 0.0329 0.4764
vn 0.2885 0.3702 0.8830
vn 0.3842 0.2922 0.8758
vn 0.3509 0.4598 0.8157
vn 0.4276 0.4598 0.7783
vn 0.3620 0.6282 0.6887
vn 0.1676 0.3724 0.9128
vn -0.2050 0.9437 0.2597
vn -0.4465 0.8339 0.3244
vn -0.3587 0.7946 0.4898
vn -0.3420 0.7456 0.5719
vn -0.2549 0.8757 0.4101
vn -0.1647 0.9332 0.3193
vn -0.1951 0.9223 0.3335
vn -0.2670 -0.6002 -0.7539
vn -0.3520 -0.5934 -0.7238
vn -0.3452 -0.6151 -0.7088
vn -0.4282 -0.6019 -0.6741
vn -0.4119 -0.6586 -0.6298
vn -0.5718 -0.6071 -0.5517
vn -0.5960 -0.5535 -0.5817
vn -0.6256 -0.4803 -0.6148
vn -0.5568 -0.4965 -0.6659
vn -0.5846 -0.3896 -0.7116
vn -0.4295 -0.3959 -0.8117
vn -0.4042 -0.4648 -0.7878
vn -0.3204 -0.4629 -0.8265
vn -0.2904 -0.5325 -0.7950
vn -0.0360 0.3190 0.9471
vn 0.1228 0.2895 0.9493
vn 0.1244 0.3514 0.9279
vn 0.2797 0.3242 0.9037
vn 0.2811 0.4540 0.8455
vn -0.0282 0.4807 0.8764
vn 0.1396 0.8154 -0.5618
vn 0.2373 0.8073 -0.5404
vn 0.3186 0.7957 -0.5152
vn 0.3523 0.8152 -0.4597
vn 0.2438 0.8205 -0.5170
vn 0.2562 0.8400 -0.4784
vn 0.2874 0.8707 -0.3991
vn 0.8206 0.4775 0.3141
vn 0.8898 0.3926 0.2326
vn 0.9071 0.3928 0.1511
vn 0.9569 0.2485 0.1504
vn -0.7237 0.1260 -0.6785
vn -0.7380 0.1166 -0.6647
vn -0.5710 0.2228 -0.7901
vn -0.5505 0.2373 -0.8004
vn -0.1407 0.7001 0.7000
vn -0.0400 0.7928 0.6081
vn 0.7589 0.5748 0.3060
vn 0.9814 -0.1921 0.0016
vn 0.9822 -0.1878 -0.0004
vn 0.9822 -0.1878 -0.0008
vn 0.9797 -0.2001 -0.0068
vn 0.9793 -0.2001 -0.0295
vn 0.9784 -0.2014 -0.0458
vn 0.9582 -0.2824 -0.0461
vn 0.9588 -0.2824 -0.0319
vn 0.9593 -0.2821 -0.0113
vn 0.9609 -0.2768 -0.0051
vn 0.9631 -0.2690 -0.0009
vn 0.9368 -0.3499 0.0027
vn 0.9630 -0.2693 -0.0000
vn 0.9630 -0.2696 0.0017
vn 0.9617 -0.2741 0.0036
vn 0.9607 -0.2776 0.0057
vn 0.9329 -0.3599 0.0133
vn 0.9320 -0.3620 0.0183
vn 0.9573 -0.2884 0.0209
vn 0.9800 -0.1991 0.0051
vn 0.9104 0.0030 -0.4136
vn 0.8868 -0.0658 -0.4574
vn 0.8675 -0.1113 -0.4848
vn 0.8450 -0.1577 -0.5110
vn 0.9425 -0.2399 -0.2328
vn 0.9226 -0.1957 -0.3325
vn 0.8892 -0.1401 -0.4355
vn 0.8966 -0.1239 -0.4252
vn 0.9669 -0.0589 -0.2483
vn 0.8399 -0.5345 -0.0941
vn 0.7428 -0.6643 -0.0832
vn 0.7304 -0.6626 -0.1658
vn 0.7780 -0.6044 -0.1718
vn 0.8239 -0.5387 -0.1760
vn 0.8662 -0.4668 -0.1781
vn 0.8859 -0.4284 -0.1778
vn -0.0000 -0.3090 0.9511
vn -0.0000 -0.5878 0.8090
vn -0.9005 0.2598 0.3488
vn -0.7930 0.4321 0.4295
vn -0.8256 0.4498 0.3407
vn 0.9362 -0.3268 0.1292
vn 0.9388 -0.3205 0.1259
vn 0.9418 -0.3337 0.0410
vn 0.9899 -0.1316 -0.0517
vn 0.9816 -0.1897 -0.0201
vn 0.9988 -0.0009 0.0492
vn 0.9953 -0.0497 0.0834
vn 0.9734 -0.2086 -0.0948
vn 0.5535 0.6828 0.4769
vn 0.5841 0.6663 0.4635
vn 0.6038 0.6723 0.4283
vn 0.5599 0.6967 0.4485
vn 0.1417 -0.9899 -0.0073
vn 0.4391 -0.8964 -0.0609
vn 0.4207 -0.8636 0.2778
vn 0.2303 -0.9222 0.3106
vn 0.1311 -0.9376 0.3221
vn 0.7071 0.7032 0.0739
vn 0.7071 0.7071 0.0001
vn 0.7071 0.7032 0.0740
vn 0.7072 0.6459 0.2875
vn 0.7072 0.6459 0.2876
vn -0.0000 -0.2079 -0.9782
vn -0.0000 -0.1046 -0.9945
vn -0.0000 -0.0001 -1.0000
vn -0.0000 0.5878 -0.8090
vn -0.0000 0.8090 -0.5878
vn -0.0000 0.8661 -0.5000
vn -0.0000 0.9135 -0.4068
vn -0.0000 0.9511 -0.3090
vn 0.5524 0.0050 -0.8336
vn 0.5517 0.0589 -0.8320
vn 0.5450 0.0957 -0.8330
vn 0.5335 0.1389 -0.8343
vn 0.4750 0.0896 -0.8754
vn 0.4738 0.0078 -0.8806
vn 0.4119 -0.0038 -0.9112
vn 0.4205 -0.0161 -0.9072
vn 0.4687 -0.0392 -0.8825
vn 0.4589 -0.0601 -0.8865
vn 0.5273 -0.0709 -0.8467
vn 0.5365 -0.0469 -0.8426
vn -0.0000 1.0000 -0.0000
vn 0.1237 -0.9160 -0.3816
vn 0.4114 -0.8456 -0.3401
vn 0.4368 -0.8937 -0.1022
vn 0.1426 -0.9780 -0.1525
vn 0.1342 -0.9474 -0.2905
vn -0.0000 0.9782 -0.2079
vn -0.0000 0.9945 -0.1046
vn -0.0000 1.0000 -0.0001
vn 0.7872 -0.5838 -0.1986
vn 0.7687 -0.6290 -0.1157
vn 0.7017 -0.7038 -0.1111
vn 0.8052 -0.4705 -0.3610
vn 0.8107 -0.4522 -0.3718
vn 0.7545 -0.3944 -0.5246
vn 0.7363 -0.4723 -0.4846
vn 0.7215 -0.5201 -0.4571
vn 0.6954 -0.5878 -0.4134
vn 0.6635 -0.6527 -0.3658
vn 0.6090 -0.7373 -0.2924
vn 0.6654 -0.6999 -0.2596
vn 0.7012 -0.6743 -0.2315
vn 0.7665 -0.6136 -0.1898
vn 0.7832 -0.5839 -0.2138
vn 0.8744 -0.4103 -0.2589
vn 0.8425 -0.4380 -0.3135
vn 0.8302 -0.4608 -0.3138
vn 0.7758 -0.5364 -0.3322
vn 0.7154 -0.5923 -0.3706
vn 0.7777 -0.5962 -0.1992
vn 0.7964 -0.5825 -0.1625
vn 0.7433 -0.6490 -0.1624
vn 0.7402 -0.6426 -0.1980
vn 0.6782 -0.7067 -0.2015
vn 0.6940 -0.7136 -0.0950
vn 0.6982 -0.7132 -0.0616
vn -0.0136 0.6284 0.7778
vn -0.0233 0.5253 0.8506
vn -0.0182 0.5742 0.8185
vn -0.0235 0.4988 0.8664
vn -0.0242 0.5458 0.8376
vn -0.0231 0.7045 0.7093
vn -0.0059 0.6886 0.7251
vn 0.7071 0.2876 -0.6460
vn 0.7072 0.2875 -0.6459
vn -0.2191 0.8981 0.3813
vn 0.0144 0.8354 0.5494
vn -0.0088 0.8383 0.5451
vn 0.0036 0.8418 0.5398
vn 0.0057 0.8529 0.5221
vn -0.0223 0.8634 0.5040
vn -0.0112 0.9374 0.3481
vn -0.0812 0.9336 0.3491
vn -0.1500 0.9269 0.3440
vn -0.1573 0.9456 0.2848
vn -0.2322 0.9321 0.2780
vn -0.3054 0.9133 0.2695
vn -0.2865 0.9001 0.3283
vn -0.3521 0.8800 0.3187
vn -0.3303 0.8676 0.3716
vn -0.3898 0.8474 0.3605
vn -0.3423 0.8456 0.4097
vn -0.3367 0.8534 0.3978
vn -0.4028 0.8323 0.3808
vn -0.2817 0.8896 0.3596
vn -0.2533 0.9010 0.3522
vn -0.2198 0.8982 0.3806
vn -0.0000 0.5878 0.8090
vn -0.9779 -0.1144 -0.1752
vn -0.9187 -0.1073 -0.3800
vn -0.8950 -0.2330 -0.3803
vn -0.0000 -0.1046 0.9945
vn -0.0000 -0.2079 0.9781
vn -0.0000 -0.0001 1.0000
vn 0.7072 -0.5720 0.4155
vn 0.7072 -0.4731 0.5255
vn 0.7072 -0.4730 0.5255
vn -0.4658 -0.7244 -0.5082
vn -0.4026 -0.7525 -0.5212
vn -0.4181 -0.7915 -0.4458
vn -0.4381 -0.8254 -0.3561
vn -0.5543 -0.7624 -0.3339
vn -0.5267 -0.6926 -0.4928
vn 0.7071 -0.7032 -0.0739
vn 0.7071 -0.7071 -0.0001
vn 0.7071 -0.7032 -0.0740
vn 0.7072 -0.6459 -0.2875
vn 0.7072 -0.6459 -0.2876
vn -0.0000 -1.0000 -0.0003
vn 1.0000 -0.0000 -0.0000
vn -0.4695 0.2247 0.8539
vn -0.5055 0.1025 0.8567
vn -0.5018 0.0958 0.8597
vn -0.4170 0.0802 0.9054
vn -0.5065 0.0966 0.8568
vn -0.5098 0.0700 0.8574
vn -0.5133 -0.0239 0.8579
vn -0.4968 -0.1307 0.8580
vn -0.3163 -0.0839 0.9450
vn -0.3269 -0.0200 0.9449
vn -0.3249 0.0452 0.9447
vn -0.2931 0.1585 0.9429
vn -0.3768 0.2051 0.9033
vn -0.4268 0.2938 0.8553
vn -0.6113 0.7905 -0.0363
vn -0.6048 0.7807 0.1573
vn -0.6157 0.7730 0.1527
vn -0.6283 0.7668 0.1317
vn -0.6414 0.7616 0.0927
vn -0.6527 0.7576 -0.0085
vn -0.4898 0.8718 -0.0070
vn -0.4922 0.8704 -0.0119
vn -0.4984 0.8668 -0.0162
vn -0.5142 0.8574 -0.0223
vn -0.5368 0.8433 -0.0279
vn -0.5637 0.8254 -0.0322
vn -0.5923 0.8049 -0.0351
vn 0.7476 0.6184 0.2423
vn 0.7307 0.6235 0.2782
vn 0.6728 0.6883 0.2713
vn 0.6404 -0.7644 -0.0746
vn 0.7777 -0.6277 -0.0338
vn 0.7027 -0.7109 -0.0291
vn 0.6916 -0.7164 -0.0919
vn 0.5909 -0.7618 -0.2654
vn 0.1857 0.9015 -0.3910
vn 0.1672 0.8791 -0.4463
vn 0.2207 0.8987 -0.3789
vn -0.5810 -0.8114 0.0637
vn -0.5922 -0.8031 0.0655
vn 0.7040 -0.5195 0.4842
vn 0.6588 0.6894 -0.3012
vn 0.6930 0.6822 -0.2329
vn 0.7232 0.6520 -0.2277
vn 0.7699 0.6003 -0.2164
vn 0.2582 -0.9660 -0.0154
vn 0.2573 -0.9648 -0.0541
vn 0.2573 -0.9658 -0.0330
vn 0.7937 -0.6073 -0.0349
vn 0.7954 -0.5954 -0.1136
vn 0.8474 -0.4966 -0.1878
vn 0.8771 -0.4634 -0.1260
vn 0.8836 0.4040 0.2369
vn 0.8742 0.3586 0.3273
vn 0.8944 0.2909 0.3397
vn 0.9730 0.2308 -0.0000
vn 0.8661 0.4998 -0.0000
vn 0.9866 0.1572 -0.0426
vn -0.0020 0.9832 -0.1827
vn -0.0277 0.9437 -0.3297
vn -0.0062 0.9547 -0.2974
vn 0.0085 0.9830 -0.1834
vn -0.8990 0.1248 0.4199
vn -0.9011 0.1197 0.4167
vn -0.8494 0.3412 0.4026
vn -0.8619 0.3010 0.4081
vn 0.1197 -0.4631 -0.8782
vn 0.1138 -0.3919 -0.9129
vn 0.1135 -0.3880 -0.9146
vn 0.7071 0.0739 -0.7032
vn 0.7071 0.0001 -0.7071
vn 0.7071 0.0740 -0.7032
vn 0.3097 0.0886 -0.9467
vn 0.3126 0.1040 -0.9442
vn 0.3185 0.0982 -0.9428
vn 0.2861 0.9403 -0.1846
vn 0.1869 0.9025 -0.3880
vn 0.2609 0.9255 -0.2745
vn 0.1768 0.8846 -0.4315
vn 0.2307 0.9221 -0.3108
vn 0.5779 0.8134 0.0662
vn 0.7936 0.6009 0.0954
vn 0.6032 0.7903 -0.1077
vn 0.7519 -0.4287 0.5008
vn -0.6360 -0.7716 0.0124
vn 0.2413 -0.9696 -0.0413
vn 0.9094 -0.3983 -0.1197
vn 0.9267 -0.3711 -0.0600
vn 0.9072 -0.4044 -0.1159
vn 0.9049 -0.4104 -0.1127
vn 0.8814 -0.4415 -0.1679
vn 0.8588 -0.4956 -0.1298
vn 0.8717 -0.4831 -0.0825
vn 0.9137 -0.4048 -0.0362
vn 0.8434 -0.5372 -0.0001
vn 0.9396 -0.3422 -0.0000
vn 0.9201 -0.3914 -0.0179
vn 0.9398 -0.3418 -0.0000
vn 0.9176 -0.3950 -0.0447
vn 0.8880 -0.4523 -0.0824
vn 0.9335 -0.3584 -0.0085
vn 0.1802 0.5051 -0.8440
vn 0.1136 0.6097 -0.7845
vn 0.1953 0.4035 -0.8939
vn 0.2748 0.2824 -0.9191
vn 0.2526 0.3459 -0.9036
vn 0.9976 0.0666 -0.0164
vn 0.9991 0.0136 -0.0395
vn 0.9913 0.1080 -0.0747
vn 0.5047 0.8091 -0.3009
vn 0.0624 -0.9861 0.1539
vn 0.3046 -0.9374 0.1689
vn 0.2962 -0.9402 0.1681
vn 0.0661 -0.9859 0.1540
vn 0.9927 0.0501 -0.1098
vn 0.9991 0.0129 -0.0414
vn 0.9965 -0.0376 -0.0747
vn 0.0331 -0.9534 -0.2999
vn 0.0362 -0.9651 -0.2592
vn -0.1669 -0.9476 -0.2725
vn -0.1750 -0.9044 -0.3891
vn -0.1976 -0.8197 -0.5377
vn -0.1019 -0.8302 -0.5481
vn -0.1084 -0.8100 -0.5763
vn -0.0125 -0.8125 -0.5829
vn -0.0053 -0.8330 -0.5532
vn 0.0913 -0.8281 -0.5531
vn 0.6294 0.7771 0.0041
vn 0.7013 0.7128 -0.0018
vn 0.7017 0.7125 -0.0024
vn 0.7656 0.6433 -0.0027
vn 0.6858 0.7268 -0.0386
vn 0.5223 0.8046 -0.2824
vn 0.7708 -0.5878 0.2459
vn 0.9518 0.2779 0.1300
vn 0.9588 0.2187 0.1811
vn 0.9366 0.2874 0.2003
vn 0.8859 0.4389 -0.1500
vn 0.8271 0.5211 -0.2109
vn 0.7655 0.6022 -0.2265
vn -0.3778 0.2743 -0.8843
vn -0.3412 0.2234 -0.9131
vn -0.5298 0.3576 -0.7690
vn -0.4495 0.4213 -0.7877
vn -0.2359 0.2918 -0.9269
vn -0.2539 0.3026 -0.9187
vn -0.9911 0.1327 0.0083
vn -0.9926 0.1209 -0.0138
vn -0.9748 0.2207 -0.0335
vn 0.7658 0.6431 -0.0027
vn -0.0653 -0.9935 0.0928
vn 0.8239 0.5667 -0.0022
vn -0.4374 0.7819 -0.4443
vn -0.4285 0.7420 -0.5156
vn -0.5185 0.6938 -0.4998
vn -0.2121 0.7159 -0.6653
vn -0.2448 0.8551 -0.4570
vn 0.4497 0.8569 -0.2521
vn -0.7202 -0.6937 0.0094
vn 0.8799 0.4339 -0.1938
vn 0.8784 0.4342 -0.1998
vn 0.5334 -0.5620 0.6322
vn 0.4986 -0.5195 0.6939
vn 0.4761 -0.5464 0.6891
vn 0.7787 0.4910 -0.3905
vn 0.7446 0.4799 -0.4640
vn -0.3059 -0.7046 -0.6403
vn -0.3806 -0.6374 -0.6699
vn -0.3669 -0.6754 -0.6397
vn -0.4283 -0.6645 -0.6124
vn -0.4352 -0.6611 -0.6112
vn -0.4021 -0.7906 -0.4618
vn -0.8974 0.4411 0.0059
vn -0.9081 0.4185 -0.0153
vn 0.7085 -0.7055 0.0143
vn 0.4080 -0.6609 0.6299
vn 0.4936 -0.6783 0.5443
vn 0.5655 -0.7176 0.4066
vn 0.5142 -0.7752 0.3669
vn 0.4354 -0.8152 0.3818
vn 0.3435 -0.8458 0.4082
vn 0.6600 0.7411 -0.1230
vn 0.6758 0.7337 -0.0701
vn 0.9986 0.0429 -0.0301
vn 0.9982 -0.0557 -0.0220
vn 0.9981 -0.0607 -0.0064
vn 0.9896 0.1393 -0.0357
vn 0.9993 0.0371 -0.0097
vn 0.5559 -0.5175 0.6505
vn 0.5493 -0.4616 0.6966
vn 0.5420 -0.3990 0.7396
vn 0.6159 -0.3775 0.6915
vn 0.6223 -0.4351 0.6507
vn 0.6345 -0.5325 0.5603
vn 0.5344 -0.8206 0.2024
vn 0.5269 -0.8276 0.1937
vn 0.4105 -0.9093 0.0684
vn 0.9993 0.0370 -0.0097
vn 0.9982 -0.0595 -0.0077
vn 0.9981 -0.0615 0.0017
vn 0.9126 0.4086 -0.0130
vn 0.9577 0.2874 -0.0127
vn 0.9486 0.3163 0.0046
vn 0.2347 -0.3225 0.9170
vn 0.2326 -0.3282 0.9155
vn 0.2907 -0.3739 0.8807
vn 0.3010 -0.3621 0.8822
vn 0.8582 -0.4791 0.1844
vn 0.8535 -0.4899 0.1774
vn 0.8492 -0.5002 0.1694
vn 0.8178 -0.5358 0.2102
vn 0.7837 -0.5683 0.2507
vn 0.7911 -0.5528 0.2620
vn 0.7551 -0.5813 0.3031
vn 0.7709 -0.5459 0.3281
vn 0.8375 -0.4264 0.3418
vn 0.8586 -0.4303 0.2787
vn 0.8792 -0.3555 0.3171
vn 0.8938 -0.3728 0.2490
vn 0.8957 -0.4152 0.1594
vn 0.8897 -0.4315 0.1492
vn -0.3602 0.7170 -0.5968
vn 0.6959 0.7181 0.0067
vn 0.7614 0.6482 0.0064
vn 0.7658 0.6431 0.0016
vn 0.5959 0.8028 -0.0206
vn 0.7072 -0.5255 -0.4731
vn 0.7072 -0.5255 -0.4730
vn 0.7072 -0.4155 -0.5720
vn 0.7561 -0.3350 0.5622
vn 0.6838 -0.2194 -0.6959
vn 0.6444 -0.2070 -0.7361
vn -0.4537 0.2909 0.8423
vn -0.5088 0.0452 0.8597
vn -0.3855 0.1245 0.9143
vn -0.6695 -0.2017 -0.7149
vn 0.3729 0.6644 -0.6477
vn -0.5957 0.0914 0.7980
vn -0.5814 0.2803 0.7638
vn -0.9952 0.0923 0.0314
vn -0.6934 0.0148 0.7204
vn -0.5295 0.1154 0.8404
vn -0.5153 0.1151 0.8492
vn 0.3548 -0.3395 -0.8711
vn 0.3450 -0.3349 -0.8768
vn 0.3222 -0.3460 -0.8812
vn 0.2679 -0.3179 -0.9095
vn 0.3295 -0.3387 -0.8813
vn 0.2892 -0.3728 -0.8817
vn 0.3809 -0.3079 -0.8718
vn 0.7520 -0.4485 -0.4830
vn 0.1190 -0.1955 -0.9735
vn 0.1469 -0.2497 -0.9571
vn 0.1619 -0.0922 -0.9825
vn 0.2605 -0.0947 -0.9608
vn 0.2262 -0.1311 -0.9652
vn 0.2096 -0.1496 -0.9663
vn 0.1465 -0.2013 -0.9685
vn 0.1849 -0.2705 -0.9448
vn 0.1249 -0.2075 -0.9702
vn 0.1168 -0.2161 -0.9694
vn 0.1782 -0.2685 -0.9467
vn 0.1111 -0.2139 -0.9705
vn 0.1140 -0.2231 -0.9681
vn 0.1097 -0.2582 -0.9599
vn 0.1067 -0.3399 -0.9344
vn 0.1166 -0.4289 -0.8958
vn 0.2019 -0.3921 -0.8975
vn 0.1833 -0.4165 -0.8905
vn 0.3744 -0.3827 -0.8446
vn 0.6692 -0.4216 -0.6119
vn 0.8036 -0.3204 -0.5016
vn 0.8014 -0.4169 -0.4289
vn 0.7764 -0.4645 -0.4260
vn 0.7041 -0.5195 -0.4842
vn 0.4415 -0.6461 -0.6226
vn 0.2393 -0.6935 -0.6795
vn 0.0260 -0.7089 -0.7048
vn 0.4237 -0.4179 -0.8037
vn 0.4910 -0.3842 -0.7819
vn 0.5275 -0.4434 -0.7247
vn 0.5860 -0.4130 -0.6972
vn 0.5941 -0.3878 -0.7047
vn 0.6503 -0.3535 -0.6724
vn 0.9995 0.0320 -0.0015
vn 0.9980 -0.0636 -0.0009
vn 0.9819 0.1889 0.0112
vn 0.9995 0.0316 -0.0010
vn 0.9980 -0.0625 -0.0005
vn 0.9995 0.0327 -0.0013
vn 0.9978 0.0438 0.0506
vn 0.9795 0.2016 0.0006
vn -0.3044 0.7263 0.6163
vn 0.9160 0.4011 -0.0022
vn 0.7018 0.7124 -0.0024
vn 0.7137 -0.5845 -0.3859
vn 0.7012 -0.5362 -0.4699
vn 0.7727 -0.4820 -0.4129
vn 0.8346 -0.4276 -0.3472
vn 0.8379 -0.4705 -0.2768
vn 0.8675 -0.4387 -0.2345
vn 0.8737 0.4864 -0.0024
vn 0.6678 0.6278 -0.3999
vn 0.6750 0.6227 -0.3958
vn 0.6116 0.6517 -0.4486
vn 0.5824 0.6672 -0.4644
vn 0.9961 0.0299 -0.0826
vn 0.9590 0.2598 -0.1136
vn 0.9678 0.2509 -0.0190
vn 0.9939 -0.1095 0.0126
vn 0.9875 -0.1574 -0.0007
vn 0.9876 -0.1569 -0.0008
vn 0.9108 -0.4042 -0.0836
vn 0.8782 -0.4594 -0.1334
vn 0.8722 -0.4716 -0.1301
vn 0.8711 -0.4740 0.1287
vn 0.9039 -0.4198 0.0822
vn 0.8732 -0.4699 0.1295
vn 0.8796 -0.4564 0.1344
vn 0.8892 -0.4314 0.1521
vn 0.8656 -0.4479 0.2240
vn 0.9124 -0.3978 0.0964
vn 0.8816 -0.4466 0.1529
vn 0.8600 -0.4993 0.1051
vn 0.8529 -0.5166 0.0760
vn 0.9030 -0.4271 0.0470
vn 0.9012 -0.4317 0.0386
vn 0.9120 -0.4040 -0.0714
vn 0.8840 -0.4409 -0.1553
vn 0.8846 -0.4403 -0.1540
vn 0.9158 -0.3939 -0.0780
vn 0.9192 -0.3859 -0.0783
vn 0.6606 0.3040 -0.6865
vn 0.9616 0.2745 -0.0024
vn 0.9492 0.3147 -0.0025
vn 0.9981 -0.0624 -0.0012
vn 0.9019 0.4288 -0.0521
vn 0.9148 0.4039 -0.0028
vn 0.9141 0.4055 -0.0033
vn 0.6978 0.7163 -0.0037
vn -0.7915 -0.6112 0.0037
vn 0.7616 0.6481 -0.0041
vn 0.8202 0.5721 -0.0035
vn 0.8711 0.4911 -0.0037
vn 0.8706 0.4920 -0.0044
vn 0.5357 -0.6108 -0.5830
vn 0.7764 -0.4646 -0.4259
vn 0.7622 -0.6191 -0.1888
vn 0.5613 -0.6743 -0.4798
vn 0.3862 -0.7372 -0.5544
vn 0.3425 -0.6738 -0.6548
vn 0.9496 -0.3094 0.0497
vn 0.9506 -0.3065 0.0485
vn 0.9486 -0.3122 0.0517
vn 0.9123 0.4092 -0.0146
vn 0.9607 0.2777 -0.0034
vn 0.9485 0.3167 -0.0042
vn 0.9994 0.0350 -0.0028
vn 0.9981 -0.0616 -0.0015
vn 0.5373 -0.8434 -0.0001
vn 0.7602 -0.6451 -0.0768
vn 0.6661 -0.7441 -0.0516
vn 0.5588 -0.8193 -0.1283
vn 0.8705 0.4922 -0.0057
vn 0.9139 0.4060 -0.0048
vn 0.9140 0.4057 -0.0039
vn 0.5804 -0.8142 0.0173
vn 0.5845 -0.8113 0.0095
vn 0.5219 -0.8528 0.0193
vn 0.5071 -0.8615 0.0269
vn 0.6546 0.6900 0.3089
vn 0.6553 0.6466 0.3904
vn 0.5942 0.6925 0.4091
vn 0.6158 0.6922 0.3764
vn 0.5522 0.7451 0.3740
vn 0.5713 0.7482 0.3374
vn 0.9993 0.0361 0.0051
vn 0.9799 0.0731 -0.1854
vn 0.9982 -0.0576 0.0141
vn 0.9122 0.4096 0.0097
vn 0.9474 0.3198 0.0089
vn 0.9452 0.3250 0.0308
vn -0.1910 0.9650 0.1799
vn -0.0222 0.9927 0.1189
vn 0.8689 0.4949 0.0109
vn 0.8970 0.4400 0.0420
vn -0.9017 -0.4002 -0.1636
vn -0.9376 -0.3149 -0.1472
vn -0.8561 -0.4530 -0.2487
vn 0.8642 0.5018 0.0375
vn 0.7139 -0.5844 -0.3858
vn 0.7332 -0.5938 -0.3313
vn 0.6742 -0.6616 -0.3282
vn 0.6768 -0.6556 -0.3348
vn 0.5613 -0.6744 -0.4797
vn 0.6092 0.7916 0.0467
vn 0.6835 0.7286 0.0446
vn 0.6710 0.7364 0.0868
vn -0.1992 0.0952 -0.9753
vn -0.1796 0.0871 -0.9799
vn -0.1874 0.0557 -0.9807
vn -0.1921 0.0221 -0.9811
vn -0.1952 0.0053 -0.9807
vn -0.1995 -0.0156 -0.9798
vn -0.2011 -0.0454 -0.9785
vn -0.1948 -0.0639 -0.9788
vn -0.1871 -0.0861 -0.9786
vn -0.2183 -0.1104 -0.9696
vn -0.2104 -0.0549 -0.9761
vn -0.2003 0.0766 -0.9767
vn 0.9879 -0.1542 0.0194
vn 0.9687 -0.2481 0.0081
vn 0.9688 -0.2475 0.0147
vn 0.9422 0.3299 0.0585
vn 0.9815 0.1853 0.0487
vn 0.9666 0.2426 0.0826
vn -0.2996 0.0343 0.9534
vn -0.2981 0.0878 0.9505
vn -0.1990 0.0706 0.9774
vn -0.1995 0.1016 0.9746
vn -0.1930 0.1100 0.9750
vn 0.5128 0.8536 0.0919
vn 0.5947 0.7989 0.0898
vn 0.5772 0.8043 0.1410
vn 0.9465 0.3195 -0.0451
vn 0.9538 0.2921 -0.0703
vn 0.8558 0.4851 -0.1798
vn 0.8892 0.4403 -0.1241
vn 0.5719 0.6486 -0.5023
vn 0.6553 0.6304 -0.4161
vn 0.6551 0.6592 -0.3691
vn 0.6561 0.6823 -0.3225
vn 0.6582 0.6997 -0.2779
vn 0.7354 0.6295 -0.2507
vn 0.7331 0.6140 -0.2926
vn 0.6956 0.5662 -0.4423
vn 0.7893 0.6014 0.1236
vn 0.6174 -0.4365 -0.6544
vn 0.6554 -0.3802 -0.6526
vn 0.5695 -0.4016 -0.7172
vn 0.5404 -0.4364 -0.7194
vn 0.5103 -0.5515 -0.6599
vn 0.6607 -0.4670 -0.5877
vn 0.9838 0.1489 0.0994
vn 0.9986 0.0349 0.0400
vn 0.9930 0.0504 0.1067
vn 0.7118 0.6781 0.1831
vn 0.7796 0.6017 0.1737
vn 0.7651 0.6021 0.2284
vn 0.5567 0.8067 0.1982
vn 0.6378 0.7459 0.1919
vn 0.6181 0.7448 0.2515
vn 0.9686 -0.2469 0.0282
vn 0.9872 -0.1492 0.0562
vn 0.9873 -0.1490 0.0545
vn 0.7426 -0.1356 0.6559
vn 0.6925 -0.2834 0.6634
vn 0.6403 -0.2636 0.7215
vn 0.5690 -0.0842 0.8180
vn 0.6273 -0.1189 0.7696
vn 0.6336 -0.0902 0.7684
vn 0.9027 0.4297 -0.0206
vn 0.7947 -0.0032 0.6070
vn 0.8033 -0.0768 0.5906
vn 0.8007 -0.1041 0.5899
vn 0.7525 -0.0754 0.6542
vn 0.7500 -0.1000 0.6539
vn 0.8026 0.1389 0.5801
vn 0.9123 0.1307 0.3881
vn 0.9405 0.1402 0.3096
vn 0.8358 0.2434 0.4922
vn 0.9932 -0.1162 0.0075
vn 0.9795 -0.1999 0.0263
vn 0.9791 -0.2002 0.0351
vn 0.9931 -0.1164 0.0153
vn 0.9864 -0.1633 0.0204
vn 0.9872 -0.1492 -0.0560
vn -0.1261 -0.9918 -0.0222
vn -0.1308 -0.9914 -0.0082
vn -0.0758 -0.9971 -0.0101
vn -0.0758 -0.9971 -0.0107
vn 0.6365 -0.6975 0.3291
vn 0.6854 -0.6097 0.3981
vn 0.9955 -0.0497 0.0801
vn 0.9873 -0.1489 0.0545
vn 0.9871 -0.0559 0.1500
vn 0.9968 -0.0500 0.0616
vn 0.7795 0.6018 0.1738
vn 0.7147 0.6760 0.1795
vn 0.7276 0.6735 0.1305
vn 0.9700 0.2374 0.0522
vn 0.9415 0.3316 0.0599
vn 0.9900 -0.0846 0.1133
vn 0.9880 -0.1542 0.0094
vn 0.7507 0.6593 0.0428
vn 0.9589 0.2836 0.0087
vn 0.9195 0.3929 -0.0124
vn 0.4711 0.3680 -0.8017
vn 0.4761 0.4301 -0.7670
vn 0.4935 0.2723 -0.8261
vn 0.3233 0.2758 -0.9052
vn 0.3071 0.3698 -0.8769
vn 0.4436 0.4599 -0.7692
vn 0.9138 0.4062 -0.0049
vn 0.8521 0.5214 0.0450
vn 0.9994 0.0334 -0.0038
vn 0.9793 0.2024 0.0083
vn 0.9144 0.4048 -0.0059
vn 0.6974 0.7147 0.0522
vn 0.8712 0.4910 -0.0037
vn -0.7916 -0.6110 0.0037
vn 0.8212 0.5706 -0.0033
vn 0.9147 0.4041 -0.0018
vn 0.9156 0.4021 -0.0031
vn 0.8738 0.4863 -0.0024
vn 0.9907 0.1358 -0.0000
vn 0.9998 0.0206 -0.0000
vn 0.9983 -0.0586 -0.0000
vn 0.7708 0.6370 0.0055
vn 0.7241 0.1271 -0.6779
vn 0.7156 0.1667 -0.6784
vn 0.7634 0.6018 -0.2346
vn 0.6962 0.6767 -0.2396
vn 0.9996 0.0296 -0.0033
vn 0.9995 0.0315 -0.0004
vn 0.7981 0.6023 0.0188
vn 0.8230 0.5680 0.0004
vn 0.7653 0.6437 0.0004
vn 0.2519 0.9640 0.0850
vn 0.9991 -0.0318 0.0291
vn 0.9882 -0.1504 0.0292
vn 0.9955 0.0493 0.0809
vn 0.9973 0.0468 0.0569
vn 0.6983 0.7158 0.0083
vn 0.9769 -0.0161 -0.2129
vn 0.9682 0.0398 -0.2471
vn 0.9993 0.0358 0.0050
vn 0.7443 0.6644 -0.0675
vn 0.9987 0.0437 -0.0266
vn 0.5812 0.8036 -0.1280
vn 0.5608 0.8067 -0.1863
vn -0.5537 -0.8252 0.1117
vn -0.2716 -0.9602 0.0646
vn 0.5361 0.8061 -0.2505
vn 0.5902 0.7632 -0.2630
vn 0.9845 0.1482 -0.0934
vn 0.9808 0.1495 -0.1252
vn 0.9935 0.0503 -0.1018
vn 0.8860 -0.3225 0.3332
vn 0.7698 -0.2802 0.5735
vn 0.8563 -0.3061 0.4161
vn 0.7952 0.4587 -0.3966
vn 0.8329 0.3792 -0.4031
vn 0.8577 0.3969 -0.3268
vn 0.8179 0.4796 -0.3179
vn 0.7733 0.5538 -0.3087
vn 0.7224 0.6233 -0.2994
vn 0.7063 0.5943 -0.3846
vn 0.7533 0.5294 -0.3902
vn -0.8100 -0.5292 0.2528
vn -0.8557 -0.4517 0.2527
vn -0.8631 -0.4574 0.2140
vn -0.9020 -0.3759 0.2122
vn -0.8944 -0.3704 0.2505
vn 0.4397 -0.8959 0.0639
vn 0.1422 -0.9898 0.0100
vn -0.3173 -0.2749 -0.9076
vn -0.2742 -0.3825 -0.8823
vn -0.3528 -0.3906 -0.8503
vn -0.6462 -0.3539 -0.6762
vn -0.5866 -0.3814 -0.7144
vn -0.4103 -0.1308 -0.9025
vn -0.3910 -0.0335 0.9198
vn -0.3731 -0.2228 0.9006
vn -0.5034 -0.0103 0.8640
vn -0.5402 0.0614 0.8393
vn -0.4455 0.1247 0.8866
vn -0.4046 0.0560 0.9128
vn -0.4337 0.0363 0.9003
vn 0.8801 -0.2011 0.4300
vn 0.7426 0.1700 0.6478
vn 0.7679 -0.1139 0.6303
vn 0.8405 0.4778 0.2553
vn 0.8551 0.4599 0.2392
vn 0.8645 0.4449 0.2336
vn 0.5386 -0.8093 -0.2344
vn 0.5924 -0.7379 -0.3233
vn 0.5846 -0.7173 -0.3791
vn 0.5176 -0.7860 -0.3380
vn 0.4503 -0.8392 -0.3050
vn 0.3887 -0.8918 -0.2314
vn 0.4676 -0.8560 -0.2206
vn -0.4225 -0.8196 0.3870
vn -0.5644 -0.7624 0.3165
vn -0.5531 -0.7444 0.3740
vn -0.5988 -0.6953 0.3975
vn -0.5360 -0.7546 0.3786
vn 0.9933 -0.1158 0.0014
vn 0.9936 -0.1126 0.0003
vn 0.9797 -0.2002 0.0079
vn -0.6749 0.3443 -0.6527
vn -0.7560 0.2942 -0.5847
vn -0.7241 0.1257 -0.6781
vn -0.7938 0.4333 -0.4269
vn -0.8455 0.3140 -0.4319
vn -0.8809 0.3244 -0.3447
vn -0.8256 0.4498 -0.3406
vn 0.1859 0.8958 -0.4037
vn 0.2873 0.8708 -0.3990
vn 0.3075 0.8832 -0.3540
vn 0.2047 0.9081 -0.3653
vn 0.7855 0.5776 -0.2221
vn 0.7206 0.6454 -0.2535
vn 0.7307 0.6239 -0.2772
vn 0.8575 0.4721 -0.2046
vn 0.8436 0.5008 -0.1937
vn 0.8139 0.5416 -0.2105
vn 0.9611 0.2553 -0.1057
vn 0.9643 0.2492 -0.0896
vn 0.9332 0.3366 -0.1259
vn 0.9859 0.1586 -0.0537
vn 0.7986 0.5510 -0.2423
vn 0.7123 0.6300 -0.3095
vn 0.8105 -0.2899 0.5089
vn 0.8543 0.5135 0.0806
vn -0.8265 -0.1327 0.5471
vn 0.8255 0.5080 0.2460
vn 0.8968 -0.0463 0.4399
vn 0.9654 -0.0499 0.2561
vn 0.8676 0.2561 0.4263
vn 0.4455 0.7827 -0.4346
vn 0.3524 0.8152 -0.4597
vn 0.3369 0.7998 -0.4968
vn 0.4631 0.1284 -0.8769
vn 0.4464 0.1736 -0.8778
vn 0.2994 0.1431 -0.9433
vn 0.3133 0.1042 -0.9439
vn 0.3257 0.0756 -0.9424
vn 0.3793 0.0774 -0.9220
vn 0.3357 0.0505 -0.9406
vn 0.3410 0.0291 -0.9396
vn 0.4110 0.0540 -0.9100
vn 0.3858 0.0381 -0.9218
vn 0.3343 -0.0101 -0.9424
vn 0.2993 -0.0537 -0.9526
vn 0.2771 -0.0776 -0.9577
vn 0.3517 -0.1003 -0.9307
vn 0.4294 -0.1131 -0.8960
vn 0.6629 0.7420 0.1000
vn 0.7145 0.6992 0.0243
vn 0.7190 0.6851 0.1169
vn 0.6648 0.7211 0.1950
vn 0.6481 0.7371 0.1914
vn 0.6451 0.7583 0.0944
vn 0.0731 -0.9853 -0.1546
vn 0.4080 -0.8962 -0.1743
vn 0.3788 -0.9092 -0.1728
vn 0.0599 -0.9863 -0.1537
vn 0.5133 0.7353 -0.4426
vn 0.4188 0.6864 -0.5945
vn 0.4013 0.7447 -0.5333
vn 0.8551 0.4600 -0.2391
vn 0.8006 0.5264 -0.2861
vn 0.7632 0.5610 -0.3206
vn 0.9018 0.3837 -0.1989
vn 0.8406 0.4777 -0.2552
vn 0.2297 0.7857 -0.5744
vn 0.2373 0.8072 -0.5405
vn 0.1400 0.8153 -0.5619
vn 0.5011 0.7312 -0.4628
vn 0.3780 0.7450 -0.5497
vn 0.9584 0.2646 -0.1068
vn 0.9270 0.3425 -0.1530
vn 0.9049 0.3878 -0.1753
vn 0.9522 0.0698 0.2975
vn 0.9577 0.1157 0.2634
vn 0.9760 -0.0379 0.2146
vn 0.9706 -0.1162 0.2108
vn 0.9668 -0.1300 0.2200
vn 0.9567 -0.1012 0.2730
vn 0.9469 -0.0588 0.3160
vn 0.9520 -0.0411 0.3035
vn 0.9439 0.0259 0.3291
vn 0.9227 0.0497 0.3822
vn 0.9357 0.1222 0.3309
vn -0.0348 0.9113 -0.4103
vn -0.2104 0.8576 -0.4693
vn -0.2233 0.9308 -0.2894
vn 0.8180 0.5018 -0.2813
vn 0.7627 0.5578 -0.3274
vn 0.7366 0.5778 -0.3516
vn 0.8661 0.4454 -0.2270
vn 0.7914 0.5315 -0.3018
vn 0.0561 -0.5609 -0.8260
vn 0.0497 -0.5613 -0.8261
vn 0.0612 -0.5598 -0.8264
vn 0.6694 0.7310 0.1323
vn 0.7441 0.6586 0.1125
vn 0.7448 0.6620 0.0834
vn 0.6697 0.7323 0.1235
vn 0.5881 0.7961 0.1428
vn 0.5856 0.7915 0.1747
vn 0.6185 0.6482 -0.4442
vn 0.5580 0.6701 -0.4895
vn 0.5493 0.6726 -0.4959
vn 0.7275 0.5931 -0.3450
vn 0.6750 0.6227 -0.3957
vn 0.6679 0.6278 -0.3998
vn 0.8184 0.5233 -0.2374
vn 0.7406 0.5856 -0.3295
vn 0.7678 0.5682 -0.2960
vn 0.8181 0.5235 -0.2380
vn 0.8108 0.5328 -0.2422
vn 0.8894 0.4400 -0.1245
vn 0.8565 0.4833 -0.1812
vn 0.8486 0.4954 -0.1854
vn 0.9278 -0.2146 -0.3053
vn -0.1810 -0.5498 -0.8154
vn -0.1011 -0.5194 -0.8485
vn -0.2274 -0.5410 -0.8097
vn -0.3415 -0.4538 -0.8231
vn -0.3516 -0.5389 -0.7655
vn 0.6861 0.6293 -0.3649
vn 0.8317 -0.2861 -0.4758
vn 0.8743 -0.2698 -0.4036
vn 0.8916 -0.3082 -0.3319
vn 0.8621 -0.4358 -0.2585
vn 0.8642 -0.3742 -0.3364
vn 0.8538 -0.3223 -0.4089
vn 0.8322 -0.4399 -0.3374
vn 0.7790 -0.4710 -0.4139
vn 0.7388 -0.4655 -0.4873
vn 0.8096 -0.3340 -0.4826
vn -0.3262 -0.6983 -0.6371
vn -0.0671 -0.6064 -0.7923
vn -0.0665 -0.6107 -0.7891
vn -0.3347 -0.6899 -0.6419
vn -0.0423 0.8548 0.5173
vn -0.2424 0.9052 0.3492
vn -0.2242 0.9116 0.3446
vn -0.1644 0.9296 0.3298
vn -0.1222 0.9395 0.3199
vn -0.0859 0.9462 0.3120
vn -0.1607 0.9263 0.3408
vn -0.1231 0.8908 0.4375
vn -0.1311 0.8414 0.5243
vn -0.0549 0.8752 0.4807
vn 0.4272 -0.3498 0.8338
vn 0.4205 -0.3526 0.8360
vn 0.4068 -0.3614 0.8390
vn 0.4920 -0.3646 0.7906
vn 0.5152 -0.3492 0.7827
vn 0.8630 -0.4630 0.2021
vn 0.9055 -0.3722 0.2036
vn 0.8929 -0.3508 0.2822
vn 0.8061 -0.4709 0.3583
vn 0.7507 -0.5566 0.3559
vn 0.8235 -0.4932 0.2804
vn 0.5241 -0.8517 0.0005
vn 0.5231 -0.8517 -0.0302
vn 0.5015 -0.8640 -0.0455
vn 0.4872 -0.8652 -0.1184
vn 0.4784 -0.8622 -0.1662
vn 0.4767 -0.8540 -0.2082
vn 0.4004 -0.8996 -0.1746
vn 0.5975 0.7348 -0.3210
vn -0.2112 -0.0587 0.9757
vn -0.3809 -0.2484 0.8906
vn 0.6929 0.6824 -0.2328
vn 0.6571 0.6963 -0.2886
vn 0.6066 0.7394 -0.2921
vn 0.8625 0.4711 0.1848
vn 0.5787 0.7770 0.2478
vn 0.5700 0.7078 0.4172
vn 0.5706 0.6765 0.4656
vn 0.6549 0.6500 0.3856
vn 0.6554 0.6210 0.4299
vn 0.7323 0.5848 0.3490
vn 0.7327 0.6059 0.3099
vn 0.8022 0.5425 0.2492
vn 0.0202 -0.4226 -0.9061
vn -0.0650 -0.4376 -0.8968
vn -0.0324 -0.5163 -0.8558
vn -0.1516 -0.2394 -0.9590
vn -0.0712 -0.2202 -0.9729
vn -0.0173 -0.3388 -0.9407
vn -0.0109 -0.9804 0.1968
vn -0.1027 -0.9789 0.1768
vn -0.0856 -0.9707 0.2246
vn -0.1391 -0.9479 0.2865
vn -0.0032 -0.9261 0.3772
vn -0.0028 -0.9377 0.3474
vn -0.4163 -0.7298 0.5423
vn -0.0234 0.0113 -0.9997
vn -0.0154 0.0167 -0.9997
vn -0.1404 0.1780 -0.9740
vn -0.1405 0.1698 -0.9754
vn 0.9415 -0.0769 0.3280
vn 0.9518 -0.1173 0.2835
vn 0.9543 -0.1693 0.2463
vn 0.9468 -0.1325 0.2934
vn 0.4815 0.7981 0.3622
vn 0.5524 0.7450 0.3739
vn 0.5330 0.7392 0.4116
vn -0.8879 0.2947 0.3533
vn -0.9389 0.3410 0.0473
vn -0.6537 0.4709 -0.5924
vn -0.8023 0.3638 -0.4732
vn -0.7895 0.3160 -0.5261
vn -0.7757 0.2642 -0.5731
vn -0.7071 0.3255 -0.6278
vn -0.7019 0.3057 -0.6433
vn -0.6222 0.3512 -0.6997
vn -0.6223 0.3516 -0.6994
vn 0.7331 0.4078 -0.5443
vn 0.7658 0.3368 -0.5478
vn 0.8289 0.2850 -0.4814
vn -0.2025 -0.8309 -0.5183
vn -0.1246 -0.7402 -0.6607
vn -0.2062 -0.7621 -0.6137
vn -0.2355 -0.7939 -0.5606
vn -0.1167 -0.9878 0.1033
vn -0.1229 -0.9906 0.0596
vn -0.1270 -0.9919 0.0100
vn -0.0625 -0.9973 0.0389
vn -0.0284 -0.9747 0.2216
vn -0.0858 -0.9621 0.2589
vn 0.7071 -0.7071 -0.0000
vn 0.7064 -0.7078 -0.0000
vn -0.3151 -0.7128 0.6266
vn -0.3001 -0.7664 0.5679
vn 0.6982 0.7159 -0.0037
vn 0.7002 0.7139 -0.0033
vn 0.6303 0.7764 -0.0026
vn -0.5765 -0.8160 -0.0420
vn -0.5846 -0.8069 -0.0851
vn -0.5479 -0.8152 -0.1876
vn -0.5986 -0.7610 -0.2499
vn 0.4613 -0.0409 -0.8863
vn 0.3790 -0.0373 -0.9246
vn 0.4397 0.0406 -0.8972
vn 0.5730 0.5284 -0.6265
vn 0.5076 0.5602 -0.6546
vn 0.4372 0.6264 -0.6454
vn 0.5063 0.6011 -0.6184
vn 0.9447 -0.3272 -0.0201
vn 0.9289 -0.3319 -0.1641
vn 0.9177 -0.3445 -0.1978
vn 0.9151 -0.3540 -0.1932
vn 0.8928 -0.4233 -0.1541
vn 0.9135 -0.3927 -0.1064
vn 0.9116 -0.3978 -0.1032
vn 0.9097 -0.4030 -0.0998
vn 0.9396 -0.3422 -0.0003
vn 0.9397 -0.3421 -0.0001
vn 0.9397 -0.3421 -0.0002
vn 0.9323 -0.3570 -0.0583
vn 0.9315 -0.3591 -0.0585
vn -0.5080 -0.0756 -0.8580
vn -0.5135 -0.0221 -0.8578
vn -0.4968 -0.1307 -0.8580
vn -0.4966 -0.1318 -0.8579
vn 0.8081 0.5486 0.2143
vn 0.8396 0.4822 0.2500
vn 0.8603 0.4655 0.2080
vn 0.9204 0.3767 0.1047
vn 0.9155 0.3969 0.0665
vn 0.9371 0.3489 0.0080
vn 0.8124 0.5803 0.0568
vn 0.8223 0.5553 0.1245
vn 0.7314 -0.4837 0.4807
vn 0.6965 -0.4518 0.5575
vn 0.9144 0.4041 -0.0227
vn 0.9518 0.3060 -0.0190
vn 0.9520 0.3040 -0.0349
vn 0.9147 0.4021 -0.0414
vn 0.8584 -0.5125 0.0201
vn 0.8610 -0.5084 0.0137
vn 0.8132 -0.5815 0.0237
vn 0.8113 -0.5837 0.0325
vn -0.6368 0.7285 0.2526
vn 0.5749 -0.1091 -0.8109
vn -0.1713 -0.9515 0.2556
vn 0.7621 -0.1143 -0.6373
vn 0.0113 0.2647 -0.9643
vn 0.7650 -0.1412 -0.6284
vn 0.9590 -0.2826 0.0195
vn 0.7977 0.3471 -0.4932
vn 0.9320 -0.3621 0.0183
vn 0.8930 -0.4404 0.0923
vn 0.9289 -0.3629 0.0737
vn 0.9805 -0.1903 -0.0484
vn 0.9958 -0.0497 -0.0775
vn 0.9953 -0.0499 -0.0834
vn 0.9872 -0.1493 -0.0561
vn -0.5187 -0.8231 0.2312
vn -0.4617 -0.8544 0.2383
vn -0.3842 -0.8610 0.3333
vn -0.3718 -0.8438 0.3870
vn -0.4333 -0.8182 0.3780
vn -0.5739 -0.7880 0.2228
vn -0.5649 0.8244 0.0348
vn -0.5566 0.8298 0.0396
vn 0.9999 -0.0078 -0.0090
vn -0.4349 -0.9005 -0.0042
vn -0.3198 -0.6624 -0.6774
vn -0.2234 -0.6821 -0.6963
vn -0.3480 -0.6454 -0.6800
vn 0.9913 -0.1182 0.0583
vn 0.8619 -0.2578 -0.4367
vn 0.8449 0.4412 0.3023
vn 0.8040 -0.3035 -0.5113
vn 0.6877 -0.3234 -0.6499
vn 0.6358 -0.2982 -0.7119
vn 0.6051 -0.3514 -0.7144
vn 0.0056 0.9841 0.1774
vn 0.0067 0.9859 0.1675
vn -0.0103 -0.9567 0.2908
vn -0.1780 -0.8974 0.4036
vn -0.1510 -0.9542 0.2581
vn 0.6024 -0.3426 0.7209
vn 0.6831 -0.3462 0.6430
vn 0.6845 -0.3528 0.6379
vn 0.6147 -0.3695 0.6968
vn 0.5298 -0.3549 0.7703
vn 0.5406 -0.3904 0.7452
vn 0.4617 -0.4086 0.7873
vn 0.4517 -0.3652 0.8140
vn 0.3355 -0.3394 0.8788
vn 0.6960 0.7180 -0.0042
vn 0.7618 0.6479 -0.0042
vn 0.6954 0.7186 -0.0063
vn 0.6953 0.7187 -0.0053
vn 0.6245 0.7810 -0.0060
vn 0.8405 0.5417 -0.0133
vn 0.8733 0.4658 -0.1427
vn 0.8387 0.3678 0.4016
vn -0.4670 -0.1001 -0.8786
vn -0.0447 0.0081 -0.9990
vn -0.0427 0.0074 -0.9991
vn -0.0426 0.0074 -0.9991
vn -0.0426 0.0073 -0.9991
vn -0.0426 0.0072 -0.9991
vn -0.0427 0.0071 -0.9991
vn -0.1000 0.0128 -0.9949
vn -0.0428 0.0068 -0.9991
vn -0.0451 0.0079 -0.9989
vn -0.1838 -0.0758 -0.9800
vn -0.4380 0.0857 -0.8949
vn -0.6445 -0.7646 0.0065
vn -0.6247 -0.7809 0.0058
vn 0.6630 0.7166 -0.2166
vn -0.8022 0.2564 0.5391
vn 0.4599 -0.7200 -0.5197
vn 0.6760 -0.4427 -0.5891
vn 0.6645 -0.3458 -0.6625
vn 0.5976 -0.3779 -0.7071
vn 0.5156 -0.2851 -0.8080
vn 0.5623 -0.3330 -0.7569
vn 0.5152 -0.3114 -0.7985
vn 0.5450 -0.4595 -0.7013
vn 0.5393 -0.5502 -0.6375
vn 0.5095 -0.5864 -0.6297
vn 0.4960 -0.5189 -0.6962
vn 0.4859 -0.5320 -0.6935
vn 0.5323 -0.5820 -0.6147
vn 0.5748 -0.6437 -0.5052
vn 0.6199 -0.5634 -0.5462
vn 0.6309 -0.6118 -0.4771
vn 0.6244 -0.5375 -0.5667
vn 0.6258 -0.5773 -0.5244
vn 0.6661 -0.7158 -0.2099
vn 0.4743 -0.5776 -0.6644
vn 0.4693 -0.5121 -0.7194
vn 0.4210 -0.5376 -0.7306
vn 0.6131 -0.7315 -0.2983
vn 0.5359 -0.7791 -0.3252
vn 0.5823 -0.7159 -0.3853
vn -0.4335 0.3804 -0.8169
vn -0.3239 0.5752 -0.7512
vn -0.2731 0.4071 -0.8716
vn -0.3656 0.3299 -0.8704
vn -0.4188 0.3978 -0.8163
vn 0.1103 -0.2150 -0.9704
vn 0.2389 -0.3177 -0.9176
vn 0.1786 -0.2679 -0.9467
vn 0.1801 -0.2693 -0.9461
vn 0.9643 -0.2254 0.1393
vn 0.9653 -0.1850 0.1843
vn 0.9668 -0.1299 0.2201
vn 0.9678 -0.1338 0.2132
vn -0.7316 0.2112 0.6482
vn -0.6606 0.1917 0.7258
vn -0.5838 0.3654 0.7250
vn -0.7002 0.4404 0.5620
vn -0.7601 0.3297 0.5600
vn 0.3846 0.7324 -0.5618
vn 0.3807 0.8098 -0.4464
vn 0.4789 0.7349 -0.4801
vn 0.5730 0.6906 -0.4414
vn 0.9564 -0.2071 0.2059
vn 0.9428 -0.2423 0.2288
vn 0.9425 -0.2175 0.2539
vn 0.9671 -0.1761 0.1835
vn 0.7927 0.5973 0.1223
vn 0.7406 0.6668 0.0829
vn -0.3589 0.7177 0.5968
vn -0.3820 0.8681 0.3170
vn 0.2706 0.2212 -0.9369
vn 0.2910 0.1628 -0.9428
vn 0.6931 -0.4569 -0.5576
vn 0.7079 -0.4334 -0.5577
vn 0.8962 -0.3262 -0.3007
vn 0.8753 -0.3184 -0.3640
vn -0.0660 -0.9975 -0.0268
vn -0.2656 -0.9439 -0.1963
vn -0.2664 -0.9238 -0.2749
vn 0.1491 -0.9829 0.1078
vn -0.0648 -0.9909 0.1177
vn 0.7995 -0.1896 -0.5700
vn 0.7700 -0.1047 -0.6294
vn 0.7571 -0.1585 -0.6338
vn 0.7685 -0.2830 -0.5738
vn 0.7288 -0.3716 -0.5751
vn 0.5990 -0.2637 -0.7561
vn -0.0524 -0.9928 -0.1075
vn -0.0734 -0.9973 -0.0083
vn -0.1319 -0.9912 -0.0126
vn -0.0768 -0.9970 -0.0121
vn -0.2403 -0.9706 -0.0114
vn -0.1731 -0.9807 0.0910
vn -0.2459 -0.9675 0.0590
vn -0.3060 -0.9502 0.0584
vn -0.3048 -0.9524 0.0111
vn -0.2872 -0.9578 0.0128
vn -0.3354 -0.9421 0.0082
vn -0.3359 -0.9418 -0.0124
vn -0.2848 -0.9586 -0.0092
vn -0.3036 -0.9528 -0.0065
vn -0.3057 -0.9519 -0.0204
vn -0.3061 -0.9505 -0.0527
vn -0.3650 -0.9295 -0.0519
vn -0.3571 -0.9208 -0.1569
vn -0.2961 -0.9417 -0.1596
vn -0.2337 -0.9588 -0.1614
vn -0.1801 -0.9784 -0.1012
vn 0.7116 -0.3881 -0.5856
vn 0.0260 -0.7090 -0.7047
vn 0.0970 -0.7754 -0.6240
vn -0.8554 0.2128 -0.4722
vn -0.8738 0.1014 -0.4756
vn 0.8761 -0.2663 -0.4020
vn 0.4788 0.7843 0.3944
vn 0.4782 0.7574 0.4445
vn 0.4794 0.7242 0.4957
vn 0.1846 0.6450 0.7415
vn 0.1888 0.6454 0.7401
vn 0.1421 0.6205 0.7712
vn 0.1391 0.6611 0.7373
vn 0.1265 0.7279 0.6739
vn 0.2164 0.7376 0.6396
vn 0.1317 0.7605 0.6359
vn 0.1378 0.7655 0.6285
vn 0.1427 0.8215 0.5520
vn 0.2375 0.8072 0.5404
vn 0.2851 0.7139 0.6396
vn 0.2118 0.7138 0.6676
vn 0.2838 0.7113 0.6430
vn 0.2746 0.6968 0.6626
vn 0.3520 0.6989 0.6226
vn 0.2971 0.6860 0.6642
vn 0.2987 0.5989 0.7430
vn 0.2743 0.6432 0.7148
vn 0.2241 0.6473 0.7285
vn 0.2379 0.6110 0.7550
vn 0.2593 0.5637 0.7843
vn 0.1880 0.6159 0.7650
vn 0.1512 0.5823 0.7988
vn 0.1351 0.6073 0.7829
vn 0.7010 -0.4066 -0.5859
vn 0.7348 -0.3455 -0.5837
vn 0.9460 0.3240 -0.0000
vn 0.9418 0.3249 -0.0861
vn 0.8963 -0.2241 -0.3827
vn 0.8523 -0.2577 -0.4551
vn 0.8580 -0.2847 -0.4274
vn 0.8627 0.3212 0.3906
vn 0.8780 0.2812 0.3875
vn 0.7494 0.4420 0.4930
vn 0.2320 -0.6646 -0.7103
vn 0.1425 -0.7008 -0.6990
vn 0.7583 0.4522 0.4695
vn 0.7843 0.2929 0.5469
vn 0.9120 -0.3173 -0.2600
vn 0.8709 -0.3766 -0.3157
vn 0.8741 -0.3957 -0.2817
vn 0.9220 0.3423 -0.1808
vn 0.9333 0.3363 -0.1261
vn -0.8352 0.0578 0.5469
vn -0.7469 0.1122 0.6554
vn -0.7383 0.1162 0.6643
vn -0.8348 0.0571 0.5476
vn -0.6916 -0.0376 -0.7213
vn -0.7992 -0.1055 -0.5917
vn -0.7714 -0.1860 -0.6085
vn -0.5402 -0.3374 -0.7710
vn -0.6247 -0.1895 -0.7575
vn 0.5766 -0.7039 -0.4148
vn -0.3295 0.3928 0.8586
vn -0.5731 0.1324 0.8087
vn -0.5096 0.1747 0.8425
vn -0.5657 0.2264 0.7929
vn 0.6553 -0.6645 -0.3592
vn 0.3095 0.1312 -0.9418
vn 0.2841 0.1087 -0.9526
vn 0.3286 0.0658 -0.9422
vn 0.3987 0.0944 -0.9122
vn 0.4672 0.2603 -0.8450
vn 0.4414 0.2720 -0.8551
vn 0.4465 0.3206 -0.8354
vn -0.4536 0.5817 0.6752
vn -0.3164 0.4032 0.8587
vn -0.4666 0.2949 0.8339
vn 0.4374 -0.8207 -0.3675
vn 0.5873 -0.7156 -0.3780
vn 0.6490 -0.6435 -0.4058
vn 0.6442 -0.6131 -0.4572
vn 0.3691 -0.8729 -0.3192
vn 0.9436 0.2006 -0.2635
vn 0.9556 0.1329 -0.2630
vn 0.9602 0.2085 -0.1859
vn 0.9323 0.3486 -0.0969
vn 0.9474 0.2623 -0.1836
vn -0.0283 0.7470 0.6643
vn -0.1549 0.3673 0.9171
vn -0.1064 0.3526 0.9297
vn 0.9780 -0.2006 -0.0567
vn 0.9565 -0.2830 -0.0707
vn 0.9924 -0.1196 -0.0290
vn -0.0647 -0.9637 -0.2591
vn -0.0680 -0.9281 -0.3660
vn -0.0944 -0.9062 -0.4122
vn -0.1510 -0.9629 -0.2237
vn -0.1454 -0.9890 -0.0257
vn -0.0053 -0.9999 -0.0100
vn -0.0238 -0.9821 -0.1867
vn -0.0972 -0.9479 -0.3033
vn 0.5378 -0.8431 -0.0002
vn 0.5164 -0.8564 -0.0001
vn 0.5435 -0.8125 -0.2108
vn 0.9091 -0.2780 0.3102
vn 0.9226 -0.2940 0.2499
vn 0.9284 -0.3174 0.1932
vn 0.9336 -0.3330 0.1323
vn 0.8727 -0.2969 0.3876
vn 0.8939 -0.3080 0.3258
vn 0.2702 0.8565 0.4397
vn 0.2874 0.8707 0.3990
vn 0.3688 0.8280 0.4223
vn 0.4023 0.7971 0.4504
vn -0.0782 -0.6722 -0.7363
vn -0.4755 0.2633 -0.8394
vn -0.5380 0.1599 -0.8276
vn -0.7029 0.2131 -0.6786
vn -0.6332 0.4310 -0.6429
vn -0.0311 0.8737 -0.4855
vn -0.0239 0.9137 -0.4057
vn -0.0465 0.8854 -0.4625
vn -0.1366 0.8970 -0.4205
vn -0.0911 0.8805 -0.4652
vn -0.1172 0.8809 -0.4586
vn 0.0330 0.8196 -0.5720
vn 0.0335 0.8193 -0.5723
vn 0.0726 0.7558 -0.6508
vn 0.0794 0.6995 -0.7102
vn 0.0504 0.7404 -0.6702
vn 0.0431 0.6959 -0.7169
vn 0.0203 0.7427 -0.6693
vn 0.0002 0.6949 -0.7192
vn -0.0092 0.7587 -0.6514
vn -0.0352 0.7264 -0.6864
vn -0.0434 0.7045 -0.7084
vn -0.0478 0.7353 -0.6760
vn -0.0382 0.8076 -0.5885
vn 0.9673 -0.1625 0.1948
vn 0.9705 -0.1412 0.1955
vn 0.1369 0.7374 0.6615
vn 0.9279 -0.3388 0.1558
vn 0.5155 0.8568 0.0112
vn 0.5148 0.8572 0.0132
vn 0.8747 0.4407 -0.2018
vn 0.7038 -0.7098 0.0296
vn 0.7065 -0.7074 0.0209
vn 0.6385 -0.7683 0.0449
vn -0.5889 0.8006 0.1110
vn 0.6700 -0.7191 0.1845
vn 0.7429 -0.0290 0.6688
vn -0.6877 0.6010 0.4073
vn -0.8397 0.5059 0.1976
vn -0.7039 0.6660 0.2468
vn 0.8410 -0.4876 -0.2347
vn -0.8373 0.5466 0.0101
vn 0.1582 -0.1931 0.9683
vn 0.1688 -0.1855 0.9680
vn 0.2129 -0.2532 0.9437
vn 0.1560 -0.2076 0.9657
vn 0.7146 -0.5395 -0.4453
vn 0.7117 -0.5459 -0.4422
vn 0.7119 -0.5470 -0.4404
vn 0.7362 -0.4723 -0.4847
vn 0.7592 -0.3670 -0.5375
vn 0.7694 -0.2835 -0.5724
vn 0.9797 -0.2001 0.0079
vn -0.8758 -0.2227 -0.4282
vn -0.8330 -0.3748 -0.4070
vn -0.8152 -0.4138 -0.4053
vn -0.8697 -0.2311 -0.4362
vn -0.8904 -0.0756 -0.4488
vn -0.8935 -0.0606 -0.4449
vn 0.7219 0.5716 -0.3901
vn 0.6601 0.6434 -0.3877
vn 0.6163 0.6871 -0.3848
vn 0.6293 0.6294 -0.4559
vn 0.9934 -0.1107 0.0303
vn 0.9973 -0.0728 -0.0054
vn 0.9635 -0.2672 0.0174
vn -0.4902 0.8716 0.0073
vn 0.9616 -0.2597 -0.0892
vn 0.9669 -0.2176 -0.1331
vn 0.9643 -0.2253 -0.1392
vn 0.6814 -0.3857 -0.6221
vn 0.6562 -0.4249 -0.6236
vn 0.6238 -0.3773 -0.6845
vn 0.6614 -0.3315 -0.6728
vn 0.7037 -0.3493 -0.6187
vn 0.9306 -0.3654 0.0222
vn 0.9307 -0.3640 -0.0345
vn 0.8129 -0.3584 -0.4591
vn 0.8080 -0.3219 -0.4934
vn 0.7568 -0.3987 -0.5180
vn 0.7589 -0.4154 -0.5014
vn 0.1259 -0.7772 -0.6166
vn 0.4005 -0.7574 -0.5157
vn 0.6404 -0.6727 -0.3706
vn 0.7718 -0.5823 -0.2554
vn 0.7937 -0.5453 -0.2696
vn 0.7948 -0.5247 -0.3048
vn 0.7613 -0.5979 -0.2508
vn 0.6961 -0.6483 -0.3086
vn 0.6826 -0.6784 -0.2718
vn 0.5306 0.3677 0.7637
vn 0.5004 0.4602 0.7333
vn 0.9917 -0.1232 -0.0361
vn 0.4783 0.7574 0.4445
vn 0.4801 0.8007 0.3583
vn 0.3811 0.7983 0.4663
vn 0.3825 0.7634 0.5205
vn 0.7194 0.6908 -0.0731
vn 0.8339 0.5041 0.2247
vn 0.8263 0.5605 0.0559
vn 0.8666 0.4924 0.0809
vn 0.5017 -0.7287 -0.4662
vn 0.5721 -0.6559 -0.4924
vn 0.8740 -0.3959 -0.2817
vn 0.9146 -0.3320 -0.2310
vn 0.9119 -0.3174 -0.2600
vn 0.8229 -0.4325 -0.3684
vn 0.9079 -0.3399 -0.2452
vn 0.8677 -0.3539 -0.3491
vn 0.7019 -0.4967 -0.5105
vn 0.6969 -0.4545 -0.5548
vn 0.6946 -0.4353 -0.5728
vn -0.2207 -0.0584 -0.9736
vn -0.2839 0.1782 -0.9421
vn -0.3779 0.1477 -0.9140
vn -0.3583 0.0720 -0.9308
vn -0.5368 0.0215 -0.8434
vn -0.4967 -0.1305 -0.8581
vn 0.9078 -0.1684 0.3841
vn 0.9274 -0.2279 0.2965
vn 0.9154 -0.1496 0.3738
vn 0.9293 -0.1134 0.3514
vn 0.9412 -0.1484 0.3036
vn 0.9414 -0.1343 0.3093
vn 0.9543 -0.1694 0.2463
vn 0.9493 -0.1821 0.2561
vn 0.9447 -0.1960 0.2629
vn 0.9342 -0.2224 0.2789
vn 0.9159 -0.2636 0.3026
vn 0.9088 -0.2785 0.3107
vn 0.8913 -0.2624 0.3697
vn 0.7869 -0.2940 -0.5426
vn 0.8314 -0.2861 -0.4764
vn 0.7007 0.6075 -0.3740
vn 0.6498 0.6545 -0.3866
vn 0.6103 0.6565 -0.4434
vn 0.8828 -0.3386 -0.3257
vn 0.8792 -0.3544 -0.3183
vn 0.8753 -0.3707 -0.3105
vn 0.8990 -0.3551 -0.2564
vn 0.9171 -0.3465 -0.1973
vn 0.8628 -0.3141 -0.3961
vn 0.8594 -0.3334 -0.3876
vn 0.2563 -0.9105 -0.3246
vn 0.6018 -0.6788 -0.4209
vn 0.6122 -0.7176 -0.3321
vn 0.5749 -0.7371 -0.3553
vn 0.6693 -0.6869 -0.2833
vn 0.9069 -0.4203 -0.0293
vn -0.5568 0.8158 0.1561
vn 0.7671 -0.0357 0.6406
vn 0.0729 -0.3261 0.9425
vn 0.7777 0.6062 0.1665
vn 0.8023 -0.5390 -0.2564
vn 0.1352 0.6945 -0.7066
vn -0.0230 0.7031 -0.7107
vn -0.0333 0.7974 -0.6025
vn 0.2838 0.7620 -0.5821
vn 0.2877 0.7150 -0.6372
vn 0.2102 0.7307 -0.6496
vn 0.9395 -0.3425 0.0001
vn 0.9397 -0.3421 -0.0003
vn 0.9397 -0.3419 0.0006
vn 0.9398 -0.3417 -0.0000
vn 0.9397 -0.3420 0.0005
vn 0.9394 -0.3428 -0.0001
vn 0.9395 -0.3424 -0.0002
vn 0.9398 -0.3417 -0.0004
vn 0.5648 -0.6806 -0.4668
vn -0.9758 -0.2186 -0.0071
vn -0.9201 -0.3917 -0.0061
vn -0.9197 -0.3925 -0.0057
vn -0.9200 -0.3920 -0.0053
vn -0.9758 -0.2186 -0.0038
vn 0.5696 -0.6844 -0.4552
vn 0.9882 -0.1357 0.0715
vn 0.7194 -0.6883 0.0936
vn 0.6577 -0.7293 0.1884
vn 0.6303 -0.7544 0.1835
vn 0.6227 -0.7382 0.2595
vn 0.7160 -0.6524 0.2484
vn 0.6559 -0.7348 0.1726
vn 0.6393 -0.7626 0.0986
vn 0.6371 -0.7706 0.0165
vn 0.6376 -0.7701 0.0207
vn 0.6647 -0.7467 0.0256
vn 0.5447 -0.5912 -0.5948
vn 0.7131 -0.6738 0.1938
vn 0.6477 -0.7128 0.2691
vn 0.6202 -0.7387 0.2638
vn 0.6629 -0.3674 -0.6524
vn 0.7134 -0.2684 -0.6473
vn 0.6501 -0.6379 0.4129
vn 0.7329 -0.5710 0.3698
vn 0.8011 -0.5117 0.3104
vn 0.8075 -0.4993 0.3140
vn 0.7078 -0.1031 -0.6989
vn 0.7696 -0.0746 -0.6341
vn 0.6992 -0.6360 0.3265
vn 0.7463 -0.5816 0.3238
vn -0.4010 -0.1292 0.9069
vn -0.6102 -0.1965 0.7675
vn -0.5704 -0.3760 0.7303
vn -0.3951 -0.2580 0.8817
vn -0.3208 -0.2424 0.9156
vn 0.7000 0.7138 0.0223
vn 0.6328 0.7637 0.1278
vn 0.1838 -0.8913 -0.4146
vn 0.1432 -0.9084 -0.3929
vn -0.4179 0.4666 -0.7795
vn -0.5225 0.3927 -0.7568
vn -0.7740 0.3200 -0.5463
vn -0.8390 0.2907 -0.4600
vn 0.8317 0.1161 -0.5430
vn 0.8225 0.1765 -0.5407
vn 0.8345 0.0651 -0.5471
vn -0.3980 -0.7107 -0.5800
vn -0.6798 -0.5787 -0.4505
vn -0.6671 -0.5514 -0.5009
vn 0.4978 0.4313 -0.7524
vn 0.4065 0.4278 -0.8073
vn 0.5499 0.4872 -0.6784
vn 0.6375 -0.7683 -0.0577
vn 0.6284 -0.7471 -0.2167
vn 0.9684 -0.2338 0.0864
vn 0.9569 -0.2873 0.0424
vn 0.5416 0.7144 -0.4430
vn 0.5864 0.7086 -0.3925
vn -0.1435 0.1760 0.9739
vn -0.3147 0.4042 0.8588
vn -0.3150 0.4041 0.8588
vn -0.1403 0.1783 0.9739
vn -0.1069 -0.9849 -0.1359
vn -0.1117 -0.9845 -0.1353
vn 0.6578 0.5067 0.5573
vn 0.5792 0.6251 0.5232
vn 0.4892 0.6876 -0.5366
vn 0.7754 0.5598 -0.2922
vn 0.8534 0.4741 -0.2166
vn 0.6765 0.6183 -0.3999
vn 0.7274 0.5931 -0.3451
vn 0.7614 0.5614 -0.3241
vn 0.6186 0.6482 -0.4440
vn 0.6482 0.6332 -0.4229
vn 0.7625 0.5579 -0.3276
vn 0.8187 0.5044 -0.2746
vn 0.9578 0.2697 -0.0994
vn 0.9798 0.1946 -0.0451
vn 0.9869 0.1581 -0.0334
vn 0.6564 0.6472 -0.3877
vn 0.7238 0.5957 -0.3483
vn 0.7387 0.5875 -0.3304
vn -0.0912 -0.6966 -0.7116
vn -0.0302 -0.7580 -0.6516
vn -0.0239 -0.7535 -0.6570
vn -0.1095 -0.8375 -0.5354
vn -0.0181 -0.8377 -0.5459
vn 0.5010 0.7310 -0.4633
vn 0.1591 0.7930 -0.5881
vn 0.8547 0.4601 -0.2402
vn 0.9201 0.3547 -0.1661
vn 0.4263 0.7706 -0.4738
vn 0.5130 0.7354 -0.4427
vn 0.5327 0.7412 -0.4085
vn 0.6922 0.6363 -0.3405
vn 0.7811 0.5619 -0.2721
vn 0.4485 0.7775 -0.4409
vn -0.1944 0.6436 0.7403
vn -0.1434 0.4430 0.8850
vn -0.3372 0.3812 0.8608
vn -0.3548 0.4496 0.8197
vn -0.3870 0.5758 0.7202
vn 0.7994 0.5458 -0.2511
vn -0.4075 -0.9102 -0.0736
vn -0.4172 -0.9060 -0.0711
vn 0.9462 0.2992 0.1230
vn 0.9013 0.3902 0.1879
vn 0.9182 0.3704 0.1401
vn 0.6551 0.6893 0.3093
vn 0.9279 0.3416 -0.1496
vn 0.8137 0.5812 -0.0068
vn 0.7499 0.5811 -0.3163
vn 0.3861 0.8389 0.3836
vn -0.9330 0.0985 -0.3463
vn -0.9957 0.0844 -0.0383
vn -0.4014 0.8432 0.3576
vn -0.2442 0.7272 0.6415
vn 0.3811 0.8399 0.3864
vn 0.9762 0.0683 -0.2060
vn 0.9848 0.0416 -0.1689
vn 0.9874 0.0833 -0.1349
vn 0.9948 0.0934 -0.0410
vn 0.9992 0.0388 -0.0000
vn 0.9409 0.2350 -0.2438
vn 0.1482 0.8335 0.5323
vn 0.1846 0.7996 -0.5714
vn 0.5243 0.5831 -0.6205
vn -0.2863 -0.4667 0.8368
vn -0.8139 0.1227 0.5679
vn -0.1775 -0.5301 0.8292
vn -0.1480 -0.5005 0.8530
vn -0.3817 -0.5287 0.7581
vn -0.1863 -0.5822 0.7914
vn -0.0835 -0.5968 0.7980
vn -0.2974 -0.5375 0.7891
vn -0.2173 -0.4345 0.8741
vn 0.7389 0.5868 0.3312
vn 0.8077 0.5185 0.2808
vn 0.7858 0.5392 0.3030
vn 0.2436 0.8205 0.5171
vn 0.2373 0.8072 0.5405
vn 0.1428 0.8215 0.5520
vn 0.8249 -0.0324 -0.5644
vn 0.5806 0.6923 0.4285
vn 0.6585 0.6516 0.3765
vn 0.6315 0.6521 0.4195
vn 0.3284 0.7890 0.5193
vn 0.3158 0.7694 0.5552
vn 0.9115 0.3798 -0.1578
vn 0.8630 0.4729 -0.1779
vn 0.9050 0.3874 0.1759
vn 0.8822 0.4282 0.1958
vn 0.8135 -0.3818 0.4387
vn 0.8414 -0.3169 0.4377
vn 0.7709 -0.5752 0.2735
vn 0.7929 -0.4891 0.3635
vn 0.8069 -0.4664 0.3624
vn 0.6097 0.6566 0.4440
vn 0.6754 0.6199 0.3996
vn 0.6470 0.6357 0.4210
vn 0.5395 0.6885 0.4847
vn 0.5842 0.6628 0.4683
vn 0.9468 0.3178 0.0502
vn 0.7832 -0.4454 0.4338
vn 0.7024 -0.5024 0.5042
vn 0.6423 -0.5803 0.5007
vn 0.6669 -0.6102 0.4278
vn 0.6870 -0.6357 0.3520
vn 0.3719 0.7223 0.5830
vn 0.4498 0.7025 0.5516
vn 0.4261 0.7009 0.5721
vn -0.2524 0.7562 -0.6037
vn -0.3793 0.5441 -0.7484
vn -0.2218 0.9465 -0.2345
vn -0.2114 0.9191 -0.3325
vn -0.1701 0.9304 -0.3248
vn -0.1744 0.9171 -0.3586
vn -0.1399 0.9308 -0.3376
vn -0.1522 0.8977 -0.4136
vn -0.1737 0.8927 -0.4157
vn -0.1583 0.8351 -0.5268
vn 0.8897 -0.4314 -0.1495
vn 0.8664 -0.4584 -0.1982
vn 0.8956 -0.3680 -0.2500
vn 0.8713 -0.3863 -0.3026
vn 0.8514 -0.3722 -0.3697
vn 0.8851 -0.4042 -0.2308
vn 0.8106 -0.5066 -0.2939
vn 0.8584 -0.5040 -0.0956
vn 0.4945 0.6945 0.5226
vn 0.4235 0.6999 0.5751
vn -0.0000 0.0003 -1.0000
vn -0.0000 0.3090 -0.9511
vn 0.9789 0.2042 -0.0012
vn 0.9948 0.1019 0.0003
vn 1.0000 -0.0025 -0.0015
vn 0.9948 0.1013 -0.0050
vn -0.1509 0.1264 -0.9804
vn -0.1553 0.1183 -0.9808
vn -0.1557 0.1097 -0.9817
vn -0.1561 0.0999 -0.9827
vn -0.1770 0.1000 -0.9791
vn -0.1692 0.1174 -0.9786
vn -0.1557 0.1340 -0.9787
vn -0.1471 0.1476 -0.9780
vn -0.1414 0.1509 -0.9784
vn -0.1295 0.1205 -0.9842
vn -0.1263 0.1086 -0.9860
vn -0.1501 0.1080 -0.9828
vn -0.1499 0.1166 -0.9818
vn -0.1499 0.1246 -0.9808
vn 0.7138 -0.0866 0.6949
vn 0.7572 -0.1351 0.6391
vn 0.7992 -0.3554 0.4846
vn 0.7860 -0.3817 0.4864
vn 0.8434 -0.3466 0.4106
vn 0.8676 -0.2882 0.4052
vn -0.3391 -0.5523 -0.7616
vn -0.2854 -0.5952 -0.7512
vn -0.1751 -0.6151 -0.7687
vn -0.1824 -0.5983 -0.7802
vn -0.1825 -0.5981 -0.7804
vn -0.1810 -0.5501 -0.8152
vn -0.3516 -0.5390 -0.7654
vn 0.9628 0.0772 -0.2590
vn 0.9669 0.0318 -0.2531
vn 0.9799 0.0829 -0.1812
vn 0.9728 0.1395 -0.1850
vn -0.0699 -0.2921 0.9538
vn -0.0501 -0.4555 0.8888
vn -0.0658 -0.2162 0.9741
vn 0.7062 0.6849 0.1793
vn 0.7334 0.6685 0.1230
vn 0.7253 0.6772 0.1239
vn 0.6767 0.6974 0.2361
vn 0.7094 0.6808 0.1822
vn 0.7009 0.6895 0.1825
vn 0.6432 0.7089 0.2893
vn 0.6762 0.6983 0.2348
vn 0.6686 0.7053 0.2356
vn 0.6076 0.7165 0.3427
vn 0.6432 0.7090 0.2894
vn 0.6360 0.7151 0.2901
vn 0.5695 0.7212 0.3945
vn 0.6078 0.7165 0.3425
vn 0.6008 0.7219 0.3433
vn 0.6684 0.7054 0.2361
vn 0.6983 0.6927 0.1802
vn 0.6429 0.7436 0.1837
vn 0.6359 0.7151 0.2903
vn 0.5858 0.7558 0.2925
vn 0.5858 0.7558 0.2926
vn 0.9388 0.1507 -0.3097
vn 0.9414 0.2065 -0.2669
vn 0.9411 0.1996 -0.2730
vn 0.9388 0.1508 -0.3097
vn 0.9324 0.0994 -0.3475
vn 0.9362 0.1249 -0.3284
vn -0.2724 0.4074 0.8717
vn 0.0071 0.5483 0.8363
vn 0.0647 0.6386 0.7668
vn -0.0256 0.6402 0.7678
vn -0.0283 0.6929 0.7205
vn -0.1746 0.6388 0.7493
vn -0.1741 0.7120 0.6802
vn -0.3427 0.6504 0.6779
vn -0.9993 -0.0375 -0.0080
vn -0.9993 -0.0379 -0.0028
vn -0.9981 0.0615 -0.0018
vn -0.9981 0.0621 -0.0053
vn -0.9870 0.1606 -0.0010
vn 0.9150 0.4032 0.0132
vn 0.9566 0.2910 0.0140
vn 0.9532 0.2728 -0.1306
vn 0.9151 0.4031 0.0090
vn -0.3392 -0.5522 0.7616
vn -0.3517 -0.5391 0.7653
vn -0.1810 -0.5501 0.8152
vn -0.1749 -0.6152 0.7687
vn -0.2751 -0.6008 0.7506
vn 0.8649 -0.4928 0.0955
vn 0.9361 -0.3061 0.1735
vn 0.9215 -0.3464 0.1756
vn 0.8879 -0.4243 0.1778
vn 0.8483 -0.4990 0.1773
vn 0.5130 0.7356 0.4424
vn 0.5326 0.7414 0.4083
vn 0.6157 0.6923 0.3764
vn 0.6367 -0.6973 0.3293
vn 0.6630 -0.6535 0.3652
vn 0.7061 -0.6276 0.3280
vn 0.6952 -0.6474 0.3125
vn 0.7369 -0.6174 0.2753
vn 0.6477 -0.7459 0.1553
vn 0.5268 -0.8276 0.1936
vn 0.5885 -0.7632 0.2668
vn 0.9203 -0.3350 0.2018
vn 0.9375 -0.3412 0.0678
vn -0.6002 -0.1236 0.7903
vn -0.6102 -0.4643 0.6419
vn -0.4085 -0.3777 0.8309
vn -0.4254 -0.1147 0.8977
vn -0.5301 -0.1091 0.8409
vn 0.9994 0.0342 -0.0020
vn 0.9982 -0.0599 0.0037
vn 0.4931 0.6876 0.5329
vn 0.5189 0.6810 0.5168
vn 0.8711 0.4910 -0.0037
vn 0.8213 0.5705 -0.0033
vn 0.8706 0.4919 -0.0044
vn 0.9587 -0.2827 -0.0320
vn 0.9224 -0.3842 -0.0392
vn 0.9314 -0.3629 -0.0281
vn 0.9543 -0.2961 0.0409
vn 0.9553 -0.2930 0.0402
vn 0.9402 -0.3407 0.0001
vn 0.9533 -0.2989 0.0428
vn 0.9524 -0.3014 0.0447
vn 0.9651 -0.2490 0.0814
vn 0.8479 -0.2608 0.4616
vn 0.8727 -0.1612 0.4609
vn 0.8366 -0.2029 0.5089
vn 0.8931 -0.3392 0.2955
vn 0.8815 -0.2220 0.4167
vn 0.9056 -0.2063 -0.3706
vn 0.8172 -0.3424 -0.4637
vn 0.7031 -0.3173 -0.6364
vn 0.8187 -0.1396 -0.5570
vn 0.8373 -0.1994 -0.5090
vn 0.8735 -0.1576 -0.4606
vn 0.8979 -0.1513 -0.4134
vn 0.9253 -0.1103 -0.3630
vn 0.8011 -0.5725 0.1745
vn 0.0370 0.8132 -0.5808
vn 0.0338 0.8204 -0.5708
vn 0.0351 0.8225 -0.5677
vn 0.0338 0.8190 -0.5728
vn 0.0339 0.8186 -0.5733
vn 0.8660 0.5001 -0.0000
vn 0.2284 -0.9486 0.2191
vn 0.2262 -0.9716 0.0693
vn 0.9396 0.0713 -0.3348
vn 0.9439 0.0272 -0.3291
vn 0.9858 0.1453 -0.0845
vn 0.9243 -0.1184 0.3629
vn 0.9265 -0.0845 0.3667
vn 0.9422 -0.1737 0.2865
vn 0.7333 -0.4628 0.4981
vn 0.8214 -0.4221 0.3835
vn 0.8253 -0.4475 0.3444
vn 0.8287 -0.4697 0.3044
vn 0.7933 -0.1424 0.5920
vn -0.1748 -0.8638 0.4726
vn -0.1691 -0.8911 0.4212
vn -0.2041 -0.9189 0.3376
vn -0.3388 -0.8486 0.4062
vn -0.5487 0.8359 -0.0134
vn -0.5488 0.8360 0.0001
vn -0.2631 0.9648 -0.0031
vn -0.2633 0.9647 -0.0108
vn -0.3626 0.9319 -0.0118
vn -0.3625 0.9319 -0.0095
vn -0.3628 0.9318 -0.0118
vn 0.7623 0.5723 0.3023
vn 0.7387 0.5875 0.3304
vn 0.7238 0.5958 0.3481
vn 0.8923 0.3258 0.3124
vn 0.9400 0.2494 0.2327
vn -0.4497 -0.0952 -0.8881
vn 0.8866 0.2463 0.3914
vn 0.9187 0.2402 0.3137
vn 0.9326 0.1726 0.3168
vn 0.8759 0.0550 0.4793
vn 0.8743 0.1076 0.4734
vn 0.9351 -0.0262 0.3535
vn 0.9090 0.0095 0.4167
vn 0.9046 -0.0235 0.4255
vn 0.9010 -0.0479 0.4311
vn 0.9317 -0.0509 0.3596
vn 0.9568 -0.0537 0.2859
vn 0.9540 -0.0826 0.2882
vn 0.9285 -0.0792 0.3627
vn 0.0395 -0.8962 0.4418
vn 0.0239 -0.9387 0.3440
vn 0.0980 -0.8272 0.5532
vn 0.1204 -0.7698 0.6268
vn 0.7071 0.6725 -0.2185
vn 0.7071 0.7071 -0.0001
vn -0.4945 -0.5485 -0.6743
vn -0.4474 -0.5586 -0.6984
vn -0.3982 -0.6590 -0.6381
vn -0.4686 -0.6286 -0.6207
vn -0.4608 -0.6826 -0.5672
vn 0.9863 0.1645 -0.0107
vn 0.9885 0.1511 0.0100
vn 0.9987 -0.0515 0.0004
vn 0.9987 -0.0515 -0.0004
vn -0.0023 0.9705 0.2412
vn -0.0013 0.9725 0.2328
vn -0.0002 0.9810 0.1940
vn -0.0839 0.9695 0.2301
vn -0.7357 0.5988 -0.3166
vn -0.6688 0.6261 -0.4010
vn -0.6744 0.4777 -0.5630
vn 0.9638 0.0019 0.2668
vn 0.9815 0.0034 0.1913
vn 0.9787 -0.0311 0.2031
vn 0.8675 -0.2381 -0.4368
vn 0.8244 -0.2461 -0.5097
vn 0.8618 -0.2578 -0.4369
vn 0.5053 0.8626 0.0265
vn 0.5043 0.8623 0.0458
vn 0.5925 0.8052 0.0248
vn 0.6736 0.7389 0.0153
vn 0.5466 -0.0188 0.8372
vn 0.6100 -0.0235 0.7920
vn 0.6040 -0.0435 0.7958
vn 0.3663 0.4882 0.7921
vn 0.3841 0.4590 0.8011
vn 0.5138 0.3629 0.7774
vn 0.8976 -0.0753 0.4343
vn 0.4862 0.0460 -0.8727
vn 0.4269 0.2340 -0.8735
vn 0.7770 -0.3645 0.5132
vn -0.7419 -0.2212 -0.6329
vn 0.7776 -0.4493 0.4399
vn 0.7641 -0.4716 0.4402
vn 0.7422 -0.4290 0.5148
vn 0.7352 -0.3446 0.5837
vn 0.8576 -0.1051 0.5034
vn 0.8478 -0.1547 0.5073
vn 0.9167 -0.1690 0.3621
vn 0.9422 -0.1740 0.2862
vn 0.9337 -0.2175 0.2845
vn 0.7567 -0.1350 0.6397
vn 0.8049 -0.1459 0.5753
vn 0.7962 -0.1829 0.5767
vn 0.1170 -0.1278 0.9849
vn -0.9755 0.0606 0.2114
vn -0.9290 -0.1678 0.3300
vn -0.8558 -0.2377 0.4595
vn -0.9498 -0.0754 0.3037
vn -0.9580 -0.1757 0.2265
vn -0.9702 -0.1893 0.1515
vn -0.0355 -0.6894 -0.7235
vn -0.9292 -0.2031 0.3087
vn -0.2416 0.3388 0.9093
vn -0.1385 0.9284 0.3448
vn -0.9526 -0.2248 0.2049
vn -0.9100 -0.3103 0.2749
vn 0.0616 0.7623 0.6442
vn 0.0538 0.7209 0.6910
vn 0.2962 0.8351 0.4635
vn 0.4021 0.7066 0.5823
vn 0.4490 0.6309 0.6327
vn 0.5084 0.6327 0.5841
vn 0.6523 0.6573 0.3774
vn 0.5278 0.7874 0.3184
vn 0.4953 0.7847 0.3728
vn 0.4200 0.8452 0.3306
vn 0.8473 -0.4229 -0.3213
vn 0.5846 -0.6523 0.4825
vn 0.5849 -0.5974 0.5487
vn 0.1996 -0.7290 0.6548
vn 0.0323 -0.7230 0.6901
vn 0.0483 -0.7024 0.7102
vn 0.0654 -0.7203 0.6905
vn 0.0353 -0.6772 0.7349
vn 0.0571 -0.5604 0.8263
vn 0.0576 -0.5611 0.8257
vn 0.0762 -0.5729 0.8161
vn 0.1068 -0.5947 0.7968
vn 0.7632 -0.2823 0.5813
vn 0.8737 0.4865 -0.0019
vn 0.7660 0.6428 -0.0017
vn 0.8240 0.5666 -0.0014
vn -0.8309 -0.5509 0.0779
vn -0.8305 -0.5515 0.0781
vn -0.6083 -0.7937 -0.0064
vn -0.6177 -0.7864 -0.0039
vn 0.6058 -0.3501 0.7145
vn 0.8230 -0.3048 0.4793
vn 0.7498 -0.3613 0.5544
vn 0.9966 0.0811 0.0157
vn 0.9665 0.2373 0.0976
vn 0.9812 0.1825 0.0634
vn -0.1941 0.0214 0.9807
vn -0.1965 0.0089 0.9805
vn -0.1986 -0.0025 0.9801
vn -0.2079 -0.0236 0.9779
vn -0.2016 -0.0477 0.9783
vn -0.1967 -0.0703 0.9779
vn -0.1896 -0.0877 0.9779
vn -0.1326 -0.0862 0.9874
vn -0.1306 -0.0780 0.9884
vn -0.1280 -0.0749 0.9889
vn -0.1233 -0.0776 0.9893
vn -0.1219 -0.0853 0.9889
vn -0.0996 -0.0888 0.9911
vn -0.0985 -0.0661 0.9929
vn -0.0997 -0.0648 0.9929
vn -0.1011 -0.0474 0.9937
vn -0.1024 -0.0331 0.9942
vn -0.1048 -0.0152 0.9944
vn -0.1044 0.0145 0.9944
vn -0.1164 0.0474 0.9921
vn -0.1518 0.0865 0.9846
vn -0.1533 0.0783 0.9851
vn -0.1545 0.0750 0.9851
vn -0.1558 0.0770 0.9848
vn -0.1569 0.0858 0.9839
vn -0.1569 0.0947 0.9831
vn -0.1883 0.0607 0.9802
vn 0.7373 -0.6648 0.1201
vn 0.7831 -0.3194 0.5336
vn 0.7689 -0.2286 0.5970
vn 0.7817 -0.1894 0.5942
vn 0.9873 0.0431 0.1529
vn -0.0626 0.8425 -0.5351
vn -0.0522 0.8374 -0.5441
vn 0.0078 0.8035 -0.5952
vn 0.4544 -0.5197 0.7235
vn 0.4943 -0.5631 0.6623
vn 0.4640 -0.5834 0.6666
vn 0.1196 -0.4547 0.8826
vn 0.1098 -0.3277 0.9384
vn 0.1092 -0.2811 0.9534
vn 0.1110 -0.2421 0.9639
vn 0.1195 -0.2134 0.9696
vn 0.1254 -0.2052 0.9707
vn 0.2162 -0.2463 0.9448
vn 0.2277 -0.1524 0.9617
vn 0.2902 -0.1795 0.9400
vn 0.4215 -0.2605 0.8686
vn 0.4157 -0.3787 0.8269
vn 0.3501 -0.3206 0.8801
vn 0.3164 -0.3683 0.8742
vn 0.2917 -0.3842 0.8759
vn 0.2838 -0.3853 0.8780
vn 0.3127 -0.3518 0.8823
vn 0.2478 -0.3124 0.9171
vn 0.3803 -0.4216 0.8232
vn 0.3817 -0.4320 0.8171
vn 0.2963 -0.4428 0.8463
vn 0.2076 -0.4392 0.8741
vn 0.6307 -0.7637 0.1376
vn 0.9840 0.1213 -0.1305
vn 0.9960 0.0478 -0.0749
vn 0.9965 0.0499 -0.0675
vn 0.9545 -0.1575 0.2531
vn 0.9978 0.0515 -0.0422
vn 0.9952 0.0906 0.0384
vn 0.9994 -0.0216 -0.0268
vn 0.9938 -0.1073 -0.0282
vn -0.2639 0.9514 0.1584
vn -0.5490 0.8225 0.1486
vn -0.4582 0.8755 0.1535
vn -0.8433 0.5355 -0.0452
vn -0.8328 0.5274 0.1681
vn -0.8133 0.5142 0.2724
vn -0.5928 0.7648 0.2524
vn -0.6114 0.7905 -0.0362
vn -0.1777 0.5563 -0.8118
vn -0.1797 0.6365 -0.7501
vn -0.2461 0.6116 -0.7519
vn -0.2551 0.6879 -0.6795
vn -0.1799 0.7104 -0.6804
vn -0.0501 0.7851 -0.6174
vn -0.0731 0.6970 -0.7133
vn -0.0432 0.7563 -0.6528
vn -0.0515 0.6399 -0.7668
vn -0.0611 0.4337 -0.8990
vn -0.1057 0.2717 -0.9565
vn -0.1612 0.2847 -0.9450
vn -0.1685 0.3795 -0.9097
vn -0.2426 0.3158 -0.9173
vn -0.2997 0.4941 -0.8161
vn 0.3144 -0.3513 0.8819
vn -0.9283 0.3708 0.0257
vn -0.9256 0.3776 0.0260
vn -0.9273 0.3734 0.0261
vn -0.9315 0.3629 0.0260
vn 0.6684 0.1050 0.7364
vn 0.6338 -0.0404 0.7724
vn -0.8903 0.0258 0.4546
vn -0.9157 0.1007 0.3891
vn -0.9240 0.2841 0.2560
vn -0.6722 0.1381 0.7274
vn -0.5920 0.1225 0.7966
vn -0.5065 0.0969 0.8568
vn -0.4924 0.1641 0.8548
vn -0.4906 0.1713 0.8544
vn -0.5743 0.1993 0.7940
vn -0.4853 0.1697 0.8577
vn -0.4875 0.1837 0.8536
vn -0.4287 0.2915 0.8551
vn -0.5153 0.3214 0.7944
vn 0.7395 -0.3845 0.5525
vn 0.9119 -0.3214 0.2552
vn 0.7639 0.5575 0.3251
vn 0.7284 0.5558 0.4007
vn 0.7714 0.4664 0.4329
vn 0.8306 0.4615 0.3117
vn 0.8564 0.4680 0.2182
vn 0.8010 0.5601 0.2113
vn -0.6467 0.5973 -0.4743
vn -0.7056 0.4319 -0.5618
vn -0.5930 0.7646 -0.2524
vn -0.5243 0.6744 -0.5199
vn -0.4224 -0.9047 0.0560
vn -0.4214 -0.9016 0.0979
vn -0.4739 -0.8786 0.0601
vn -0.4715 -0.8818 0.0110
vn 0.9405 0.1753 0.2912
vn 0.9395 0.1610 0.3024
vn 0.9368 0.2853 0.2026
vn 0.9370 0.2846 0.2026
vn 0.9414 0.2065 0.2668
vn 0.5325 -0.8224 -0.2003
vn 0.4750 -0.8694 -0.1362
vn 0.4105 -0.9093 -0.0686
vn 0.5746 -0.7793 -0.2499
vn 0.5884 -0.7633 -0.2668
vn 0.5998 0.7918 -0.1155
vn 0.5403 -0.3902 0.7455
vn 0.6144 -0.3697 0.6970
vn 0.6158 -0.3773 0.6916
vn 0.5419 -0.4012 0.7385
vn 0.3804 -0.4217 0.8231
vn 0.4624 -0.4077 0.7874
vn 0.4638 -0.4172 0.7816
vn 0.2015 -0.4611 0.8641
vn 0.8981 -0.2280 0.3759
vn 0.9344 -0.1909 0.3008
vn 0.9375 -0.2107 0.2770
vn -0.4578 -0.1891 -0.8687
vn -0.5725 -0.2798 -0.7707
vn -0.7688 -0.2003 -0.6073
vn -0.7405 -0.1495 -0.6553
vn -0.6397 -0.0680 -0.7656
vn 0.4639 -0.4172 0.7815
vn 0.9022 -0.2540 0.3487
vn 0.9375 -0.2108 0.2769
vn 0.9403 -0.2281 0.2525
vn 0.8596 -0.2962 0.4164
vn 0.5411 0.4554 -0.7070
vn 0.5246 0.4750 -0.7065
vn 0.7076 0.5301 -0.4673
vn 0.6889 0.4714 -0.5506
vn 0.6087 0.4805 -0.6314
vn 0.9057 -0.2781 0.3199
vn 0.0896 -0.1772 -0.9801
vn 0.1490 -0.2986 -0.9427
vn 0.8545 -0.5188 0.0257
vn 0.5619 -0.5678 0.6016
vn 0.6353 -0.5314 0.5603
vn 0.6378 -0.5619 0.5268
vn 0.9344 -0.3557 0.0207
vn 0.9114 -0.3113 0.2693
vn 0.9463 -0.2618 0.1896
vn 0.8697 -0.3679 0.3289
vn 0.9136 -0.3269 0.2417
vn 0.9364 0.2629 -0.2324
vn 0.9136 -0.3270 0.2417
vn 0.9487 -0.2711 0.1629
vn 0.3784 -0.0625 0.9235
vn 0.3340 -0.0238 0.9423
vn 0.3458 0.0008 0.9383
vn 0.4395 -0.0961 0.8931
vn 0.4542 -0.2117 0.8654
vn 0.2267 -0.1307 0.9652
vn 0.3102 -0.1169 0.9435
vn 0.2608 -0.0944 0.9608
vn 0.3043 -0.0481 0.9514
vn 0.3190 -0.0311 0.9472
vn 0.1562 -0.8075 0.5688
vn 0.1516 -0.7701 0.6197
vn 0.2408 -0.7530 0.6124
vn -0.9911 0.1327 0.0094
vn -0.9771 0.0772 -0.1982
vn -0.9534 0.1678 -0.2507
vn -0.9594 0.1897 -0.2088
vn 0.9894 -0.1455 -0.0040
vn 0.8870 -0.0654 0.4572
vn 0.8675 -0.1115 0.4847
vn 0.9037 -0.0185 0.4277
vn 0.9217 0.0468 0.3850
vn 0.9359 0.0484 0.3490
vn 0.9278 0.0734 0.3659
vn 0.9169 0.0264 0.3982
vn 0.9034 -0.0197 0.4284
vn 0.5893 -0.7301 0.3459
vn 0.6593 -0.6803 0.3202
vn 0.6604 -0.6824 0.3134
vn 0.2657 -0.8675 0.4206
vn 0.3524 -0.8467 0.3987
vn 0.8981 -0.4000 0.1830
vn -0.1752 0.3108 0.9342
vn -0.0232 0.1301 0.9912
vn -0.0070 0.0999 0.9950
vn 0.4346 -0.8160 0.3813
vn 0.4469 -0.8349 0.3214
vn 0.8419 -0.5070 0.1849
vn 0.9257 -0.3634 0.1050
vn 0.9560 -0.2833 0.0756
vn 0.9573 -0.2832 0.0585
vn 1.0000 -0.0021 -0.0015
vn 1.0000 -0.0019 -0.0020
vn 0.9947 0.1029 -0.0086
vn 0.9931 0.1170 -0.0037
vn 0.9962 0.0849 -0.0191
vn 0.9500 0.2785 -0.1411
vn 0.8853 0.4117 -0.2163
vn 0.8623 0.4688 -0.1914
vn 0.9416 -0.3270 0.0804
vn 0.9289 -0.3630 0.0726
vn 0.8925 -0.4401 0.0987
vn 0.8228 -0.5645 0.0661
vn 0.8011 -0.5849 0.1271
vn 0.8583 -0.4968 0.1287
vn 0.8458 -0.5120 0.1500
vn 0.7416 -0.4304 -0.5146
vn -0.7676 0.3019 -0.5654
vn -0.4445 0.1920 -0.8749
vn -0.5339 0.1539 -0.8314
vn -0.6757 0.1824 -0.7143
vn -0.7387 0.1944 -0.6454
vn 0.8414 -0.5077 0.1853
vn 0.7898 -0.5754 0.2125
vn 0.7843 -0.5656 0.2549
vn 0.5888 -0.7303 0.3463
vn 0.5138 -0.7743 0.3695
vn 0.5056 -0.7498 0.4269
vn 0.1796 -0.8885 0.4223
vn 0.2673 -0.8710 0.4122
vn 0.1518 -0.7695 0.6204
vn 0.9720 -0.1949 0.1312
vn -0.0320 0.9328 -0.3590
vn 0.0043 0.9957 -0.0924
vn 0.1087 0.9897 -0.0930
vn 0.1813 0.9169 -0.3555
vn 0.5618 -0.5678 0.6017
vn 0.9873 -0.1251 0.0980
vn -0.9579 0.2038 -0.2023
vn 0.8670 -0.4020 0.2946
vn 0.8854 -0.4036 0.2305
vn 0.8447 -0.4707 0.2547
vn 0.8164 -0.4911 0.3038
vn 0.8326 -0.4432 0.3322
vn 0.8586 -0.4300 0.2790
vn 0.8375 -0.4264 0.3417
vn 0.8629 -0.4160 0.2869
vn 0.8423 -0.4093 0.3508
vn 0.8512 -0.3731 0.3690
vn 0.8751 -0.3718 0.3098
vn 0.5822 0.7497 -0.3147
vn 0.6043 0.7566 -0.2495
vn 0.5465 0.8161 -0.1880
vn 0.5659 0.8141 -0.1308
vn 0.5782 0.8054 -0.1302
vn 0.5460 0.8167 -0.1866
vn 0.5262 0.8140 -0.2461
vn 0.5245 0.8164 -0.2417
vn 0.5040 0.8088 -0.3031
vn 0.5507 0.7819 -0.2921
vn 0.6929 0.6824 -0.2327
vn 0.6611 0.7248 -0.1937
vn 0.7514 0.6487 -0.1206
vn 0.6917 0.7109 -0.1269
vn 0.7147 0.6958 -0.0707
vn 0.5970 0.7988 -0.0743
vn 0.6070 0.7923 -0.0611
vn 0.8137 0.5813 -0.0068
vn 0.6425 0.6976 -0.3171
vn 0.6601 0.6435 -0.3876
vn 0.9042 -0.2495 0.3466
vn 0.8595 -0.2962 0.4165
vn 0.8551 -0.2625 0.4472
vn -0.4474 0.8428 -0.2991
vn -0.5246 0.7445 -0.4129
vn -0.3850 0.8649 -0.3220
vn -0.3725 0.8689 -0.3259
vn -0.3835 0.8675 -0.3169
vn 0.6522 0.7350 -0.1853
vn 0.6560 0.7317 -0.1850
vn 0.4623 0.8662 -0.1897
vn 0.4500 0.8722 -0.1918
vn 0.8096 -0.3950 0.4341
vn 0.9257 -0.2531 0.2811
vn 0.9060 -0.2278 0.3567
vn 0.9271 -0.1290 0.3520
vn -0.8044 0.4465 -0.3919
vn -0.7801 0.4855 -0.3946
vn -0.7086 0.6254 -0.3267
vn -0.6912 0.6618 -0.2904
vn -0.8100 0.4415 -0.3859
vn 0.5414 -0.2015 0.8163
vn 0.5037 -0.3839 0.7739
vn 0.4828 -0.2983 0.8234
vn 0.4493 -0.3425 0.8251
vn 0.7099 -0.4306 0.5574
vn 0.9967 0.0778 0.0217
vn 0.9994 0.0313 0.0139
vn 0.6055 -0.2508 -0.7553
vn 0.9952 0.0908 0.0365
vn 0.9852 0.1360 0.1039
vn 0.9904 0.1353 0.0268
vn 0.0409 0.9955 0.0860
vn -0.0065 0.9959 0.0903
vn -0.0112 0.9929 0.1185
vn -0.0141 0.9913 0.1312
vn -0.0167 0.9902 0.1384
vn -0.0223 0.9886 0.1489
vn 0.6758 -0.6149 0.4065
vn 0.5910 -0.6356 0.4968
vn 0.6130 -0.7260 0.3116
vn 0.9928 -0.1094 -0.0488
vn 0.9887 -0.1327 -0.0693
vn 0.9815 -0.1888 -0.0320
vn 0.9851 -0.1711 -0.0168
vn 0.6519 -0.7350 0.1866
vn 0.6979 0.6115 0.3727
vn 0.6875 0.6283 0.3640
vn 0.6688 0.6269 0.3996
vn 0.6168 0.6490 0.4453
vn 0.5845 0.6626 0.4684
vn 0.6476 0.6336 0.4233
vn 0.9828 0.0609 -0.1745
vn 0.9821 0.0191 -0.1876
vn 0.9797 -0.0206 -0.1995
vn 0.9770 -0.0465 -0.2079
vn 0.9554 -0.0673 -0.2875
vn 0.9524 -0.0988 -0.2885
vn 0.9748 -0.0698 -0.2118
vn 0.9854 -0.1045 -0.1342
vn 0.9803 -0.1474 -0.1312
vn 0.9875 -0.1492 -0.0515
vn 0.1826 -0.0533 -0.9817
vn 0.1503 0.0031 -0.9886
vn 0.1754 0.0170 -0.9844
vn 0.1947 -0.0223 -0.9806
vn 0.1996 -0.0449 -0.9788
vn 0.1980 -0.0470 -0.9791
vn 0.4287 -0.0701 -0.9007
vn 0.4299 -0.0561 -0.9011
vn 0.6781 -0.7048 0.2084
vn 0.6629 -0.6899 0.2908
vn 0.7110 -0.6421 0.2867
vn 0.8046 -0.3019 0.5113
vn 0.7818 -0.2315 0.5790
vn 0.9369 0.2849 0.2028
vn 0.9226 0.3610 0.1361
vn 0.9370 0.2847 0.2027
vn 0.9413 0.2067 0.2667
vn 0.8555 -0.1048 0.5071
vn 0.8330 -0.0672 0.5492
vn 0.3421 0.0078 0.9396
vn 0.4045 -0.9081 0.1078
vn 0.7884 -0.0368 0.6141
vn -0.5669 -0.8070 -0.1656
vn -0.3744 0.6983 0.6101
vn 0.4843 0.0013 0.8749
vn 0.4145 0.0045 0.9100
vn 0.4155 0.0232 0.9093
vn 0.9652 0.0549 0.2558
vn 0.9310 0.0201 0.3645
vn 0.9400 0.1084 0.3234
vn 0.9251 -0.3721 0.0758
vn 0.8897 -0.4495 0.0798
vn 0.7946 -0.1048 -0.5980
vn 0.5270 0.6801 0.5096
vn 0.5539 0.7576 0.3454
vn 0.4839 0.7524 0.4470
vn 0.4414 0.7785 0.4463
vn 0.4459 0.7454 0.4954
vn 0.5531 0.6716 0.4930
vn 0.3441 0.2244 0.9117
vn 0.3587 0.1897 0.9140
vn 0.2839 0.1667 0.9442
vn -0.2015 -0.3008 0.9322
vn -0.1963 -0.3145 0.9287
vn -0.0508 -0.4138 0.9089
vn -0.0207 -0.4262 0.9044
vn -0.0165 -0.4287 0.9033
vn -0.0037 -0.4354 0.9002
vn 0.0340 -0.4684 0.8829
vn 0.0389 -0.4819 0.8754
vn 0.0298 -0.4665 0.8840
vn 0.0237 -0.4916 0.8705
vn 0.0138 -0.4628 0.8864
vn 0.0084 -0.4831 0.8755
vn 0.0006 -0.4579 0.8890
vn -0.0120 -0.4750 0.8799
vn -0.0315 -0.4327 0.9010
vn -0.0555 -0.3370 0.9399
vn -0.0789 -0.2757 0.9580
vn -0.0794 -0.2766 0.9577
vn -0.2160 -0.1632 0.9627
vn -0.2091 -0.2371 0.9487
vn -0.2043 -0.2766 0.9390
vn -0.2627 0.2008 0.9437
vn -0.2010 0.2565 0.9454
vn -0.3150 0.4042 0.8587
vn 0.9820 -0.1638 -0.0943
vn 0.9881 -0.0954 -0.1203
vn 0.9842 -0.0569 -0.1675
vn 0.9841 -0.1152 -0.1350
vn -0.6870 0.0856 -0.7216
vn -0.6797 -0.0567 -0.7313
vn -0.6113 -0.0546 -0.7895
vn -0.6103 -0.1334 -0.7809
vn -0.7944 -0.1634 -0.5850
vn -0.7996 -0.0596 -0.5976
vn -0.8500 -0.0603 -0.5233
vn -0.5482 0.0467 0.8350
vn -0.7776 -0.0060 0.6288
vn -0.5910 0.7549 -0.2843
vn -0.5724 0.7313 -0.3708
vn 0.0083 -0.6163 -0.7875
vn 0.5983 0.3344 -0.7282
vn 0.4392 0.5800 -0.6861
vn 0.4250 0.5070 -0.7499
vn 0.4664 0.4440 -0.7651
vn 0.5052 0.3789 -0.7754
vn 0.5387 0.3129 -0.7822
vn 0.1356 0.6148 0.7769
vn 0.6191 0.7480 0.2392
vn 0.9483 -0.3171 0.0122
vn 0.9552 -0.2934 0.0388
vn 0.9686 -0.2377 0.0734
vn 0.9721 -0.2257 0.0642
vn 0.9587 -0.2828 0.0309
vn 0.9774 -0.2056 0.0486
vn 0.3506 -0.4102 -0.8419
vn 0.3368 -0.4283 -0.8385
vn 0.3898 -0.4974 -0.7751
vn 0.3929 -0.4829 -0.7825
vn 0.4081 -0.4530 -0.7926
vn 0.4276 -0.4291 -0.7956
vn 0.8184 -0.3802 0.4309
vn 0.4623 -0.3289 -0.8235
vn -0.6054 0.5989 0.5242
vn 0.5839 -0.4211 -0.6941
vn -0.6487 0.4778 0.5924
vn -0.5655 0.5689 0.5971
vn -0.9102 -0.2566 -0.3250
vn 0.1772 0.6074 -0.7744
vn 0.6031 -0.5422 -0.5850
vn 0.0319 -0.6256 0.7795
vn 0.6384 -0.5504 -0.5381
vn 0.3485 -0.4273 -0.8342
vn 0.7617 -0.0646 -0.6446
vn 0.4329 -0.3514 -0.8301
vn 0.4585 -0.3265 -0.8265
vn -0.9432 -0.0033 0.3323
vn 0.2747 0.6967 0.6627
vn 0.6380 0.6487 0.4149
vn 0.6514 0.6580 0.3778
vn 0.7066 0.5999 0.3754
vn 0.7340 0.6034 0.3118
vn 0.6433 0.7088 0.2893
vn 0.3549 0.7077 0.6108
vn 0.5532 0.6715 0.4931
vn 0.4897 0.6878 0.5358
vn 0.4932 0.6877 0.5328
vn 0.5166 0.6875 0.5103
vn 0.4437 0.7074 0.5502
vn 0.4650 0.7152 0.5218
vn 0.5170 0.6874 0.5101
vn 0.9218 0.3725 0.1073
vn 0.9466 0.3115 0.0831
vn -0.6747 0.4796 0.5611
vn -0.7894 0.1665 0.5909
vn 0.6093 0.6564 0.4448
vn 0.5393 0.6886 0.4847
vn 0.5589 0.6904 0.4594
vn 0.8013 0.5201 -0.2957
vn 0.8015 0.4689 -0.3711
vn -0.0155 -0.9344 -0.3558
vn 0.6306 0.6248 0.4603
vn 0.7269 0.6841 0.0610
vn 0.5193 -0.1067 -0.8479
vn 0.5471 -0.2237 -0.8066
vn 0.4243 -0.8235 0.3765
vn 0.4717 -0.7366 0.4847
vn 0.9399 -0.2833 -0.1906
vn 0.9748 -0.1052 -0.1965
vn 0.9770 -0.0819 -0.1970
vn 0.9502 -0.2456 -0.1920
vn 0.9352 -0.1644 -0.3135
vn 0.9156 -0.1494 -0.3732
vn 0.9395 -0.2092 -0.2713
vn 0.9497 -0.1829 -0.2544
vn 0.9586 -0.1565 -0.2379
vn 0.9514 -0.1170 -0.2850
vn 0.9184 -0.3505 0.1833
vn 0.9159 -0.3408 0.2122
vn 0.9506 -0.2774 0.1395
vn 0.9524 -0.2812 0.1180
vn 0.9551 -0.2759 0.1076
vn 0.9493 -0.3097 0.0540
vn 0.9510 -0.3048 0.0511
vn 0.9536 -0.2978 0.0453
vn 0.9256 -0.3785 0.0065
vn 0.9616 -0.2568 0.0967
vn 0.9525 -0.2998 0.0528
vn -0.1265 -0.7544 -0.6442
vn -0.1475 -0.6931 -0.7056
vn 0.0359 -0.6865 -0.7262
vn 0.3632 -0.7481 -0.5553
vn 0.2721 -0.7751 -0.5702
vn 0.2812 -0.7950 -0.5375
vn -0.2594 0.9520 0.1624
vn 0.0036 0.9921 0.1256
vn -0.0877 0.9882 0.1258
vn -0.0885 0.9920 0.0904
vn -0.2748 0.9576 0.0868
vn 0.6278 0.1621 -0.7613
vn 0.6279 0.2402 -0.7403
vn 0.7424 0.1888 -0.6428
vn 0.7405 0.2635 -0.6183
vn 0.8364 0.2051 -0.5083
vn 0.9623 -0.2546 -0.0956
vn 0.9479 -0.3135 0.0563
vn 0.3260 0.8919 0.3136
vn 0.2277 0.9205 0.3175
vn 0.2258 0.9274 0.2983
vn 0.9988 -0.0003 0.0480
vn 0.9983 0.0545 0.0214
vn 0.3912 0.7040 -0.5928
vn 0.3338 0.7140 -0.6155
vn 0.4097 0.7052 -0.5787
vn 0.3986 0.6933 -0.6004
vn 0.3662 0.7107 -0.6006
vn 0.1412 0.7144 -0.6853
vn 0.2133 0.6681 -0.7128
vn 0.2153 0.6546 -0.7247
vn 0.2131 0.6586 -0.7217
vn 0.3674 0.7532 -0.5456
vn 0.4075 0.7361 -0.5404
vn 0.4355 0.7241 -0.5349
vn 0.3919 0.6751 -0.6250
vn -0.2408 -0.5599 0.7928
vn -0.2634 0.9647 -0.0044
vn 0.8963 0.4127 0.1621
vn 0.8925 0.4213 0.1610
vn 0.8710 0.4587 0.1759
vn 0.9722 0.2338 0.0141
vn 0.8893 0.4402 -0.1240
vn 0.8487 0.4954 -0.1854
vn 0.8116 0.5479 -0.2026
vn 0.8816 0.4543 -0.1281
vn 0.8452 0.5143 -0.1453
vn 0.9092 0.4103 -0.0701
vn 0.8659 0.4980 -0.0474
vn 0.9380 0.3466 -0.0074
vn 0.4886 0.8122 0.3189
vn 0.5015 0.8038 0.3200
vn 0.4069 0.8483 0.3390
vn 0.9935 0.1126 0.0161
vn 0.9915 0.1298 -0.0026
vn 0.9326 0.1252 -0.3386
vn 0.9104 0.0648 -0.4086
vn 0.9036 0.1170 -0.4121
vn 0.8925 0.1806 -0.4133
vn 0.9182 0.3705 0.1401
vn 0.2276 0.9205 0.3175
vn 0.9900 -0.1315 -0.0515
vn 0.9991 -0.0433 -0.0047
vn 0.9951 -0.0976 0.0173
vn 0.4427 0.8545 0.2718
vn 0.4199 0.8547 0.3052
vn 0.8030 -0.2703 -0.5311
vn 0.7783 -0.3309 -0.5337
vn 0.8154 -0.3463 -0.4640
vn 0.8487 -0.2621 -0.4593
vn 0.8252 0.5206 0.2190
vn 0.8783 0.4338 0.2010
vn 0.8644 0.4626 0.1970
vn 0.9554 0.2495 0.1577
vn 0.0736 0.7949 -0.6023
vn 0.2856 0.8931 -0.3477
vn 0.8608 0.3972 -0.3183
vn 0.8349 0.3818 -0.3966
vn 0.8812 0.2708 -0.3874
vn 0.9114 0.1876 -0.3661
vn 0.8876 0.1845 -0.4221
vn 0.9127 0.0730 -0.4021
vn 0.9767 0.1104 0.1838
vn 0.9465 0.1862 0.2634
vn 0.9406 0.2147 0.2631
vn 0.9633 0.1938 0.1859
vn 0.9858 0.1306 0.1056
vn 0.8937 -0.4103 0.1816
vn 0.8791 -0.4203 0.2249
vn 0.9214 -0.3563 0.1552
vn 0.9528 -0.2810 0.1150
vn -0.8637 0.0420 -0.5023
vn -0.8310 0.2502 -0.4969
vn -0.8263 0.3363 -0.4517
vn -0.8726 0.3106 -0.3770
vn -0.8956 0.2977 -0.3305
vn -0.9125 0.1114 -0.3936
vn -0.9371 0.0976 -0.3352
vn -0.9372 -0.0008 -0.3487
vn 0.5543 0.6546 -0.5140
vn 0.3230 0.6517 -0.6862
vn 0.3334 0.7146 -0.6149
vn 0.3582 0.6804 -0.6394
vn 0.3922 0.7060 -0.5897
vn 0.5158 0.5659 -0.6432
vn 0.7675 0.5343 0.3542
vn 0.7048 0.3703 -0.6051
vn 0.5870 0.6726 -0.4506
vn 0.4730 0.7870 0.3961
vn 0.4484 0.7984 0.4019
vn -0.4592 -0.4986 0.7352
vn -0.6352 -0.3751 0.6751
vn -0.6192 -0.4260 0.6596
vn -0.5751 -0.5916 0.5650
vn -0.4169 -0.6395 0.6460
vn 0.8393 -0.1461 -0.5237
vn 0.8273 -0.1955 -0.5267
vn 0.8100 -0.2515 -0.5298
vn 0.8666 -0.2034 -0.4557
vn 0.8863 -0.1080 -0.4504
vn -0.9519 -0.3065 -0.0061
vn -0.9199 -0.3921 -0.0069
vn -0.9993 -0.0382 -0.0031
vn -0.9758 -0.2188 -0.0049
vn 0.6184 0.5636 -0.5477
vn 0.6229 0.4795 -0.6181
vn 0.6602 0.4330 -0.6137
vn 0.6965 0.4689 -0.5431
vn 0.6687 0.5124 -0.5388
vn 0.6422 0.6085 -0.4662
vn 0.6084 0.6430 -0.4651
vn 0.5886 0.5922 -0.5503
vn 0.9708 0.1838 -0.1544
vn 0.7633 0.6019 0.2347
vn 0.9203 -0.3350 -0.2022
vn 0.9397 -0.3417 -0.0155
vn 0.9310 -0.3389 -0.1354
vn 0.9151 0.4025 -0.0251
vn 0.8680 0.4962 -0.0187
vn 0.8683 0.4960 -0.0099
vn 0.9148 0.4036 -0.0157
vn 0.9519 0.3058 -0.0190
vn -0.3613 -0.6537 0.6650
vn -0.3357 -0.6891 0.6422
vn -0.3965 -0.6381 0.6600
vn -0.5541 -0.5693 0.6074
vn -0.6200 -0.5359 0.5731
vn 0.7493 -0.6259 -0.2163
vn 0.9230 0.3846 -0.0151
vn 0.9140 0.4058 0.0052
vn 0.6760 0.6195 -0.3990
vn 0.5851 0.6626 -0.4676
vn 0.8323 -0.4868 0.2651
vn 0.9102 0.3212 -0.2615
vn 0.8315 0.4412 -0.3376
vn 0.4274 0.4238 0.7986
vn 0.4276 0.2885 0.8567
vn 0.4975 0.2680 0.8250
vn 0.5647 0.2455 0.7879
vn 0.6875 0.1966 0.6991
vn 0.6851 0.3334 0.6477
vn 0.1423 0.6191 -0.7723
vn 0.1416 0.6301 -0.7635
vn 0.1436 0.6668 -0.7313
vn 0.1388 0.7583 -0.6369
vn 0.1183 0.7087 -0.6956
vn -0.7688 0.0615 -0.6365
vn -0.8035 0.0537 -0.5929
vn -0.8605 -0.0798 -0.5031
vn -0.8928 -0.0857 -0.4421
vn -0.8594 0.0775 -0.5053
vn -0.7828 0.2496 -0.5700
vn -0.7873 0.1450 -0.5993
vn 0.0779 0.7341 0.6746
vn 0.0339 0.8192 0.5725
vn -0.3819 0.8682 0.3169
vn -0.3706 0.7769 0.5090
vn 0.7075 0.6415 0.2964
vn 0.6925 0.6113 0.3831
vn 0.6496 0.6590 0.3791
vn -0.5836 0.2020 -0.7865
vn 0.5966 -0.7454 0.2975
vn 0.6729 -0.6970 0.2478
vn 0.6875 -0.6656 0.2904
vn 0.9877 -0.1565 0.0031
vn 0.8186 -0.4024 0.4098
vn 0.8047 -0.2952 0.5151
vn 0.6947 -0.3642 0.6203
vn 0.6299 -0.4630 0.6236
vn 0.7911 -0.2885 0.5394
vn 0.8114 -0.2845 0.5106
vn 0.9107 -0.3116 0.2713
vn 0.8696 -0.3680 0.3291
vn 0.8760 -0.4068 0.2593
vn 0.8214 -0.4221 0.3836
vn 0.7634 -0.4495 0.4638
vn 0.7587 -0.4133 0.5036
vn 0.6548 0.7558 0.0039
vn 0.6963 0.7142 -0.0719
vn 0.5259 0.6806 -0.5102
vn -0.5681 -0.4599 -0.6825
vn -0.7379 -0.4863 -0.4680
vn -0.7426 -0.4262 -0.5166
vn -0.7591 -0.3378 -0.5565
vn -0.6948 -0.2681 -0.6674
vn -0.5402 -0.3601 -0.7606
vn 0.8726 -0.4810 0.0849
vn 0.8853 -0.4651 -0.0004
vn 0.9429 -0.2439 -0.2270
vn 0.9277 -0.2917 -0.2329
vn 0.2557 0.9479 0.1900
vn 0.2357 0.9239 0.3015
vn 0.1568 0.8661 0.4747
vn 0.1461 0.8280 0.5414
vn 0.1603 0.8615 0.4817
vn 0.8024 -0.5237 0.2864
vn 0.8477 -0.4841 0.2169
vn 0.8428 -0.4964 0.2081
vn 0.9285 -0.3629 0.0786
vn 0.7699 -0.2801 0.5734
vn 0.8173 -0.2075 0.5375
vn 0.8445 -0.1586 0.5115
vn 0.8777 -0.0884 0.4710
vn 0.8892 -0.1403 0.4355
vn 0.9935 0.0111 -0.1134
vn 0.5892 -0.6943 0.4132
vn 0.5875 -0.6926 0.4185
vn 0.5967 -0.7464 0.2946
vn 0.5864 -0.7656 0.2647
vn -0.8957 0.4446 -0.0105
vn -0.7898 0.6133 -0.0097
vn 0.9203 -0.3348 -0.2022
vn 0.9231 -0.2929 -0.2494
vn 0.9282 -0.2814 -0.2433
vn 0.9332 -0.2698 -0.2374
vn 0.9379 -0.2592 -0.2307
vn 0.9435 -0.2819 -0.1743
vn 0.9470 -0.2732 -0.1690
vn 0.9501 -0.2645 -0.1654
vn 0.9530 -0.2574 -0.1596
vn 0.9507 -0.2271 -0.2114
vn 0.9465 -0.2374 -0.2186
vn 0.9352 -0.1649 -0.3133
vn 0.9153 -0.1500 -0.3738
vn 0.9076 -0.1684 -0.3845
vn 0.9161 -0.2636 -0.3022
vn -0.5911 0.2094 -0.7789
vn -0.7571 0.1047 -0.6448
vn 0.7070 -0.7072 -0.0000
vn 0.7405 -0.6721 -0.0000
vn 0.6226 0.7045 -0.3407
vn 0.9961 0.0851 0.0238
vn 0.4668 -0.4244 0.7759
vn 0.5444 -0.8189 -0.1819
vn 0.7387 -0.6484 -0.1843
vn 0.7134 -0.6759 -0.1850
vn 0.5240 -0.8323 -0.1809
vn 0.8363 -0.4719 0.2792
vn 0.8674 -0.4389 0.2344
vn 0.8836 -0.4021 0.2400
vn -0.2570 -0.7565 -0.6014
vn -0.1315 -0.6275 -0.7674
vn -0.1505 -0.6444 -0.7498
vn 0.0215 -0.5771 -0.8164
vn 0.0157 -0.5842 -0.8114
vn -0.0300 -0.6023 -0.7977
vn -0.0196 -0.6109 -0.7915
vn 0.0134 -0.6335 -0.7736
vn -0.3159 0.4037 -0.8586
vn -0.3149 0.4040 -0.8589
vn 0.4828 0.0444 0.8746
vn 0.9651 -0.2491 0.0813
vn 0.9552 -0.2935 0.0387
vn 0.9514 -0.3043 0.0465
vn 0.6694 -0.5084 0.5417
vn 0.6322 -0.4801 0.6081
vn 0.7104 -0.3625 0.6032
vn 0.7522 -0.3827 0.5364
vn 0.8872 -0.4070 -0.2171
vn 0.9278 -0.3389 -0.1557
vn 0.9278 -0.3391 -0.1557
vn 0.6060 0.3178 0.7292
vn 0.7710 -0.5835 -0.2553
vn 0.9312 0.3556 0.0799
vn 0.9639 0.2660 0.0110
vn 0.9937 0.1118 0.0009
vn 0.9958 0.0885 0.0238
vn 0.8878 0.3168 -0.3339
vn 0.9094 0.2427 -0.3378
vn 0.9087 0.3295 -0.2562
vn 0.8770 0.4117 -0.2477
vn -0.6464 0.7538 0.1182
vn -0.6156 0.7707 0.1646
vn -0.5483 0.8171 0.1779
vn -0.5766 0.8067 0.1296
vn 0.9412 0.2056 -0.2681
vn 0.8991 0.4324 -0.0686
vn 0.8986 0.4333 -0.0687
vn -0.5243 0.6742 0.5201
vn 0.8976 -0.0754 0.4343
vn 0.8929 -0.1134 0.4357
vn 0.8522 -0.0200 0.5228
vn 0.8359 -0.4209 -0.3523
vn 0.8838 -0.4020 -0.2393
vn 0.5297 0.0543 0.8464
vn 0.4054 -0.0903 0.9097
vn 0.7139 0.1695 0.6794
vn 0.6743 0.2653 0.6892
vn 0.6323 0.1967 0.7493
vn 0.9947 0.0855 0.0570
vn 0.9984 0.0560 -0.0043
vn 0.9947 0.0999 0.0231
vn 0.9527 0.3028 0.0253
vn 0.9515 0.3018 0.0601
vn 0.9513 0.2995 0.0727
vn 0.9510 0.2969 0.0866
vn 0.9508 0.2929 0.1015
vn 0.9925 0.1160 0.0382
vn 0.9754 0.1547 0.1570
vn 0.9397 -0.3419 -0.0002
vn 0.8721 -0.4718 -0.1301
vn 0.7304 -0.6783 0.0799
vn 0.6727 -0.7338 0.0952
vn 0.7028 -0.6984 0.1351
vn 0.7677 -0.5995 0.2265
vn 0.8052 -0.5617 0.1901
vn 0.7904 -0.5893 0.1672
vn 0.7818 -0.6038 0.1555
vn 0.8150 -0.5679 0.1152
vn 0.7835 -0.6180 0.0647
vn 0.8309 -0.5542 0.0490
vn 0.8021 -0.5972 0.0001
vn 0.6720 -0.7405 -0.0000
vn 0.7153 0.3535 0.6028
vn -0.8246 0.5652 0.0257
vn -0.8244 0.5655 0.0255
vn -0.6844 0.7287 0.0246
vn -0.6730 0.7393 0.0238
vn -0.8960 -0.1656 0.4121
vn -0.9265 -0.1846 0.3278
vn -0.9422 -0.0040 0.3351
vn -0.8351 0.0589 0.5469
vn -0.8348 0.0590 0.5474
vn 0.3095 0.9383 0.1543
vn 0.4073 0.9011 0.1488
vn 0.4096 0.9055 0.1105
vn 0.4142 0.9100 0.0182
vn 0.2157 0.9760 0.0297
vn 0.1076 0.9872 0.1179
vn 0.2120 0.9738 0.0818
vn 0.3142 0.9480 0.0501
vn 0.2110 0.9705 0.1166
vn 0.2029 0.9571 0.2069
vn 0.3054 0.9305 0.2025
vn 0.6230 0.6859 -0.3760
vn 0.7059 0.5948 -0.3847
vn 0.5973 0.7686 -0.2290
vn 0.6931 -0.5441 -0.4728
vn 0.6501 -0.5928 -0.4753
vn 0.7210 -0.5661 -0.3996
vn -0.1741 0.1232 -0.9770
vn -0.1520 0.1870 -0.9705
vn 0.5219 -0.5743 -0.6307
vn 0.5396 -0.6313 -0.5570
vn 0.6087 0.6424 -0.4655
vn 0.6173 0.6925 -0.3733
vn 0.6326 0.6821 -0.3668
vn 0.7296 0.6708 -0.1331
vn 0.7969 0.5003 -0.3386
vn 0.7177 0.5829 -0.3810
vn 0.6480 0.6020 -0.4666
vn 0.6081 0.6431 -0.4654
vn 0.5943 0.6563 -0.4648
vn 0.5887 0.5922 -0.5502
vn -0.8234 0.0654 -0.5636
vn -0.8365 0.0573 -0.5449
vn 0.9219 -0.1361 -0.3627
vn 0.8905 -0.1304 -0.4358
vn 0.6738 0.5101 0.5346
vn 0.6570 0.5587 0.5062
vn 0.7495 0.5207 0.4088
vn -0.8934 0.1795 0.4118
vn -0.8930 -0.0947 0.4400
vn -0.8445 -0.0927 0.5274
vn -0.8416 -0.1418 0.5212
vn -0.7981 0.0560 0.5999
vn -0.8126 0.1124 0.5719
vn -0.8655 0.0575 0.4976
vn -0.8780 0.1030 0.4675
vn -0.9190 0.0399 0.3922
vn -0.9285 0.0755 0.3636
vn -0.9454 0.1382 0.2951
vn -0.5538 -0.8251 0.1115
vn -0.5538 -0.8254 -0.1098
vn 0.9185 -0.0072 0.3954
vn 0.9041 -0.1187 0.4105
vn 0.9511 0.1865 0.2462
vn 0.9393 0.1402 0.3131
vn 0.6101 -0.0235 0.7920
vn 0.6565 -0.1178 0.7451
vn 0.7398 -0.1673 0.6517
vn 0.6110 -0.2337 0.7564
vn 0.9836 -0.1174 0.1366
vn 0.9934 -0.0646 0.0948
vn 0.9838 -0.1562 0.0884
vn 0.9767 -0.1843 0.1098
vn 0.9668 -0.2436 0.0777
vn 0.9397 -0.3419 0.0001
vn 0.9495 -0.3103 0.0460
vn 0.7963 -0.5472 0.2579
vn 0.9456 -0.3203 0.0563
vn 0.9496 -0.3095 0.0498
vn 0.9505 -0.3069 0.0489
vn 0.9597 -0.2653 0.0923
vn 0.9643 -0.2246 0.1406
vn 0.8912 -0.0537 0.4504
vn 0.8567 -0.0990 0.5062
vn -0.8930 -0.0688 0.4448
vn -0.8936 -0.0636 0.4443
vn 0.9812 -0.1280 -0.1443
vn 0.9772 -0.1828 -0.1084
vn 0.9696 -0.2088 -0.1275
vn 0.9722 -0.2002 -0.1216
vn 0.9670 -0.2426 -0.0772
vn 0.9688 -0.2369 -0.0731
vn 0.9880 -0.1545 -0.0000
vn 0.9934 0.0117 -0.1138
vn 0.9910 -0.0675 -0.1158
vn 0.9551 -0.2761 0.1076
vn 0.9510 -0.3050 0.0510
vn 0.9494 -0.0580 -0.3086
vn 0.9701 -0.0192 -0.2421
vn 0.9693 -0.0050 -0.2456
vn 0.9226 -0.0782 -0.3777
vn -0.3292 0.3924 0.8589
vn -0.3163 0.4032 0.8587
vn -0.4496 -0.5838 -0.6761
vn -0.3632 -0.6623 -0.6553
vn -0.3351 -0.6898 -0.6418
vn 0.8967 0.0436 0.4405
vn 0.5165 0.1895 -0.8351
vn 0.6006 0.1487 -0.7856
vn 0.6111 0.1015 -0.7850
vn 0.6633 0.1575 -0.7316
vn 0.6804 0.2940 -0.6712
vn 0.4962 0.2413 -0.8340
vn 0.4455 0.3505 -0.8238
vn -0.5152 -0.8436 0.1516
vn 0.5873 0.2965 -0.7531
vn 0.3076 0.2754 -0.9108
vn 0.2513 0.2521 -0.9345
vn -0.4049 -0.1383 -0.9038
vn -0.3982 -0.0664 -0.9149
vn -0.2828 -0.0917 -0.9548
vn -0.3526 -0.2501 -0.9017
vn -0.4176 -0.3861 -0.8225
vn -0.4793 -0.2944 -0.8268
vn -0.4703 -0.1532 -0.8691
vn 0.7581 0.4519 0.4701
vn 0.9734 -0.2085 -0.0949
vn 0.9874 -0.1278 -0.0935
vn 0.9974 0.0339 -0.0642
vn 0.9722 0.2337 -0.0140
vn 0.9803 0.1967 0.0181
vn 0.9930 0.1177 -0.0096
vn 0.9869 0.1578 0.0333
vn 0.5096 -0.5931 -0.6233
vn 0.5557 -0.6210 -0.5527
vn -0.1476 0.1640 -0.9754
vn -0.3298 0.3925 -0.8586
vn -0.4749 0.2882 -0.8315
vn 0.4794 0.7950 -0.3717
vn 0.5705 0.7432 -0.3495
vn 0.5793 0.6738 -0.4587
vn 0.4791 0.7349 -0.4800
vn 0.2884 0.9013 -0.3231
vn 0.3867 0.8589 -0.3358
vn 0.6503 0.7040 0.2854
vn 0.6309 0.3675 0.6833
vn 0.6672 0.4432 0.5986
vn 0.7247 0.2688 0.6345
vn 0.8220 0.1914 0.5363
vn 0.7585 0.3871 0.5243
vn 0.9714 0.2314 -0.0525
vn 0.9937 0.1117 -0.0098
vn 0.7228 0.4263 0.5439
vn 0.9781 -0.1141 -0.1738
vn 0.9961 0.0298 -0.0826
vn 0.9901 -0.0790 -0.1163
vn 0.8177 0.5752 0.0244
vn 0.9297 -0.3631 -0.0623
vn 0.4588 -0.8487 0.2632
vn 0.3941 -0.8959 0.2050
vn 0.2285 -0.9485 0.2192
vn -0.3393 -0.5521 -0.7616
vn -0.3518 -0.5390 -0.7653
vn -0.4777 -0.4232 -0.7699
vn -0.4085 -0.3777 -0.8309
vn -0.4177 -0.4241 -0.8036
vn -0.3917 -0.3765 -0.8395
vn -0.3793 -0.4901 -0.7848
vn 0.9786 -0.1670 0.1202
vn 0.9801 -0.1870 0.0666
vn 0.9898 -0.1398 0.0290
vn 0.8153 -0.3463 -0.4641
vn 0.8928 0.4207 -0.1607
vn 0.8931 0.4084 -0.1887
vn 0.8570 0.4610 -0.2303
vn 0.9843 0.1719 -0.0397
vn 0.9831 0.1725 -0.0606
vn 0.9390 0.3148 -0.1388
vn 0.9732 0.1668 -0.1585
vn 0.0511 -0.5066 0.8607
vn 0.0514 -0.5475 0.8352
vn 0.0062 -0.5018 0.8650
vn 0.9197 0.1270 -0.3716
vn 0.8995 0.2693 -0.3440
vn 0.9308 0.3074 -0.1979
vn 0.9317 0.2936 -0.2137
vn 0.9450 0.2689 -0.1864
vn 0.8878 -0.4244 0.1781
vn 0.2917 0.7126 -0.6381
vn 0.3090 0.7151 -0.6270
vn 0.8908 -0.0507 0.4516
vn 0.9184 -0.0072 0.3955
vn 0.9392 0.1400 0.3134
vn 0.9212 0.0919 0.3782
vn 0.8813 0.4341 -0.1866
vn 0.9478 0.3022 0.1017
vn 0.9728 0.2299 0.0268
vn 0.9738 0.2007 0.1071
vn 0.7809 -0.6218 0.0591
vn 0.7980 -0.6026 -0.0045
vn 0.8367 -0.5462 -0.0390
vn 0.8042 -0.5932 0.0357
vn 0.2792 0.8299 0.4830
vn 0.2798 0.8592 0.4283
vn 0.1751 0.8818 0.4379
vn 0.0683 0.8941 0.4426
vn 0.0676 0.8639 0.4991
vn -0.0398 0.8660 0.4984
vn -0.0332 0.7976 0.6023
vn 0.9053 -0.3295 0.2682
vn 0.9203 -0.3350 0.2022
vn 0.9175 -0.3452 0.1974
vn 0.9119 -0.3649 0.1877
vn 0.8988 -0.3562 0.2556
vn -0.5502 -0.4507 0.7030
vn -0.6716 -0.4730 0.5703
vn -0.7533 -0.4779 0.4518
vn -0.6987 -0.5261 0.4848
vn -0.5232 -0.5254 0.6710
vn -0.5457 -0.5079 0.6666
vn -0.5144 -0.5017 0.6955
vn 0.9999 0.0081 0.0076
vn -0.6006 0.6955 0.3945
vn 0.9953 0.0309 0.0922
vn 0.7695 0.5546 0.3166
vn 0.7668 -0.0395 0.6407
vn -0.1454 0.8782 0.4557
vn -0.1553 0.8785 0.4517
vn -0.2242 0.8953 0.3849
vn -0.2250 0.8952 0.3848
vn -0.2535 0.9007 0.3529
vn -0.2424 0.9050 0.3496
vn -0.0001 -0.0001 -1.0000
vn -0.2456 -0.0792 -0.9661
vn -0.2593 -0.6231 -0.7379
vn -0.1713 -0.6260 -0.7608
vn -0.7383 0.1166 0.6643
vn -0.6884 -0.0350 0.7245
vn -0.6641 -0.0195 0.7474
vn 0.9081 0.4188 0.0056
vn 0.8796 0.4757 -0.0031
vn 0.8797 0.4754 -0.0023
vn -0.8105 0.3519 0.4682
vn -0.8476 0.2432 0.4717
vn -0.8914 0.2549 0.3746
vn -0.7844 0.4951 0.3735
vn -0.9043 0.3936 0.1653
vn -0.9479 0.2698 0.1695
vn -0.9249 0.2639 0.2737
vn 0.7752 -0.6317 0.0059
vn 0.1168 -0.2160 -0.9694
vn 0.2194 -0.1371 -0.9660
vn 0.2401 -0.1228 -0.9630
vn 0.2951 -0.0639 -0.9533
vn 0.2690 -0.0377 -0.9624
vn -0.8936 -0.4386 -0.0950
vn -0.9089 -0.4053 -0.0980
vn -0.7840 -0.6177 -0.0618
vn -0.7874 -0.6131 -0.0638
vn 0.9259 -0.3746 -0.0491
vn 0.6674 0.7433 -0.0457
vn 0.6975 0.7066 -0.1190
vn 0.5766 0.8100 -0.1067
vn 0.7156 0.5196 0.4669
vn 0.6715 0.5759 0.4663
vn 0.6329 0.6183 0.4659
vn 0.5524 -0.5630 0.6147
vn 0.6263 -0.4875 0.6084
vn -0.0220 0.0150 -0.9996
vn -0.0270 0.0116 -0.9996
vn -0.0252 0.0103 -0.9996
vn -0.0239 0.0047 -0.9997
vn -0.0239 -0.0029 -0.9997
vn -0.0232 -0.0077 -0.9997
vn -0.1224 -0.0334 -0.9919
vn -0.1225 -0.0335 -0.9919
vn -0.2206 -0.0589 -0.9736
vn -0.2269 -0.0257 -0.9736
vn -0.2269 0.0324 -0.9734
vn -0.2228 0.0615 -0.9729
vn -0.1954 0.1265 -0.9725
vn -0.2779 0.1815 -0.9433
vn -0.2010 0.2563 -0.9455
vn -0.0155 0.0166 -0.9997
vn 0.9414 0.0948 0.3236
vn -0.9891 -0.0308 -0.1441
vn 0.8093 0.5763 -0.1138
vn 0.8078 0.5718 -0.1430
vn 0.8334 0.4982 -0.2391
vn 0.8032 0.5524 -0.2231
vn 0.7359 0.6354 -0.2339
vn 0.7383 0.6451 -0.1967
vn 0.8036 0.5578 -0.2074
vn 0.8057 0.5663 -0.1733
vn 0.7433 0.6566 -0.1278
vn 0.7446 0.6608 -0.0947
vn 0.9646 0.0618 0.2564
vn 0.9820 0.1800 0.0576
vn 0.9620 -0.0134 0.2726
vn -0.5400 0.7944 -0.2779
vn -0.7259 0.6868 -0.0376
vn -0.5966 0.8018 -0.0329
vn -0.5636 0.8256 -0.0264
vn -0.5208 0.8534 -0.0198
vn 0.6479 0.7085 -0.2798
vn 0.5326 0.7413 -0.4084
vn -0.8664 0.2563 -0.4286
vn 0.9464 -0.2980 0.1249
vn 0.9377 -0.2807 0.2048
vn 0.6031 0.7936 0.0802
vn 0.6552 0.7554 0.0136
vn 0.6488 0.7365 0.1911
vn 0.6029 0.7941 0.0765
vn 0.7549 -0.4371 0.4890
vn 0.7986 -0.4372 0.4137
vn 0.8665 -0.3694 0.3357
vn 0.8809 -0.3355 0.3339
vn -0.9993 -0.0377 -0.0080
vn -0.1152 0.2511 0.9611
vn -0.0389 0.1967 0.9797
vn -0.0378 0.2642 0.9637
vn -0.0283 0.4806 0.8765
vn -0.1306 -0.9175 0.3756
vn -0.5281 0.7318 -0.4308
vn -0.5458 0.8117 -0.2079
vn -0.5418 0.7908 -0.2848
vn -0.7025 0.6621 -0.2609
vn -0.6882 0.6044 -0.4014
vn 0.7846 -0.6190 0.0345
vn 0.7178 -0.6016 0.3503
vn 0.7902 -0.5345 0.2999
vn 0.9486 0.3165 -0.0036
vn 0.7071 -0.6725 0.2185
vn 0.7071 -0.7071 0.0001
vn 0.7660 -0.5810 0.2752
vn 0.7778 -0.6277 0.0328
vn 0.8039 -0.5830 0.1175
vn -0.3262 -0.6982 -0.6372
vn -0.2812 -0.7443 -0.6058
vn 0.5887 0.8081 -0.0207
vn 0.5651 0.8157 -0.1238
vn 0.6365 0.7655 -0.0938
vn -0.6717 0.3216 -0.6674
vn -0.6092 0.1392 -0.7807
vn -0.6982 0.0954 -0.7095
vn -0.5168 -0.4643 0.7193
vn -0.4741 -0.4543 0.7542
vn -0.3808 -0.4584 0.8030
vn -0.3905 -0.5418 0.7443
vn -0.4401 -0.5240 0.7292
vn -0.6095 -0.5312 0.5884
vn -0.6275 -0.4707 0.6203
vn 0.7285 -0.6638 0.1694
vn 0.7781 -0.5962 0.1978
vn 0.6143 -0.6658 0.4236
vn 0.6080 -0.6802 0.4094
vn 0.6380 -0.6545 0.4057
vn 0.6274 -0.7036 0.3335
vn 0.1174 0.1951 0.9737
vn -0.0379 0.2475 0.9681
vn -0.0388 0.1649 0.9855
vn -0.0388 0.1392 0.9895
vn 0.0260 0.0885 0.9957
vn 0.0332 0.1406 0.9895
vn 0.1049 0.0992 0.9895
vn 0.7587 -0.6439 -0.0988
vn 0.9730 -0.2257 0.0479
vn 0.9872 -0.1430 0.0706
vn 0.9760 -0.2127 0.0466
vn -0.9409 0.3263 -0.0905
vn -0.9758 0.2073 -0.0698
vn 0.6912 0.6091 0.3888
vn 0.7238 0.5957 0.3482
vn 0.7359 0.6204 0.2711
vn 0.7268 0.6482 0.2272
vn -0.1153 0.9423 -0.3144
vn -0.1884 0.9290 -0.3186
vn -0.0901 0.9409 -0.3266
vn -0.0515 0.9511 -0.3047
vn -0.0178 0.9544 -0.2979
vn -0.0112 0.9545 -0.2979
vn -0.0676 0.9504 -0.3036
vn 0.9096 -0.3544 -0.2168
vn 0.9186 -0.3685 -0.1429
vn 0.9466 -0.3217 -0.0228
vn 0.9288 -0.3377 -0.1525
vn 0.9267 -0.3453 -0.1486
vn 0.9152 -0.3330 -0.2271
vn 0.6008 -0.0544 -0.7976
vn -0.1928 0.1102 0.9750
vn -0.1992 0.0898 0.9758
vn -0.1822 0.0858 0.9795
vn -0.1716 0.1091 0.9791
vn -0.1620 0.1237 0.9790
vn -0.1496 0.1436 0.9783
vn -0.1421 0.1513 0.9782
vn -0.1355 0.1408 0.9807
vn -0.1227 0.0863 0.9887
vn -0.1114 0.0161 0.9936
vn -0.0455 0.0230 0.9987
vn -0.0445 0.0345 0.9984
vn -0.0374 0.1683 0.9850
vn 0.9050 -0.4255 0.0012
vn 0.8650 -0.5017 0.0050
vn 0.8627 -0.5056 0.0093
vn 0.8564 -0.5147 0.0410
vn 0.8980 -0.4394 0.0230
vn 0.8971 -0.4404 0.0342
vn 0.9007 -0.4343 0.0113
vn 0.9845 0.1484 -0.0934
vn 0.9875 0.1445 -0.0633
vn 0.9808 0.1498 -0.1250
vn 0.6922 -0.7161 0.0902
vn 0.8402 0.4814 -0.2494
vn 0.7754 0.5599 -0.2921
vn 0.7853 -0.6131 0.0858
vn 0.7885 -0.6150 0.0052
vn 0.7751 -0.6318 0.0054
vn -0.0000 -0.7431 -0.6692
vn -0.0000 -0.6692 -0.7431
vn 0.7252 -0.6266 0.2854
vn 0.7243 -0.6248 0.2916
vn 0.6190 -0.7664 0.1719
vn 0.6637 -0.7136 0.2241
vn 0.6681 -0.6962 0.2624
vn 0.9401 0.3084 0.1454
vn 0.8612 0.4505 0.2352
vn 0.8911 0.3838 0.2422
vn 0.8152 0.4690 0.3397
vn 0.9104 0.3350 0.2429
vn 0.9498 0.2640 0.1679
vn 0.9499 0.2746 0.1495
vn 0.9911 0.1313 0.0211
vn 0.9786 0.2049 0.0207
vn 0.9516 0.3043 0.0420
vn 0.9141 0.3982 0.0765
vn 0.8638 0.4784 0.1581
vn 0.9205 0.3641 0.1417
vn 0.9127 -0.0273 -0.4078
vn 0.8452 -0.5280 0.0830
vn 0.8746 -0.4849 -0.0002
vn -0.2838 -0.4607 -0.8410
vn 0.9290 -0.3457 0.1321
vn 0.9353 -0.3390 0.1021
vn 0.9456 -0.3108 0.0958
vn 0.9342 -0.3512 0.0632
vn 0.9251 -0.3583 0.1257
vn 0.9251 -0.3722 0.0757
vn 0.9127 -0.4087 -0.0039
vn 0.9266 0.3756 0.0178
vn 0.8096 0.5771 0.1068
vn 0.8052 0.5637 0.1840
vn 0.9413 -0.3376 -0.0082
vn 0.9251 -0.3721 0.0757
vn 0.9536 -0.2928 0.0706
vn -0.5980 -0.3571 0.7175
vn 0.9330 -0.3066 -0.1882
vn 0.9227 -0.2935 -0.2499
vn 0.9437 -0.3088 -0.1191
vn 0.9368 -0.2980 -0.1832
vn 0.9617 -0.2737 -0.0123
vn 0.9723 -0.2242 0.0658
vn -0.9293 -0.2416 0.2794
vn 0.9723 -0.2241 0.0658
vn 0.9847 -0.1629 0.0612
vn 0.9850 -0.1716 -0.0200
vn 0.0358 -0.7894 -0.6128
vn 0.0606 0.6273 -0.7764
vn 0.0136 0.5549 -0.8318
vn -0.0611 0.4339 -0.8989
vn -0.0058 0.9916 0.1289
vn 0.1615 -0.9692 0.1861
vn 0.9236 0.0688 0.3772
vn 0.8608 0.1558 0.4846
vn 0.9955 -0.0730 0.0608
vn 0.9003 -0.1167 0.4193
vn 0.9965 -0.0739 0.0398
vn 0.9715 -0.0557 -0.2305
vn -0.5070 -0.7754 -0.3763
vn 0.9866 -0.0729 0.1459
vn -0.9901 0.1387 -0.0227
vn 0.7066 -0.5335 -0.4648
vn 0.7680 -0.4850 -0.4183
vn 0.8622 -0.3154 -0.3964
vn 0.9560 0.2468 0.1586
vn 0.9040 0.4223 0.0666
vn 0.9027 0.1717 0.3944
vn 0.9116 0.0544 0.4074
vn 0.9103 0.1083 0.3996
vn -0.4911 -0.7904 -0.3662
vn 0.3690 -0.8569 0.3600
vn -0.2668 0.9625 -0.0488
vn 0.9224 -0.3858 -0.0159
vn 0.9181 -0.3949 -0.0347
vn 0.8328 0.0228 -0.5532
vn 0.7785 -0.0282 -0.6270
vn 0.7229 -0.0433 -0.6896
vn 0.7176 -0.0681 -0.6931
vn 0.9480 -0.2797 -0.1517
vn 0.7389 -0.2009 -0.6432
vn 0.7437 -0.2041 -0.6366
vn 0.7871 -0.2149 -0.5782
vn 0.8169 -0.0806 -0.5711
vn 0.8590 -0.0860 -0.5048
vn 0.8663 -0.0356 -0.4983
vn 0.8752 -0.4171 0.2449
vn 0.9189 -0.2748 0.2830
vn 0.9164 -0.3463 0.2008
vn 0.6793 -0.4576 -0.5738
vn 0.7110 -0.4899 -0.5045
vn 0.6883 -0.5223 -0.5035
vn -0.4865 -0.1093 -0.8668
vn -0.4619 -0.0616 -0.8848
vn -0.5455 -0.0757 -0.8347
vn -0.5310 -0.0205 -0.8471
vn -0.5243 0.0589 -0.8495
vn -0.3995 0.0837 -0.9129
vn -0.4148 0.1936 -0.8891
vn -0.3326 0.1434 -0.9321
vn -0.3479 0.1753 -0.9210
vn -0.3316 0.1358 -0.9336
vn -0.2958 0.0617 -0.9533
vn -0.1017 -0.1224 0.9873
vn -0.1200 -0.0947 0.9882
vn -0.1195 -0.1081 0.9869
vn -0.1199 -0.1218 0.9853
vn -0.1204 -0.1353 0.9835
vn -0.1219 -0.1437 0.9821
vn -0.1239 -0.1474 0.9813
vn -0.1280 -0.1424 0.9815
vn -0.1300 -0.1303 0.9829
vn -0.1312 -0.1145 0.9847
vn -0.1325 -0.1008 0.9860
vn -0.1649 -0.1405 0.9763
vn -0.1359 -0.1860 0.9731
vn -0.1217 -0.1966 0.9729
vn -0.1105 -0.1804 0.9774
vn -0.8405 -0.4100 0.3541
vn -0.8488 -0.4471 0.2822
vn -0.8341 -0.4554 0.3113
vn -0.7922 -0.4587 0.4025
vn -0.6776 -0.4746 0.5618
vn -0.8465 -0.3182 0.4268
vn -0.8402 -0.3703 0.3961
vn -0.2954 0.0607 0.9534
vn -0.3573 0.1835 0.9158
vn -0.3501 0.1690 0.9213
vn -0.3180 0.1288 0.9393
vn -0.4804 0.2222 0.8484
vn -0.2774 -0.0765 0.9577
vn 0.8393 0.5434 -0.0177
vn 0.8771 0.4803 -0.0040
vn 0.8792 0.4696 0.0799
vn 0.5778 -0.1443 -0.8033
vn 0.4928 0.8581 0.1443
vn 0.6379 0.7458 0.1919
vn 0.6160 0.7443 0.2581
vn 0.4421 0.8550 0.2711
vn 0.2495 0.9293 0.2723
vn 0.9478 -0.2213 -0.2295
vn 0.9216 -0.2735 -0.2753
vn 0.8750 -0.3535 -0.3307
vn 0.8397 -0.4041 -0.3627
vn 0.9120 -0.2507 -0.3247
vn 0.9314 -0.1666 -0.3236
vn 0.9699 -0.0980 -0.2227
vn 0.8213 0.2475 -0.5140
vn 0.9087 0.2437 -0.3390
vn 0.9396 0.0580 -0.3373
vn 0.9527 0.0577 -0.2985
vn 0.9550 -0.0493 -0.2925
vn 0.8582 -0.0443 -0.5114
vn 0.1930 0.0218 0.9810
vn 0.7862 -0.6180 -0.0053
vn 0.8820 -0.4643 -0.0806
vn 0.8742 -0.4584 -0.1600
vn 0.6326 0.6188 0.4658
vn 0.6085 0.5731 0.5489
vn 0.5996 0.5822 0.5491
vn 0.6630 0.7419 0.0999
vn 0.6451 0.7583 0.0941
vn 0.1397 0.7908 0.5959
vn -0.0188 0.5780 -0.8158
vn -0.0090 0.6644 -0.7473
vn -0.0053 0.6926 -0.7213
vn -0.0230 0.7029 -0.7109
vn -0.0269 0.5028 -0.8640
vn -0.0270 0.4611 -0.8869
vn -0.0201 0.5439 -0.8389
vn -0.0247 0.5090 -0.8604
vn 0.9808 0.1495 -0.1253
vn 0.6429 0.7104 0.2862
vn 0.6120 0.7401 0.2787
vn 0.6191 0.6880 0.3787
vn 0.6154 0.6942 0.3734
vn 0.6354 0.7714 -0.0354
vn 0.6280 0.5195 0.5794
vn 0.5675 0.5265 0.6331
vn 0.5391 0.4576 0.7071
vn 0.6354 0.5397 0.5522
vn 0.5902 0.5887 0.5523
vn 0.6627 0.6937 0.2820
vn 0.7343 0.6306 0.2514
vn 0.5865 0.8095 -0.0253
vn 0.5391 0.4575 0.7072
vn 0.5822 0.4076 0.7035
vn 0.6120 0.4765 0.6312
vn 0.5239 0.1674 0.8352
vn 0.4600 0.1376 0.8772
vn 0.4251 0.1993 0.8829
vn 0.4846 0.2424 0.8405
vn 0.4483 0.3228 0.8335
vn 0.5076 0.4019 0.7621
vn 0.4684 0.3981 0.7887
vn 0.5046 0.3840 0.7732
vn 0.5459 0.3342 0.7683
vn 0.5241 0.4769 0.7056
vn 0.6088 0.4727 0.6371
vn 0.6088 0.4064 0.6813
vn 0.5326 0.3882 0.7521
vn 0.4559 0.1775 0.8721
vn 0.5678 0.5261 0.6331
vn 0.5903 0.5889 0.5520
vn 0.5740 0.6195 0.5354
vn 0.6067 0.7015 0.3740
vn 0.2437 0.8206 0.5170
vn 0.4025 0.7998 0.4453
vn 0.4817 0.7229 0.4954
vn 0.4249 0.7003 0.5736
vn 0.6952 0.7153 -0.0718
vn 0.7059 0.7051 -0.0668
vn 0.7148 0.6989 0.0251
vn -0.8437 0.5219 0.1256
vn -0.7108 0.7032 -0.0184
vn -0.9635 0.2675 0.0112
vn 0.8989 -0.3558 0.2557
vn 0.9053 -0.3295 0.2681
vn 0.9244 -0.3602 0.1251
vn 0.9120 -0.3645 0.1879
vn 0.2591 0.0988 0.9608
vn 0.2785 0.1059 0.9546
vn 0.9890 -0.0280 0.1455
vn 0.9931 0.0064 0.1175
vn 0.9865 -0.0595 0.1528
vn 0.8796 0.4757 -0.0029
vn 0.8608 0.4470 0.2434
vn 0.9503 0.3107 0.0208
vn 0.9383 0.2945 0.1813
vn 0.9999 -0.0125 0.0017
vn 1.0000 -0.0066 0.0014
vn 0.9951 0.0993 0.0002
vn 0.9789 0.2042 0.0033
vn 0.9891 0.1469 0.0036
vn 0.9947 0.1025 0.0032
vn 0.9787 0.2051 0.0074
vn 0.9945 0.1024 0.0223
vn -0.9705 -0.2405 -0.0176
vn 0.2981 0.2689 0.9159
vn 0.7799 -0.6259 -0.0000
vn 0.7406 -0.6719 -0.0000
vn 0.7725 0.6240 -0.1175
vn 0.7044 0.7029 -0.0990
vn 0.6851 0.7284 -0.0016
vn 0.6663 0.7396 0.0948
vn 0.7875 0.6147 0.0444
vn 0.8244 0.5633 -0.0555
vn 0.9920 0.1263 -0.0009
vn 0.9919 0.1267 -0.0003
vn 0.9753 0.2207 0.0002
vn 0.9754 0.2203 0.0009
vn 0.9226 -0.0783 0.3777
vn 0.1396 -0.2050 0.9688
vn 0.2862 0.9403 -0.1844
vn 0.2587 0.9321 -0.2534
vn 0.3148 0.9388 0.1395
vn 0.3298 0.9383 0.1040
vn -0.9877 0.0686 -0.1407
vn -0.9752 0.0759 -0.2080
vn -0.9804 -0.0254 -0.1954
vn -0.9575 0.2635 -0.1174
vn 0.6076 -0.0888 -0.7893
vn 0.6612 -0.0616 -0.7477
vn 0.6278 -0.1176 -0.7694
vn 0.6059 -0.1486 -0.7816
vn 0.6835 -0.1575 -0.7127
vn 0.6944 -0.0940 -0.7134
vn 0.7351 -0.6750 0.0633
vn 0.6958 -0.7182 0.0104
vn 0.9937 0.1117 0.0005
vn 0.9988 0.0456 0.0171
vn 0.9817 -0.1842 0.0480
vn 0.9749 -0.1822 0.1283
vn 0.9734 -0.0854 0.2124
vn 0.9915 -0.0332 0.1257
vn 0.9806 0.1061 0.1647
vn 0.9941 0.0481 0.0975
vn 0.9911 0.1041 0.0832
vn 0.9729 0.1715 0.1554
vn 0.9829 0.1691 0.0729
vn 0.7845 -0.6192 0.0344
vn 0.9561 -0.0952 0.2772
vn 0.7118 -0.5472 0.4404
vn 0.7292 -0.4961 0.4713
vn 0.7541 -0.3959 0.5240
vn 0.7697 -0.2802 0.5736
vn 0.7590 -0.3688 0.5366
vn 0.7363 -0.4721 0.4847
vn 0.7217 -0.5195 0.4574
vn -0.3155 0.8186 -0.4800
vn 0.9617 -0.2297 0.1499
vn -0.8486 0.0500 -0.5267
vn 0.8016 0.5112 0.3100
vn 0.7324 0.5846 0.3491
vn 0.6567 0.5952 0.4633
vn 0.6437 0.6236 0.4437
vn 0.8608 0.3972 0.3182
vn 0.9746 0.1007 0.1998
vn 0.9871 0.0778 0.1396
vn 0.9864 -0.0437 0.1581
vn 0.9819 0.0174 0.1884
vn -0.7029 0.6625 -0.2589
vn -0.7107 0.7035 0.0016
vn -0.7106 0.7036 0.0058
vn -0.7037 0.6652 -0.2496
vn 0.4837 0.0517 -0.8737
vn 0.9994 -0.0256 0.0211
vn 0.9998 0.0174 0.0085
vn 0.9971 0.0399 0.0643
vn 0.9973 -0.0153 0.0712
vn 0.9734 -0.2084 0.0949
vn 0.9493 0.2409 0.2020
vn 0.9486 0.2263 0.2211
vn 0.9768 0.1489 0.1538
vn 0.9429 0.3061 0.1311
vn 0.7782 0.3641 0.5117
vn -0.5064 0.5393 0.6729
vn 0.8122 0.5833 -0.0114
vn 0.7461 0.6654 -0.0249
vn 0.7477 0.6640 -0.0104
vn 0.4847 0.8225 -0.2976
vn -0.5194 0.3155 -0.7941
vn -0.6505 0.3976 -0.6471
vn -0.4535 0.5819 -0.6751
vn 0.8678 0.4962 0.0275
vn 0.8107 0.5832 0.0516
vn 0.8672 0.4960 0.0445
vn -0.6697 0.6554 -0.3492
vn -0.6950 0.6224 -0.3600
vn -0.9647 -0.0166 -0.2629
vn -0.9645 -0.0165 -0.2635
vn -0.9469 -0.0066 -0.3214
vn -0.9372 -0.0007 -0.3487
vn -0.9823 -0.0269 -0.1855
vn -0.9993 -0.0382 -0.0001
vn -0.9993 -0.0378 -0.0031
vn -0.5192 0.7961 0.3109
vn -0.4883 0.8259 0.2820
vn -0.2427 0.9164 0.3182
vn -0.2381 0.9089 0.3423
vn -0.3353 0.8649 0.3735
vn -0.3680 0.8492 0.3787
vn 0.9997 -0.0091 0.0218
vn 0.9924 0.0617 0.1064
vn 0.9918 0.0585 0.1134
vn 0.8558 0.1815 0.4844
vn 0.8782 0.1058 0.4664
vn 0.1474 -0.6266 -0.7653
vn 0.9345 0.1114 0.3380
vn 0.0811 0.6902 0.7190
vn 0.8701 0.1654 0.4643
vn -0.6736 -0.2289 -0.7028
vn 0.8152 0.3305 0.4757
vn 0.9839 -0.1763 0.0295
vn 0.9014 0.2507 0.3531
vn 0.9405 0.1417 0.3088
vn 0.8546 0.5052 -0.1203
vn 0.9799 0.0949 0.1754
vn 0.9641 0.1038 0.2444
vn 0.8395 0.1005 0.5341
vn 0.9261 0.2978 0.2315
vn 0.9899 0.0895 0.1101
vn -0.0888 0.8550 -0.5110
vn -0.1308 0.8728 -0.4702
vn -0.1177 0.8676 -0.4832
vn -0.1515 0.8805 -0.4493
vn -0.1970 0.8946 -0.4011
vn -0.1553 0.8785 -0.4517
vn -0.0049 0.8151 -0.5793
vn 0.0017 0.8115 -0.5843
vn 0.0125 0.8059 -0.5919
vn 0.0133 0.8000 -0.5999
vn 0.2385 -0.6616 0.7109
vn 0.5222 -0.6471 0.5555
vn 0.4409 -0.6605 0.6077
vn 0.4836 -0.6499 0.5863
vn 0.4051 -0.6595 0.6332
vn 0.3280 -0.7694 0.5481
vn 0.1259 -0.7772 0.6166
vn 0.7551 0.4487 0.4780
vn 0.7484 0.4998 0.4360
vn -0.2579 -0.9599 0.1103
vn -0.2629 -0.9586 0.1091
vn -0.9451 0.3258 0.0247
vn -0.9751 0.2205 0.0238
vn -0.9746 0.2225 0.0237
vn -0.9445 0.3277 0.0247
vn -0.5587 0.1051 -0.8227
vn -0.5479 0.0635 -0.8341
vn -0.4960 -0.1341 -0.8579
vn -0.4968 -0.1305 -0.8580
vn 0.8608 0.4211 -0.2857
vn 0.6553 0.6304 -0.4162
vn 0.9106 0.3403 -0.2344
vn 0.8609 0.4211 -0.2855
vn 0.8610 0.4410 -0.2534
vn 0.9496 0.2559 -0.1812
vn 0.9107 0.3567 -0.2083
vn 0.8610 0.4409 -0.2533
vn 0.8013 0.5200 -0.2958
vn 0.8019 0.5386 -0.2585
vn 0.7143 -0.5515 -0.4308
vn 0.7381 -0.5187 -0.4315
vn -0.3615 -0.7121 0.6019
vn 0.8947 -0.1501 -0.4206
vn 0.7595 -0.5443 -0.3563
vn 0.5578 0.7556 -0.3435
vn 0.3951 0.8806 -0.2617
vn 0.3027 0.9268 -0.2223
vn 0.7347 0.4990 -0.4596
vn 0.6092 0.4611 -0.6452
vn 0.6387 0.5360 -0.5521
vn 0.7082 0.3676 -0.6027
vn 0.7311 0.3677 -0.5747
vn 0.7808 0.1917 -0.5947
vn -0.7106 0.7035 -0.0139
vn -0.6332 0.7739 -0.0132
vn -0.6337 0.7708 0.0655
vn -0.5487 0.8359 -0.0126
vn -0.4582 0.8888 -0.0117
vn -0.7091 0.6897 0.1465
vn 0.9228 0.3604 0.1362
vn 0.9229 0.3601 0.1364
vn 0.9161 0.3840 0.1152
vn 0.8661 0.4998 0.0001
vn 0.8929 -0.1134 0.4358
vn 0.8767 -0.2027 0.4362
vn 0.2223 0.3714 -0.9015
vn 0.1860 0.3721 -0.9094
vn 0.1969 0.2794 -0.9398
vn 0.1063 0.2817 -0.9536
vn 0.1124 0.1873 -0.9758
vn -0.0041 0.1923 -0.9813
vn -0.0103 0.4650 -0.8852
vn -0.6765 -0.7364 0.0036
vn -0.6509 -0.7591 0.0026
vn -0.6453 -0.7639 0.0025
vn 0.9786 0.2044 -0.0233
vn 0.3145 0.9478 -0.0531
vn 0.2150 0.9760 -0.0354
vn -0.4418 -0.4399 -0.7819
vn -0.4741 -0.3840 -0.7923
vn 0.9522 0.3051 -0.0129
vn 0.9152 0.4028 -0.0084
vn -0.0084 0.3774 0.9260
vn -0.0043 0.1923 0.9813
vn 0.9788 0.2046 -0.0043
vn 1.0000 -0.0018 -0.0003
vn 0.5831 -0.6533 -0.4829
vn 0.6123 -0.6292 -0.4788
vn 0.8952 -0.3777 -0.2365
vn 0.8692 0.4945 -0.0022
vn 0.8115 0.5843 0.0005
vn 0.8127 0.5827 0.0073
vn 0.9953 0.0963 0.0109
vn 1.0000 -0.0022 0.0010
vn 0.9999 -0.0132 -0.0000
vn 0.7478 0.6638 0.0083
vn 0.7844 0.2557 0.5651
vn 0.9232 0.1298 0.3618
vn 0.9730 0.1609 0.1652
vn 0.9090 0.2688 0.3184
vn 0.7654 0.3948 0.5083
vn 0.8122 0.5832 0.0106
vn 0.7468 0.6650 0.0125
vn 0.7470 0.6647 0.0140
vn 0.9153 0.4027 0.0080
vn -0.4410 0.8128 0.3807
vn 0.1127 0.9930 0.0362
vn 0.1108 0.9925 0.0520
vn 0.8699 0.4928 0.0204
vn 0.8116 0.5839 0.0184
vn 0.8093 0.5867 0.0281
vn 0.9149 0.4034 0.0132
vn 0.8676 0.4965 0.0275
vn 0.8111 0.5841 0.0322
vn 1.0000 -0.0022 0.0036
vn 0.9518 0.3054 0.0290
vn 0.6712 0.7356 0.0915
vn 0.7372 0.6407 0.2144
vn 0.5886 0.7973 0.1335
vn 0.9570 0.2233 0.1853
vn 0.8647 -0.3534 -0.3569
vn 0.8312 -0.3718 -0.4134
vn 0.8741 -0.3707 -0.3140
vn 0.9210 0.1912 -0.3394
vn -0.1810 -0.5494 -0.8157
vn -0.1709 -0.6140 -0.7706
vn -0.0863 -0.6046 -0.7918
vn -0.0536 -0.6392 -0.7672
vn -0.0839 -0.4450 -0.8916
vn -0.0764 -0.6701 -0.7383
vn -0.1237 -0.4565 -0.8811
vn 0.9980 -0.0597 -0.0214
vn 0.9796 -0.2002 0.0182
vn 0.9995 -0.0316 -0.0047
vn 0.9995 -0.0312 -0.0035
vn 0.9997 -0.0250 -0.0023
vn 0.9998 -0.0219 -0.0010
vn 0.9996 -0.0278 0.0024
vn 0.9995 -0.0323 0.0030
vn 0.9995 -0.0311 0.0044
vn 0.9994 -0.0337 0.0047
vn 0.9992 -0.0411 0.0015
vn 0.9987 -0.0508 -0.0074
vn -0.1072 0.9770 -0.1842
vn -0.1086 0.9769 -0.1840
vn 0.9503 0.2882 0.1181
vn 0.9106 0.3837 0.1538
vn 0.9111 0.3726 0.1761
vn 0.8617 0.4601 0.2141
vn 0.8023 0.5424 0.2492
vn 0.8013 0.5319 0.2739
vn 0.9111 0.3727 0.1761
vn -0.0496 -0.7349 0.6763
vn -0.0211 -0.8296 0.5579
vn -0.0027 -0.8667 0.4988
vn 0.9783 0.1799 0.1032
vn 0.9087 0.2227 0.3531
vn 0.4810 0.6945 0.5351
vn 0.9407 -0.3380 -0.0280
vn 0.9487 -0.3121 -0.0514
vn 0.9477 -0.3148 -0.0534
vn 0.9501 -0.2920 -0.1098
vn 0.9460 -0.3027 -0.1162
vn 0.9403 -0.2899 -0.1785
vn 0.9134 0.3334 0.2337
vn 0.9492 0.2412 0.2019
vn -0.9900 0.1357 -0.0396
vn -0.9985 -0.0403 -0.0380
vn 0.9617 -0.2331 0.1441
vn 0.9578 -0.2706 0.0964
vn 0.9460 -0.3028 0.1160
vn 0.9494 0.2538 0.1848
vn 0.7764 -0.4646 0.4259
vn 0.5357 -0.6108 0.5830
vn 0.5613 -0.6744 0.4797
vn 0.9780 0.1809 0.1037
vn 0.9947 0.0881 0.0521
vn 0.7328 0.6057 0.3100
vn -0.0417 -0.6813 -0.7308
vn 0.8023 0.5425 0.2492
vn 0.8629 0.4580 0.2137
vn 0.8626 0.4710 0.1847
vn 1.0000 -0.0029 0.0071
vn 0.9785 0.2023 0.0402
vn 0.9947 0.1002 0.0238
vn 0.9947 0.1014 0.0181
vn 0.9999 -0.0133 0.0039
vn 1.0000 -0.0021 0.0036
vn 0.9944 0.1046 0.0171
vn 0.6650 -0.3394 0.6653
vn 0.7458 0.6652 0.0361
vn 0.9787 0.2054 0.0055
vn 0.8120 0.5836 0.0125
vn 0.8681 0.4962 0.0115
vn 0.8685 0.4957 0.0094
vn 1.0000 -0.0021 0.0011
vn 0.9521 0.3056 0.0065
vn 0.9787 0.2051 0.0049
vn 0.9788 0.2046 0.0033
vn 0.6955 0.6751 -0.2461
vn 1.0000 -0.0021 -0.0003
vn 0.9944 0.1060 0.0045
vn 0.6720 0.7405 0.0076
vn 0.7478 0.6639 -0.0029
vn 0.8230 -0.4325 -0.3684
vn 0.8677 -0.3539 -0.3492
vn 0.8639 -0.3275 -0.3826
vn 0.9787 0.2051 -0.0043
vn 0.9520 0.3059 -0.0122
vn 0.9788 0.2048 -0.0084
vn 0.9786 0.2051 -0.0136
vn 0.8677 0.4963 -0.0293
vn 0.9518 0.3051 -0.0325
vn 0.9518 0.3030 -0.0476
vn 0.8776 -0.0886 -0.4711
vn 0.8953 -0.0432 -0.4433
vn 0.9170 0.0265 -0.3981
vn 0.9228 0.0501 -0.3820
vn 0.9280 0.0741 -0.3650
vn 0.8799 -0.0858 -0.4673
vn 0.8633 -0.1207 -0.4901
vn 0.8567 -0.1346 -0.4980
vn -0.0335 0.7974 0.6025
vn -0.3307 0.9177 -0.2203
vn -0.3221 0.8935 -0.3129
vn -0.5302 0.7595 -0.3770
vn 0.9503 0.2863 -0.1222
vn 0.9781 0.1896 -0.0853
vn 0.9781 0.1838 -0.0981
vn -0.5071 -0.8619 0.0020
vn -0.5180 -0.8554 0.0026
vn -0.3799 -0.9250 -0.0021
vn -0.3731 -0.9278 -0.0019
vn 0.8615 0.4568 -0.2218
vn 0.9111 0.3691 -0.1836
vn 0.8013 0.5201 -0.2958
vn -0.3263 -0.6983 0.6371
vn -0.2600 -0.6739 0.6916
vn -0.2541 -0.6787 0.6891
vn 0.9872 0.1166 -0.1085
vn 0.9774 0.1586 -0.1401
vn -0.9246 -0.2452 0.2915
vn 0.2835 0.5417 -0.7913
vn 0.3035 -0.9258 0.2253
vn 0.8862 0.3372 -0.3179
vn 0.8867 0.3598 -0.2903
vn 0.9101 0.3215 -0.2615
vn 0.6560 0.5983 -0.4601
vn 0.9283 -0.3679 0.0535
vn 0.9133 -0.3929 0.1068
vn 0.5821 0.7497 -0.3148
vn 0.6043 0.7566 -0.2496
vn 0.5465 0.8161 -0.1882
vn 0.5260 0.8141 -0.2460
vn 0.5337 0.7868 -0.3099
vn 0.5740 0.5679 -0.5900
vn 0.5917 0.8050 0.0433
vn 0.5033 0.8610 0.0736
vn 0.5061 0.5568 -0.6587
vn 0.5731 0.5283 -0.6265
vn 0.5707 0.4868 -0.6613
vn 0.9982 -0.0533 0.0265
vn 0.9994 -0.0039 -0.0343
vn 0.9579 -0.1417 -0.2499
vn -0.6827 -0.4158 0.6009
vn -0.6955 -0.3714 0.6151
vn -0.7507 -0.3650 0.5506
vn -0.7779 -0.2506 0.5762
vn -0.8931 -0.2876 0.3458
vn -0.8823 -0.3303 0.3352
vn -0.8765 -0.3725 0.3050
vn 0.9819 0.0403 -0.1851
vn -0.8646 0.0644 0.4983
vn 0.9923 -0.1004 -0.0727
vn 0.9644 0.0746 -0.2538
vn 0.9810 -0.0192 -0.1933
vn 0.9408 0.1084 -0.3212
vn 0.9643 0.0116 -0.2647
vn 0.7923 -0.6041 0.0854
vn 0.7756 -0.6250 0.0883
vn 0.8451 -0.5281 0.0829
vn 0.8262 -0.5633 0.0030
vn 0.9415 0.0426 -0.3344
vn 0.5644 0.2624 -0.7827
vn 0.9754 0.2205 -0.0005
vn 0.9739 0.2270 0.0077
vn 0.9745 0.2242 -0.0032
vn 0.9486 0.3163 -0.0030
vn 0.9498 0.3129 0.0001
vn 0.8675 0.4970 -0.0191
vn 0.9602 -0.0629 -0.2722
vn -0.9156 0.3992 -0.0482
vn -0.3438 0.6498 -0.6779
vn -0.3798 0.8266 -0.4153
vn -0.2638 0.8675 -0.4217
vn -0.1692 0.8853 -0.4332
vn -0.1745 0.8354 -0.5212
vn -0.1453 0.8398 -0.5231
vn -0.1507 0.7822 -0.6045
vn -0.1781 0.7770 -0.6038
vn 0.9734 -0.2086 0.0949
vn 0.9120 -0.2990 -0.2807
vn 0.9553 -0.2930 -0.0387
vn 0.9650 -0.2489 -0.0820
vn 0.5740 0.5678 -0.5900
vn -0.1157 -0.9132 0.3907
vn 0.7109 -0.4899 -0.5046
vn 0.7778 -0.6277 -0.0337
vn 0.7688 -0.6290 -0.1156
vn 0.7932 -0.5976 -0.1171
vn 0.7760 -0.5660 -0.2783
vn 0.6746 -0.6317 0.3820
vn 0.7048 -0.5653 0.4287
vn 0.6777 -0.6257 0.3864
vn 0.6365 -0.6977 0.3288
vn 0.5889 -0.7627 0.2673
vn 0.6365 -0.6981 0.3280
vn 0.6373 -0.6969 0.3289
vn 0.9374 0.3477 0.0195
vn 0.0079 0.8032 0.5957
vn 0.0136 0.7998 0.6001
vn 0.0129 0.8058 0.5920
vn 0.0046 0.8101 0.5862
vn -0.0010 0.8131 0.5821
vn -0.0112 0.8184 0.5746
vn -0.8528 0.5216 0.0257
vn -0.8538 0.5200 0.0257
vn -0.8513 0.5241 0.0258
vn -0.7905 0.6119 0.0256
vn -0.4961 -0.1338 -0.8579
vn -0.5671 0.1369 -0.8122
vn -0.6494 0.1025 -0.7535
vn -0.7881 0.0180 -0.6153
vn -0.7327 -0.1937 -0.6524
vn 0.6431 0.7090 0.2893
vn -0.0975 -0.8702 0.4830
vn -0.0205 -0.6419 0.7665
vn -0.0045 -0.6092 0.7930
vn -0.0458 -0.6767 0.7348
vn -0.0138 -0.6092 0.7929
vn 0.3357 -0.6922 0.6389
vn -0.2648 0.9626 -0.0580
vn -0.5037 -0.8618 -0.0603
vn -0.9972 -0.0305 -0.0681
vn -0.9686 -0.1382 -0.2068
vn -0.9877 -0.1130 0.1076
vn -0.9945 0.0419 -0.0956
vn -0.9846 -0.1195 -0.1275
vn -0.9916 -0.0741 -0.1065
vn 0.1008 -0.6301 -0.7700
vn -0.9832 -0.0926 -0.1573
vn -0.9864 0.0778 -0.1448
vn -0.4490 -0.8015 -0.3949
vn -0.9978 0.0634 0.0214
vn -0.9795 0.0441 -0.1968
vn -0.6161 0.6570 0.4345
vn 0.0572 -0.5603 -0.8263
vn 0.1000 -0.5943 -0.7980
vn 0.1643 -0.6256 -0.7626
vn 0.9411 0.2277 0.2499
vn 0.9707 0.0576 0.2333
vn 0.6986 0.6774 -0.2303
vn 0.7953 0.5959 -0.1112
vn 0.8063 0.5881 -0.0632
vn 0.9545 -0.2166 0.2049
vn 0.9612 -0.2325 0.1483
vn 0.9560 -0.2759 0.0998
vn 0.9480 -0.2975 0.1131
vn 0.9445 -0.3234 0.0583
vn 0.9397 -0.3420 0.0002
vn 0.9417 -0.3344 0.0366
vn 0.9397 -0.3420 0.0003
vn 0.9437 -0.2817 0.1736
vn 0.9507 -0.2270 0.2115
vn 0.9531 -0.2573 0.1592
vn 0.8822 -0.3210 0.3444
vn 0.8961 -0.3262 0.3010
vn 0.5648 -0.6812 0.4658
vn 0.9127 -0.4087 0.0038
vn 0.9191 -0.3864 -0.0765
vn 0.8820 -0.4642 -0.0806
vn 0.0057 0.9643 -0.2648
vn -0.0235 0.8960 -0.4434
vn -0.0254 0.8846 -0.4657
vn -0.0236 0.8758 -0.4822
vn -0.0260 0.8709 -0.4907
vn -0.0265 0.8673 -0.4971
vn -0.0263 0.8635 -0.5036
vn 0.9413 -0.3376 0.0080
vn 0.9473 -0.3121 -0.0719
vn 0.9192 -0.3864 -0.0765
vn 0.6361 -0.2729 -0.7217
vn 0.6883 -0.2833 -0.6678
vn 0.7105 -0.2412 -0.6611
vn 0.9731 -0.2208 -0.0655
vn 0.9617 -0.2737 0.0121
vn 0.5650 -0.7874 -0.2465
vn 0.5347 -0.8205 -0.2022
vn 0.5925 -0.7583 -0.2718
vn 0.6359 -0.6985 -0.3282
vn 0.6378 -0.6959 -0.3300
vn 0.9850 -0.1716 0.0196
vn 0.9852 -0.1600 -0.0610
vn -0.0586 -0.5514 0.8322
vn 0.0155 -0.5648 0.8251
vn 0.0510 -0.5476 0.8352
vn 0.0515 -0.5466 0.8358
vn 0.0447 -0.4862 0.8727
vn 0.0101 -0.4450 0.8955
vn -0.0507 -0.4138 0.9089
vn -0.1962 -0.3146 0.9287
vn -0.2016 -0.3008 0.9321
vn -0.2837 -0.4609 0.8409
vn -0.2022 -0.5084 0.8371
vn 0.8575 0.4721 0.2046
vn 0.5181 -0.4243 0.7426
vn 0.4943 -0.4529 0.7420
vn 0.5761 -0.4453 0.6855
vn 0.6009 -0.4116 0.6852
vn 0.7916 0.6111 -0.0037
vn 0.7616 0.6480 -0.0041
vn -0.0000 -0.8090 0.5878
vn 0.0500 -0.5462 -0.8361
vn 0.0562 -0.5454 -0.8363
vn 0.0586 -0.5679 -0.8210
vn 0.0562 -0.5555 -0.8296
vn 0.5629 -0.0145 -0.8264
vn 0.6822 0.0339 -0.7304
vn -0.7805 0.5152 0.3540
vn -0.7329 0.5721 0.3681
vn 0.9617 -0.1789 0.2078
vn 0.9447 -0.2797 0.1712
vn 0.9992 0.0389 -0.0000
vn 0.9505 -0.2774 0.1398
vn 0.8239 -0.5387 -0.1762
vn 0.8036 -0.5328 -0.2652
vn -0.9468 -0.3009 0.1137
vn -0.9336 -0.2914 0.2087
vn -0.9260 -0.2862 0.2463
vn -0.8338 -0.5520 -0.0033
vn -0.9201 -0.3916 -0.0048
vn -0.9759 -0.2183 -0.0063
vn -0.9708 -0.2129 0.1106
vn -0.4960 -0.1342 0.8579
vn -0.6610 -0.1760 0.7295
vn -0.7959 -0.2099 0.5679
vn -0.8947 -0.2342 0.3803
vn -0.9574 0.0044 0.2889
vn -0.8708 -0.4083 -0.2737
vn -0.8674 -0.3754 -0.3267
vn -0.8760 -0.3255 -0.3560
vn -0.8828 -0.2994 -0.3620
vn -0.8109 -0.2751 -0.5166
vn 0.6058 -0.3039 -0.7353
vn 0.6552 -0.3463 -0.6714
vn 0.6302 -0.3912 -0.6707
vn 0.8521 -0.5058 0.1344
vn 0.6382 -0.5671 -0.5207
vn 0.6736 -0.5123 -0.5328
vn 0.6554 -0.4471 -0.6087
vn 0.6284 -0.4223 -0.6533
vn 0.5896 -0.3746 -0.7156
vn 0.2318 0.4456 -0.8647
vn -0.4881 0.4094 0.7708
vn -0.4984 0.5632 0.6591
vn -0.5984 0.2078 0.7738
vn 0.4537 -0.8163 0.3575
vn 0.6109 -0.7609 -0.2188
vn 0.7658 -0.2388 -0.5971
vn 0.7593 -0.2566 -0.5980
vn 0.7225 0.6232 -0.2994
vn 0.6683 0.7421 -0.0512
vn 0.5869 -0.3455 0.7322
vn 0.6708 -0.3274 0.6655
vn -0.8479 0.2462 -0.4695
vn -0.6909 0.6147 -0.3805
vn 0.5888 0.5134 -0.6243
vn 0.6183 0.5635 -0.5478
vn 0.5886 0.5923 -0.5503
vn -0.3212 -0.7952 -0.5143
vn 0.8659 -0.4127 0.2826
vn -0.9129 0.2464 -0.3255
vn -0.9033 0.3592 -0.2346
vn -0.9418 0.3278 -0.0744
vn 0.8283 -0.3493 -0.4380
vn 0.8241 -0.3715 -0.4276
vn 0.8554 -0.3542 -0.3780
vn 0.5736 0.6076 -0.5494
vn 0.5658 0.8141 -0.1308
vn 0.5783 0.8054 -0.1302
vn 0.6045 0.7929 -0.0770
vn 0.5718 0.8201 0.0203
vn 0.6215 0.7832 0.0159
vn -0.0826 -0.0263 0.9962
vn -0.0002 0.0001 1.0000
vn -0.0001 -0.0000 1.0000
vn -0.0000 0.0002 1.0000
vn -0.0994 0.1431 0.9847
vn -0.0971 0.0473 0.9941
vn -0.0877 0.0335 0.9956
vn -0.0981 0.0140 0.9951
vn -0.0966 0.0025 0.9953
vn -0.0981 -0.0179 0.9950
vn 0.6416 0.7623 -0.0854
vn 0.6855 0.7281 -0.0012
vn -0.3526 -0.2502 -0.9017
vn 0.9363 -0.2700 0.2246
vn 0.9611 -0.1473 0.2337
vn 0.9414 -0.1874 0.2804
vn 0.9690 0.0116 0.2470
vn 0.9365 -0.1412 0.3211
vn 0.9524 -0.0323 0.3033
vn 0.9112 -0.1820 0.3696
vn 0.9087 -0.1084 0.4031
vn 0.9184 -0.0073 0.3955
vn -0.9661 0.2580 0.0026
vn -0.8540 0.3978 -0.3352
vn -0.8316 0.4101 -0.3746
vn -0.8083 0.4913 -0.3245
vn -0.8440 0.4722 -0.2544
vn -0.7594 0.6284 -0.1683
vn -0.7901 0.6129 0.0053
vn -0.8959 0.4442 0.0038
vn 0.6583 0.7466 0.0959
vn 0.7074 0.5291 -0.4686
vn -0.9836 -0.0175 0.1795
vn -0.9991 -0.0197 0.0373
vn -0.9754 -0.0453 0.2157
vn -0.0333 0.7976 0.6023
vn -0.0404 0.9096 0.4134
vn -0.0241 0.8978 0.4398
vn -0.0263 0.8680 0.4959
vn -0.0060 0.8588 0.5122
vn 0.0006 0.8115 0.5844
vn -0.0276 0.7983 0.6016
vn 0.0007 0.7821 0.6231
vn 0.0127 0.7946 0.6070
vn -0.0148 0.7983 0.6021
vn -0.0173 0.8026 0.5962
vn -0.0428 0.7882 0.6140
vn 0.0123 0.7905 0.6123
vn 0.7834 0.5855 -0.2084
vn 0.8388 0.5254 -0.1429
vn 0.8246 0.5630 -0.0556
vn 0.9019 0.4186 -0.1062
vn 0.8429 0.4365 -0.3147
vn 0.8448 0.4834 -0.2295
vn 0.8929 0.3704 -0.2560
vn -0.7526 0.5435 0.3717
vn -0.8315 0.3855 0.4000
vn 0.7775 -0.4496 -0.4397
vn 0.8410 -0.3178 -0.4379
vn 0.7226 -0.4242 -0.5458
vn -0.3554 -0.9194 0.1688
vn -0.3218 -0.8837 0.3399
vn -0.4023 -0.8817 0.2464
vn -0.4731 -0.8661 0.1614
vn -0.4156 -0.9095 0.0091
vn -0.3649 -0.9292 0.0577
vn -0.3160 0.4037 0.8586
vn -0.4111 0.5274 0.7435
vn -0.4910 0.6312 0.6004
vn -0.5522 0.7115 0.4346
vn -0.7465 0.4705 0.4705
vn 0.9178 -0.0120 -0.3970
vn 0.6091 -0.3238 -0.7240
vn 0.6359 -0.2729 -0.7219
vn 0.6569 -0.2244 -0.7198
vn 0.5144 -0.0770 -0.8541
vn 0.5026 -0.0643 -0.8621
vn 0.5015 -0.0580 -0.8632
vn 0.4978 -0.0360 -0.8665
vn 0.4973 -0.1998 -0.8443
vn -0.6606 0.6879 0.3008
vn -0.4823 0.8271 0.2886
vn -0.4824 0.7992 0.3585
vn -0.6345 0.6768 0.3734
vn 0.6841 0.5608 -0.4664
vn 0.6967 0.4689 -0.5429
vn 0.9750 -0.1522 0.1618
vn 0.9695 -0.2092 0.1280
vn 0.9633 -0.2546 0.0855
vn 0.9524 -0.3014 0.0448
vn 0.9512 -0.3052 0.0450
vn 0.9456 -0.3203 0.0568
vn 0.9617 -0.2574 0.0943
vn -0.9575 -0.2044 0.2035
vn 0.3401 0.8963 0.2846
vn 0.3630 0.8990 0.2451
vn 0.2742 0.9397 0.2043
vn 0.2947 0.9544 0.0470
vn 0.0954 0.9943 0.0484
vn -0.0061 0.9988 0.0490
vn -0.0067 0.9979 0.0641
vn -0.0079 0.9971 0.0750
vn -0.0117 0.9954 0.0950
vn -0.0153 0.9941 0.1071
vn -0.0175 0.9935 0.1127
vn -0.0221 0.9926 0.1190
vn -0.0213 0.9513 0.3076
vn 0.9999 -0.0111 0.0123
vn 0.9945 0.0773 0.0706
vn 0.9998 -0.0218 0.0041
vn 0.9902 0.1170 0.0762
vn 0.9997 -0.0236 0.0031
vn 0.9947 0.0857 0.0571
vn 0.9048 -0.1147 -0.4101
vn 0.3775 -0.3870 0.8413
vn 0.3934 -0.3730 0.8403
vn -0.3345 -0.9424 -0.0064
vn -0.3335 -0.9427 -0.0068
vn 0.8720 -0.3173 -0.3726
vn -0.6912 -0.2384 0.6822
vn 0.9792 -0.1657 0.1172
vn 0.0930 0.6669 0.7393
vn 0.1838 0.9733 -0.1374
vn 0.2026 -0.9722 0.1177
vn -0.0609 0.9971 0.0452
vn 0.2982 0.7274 -0.6180
vn 0.8660 0.1300 0.4828
vn 0.9108 -0.0407 0.4109
vn 0.8798 -0.1880 0.4365
vn 0.9568 -0.0537 0.2858
vn 0.9351 -0.0262 0.3533
vn 0.9211 -0.2833 -0.2671
vn 0.9437 -0.2350 -0.2327
vn 0.9144 -0.3059 -0.2651
vn 0.8965 -0.2751 -0.3473
vn 0.8844 -0.3259 -0.3342
vn 0.9618 -0.1956 0.1914
vn 0.9586 -0.1569 0.2378
vn -0.6684 -0.6612 -0.3408
vn -0.6796 -0.6224 -0.3882
vn 0.9438 -0.2349 -0.2327
vn 0.9256 -0.1099 -0.3623
vn -0.4083 -0.8843 -0.2266
vn -0.3455 -0.9102 -0.2284
vn -0.4166 -0.8960 -0.1537
vn 0.8909 -0.0482 -0.4516
vn 0.8574 -0.0943 -0.5059
vn 0.6353 0.5402 0.5519
vn 0.5460 0.3342 0.7682
vn 0.7519 0.2327 0.6169
vn 0.9681 0.1365 -0.2101
vn 0.8428 0.4368 -0.3145
vn 0.8335 0.3857 -0.3956
vn 0.7793 0.4931 -0.3867
vn 0.7827 0.5861 -0.2096
vn 0.7850 0.5423 -0.2996
vn 0.7211 0.6293 -0.2898
vn 0.6062 0.7867 0.1166
vn 0.6582 0.7467 0.0958
vn 0.5790 0.4115 -0.7039
vn 0.5429 0.3380 -0.7688
vn 0.5066 0.3817 -0.7731
vn 0.6414 0.7625 -0.0846
vn 0.5963 -0.6479 -0.4739
vn 0.5684 -0.6264 -0.5334
vn 0.5935 -0.5872 -0.5504
vn 0.5772 0.6020 -0.5517
vn 0.5539 0.5415 -0.6325
vn 0.5626 0.5359 -0.6296
vn 0.6362 0.7656 0.0957
vn 0.5966 0.7950 0.1096
vn 0.6085 0.7935 0.0044
vn 0.5865 0.5146 -0.6255
vn 0.6511 -0.5916 0.4754
vn 0.6135 -0.6279 0.4789
vn 0.5643 -0.6007 0.5663
vn 0.6132 -0.5468 0.5701
vn 0.5660 0.2503 0.7855
vn 0.5459 0.2973 0.7834
vn 0.1615 0.8695 -0.4669
vn 0.6219 0.0211 -0.7828
vn 0.6270 -0.0088 -0.7790
vn 1.0000 0.0060 -0.0079
vn -0.6118 0.7902 0.0362
vn 0.6265 -0.5983 -0.4996
vn 0.9939 -0.1074 0.0234
vn 0.0038 -0.4921 -0.8705
vn 0.0244 -0.5087 -0.8606
vn 0.0365 -0.4682 -0.8829
vn -0.0105 -0.4346 -0.9006
vn -0.0345 -0.4200 -0.9069
vn -0.1846 -0.3255 -0.9274
vn -0.2341 -0.2670 -0.9348
vn -0.2090 -0.2381 -0.9485
vn -0.1601 -0.1455 -0.9763
vn -0.1400 -0.1796 -0.9737
vn -0.1172 -0.1950 -0.9738
vn -0.1079 -0.1448 -0.9836
vn -0.1037 -0.1157 -0.9879
vn -0.0635 -0.1097 -0.9919
vn -0.0687 -0.1646 -0.9840
vn -0.0287 -0.4261 -0.9042
vn -0.0215 -0.4560 -0.8897
vn 0.5038 0.2571 0.8247
vn 0.3423 0.0203 0.9394
vn 0.3115 0.0978 0.9452
vn 0.6360 -0.2729 -0.7219
vn -0.3152 0.4040 -0.8587
vn -0.3573 0.2345 -0.9041
vn -0.4211 0.3010 -0.8556
vn -0.4947 0.2053 -0.8445
vn -0.6024 -0.0869 -0.7935
vn 0.9244 0.3426 -0.1677
vn 0.9576 0.2475 -0.1472
vn 0.9724 0.2313 -0.0319
vn 0.9430 0.3292 -0.0481
vn 0.9820 -0.1785 -0.0620
vn 0.9939 -0.1043 -0.0358
vn 0.8141 -0.4568 -0.3586
vn -0.0664 -0.9974 0.0293
vn -0.3517 -0.5390 -0.7654
vn -0.3416 -0.4538 -0.8230
vn 0.7663 -0.5859 0.2637
vn -0.0286 0.8739 -0.4852
vn -0.0146 0.8576 -0.5141
vn 0.0023 0.8436 -0.5370
vn -0.0270 0.8527 -0.5217
vn 0.9819 0.0406 -0.1850
vn 0.9644 0.0748 -0.2536
vn 0.9644 0.1125 -0.2395
vn 0.4370 0.5828 -0.6851
vn 0.5075 0.5988 -0.6197
vn 0.4371 0.6264 -0.6454
vn 0.4361 0.6697 -0.6010
vn 0.6370 0.5335 -0.5564
vn -0.9198 -0.3924 -0.0069
vn -0.8806 -0.4738 -0.0076
vn -0.8804 -0.4741 -0.0079
vn -0.8802 -0.4746 -0.0076
vn -0.8336 -0.5523 -0.0068
vn 0.9756 -0.1875 -0.1140
vn 0.9629 -0.1432 -0.2288
vn 0.9725 -0.2244 -0.0631
vn 0.9870 -0.0405 -0.1553
vn 0.9779 -0.0871 -0.1900
vn 0.9782 -0.1399 -0.1532
vn 0.5354 0.8045 -0.2571
vn 0.6159 0.7443 -0.2584
vn -0.0165 0.7931 0.6089
vn 0.0126 0.8060 0.5918
vn 0.0134 0.7999 0.6000
vn -0.0333 0.7975 0.6024
vn -0.4405 -0.8977 -0.0116
vn -0.4362 -0.8998 -0.0130
vn -0.4887 -0.8724 -0.0114
vn -0.4962 -0.8682 -0.0097
vn 0.9840 0.0903 -0.1533
vn 0.0007 0.7984 0.6022
vn -0.0390 0.7855 0.6176
vn -0.5755 -0.6114 0.5432
vn 0.0141 0.8351 -0.5499
vn 0.0143 0.8349 -0.5502
vn 0.0148 0.8342 0.5513
vn 0.0145 0.8337 0.5520
vn 0.0118 0.8373 0.5466
vn 0.0143 0.8356 0.5491
vn 0.0146 0.8341 0.5514
vn 0.5900 -0.7328 0.3390
vn 0.9333 -0.3282 0.1457
vn -0.0068 0.9527 -0.3039
vn -0.0058 0.9562 -0.2927
vn -0.0059 0.9587 -0.2843
vn 0.4146 -0.4460 0.7932
vn 0.3821 -0.4840 0.7873
vn 0.4430 -0.5107 0.7369
vn 0.5462 -0.4828 0.6845
vn 0.6236 -0.3797 0.6833
vn 0.5398 -0.3977 0.7420
vn 0.4568 -0.4001 0.7945
vn 0.2918 0.7575 0.5839
vn 0.7540 -0.6523 0.0778
vn 0.7568 -0.6515 0.0537
vn 0.7389 -0.6646 0.1111
vn 0.9916 -0.0218 0.1275
vn 0.9705 -0.1265 0.2052
vn 0.3699 -0.8901 -0.2664
vn 0.9784 -0.2030 -0.0395
vn 0.9838 -0.1789 0.0093
vn -0.4257 -0.6029 -0.6748
vn -0.4579 -0.6521 -0.6042
vn -0.3797 -0.6476 -0.6607
vn -0.4113 -0.6373 -0.6517
vn 0.6952 0.7188 -0.0053
vn 0.6955 0.7185 -0.0063
vn 0.7615 0.6482 -0.0049
vn 0.7580 0.6521 0.0124
vn 0.7509 0.6590 0.0428
vn -0.8338 -0.5520 -0.0049
vn -0.8337 -0.5521 -0.0067
vn -0.8804 -0.4741 -0.0065
vn -0.8805 -0.4741 -0.0062
vn -0.8804 -0.4742 -0.0045
vn -0.9199 -0.3922 -0.0053
vn -0.8936 0.4449 -0.0603
vn -0.7164 0.6974 -0.0195
vn -0.7375 0.6748 -0.0255
vn -0.8777 0.4758 -0.0565
vn 0.8474 0.4941 0.1944
vn -0.7375 0.1167 0.6652
vn -0.7775 0.0784 0.6240
vn -0.0223 0.4727 -0.8809
vn -0.0036 0.5499 -0.8352
vn -0.0374 0.6280 -0.7773
vn 0.0776 0.7364 -0.6721
vn 0.0494 0.7506 -0.6589
vn 0.0034 0.6929 -0.7210
vn -0.0137 0.6330 -0.7740
vn -0.0235 0.8511 -0.5244
vn -0.0264 0.8525 -0.5220
vn 0.0078 0.8400 -0.5425
vn -0.3412 -0.9399 -0.0122
vn 0.7874 0.5740 -0.2248
vn 0.8149 0.5723 -0.0912
vn 0.7934 0.6078 0.0336
vn -0.2942 -0.9402 0.1716
vn -0.2318 -0.9571 0.1740
vn -0.7975 -0.6033 0.0082
vn -0.7882 -0.6154 0.0077
vn -0.0684 -0.9928 -0.0987
vn -0.0623 -0.9888 0.1356
vn -0.0384 -0.9854 0.1658
vn -0.0256 -0.9730 -0.2293
vn 0.0665 -0.8590 -0.5076
vn 0.1079 -0.9408 -0.3213
vn -0.0636 -0.9956 -0.0691
vn 0.4809 0.6945 -0.5351
vn 0.7099 -0.4307 0.5573
vn 0.9395 -0.3425 -0.0004
vn -0.4106 -0.7186 -0.5612
vn 0.8726 -0.3290 0.3609
vn 0.8937 -0.2665 0.3610
vn 0.8414 -0.3169 0.4378
vn 0.8621 -0.2567 0.4368
vn 0.8742 0.3587 0.3272
vn 0.8792 0.4073 0.2470
vn 0.8345 0.5022 0.2266
vn 0.8340 0.4557 0.3110
vn 0.8536 -0.4711 -0.2224
vn 0.8845 -0.4331 -0.1736
vn -0.0194 0.8744 -0.4848
vn -0.0212 0.9513 -0.3076
vn 0.0537 0.9549 -0.2920
vn 0.1196 0.9615 -0.2475
vn 0.5536 0.4584 -0.6952
vn 0.5626 0.5357 -0.6296
vn 0.5370 0.5127 -0.6699
vn 0.5411 0.4552 -0.7071
vn 0.4897 0.4036 -0.7729
vn 0.5134 0.3992 -0.7597
vn 0.6500 0.3451 -0.6771
vn 0.6185 0.3942 -0.6797
vn 0.4563 0.1774 0.8720
vn -0.9756 -0.1566 -0.1539
vn 0.7729 -0.5410 -0.3316
vn 0.7345 -0.5679 -0.3715
vn 0.7647 -0.4860 -0.4232
vn 0.7292 -0.4964 -0.4711
vn 0.7048 -0.5655 -0.4284
vn 0.6854 -0.6096 -0.3982
vn 0.9760 -0.2033 0.0780
vn 0.8094 0.5762 -0.1138
vn 0.8306 0.5197 -0.1998
vn 0.8623 0.4906 -0.1255
vn 0.9380 -0.2811 0.2027
vn 0.9869 0.1453 0.0704
vn 0.9839 0.1488 0.0994
vn 0.2094 0.9767 -0.0479
vn 0.1726 0.9685 -0.1798
vn -0.0221 0.9927 -0.1188
vn -0.0203 0.9929 -0.1173
vn -0.0121 0.9836 -0.1798
vn -0.0134 0.9948 -0.1013
vn -0.0101 0.9961 -0.0880
vn -0.0072 0.9976 -0.0683
vn -0.0065 0.9981 -0.0610
vn -0.0062 0.9988 -0.0483
vn 0.6812 -0.3395 -0.6486
vn 0.6749 -0.3284 -0.6608
vn 0.6125 -0.3622 -0.7026
vn 0.6204 -0.4155 -0.6652
vn 0.7207 0.6452 -0.2535
vn 0.6360 0.6911 -0.3434
vn 0.8240 0.5666 -0.0022
vn 0.8730 0.4878 -0.0027
vn -0.6431 0.4297 0.6338
vn -0.6111 0.3073 0.7294
vn -0.6160 0.3269 0.7167
vn -0.6651 0.5146 0.5412
vn -0.6434 0.4298 0.6335
vn 0.7760 0.6276 -0.0636
vn 0.6930 0.6823 -0.2327
vn 0.6612 0.7248 -0.1937
vn 0.7515 0.6487 -0.1206
vn 0.7148 0.6958 -0.0707
vn -0.0000 -0.0000 -1.0000
vn 0.8731 0.4875 -0.0027
vn 0.7504 -0.0619 -0.6581
vn 0.6365 0.7656 -0.0938
vn -0.7184 -0.4666 -0.5160
vn -0.7863 -0.4710 -0.3998
vn -0.8466 -0.4888 -0.2104
vn -0.8669 -0.4606 -0.1907
vn -0.8626 -0.4608 -0.2088
vn -0.7534 -0.4779 -0.4516
vn 0.6264 -0.5983 -0.4997
vn 0.6013 -0.6785 -0.4219
vn 0.4746 -0.3810 0.7935
vn 0.5598 -0.3736 0.7396
vn -0.9675 -0.2501 -0.0372
vn -0.8338 -0.5520 -0.0035
vn -0.9201 -0.3917 -0.0052
vn 0.8141 -0.4155 0.4057
vn 0.7830 -0.4196 0.4592
vn 0.8090 -0.4352 0.3952
vn 0.7757 -0.5841 0.2390
vn 0.7464 -0.5989 0.2901
vn 0.6855 -0.6096 0.3981
vn 0.7138 -0.5422 0.4433
vn 0.7363 -0.4722 0.4846
vn -0.2539 0.9008 -0.3523
vn -0.2246 0.8962 -0.3826
vn -0.2241 0.8962 -0.3829
vn -0.2424 0.9050 -0.3495
vn 0.9416 0.1747 0.2879
vn 0.9366 0.1255 0.3273
vn -0.0180 0.9544 -0.2981
vn -0.0659 0.9492 -0.3078
vn -0.1103 0.9419 -0.3174
vn -0.1736 0.9271 -0.3322
vn -0.2424 0.9051 -0.3493
vn -0.0234 0.9268 -0.3748
vn -0.3793 -0.4901 0.7848
vn -0.4777 -0.4232 0.7699
vn -0.3517 -0.5390 0.7653
vn 0.6426 0.6975 -0.3171
vn 0.9782 0.2060 0.0277
vn 0.8324 -0.5228 -0.1838
vn 0.8171 -0.5464 -0.1839
vn -0.4929 0.8700 -0.0118
vn -0.4896 0.8719 -0.0052
vn -0.4900 0.8717 0.0088
vn -0.5085 0.8609 0.0198
vn -0.2482 -0.8837 -0.3968
vn -0.4073 -0.8258 -0.3900
vn -0.5320 -0.7571 -0.3792
vn -0.4882 -0.7932 -0.3640
vn -0.4311 -0.8195 -0.3775
vn -0.2470 -0.8862 -0.3920
vn 0.9960 0.0724 0.0528
vn 0.9543 0.2927 0.0596
vn 0.9698 0.1591 0.1851
vn 0.9758 0.0059 0.2184
vn 0.9786 -0.1566 0.1335
vn 0.9933 -0.0696 0.0925
vn -0.0115 -0.9567 -0.2909
vn -0.0908 -0.9671 -0.2375
vn -0.1559 -0.9590 -0.2365
vn -0.1426 -0.9455 -0.2928
vn -0.2076 -0.9340 -0.2909
vn -0.1077 -0.1676 -0.9800
vn -0.1214 -0.1970 -0.9729
vn -0.1358 -0.1864 -0.9730
vn -0.1759 -0.1178 -0.9773
vn -0.1925 -0.0798 -0.9781
vn -0.1329 -0.0868 -0.9873
vn -0.1318 -0.1016 -0.9861
vn -0.1292 -0.1195 -0.9844
vn -0.1301 -0.1333 -0.9825
vn -0.1263 -0.1427 -0.9817
vn -0.1224 -0.1449 -0.9818
vn -0.1206 -0.1345 -0.9835
vn -0.1198 -0.1118 -0.9865
vn -0.1199 -0.1005 -0.9877
vn -0.0998 -0.0881 -0.9911
vn -0.1011 -0.1077 -0.9890
vn 0.7020 0.5368 0.4680
vn -0.0188 0.9895 -0.1434
vn -0.0131 0.9916 -0.1286
vn -0.0083 0.9944 -0.1057
vn -0.0058 0.9956 -0.0935
vn 0.0402 0.9951 -0.0898
vn 0.7071 0.0001 0.7071
vn -0.5770 -0.5779 0.5771
vn -0.6735 -0.6744 -0.3027
vn 0.5089 -0.7027 0.4973
vn 0.5667 -0.7827 -0.2573
vn 0.0497 -0.5464 0.8361
vn 0.0497 -0.5464 0.8360
vn 0.0561 -0.5557 0.8295
vn 0.0498 -0.5462 0.8362
vn 0.0499 -0.5462 0.8362
vn 0.0499 -0.5465 0.8360
vn 0.0501 -0.5464 0.8360
vn 0.0501 -0.5465 0.8360
vn 0.9573 -0.2870 -0.0341
vn 0.9400 -0.3411 0.0002
vn -0.8456 -0.3494 0.4036
vn -0.8467 -0.3238 0.4221
vn -0.7682 -0.5163 0.3785
vn -0.7701 -0.5131 0.3790
vn -0.4975 0.1434 -0.8555
vn -0.4629 0.2375 -0.8540
vn 0.9863 0.1645 -0.0109
vn 0.9987 -0.0516 -0.0005
vn 0.5712 -0.0679 -0.8180
vn 0.5696 -0.0595 -0.8198
vn -0.0302 0.9375 0.3467
vn -0.0057 0.9778 0.2093
vn -0.9448 -0.0423 -0.3249
vn -0.8502 -0.2230 -0.4768
vn -0.9022 -0.0239 -0.4306
vn -0.9364 -0.0742 -0.3430
vn 0.6135 -0.2306 0.7553
vn 0.2583 -0.0133 -0.9660
vn 0.2529 0.0850 -0.9637
vn 0.3458 0.0811 -0.9348
vn 0.9934 0.0112 -0.1140
vn -0.1458 -0.9884 0.0427
vn -0.0043 -0.9945 0.1043
vn 0.4787 -0.7180 -0.5053
vn 0.5353 -0.8030 0.2618
vn 0.0515 -0.5474 0.8353
vn 0.0513 -0.5474 0.8353
vn 0.0513 -0.5468 0.8357
vn 0.0512 -0.5475 0.8352
vn 0.0515 -0.5473 0.8353
vn -0.2595 -0.6738 0.6919
vn -0.1825 -0.6531 0.7350
vn -0.1818 -0.6528 0.7354
vn -0.0665 -0.6107 0.7890
vn -0.0670 -0.6063 0.7924
vn 0.0546 -0.5563 0.8292
vn 0.0499 -0.5463 0.8361
vn 0.0155 -0.5649 0.8250
vn 0.0022 -0.5718 0.8204
vn 0.0550 -0.5561 0.8293
vn 0.0557 -0.5558 0.8295
vn 0.0498 -0.5463 0.8361
vn 0.0547 -0.5563 0.8292
vn 0.0562 -0.5556 0.8296
vn -0.2589 -0.6747 0.6912
vn -0.0764 -0.6182 0.7823
vn -0.0646 -0.6135 0.7870
vn -0.1784 -0.6540 0.7351
vn -0.1794 -0.6542 0.7347
vn -0.1126 -0.3257 0.9387
vn -0.1663 -0.2066 0.9642
vn -0.0865 -0.1863 0.9787
vn -0.1648 -0.0532 0.9849
vn -0.0153 0.0167 0.9997
vn -0.0208 0.0132 0.9997
vn 0.6819 0.4262 0.5944
vn 0.0479 -0.9488 -0.3122
vn 0.9956 -0.0804 -0.0475
vn 0.9887 -0.1160 -0.0950
vn 0.9881 -0.1458 -0.0481
vn 0.0571 -0.5602 0.8264
vn 0.0569 -0.5604 0.8263
vn 0.0573 -0.5602 0.8264
vn 0.1230 -0.0971 0.9876
vn 0.1460 -0.0051 0.9893
vn 0.1710 0.0187 0.9851
vn 0.1858 0.0013 0.9826
vn 0.1951 -0.0245 0.9805
vn 0.1980 -0.0395 0.9794
vn 0.1978 -0.0472 0.9791
vn 0.1906 -0.0601 0.9798
vn 0.1781 -0.0803 0.9807
vn 0.1600 -0.1022 0.9818
vn 0.1548 -0.0149 0.9878
vn 0.1759 0.0573 0.9827
vn -0.0441 0.0344 0.9984
vn -0.0462 0.0096 0.9989
vn -0.0463 -0.0058 0.9989
vn -0.0447 -0.0208 0.9988
vn -0.0396 -0.0483 0.9980
vn -0.0423 -0.0739 0.9964
vn -0.0473 -0.0999 0.9939
vn 0.8477 0.5298 0.0282
vn 0.7893 0.6132 0.0319
vn 0.6490 0.7598 0.0387
vn 0.4202 0.7239 -0.5472
vn 0.9397 -0.3420 -0.0002
vn 0.9375 -0.3413 -0.0680
vn 0.9204 -0.3346 -0.2022
vn 0.8962 -0.3262 -0.3006
vn 0.7452 0.6643 0.0581
vn 0.7457 0.6653 0.0361
vn 0.5909 0.8007 0.0993
vn 0.6709 0.7359 0.0915
vn 0.6101 0.7468 -0.2647
vn 0.5236 0.8073 -0.2722
vn 0.5111 0.8080 -0.2932
vn 0.2094 0.9767 -0.0476
vn 0.1961 0.9794 0.0478
vn 0.3902 0.9196 0.0455
vn 0.3945 0.9189 0.0084
vn 0.4151 0.9087 -0.0449
vn -0.3518 -0.5390 0.7653
vn -0.4777 -0.4233 0.7698
vn 0.9333 -0.2700 0.2368
vn 0.9401 -0.2903 0.1785
vn 0.9323 -0.3088 0.1886
vn 0.9226 -0.2938 0.2499
vn 0.3424 -0.6738 0.6548
vn 0.3862 -0.7371 0.5545
vn 0.4748 -0.8695 -0.1362
vn 0.4107 -0.9092 -0.0684
vn -0.1399 0.9279 -0.3455
vn -0.0110 0.9545 -0.2979
vn -0.0180 0.9544 -0.2979
vn -0.1286 0.9298 -0.3449
vn 0.7346 -0.5125 -0.4446
vn 0.8492 -0.2966 -0.4369
vn -0.4680 -0.8529 0.2315
vn 0.4746 -0.8697 0.1356
vn 0.5167 -0.8562 -0.0000
vn -0.1799 -0.9783 0.1031
vn -0.2414 -0.9649 0.1037
vn -0.0682 -0.9976 0.0110
vn -0.3619 -0.9322 0.0107
vn -0.3862 -0.9217 0.0350
vn -0.3883 -0.9214 0.0127
vn 0.6013 0.7980 0.0403
vn 0.5683 0.8218 0.0414
vn 0.9876 -0.1568 -0.0009
vn -0.8824 -0.1932 0.4290
vn -0.8021 -0.4513 0.3911
vn -0.7143 -0.4122 0.5656
vn -0.5268 -0.8498 -0.0193
vn -0.4636 -0.8860 -0.0023
vn -0.4725 -0.8813 0.0047
vn -0.5121 -0.8589 -0.0068
vn -0.4754 -0.8796 -0.0184
vn -0.5270 -0.8497 -0.0192
vn -0.5318 -0.8455 -0.0489
vn -0.3646 -0.9309 -0.0219
vn -0.4195 -0.9075 -0.0201
vn -0.4221 -0.9051 -0.0511
vn 0.3689 -0.3953 -0.8412
vn 0.8959 -0.4409 -0.0551
vn 0.8199 -0.5725 0.0060
vn 0.8096 -0.5851 0.0474
vn 0.8715 0.4729 0.1299
vn -0.1706 -0.9717 -0.1632
vn -0.2339 -0.9589 -0.1606
vn -0.2201 -0.9468 -0.2347
vn -0.0910 -0.9673 -0.2370
vn -0.0257 -0.9712 -0.2368
vn -0.0289 -0.9747 -0.2216
vn -0.5837 -0.7997 -0.1404
vn -0.4558 -0.8479 -0.2706
vn -0.4649 -0.8581 -0.2180
vn -0.4065 -0.8859 -0.2233
vn 0.7922 -0.6102 0.0050
vn 0.6475 0.6337 0.4233
vn 0.7199 0.5999 -0.3491
vn 0.6227 0.7043 -0.3408
vn 0.5335 -0.8211 0.2026
vn 0.5474 -0.7932 0.2668
vn 0.5884 -0.7632 0.2669
vn 0.4756 -0.8690 0.1365
vn -0.5066 0.0966 0.8568
vn -0.4912 0.1690 0.8545
vn -0.4903 0.1712 0.8546
vn -0.5063 0.0984 0.8567
vn 0.5668 -0.8206 -0.0724
vn 0.6295 -0.7701 -0.1036
vn 0.6346 -0.7699 -0.0672
vn -0.7964 -0.2083 -0.5678
vn 0.8184 -0.2052 -0.5367
vn 0.7697 -0.2802 -0.5736
vn 0.8323 -0.1814 -0.5239
vn 0.8957 -0.0909 -0.4353
vn 0.5567 0.8069 0.1975
vn 0.4698 0.8593 0.2023
vn -0.0258 -0.9712 -0.2369
vn -0.3640 -0.9300 -0.0506
vn -0.3062 -0.9505 -0.0526
vn -0.3638 -0.9313 -0.0198
vn -0.5125 -0.8587 -0.0068
vn -0.3333 -0.9397 -0.0766
vn -0.4547 -0.8906 -0.0088
vn -0.1863 -0.9824 -0.0116
vn -0.1318 -0.9912 -0.0118
vn -0.1307 -0.9913 -0.0129
vn -0.0682 -0.9976 0.0109
vn 0.8007 0.5263 -0.2862
vn -0.1797 -0.9822 0.0541
vn -0.1684 -0.9701 0.1750
vn -0.1099 0.0408 -0.9931
vn -0.1073 -0.0004 -0.9942
vn -0.1046 -0.0156 -0.9944
vn -0.1014 -0.0298 -0.9944
vn -0.0993 -0.0536 -0.9936
vn -0.0998 -0.0646 -0.9929
vn -0.0980 -0.0677 -0.9929
vn -0.1215 -0.0834 -0.9891
vn -0.1247 -0.0751 -0.9893
vn -0.1263 -0.0746 -0.9892
vn -0.1295 -0.0777 -0.9885
vn -0.2015 -0.0485 -0.9783
vn -0.2039 -0.0368 -0.9783
vn -0.2008 -0.0157 -0.9795
vn -0.1967 0.0060 -0.9804
vn -0.1911 0.0393 -0.9808
vn -0.1851 0.0748 -0.9799
vn -0.1571 0.0871 -0.9837
vn -0.1562 0.0786 -0.9846
vn -0.1551 0.0750 -0.9850
vn -0.1546 0.0755 -0.9851
vn -0.1527 0.0824 -0.9848
vn -0.1507 0.0987 -0.9836
vn 0.0024 -0.5719 -0.8203
vn 0.0155 -0.5648 -0.8251
vn 0.0496 -0.5461 -0.8363
vn 0.0555 -0.5560 -0.8293
vn 0.0577 -0.5563 -0.8290
vn 0.0498 -0.5463 -0.8361
vn 0.0562 -0.5556 -0.8296
vn 0.0560 -0.5557 -0.8295
vn 0.0134 0.7999 -0.6000
vn 0.0126 0.8059 -0.5919
vn -0.0333 0.7975 -0.6024
vn -0.7108 0.7034 0.0030
vn -0.7108 0.7032 -0.0152
vn 0.9052 -0.3295 0.2684
vn 0.9309 -0.3389 0.1363
vn 0.9348 -0.3402 0.1017
vn 0.8962 -0.3262 0.3006
vn 0.0499 -0.5462 -0.8362
vn 0.0497 -0.5463 -0.8361
vn 0.0496 -0.5465 -0.8360
vn -0.5770 -0.5779 -0.5771
vn -0.6735 -0.6744 0.3027
vn 0.0499 -0.5464 -0.8360
vn 0.0500 -0.5464 -0.8360
vn 0.6653 -0.7119 0.2250
vn 0.5615 -0.8106 0.1665
vn 0.4717 -0.8612 0.1891
vn 0.5807 0.6922 -0.4286
vn 0.5396 0.6889 -0.4840
vn -0.0701 -0.2932 -0.9535
vn 0.0001 0.0001 1.0000
vn 0.8397 -0.4041 0.3627
vn 0.9723 -0.2193 0.0811
vn 0.9748 -0.2067 0.0842
vn 0.9284 -0.3378 0.1548
vn 0.9400 -0.3184 0.1226
vn -0.0000 0.7431 0.6692
vn -0.0000 0.6692 0.7431
vn -0.0000 0.8090 0.5878
vn 0.8336 0.5508 -0.0419
vn 0.8308 0.5565 0.0051
vn 0.8405 -0.4820 0.2474
vn 0.8655 0.4986 -0.0476
vn 0.9146 0.4023 -0.0414
vn 0.9518 0.3028 -0.0476
vn 0.9162 0.3970 -0.0550
vn 0.0001 -0.0000 -1.0000
vn 0.1173 0.0911 -0.9889
vn 0.5248 -0.7011 0.4827
vn 0.5800 -0.7755 -0.2492
vn 0.0497 -0.5435 -0.8379
vn 0.0516 -0.5473 -0.8353
vn 0.0512 -0.5475 -0.8353
vn 0.0516 -0.5472 -0.8354
vn 0.0514 -0.5474 -0.8353
vn 0.0513 -0.5475 -0.8352
vn -0.9993 -0.0378 -0.0073
vn -0.9822 -0.0265 0.1860
vn 0.8419 0.5394 -0.0162
vn -0.4966 -0.1305 -0.8581
vn -0.5115 -0.0468 -0.8580
vn -0.5136 -0.0026 -0.8580
vn 0.9000 -0.2451 0.3604
vn 0.8871 -0.0655 0.4570
vn 0.9105 0.0032 0.4135
vn 0.9337 -0.0163 0.3576
vn 0.9469 -0.0588 0.3161
vn 0.9608 -0.0026 0.2772
vn 0.9656 -0.1850 0.1827
vn 0.9436 -0.2819 0.1736
vn 0.9438 -0.3084 0.1191
vn -0.0760 -0.6185 0.7821
vn -0.0632 -0.6314 0.7729
vn -0.0733 -0.6210 0.7804
vn -0.9619 0.2722 0.0257
vn -0.9617 0.2729 0.0256
vn 0.4735 0.7309 0.4915
vn 0.4372 0.7637 0.4750
vn -0.7153 -0.5989 0.3601
vn -0.7099 -0.6000 0.3689
vn -0.6020 -0.7063 0.3724
vn 0.8661 0.4999 -0.0001
vn 0.8989 0.4328 -0.0682
vn 0.9341 0.3516 -0.0624
vn 0.8990 0.4325 -0.0687
vn -0.1245 0.7547 -0.6442
vn 0.7541 -0.3960 -0.5239
vn 0.5686 0.8216 0.0413
vn 0.5729 0.8195 -0.0146
vn 0.6016 0.7978 -0.0403
vn 0.5684 0.8217 -0.0413
vn 0.6337 -0.0609 -0.7712
vn 0.6359 -0.0708 -0.7685
vn 0.6945 -0.0616 -0.7168
vn 0.6912 -0.0378 -0.7216
vn 0.8260 -0.2787 0.4900
vn -0.0000 0.5000 -0.8661
vn -0.0000 0.4069 -0.9135
vn -0.5207 -0.8537 -0.0109
vn -0.5192 -0.8546 -0.0111
vn 0.2738 0.1396 0.9516
vn 0.2311 0.2271 0.9460
vn 0.2265 0.2553 0.9400
vn 0.2716 0.1967 0.9421
vn 0.2993 0.1674 0.9394
vn 0.3405 0.0409 0.9394
vn 0.2830 -0.0888 0.9550
vn 0.2168 -0.0611 0.9743
vn -0.3843 -0.6639 -0.6415
vn -0.8978 -0.4381 0.0457
vn -0.8725 -0.4860 0.0506
vn -0.8726 -0.4876 0.0273
vn -0.8661 -0.4979 0.0451
vn -0.8663 -0.4988 0.0260
vn -0.8627 -0.4918 0.1178
vn -0.8366 -0.4849 0.2548
vn -0.7374 0.1170 0.6653
vn 0.8862 -0.3221 -0.3329
vn 0.8872 -0.3221 -0.3304
vn 0.7826 -0.5312 -0.3246
vn 0.2497 0.9293 0.2722
vn 0.3477 0.8969 0.2731
vn 0.4198 0.8548 0.3052
vn 0.9811 -0.1903 0.0346
vn 0.9613 -0.2745 0.0237
vn -0.8932 -0.2874 -0.3459
vn -0.9234 -0.1676 -0.3454
vn -0.8861 -0.1606 -0.4348
vn -0.8620 -0.2775 -0.4242
vn 0.9168 0.0268 0.3984
vn 0.9393 0.0037 0.3430
vn 0.0473 0.9271 -0.3719
vn -0.0252 0.9188 -0.3938
vn 0.8005 0.0138 0.5991
vn 0.9397 -0.3421 0.0001
vn 0.9306 -0.3648 0.0288
vn 0.9263 -0.3735 0.0499
vn -0.5328 0.3667 0.7627
vn -0.5484 0.4271 0.7189
vn -0.6286 0.3760 0.6808
vn -0.6423 0.4298 0.6346
vn -0.6423 0.4303 0.6342
vn 0.2049 0.9081 -0.3653
vn 0.3946 0.8532 -0.3410
vn 0.3211 0.8917 -0.3190
vn 0.3421 0.8963 -0.2822
vn 0.2497 0.9293 -0.2721
vn 0.7876 0.0554 0.6137
vn 0.8319 0.0131 0.5548
vn -0.4125 0.8780 0.2427
vn -0.8969 0.1570 -0.4135
vn -0.8910 0.1741 -0.4193
vn -0.6446 -0.6567 0.3914
vn -0.4665 -0.7737 0.4286
vn -0.0000 0.9511 0.3090
vn 0.6575 -0.4895 -0.5728
vn 0.6222 -0.4534 -0.6382
vn 0.5655 -0.5265 -0.6348
vn 0.5827 -0.4143 -0.6992
vn 0.7259 -0.3166 -0.6106
vn 0.0820 0.7003 -0.7091
vn 0.0821 0.7007 -0.7087
vn 0.0821 0.7013 -0.7081
vn 0.6506 0.4406 -0.6185
vn -0.1743 0.1231 -0.9770
vn -0.1800 0.1125 -0.9772
vn -0.1875 0.1082 -0.9763
vn -0.1941 0.1108 -0.9747
vn -0.1996 0.1048 -0.9743
vn -0.1990 0.0635 -0.9779
vn -0.2886 0.0771 -0.9543
vn -0.2901 0.0268 -0.9566
vn 0.8944 0.2909 0.3398
vn -0.9711 -0.2136 -0.1063
vn -0.9628 -0.2488 -0.1057
vn -0.0045 0.9980 -0.0635
vn -0.0046 0.9983 -0.0573
vn -0.0020 0.9999 -0.0116
vn -0.0005 1.0000 -0.0002
vn 0.0043 1.0000 -0.0000
vn -0.0020 1.0000 -0.0000
vn -0.0017 0.9999 0.0107
vn -0.0047 0.9980 0.0634
vn -0.0045 0.9973 0.0734
vn -0.7086 0.6870 0.1608
vn -0.7092 0.6896 0.1465
vn 0.6381 -0.6952 -0.3309
vn 0.6949 -0.5889 -0.4127
vn 0.6628 -0.6538 -0.3650
vn 0.9278 0.0734 0.3658
vn 0.9385 0.1475 0.3122
vn 0.9559 0.0900 0.2797
vn 0.9521 0.0698 0.2977
vn 0.9278 -0.3388 0.1560
vn 0.9363 -0.2701 0.2245
vn 0.8676 -0.2882 0.4053
vn 0.9231 -0.2138 0.3195
vn 0.8074 -0.5859 0.0690
vn 0.6308 -0.7702 0.0941
vn 0.6189 -0.7664 0.1718
vn 0.8013 -0.5846 0.1271
vn 0.9961 0.0024 -0.0878
vn 0.8296 -0.5253 0.1893
vn 0.8665 -0.4874 0.1082
vn 0.8618 -0.4969 0.1017
vn 0.9125 -0.4085 0.0232
vn 0.9178 -0.3971 0.0056
vn 0.8528 -0.5151 0.0864
vn 0.8217 -0.5560 0.1250
vn 0.9479 -0.1556 0.2780
vn 0.9808 0.1470 0.1280
vn 0.9953 -0.0492 0.0830
vn 0.6661 -0.7157 -0.2100
vn 0.7772 -0.6284 -0.0329
vn 0.8116 -0.5725 -0.1161
vn 0.7721 -0.6244 -0.1179
vn 0.7122 -0.6712 -0.2053
vn 0.6514 -0.6999 -0.2929
vn 0.7002 0.7140 -0.0033
vn 0.6980 0.7161 -0.0037
vn 0.7615 0.6482 -0.0041
vn 0.6370 -0.6971 0.3291
vn 0.5882 -0.7634 0.2670
vn 0.6370 -0.6972 0.3288
vn 0.6775 -0.6259 0.3864
vn 0.6747 -0.6316 0.3820
vn -0.9759 -0.2183 -0.0072
vn -0.9993 -0.0378 -0.0081
vn -0.9759 -0.2183 -0.0067
vn -0.0441 0.9989 0.0152
vn -0.0423 0.9990 0.0157
vn 0.8859 0.3215 -0.3344
vn 0.6893 0.7241 -0.0229
vn 0.6759 0.7337 -0.0701
vn 0.7454 0.6632 -0.0677
vn 0.7616 0.6481 0.0064
vn 0.2976 0.9332 -0.2014
vn 0.2980 0.9329 -0.2023
vn 0.3043 -0.5173 0.7999
vn 0.9462 0.2994 0.1231
vn 0.0006 -0.9981 0.0610
vn 0.0006 -0.9995 -0.0306
vn -0.1571 0.0982 0.9827
vn -0.1401 -0.1305 0.9815
vn -0.1441 -0.1738 0.9742
vn -0.1368 -0.1847 0.9732
vn 0.7507 0.6592 0.0428
vn -0.2004 -0.6837 0.7017
vn -0.3564 -0.6504 0.6708
vn -0.3196 -0.6278 0.7098
vn -0.3294 -0.6160 0.7156
vn -0.2910 -0.6116 0.7357
vn -0.1878 -0.6013 0.7766
vn -0.2347 -0.8668 -0.4399
vn -0.1874 -0.8803 -0.4359
vn -0.2688 -0.8309 -0.4873
vn -0.1375 -0.8870 -0.4408
vn -0.1858 -0.8432 -0.5045
vn -0.2286 -0.7812 -0.5809
vn -0.2339 -0.8933 -0.3838
vn -0.3363 -0.8386 -0.4285
vn -0.1874 -0.9044 -0.3833
vn -0.6331 0.7740 -0.0103
vn -0.6333 0.7738 -0.0139
vn -0.7106 0.7034 -0.0143
vn -0.6331 0.7739 -0.0139
vn -0.3982 -0.6427 -0.6545
vn -0.3778 -0.6535 -0.6559
vn -0.3747 -0.6592 -0.6520
vn -0.0335 0.3816 -0.9237
vn 0.0257 -0.7089 0.7048
vn 0.7071 -0.0000 0.7071
vn -0.4965 -0.1320 0.8579
vn -0.5134 -0.0230 0.8578
vn 0.7296 -0.3124 -0.6084
vn 0.8393 -0.1934 0.5082
vn 0.8621 -0.2567 0.4369
vn -0.3654 0.8744 -0.3193
vn -0.3544 0.8795 -0.3175
vn -0.3820 0.8682 -0.3169
vn 0.4688 -0.5715 0.6735
vn 0.4226 -0.5353 0.7313
vn 0.2513 -0.5105 0.8223
vn 0.1646 -0.5324 0.8304
vn 0.1779 -0.5618 0.8080
vn -0.7658 0.5207 -0.3774
vn -0.7572 0.5358 -0.3735
vn -0.7552 0.5393 -0.3727
vn -0.5684 -0.8221 -0.0336
vn -0.5767 -0.8159 -0.0420
vn -0.5769 -0.8163 -0.0290
vn 0.9987 -0.0516 0.0005
vn -0.4036 -0.9149 -0.0088
vn -0.3948 -0.8321 0.3896
vn -0.4184 -0.8215 0.3874
vn 0.8367 -0.5109 -0.1974
vn 0.8262 -0.5291 -0.1937
vn 0.8461 -0.4888 -0.2126
vn -0.9390 -0.3280 0.1031
vn -0.9947 -0.0003 0.1032
vn -0.9946 -0.0053 0.1032
vn -0.9349 -0.3397 0.1026
vn 0.5167 -0.5178 0.6819
vn 0.6737 0.7388 0.0153
vn 0.5023 0.8583 0.1050
vn 0.8681 -0.1546 -0.4717
vn 0.8373 -0.1993 -0.5091
vn 0.8188 -0.1396 -0.5569
vn 0.8638 -0.0743 -0.4984
vn -0.0914 0.9454 0.3129
vn -0.0978 0.9442 0.3146
vn -0.1052 0.9428 0.3162
vn -0.9423 -0.2185 -0.2537
vn 0.2046 0.5586 -0.8038
vn -0.2301 0.9104 0.3439
vn -0.2527 0.9012 0.3520
vn -0.2535 0.9010 0.3522
vn -0.0743 0.9481 -0.3093
vn -0.0761 0.9477 -0.3100
vn -0.0658 0.9492 -0.3077
vn -0.0235 0.0113 -0.9997
vn 0.9733 -0.2089 0.0949
vn 0.9734 -0.2139 0.0818
vn -0.6648 0.7426 0.0809
vn -0.6657 0.7417 0.0825
vn -0.6649 0.7430 0.0760
vn -0.1451 0.9356 0.3220
vn -0.1448 0.9356 0.3219
vn -0.1735 0.9277 0.3307
vn -0.7043 -0.6071 0.3679
vn -0.7206 -0.5863 0.3702
vn -0.7208 -0.5859 0.3703
vn 0.7071 0.7071 -0.0000
vn -0.2205 -0.0590 0.9736
vn -0.1225 -0.0335 0.9919
vn -0.1240 -0.0272 0.9919
vn -0.0232 -0.0077 0.9997
vn -0.0239 -0.0028 0.9997
vn -0.0250 0.0098 0.9996
vn -0.0272 0.0113 0.9996
vn -0.0198 0.0159 0.9997
vn -0.0155 0.0166 0.9997
vn 0.9340 -0.3558 0.0316
vn 0.9255 -0.3757 0.0481
vn 0.9078 -0.4081 0.0965
vn 0.9264 -0.3764 0.0105
vn 0.9212 -0.3870 0.0406
vn -0.7182 -0.4666 0.5162
vn -0.8852 -0.3173 -0.3403
vn -0.8783 -0.3485 -0.3275
vn -0.8757 -0.3846 -0.2921
vn -0.8751 -0.4093 -0.2582
vn -0.8769 -0.4230 -0.2284
vn -0.8847 -0.4279 -0.1850
vn -0.9562 -0.2916 -0.0268
vn -0.9628 -0.2679 -0.0343
vn -0.9647 -0.2608 -0.0366
vn 0.6707 0.7344 -0.1040
vn 0.7432 0.6568 -0.1278
vn 0.7445 0.6609 -0.0946
vn 0.7450 0.6638 -0.0649
vn 0.5921 0.8053 -0.0300
vn 0.5077 0.8614 -0.0128
vn 0.4146 0.9099 -0.0165
vn 0.4125 0.9104 -0.0333
vn 0.4521 0.8908 -0.0453
vn 0.7323 -0.1763 -0.6578
vn 0.7826 -0.1866 -0.5940
vn 0.8013 -0.0618 -0.5951
vn 0.6309 -0.0398 -0.7748
vn -0.8181 0.1323 -0.5596
vn -0.0000 1.0000 0.0002
vn 0.8660 0.5000 -0.0000
vn 0.9397 -0.3420 -0.0003
vn 0.9342 -0.2224 -0.2791
vn 0.9423 -0.2484 -0.2243
vn 0.9466 -0.2375 -0.2182
vn -0.0692 -0.5909 0.8038
vn -0.1749 -0.6151 0.7688
vn -0.1823 -0.5013 0.8459
vn -0.1047 -0.6307 0.7689
vn -0.0781 -0.6720 0.7364
vn 0.8324 -0.4867 0.2650
vn 0.9215 -0.3464 0.1759
vn 0.9752 -0.1512 -0.1615
vn 0.9783 -0.1399 -0.1530
vn 0.6158 0.6921 -0.3764
vn 0.5805 0.6923 -0.4287
vn 0.9594 -0.2806 -0.0289
vn 0.9584 -0.2838 -0.0316
vn 0.9743 -0.2176 -0.0578
vn 0.9844 -0.1533 -0.0864
vn 0.5874 -0.8092 -0.0062
vn 0.6387 -0.7694 -0.0085
vn 0.8661 0.4999 -0.0000
vn 0.8989 0.4328 -0.0683
vn 0.9341 0.3515 -0.0623
vn 0.9593 -0.2808 -0.0292
vn 0.4142 0.9101 -0.0165
vn 0.4123 0.9104 -0.0333
vn 0.4112 0.9101 -0.0514
vn 0.9825 0.0209 -0.1849
vn 0.2586 0.9321 -0.2536
vn 0.8928 0.4492 -0.0330
vn 0.7850 0.5422 -0.2995
vn 0.8683 0.4959 -0.0117
vn 0.4684 0.3363 -0.8170
vn 0.4912 0.3304 -0.8059
vn 0.4496 0.3277 -0.8310
vn -0.7806 -0.6074 0.1473
vn -0.7807 -0.6075 -0.1465
vn 0.9923 -0.1126 0.0516
vn 0.9533 -0.3014 0.0176
vn 0.9562 -0.2905 0.0367
vn 0.9578 -0.2856 0.0333
vn 0.9703 -0.2319 0.0691
vn 0.9434 -0.3262 -0.0599
vn 0.7071 -0.2185 -0.6725
vn 0.7071 -0.0001 -0.7071
vn 0.9279 -0.3388 -0.1559
vn 0.9364 -0.2699 -0.2245
vn 0.9072 -0.3219 0.2708
vn 0.9203 -0.3350 -0.2023
vn 0.9053 -0.3295 -0.2682
vn -0.8456 -0.4303 -0.3159
vn -0.8394 -0.3904 -0.3782
vn -0.7952 -0.4107 -0.4461
vn -0.8520 -0.4528 -0.2630
vn -0.8498 -0.4475 -0.2783
vn -0.3836 0.8674 -0.3169
vn -0.2611 0.9088 -0.3254
vn 0.6378 0.7460 0.1918
vn 0.8988 0.4330 -0.0684
vn 0.8990 0.4325 -0.0686
vn 0.8990 0.4327 -0.0683
vn 0.7816 -0.2325 -0.5789
vn 0.9226 0.3611 -0.1361
vn 0.9227 0.3607 -0.1364
vn 0.9353 0.2973 -0.1921
vn 0.0260 -0.7089 0.7049
vn 0.0970 -0.7754 0.6240
vn 0.9280 0.0745 -0.3652
vn 0.9364 0.1250 -0.3280
vn 0.9356 0.1226 -0.3310
vn 0.9525 0.0661 -0.2973
vn 0.2542 -0.9619 0.1009
vn -0.0723 0.2898 -0.9544
vn -0.0399 0.2374 -0.9706
vn -0.0472 0.0470 -0.9978
vn -0.1201 0.0395 -0.9920
vn -0.1238 0.0853 -0.9886
vn -0.1322 0.1276 -0.9830
vn -0.1374 0.1445 -0.9799
vn -0.1455 0.1491 -0.9781
vn -0.1508 0.1413 -0.9784
vn -0.1593 0.1245 -0.9793
vn -0.1760 0.1021 -0.9791
vn -0.1972 0.1124 -0.9739
vn -0.1881 0.1084 -0.9761
vn -0.1696 0.1249 -0.9776
vn -0.1641 0.1686 -0.9719
vn -0.0836 0.3463 -0.9344
vn -0.1028 0.2963 -0.9496
vn -0.0649 0.4148 -0.9076
vn 0.9225 0.3612 -0.1361
vn 0.9233 0.3590 -0.1365
vn -0.7106 0.7036 0.0015
vn 0.5695 -0.3623 0.7378
vn 0.6540 -0.3391 0.6762
vn -0.9127 0.0164 -0.4083
vn 0.8585 -0.5038 -0.0958
vn 0.8897 -0.4520 -0.0642
vn 0.8923 -0.4462 -0.0689
vn -0.0138 -0.5846 -0.8112
vn 0.0258 -0.7087 -0.7051
vn 0.0304 -0.5281 -0.8486
vn -0.0033 -0.4885 -0.8725
vn -0.0226 -0.4559 -0.8897
vn -0.0491 -0.4583 -0.8874
vn -0.0286 -0.5278 -0.8489
vn 0.8923 -0.4461 -0.0689
vn 0.9181 -0.3949 -0.0346
vn 0.9192 -0.3921 -0.0368
vn 0.9561 0.1724 0.2371
vn -0.8158 0.1874 0.5472
vn -0.0884 0.2345 -0.9681
vn 0.7707 -0.5461 -0.3282
vn 0.8664 -0.4583 -0.1982
vn 0.8897 -0.4314 -0.1493
vn 0.8926 -0.4237 -0.1541
vn 0.8387 -0.1484 0.5240
vn 0.8783 -0.1534 0.4527
vn 0.8657 -0.2061 0.4561
vn 0.5822 0.7496 -0.3148
vn 0.5039 0.8088 -0.3032
vn 0.5506 0.7819 -0.2922
vn 0.7698 -0.2803 -0.5734
vn 0.7637 -0.3372 -0.5505
vn 0.7489 -0.4213 -0.5115
vn -0.5836 0.7809 0.2227
vn -0.6898 0.7234 -0.0285
vn -0.6907 0.7224 -0.0329
vn -0.6910 0.7219 -0.0368
vn -0.5722 0.8074 -0.1441
vn -0.6649 0.7430 0.0762
vn -0.5999 0.7941 0.0977
vn -0.5512 0.7930 0.2594
vn -0.1613 0.9234 0.3483
vn -0.9553 -0.2494 0.1589
vn -0.2650 0.3304 0.9059
vn 0.4843 0.8185 0.3091
vn 0.3874 0.8630 0.3243
vn 0.4036 0.8939 0.1951
vn 0.4068 0.8995 0.1595
vn -0.3149 0.4042 -0.8588
vn 0.0575 -0.5609 0.8259
vn 0.0571 -0.5603 0.8263
vn 0.9703 -0.2316 0.0699
vn 0.7330 0.4077 -0.5445
vn 0.9679 0.0368 0.2486
vn 0.9764 -0.0188 0.2150
vn 0.9731 -0.0358 0.2277
vn 0.3419 -0.9398 -0.0000
vn 0.9510 -0.3049 0.0511
vn 0.9524 -0.3016 0.0447
vn 0.9393 0.0049 0.3430
vn 0.6910 -0.4051 0.5987
vn 0.1430 0.6166 0.7742
vn 0.5922 0.5867 -0.5523
vn 0.5539 0.5414 -0.6325
vn 0.9518 -0.1172 0.2835
vn 0.9586 -0.1565 0.2379
vn 0.9543 -0.1695 0.2463
vn 0.5821 -0.6849 0.4382
vn 0.5614 -0.6744 0.4796
vn 0.2925 -0.7576 0.5835
vn 0.3280 -0.7695 0.5480
vn 0.6004 -0.6926 0.3998
vn 0.9278 -0.0367 0.3713
vn 0.9324 -0.1037 0.3461
vn 0.3193 -0.6491 -0.6905
vn 0.5623 0.8172 0.1264
vn 0.8991 0.4274 -0.0949
vn 0.8813 0.4342 -0.1866
vn 0.9060 0.4199 -0.0536
vn 0.5408 0.7195 -0.4357
vn 0.9503 0.2879 0.1181
vn 0.9506 0.2933 0.1015
vn 0.9067 0.3672 0.2073
vn 0.9480 -0.2976 0.1130
vn 0.9456 -0.3203 0.0565
vn 0.9446 -0.3231 0.0583
vn 0.9285 -0.3172 0.1931
vn 0.9169 -0.3060 0.2561
vn 0.9226 -0.2940 0.2498
vn 0.9396 -0.3424 -0.0001
vn 0.9396 -0.3423 0.0001
vn 0.8984 -0.1192 0.4228
vn 0.9226 -0.1958 0.3324
vn 0.9076 -0.1684 0.3846
vn 0.9154 -0.1499 0.3737
vn 0.9064 -0.0992 0.4105
vn 0.9496 -0.1829 0.2547
vn 0.9542 -0.1696 0.2463
vn -0.4613 -0.5246 -0.7155
vn -0.4777 -0.4233 -0.7698
vn 0.6077 0.7183 -0.3388
vn 0.5332 0.7877 -0.3085
vn 0.9561 -0.2908 0.0365
vn 0.9591 -0.2814 0.0296
vn 0.9613 -0.2746 0.0240
vn -0.3243 0.8875 0.3274
vn -0.2610 0.9117 0.3173
vn -0.0441 0.9518 0.3036
vn -0.1148 0.9398 0.3220
vn -0.1904 0.9210 0.3398
vn -0.2366 0.9078 0.3464
vn -0.2524 0.9013 0.3521
vn -0.1191 0.9412 0.3161
vn -0.0901 0.9509 0.2961
vn 0.5015 0.8038 0.3199
vn 0.5463 0.7557 0.3612
vn 0.5313 0.7952 0.2923
vn 0.5541 0.7716 0.3124
vn -0.0359 0.3765 0.9257
vn -0.0283 0.4807 0.8764
vn 0.9307 0.3383 -0.1390
vn 0.9417 0.3252 -0.0866
vn 0.8633 -0.1207 0.4900
vn 0.8901 -0.0560 0.4523
vn 0.8671 -0.1108 0.4856
vn 0.9213 0.0434 0.3863
vn 0.9109 0.0044 0.4127
vn 0.9172 0.0274 0.3976
vn 0.6388 -0.6650 -0.3869
vn 0.9411 0.2276 0.2499
vn 0.9414 0.2064 0.2669
vn 0.7748 -0.5357 -0.3358
vn 0.9366 0.2875 0.2004
vn 0.9247 0.3527 0.1436
vn 0.9227 0.3606 0.1362
vn 0.9484 0.3146 0.0389
vn 0.8983 0.4325 0.0775
vn 0.8990 0.4326 0.0685
vn 0.9375 -0.3412 0.0677
vn 0.9375 -0.3412 0.0680
vn -0.4749 0.2881 -0.8315
vn -0.3298 0.3927 -0.8585
vn -0.3168 0.4029 -0.8587
vn -0.4292 0.3205 -0.8444
vn -0.3526 -0.2501 0.9017
vn 0.5292 -0.4850 -0.6962
vn 0.8887 -0.0782 -0.4518
vn 0.4193 -0.9046 -0.0774
vn 0.4103 -0.9094 -0.0684
vn 0.4112 -0.9090 -0.0682
vn 0.3422 -0.9396 -0.0001
vn -0.3316 -0.6556 0.6783
vn 0.9250 -0.3585 0.1257
vn 0.9342 -0.3511 0.0629
vn 0.9332 -0.3540 0.0613
vn 0.5146 -0.7764 0.3638
vn 0.5479 -0.8160 0.1843
vn 0.8481 -0.4745 -0.2358
vn 0.9503 0.2880 0.1181
vn 0.9136 -0.3923 0.1066
vn 0.9283 -0.3679 0.0534
vn 0.9273 -0.3707 0.0517
vn 0.0729 -0.1421 0.9872
vn -0.4885 -0.8725 -0.0115
vn -0.4361 -0.8998 -0.0130
vn -0.4343 -0.9007 -0.0127
vn -0.4344 -0.9007 -0.0095
vn -0.4373 -0.8992 0.0125
vn 0.9398 -0.3419 -0.0000
vn 0.9875 -0.1578 0.0005
vn -0.2125 -0.8198 0.5318
vn -0.2480 -0.7802 0.5743
vn -0.2972 -0.7276 0.6183
vn -0.3262 -0.6983 0.6371
vn -0.2317 -0.6722 0.7032
vn -0.3844 -0.6638 0.6416
vn -0.2692 -0.7151 0.6451
vn -0.2825 -0.8288 0.4830
vn -0.3056 -0.8665 0.3946
vn -0.1721 -0.8656 0.4702
vn -0.4113 0.2749 0.8691
vn -0.4288 0.3439 0.8354
vn 0.9603 0.1646 0.2252
vn 0.9730 0.0791 0.2168
vn 0.9679 0.0371 0.2485
vn 0.9577 0.1164 0.2631
vn 0.8180 -0.5354 0.2104
vn 0.8491 -0.5003 0.1694
vn 0.8443 -0.5110 0.1614
vn 0.7660 0.6429 -0.0017
vn -0.1226 -0.0330 -0.9919
vn -0.0234 -0.0068 -0.9997
vn 0.9396 -0.3423 -0.0000
vn 0.8551 -0.5151 0.0595
vn 0.9396 -0.3422 -0.0002
vn 0.9345 -0.3289 -0.1364
vn -0.9870 0.1605 0.0019
vn -0.9981 0.0616 0.0009
vn -0.9954 0.0638 -0.0710
vn -0.9981 0.0615 0.0010
vn -0.9993 -0.0381 0.0003
vn 0.8150 -0.5680 0.1146
vn 0.7821 -0.6035 0.1553
vn 0.8919 -0.4470 0.0680
vn 0.8619 -0.4968 0.1017
vn 0.8659 -0.4882 0.1088
vn 0.6729 0.6882 0.2713
vn 0.5905 0.7503 0.2973
vn 0.6525 0.7054 0.2769
vn 0.6933 0.6766 0.2480
vn 0.9213 -0.3868 0.0408
vn -0.8895 -0.4269 -0.1630
vn -0.8894 -0.4270 0.1633
vn 0.8770 -0.4632 0.1276
vn 0.8492 -0.5001 0.1694
vn 0.8538 -0.4896 0.1770
vn 0.5650 0.8158 -0.1238
vn 0.5997 0.7919 -0.1156
vn 0.9766 0.1586 0.1451
vn 0.4749 -0.8695 0.1360
vn 0.3421 -0.9397 0.0001
vn 0.4108 -0.9092 0.0685
vn 0.4082 -0.9105 0.0660
vn 0.7119 -0.5469 0.4405
vn 0.7136 -0.5424 0.4434
vn 0.8446 0.2863 0.4524
vn 0.5079 0.8613 0.0098
vn 0.5024 0.8583 0.1049
vn 0.5030 0.8611 0.0736
vn 0.6727 0.7394 -0.0274
vn 0.6739 0.7387 -0.0139
vn 0.7541 -0.3961 0.5239
vn 0.7390 -0.4623 0.4900
vn 0.7389 -0.4624 0.4900
vn 0.6955 -0.5875 0.4136
vn 0.7119 -0.5470 0.4405
vn 0.7135 -0.5428 0.4430
vn -0.5932 0.7644 -0.2524
vn -0.6574 0.7221 -0.2154
vn -0.7059 0.6976 -0.1228
vn 0.9414 -0.3315 -0.0629
vn 0.8933 -0.2678 -0.3610
vn 0.8722 -0.3300 -0.3610
vn 0.8434 -0.3974 -0.3615
vn 0.8680 -0.4091 -0.2816
vn 0.8964 -0.3420 -0.2819
vn 0.9342 -0.3551 -0.0344
vn 0.4320 -0.4562 0.7780
vn 0.4528 -0.5201 0.7242
vn 0.8972 0.4410 0.0239
vn 0.1950 0.5052 0.8407
vn -0.6566 0.6853 0.3150
vn -0.6422 0.7310 0.2307
vn -0.5929 0.7647 0.2524
vn 0.9506 -0.2272 -0.2116
vn 0.9531 -0.2574 -0.1594
vn 0.9561 -0.2490 -0.1545
vn 0.9561 -0.2907 -0.0356
vn 0.9519 -0.2872 -0.1064
vn 0.9274 -0.0371 -0.3722
vn 0.9414 -0.0775 -0.3283
vn 0.9579 -0.1008 -0.2689
vn 0.9369 0.2851 -0.2025
vn 0.9412 0.2073 -0.2666
vn 0.9410 0.2078 -0.2671
vn 0.9225 0.3611 -0.1362
vn 0.9273 -0.3709 0.0510
vn 0.9198 -0.3887 -0.0530
vn 0.8596 -0.4772 0.1828
vn 0.9224 -0.3840 0.0428
vn 0.9362 -0.3515 0.0087
vn 0.9399 -0.3414 0.0005
vn 0.9165 -0.3987 0.0316
vn 0.8920 -0.4468 0.0684
vn 0.9180 -0.3951 0.0342
vn 0.8944 -0.4413 0.0727
vn 0.8701 -0.4792 0.1154
vn 0.8773 -0.4628 0.1269
vn 0.9577 0.0846 0.2751
vn -0.5306 -0.0017 0.8476
vn -0.5714 0.1565 0.8056
vn -0.5717 0.1569 0.8053
vn -0.5920 0.2345 0.7711
vn -0.5164 0.3032 0.8009
vn -0.4993 0.2373 0.8333
vn -0.5719 0.1547 0.8056
vn -0.4969 -0.1307 0.8579
vn -0.4958 -0.1341 0.8580
vn -0.5378 0.0249 0.8427
vn -0.5810 0.1910 0.7912
vn -0.5720 0.1554 0.8054
vn 0.9120 -0.4097 0.0182
vn 0.9178 -0.3970 0.0056
vn 0.8529 -0.5149 0.0864
vn 0.8217 -0.5560 0.1251
vn 0.8535 -0.4899 0.1776
vn 0.8492 -0.5001 0.1696
vn 0.8665 -0.4873 0.1078
vn 0.8618 -0.4969 0.1018
vn 0.8902 0.4237 -0.1672
vn 0.9562 -0.2904 -0.0366
vn 0.9778 -0.0875 -0.1906
vn 0.9771 -0.1828 -0.1085
vn 0.9813 -0.1276 -0.1443
vn 0.9783 -0.1397 -0.1530
vn 0.7451 0.6644 0.0581
vn 0.9521 -0.2866 -0.1066
vn 0.9531 -0.2573 -0.1594
vn 0.9501 -0.2653 -0.1642
vn 0.9436 -0.2817 -0.1738
vn 0.9379 -0.2593 -0.2306
vn 0.9332 -0.2703 -0.2369
vn 0.1755 -0.3514 0.9196
vn 0.7017 -0.4056 0.5858
vn 0.6560 -0.3804 0.6519
vn 0.6763 -0.2835 0.6799
vn 0.6111 -0.2334 0.7564
vn 0.8861 -0.3225 -0.3328
vn 0.9335 -0.3227 -0.1560
vn 0.9288 -0.3682 -0.0428
vn 0.8953 -0.4436 -0.0416
vn 0.9137 -0.2441 -0.3249
vn 0.8990 0.4326 -0.0683
vn -0.5868 0.2138 -0.7810
vn -0.0466 -0.0949 0.9944
vn -0.0409 -0.0652 0.9970
vn -0.0400 -0.0485 0.9980
vn -0.0459 -0.0132 0.9989
vn -0.0462 0.0109 0.9989
vn -0.1075 -0.0045 0.9942
vn -0.1032 -0.0318 0.9942
vn -0.1018 -0.0473 0.9937
vn -0.0996 -0.0660 0.9928
vn -0.0993 -0.0710 0.9925
vn -0.1017 -0.1132 0.9884
vn -0.1104 -0.1797 0.9775
vn -0.1175 -0.1964 0.9735
vn -0.1336 -0.1893 0.9728
vn -0.1597 -0.1460 0.9763
vn -0.1850 -0.0928 0.9784
vn -0.1989 -0.0556 0.9784
vn -0.2015 -0.0370 0.9788
vn -0.1987 -0.0054 0.9800
vn -0.1966 0.0054 0.9805
vn -0.1928 0.0240 0.9809
vn -0.1893 0.0479 0.9808
vn -0.1991 0.0504 0.9787
vn -0.2110 -0.0584 0.9757
vn -0.2159 -0.1631 0.9627
vn -0.0806 -0.2743 0.9583
vn -0.0804 -0.2745 0.9582
vn 0.9320 0.1014 -0.3481
vn 0.9362 0.1251 -0.3284
vn 0.9228 0.0503 -0.3820
vn 0.3768 -0.4177 0.8268
vn 0.9324 0.0991 -0.3476
vn 0.9280 0.0745 -0.3651
vn 0.9362 0.1250 -0.3284
vn -0.2632 0.9647 -0.0094
vn -0.3627 0.9318 -0.0106
vn -0.3638 0.9286 0.0736
vn -0.3627 0.9319 -0.0107
vn 0.8880 -0.4524 -0.0824
vn 0.9160 -0.3989 -0.0415
vn 0.9175 -0.3953 -0.0447
vn 0.9233 -0.3803 -0.0541
vn 0.9764 -0.2011 0.0790
vn 0.9645 -0.2578 -0.0566
vn 0.8536 -0.4711 -0.2225
vn 0.8813 -0.4418 -0.1678
vn 0.8846 -0.4330 -0.1734
vn -0.8854 -0.1770 -0.4298
vn 1.0000 -0.0032 0.0071
vn 0.9227 0.3607 0.1362
vn 0.9726 0.2015 0.1157
vn 0.9872 0.1237 0.1006
vn 0.9872 0.0778 0.1395
vn 0.2253 -0.9461 0.2325
vn 0.2262 -0.9716 0.0697
vn 0.1604 -0.9455 0.2832
vn 0.9457 0.1197 0.3023
vn 0.7576 0.6527 0.0091
vn -0.7921 -0.6086 -0.0468
vn -0.8433 -0.5374 0.0031
vn -0.8415 -0.5314 0.0980
vn 0.9730 0.0787 0.2168
vn 0.9820 0.0174 0.1879
vn 0.9795 -0.0009 0.2017
vn 0.9647 0.0171 0.2628
vn 0.9728 -0.0365 0.2289
vn 0.9697 -0.0516 0.2387
vn 0.9521 0.0697 0.2976
vn 0.9646 0.0171 0.2630
vn 0.9608 -0.0025 0.2772
vn 0.7734 0.5537 -0.3087
vn 0.8179 0.4796 -0.3180
vn 0.9524 -0.3015 0.0447
vn 0.9213 0.0435 0.3864
vn 0.9105 0.0033 0.4134
vn 0.8872 -0.0655 0.4568
vn -0.8899 0.0870 -0.4477
vn 0.0540 0.9774 -0.2042
vn 0.0581 0.9772 -0.2043
vn 0.8254 0.5637 -0.0296
vn 0.7230 0.6899 -0.0354
vn 0.7231 0.6899 0.0353
vn 0.8477 0.5297 0.0280
vn 0.4397 -0.8959 0.0638
vn 0.4391 -0.8964 -0.0612
vn 0.9325 -0.3081 0.1885
vn 0.9285 -0.3171 0.1932
vn 0.9564 -0.2921 -0.0000
vn 0.8321 -0.2494 0.4954
vn 0.8588 -0.2654 0.4382
vn 0.8475 -0.2848 0.4480
vn -0.0333 0.7976 -0.6023
vn -0.0165 0.7932 -0.6088
vn -0.0162 0.8177 -0.5754
vn 0.0145 0.8336 -0.5522
vn 0.0145 0.8344 -0.5509
vn 0.0027 0.8483 -0.5295
vn -0.0260 0.8674 -0.4969
vn 0.9226 -0.2939 0.2499
vn 0.9088 -0.2785 0.3106
vn 0.9158 -0.2641 0.3027
vn -0.7004 -0.5654 -0.4357
vn 0.5570 -0.8285 -0.0579
vn 0.7353 -0.3137 -0.6008
vn 0.9572 -0.2875 0.0347
vn 0.8061 -0.4677 -0.3625
vn 0.9646 0.0172 0.2630
vn 0.9521 0.0698 0.2976
vn 0.9553 0.0925 0.2809
vn -0.9303 0.0958 -0.3542
vn 0.9612 -0.2746 0.0243
vn 0.9635 -0.2670 0.0174
vn -0.0400 -0.0592 -0.9974
vn -0.0400 -0.0437 -0.9982
vn -0.0447 -0.0212 -0.9988
vn -0.0465 0.0035 -0.9989
vn -0.0458 0.0190 -0.9988
vn -0.0440 0.0361 -0.9984
vn 0.9325 0.0952 0.3484
vn 0.9359 0.1207 0.3310
vn 0.9362 0.1258 0.3283
vn 0.9247 0.3525 0.1436
vn 0.9370 0.2847 0.2026
vn 0.9365 0.2878 0.2004
vn 0.9365 0.2862 0.2025
vn 0.9363 0.2870 0.2024
vn 0.9348 -0.3402 0.1023
vn 0.9347 -0.3402 0.1026
vn 0.8973 0.4331 -0.0856
vn 0.8771 0.4802 0.0056
vn 0.8496 0.5272 0.0134
vn 0.8507 0.5208 -0.0707
vn 0.8710 0.4913 -0.0043
vn 0.8196 0.5729 -0.0057
vn 0.8861 -0.3225 0.3328
vn 0.8962 -0.3262 0.3007
vn 0.4751 -0.8693 -0.1362
vn 0.4195 -0.9045 -0.0774
vn 0.4107 -0.9092 -0.0685
vn -0.9942 -0.0337 0.1019
vn -0.9993 -0.0377 -0.0072
vn -0.9993 -0.0358 -0.0110
vn -0.9888 -0.0304 0.1460
vn 0.7405 -0.6720 -0.0000
vn 0.8788 -0.3561 0.3175
vn 0.8824 -0.3401 0.3252
vn 0.6465 0.7569 0.0957
vn 0.7829 -0.4196 0.4593
vn 0.8141 -0.4154 0.4058
vn 0.8088 -0.4353 0.3953
vn 0.0337 0.8193 0.5724
vn 0.0779 0.7340 0.6747
vn 0.0754 0.6721 0.7366
vn -0.0072 0.6790 0.7341
vn 0.0039 0.7392 0.6735
vn 0.9234 -0.3813 0.0447
vn 0.9244 -0.3785 0.0463
vn 0.9213 -0.3867 0.0407
vn 0.8954 -0.0431 -0.4431
vn -0.2432 -0.9645 0.1027
vn -0.1800 -0.9783 0.1030
vn -0.1685 -0.9701 0.1749
vn -0.2308 -0.9571 0.1749
vn 0.7843 0.3680 -0.4995
vn 0.7042 0.5365 -0.4650
vn 0.5725 -0.8188 -0.0429
vn 0.7733 -0.6179 0.1421
vn 0.8659 -0.4883 0.1088
vn 0.8770 -0.4631 0.1277
vn 0.8493 -0.5000 0.1696
vn 0.8955 -0.0431 0.4431
vn 0.9105 0.0033 0.4135
vn 0.9120 -0.3646 0.1879
vn 0.8954 -0.3690 0.2494
vn 0.8987 -0.3564 0.2556
vn 0.8710 0.4586 -0.1763
vn 0.7812 0.5619 -0.2720
vn -0.8390 -0.3771 -0.3922
vn -0.8409 -0.3311 -0.4281
vn -0.8299 -0.3056 -0.4667
vn 0.0971 -0.7754 0.6240
vn 0.1259 -0.7772 0.6165
vn 0.6956 -0.5874 0.4137
vn 0.0576 -0.5609 0.8259
vn 0.1360 -0.6143 0.7772
vn 0.0984 -0.5932 0.7990
vn -0.4210 0.2613 -0.8686
vn -0.0359 0.3764 0.9258
vn 0.7277 0.6734 0.1305
vn 0.9321 0.0975 0.3487
vn 0.9213 0.0439 0.3864
vn -0.9891 -0.0166 0.1466
vn -0.9802 -0.0483 0.1918
vn -0.9643 0.0298 0.2630
vn -0.0061 0.9988 0.0482
vn -0.0061 0.9988 -0.0482
vn 0.9732 0.0841 -0.2139
vn 0.9782 0.0355 -0.2046
vn 0.9826 0.0216 -0.1844
vn 0.9847 0.0418 -0.1690
vn -0.4196 -0.9075 -0.0201
vn 0.3932 -0.4853 -0.7809
vn 0.4358 -0.5330 -0.7252
vn 0.5104 -0.5473 -0.6633
vn 0.4671 -0.5097 -0.7225
vn 0.8687 0.4951 0.0109
vn 0.7071 -0.0000 -0.7071
vn -0.6531 0.7573 0.0064
vn -0.6117 0.7903 0.0361
vn -0.5929 0.8045 0.0351
vn -0.5676 0.8226 0.0326
vn -0.5494 0.8350 0.0300
vn -0.5272 0.8493 0.0257
vn -0.5062 0.8622 0.0194
vn -0.4944 0.8691 0.0136
vn -0.4902 0.8716 0.0072
vn -0.3651 -0.4722 0.8023
vn -0.3130 -0.5341 0.7853
vn -0.2041 -0.3240 0.9238
vn -0.6101 -0.7859 0.1009
vn -0.1794 -0.4110 0.8938
vn -0.1852 -0.5709 0.7998
vn -0.4298 -0.4139 0.8025
vn -0.8932 -0.2875 0.3458
vn 0.6737 0.7389 -0.0139
vn 0.6729 0.7392 -0.0274
vn 0.5920 0.8054 -0.0299
vn 0.5133 -0.7886 0.3387
vn 0.5244 0.8164 -0.2417
vn 0.8062 -0.4676 -0.3625
vn -0.4095 -0.9123 -0.0073
vn -0.3033 -0.9475 0.1013
vn 0.6892 0.7243 -0.0229
vn -0.0349 -0.9629 0.2675
vn -0.7103 0.7038 -0.0139
vn -0.7106 0.7033 -0.0183
vn 0.9706 0.0711 0.2302
vn -0.0553 -0.5866 0.8080
vn -0.0666 -0.5945 0.8014
vn -0.0691 -0.5915 0.8033
vn 0.7866 -0.2558 0.5620
vn -0.0258 -0.9508 -0.3086
vn 0.0244 0.9992 -0.0326
vn 0.0188 0.9993 -0.0319
vn 0.1824 0.9826 -0.0352
vn 0.2381 0.9705 -0.0371
vn 0.1713 0.9846 -0.0348
vn 0.2174 0.9755 -0.0342
vn 0.1532 0.9878 -0.0274
vn -0.0287 0.8931 -0.4490
vn -0.0220 -0.7305 -0.6826
vn -0.0404 -0.7000 -0.7130
vn -0.0355 -0.6771 -0.7351
vn 0.8859 -0.4623 0.0385
vn 0.9216 -0.3864 0.0372
vn 0.9463 -0.2980 0.1249
vn 0.8690 -0.4797 0.1215
vn 0.9999 -0.0111 0.0122
vn 0.9937 0.0768 0.0815
vn 0.1994 0.3876 0.9000
vn -0.1750 -0.6151 -0.7687
vn -0.1825 -0.5986 -0.7800
vn 0.9156 0.4020 -0.0018
vn 0.9154 0.4024 -0.0070
vn -0.8671 -0.4950 -0.0559
vn -0.3175 0.8928 -0.3196
vn 0.9361 0.1262 0.3282
vn 0.9404 0.1734 0.2925
vn -0.0999 -0.0730 -0.9923
vn -0.0995 -0.0649 -0.9929
vn -0.1035 -0.0589 -0.9929
vn -0.1062 -0.0451 -0.9933
vn -0.1048 -0.0189 -0.9943
vn -0.1070 -0.0109 -0.9942
vn -0.0584 -0.0734 -0.9956
vn 0.0174 0.8496 0.5271
vn -0.0500 0.8448 0.5327
vn -0.1979 0.7713 0.6049
vn 0.2081 -0.1572 0.9654
vn 0.1158 -0.2213 0.9683
vn 0.2367 -0.1269 0.9633
vn 0.9524 0.3047 -0.0024
vn 0.9698 0.2382 0.0519
vn 0.2614 0.5445 -0.7969
vn 0.3210 -0.9233 0.2107
vn -0.8965 -0.2762 0.3465
vn 0.8664 0.4952 -0.0647
vn 0.7750 0.6165 -0.1391
vn 0.8121 0.5833 0.0125
vn 0.9733 0.1204 0.1954
vn 0.9718 0.1093 0.2089
vn 0.9954 0.0134 0.0945
vn -0.8895 -0.4268 -0.1632
vn -0.8853 -0.4280 -0.1819
vn -0.8800 -0.4235 -0.2150
vn 0.8195 0.5730 -0.0053
vn 0.7622 0.6473 -0.0044
vn -0.1300 0.9294 -0.3453
vn 0.6635 -0.6526 -0.3659
vn 0.6954 -0.5877 -0.4136
vn 0.7042 -0.5667 -0.4277
vn 0.6848 -0.6109 -0.3973
vn -0.2734 -0.8881 -0.3696
vn -0.4615 0.2404 -0.8540
vn -0.2126 -0.0631 -0.9751
vn 0.4886 0.8122 0.3188
vn -0.0245 0.5115 -0.8589
vn -0.8077 -0.3794 -0.4514
vn -0.8391 -0.3805 -0.3887
vn -0.8383 -0.3842 -0.3869
vn -0.8404 -0.3725 -0.3936
vn 1.0000 0.0006 -0.0000
vn -1.0000 -0.0005 -0.0000
vn 1.0000 -0.0060 0.0045
vn -0.9975 0.0602 -0.0376
vn 0.8173 -0.2075 0.5376
vn 0.7698 -0.2801 0.5736
vn 0.8322 -0.1814 0.5240
vn 0.8571 -0.1336 0.4975
vn -0.7027 0.6619 -0.2609
vn -0.6910 0.6147 -0.3804
vn -0.6885 0.6043 -0.4010
vn -0.8986 -0.4385 0.0126
vn 0.8930 -0.1134 0.4356
vn 0.1332 -0.2085 -0.9689
vn -0.9439 0.3066 -0.1224
vn -0.9383 0.2415 -0.2475
vn 0.9282 -0.2060 0.3098
s 1
usemtl Procedural_Car_paint
f 2033//1 2027//2 1874//3
f 6599//4 6600//5 6679//6 6678//7 6677//8 6674//9 6667//10 6660//11 6668//12 6676//13
s 0
f 37//14 6//14 5//14
s 1
f 4//15 36//16 37//17 5//18
f 1654//19 1660//19 1661//20 1655//20
f 4273//21 4269//22 4270//23 4278//24 4277//25
s 0
f 39//14 11//14 10//14
s 1
f 1925//26 1911//27 1903//28 1902//29 1908//30 1917//31 1924//32 1933//33
f 2824//34 2818//35 2825//36 2833//37
f 3207//38 3216//39 3215//40 3228//41 3224//42 3218//43 3209//44 3202//45
f 4861//46 4862//47 4851//48 4843//49 4835//50 4834//51 4842//52 4850//53
s 0
f 43//14 16//14 15//14
s 1
f 16//54 43//55 45//56
f 44//57 18//58 17//59
s 0
f 18//14 44//14 46//14
s 1
f 1242//60 1241//61 1250//62 1191//63 1192//64 1193//65
f 47//66 48//67 21//68 20//69
f 1484//70 1485//71 1476//72 1475//73 1483//74 1487//75 1488//76
f 49//77 23//78 22//79
f 304//80 305//81 299//82 293//83 269//84 270//85 271//86 306//87
f 772//88 773//89 769//90 768//91 763//92 762//93 775//94
f 7737//95 7739//96 7740//97 7741//98 7742//99 7738//100 7627//101 7610//102
f 7254//103 7255//104 7260//105 7253//103
f 2736//106 3221//107 3214//108 3213//109 3220//110 3226//111 3227//112 3233//113 3234//114 2737//115
f 992//116 993//117 1060//118 1053//119 1052//120 1057//121 1065//122 1064//123
f 7438//124 7434//125 7435//126 7436//127
f 4720//128 4712//129 4719//130 4708//131 4707//132 4718//133 4730//134 4743//135 4756//136 4752//137 4744//138 4749//139 4750//140 4709//141
f 31//142 30//143 55//144
f 25//145 24//146 52//147
f 2744//148 2724//149 2974//150 2975//151 2985//152 3000//153 3013//154 2743//155
f 19//156 18//157 46//158
f 3510//159 3516//160 3515//161 3511//162
f 4861//46 4866//163 4874//164 4875//165 4862//47
f 1277//166 1278//167 1311//168 1308//169 1304//170 1303//171 1293//172 1289//173 1288//174 1292//175
f 3333//176 3335//176 3336//177 3337//178 3334//179 3332//180 3338//181 3331//176
f 7733//182 7731//183 7734//184 7735//185 7736//186
f 7747//187 7751//188 7750//189 7745//190
f 3665//191 3694//192 3743//193 3666//194
f 89//195 65//196 64//197 88//198
f 67//199 66//200 90//201 91//202
f 95//203 73//204 72//205
f 2350//206 2358//207 2363//208 2357//209 2349//210 2340//211
f 3156//212 3145//213 3155//214 3147//215 3141//216 3134//217 3129//218 3128//219 3127//220 3140//221 3146//222 3154//223 3162//224 3163//225
s 0
f 75//226 74//227 96//228
s 1
f 1654//19 1653//229 1659//230 1660//19
f 2951//231 2950//232 2960//233 2973//234 2724//235 2723//236 2943//237
f 85//238 78//239 101//240
f 3380//241 3453//242 3461//243 3465//244 3382//245
f 1120//246 1117//247 1119//248 1125//249 1131//250 1134//251 1129//252 1127//253 1121//254 1118//255
f 343//256 340//257 339//258 347//259 348//260 349//261 350//262
f 6773//263 6772//264 6766//265 6765//266 6783//267 6784//268 6764//269 6791//270 6798//271 6800//272 6801//273 6814//274 6810//275 6813//276 6775//277 6774//278
f 106//279 108//280 83//281
f 105//282 107//283 81//284
f 2860//285 2861//286 2847//287 2855//288
s 0
f 95//226 97//289 73//290
f 63//226 62//291 87//292
s 1
f 133//293 113//294 112//295
f 1436//296 1443//297 1444//298 1437//299
f 2466//300 2465//301 2461//302 2462//303
f 116//304 136//305 137//306 117//307
f 3551//308 3553//309 3555//310 3557//311 3634//312 3615//313 3616//314 3623//315 3624//316 3606//317 3605//318 3581//319 3580//320 3563//321 3541//322 3540//323 3552//324 3562//325
f 12//326 11//327 39//328 40//329
f 3177//330 3181//331 3187//332 3194//333 3188//334 3182//335 3178//336
f 141//337 120//338 121//339
f 122//340 120//338 141//337
s 0
f 124//226 123//341 142//342
s 1
f 1883//343 1890//344 1897//345 1892//346 1885//347 1880//348 1856//349 1854//350 1884//351 1879//352
f 125//353 124//354 142//355 143//356
f 2135//357 2319//358 2333//359 2340//360 2352//361 2136//362
f 4772//363 4773//364 4774//365 4765//366 4766//367 4753//368 4754//369 4726//370 4725//371 4732//372 4731//373 4738//374 4745//375 4752//376
f 126//377 145//378 146//379
f 2252//380 2245//381 2254//382 2258//383
f 35//384 36//16 4//15 3//385
f 152//386 131//387 130//388
f 130//388 150//389 152//386
f 130//388 129//390 150//389
f 1574//391 1567//392 1566//392 1565//391
f 6939//393 6929//394 6927//395 6935//396 6936//397 6938//398 6947//399 6944//400
f 1844//401 1835//402 1834//403 1850//404
f 139//405 119//406 118//407 138//408
f 3018//409 3026//410 3031//411 3045//412 3038//413 3044//414 3039//415 3020//416 3013//417
f 7145//418 7140//419 7132//420 7124//421 7130//422 7139//423 7150//424 7153//425 7161//426 7154//427 7148//428 7147//429 7142//430
f 5602//431 5604//432 5603//433 5598//434 5597//435 5595//436 5593//437 5606//438 5605//439 5586//440 5585//441 5608//442 5609//443 5614//444
f 188//445 163//446 165//447
f 3878//448 3872//449 3871//450 3870//451 3927//452 3928//453 3933//454 3934//455 3929//456 3945//457 3946//458 3935//459 3936//460 3921//461 3909//462 3915//463 3898//464 3889//465
f 4049//466 4050//467 4043//468 3790//469 4042//470 4026//471 3789//472 4025//473 4022//474 4021//475 4033//476 4041//477
f 4680//478 4676//479 4682//480 4688//481
f 5467//482 5466//483 5468//484 5470//485
f 3329//103 3330//176 3331//176 3339//486 3332//180 3328//487 3327//488 3326//176
f 4146//489 4106//490 4107//491 4150//492 4147//493 4136//494 4130//495 4135//496
f 5674//497 5638//498 5636//499 5664//500 5670//501 5673//502
f 5447//503 5439//504 5440//505 5442//506 5446//507 5448//508
f 4275//509 4272//510 4276//511 4282//512
f 1916//513 1911//27 1925//26
f 5114//514 5128//515 5129//516 5115//517
f 301//518 296//519 295//520 294//521 300//522 299//82 305//81 307//523 308//524 309//525
f 186//526 187//527 178//528
f 179//529 185//530 186//526
f 180//531 184//532 185//530
f 188//445 189//533 184//532 180//531 181//534 163//446
f 166//535 164//536 190//537
f 798//538 792//539 791//540 790//541 796//542 797//543
f 4296//544 4289//545 4295//546 4282//512 4276//511 4268//547 4275//548 4294//549 4302//550 4303//551
f 6411//552 6416//553 6404//554 6393//555 6397//556 6396//557 6400//558 6401//559 6353//560 6405//561 6410//562 6355//563 6356//564 6358//176 6430//565 6426//566
f 4300//567 4301//568 4293//569 4292//570
s 0
f 233//226 234//571 235//572
s 1
f 2473//573 2468//574 2474//575 2478//576
s 0
f 237//577 238//226 236//578
s 1
f 2411//579 2414//580 2410//581 2404//582 2398//583 2406//584
f 943//585 944//586 892//587 893//588 968//589
f 4360//590 4357//591 4361//592 4366//593
f 3319//594 3313//595 3314//596 3302//597 3301//598 3320//599
f 5644//600 5622//601 5623//602 5701//603 5695//604 5690//605 5691//606 5688//607 5687//608 5684//609 5641//610 5643//611
f 1342//612 1341//613 1337//614 1340//615 1259//616 1260//617
f 244//536 245//618 256//619
f 264//620 263//621 266//622 265//623
f 4382//624 4381//625 4372//626 4373//627
f 4482//628 4473//629 4442//630 4443//631 4480//632 4491//633 4500//634 4503//635 4501//636 4483//637 4492//638 4484//639 4472//640 4439//641 4441//642 4471//643
f 3091//644 3077//645 3083//646 3089//647 3096//648 3105//649 3110//650 3117//651 3118//652 3112//653 3106//654
f 2362//655 2348//656 2354//657 2361//658 2347//659 2337//660 2343//661 2355//662 2360//663 2375//664 2384//665 2376//666 2383//667 2377//668 2370//669
f 6700//670 6702//671 6686//672 6698//673
f 4545//674 4546//675 4561//676 4555//677 4556//678 4548//679 4539//680 4538//681 4537//682
f 3315//683 3322//684 3321//685 3303//686 3305//687 3317//688 3293//689
f 760//690 759//691 786//692 787//693 785//694 784//695 783//696 782//697
f 2338//698 2329//699 2323//700 2315//701 2321//702 2328//703 2337//660 2347//659 2354//657 2348//656
f 5074//704 5089//705 5077//706 5076//707 5075//708
f 4679//709 4663//710 4670//711 4675//712
f 3641//713 3722//714 3685//715 3728//716
f 2918//717 2912//718 2919//719 2925//720
f 7111//721 7108//722 7107//723 7162//724 7176//725 7178//726 7183//727 7185//728 7186//729 7187//730 7190//731 7110//266
f 1842//732 1850//733 1849//734 1841//735
f 93//736 94//737 71//738 70//739
f 4659//740 4650//741 4647//742 4639//743 4637//744 4655//745 4665//746
f 6888//747 6907//748 6908//749 6911//750 6917//751 6931//752 6891//753 6890//754 6889//755 6903//756
f 78//239 77//757 99//758 101//240
f 1951//759 1950//760 1956//761 1961//762 1962//763 1963//764 1952//765
f 5853//766 5857//767 5870//768 5871//769
f 1825//770 1824//771 1835//402 1844//401
f 4011//772 4002//773 4012//774 4019//775
f 3945//457 3929//456 3934//455 3933//454 3928//453 3927//452 3944//776 3956//777 3964//778 3957//779 3971//780 3972//781 3963//782 3958//783
f 2766//784 2785//785 2767//786 2768//787 2930//788 2931//789 2925//720 2919//719 2918//790 2909//791 2892//792 2898//793 2893//794 2885//795 2880//796 2879//797 2868//798 2861//799 2860//800
f 7098//801 7099//802 7114//803 7120//804
f 7499//805 7497//806 7496//807
f 2605//808 2611//809 2625//810 2620//811 2612//812 2600//813
f 2498//814 2492//815 2503//816
f 6588//817 6606//818 6603//819 6607//820 6590//821 6586//822 6587//823
f 704//824 705//825 721//826 723//827 724//828 722//829 686//830 685//831 718//832 717//833 716//834 720//835 719//836 715//837
s 0
f 359//838 320//226 322//839
s 1
f 6673//840 6662//841 6670//842 6669//843
f 5058//844 5048//845 5065//846 5061//847 5066//848 5060//849 5059//850 5054//851 5055//852 5057//853 5056//854
f 1510//855 1515//856 1516//857 1520//858 1521//859 1522//860 1513//861 1512//862 1508//863 1507//864 1511//865
f 3594//866 3603//867 3612//868 3613//869
f 6516//870 6518//871 6505//872 6504//873 6530//874 6523//875 6533//876 6532//877 6541//878 6537//879 6535//880 6534//881 6525//882 6528//883 6522//884 6524//885
f 398//886 390//887 391//888 403//889 415//890 374//891 375//892 387//893 385//894 383//895 381//896 378//897 376//898 388//899 389//900
f 3122//901 3117//902 3118//903 3128//219
f 3572//904 3570//905 3577//906 3587//907 3579//908
f 5620//909 5619//910 5705//911 5704//912
f 1965//913 1958//914 1967//915 1974//916 1978//917 1973//918
f 1377//919 1374//920 1385//921 1387//922 1393//923 1390//924 1381//925
f 6780//926 6847//927 6770//928 6771//929
f 119//406 139//405 140//930 141//337 121//339
f 233//931 235//932 232//933 229//934 230//935 231//936
f 5554//937 5555//938 5531//939 5532//940 5533//941 5564//942 5565//943 5535//944 5536//945
f 4535//946 4524//947 4537//948 4543//949 4541//950
f 4335//951 4341//952 4352//953 4361//592 4357//591 4342//954 4343//955 4336//956 4328//957 4317//958 4327//959 4318//960 4326//961
f 544//962 522//963 523//964 524//965
f 7670//966 7685//967 7687//968 7686//969 7654//970 7674//971 7689//972 7688//973 7681//974
f 6919//975 6916//976 6931//977 6923//978
f 6958//979 6960//980 6963//981 6964//982
f 398//886 389//900 390//887
f 3990//983 3985//984 3986//985 3991//986 3998//987
f 2047//988 2068//989 2069//990 2070//991 2042//992
f 2926//993 2920//994 2913//995 2918//717 2925//720 2931//789 2932//996
f 7736//186 7735//185 7734//184 7730//997 7623//998
f 919//999 971//1000 970//1001 969//1002 895//1003 913//1004 914//1005 915//1006 916//1007 917//1008 918//1009
f 560//1010 561//1011 562//1012 585//1013 584//1014 583//1015 588//1016 558//1017
s 0
f 427//14 433//14 434//14
s 1
f 4215//1018 4225//1019 4232//1020 4226//1021 4218//1022 4210//1023
f 5629//1024 5647//1025 5628//1026 5648//1027
f 2775//1028 2776//1029 2777//1030 3127//220 3128//219 3118//903 3117//651 3111//1031 3110//1032 3105//1033 3095//1034 3089//1035 3083//1036 3082//1037 3088//1038
f 2655//1039 2652//1040 2662//1041
f 7754//1042 7752//1043 7628//1044 7630//1045 7750//189 7751//188 7755//1046
f 1978//917 1974//916 1985//1047
f 3951//1048 3942//1049 3932//1050 3930//1051 3940//1052 3961//1053 3962//1054 3954//1055
f 2048//1056 2051//1057 2071//1058 2072//1059
f 1914//1060 1920//1061 1936//1062 1943//1063 1938//1064 1928//1065 1921//1066 1915//1067
f 4250//1068 4256//1069 4264//1070 4258//1071 4251//1072
f 5611//1073 5599//1074 5600//1075 5601//1076 5613//1077 5612//1078
f 3419//1079 3413//1080 3412//1081 3411//1082 3418//1083 3417//1084 3410//1085 3409//1086 3422//1087 3426//1088 3427//1089 3428//1090
f 5601//1076 5602//431 5614//444 5613//1077
f 6904//1091 6911//750 6908//749 6907//748
f 23//78 49//77 50//1092 33//1093
f 1129//252 1134//251 1131//250 1133//1094 1138//1095 1141//1096 1139//1097 1080//1098 1079//1099 1078//1100 1140//1101 1128//1102
f 239//1103 228//1104 242//1105 241//1106 240//1107 238//1108 237//1109
f 535//1110 534//1111 514//1112 516//1113 517//1114 518//1115 519//1116 540//1117 541//1118
f 75//1119 96//1120 98//1121 76//1122
f 5867//1123 5860//1124 5861//1125 5866//1126
f 1941//1127 1933//33 1947//1128
f 1490//1129 1482//1130 1466//1131 1467//1132 1494//1133 1489//1134
f 2958//1135 2963//1136 2971//1137 2964//1138 2956//1139 2955//1140 2970//1141 2980//1142 2981//1143 2982//1144
f 3347//1145 3348//1146 3352//1147 3343//1148 3342//1149
s 0
f 443//226 436//1150 461//1151
s 1
f 3895//1152 3889//1153 3893//1154 3899//1155
f 5864//1156 5865//1157 5852//1158 5850//1159
f 4317//1160 4318//1161 4314//1162 4307//1163 4306//1164 4313//1165
f 4624//1166 4623//1167 4618//1168 4619//1169
f 5848//1170 5847//1171 5886//1172 5887//1173
f 1839//1174 1846//1175 1829//1176 1847//1177
f 4423//1178 4635//1179 4422//1180 4634//1181
f 4400//1182 4894//1183 4890//1184 4881//1185 4871//1186 4870//1187 4880//1188 4401//1189 4879//1190
f 508//1191 510//1192 526//1193 504//1194
f 1002//1195 1007//1196 1008//1197 1013//1198 1014//1199 1019//1200 1020//1201 984//1202 983//1203
f 3176//1204 3175//1205 2779//1206 2780//1207 2781//1208 2782//1209 2783//1210 2784//1211 2753//1212 2752//1213 3262//1214 3257//1215 3251//1216 3242//1217 3229//1218 3228//41 3215//40 3222//1219 3216//1220 3207//1221 3187//1222 3182//1223 3186//1224
f 6420//1225 6421//1226 6418//1227 6424//1228
f 3230//1229 3231//1230 3212//1231 3218//1232 3225//1233
f 3082//1234 3083//1235 3077//1236 3076//1237
f 4849//1238 4850//53 4843//1239 4834//51 4833//1240 4832//1241 4831//1242 4841//1243 4847//1244 4848//1245 4856//1246 4857//1247
f 614//1248 615//1249 607//1250 605//1251
f 5839//1252 5837//1253 5876//1254 5877//1255
f 5338//1256 5316//1257 5305//1258 5313//1259 5312//1260 5331//1261 5332//1262 5333//1263 5334//1264
f 3373//1265 3428//1090 3427//1089 3433//1266 3434//1267 3374//1268
f 6740//1269 6744//1269 6738//103 6739//103
f 2912//718 2898//1270 2906//1271
f 5215//1272 5214//1273 5228//1274 5223//1275 5224//1276
f 46//158 47//66 20//69 19//156
f 5398//1277 5397//1278 5393//1279 5392//1280 5391//1281 5396//1282 5395//1283 5399//1284 5400//1285 5401//1286 5403//1287 5404//1288 5405//1289
f 4207//1290 4212//1291 4222//1292 4228//1293 4234//1294 4233//1295 4253//1296 4259//1297 4255//1298 4248//1299 4254//1300 4241//1301 4235//1302 4229//1303
f 513//1304 533//1305 538//1306 539//1307 515//1308
f 845//1309 868//1310 870//1311 869//1312 871//1313 872//1314 846//1315
f 2893//794 2898//793 2904//1316
f 3358//1317 3482//1318 3471//1319 3470//1320 3479//1321 3480//1322 3481//1323 3487//1324 3357//1325
f 3387//1326 3368//1327 3395//1328 3412//1081 3413//1080 3419//1079 3420//1329 3414//1330 3371//1331
f 5433//1332 5432//1333 5443//1334 5446//1335 5444//1336 5354//1337
f 2950//232 2951//231 2944//1338 2722//1339 2721//1340 2917//1341 2916//1342 2936//1343
f 7500//1344 7498//1345 7495//1346 7497//806 7499//805
f 1938//1347 1931//1348 1945//1349
f 3681//1350 3682//1351 3683//1352 3687//1353 3688//1354 3741//1355 3739//1356 3740//1357 3738//1358 3737//1359 3736//1360 3735//1361 3658//1362 3680//1363
f 5914//1364 5915//1365 5902//1366 5901//1367
f 122//340 141//337 142//1368 123//1369
f 6778//1370 6840//1371 6833//1372 6832//1373 6838//1374 6837//1375 6839//1376 6844//1377 6843//1378 6769//1379 6770//928 6847//927 6780//926 6779//1380
f 2504//1381 2498//1382 2510//1383
f 2483//1384 2487//1385 2494//1386 2500//1387 2507//1388 2508//1389 2501//1390
f 6525//882 6534//881 6509//1391 6508//1392 6507//1393 6520//1394 6517//1395 6519//1396 6506//1397 6505//872 6518//871 6516//870 6524//885 6522//884 6528//883
f 3548//1398 3547//1399 3560//1400 3570//905 3572//904 3573//1401 3549//1402
f 245//618 246//1403 257//1404 256//619
f 3018//1405 3026//1406 3028//1407 3025//1408 3017//1409
f 7221//1410 7227//1411 7222//1412
f 2625//810 2611//809 2606//1413 2605//1414 2619//1415 2629//1416 2636//1417 2630//1418 2635//1419 2643//1420 2642//1421 2651//1422 2663//1423 2669//1424 2664//1425 2659//1426 2648//1427 2650//1428 2655//1429 2647//1430 2637//1431
f 1016//1432 1006//1433 1001//1434 1000//1435 1012//1436 1015//1437
f 591//1438 590//1439 601//1440
f 2472//1441 2465//1442 2471//1443 2476//1444 2477//1445
f 2952//1446 2945//1447 2954//1448 2963//1449 2962//1450
f 1506//1451 1510//855 1511//865 1507//864 1496//1452 1495//1453 1505//1454
f 513//1304 511//1455 531//1456 533//1305
f 3693//1457 3694//192 3665//191 3664//1458 3742//1459
f 6360//1460 6388//1461 6378//1462 6384//1463 6389//1464 6361//1465 6376//1466
f 5008//1467 5007//1468 5016//1469 5015//1470 5018//1471 5019//1472 5021//1473 5020//1474 5024//1475 5022//1476 5025//1477 4977//1478 4976//1479 4975//1480 4974//1481 5009//1482 5006//1483 5005//1484
f 3549//1402 3573//1401 3561//1485
f 632//1486 633//1487 626//1488 625//1489 624//1490
f 6214//1491 6180//1492 6179//1493 6159//1494 6160//1495 6215//1496 6181//1497
f 4663//710 4653//1498 4652//1499 4662//1500 4670//711
f 2898//1501 2895//1502 2901//1503 2906//1504
f 5932//1505 5933//1506 5895//1507 5894//1508
f 3711//1509 3648//1510 3649//1511 3727//1512 3710//1513
f 640//1514 638//1515 639//1516 641//1517
f 2296//1518 2288//1519 2284//1520 2278//1521 2303//1522
f 4530//1523 4531//1524 4452//1525 4451//1526 4506//1527 4505//1528 4498//1529 4497//1530 4504//1531 4512//1532 4520//1533 4521//1534 4529//1535
f 4679//709 4416//1536 4687//1537 4694//1538 4415//1539 4704//1540 4714//1541 4715//1542 4675//1543 4670//1544 4662//1545 4669//1546 4664//1547 4654//1548 4652//1549 4663//710
f 4057//1550 4051//1551 3792//1552 4060//1553
f 6//1554 37//1555 38//1556 7//1557
f 5656//1558 5652//1559 5651//1560 5655//1561 5654//1562 5657//1563 5658//1564 5634//1565 5632//1566
f 3626//1567 3625//1568 3618//1569 3617//1570 3607//1571 3606//317 3624//316 3623//315 3616//314 3615//313 3634//312 3557//311 3538//1572 3537//1573 3536//1574
f 5862//1575 5863//1576 5851//1577 5849//1578
f 5395//1283 5396//1282 5391//1281 5392//1280 5388//1579 5390//1580 5385//1581 5382//1582 5383//1583 5380//1584 5379//1585 5345//1586 5346//1587 5365//1588 5366//1589 5384//1590 5389//1591 5387//1592
f 1422//1593 1420//1594 1419//1595 1421//1596 1426//1597
f 3169//1598 3168//1599 3162//1600 3163//1601
f 31//142 55//144 56//1602 32//1603
f 2079//1604 2608//1605 2602//1606 2603//1607 2596//1608 2590//1609 2589//1610 2588//1611 2575//1612 2081//1613 2080//1614
s 0
f 648//226 647//1615 665//1616
s 1
f 1132//1617 1138//1095 1133//1094 1131//250 1125//249 1126//1618
s 0
f 654//226 660//1619 662//1620
f 680//14 675//14 674//14
f 681//14 676//14 677//14
s 1
f 7313//1621 7307//1622 7302//1623 7282//1624 7268//1625 7269//1410 7270//1626 7314//1627
s 0
f 712//1628 702//226 701//1629
s 1
f 3902//1630 3908//1631 3774//1632 3773//1633 3895//1634
f 5556//1635 5557//1636 5523//1637 5524//1638 5525//1639 5526//1640 5527//1641 5528//1642 5529//1643 5530//1644 5531//939 5555//938
f 1813//1645 1805//1646 1804//1647 1817//1648 1812//1649
f 2595//1650 2586//1651 2585//1652 2592//1653 2598//1654 2605//1414 2606//1655 2599//1656
f 2058//1657 2059//1658 2060//1659 2050//1660 2045//1661 2057//1662
f 6435//1663 6434//1664 6439//1665 6440//1666 6442//1667 6444//1668 6373//1669 6374//1670 6443//1671 6369//1672 6368//1673
f 4560//1674 4559//1675 4542//1676 4541//950 4551//1677 4558//1678 4572//1679 4566//1680 4565//1681 4564//1682 4553//1683
f 1938//1347 1945//1349 1951//1684 1964//1685 1971//1686 2005//1687 1998//1688 1992//1689 1983//1690 1991//1691 2006//1692 2015//1693 2016//1694 2007//1695 1867//1696 1865//1697 1863//1698 1882//1699 1889//1700 1888//1701 1896//1702 1901//1703 1906//1704 1931//1348
f 2542//1705 2541//1706 2554//1707 2555//1708 2549//1709 2550//1710 2543//1711 2533//1712 2529//1713 2532//1714 2537//1715
f 393//1716 396//1717 397//1718 392//1719
s 0
f 711//1720 699//226 709//1721
f 696//226 695//1722 740//1723
s 1
f 7166//1724 7161//426 7164//1725 7163//1726
f 7508//1727 7502//1728 7503//1729 7504//1730 7505//1731 7506//1732 7501//1733 7507//1734
f 4535//946 4536//1735 4526//1736 4525//1737 4517//1738 4516//1739 4522//1740 4533//1741 4534//1742 4543//949 4537//948 4524//947
f 1478//1743 1477//1744 1472//1745 1471//1746 1476//72 1485//71 1486//1747
f 1619//1748 1620//1749 1610//1749 1614//1748
f 2889//1750 2897//1751 2900//1752
f 3431//1753 3429//1754 3424//1755 3423//1756 3430//1757 3438//1758 3439//1759 3446//1760 3455//1761 3456//1762 3447//1763 3435//1764
s 0
f 756//1765 755//226 767//1766
s 1
f 755//1767 754//1768 765//1769
s 0
f 765//14 754//14 753//14
f 766//14 751//14 752//14
s 1
f 548//1770 574//1771 587//1772 564//1773 565//1774 559//1775 566//1776 556//1777 554//1778 550//1779 549//1780
f 6465//1781 6466//1782 6488//1783 6487//1784 6489//1785 6476//1786
s 0
f 765//1787 767//226 755//1788
s 1
f 6791//270 6764//269 6790//1789 6797//1790 6802//1791 6801//1792 6798//271
f 4157//1793 4197//1794 4156//1795 4193//1796 4155//1797 4182//1798 4192//1799 4202//1800 4211//1801 4210//1023 4218//1022 4231//1802 4238//1803 4245//1804 4246//1805 4251//1806 4258//1807 4159//1808 4240//1809 4158//1810 4220//1811
f 3857//1812 3862//1813 3861//1814 3871//450 3872//449 3878//448 3879//1815 3873//1816 3863//1817 3858//1818
f 7210//1819 7211//1820 7205//1821 7206//1822 7207//1823
f 4932//1824 4936//1825 4931//1826 4937//1827
f 178//528 179//529 186//526
f 964//1828 960//1829 926//1830 927//1831 959//1832 956//1833 955//1834 954//1835 932//1836 933//1837 934//1838 936//1839 935//1840 937//1841 938//1842 963//1843 962//1844
f 6809//1845 6807//1846 6813//1847 6812//1848
f 1687//1849 1686//1850 1692//1850 1694//1851 1695//1852 1688//1853
f 5107//1854 5102//1855 5103//1856 5104//1857 5109//1858 5110//1859
f 3876//1860 3877//1861 3768//1862 3767//1863 3766//1864 3867//1865 3860//1866 3866//1867 3875//1868
f 5349//1869 5394//1870 5398//1277 5405//1289 5350//1871
f 5645//1872 5698//1873 5700//1874 5699//1875 5706//1876 5707//1877 5708//1878 5616//1879 5615//1880
f 946//1881 947//1882 965//1883
f 5222//1884 5223//1275 5228//1274 5227//1885 5226//1886 5229//1887 5220//1888 5221//1889 5225//1890
f 4494//1891 4487//1892 4498//1529
f 2001//1893 1996//1894 2002//1895 2011//1896
f 4057//1550 4060//1553 4071//1897
f 4063//1898 4074//1899 4062//1900 3812//1901 3813//1902 3747//1903 3748//1904 4083//1905 4088//1906
f 3994//1907 3988//1908 3996//1909 4003//1910
f 854//1911 869//1312 870//1311 868//1310 867//1912 866//1913 865//1914 855//1915
f 7563//1916 7562//1917 7575//1918 7574//1919
f 3611//1920 3603//1921 3610//1922 3600//1923 3599//1924 3584//1925 3592//1926 3591//1927 3598//1928 3608//1929 3609//1930 3619//1931 3620//1932 3627//1933 3628//1934
f 6439//1935 6368//1673 6367//1936 6366//1937 6417//1938 6424//1228 6418//1227 6421//1226 6420//1225
f 2743//1939 2992//1940 2984//1941 2973//234 2965//1942 2983//1943 2972//1944 2982//1144 2981//1143 2989//1945 2997//1946 2990//1947 2995//1948 2991//1949 2998//1950 3012//1951 3006//1952
f 2351//1953 2341//1954 2349//210 2357//209 2363//208 2369//1955 2364//1956 2371//1957 2380//1958 2387//1959 2381//1960 2386//1961 2382//1962 2372//1963 2366//1964 2358//1965
f 3308//1966 3310//1967 3309//1968 3295//1969 3293//1970 3318//1971 3324//1972
f 4244//1973 4249//1974 4255//1975 4251//1976 4246//1977 4239//1978
f 6055//1979 6098//1980 6097//1981 6056//1982
s 0
f 840//14 836//14 832//14
s 1
f 134//1983 135//1984 115//1985 114//1986
s 0
f 841//14 834//14 835//14
s 1
f 2177//1987 2186//1988 2192//1989 2184//1990 2176//1991
f 3398//1992 3394//1993 3397//1994
f 5003//1995 4960//1996 5010//1997 4959//1998 4958//1999 5013//2000 5011//2001 5012//2002 5014//2003 5015//1470 5016//1469 5007//1468 5004//2004
f 7175//2005 7164//1725 7161//426 7181//2006 7170//2007 7177//2008
f 6799//2009 6788//2010 6796//2011 6795//2012
f 4955//2013 4954//2014 4978//2015 4979//2016 4983//2017 4977//1478 5025//1477 5022//1476 5024//1475 5020//1474 5021//1473 5019//1472 5018//1471 5015//1470 5014//2003 5012//2002 5011//2001 5013//2000 5017//2018 5023//2019 5026//2020
f 3896//2021 3773//2022 3907//2023
f 206//2024 207//2025 201//2026 200//2027 204//2028 203//2029 199//2030 169//2031 174//2032 208//2033
f 3148//2034 3142//2035 3141//216 3145//213 3156//2036 3157//2037 3149//2038 3143//2039
f 3861//2040 3858//1818 3863//1817 3873//1816
f 6163//2041 6162//2042 6155//2043 6156//2044 6212//2045 6226//2046 6175//2047 6174//2048 6171//2049
f 954//1835 955//1834 956//1833
f 6059//2050 6092//2051 6091//2052 6060//2053
f 479//2054 478//2055 483//2056 482//2057 486//2058 485//2059 484//2060 453//2061 460//2062 457//2063 459//2064 455//2065
f 1406//2066 1401//2067 1408//2068 1409//2069 1413//2070 1411//2071
f 2872//2072 2864//2073 2858//2074 2854//2075 2844//2076 2852//2077 2863//2078 2871//2079 2877//2080 2888//2081 2899//2082 2897//1751 2889//1750 2900//1752 2921//2083 2923//2084 2914//2085 2915//2086 2907//2087 2898//1501 2906//1504 2901//1503 2895//1502 2896//2088 2878//2089 2873//2090 2865//2091 2859//2092 2862//2093
f 2938//2094 2933//2095 2940//2096 2948//2097
f 2800//2098 2806//2099 2812//2100 2813//2101 2809//2102 2801//2103 2802//2104 2793//2105 2788//2106 2787//2107 2796//2108
f 969//1002 970//1001 909//2109
f 969//1002 910//2110 912//2111
f 1035//2112 1025//2113 1024//2114 1031//2115 1034//2116 1041//2117 1042//2118 1043//2119
f 6414//2120 6413//2121 6416//2122 6419//2123 6425//2124 6420//1225 6424//1228 6417//1938 6408//2125
f 890//2126 967//2127 966//2128
f 6742//2129 6746//2129 6745//2130 6741//2130
f 3005//2131 2999//2132 2991//2133 2984//2134 2973//2135 2724//2136 2975//2137 2985//2138 3000//2139 3013//2140 3019//2141 3018//2142 3017//2143 3011//2144
f 3554//2145 3595//2146 3603//2147 3613//2148 3556//2149
f 957//2150 924//2151 925//2152 958//2153 901//2154 902//2155 903//2156
f 1435//2157 1442//2158 1443//297 1436//296
f 708//2159 697//2160 696//2161 740//2162 695//2163 694//2164 738//2165 739//2166 737//2167 735//2168 734//2169 736//2170
f 908//2171 909//2109 970//1001
f 6411//552 6412//2172 6406//2173 6404//554 6416//553
f 3953//2174 3950//2175 3951//1048 3954//2176 3962//1054 3968//2177 3975//2178
f 2795//2179 2799//2180 2804//2181 2805//2182 2712//2183 2711//2184 2761//2185 2790//2186
f 1379//2187 1375//2188 1378//2189 1381//925 1383//2190 1386//2191 1346//2192 1345//2193
f 4859//2194 4857//1247 4860//2195 4865//2196
f 956//1833 959//1832 927//1831 929//2197 928//2198 930//2199 931//2200 932//1836 954//1835
f 2923//2201 2922//2202 2928//2203 2933//2095 2938//2094 2934//2204 2941//2205 2947//2206 2942//2207 2935//2208 2924//2209
f 7171//2210 7162//724 7107//723 7167//2211
f 942//2212 943//585 968//589
f 941//2213 961//2214 940//2215
f 922//2216 923//2217 972//2218
f 5128//515 5131//2219 5139//2220 5140//2221 5136//2222 5137//2223 5133//2224 5129//516
f 5230//2225 5235//2226 5234//309 5232//2227 5248//2228 5233//2227 5231//2229 5236//2230 5237//2231 5239//2232 5238//2233 5240//2234 5244//2235
f 5871//769 5872//2236 5855//2237 5853//766
f 3995//2238 4018//2239 4012//774 4002//773 3983//2240 3978//2241 3976//2242 3972//2243 3971//2244 3964//778 3956//777 3970//2245 4001//2246
f 7554//2247 7572//2248 7580//2249 7582//2250
f 2922//2202 2914//2085 2923//2084 2928//2203
f 7757//2251 7761//2252 7764//2253 7765//2254 7657//2255 7656//2256 7655//2257 7762//2258 7754//1042 7755//1046
f 3433//1266 3427//1089 3426//1088 3422//1087 3421//2259 3425//2260 3429//1754 3431//1753 3432//2261
f 1288//174 1289//173 1293//172 1294//2262 1285//2263 1284//2264 1283//2265 1271//2266 1277//166 1292//175
f 4490//2267 4481//2268 4495//2269
f 7284//2270 7300//2271 7319//2272 7301//2273 7304//2274 7311//2275 7305//2276 7312//2277 7290//2278 7285//265
f 3614//2279 3613//2280 3603//2281 3595//2282 3604//2283
f 7515//2284 7513//2285 7514//2286
f 4581//2287 4582//2288 4592//2289 4454//2290 4453//2291 4452//1525 4531//1524 4549//2292 4550//2293 4569//2294 4570//2295
f 2110//2296 2233//2297 2237//2298 2249//2299
f 2947//2206 2941//2205 2958//1135
f 1450//2300 1449//2301 1448//2302 1447//2303 1464//2304 1481//2305 1480//2306 1493//2307 1502//2308 1503//2309 1498//2310
f 3802//2311 3817//2312 3818//2313 3762//2314
f 1920//1061 1915//2315 1905//2316 1894//2317 1900//2318 1913//2319 1919//2320 1927//2321 1935//2322 1929//2323
f 532//2324 533//1305 531//1456 530//2325
f 1332//2326 1331//2327 1336//2328 1340//615 1337//614
f 2539//2329 2534//2330 2535//2331 2545//2332
f 970//1001 971//1000 920//2333 906//2334 907//2335
f 1771//2336 1772//2337 1761//2338 1760//2339
f 6464//2340 6457//2341 6456//2342 6455//176
f 4002//773 4011//772 4029//2343 4030//2344 4038//2345 4039//2346 4046//2347 4047//2348 4048//2349 4040//2350 4032//2351 4031//2352 4005//2353 4004//2354 3989//2355 3994//1907 4003//1910 3996//1909 3988//1908 3984//2356 3978//2357 3977//2358 3983//2240
f 1908//30 1902//29 1910//2359 1917//31
f 4135//496 4128//2360 4127//2361 4126//2362 4141//2363 4121//2364 4104//2365 4105//2366 4106//490 4146//489
f 3067//2367 3066//2368 3061//2369 3054//2370 3062//2371
f 6203//2372 6211//2373 6223//2374 6135//2375 6136//2376 6137//2377 6164//2378 6224//2379 6200//2380 6199//2381 6201//2382 6202//2383
f 5860//1124 5867//1123 5868//2384 5859//2385
f 3833//2386 3841//2387 3848//2388 3849//2389 3844//2390 3834//2391
f 1631//2392 1637//2393 1638//2394 1632//2395
f 7362//2396 7278//103 7367//2397 7366//2398
f 4591//2399 4590//2400 4604//2401 4599//2402 4602//2403 4608//2404 4617//2405 4640//2406 4641//2407 4632//2408 4633//2409 4642//2410 4643//2411 4660//2412 4661//2413 4644//2414 4580//2415 4579//2416 4578//2417
f 5915//1365 5916//2418 5903//2419 5902//1366
f 5215//1272 5224//1276 5219//2420 5218//2421 5217//2422 5216//2423
f 384//2424 386//2425 420//2426 418//2427 409//2428 382//2429
f 4879//1190 4869//2430 4401//2431 4436//2432
f 4625//2433 4624//2434 4623//2435 4635//2436 4645//2437 4636//2438
f 1032//2439 988//2440 997//2441 1039//2442
f 5696//2443 5695//604 5701//603 5702//2444 5703//2445
f 2440//2446 2433//2447 2434//2448 2442//2449 2451//2450
f 2704//2451 2698//2452 2709//2453
f 3917//2454 3911//2455 3919//2456 3924//2457
f 4205//2458 4198//2459 4207//2460 4213//2461
f 7130//422 7124//421 7136//2462 7139//423
f 6828//2463 6752//2464 6753//2465 6756//103 6841//2466 6845//2467 6846//2468 6835//2469 6834//2470 6836//2471 6830//2472 6823//2473 6822//2474
f 2963//1136 2957//2475 2964//1138 2971//1137
f 7445//2476 7446//2477 7441//2478 7442//2479 7443//2480
f 210//2481 207//2025 206//2024 208//2033 174//2032 175//2482 209//2483
f 2122//2484 2166//2485 2170//2486 2165//2487 2123//2488
f 3001//2489 3002//2490 2995//2491 2994//2492
f 3830//2493 3826//2494 3816//2495 3827//2496 3835//2497
f 3319//2498 3325//2499 3296//2500 3297//2501
f 3405//2502 3403//2503 3406//2504 3408//2505
f 2854//2506 2853//2507 2844//2508 2846//2509
f 1142//2510 1067//2511 1083//2512
f 5098//2513 5099//2514 5108//2515 5105//2516 5106//2517 5097//2518 5096//2519 5095//2520
f 382//2429 409//2428 410//2521 405//2522 401//2523 400//2524 404//2525 380//2526
f 2//2527 1//2528 34//2529 35//384 3//385
f 1427//2530 1422//1593 1426//1597 1430//2531 1432//2532 1359//2533 1360//2534
f 5360//2535 5485//2536 5484//2537 5487//2538 5492//2539 5493//2540 5497//2541 5498//2542 5499//2543 5494//2544 5361//2545
f 1805//1646 1813//1645 1814//2546 1823//2547 1819//2548 1806//2549
f 6467//2550 6468//2551 6469//2552 6483//2553 6486//2554 6488//1783 6466//1782
f 4551//2555 4552//2556 4543//949 4534//1742 4533//1741 4532//2557 4430//2558 4540//2559 4429//2560
f 1478//1743 1486//1747 1492//2561 1493//2307 1480//2306 1479//2562
f 2317//2563 2314//2564 2324//2565 2316//2566 2315//701 2323//700 2329//699 2330//2567 2337//2568 2331//2569 2332//2570 2318//2571
f 745//2572 744//2573 743//2574 742//2575 771//2576 770//2577 769//90 773//89 772//88 775//94 776//2578 777//2579 774//2580
f 315//2581 316//2582 310//2583 302//2584 301//518 309//525 308//524 314//2585
f 1899//2586 1900//2587 1894//2588 1887//2589 1859//2590 1858//2591
f 6793//2592 6789//2593 6788//2594 6792//2595 6794//1627 6799//2009 6795//2012 6796//2011
f 133//293 134//1983 114//1986 113//294
f 6379//2596 6361//1465 6389//1464 6385//2597 6382//2598
f 1168//2599 1148//2600 1147//2601
f 3220//110 3213//109 3212//1231 3231//1230 3227//2602
f 1153//2603 1152//2604 1169//2605
f 2452//2606 2457//2607 2465//1442 2462//2608 2458//2609 2453//2610 2444//2611 2443//2612
f 1146//2613 1147//2614 1167//2615
f 4508//2616 4509//2617 4503//2618 4502//2619
f 3951//1048 3950//2175 3941//2620 3931//2621 3919//2622 3932//1050 3942//2623
f 3596//2624 3583//2625 3582//2626 3565//2627 3564//2628 3542//2629 3541//322 3563//321 3580//320 3581//319 3605//318 3606//317 3607//1571 3597//2630
f 424//2631 430//2632 431//2633 425//2634
f 1142//2510 1137//2635 1068//2636
f 982//2637 981//2638 999//2639 1004//2640 1005//2641 1011//2642 1012//1436 1000//1435 1001//1434
f 2078//2643 2626//2644 2614//2645 2608//2646 2079//2647
f 7568//2648 7569//2649 7570//2650 7586//2651
f 1764//2652 1774//2653 1775//2654 1777//2655 1797//2656 1757//2657
f 4706//2658 4696//2659 4708//2660 4717//2661
f 2521//2662 2520//2663 2524//2664 2530//2665 2536//2666 2540//2667 2546//2668 2547//2669 2568//2670 2562//2671 2548//2672 2553//2673 2561//2674 2567//2675 2573//2676 2581//2677 2585//2678 2595//1650 2599//1656 2605//808 2600//813 2612//812 2613//2679 2601//2680 2587//2681 2145//2682 2164//2683 2144//2684 2143//2685
f 4228//2686 4234//2687 4241//1301 4242//2688 4236//2689 4230//2690 4224//2691
f 4207//2692 4198//2693 4206//2694 4212//1291
f 2239//2695 2228//2696 2232//2697 2238//2698 2242//2699 2248//2700 2243//2701 2250//2702 2267//2703 2272//2704 2281//2705 2282//2706 2274//2707 2280//2708 2286//2709 2287//2710 2283//2711 2275//2712 2262//2713 2258//383 2254//382 2257//2714 2260//2715 2265//2716 2273//2717 2261//2718 2251//2719 2245//2720 2240//2721 2234//2722
f 1403//2723 1398//2724 1402//2725 1406//2066 1411//2071 1414//2726 1412//2727 1415//2728 1410//2729 1350//2730 1349//2731 1404//2732 1399//2733
f 125//353 143//356 144//2734 145//378 126//377
f 2354//657 2347//659 2361//658
f 911//2735 910//2110 969//1002 909//2109
f 2076//2736 2155//2737 2701//2738 2700//2739 2689//2740 2077//2741
f 429//2742 430//2632 424//2631 423//2743
f 1275//2744 1274//2745 1287//2746 1290//2747 1296//2748 1291//2749 1301//2750 1302//2751 1297//2752 1298//2753 1276//2754
f 4347//2755 4350//2756 4355//2757 4351//2758 4332//2759 4341//2760 4352//2761 4356//2762 4365//2763 4364//2764 4360//2765 4359//2766
f 2234//2767 2231//2768 2236//2769 2241//2770
f 4100//2771 4099//2772 3759//2773 3760//2774
f 1401//2067 1406//2066 1402//2725 1398//2724 1397//2775 1391//2776 1388//2777 1386//2191 1383//2190 1381//925 1390//924 1393//923 1387//922 1389//2778 1395//2779 1400//2780 1405//2781 1408//2068
f 3128//2782 3134//217 3141//216 3142//2035 3148//2034 3143//2039 3135//2783 3136//2784 3124//2785 3130//2786 3125//2787 3120//2788 3115//2789 3107//2790 3100//2791 3094//2792 3080//2793 3084//2794 3093//2795 3079//2796 3072//2797 3067//2798 3066//2799 3071//2800 3078//2801 3077//645 3091//644 3095//2802 3092//2803 3097//2804 3105//2805 3098//2806 3114//2807 3123//2808
f 4129//2809 4122//2810 4117//2811 4116//2812 4127//2361 4128//2360 4135//496
f 6960//2813 6961//2814 6954//2815 6965//2816 6955//2817 6895//2818 6894//2819 6893//2820 6941//2821 6940//2822 6945//2823 6944//2824 6947//399 6953//2825 6950//2826 6958//2827
f 5668//2828 5667//2829 5666//2830 5672//2831 5679//2832 5680//2833 5681//2834
f 2991//2835 2984//1941 2992//1940 2743//1939
f 5294//2836 5304//2837 5303//2838 5295//2839
f 6724//2840 6728//2841 6729//2842 6731//2843 6720//2844 6721//2845 6722//2846 6723//2847
f 2774//2848 3077//2849 3069//2850 3058//2851 3052//2852 3057//2853 2773//2854
f 4579//2416 4580//2415 4569//2294 4550//2293 4549//2292 4548//2855
f 3603//1921 3593//2856 3601//2857 3602//2858 3588//2859 3587//907 3577//906 3586//2860 3585//2861 3600//1923 3610//1922
f 332//2862 331//2863 342//2864 344//2865 345//2866 346//2867 341//2868
f 4425//2869 4586//2870 4594//2871 4600//2872
f 1929//2873 1930//2874 1923//2875 1915//2876 1921//2877
f 599//2878 592//2879 591//1438 601//1440 590//1439 589//899 600//2880
f 2004//2881 2003//2882 1996//2883 1997//2884
f 5212//2885 5220//1888 5229//1887 5226//1886 5227//1885 5213//2886
f 4815//2887 4814//2888 4821//2889 4820//2890 4837//2891 4838//2892 4844//2893 4828//2894 4463//2895 4462//2896 4461//2897 4784//2898 4796//2899
f 7428//2900 7429//2901 7425//2902 7426//2903
f 3022//2904 3028//2905 3033//2906
f 2564//2907 2563//2908 2571//2909 2576//2910 2582//2911 2577//2912 2572//2913 2565//2914 2557//2915 2556//2916
f 4077//2917 4065//2918 4064//2919 4076//2920 3749//2921 3750//2922 3751//2923 3752//2924 4095//2925 4089//2926 4066//2927
f 5685//2928 5689//2929 5693//2930 5694//2931 5642//2932 5646//2933 5686//2934
f 1266//2935 1264//2936 1343//2937
f 1260//2938 1261//2939 1342//2940
f 3647//2941 3648//1510 3711//1509 3721//2942 3713//2943
f 850//2944 861//2945 879//2946 877//2947 851//2948
f 7332//2949 7328//2950 7271//2951 7320//2952
f 4289//2953 4285//2954 4284//2955 4297//2956
f 2448//2957 2441//2958 2450//2959 2456//2960
f 1215//2961 1208//2962 1184//2963 1185//2964 1223//2965
f 5367//2966 5368//2967 5402//2968 5400//1285 5399//1284
f 3460//2969 3461//243 3453//242 3444//2970 3443//2971 3442//2972 3451//2973 3452//2974
f 1357//2975 1431//2976 1356//2977
f 4050//2978 4043//2979 4040//2350 4048//2349 4055//2980
f 4463//2895 4828//2894 4844//2893 4853//2981 4852//2982 4868//2983 4867//2984 4878//2985 4887//2986 4888//2987 4893//2988 4467//2989 4466//2990 4465//2991 4464//2992
f 6725//2993 6717//2994 6736//2995 6737//2993
f 6005//2996 6004//2997 6051//2998 6024//2999 6047//3000 6046//3001 6044//3002 6045//3003 6043//3004 6042//3005 6041//3006 6040//3007 6023//3008 6009//3009 6008//3010 6007//3011 6006//3012
f 5052//3013 5053//3014 5067//3015 5064//3016 5063//3017 5062//3018 5042//3019 5041//3020 5046//3021 5051//3022
f 3110//1032 3111//3023 3105//3024 3104//3025
f 1758//3026 1757//2657 1797//2656 1777//3027 1778//3028
f 3011//3029 3002//3030 3010//3031 3014//3032
f 5905//3033 5904//3034 5917//3035 5918//3036
f 3857//1812 3850//3037 3843//3038 3851//3039 3859//3040 3862//1813
f 1374//920 1364//3041 1363//3042 1376//3043 1382//3044 1389//2778 1387//922 1385//921
f 6618//3045 6619//3046 6627//3047 6624//3048 6620//3049 6621//3050 6606//818 6588//817 6589//3051 6605//3052 6602//3053 6604//3054 6609//3055 6611//3056 6613//3057
f 1020//1201 1019//1200 1036//3058 1047//3059 1048//3060 1037//3061
f 7752//1043 7753//3062 7625//3063 7628//1044
f 7024//3064 7073//3065 7069//3066 7074//3067
f 5881//3068 5882//3069 5843//3070 5842//3071
f 3260//3072 3245//3073 3258//3074 3263//3075 3264//3076
f 4137//3077 4132//3078 4139//3079 4143//3080
f 6547//3081 6545//3082 6548//3083 6550//3084
f 4530//3085 4521//1534 4520//3086 4528//3087 4538//681 4539//680
f 2454//3088 2449//3089 2455//3090 2459//3091
f 1533//3092 1534//3092 1531//3092 1532//3092
f 1552//3093 1553//3094 1554//3095 1545//3096 1544//3096 1539//3095 1540//3094 1542//3093
f 881//3097 884//3098 883//3099
f 147//3100 148//3101 149//3102 128//3103 127//3104
f 7307//3105 7306//3106 7313//1621 7314//1627 7269//1410 7320//2952 7271//2951 7328//2950 7332//2949 7329//3107 7330//3108 7343//3109 7345//3110 7339//3111 7337//3112 7336//3113 7325//3114 7324//3115 7321//3116 7315//3117 7308//3118
f 3657//3119 3652//3120 3653//3121 3654//3122 3655//3123 3656//3124 3675//3125 3674//3126 3672//3127 3745//3128 3671//3129 3698//3130 3699//3131 3700//3132 3746//3133 3701//3134 3702//3135 3703//3136 3704//3137 3705//3138 3706//3139 3707//3140 3708//3141 3718//3142 3709//3143 3651//3144
f 2022//3145 2013//3146 2004//3147 2003//3148 2012//3149 2026//3150
f 1623//3151 1624//3152 1611//3152 1609//3151
f 252//3153 260//3154 259//3155 251//3156
f 1294//2262 1295//3157 1299//3158 1300//3159 1305//3160 1306//3161 1290//2747 1287//2746 1286//3162 1285//2263
f 7626//3163 7629//3164 7756//3165 7763//3166 7682//3167 7686//969 7687//968 7685//967 7684//3168 7683//3169
f 1213//3170 1214//3171 1219//3172 1220//3173 1226//3174 1227//3175 1221//3176 1212//3177 1211//3178 1202//3179 1201//3180 1207//3181 1206//3182 1210//3183
f 3803//3184 3829//3185 3819//3186 3820//3187 3797//3188 3796//3189
f 2112//3190 2190//3191 2182//3192 2176//3193 2181//3194 2174//3195 2165//3196
f 2963//1449 2954//1448 2947//3197 2953//3198 2952//3199 2967//3200
f 492//3201 500//3202 501//3203 493//3204
f 1426//1597 1421//1596 1425//3205 1429//3206 1432//2532 1430//2531
f 3792//1552 4050//467 4061//3207
f 2678//3208 2667//3209 2656//3210 2649//3211 2632//3212 2621//3213 2631//3214 2637//3215 2647//3216 2652//1040 2655//1039 2653//3217 2660//3218 2672//3219 2666//3220 2671//3221 2677//3222 2682//3223 2686//3224 2693//3225 2694//3226 2688//3227
f 3145//213 3141//216 3147//215 3155//214
f 982//2637 1001//1434 1006//1433 1002//1195 983//1203
f 6417//1938 6366//1937 6365//3228 6364//3229 6363//3230 6362//3231 6361//1465 6379//2596 6382//2598 6385//2597 6402//3232 6391//3233 6392//3234 6395//3235 6399//3236 6408//2125
f 2142//3237 2141//3238 2490//3239 2496//3240 2501//3241 2508//3242 2513//3243 2520//2663 2521//2662 2143//2685
f 1549//3244 1550//3245 1538//3245 1535//3244
f 1347//3246 1391//2776 1397//2775 1396//3247 1348//3248
f 7181//3249 7179//3250 7088//3251
f 3303//686 3322//3252 3315//3253 3316//3254 3291//3255 3290//2342 3304//3256
f 2859//3257 2850//3258 2857//3259 2862//3260
f 1460//3261 1459//3262 1465//3263 1473//3264 1474//3265
f 1651//3266 1650//3267 1656//3267 1657//3268 1658//3269 1652//3270
f 1625//3271 1626//3272 1618//3273 1616//3273 1607//3272 1608//3271 1611//3152 1624//3152
f 1596//3274 1597//3275 1581//3275 1582//3274
f 1598//3276 1599//3277 1600//3278 1589//3278 1580//3277 1579//3276 1581//3275 1597//3275
f 2368//3279 2354//3280 2345//3281 2100//3282 2344//3283 2367//3284 2374//3285 2383//3286 2390//3287 2400//3288 2401//3289 2391//3290
f 1578//3291 1577//3291 1575//3291 1576//3291
f 1239//3292 1187//3293 1188//3294 1248//3295 1243//3296
f 1601//3297 1602//3298 1591//3299 1590//3299 1586//3298 1587//3297 1589//3278 1600//3278
f 4586//2870 4426//3300 4583//3301 4593//3302
f 7067//3303 7068//3304 7046//3305 7045//3306 7044//3307 7043//3308 7042//3309 7041//3310 7055//3311 7053//3312 7054//3313 7059//3314 7070//3315 7072//3316
f 2605//1414 2598//1654 2594//3317 2593//3318 2592//3319 2610//3320 2616//3321 2624//3322 2618//3323 2617//3324 2635//3325 2641//3326 2642//1421 2643//1420 2636//1417 2629//1416 2619//1415
f 4917//3327 4910//3328 4921//3329 4920//3330 4906//3331 4905//3332 4916//3333
f 1630//3334 1636//3335 1637//2393 1631//2392
f 4981//3336 4967//3337 4968//3338 5029//3339 4929//3339 4966//3340 4965//3341 4964//3342 4988//3343 4989//3344 4992//3345 4993//3346 4994//3347 4990//3348 4991//3349 4986//3350 4987//3351 4985//3352 4984//3353 4970//3354 4969//3355 4980//3356 4982//3357
f 1573//3358 1574//391 1565//391 1559//3358
f 522//963 544//962 543//3359 542//3360 521//3361
f 1547//3362 1548//3363 1549//3244 1535//3244 1536//3363 1543//3362 1541//3364 1546//3364
f 1690//3365 1689//3366 1696//3367 1697//3365
f 5488//3368 5489//3369 5486//3370 5483//3371 5371//3372 5372//3373
f 1665//3374 1663//3375 1671//3375 1672//3376 1673//3377 1666//3378
f 1617//3379 1619//1748 1614//1748 1615//3379
f 1705//3380 1726//3380 1728//3380
f 1688//1853 1695//1852 1696//3367 1689//3366
f 651//3381 650//3382 648//3383 665//3384 647//3385 649//3386 646//3387 645//3388 655//3389 663//3390 664//3391 666//3392 667//3393 652//3394
f 280//3395 279//3396 292//3397 303//3398 311//3399 290//3400 291//3401 286//3402 285//3403 284//3404 283//3405 282//3406 281//3407
f 1738//3380 1745//3380 1711//3380
f 1722//3380 1721//3380 1720//3380 1719//3380 1712//3380 1711//3380 1745//3380 1736//3380 1746//3380 1747//3380 1739//3380 1750//3380 1748//3380 1749//3380 1740//3380 1734//3380 1733//3380 1731//3380 1729//3380 1732//3380 1730//3380 1735//3380 1737//3380 1741//3380 1742//3380 1727//3380 1726//3380 1705//3380 1704//3380 1703//3380 1702//3380 1701//3380 1700//3380 1699//3380 1718//3380 1717//3380 1716//3380 1715//3380 1714//3380 1713//3380 1725//3380 1724//3380 1723//3380
f 2758//3408 2793//2105 2790//3409 2759//3410
f 4609//3411 4600//2872 4594//2871 4586//2870 4593//3302 4583//3301 4426//3412 4425//3413 4618//3414 4614//3415
f 1767//3416 1766//3417 1794//3418
f 6096//3419 6057//3420 6056//1982 6097//1981
f 3626//1567 3536//1574 3535//3421 3628//1934 3627//1933
f 2246//3422 2245//3423 2240//3424 2235//3425
f 1754//3426 1796//3427 1795//3428
f 4426//3429 4571//3430 4563//3431 4557//3432
f 3594//866 3589//3433 3590//3434 3595//3435 3603//867
f 6462//3436 6461//3437 6460//3437 6459//3438
f 4925//3439 4924//3440 4939//3441 4941//3442
f 6190//3443 6149//3444 6148//3445 6191//3446
f 1797//3447 1776//3448 1777//3449
f 1629//3450 1628//3451 1634//3451 1635//3452 1636//3335 1630//3334
f 1752//3453 1783//3454 1784//3455
f 1753//3456 1766//3457 1794//3458 1793//3459 1769//3460
f 4409//3461 4809//3462 4803//3463 4798//3464 4797//3465
f 1755//3466 1754//3426 1795//3428
f 7074//3067 7066//3467 7065//3468 7063//3469 7061//3470 7062//3471 7058//3472 7051//3473 7052//3474 7036//3475 7029//3476 7030//103 7050//3477 7019//2397 7021//3478 7057//3479 7056//3480 7022//176 7020//3481 7026//176 7024//3064
f 1788//3482 1765//3483 1762//3484 1759//3485 1787//3486
f 1802//3487 1816//3488 1815//3489
f 1806//2549 1819//2548 1818//3490
f 3332//180 3339//486 3331//176 3338//181
f 5856//3491 5854//3492 5873//3493 5874//3494
f 1810//3495 1815//3489 1816//3496 1820//3497
f 1239//3292 1243//3296 1244//3498 1245//3499 1246//3500 1240//3501 1238//3502 1237//3503 1233//3504 1232//3505 1236//3506 1235//3507
f 1931//1348 1906//1704 1915//2876 1923//2875 1929//3508 1939//3509 1943//3510 1951//3511 1952//3512 1945//1349
f 5864//1156 5850//1159 5851//1577 5863//1576
f 1814//2546 1822//3513 1823//2547
f 3357//1325 3487//1324 3489//3514
f 7098//801 7120//804 7115//3515 7121//3516 7101//3517 7097//822
f 1831//3518 1850//3519 1849//3520
f 1113//3521 1109//3522 1112//3523 1115//3524 1118//255 1121//254 1127//253 1129//252 1128//1102 1123//3525 1110//3526
f 598//3527 593//3528 592//2879 599//2878
f 1950//3529 1951//3530 1944//3531 1943//3532
f 875//3533 873//3534 874//3535 872//1314 871//1313 853//3536 852//3537
f 1850//404 1843//3538 1844//401
f 1841//735 1849//734 1850//3519
f 33//1093 50//1092 51//3539 52//147 24//146
f 1848//3540 1830//3541 1831//3518
f 3884//3542 3879//1815 3887//3543 3890//3544
f 2314//2564 2310//3545 2311//3546 2316//2566 2324//2565
f 6063//3547 6062//3548 6122//3549 6085//3550 6086//3551 6084//3552
f 593//3528 598//3527 597//3553 594//3554
f 2669//1424 2663//1423 2675//3555
f 3233//113 3227//112 3226//3556 3232//3557 3241//3558 3248//3559 3255//3560 3249//3561
f 1888//1701 1889//3562 1894//3563
f 1891//3564 1892//3565 1898//3566
f 1892//3567 1891//3564 1897//3568
f 3211//3569 3204//3570 3192//3571 3197//3572 3203//3573 3219//3574
f 7392//3575 7389//3576 7380//2993 7390//3577
f 1897//3578 1898//3579 1903//3580
f 117//307 137//306 138//408 118//407
f 1899//3581 1900//3582 1904//3583
f 3125//3584 3121//3585 3126//3586 3133//3587
f 6809//1845 6812//1848 6818//3588 6819//3589 6824//3590 6825//3591 6826//3592 6820//3593 6821//3594 6817//3595 6814//274 6801//273 6800//3596 6803//3597 6802//1791 6797//1790 6790//1789 6786//3598 6788//3599 6793//2592 6796//2011 6806//3600 6811//3601 6813//1847 6807//1846
f 1902//29 1903//3580 1910//2359
f 5648//1027 5628//1026 5627//3602 5651//1560 5652//1559
f 1907//3603 1906//3604 1915//3605
f 1914//1060 1915//2315 1920//1061
f 1921//2877 1922//3606 1929//2873
f 1667//3607 1674//3608 1675//3609 1668//3609
f 1929//3508 1930//3610 1939//3509
f 2416//3611 2412//3612 2400//3613 2401//3614 2402//3615 2408//3616 2403//3617 2409//3618 2417//3619 2431//3620 2430//3621 2435//3622 2426//3623
f 2522//3624 2517//3625 2511//3626 2516//3627 2504//3628 2498//814 2503//816 2492//815 2479//3629 2446//3630 2430//3631 2435//3632 2426//3633 2416//3634 2093//3635 2092//3636 2091//3637 2090//3638 2469//3639 2089//3640 2088//3641 2484//3642 2485//3643 2087//3644 2086//3645 2085//3646 2084//3647 2537//3648 2083//3649 2541//1706 2542//1705 2538//3650
f 4897//3651 4896//3652 4902//3653 4395//3654 4394//3655 4393//3656 4392//3657 4391//3658 4467//2989 4893//2988 4888//2987 4887//2986 4878//2985 4877//3659 4876//3660 4892//3661 4891//3662 4886//3663 4885//3664
f 1940//3665 1941//1127 1948//3666
f 1941//3667 1940//3665 1946//3668 1953//3669 1954//3670 1958//3671 1959//3672
f 1942//3673 1943//1063 1949//3674
f 1943//3675 1944//3531 1951//3530
f 3521//3676 3532//3677 3533//3678 3531//3679 3519//3680 3520//3681
f 1950//760 1951//3682 1956//761
f 2228//2696 2221//3683 2215//3684 2218//3685 2227//3686 2232//2697
f 3740//3687 3741//1355 3688//1354 3689//3688 3659//3689 3736//1360 3737//1359 3738//1358
f 1953//3690 1954//3691 1957//3692
f 3392//3693 3389//3694 3361//3695 3354//176 3366//103 3367//176 3369//103 3370//103 3372//103 3375//176 3376//103 3378//176 3381//176 3383//103 3384//103 3386//103 3353//103 3356//3696 3355//3697 3488//3698 3486//3699 3478//3700 3477//3701 3474//3702 3468//3703 3454//3704 3445//3705 3448//3706 3447//3707 3439//1759 3438//1758 3430//1757 3423//1756 3408//2505 3406//2504 3407//3708 3402//3709 3400//3710 3401//3711 3396//3712
f 1955//3713 1956//3714 1960//3715
f 1958//914 1959//3716 1967//915
f 1961//3717 1962//3718 1969//3719
f 1962//3720 1963//3721 1971//3722
f 1970//3723 1971//3724 1976//3725
f 3527//3726 3528//3727 3533//3728 3532//3677 3521//3676 3522//3729 3523//3730 3526//3731
f 6647//3732 6641//3733 6634//103 6577//176 6578//3734
f 1975//3735 1976//3736 1979//3737
f 1977//3738 1978//917 1986//3739
f 7038//3740 7037//3375 7048//3741 7047//3742 7054//3313 7053//3312 7055//3311 7041//3310 7040//1393 7049//3743
f 1980//3744 1981//3745 1989//3746
f 2673//3747 2668//3748 2674//3749 2679//3750
f 2789//3751 2810//3752 2804//3753 2799//3754 2795//3755 2790//3756
f 1993//3757 1994//3758 2000//3759
f 1995//3760 1996//3761 2001//3762
f 1352//3763 1427//2530 1360//2534 1353//3764
f 1997//2884 1996//3765 2004//2881
f 2800//3766 2796//3767 2812//3768 2806//3769
f 2003//3148 2004//3770 2012//3149
f 3513//3771 3517//3772 3508//3773 3509//3774 3511//162 3515//161 3514//3775
f 2004//3776 2005//3777 2014//3778
f 5790//3779 5804//3780 5805//3781 5806//3782 5807//3783 5808//3784 5809//3785 5810//3786 5811//3787 5793//3788 5792//3789 5791//3790
f 2008//3791 2009//3792 2017//3793
f 2010//3794 2011//3795 2020//3796
f 5115//517 5129//516 5133//2224 5134//3797 5132//3798 5117//3799 5116//3800 5111//3801
f 2015//3802 2016//3803 2023//3804
f 2212//3805 2208//3806 2217//3807 2215//3808
f 4178//3809 4189//3810 4194//3811 4198//3812 4207//3813 4208//3814 4200//3815 4179//3816
f 2021//3817 2022//3145 2027//2
f 2439//3818 2432//3819 2438//3820 2448//3821 2455//3090 2449//3089 2454//3088 2459//3091 2460//3822 2456//2960 2450//2959 2440//3823
f 2024//3824 2025//3825 2032//3826
f 2028//3827 2029//3828 2034//3829
f 2030//3830 2029//3831 2035//3832
f 1870//3833 1871//3834 2032//3835
f 3965//3836 3948//3837 3947//3838 3936//460 3935//459 3946//458 3945//457 3958//783 3963//782 3971//3839 3964//3840 3973//3841 3977//3842 3978//2357 3984//2356 3988//1908 3994//1907 3989//2355 4004//2354 4005//2353 3997//3843 3980//3844 3975//3845 3979//3846 3974//3847
f 3826//3848 3827//2496 3818//3849 3801//3850 3800//3851
f 2707//3852 2709//3853 2160//3854 2161//3855
f 1820//3497 1816//3496 1815//3856 1809//3857 1810//3495
f 5456//3858 5459//3859 5455//3860 5356//3861
f 6775//277 6813//276 6817//3595 6821//3594 6820//3593 6826//3592 6832//1373 6833//1372 6840//1371 6778//1370 6777//3862 6776//3863
f 2031//3864 2032//3835 1871//3834
f 2032//3865 2031//3866 2024//3867
f 2029//3868 2028//3869 2022//3870
f 2016//3803 2015//1693 2006//1692
f 2011//3871 2010//3872 2001//3762
f 2009//3792 2008//3873 1999//3874
f 2005//1687 2004//3776 1998//1688
f 2003//2882 2004//3875 1996//2883
f 1996//3876 1995//3877 1989//3746
f 1045//3878 1040//3879 1044//3880 1050//3881 1051//3882 1046//3883
f 1981//3884 1980//3885 1976//3725
f 1959//3672 1958//914 1965//913 1973//918 1977//3886 1978//3887
f 1978//917 1977//3886 1973//918
f 1976//3736 1975//3888 1969//3719
f 1972//3889 1971//1686 1964//1685
f 1971//3890 1970//3891 1962//3892
f 1962//3893 1961//762 1956//761
f 1959//3716 1958//3671 1954//3670
f 1956//3714 1955//3894 1949//3674
f 1952//3512 1951//1684 1945//1349
f 1951//3895 1950//3529 1943//3532
f 6991//3896 6986//3896 6985//3897 6992//3898
f 1944//3899 1943//3510 1939//3509
f 4745//375 4738//374 4746//3900 4751//3901
f 1832//3902 1831//3518 1849//3520 1850//3903
f 1941//1127 1940//3904 1932//3905
f 1938//1064 1937//3906 1928//1065
f 1930//2874 1929//3508 1923//2875
f 1921//3907 1922//3908 1915//3605
f 1915//2315 1914//3909 1905//2316
f 2009//3910 2008//3791 2018//3911 1870//3833 2032//3835 2024//3867 2025//3912 2019//3913
f 1907//3914 1906//1704 1901//1703
f 6961//3915 6962//3916 6955//2817 6965//2816
f 1903//3580 1902//3917 1897//3578
f 1898//3566 1897//3568 1891//3564
f 1897//345 1898//3566 1892//3565
f 1895//3918 1894//3563 1889//3562
f 1892//346 1891//3919 1885//347
f 1889//3562 1888//3920 1881//3921
f 1463//3922 1462//3923 1472//1745 1477//1744 1478//1743 1479//2562
f 1881//3921 1861//3924 1862//3925
f 1880//3926 1856//3927 1855//3928
f 6714//3929 6715//3930 6711//3930 6710//3931
f 4769//3932 4763//3933 4756//136 4764//3934 4770//3935 4778//3936 4786//3937 4785//3938 4777//3939
f 209//2483 175//2482 177//3940 213//3941 216//3942 217//3943 214//3944
f 1248//3295 1188//3294 1194//3945 1189//3946
f 1197//3947 1199//3948 1200//3949 1206//3182 1207//3181 1201//3180 1202//3179 1203//3950 1178//3951 1179//3952
f 193//3953 189//533 188//445 165//447 168//3954 196//3955 197//3956 192//3957 191//3958 194//3959
f 3843//3038 3844//3960 3835//2497 3827//2496 3826//3848 3825//3961 3833//2386 3834//2391 3842//3962
f 2807//3963 2801//3964 2809//2102 2812//3965
f 2615//3966 2604//3967 2597//3968 2596//1608 2602//3969 2609//3970 2622//3971 2623//3972
f 6180//1492 6181//1497 6215//1496 6160//3973 6154//3974 6216//3975 6183//3976 6182//3977
f 2686//3978 2687//3979 2688//3227 2694//3226 2693//3980
f 481//3981 477//3982 450//3983 453//2061 484//2060 485//2059 486//2058 482//2057
f 1107//3984 1106//3985 1073//3986 1072//3987
f 2113//3988 2165//3989 2123//3990 2114//3991
f 2120//3992 2118//3993 2167//3994
f 2167//3995 2118//3996 2119//3997
f 2169//3998 2118//3999 2117//4000
f 2169//3998 2116//4001 2118//3999
f 2168//4002 2167//3994 2171//4003
f 2836//4004 2828//4005 2837//4006 2842//4007
f 1280//4008 1281//4009 1336//2328 1331//2327 1332//2326 1324//4010
f 2175//4011 2176//4012 2182//4013
f 2334//4014 2326//4015 2102//4016 2100//4017 2101//4018 2343//4019 2098//4020 2099//4021 2353//4022 2097//4023 2096//4024 2095//4025 2094//4026 2416//4027 2412//4028 2400//3288 2390//3287 2383//3286 2374//3285 2367//3284 2344//3283
f 3794//4029 4073//4030 4072//4031 4081//4032 4086//4033 4087//4034
f 5925//4035 5926//4036 5889//4037 5912//4038
f 2182//4039 2183//4040 2192//4041
f 2187//4042 2186//4043 2192//4044
f 2186//4045 2187//4042 2194//4046
f 2197//4047 2190//4048 2112//4049
f 2191//4050 2192//4041 2198//4051
f 2195//4052 2196//4053 2201//4054
f 6626//4055 6616//4056 6612//4057 6632//4058 6635//4059 6649//4060 6640//4061 6636//4062 6633//4063 6593//4064 6592//4065
f 1082//4066 1136//4067 1135//4068 1137//2635 1142//2510 1083//2512
f 2200//4069 2201//4070 2206//4071
f 2201//4072 2200//4069 2207//4073
f 5336//4074 5337//4075 5334//1264 5335//4076
f 4347//2755 4339//4077 4332//4078 4325//4079 4334//4080 4340//4081 4348//4082 4351//2758 4355//2757 4350//2756
f 2213//4083 2215//4084 2220//4085
f 2215//3684 2213//4083 2218//3685
f 2214//4086 2215//4087 2221//4088
f 2216//4089 2215//4090 2222//4091
f 2217//3807 2216//4092 2215//4093
f 2215//4094 2217//4095 2223//4096
f 4665//746 4655//745 4662//1545 4670//4097
f 7453//4098 7452//4099 7450//4100 7449//4101 7448//4102
f 2222//4091 2215//4090 2229//4103
f 2530//4104 2531//4105 2526//4106 2520//2663 2515//4107 2519//4108 2525//4109 2514//4110 2508//4111 2507//4112 2524//4113
f 5512//4114 5513//4115 5511//4116 5510//4117
f 5069//4118 5068//4119 5085//4120 5084//4121 5083//4122 5082//4123 5081//4124 5091//4125 5090//4126 5094//4127
f 3173//4128 3165//4129 3160//4130 3167//4131 3180//4132
f 3766//4133 3765//4134 3852//4135 3865//4136 3876//4137 3767//4138
f 2078//2643 2077//2741 2689//2740 2700//2739 2701//2738 2679//3750 2674//3749 2661//4139 2658//4140 2645//4141 2633//4142 2628//4143 2623//4144 2622//3971 2627//4145 2626//2644
f 2244//4146 2245//2720 2251//2719
f 5126//2423 5120//4147 5117//3799 5132//3798 5134//3797 5133//2224 5137//2223 5125//4148
f 2245//4149 2246//4150 2253//4151
f 908//2171 970//1001 907//2335
f 4362//4152 4357//591 4360//590 4366//593 4361//592 4352//953 4356//4153 4365//2763 4379//4154 4387//4155 4380//4156 4385//4157 4381//4158 4372//4159 4368//4160
f 1204//4161 1205//4162 1209//4163 1210//3183 1206//3182 1200//3949 1199//3948 1197//3947 1196//4164 1195//4165 1198//4166
f 7525//4167 7548//4168 7547//4169 7534//4170 7545//4171 7524//4172
f 6176//4173 6174//2048 6226//2046
f 135//1984 136//305 116//304 115//1985
f 801//4174 802//4175 805//4176 803//4177
f 6645//4178 6640//4061 6644//4179 6649//4180 6650//4181
f 2790//4182 2795//4183 2799//3754 2798//4184
f 906//2334 920//2333 921//4185 905//4186
f 555//4187 580//4188 578//4189 577//4190 576//4191 575//4192 552//4193 553//4194
f 4769//3932 4770//4195 4764//4196 4749//139 4757//4197 4752//137 4756//136 4763//3933
f 5596//4198 5599//1074 5611//1073 5610//4199 5607//4200 5594//4201
f 5422//4202 5427//4203 5432//1333 5433//4204 5353//4205 5352//4206 5414//4207
f 1681//4208 1684//4208 1683//4208 1682//4209
f 1496//1452 1497//4210 1491//4211 1492//2561 1486//1747 1485//71 1484//70 1488//76
f 1952//765 1963//764 1962//4212 1956//4213 1951//4214
f 6096//3419 6094//4215 6090//4216 6093//4217 6058//4218 6057//3420
f 4837//2891 4836//4219 4827//4220 4826//4221 4835//50 4843//49 4851//48 4877//3659 4878//2985 4867//2984 4868//2983 4852//2982 4853//2981 4844//2893 4838//2892
f 4494//4222 4493//4223 4484//4224 4485//4225
f 2099//4021 2097//4023 2353//4022
f 6490//4226 6502//4227 6562//4228 6558//4229 6543//4230 6544//4231 6540//4232 6538//4233 6494//4234 6495//563 6496//4235 6554//4236 6551//4237 6553//4238 6491//103
f 793//4239 792//539 798//538 799//4240 795//4241 794//4242
f 2847//4243 2842//4007 2837//4006 2828//4005 2820//4244 2827//4245 2826//4246 2835//4247 2786//4248 2765//4249 2766//784 2860//800 2855//4250
f 3218//4251 3219//3574 3203//3573 3210//4252
f 4257//4253 4258//4254 4252//4255 4251//4256
f 2685//4257 2681//4258 2686//4259 2691//4260
f 2403//4261 2402//4262 2408//4263
f 2402//4264 2403//4265 2409//4266
f 2699//4267 2694//4268 2693//4269 2698//2452 2704//2451 2709//2453 2158//4270 2159//4271
f 1845//4272 1826//3478 1836//2342 1837//4273 1828//4274 1827//4275
f 5411//4276 5412//4277 5409//4278 5407//4279 5406//4280 5402//2968 5368//2967 5369//4281
f 5885//4282 5886//1172 5847//1171 5846//4283
f 4158//1810 4219//4284 4157//1793 4220//1811
f 107//283 106//279 83//281 82//4285 81//284
f 7565//4286 7564//4287 7570//2650 7571//4288
f 1816//3488 1802//3487 1800//4289 1815//3856
f 2176//3193 2170//2486 2166//2485 2122//2484 2123//2488 2165//3196 2174//3195 2181//3194
f 2418//4290 2419//4291 2423//4292
f 2427//4293 2428//4294 2430//4295
f 4925//3439 4941//3442 4942//4296 4926//4297
f 5351//4298 5350//1871 5405//1289 5404//1288 5408//4299 5413//4300 5414//4207
f 3180//4132 3183//4301 3189//4302 3196//4303 3192//4304 3184//4305 3190//4306 3191//4307 3185//4308 3161//4309 3165//4129 3173//4128
f 1972//4310 1982//4311 1981//4312 1976//4313 1971//4314
f 3659//3689 3689//3688 3690//4315 3661//4316 3660//4317
f 1102//4318 1109//3522 1113//3521 1110//3526 1123//3525 1128//1102 1140//1101 1078//1100 1077//4319 1095//4320 1094//4321 1093//4322 1092//4323 1091//4324 1090//4325 1089//4326 1088//4327 1087//4328 1099//4329
f 53//4330 26//4331 25//145 52//147
f 4228//2686 4223//4332 4229//1303 4235//1302 4241//1301 4234//2687
f 4638//4333 4649//4334 4650//4335 4651//4336 4639//4337 4640//2406 4617//2405 4608//2404 4604//2401 4590//2400 4577//4338 4576//4339 4586//4340 4597//4341 4602//4342 4606//4343 4603//4344 4607//4345 4616//4346 4620//4347 4627//4348 4621//4349 4624//4350 4630//4351
f 2462//4352 2461//302 2465//301
f 2463//4353 2464//4354 2471//4355
f 2465//4356 2466//4357 2473//4358
f 1883//343 1879//352 1884//351 1890//344
f 5653//4359 5654//1562 5655//1561 5651//1560 5627//3602 5626//4360 5625//4361 5649//4362 5650//4363
f 2484//3642 2088//3641 2485//4364
f 2485//4365 2484//4366 2491//4367
f 6638//4368 6639//4369 6635//4370 6649//4371
f 354//4372 353//4373 364//4374 365//4375 360//4376
f 4178//3809 4188//4377 4194//4378 4189//4379 4190//4380
f 3215//4381 3216//4382 3208//4383 3207//4384
f 2022//3145 2021//4385 2011//4386 2004//3147 2013//3146
f 5100//4387 5101//4388 5102//1855 5107//1854
f 1786//4389 1787//3486 1759//3485 1752//3453 1784//3455 1785//4390
f 2507//4112 2508//4391 2511//4392
f 6981//1466 6982//4393 6979//4394 6980//1466
f 1248//3295 1189//3946 1190//4395 1191//63 1250//62 1249//4396 1247//4397 1246//3500 1245//3499 1244//3498 1243//3296
f 3374//1268 3434//1267 3437//4398 3377//4399
f 4545//674 4537//682 4536//1735 4535//946 4542//1676 4559//1675 4555//4400 4544//4401 4554//4402 4560//4403 4566//4404 4567//4405 4561//676 4546//675
f 5357//4406 5355//4407 5455//3860 5459//3859 5456//3858 5356//3861 5454//4408 5451//4409 5444//1336 5446//1335 5449//4410 5443//1334 5432//1333 5428//4411 5427//4412 5426//4413 5431//4414 5434//4415 5436//4416 5441//4417 5438//4418 5440//505 5439//504 5447//503 5460//4419 5462//4420 5466//4421 5465//4422 5472//4423 5473//4424 5474//4425 5469//4426
f 2529//1713 2528//4427 2532//1714
f 3525//4428 3526//3731 3523//3730 3524//4429
f 533//1305 532//2324 536//4430 537//4431 538//1306
f 2530//2665 2531//4432 2536//2666
f 4379//4154 4365//2763 4372//4433 4381//4434 4386//4435
f 2891//4436 2884//4437 2718//4438 2717//4439 2716//4440 2834//4441 2715//4442 2714//4443 2713//4444 2811//4445 2818//35 2824//34 2833//37 2840//4446 2841//4447 2844//4448 2854//4449 2853//4450 2858//2074 2862//2093 2859//2092 2865//2091 2871//4451 2878//2089 2896//2088 2907//2087 2915//2086 2914//2085 2922//2202 2923//2201 2924//2209 2917//4452 2908//4453 2902//4454 2906//4455 2916//4456 2903//4457 2720//4458 2719//4459
f 2439//3818 2440//3823 2433//4460 2428//4461 2427//4293 2432//3819
f 6986//3896 6991//3896 6990//4462 6987//4463
f 2546//4464 2547//4465 2552//4466
f 957//2150 923//2217 924//2151
f 2962//1450 2963//4467 2969//4468 2970//1141 2955//1140 2946//4469 2952//1446
f 2081//1613 2569//4470 2082//4471
f 3585//2861 3586//2860 3577//906 3571//4472 3574//4473
f 2581//4474 2580//4475 2585//4476
f 1815//3489 1810//3495 1811//4477 1817//1648 1804//1647 1803//4478 1802//3487
f 250//4479 251//3156 259//3155 258//4480 247//4481 249//4482
f 2585//2678 2586//1651 2595//1650
f 781//4483 779//4484 778//4485 776//2578 775//94 762//93 761//4486 780//4487
f 2589//4488 2590//1609 2596//1608
f 166//535 190//537 164//536 182//4489 178//528 187//527 186//526 185//530 184//532 189//533 193//3953 194//3959 191//3958 192//3957 197//3956 198//4490 195//4491 167//4492
f 2596//4493 2597//3968 2604//3967
f 4827//4220 4795//4494 4782//4495 4759//4496 4758//4497 4754//369 4753//368 4766//367 4765//366 4774//365 4781//4498 4788//4499 4801//4500 4835//50 4826//4221
f 294//521 276//4501 267//4502 268//4503 269//84 293//83 299//82 300//522
f 2602//3969 2603//4504 2609//3970
f 2605//808 2606//1413 2611//809
f 2596//1608 2597//4505 2591//4506 2584//4507 2589//4488
f 2079//4508 2608//2646 2614//2645
f 4740//4509 4735//4510 4742//4511 4414//4512 4747//4513
f 1358//4514 1359//2533 1432//2532 1429//3206 1425//3205 1424//4515 1428//4516 1431//2976 1357//2975
f 2613//4517 2612//812 2619//4518
f 2612//4519 2613//4517 2621//3213
f 7579//4520 7577//4521 7561//4522 7560//4523 7559//4524 7555//4525 7556//4526 7578//4527
f 7258//4528 7259//929 7263//929 7262//4529
f 2622//4530 2623//4144 2628//4143
f 7182//4531 7181//4532 7184//4533 7188//4534 7109//1624 7110//266 7187//4535 7189//4536 7185//728 7183//727
f 2795//4537 2790//4538 2794//4539 2799//4540
f 7451//4541 7450//4100 7452//4099
f 1108//4542 1105//4543 1104//4544 1111//4545
f 5743//4546 5757//4547 5760//4548 5767//4549 5766//4550 5739//4551 5740//4552 5756//4553 5755//4554 5753//4555 5765//4556 5764//4557 5763//4558 5761//4559 5762//4560 5759//4561 5758//4562 5745//4563 5747//4564
f 1991//1691 1983//1690 1992//1689 1998//1688
f 5857//767 5858//4565 5869//4566 5870//768
f 2716//4440 2832//4567 2715//4442 2834//4441
f 3340//4568 3347//1145 3342//1149 3341//1410
f 111//4569 110//4570 133//293 112//295
f 1817//1648 1821//4571 1812//1649
f 6813//276 6810//275 6814//274 6817//3595
f 2684//4572 2680//4573 2690//4574
f 4610//4575 4618//4576 4619//4577
f 379//4578 380//2526 404//2525 400//2524 399//4579 377//4580
f 2682//3223 2683//4581 2686//3224
f 921//4185 922//2216 972//2218 904//4582 905//4186
f 3102//4583 2728//4584 3103//4585 2729//4586
f 7242//1466 7243//4587 7244//4588 7239//4589 7240//4590 7241//4591 7230//4592
f 2693//4593 2694//4268 2699//4267
f 6074//4594 6075//4595 6111//4596 6110//4597 6101//4598 6073//4599
f 2306//4600 2301//4601 2296//4602 2302//4603 2311//3546 2310//3545
f 7112//4604 7100//4605 7094//176 7096//2342 7113//4606
f 425//2634 431//2633 432//4607 426//3401
f 6942//4608 6943//4609 6938//398 6936//397 6947//4610
f 2518//4611 2511//4392 2512//4612 2519//4613 2529//1713 2533//1712 2527//4614 2523//4615
f 2683//4616 2682//3223 2677//3222
f 2638//4617 2637//3215 2631//3214
f 2557//4618 2551//4619 2545//2332 2559//4620 2566//4621
f 3388//4622 3365//4623 3364//4624 3363//4625 3391//4626 3404//4627 3415//4628 3416//4629 3421//4630 3422//1087 3409//1086 3410//1085 3417//1084 3418//1083 3411//1082 3412//1081 3395//1328 3368//1327
f 2623//3972 2622//4530 2615//3966
f 1299//3158 1295//3157 1294//2262 1293//172 1303//171 1304//170 1308//169 1309//4631 1310//4632 1305//3160 1300//3159
f 2613//2679 2612//4519 2607//4633
f 2608//1605 2079//4508 2602//1606
f 2606//1655 2605//808 2599//1656
f 2603//1607 2602//3969 2596//1608
f 4381//4634 4372//4433 4365//2763 4364//4635 4378//4636 4385//4637
f 2597//4505 2596//4493 2591//4506
f 3550//4638 3573//1401 3572//904 3578//4639 3579//4640 3590//4641 3595//2146 3554//2145
f 2590//4642 2589//4488 2583//4643
f 2585//4644 2586//4645 2581//4646
f 2581//4647 2580//4648 2573//4649
f 2571//4650 2563//4651 2558//4652 2565//2914 2572//2913 2577//2912
f 858//4653 863//4654 864//4655 862//4656 843//4657 842//4658
f 2547//4465 2546//2668 2540//2667
f 6669//843 6663//4659 6662//4660 6658//4661 6654//4662 6653//4663 6650//4664 6649//4665 6652//4666 6656//4667 6661//4668 6667//10 6674//9 6672//4669 6677//4670 6675//4671 6673//840
f 2084//3647 2083//3649 2537//3648
f 2535//4672 2534//2330 2530//4673
f 2199//4674 2192//4044 2193//4675 2204//4676
f 6563//4677 6560//4678 6555//4679 6559//4680 6558//4229 6562//4228 6503//4681 6502//4227 6501//4682 6564//4683
f 2512//4612 2511//4392 2508//4391
f 4606//4684 4602//4685 4605//4686 4596//4687 4595//4688 4584//4689 4425//2869 4600//2872 4609//3411 4614//3415 4618//4690 4619//4691 4610//4692 4601//4693
f 2508//4391 2507//1388 2500//1387
f 2502//4694 2501//3241 2496//3240
f 4487//1892 4488//4695 4450//4696 4437//4697 4438//4698 4486//4699 4475//4700
f 6329//4701 6339//176 6328//176 6327//176 6318//176 6292//176 6291//176 6281//176 6326//176 6273//176 6269//176 6262//176 6257//176 6309//176 6345//176 6271//176 6241//176 6240//176 6239//176 6238//176 6237//176 6236//176 6230//4702 6229//176 6228//176 6227//176 6234//176 6310//176 6301//176 6341//176 6340//176 6335//176 6307//176 6324//176 6316//176 6305//176 6277//176 6313//176 6322//176 6304//176 6323//176 6314//176 6285//176 6315//176 6286//176 6306//176 6349//176 6344//4703 6343//4702 6287//4234 6263//176 6253//4704 6250//176 6248//176 6261//176 6259//176 6251//176 6249//176 6266//176 6258//176 6255//176 6252//176 6337//176 6347//176 6346//4705 6278//176 6279//4706 6267//176 6268//176 6298//176 6280//176 6270//4707 6290//176 6289//176 6297//176 6288//4708 6317//176 6308//176 6296//176 6334//176 6333//176 6332//176 6293//176 6274//176 6300//176 6299//176
f 2477//1445 2476//4709 2472//1441
f 669//4710 670//4711 681//4712 677//4713 678//4714
f 2465//4715 2466//300 2462//303
f 7099//802 7100//4605 7112//4604 7118//4716 7114//803
f 3882//4717 3888//4718 3892//4719 3895//4720 3773//2022 3896//2021 3907//2023 3912//4721 3774//4722 3902//1630 3897//4723 3772//4724 3771//4725 3770//4726
f 2460//3822 2459//4727 2456//2960
f 3892//4719 3888//4718 3883//4728 3770//4729 3771//4730 3895//4720
f 2428//4294 2427//4731 2421//4732
f 3470//1320 3467//4733 3468//4734 3475//4735 3476//4736 3477//3701 3478//3700 3486//3699 3488//3698 3356//3696 3357//1325 3489//3514 3487//1324 3481//1323 3479//1321
f 2403//4737 2402//4264 2394//4738
f 3912//4721 3907//2023 3914//4739 3918//4740
f 1456//4741 1457//4742 1523//4743 1522//860 1521//859 1530//4744 1529//4745
f 3663//4746 3691//4747 3742//1459
f 1773//4748 1774//2653 1764//2652 1763//4749
f 7732//4750 7726//4751 7731//183 7733//182
f 7729//4752 7620//4753 7623//998 7730//997
f 2331//2569 2337//2568 2349//4754 2339//4755 2330//2567 2329//699 2338//698 2348//656 2362//655 2356//4756
f 1221//3176 1227//3175 1226//3174 1229//4757 1241//61 1242//60 1230//4758 1222//4759
f 2298//4760 2290//4761 2106//4762
f 2140//4763 2468//574 2473//573 2478//576 2474//575 2467//4764 2483//1384 2501//1390 2502//4694 2496//3240 2490//3239 2141//3238
f 3281//4765 3282//2342 3289//4766
f 2245//4767 2244//4768 2240//2721
f 222//4769 224//4770 227//4771 226//4772
f 5912//4038 5911//4773 5924//4774 5925//4035
f 2939//4775 2940//2096 2933//2095 2928//2203 2923//2084 2921//2083 2927//4776
f 2219//4777 2220//4085 2215//4084
f 2215//4778 2216//4092 2212//4779
f 2215//4780 2214//4781 2211//4782
f 2215//4084 2213//4783 2209//4784
f 2201//4785 2200//4786 2194//4046
f 2195//4787 2196//4788 2189//4789
f 2193//4790 2192//4791 2185//4792
f 1482//1130 1490//1129 1489//1134 1494//1133 1495//1453 1496//1452 1488//76 1487//75 1483//74
f 7583//4793 7584//4794 7585//4795 7573//4796 7557//4797 7554//2247 7582//2250
f 2192//4041 2191//4798 2182//4039
f 2190//3191 2112//4799 2182//3192
f 2187//4800 2186//4045 2179//4801
f 2183//4802 2182//4803 2176//4804
f 2177//4805 2176//1991 2171//4806
f 2176//3193 2175//4807 2170//2486
f 706//4808 707//4809 729//4810 727//4811 725//4812
f 2119//3997 2168//4813 2167//3995
f 5923//4814 5924//4774 5911//4773 5910//4815
f 2788//4816 2787//4817 2757//4818
f 2790//3409 2789//4819 2759//3410
f 2318//2571 2325//4820 2319//358 2135//357 2134//4821 2307//4822 2317//2563
f 2791//4823 2790//2186 2761//2185
f 892//587 944//586 945//4824 891//4825
f 2789//3751 2790//3409 2793//2105
f 1420//1594 1417//4826 1415//2728 1412//2727 1414//2726 1411//2071 1413//2070 1418//4827 1424//4515 1425//3205 1421//1596 1419//1595
f 2790//4538 2791//4828 2794//4539
f 6955//2817 6962//3916 6961//3915 6965//4829 6966//4830 6968//4831 6972//1667 6974//4832 6900//4833 6901//1670 6896//4834 6895//2818
f 2805//2182 2804//4835 2712//2183
f 2286//4836 2280//2708 2274//2707 2282//2706 2300//4837 2292//4838 2299//4839 2291//4840 2290//4841 2106//4842 2107//4843 2108//4844 2264//4845 2285//4846
f 2801//4847 2802//4848 2808//4849
f 2805//4850 2811//4851 2713//4852
f 2369//1955 2363//208 2378//4853
f 2809//4854 2810//4855 2814//4856
f 2811//4445 2713//4857 2817//4858
f 4215//1018 4211//4859 4217//4860 4225//1019
f 2812//3965 2813//4861 2821//4862
f 3059//4863 3052//4864 3058//2851 3069//2850 3076//4865 3077//645 3070//4866 3066//4867
f 2822//4868 2821//4869 2832//4870
f 2821//4871 2822//4868 2830//4872
f 2826//4246 2827//4873 2835//4247
f 3865//4136 3864//4874 3874//4875 3880//4876 3881//4877 3882//4878 3876//4137
f 2832//4879 2831//4880 2844//4881
f 7692//4882 7667//4883 7732//4750 7733//182 7736//186 7622//4884 7698//4885 7697//4886 7695//4887 7696//4888 7694//4889 7693//4890 7668//4891
f 2841//4447 2840//4446 2844//4448
f 6530//4235 6493//4235 6494//4234 6538//4233 6539//4892 6540//4893 6543//4230 6558//4229 6502//4894 6552//4895 6555//4679 6560//4678 6556//4896 6547//3081 6550//3084 6549//4897 6548//3083 6545//3082 6542//4898 6541//878 6532//877 6533//876 6523//875 6527//4899
f 2844//2076 2845//4900 2852//2077
f 2846//2509 2844//4901 2854//2506
f 5854//3492 5855//2237 5872//2236 5873//3493
f 6520//1394 6507//1393 6515//929 6506//1397 6519//1396 6517//1395
f 1592//4902 1593//4903 1585//4903 1588//4902
f 4280//4904 4281//4905 4160//4906 4274//4907
f 2853//4450 2854//2075 2858//2074
f 5983//4908 5982//4909 5981//4910 5980//4911 5954//4912 5953//4913 5952//4914 5951//4915 5950//4916 5949//4917 5948//4918 5973//4919 5985//4920 5984//4921
f 3030//4922 3025//1408 3028//1407 3036//4923
f 3173//4924 3164//4925 3170//4926 3178//4927
f 7595//4928 7594//4929 7593//4930 7590//4931 7589//4932 7588//4933 7587//4934
f 4727//4935 4722//4936 4730//4937 4734//4938
f 5162//4939 5141//4940 5151//4941
f 2866//4942 2868//4943 2874//4944
f 2867//4945 2866//4946 2868//4947
f 2868//4948 2867//4949 2875//4950
f 2869//4951 2868//4952 2876//4953
f 2870//4954 2869//4955 2868//4956
f 2875//4957 2868//4958 2879//4959
f 2868//4956 2876//4960 2879//4961
f 2879//4962 2880//796 2885//795
f 7000//4963 7002//4964 7009//4965 7011//4966 7013//4967 7001//4968
f 5078//4969 5077//706 5089//705 5074//704 5073//4970 5072//4971 5092//4972 5093//4973 5087//4974 5088//4975 5079//4976
f 429//2742 423//2743 421//4977 422//4978 427//4979 434//4980 433//4979 428//4981
f 4306//4982 4307//4983 4301//4984 4300//4985
f 7518//4986 7516//4987 7517//4988 7519//4989 7520//4990
f 2778//4991 2779//1206 3175//1205 3169//4992 3163//4993 3156//4994 3145//4995
f 2803//4996 2798//4997 2799//4998 2804//3753 2809//4854
f 7295//4999 7294//5000 7347//5001 7349//5002 7348//5003 7369//5004 7297//5005 7296//5006
f 6713//5007 6710//3931 6706//1411 6712//5008
f 7743//5009 7741//98 7740//97 7648//5010 7653//5011 7749//5012 7748//5013
f 1984//5014 1977//3738 1986//3739 1994//5015 1993//3757
f 2839//5016 2844//4881 2831//4880 2832//5017
f 1971//5018 1962//5019 1961//3717 1969//3719 1975//3888 1976//5020
f 2916//1342 2917//4452 2924//2209
f 2647//3216 2637//5021 2638//5022 2644//5023 2652//1040
f 7143//5024 7138//5025 7089//176 7090//5026 7091//5027 7149//5028 7144//5029
f 3635//5030 3630//5031 3629//5032 3628//1934 3535//3421 3539//5033 3636//5034
f 4895//5035 4902//3653 4899//5036 4896//3652 4897//3651 4885//3664 4884//5037 4875//165 4874//164 4873//5038 4883//5039 4882//5040 4890//5041 4889//5042
f 3127//220 2777//1030 2778//4991 3145//4995 3141//5043
f 5802//5044 5801//5045 5779//5046 5780//5047 5834//5048
f 6572//5049 6570//5049 6571//5049 6573//5049
f 1770//5050 1771//2336 1760//2339 1755//3466 1795//3428 1796//3427 1754//3426 1756//5051
f 4742//4511 4735//4510 4728//5052 4723//5053 4727//4935 4734//4938 4730//4937 4733//5054 4414//4512
f 5904//3034 5903//2419 5916//2418 5917//3035
f 3027//5055 3023//5056 3022//2904 3033//2906 3034//5057
f 3218//5058 3225//5059 3230//5060 3237//5061
f 3975//3845 3964//5062 3974//3847 3979//3846
f 2943//237 2944//1338 2951//231
f 6212//2045 6156//2044 6157//5063 6213//5064 6178//5065 6177//5066 6176//4173 6226//2046
f 833//5067 839//5068 838//5069 837//5070 836//5071 840//5072 832//5073
f 2789//3751 2793//2105 2802//2104 2797//5074 2801//5075 2809//5076 2810//3752
f 1053//119 1060//118 1047//3059 1036//3058 1035//2112 1043//2119 1042//2118 1052//120
f 2962//5077 2963//1449 2968//5078
f 875//3533 852//3537 851//2948 877//2947
f 2974//150 2724//5079 2975//151
f 2969//5080 2970//5081 2979//5082
f 2996//5083 2991//5084 2995//2491 3002//2490 3011//5085 3003//5086 3009//5087 3016//5088 3010//3031 2997//1946 2989//1945
f 3016//5088 3009//5087 3015//5089 3011//5085 3014//5090 3022//5091 3023//5092
f 5327//5093 5309//5094 5310//5095 5326//5096
f 1633//5097 1639//5097 1640//5098 1627//5098
f 5372//3373 5373//5099 5500//5100 5496//5101 5495//5102 5490//5103 5488//3368
f 1145//5104 1158//5105 1157//5106 1156//5107
f 4963//5108 4996//5109 4962//5110 4995//5111
f 1072//3987 1071//5112 1116//5113 1114//5114 1107//3984
f 3001//5115 3002//5116 3008//5117
f 2414//580 2411//579 2415//5118 2419//5119 2418//5120
f 4297//2956 4304//5121 4311//5122 4303//5123 4296//5124 4289//2953
f 3019//5125 3018//5126 3026//5127
f 2936//1343 2916//1342 2924//2209 2929//5128 2933//5129 2942//2207 2949//5130 2950//232
f 3022//5131 3023//5056 3027//5055
f 4547//5132 4548//2855 4549//2292 4531//1524 4530//1523 4529//5133 4539//680
f 3060//5134 3053//5135 3052//4864 3059//4863 3064//5136 3068//5137 3065//5138 3071//2800 3066//2799 3061//5139
f 3028//1407 3029//5140 3035//5141
f 3033//5142 3034//5143 3041//5144
f 3036//5145 3037//5146 3043//5147
f 4503//5148 4509//5149 4513//5150 4433//5151 4499//5152 4489//5153 4478//5154 4444//5155 4469//5156 4479//5157 4477//5158 4470//5159 4481//5160 4495//5161 4490//5162
f 1314//5163 1313//5164 1312//5165 1316//5166 1327//5167 1328//5168 1321//5169 1322//5170
f 3014//3032 3010//3031 3016//5088 3023//5092 3022//5131
f 7068//3304 7067//3303 7072//3316 7071//5171
f 3898//5172 3895//1152 3899//1155 3905//5173
f 5310//5095 5311//5174 5314//5175 5342//5176 5341//5177 5317//5178 5318//5179 5323//5180 5324//5181 5325//5182 5326//5096
f 3052//5183 3053//5135 3060//5134
f 1942//5184 1943//3532 1938//5185 1937//5186
f 5908//5187 5921//5188 5922//5189 5909//5190
f 3066//5191 3067//2798 3072//2797
f 3178//4927 3177//5192 3171//5193 3173//4924
f 2792//5194 2796//2108 2793//5195 2788//4816 2757//4818 2756//5196
f 6002//5197 6001//5198 6000//5199 5999//5200 5998//5201 5997//5202 5996//5203 6028//5204 6034//5205 6033//5206 6032//5207 6035//5208 6017//5209 6016//5210 6015//5211 6014//5212 6013//5213 6012//5214 6011//5215 6010//5216 6009//3009 6023//3008 6022//5217 6021//5218 6027//5219 6026//5220 6025//5221 6024//5222 6051//2998 6004//2997 6003//5223
f 3136//2784 3143//2039 3149//2038
f 3082//1037 3083//5224 3088//1038
f 3949//5225 3952//5226 3959//5227
f 3089//647 3090//5228 3096//648
f 5575//5229 5582//5230 5580//5231
f 3099//5232 3100//5233 3107//5234
f 2735//5235 2734//5236 2733//5237 2732//5238 2731//5239 2730//5240 3109//5241 2729//4586 3103//4585 2728//4584 2727//5242 3075//5243 3074//5244 3086//5245 3087//5246 3101//5247 3108//5248 3116//5249 3126//3586 3121//3585 3125//3584 3133//3587 3138//5250 3139//5251 3161//4309 3185//4308 3191//4307 3192//5252 3199//5253 3200//5254 3193//5255
f 3104//3025 3105//5256 3110//1032
f 3110//650 3111//1031 3117//651
f 4470//5257 4476//5258 4468//5259 4448//5260 4435//5261 4499//5262 4489//5263 4478//5264
f 703//5265 704//824 715//837 719//836 720//835 716//834 717//833 714//5266 713//5267
f 336//5268 369//5269 368//5270 329//5271 330//5272
f 3128//2782 3129//218 3134//217
f 3136//2784 3135//2783 3143//2039
f 5732//5273 5731//5274 5726//5275 5725//5276 5730//5277 5738//5278 5737//5279 5720//5280 5721//5281 5722//5282 5718//5283 5734//5284 5733//5285 5710//5286 5711//5287
f 3139//5251 3138//5250 3143//5288
f 14//5289 13//5290 41//5291 42//5292
f 3584//1925 3574//5293 3585//5294 3592//1926
f 307//523 305//81 304//80 306//87 271//86 272//5295 312//5296 313//5297 314//2585 308//524
f 1250//62 1241//61 1240//3501 1246//3500 1247//4397 1249//4396
f 4450//4696 4488//4695 4506//1527 4451//1526
f 353//4373 352//5298 351//5299 319//5300 321//5301 320//5302 359//5303 322//5304 323//5305 324//5306 363//5307 364//4374
f 3163//5308 3164//4925 3173//4924
f 3168//5309 3169//4992 3175//1205
f 1334//5310 1326//5311 1325//5312 1333//5313 1338//5314 1339//5315
f 525//5316 529//5317 530//2325 531//1456 507//5318 506//5319
f 5423//5320 5419//5321 5424//5322 5429//5323
f 7215//5324 7217//5325 7218//5326 7195//5327 7196//5328
f 6734//5329 6736//5330 6717//5331 6718//5332 6733//5333
f 3549//1402 3561//1485 3573//1401 3550//4638 3559//5334
f 3190//5335 3192//5336 3197//5337
f 3191//4307 3190//4306 3192//5338
f 3192//5339 3191//5340 3198//5341
f 3193//5255 3192//5342 2735//5235
f 3194//5343 3187//5344 3202//5345
f 1102//4318 1099//4329 1087//4328 1086//5346 1085//5347 1096//5348 1098//5349 1100//5350 1104//4544 1105//4543
f 3198//5351 3192//3571 3204//3570
f 3201//5352 3202//5353 3208//5354
f 3202//5355 3201//5352 3207//38
f 4812//5356 4806//5357 4824//5358 4825//5359 4818//5360
f 5213//2886 5227//1885 5228//1274 5214//1273
f 3207//5361 3208//4383 3216//4382
f 1182//5362 1183//5363 1198//4166 1195//4165
f 3727//1512 3719//5364 3710//1513
f 3215//40 3216//1220 3222//1219
f 3218//5365 3219//5366 3225//5367
f 6353//560 6400//558 6403//5368 6405//561
f 3223//5369 3224//42 3229//5370
f 3224//5371 3223//5369 3228//5372
f 2318//2571 2332//2570 2340//211 2330//5373 2325//4820
f 3226//3556 3227//2602 3232//3557
f 3228//5374 3229//1218 3237//5375
f 3040//5376 2741//5377 2742//5378 3020//416 3039//415 3046//5379 3063//5380 3074//5244 3075//5243 2726//5381 3056//5382 2725//5383 2740//5384 3031//5385
f 2738//5386 3233//5387 3234//5388
f 562//1012 563//5389 582//5390 581//5391 586//5392 585//1013
f 3673//5393 3672//3127 3671//3129 3745//3128
f 7203//5394 7204//5395 7205//1821 7211//1820 7213//5396 7212//5397 7214//5398 7200//5399 7201//5400 7202//5401
f 3247//5402 3248//5403 3253//5404
f 3250//5405 3249//3561 3248//5406
f 3242//5407 3251//1216 3257//1215
f 1418//4827 1413//2070 1409//2069 1408//2068 1405//2781 1416//5408 1423//5409 1355//5410 1356//2977 1431//2976 1428//4516 1424//4515
f 3248//5406 3255//5411 3261//5412
f 3259//5413 3260//3072 3264//3076
f 3263//5414 3264//5415 3269//5416
f 4160//5417 4258//5418 4267//5419 4271//5420 4274//5421
f 4211//4859 4202//5422 4201//5423 4209//5424 4217//4860
f 3269//5416 2750//5425 2751//5426
f 3271//5427 2750//5425 2748//5428
f 3271//5427 2748//5428 2749//5429 3270//5430 3265//5431
f 2433//5432 2440//3823 2450//2959 2441//2958 2448//2957 2442//2449 2434//2448
f 5660//5433 5658//1564 5657//1563 5654//1562 5653//4359 5650//4363 5649//4362 5659//5434 5667//2829 5668//2828 5661//5435 5662//5436 5663//5437
f 3264//5415 3263//3075 3258//3074
f 3259//5438 3260//5439 3245//5440
f 3255//3560 3248//5406 3249//3561
f 3247//5441 3248//5442 3241//5443
f 2739//5444 2738//5386 3234//5388 3233//113 3249//3561 3250//5405 3256//5445
f 3233//5446 2737//115 3234//114
f 3229//5370 3228//5372 3223//5369
f 3228//5447 3229//5370 3224//42
f 3227//2602 3226//111 3220//110
f 4183//5448 4184//5449 4247//5450 4253//1296 4233//1295 4203//5451
f 3219//3574 3218//5452 3211//3569
f 3216//5453 3215//5454 3207//4384
f 7316//5455 7307//5456 7324//3115 7325//3114 7336//3113 7333//5457 7334//5458 7327//5459 7326//5460 7319//5461 7322//5462 7317//5463 7310//5464 7309//5465 7308//3118 7315//3117
f 3208//5354 3207//38 3201//5352
f 3207//4384 3208//5354 3202//5353
f 2278//1521 2284//1520 2288//5466 2289//5467 2277//5468 2268//5469 2263//5470 2270//5471 2275//5472 2269//5473 2276//5474 2259//5475 2253//4151 2245//5476 2254//5477 2247//5478 2255//5479 2131//5480 2132//5481 2133//5482 2134//5483 2307//4822 2297//5484 2301//5485 2296//1518 2303//1522
f 3201//5486 3202//5487 3187//5488
f 3196//4303 3197//3572 3192//4304
f 3192//4304 3190//4306 3184//4305
f 6069//5489 6105//5490 6102//5491 6125//5492 6079//5493
f 5896//5494 5934//5495 5935//5496 5897//5497
f 3173//4924 3171//5193 3163//5308
f 3859//5498 3864//4874 3865//4136 3852//4135 3846//5499 3845//5500 3836//5501 3835//2497 3844//3960 3843//3038 3850//3037 3857//1812 3858//1818
f 6108//5502 6106//5503 6126//5504 6070//5505 6071//5506
f 3063//5380 3046//5379 3039//415 3044//414 3054//2370 3061//2369 3055//5507 3081//5508 3073//5509 3079//5510 3074//5244
f 3157//2037 3156//5511 3149//2038
f 3786//5512 3785//5513 4000//5514 4009//5515 4016//5516 3788//5517
f 7670//966 7669//5518 7635//5519 7634//5520 7633//5521 7632//5522 7631//5523 7626//3163 7683//3169 7684//3168 7685//967
f 3129//5524 3128//2782 3123//2808
f 3118//652 3117//902 3112//653
f 3889//1153 3886//5525 3893//1154
f 3111//3023 3110//5526 3105//3024
f 6970//5527 6967//5528 6971//5529 6973//5530
f 3105//1033 3104//5531 3095//1034
f 2844//5532 2849//5533 2843//5534 2838//5535 2830//5536 2832//5537
f 2352//361 2351//1953 2358//1965 2366//1964 2359//5538 2365//5539 2372//1963 2382//1962 2373//5540 2380//5541 2388//5542 2396//5543 2389//5544 2398//583 2404//582 2399//5545 2407//5546 2137//5547 2136//362
f 4802//5548 4783//5549 4767//5550 4739//5551 4713//5552 4686//5553 4661//2413 4660//2412 4685//5554 4703//5555 4726//370 4754//369 4758//4497 4759//4496 4782//4495 4795//4494 4827//4220 4836//4219 4837//2891 4820//2890 4821//2889 4814//2888
f 3089//5556 3090//5557 3083//5558
f 3077//2849 3076//4865 3069//2850
f 3053//5559 3052//5183 3050//5560
f 6704//5561 6683//5562 6685//5563 6702//5564
f 3037//5146 3036//4923 3028//1407
f 3034//5057 3033//5142 3027//5055
f 3029//5565 3028//1407 3024//5566
f 2742//5378 3013//5567 3020//416
f 3019//5568 3018//409 3013//417
f 3018//5569 3017//5570 3011//5571
f 3013//5572 3020//5573 3006//5574
f 2995//5575 2994//5576 2987//5577
f 3951//5578 3942//5579 3941//2620 3950//2175 3953//2174 3954//5580
f 2830//5536 2838//5535 2850//3258 2859//3257 2851//5581 2862//3260 2857//3259 2870//4954 2881//5582 2882//5583 2887//5584 2883//5585 2877//2080 2871//2079 2863//2078 2852//2077 2845//4900 2844//5586 2839//5016 2832//5017
f 2970//5081 2969//4468 2963//4467
f 2961//5587 2974//5588 2724//5589
f 5197//5590 5198//5591 5199//5592 5200//5593 5209//5594 5201//5595 5202//5596 5208//5597 5207//5598 5206//5599 5205//5600 5211//5601 5210//5602 5194//5603 5192//5604 5189//5605 5190//5606 5191//5607 5188//5608 5195//5609 5196//5610
f 652//3394 667//3393 666//3392 668//5611 643//5612 644//5613
f 2650//1428 2647//1430 2655//1429
f 6431//5614 6425//5615 6428//5616 6427//5617
f 2943//237 2722//1339 2944//1338
f 5673//502 5670//501 5669//5618 5676//5619 5675//5620 5682//5621 5685//2928 5686//2934 5683//5622 5677//5623 5678//5624 5674//497
f 7742//99 7741//98 7743//5009 7748//5013 7746//5625 7747//187 7744//5626
f 1070//5627 1122//5628 1116//5113 1071//5112
f 1204//4161 1198//4166 1183//5363 1184//2963 1208//2962 1215//2961 1216//5629 1209//4163 1205//4162
f 2917//4452 2916//4456 2906//4455
f 2313//5630 2293//5631 2105//5632 2104//5633 2308//5634 2312//5635
f 2883//5636 2718//4438 2884//4437
f 2880//5637 2879//4961 2876//4960
f 7118//4716 7112//4604 7096//5638 7095//176 7089//176 7138//5639 7134//5640 7127//5641 7122//5642 7117//5643
f 2479//3629 2492//815 2486//5644 2481//5645 2475//5646 2480//5647 2485//5648 2493//5649 2497//5650 2504//3628 2516//3627 2511//3626 2505//5651 2509//5652 2517//3625 2522//3624 2538//3650 2528//4427 2523//5653 2510//1383 2498//1382 2506//5654 2499//5655 2495//5656 2489//5657 2482//5658 2487//5659 2494//5660 2471//4355 2464//4354 2463//5661 2459//3091 2455//3090 2448//3821 2438//3820 2436//5662 2447//5663 2437//5664 2431//5665 2430//3631 2446//3630
f 2853//2507 2854//5666 2844//2508
f 2850//3258 2838//5535 2843//5534 2847//5667 2856//5668 2849//5533 2844//5532 2829//5669 2848//5670 2867//4945 2868//5671 2869//4955 2870//4954 2857//3259
f 2846//5672 2844//4448 2840//4446
f 2844//5673 2845//5674 2839//5675
f 2832//5676 2831//5677 2823//5678
f 2830//4872 2832//5679 2821//4871
f 2832//4870 2830//4872 2822//4868
f 2827//4873 2826//5680 2819//5681
f 5114//514 5113//5682 5130//5683 5131//2219 5128//515
f 2822//5684 2821//5685 2815//5686
f 2813//2101 2812//3965 2809//2102
f 2810//3752 2809//4854 2804//3753
f 4195//5687 4180//5688 4179//3816 4200//3815
f 7562//1917 7561//4522 7577//4521 7576//5689 7575//1918
f 2802//2104 2801//5075 2797//5074
f 2956//1139 2964//1138 2957//2475 2963//1136 2958//1135 2941//2205 2934//2204 2938//2094 2948//2097 2940//2096 2939//4775 2927//4776 2930//5690 2937//5691 2945//1447 2952//1446 2946//4469 2955//1140
f 4562//5692 4568//5693 4567//4405 4576//4339 4577//4338 4590//2400 4591//2399 4578//2417
f 3460//2969 3452//2974 3451//2973 3459//5694 3464//5695 3465//244 3461//243
f 5930//5696 5931//5697 5893//5698 5892//5699
f 6408//2125 6399//3236 6398//5700 6409//5701 6392//3234 6391//3233 6394//5702 6402//5703 6407//5704 6416//5705
f 3238//5706 3235//5707 3228//5374 3237//5375 3240//5708 3243//5709
f 5922//5189 5923//4814 5910//4815 5909//5190
f 3278//5710 3286//5711 3287//5712
f 3280//103 3287//5713 3288//5714
f 3279//5715 3288//5716 3287//5713
f 1232//3505 1233//3504 1228//5717 1225//5718 1224//5719 1216//5629 1215//2961 1223//2965 1185//2964 1186//5720 1231//5721 1234//5722 1235//3507 1236//3506
f 4998//5723 4993//3346 4992//3345 4989//3344 4988//3343 4964//3342 4963//5108 4995//5111 4962//5110 4961//5724 5000//5725 5001//5726 5002//5727
f 4537//682 4538//681 4528//3087 4527//5728 4519//5729 4518//5730 4511//5731 4510//5732 4517//1738 4525//1737 4526//1736 4536//1735
f 3277//176 3286//5733 3287//5734
f 3316//3254 3315//683 3293//689
f 3320//5735 3319//5736 3300//5737
f 3315//683 3316//5738 3322//5739
f 2279//5740 2271//5741 2256//5742 2249//2299 2237//2298 2218//5743 2209//5744 2198//4051 2192//4041 2183//4040 2182//3192 2112//4799 2111//5745 2110//5746 2109//5747 2108//5748 2264//5749 2285//5750 2286//5751 2280//5752 2272//2704 2267//2703 2107//5753
f 882//5754 883//3099 884//3098
f 3323//5755 3310//5756 3307//5757
f 2127//5758 2208//3806 2212//3805 2215//5759 2223//5760 2230//5761 2224//5762 2229//5763 2225//5764 2231//2768 2129//5765 2128//5766
f 3314//596 3313//595 3302//597
f 3325//5767 3312//5768 3313//5769
f 2001//5770 1987//5771 1978//3887 1977//3738 1984//5014 1993//3757 2000//3759 2009//3910
f 4718//133 4728//5052 4735//4510 4740//4509 4737//5772 4729//5773 4736//5774 4742//5775 4743//135 4730//134
f 3306//5776 3310//5756 3323//5755
f 3321//685 3322//3252 3303//686
f 3301//598 3319//5777 3320//599
f 3322//5778 3321//5779 3315//5780
f 3297//2501 3298//5781 3319//5782
f 4656//5783 4649//5784 4650//5785 4659//740 4666//5786
f 2260//2715 2257//2714 2251//2719 2261//2718 2273//2717 2265//2716
f 3293//5787 3294//5788 3318//5789
f 3292//5790 3293//689 3317//688
f 3293//689 3291//3255 3316//3254
f 4177//5791 4203//5451 4204//5792 4194//4378 4188//4377
f 4480//632 4443//631 4444//5793 4470//5794 4481//2268 4490//2267 4495//5795 4503//5796 4509//5797 4516//5798 4517//1738 4510//5732 4500//634 4491//633
f 3788//5799 3789//5800 4026//5801 4023//5802 4016//5803
f 5933//1506 5934//5495 5896//5494 5895//1507
f 3242//5804 3239//5805 3244//5806 3251//5807
f 448//5808 450//3983 477//3982 475//5809 476//5810 471//5811 467//5812 466//5813 465//5814 446//5815
f 705//825 706//4808 725//4812 723//827 721//826
f 2294//5816 2287//2710 2286//2709 2280//5817 2272//5818 2281//5819 2282//5820 2300//5821 2292//5822 2105//5632 2293//5631 2313//5630 2314//5823 2321//702 2315//701 2316//2566 2311//3546 2302//4603 2295//5824
f 2887//5584 2882//5583 2890//5825 2894//5826
f 1514//5827 1513//861 1522//860 1523//4743 1524//5828 1517//5829 1501//5830 1500//5831
f 2519//4108 2514//4110 2525//4109
f 4675//5832 4670//5833 4668//5834 4671//5835 4681//5836
f 767//5837 765//5838 768//91 769//90 770//2577 771//2576 742//2575 741//5839 756//5840
f 4793//5841 4787//5842 4779//5843 4778//5844 4786//5845 4791//5846 4799//5847 4800//5848
f 2333//359 2319//358 2325//4820 2330//5373 2340//211 2349//210 2341//1954 2351//1953 2352//361 2342//5849
f 2033//1 1874//3 1875//5850 2034//3829 2029//3828
f 6454//5851 6447//563 6446//5852 6451//5853
f 1936//1062 1920//1061 1929//2323
f 4257//5854 4265//5855 4270//5856 4267//5857 4258//5858
f 5869//4566 5858//4565 5859//2385 5868//2384
f 6054//5859 6053//5860 6115//5861 6100//5862 6099//5863 6098//1980 6055//1979
f 1763//4749 1761//2338 1772//2337 1773//4748
f 3421//2259 3422//5864 3425//2260
f 2952//3199 2953//3198 2930//788 2768//787 2769//5865
f 1913//2319 1900//2318 1906//5866
f 5107//1854 5108//2515 5099//2514 5100//4387
f 2209//4784 2205//5867 2210//5868 2215//4084
f 3269//5416 3264//5415 3258//3074 3245//3073 3240//5869 3242//5407 3257//1215 3262//1214 2752//1213 2750//5425
f 4182//1798 4181//5870 4191//5871 4192//1799
f 3798//5872 3821//5873 3822//5874 3823//5875 3824//5876 3799//5877
f 1788//3482 1789//5878 1790//5879 1791//5880 1792//5881 1768//5882 1765//3483
f 7718//5883 7715//5884 7716//5885 7621//5886 7619//5887 7620//4753 7729//4752 7728//5888 7719//5889
f 912//2111 895//1003 969//1002
f 5088//4975 5087//4974 5093//4973 5092//4972 5072//4971 5071//5890 5070//5891 5069//4118 5094//4127 5090//4126 5091//4125 5081//4124 5086//5892 5080//5893 5079//4976
f 4070//5894 4061//3207 4072//5895 4080//5896
f 2877//2080 2883//5585 2888//2081
f 843//4657 862//4656 864//4655 863//4654 865//1914 866//1913 867//1912 868//1310 845//1309 844//5897
f 3457//5898 3458//5899 3462//5900
f 2008//3873 2009//3910 2000//3759 1994//3758 1993//5901 1999//3874
f 3217//5902 3195//5903 3172//5904 3150//5905 3156//5511 3163//5308 3171//5193 3177//5192 3178//336 3182//5906 3187//5907 3202//45 3209//44 3223//5908 3224//5909 3236//5910 3230//5060 3225//5911 3218//5912 3211//5913
f 3794//4029 4082//5914 4072//5915 4073//4030
f 2218//3685 2213//4083 2220//4085 2233//2297 2226//5916
f 7651//5917 7650//5918 7706//5919 7707//5920 7708//5921 7700//5922
f 3667//5923 3666//194 3743//193 3695//5924
f 2562//2671 2568//2670 2574//5925 2581//5926 2573//2676 2567//2675 2561//2674 2553//2673 2548//2672
f 2040//5927 2054//5928 2055//5929 2044//5930 2049//5931
f 3480//5932 3481//5933 3485//5934
f 2750//5425 3271//5427 3265//5431 3259//5413 3264//3076 3263//5414 3268//5935 2751//5426
f 6670//842 6662//841 6675//4671 6679//6 6600//5 6601//5936 6598//5937 6597//5938 6596//5939 6664//5940 6663//4659 6669//843
f 2933//5129 2929//5128 2924//2209 2935//2208 2942//2207
f 3355//3697 3356//3696 3488//3698
f 6440//1666 6439//1665 6441//5941 6442//1667
f 3481//1323 3480//1322 3479//1321
f 3894//5942 3891//5943 3895//1152 3898//5172
f 3458//5899 3457//5944 3450//5945
f 315//2581 288//5946 289//5947 316//2582
f 6888//747 6887//5948 6906//5949 6909//5950 6912//5951 6915//5952 6914//5953 6918//5954 6921//5955 6927//5956 6928//5957 6929//394 6923//978 6922//5958 6931//977 6916//976 6919//975 6930//5959 6924//5960 6920//5961 6917//751 6911//750 6904//1091 6910//5962 6907//748
f 3422//5864 3421//4630 3416//4629
f 782//697 783//696 784//695 748//5963 747//5964 781//4483 780//4487
f 7257//5965 7258//4528 7262//4529 7261//5966
f 2254//382 2245//5967 2244//4146 2251//2719 2257//2714
f 2755//5968 2792//5194 2756//5196
f 3085//5969 3081//5508 3055//5507 3061//2369 3066//5191 3072//2797 3079//2796 3084//2794 3080//2793 3094//2792
f 5927//5970 5928//5971 5890//5972 5888//5973
f 3491//5974 3492//5975 3502//5976
f 5493//2540 5492//2539 5491//5977 5502//5978 5377//5979 5378//5980 5505//5981 5504//5982 5503//5983 5501//5984 5498//2542 5497//2541
f 796//542 790//541 788//5985 789//5986
f 3823//5875 3822//5874 3840//5987 3841//2387 3833//2386 3825//3961 3824//5876
f 6634//5988 6622//5989 6613//176 6575//176 6576//176 6637//5990
f 3930//1051 3917//2454 3924//2457 3923//5991 3922//5992 3938//5993 3939//5994 3940//1052
f 2011//3795 2001//5770 2009//3910 2019//3913
f 3512//5995 3505//5996 3504//5997
f 2958//1135 2959//5998 2949//5130 2942//2207 2947//2206
f 3517//3772 3509//3774 3508//3773
f 3517//3772 3507//5999 3509//3774
f 3715//6000 3644//6001 3645//6002 3714//6003
f 4755//6004 4748//6005 4757//6006 4762//6007
f 4554//4402 4544//4401 4555//4400 4560//4403
f 4973//6008 4972//6009 4997//6010 4999//6011 4998//5723 5002//5727 5003//1995 5004//2004 5007//1468 5008//1467 5005//1484 5006//1483 5009//1482 4974//1481
f 7009//4965 7010//6012 7002//4964 7003//6013 7007//6014
f 276//4501 294//521 295//520 277//6015
f 3014//3032 3022//6016 3028//6017 3029//5565 3024//5566 3011//6018
f 3532//6019 3533//3728 3528//3727
f 3533//3678 3532//6019 3531//3679
f 3530//6020 3520//3681 3519//3680
f 3567//6021 3566//6022 3583//2625 3596//2624 3597//2630 3598//1928 3591//1927 3592//1926 3585//5294 3574//5293 3575//6023 3569//6024 3568//6025
f 4375//6026 4165//6027 4338//6028 4337//6029 4344//6030 4349//6031 4353//6032 4357//6033 4354//6034 4368//6035
f 3503//6036 3506//6037 3507//5999 3517//3772 3513//3771 3512//5995 3504//5997
f 3562//325 3552//324 3551//308
f 7372//6038 7373//6039 7368//6040 7369//5004 7348//5003 7353//6041 7352//6042 7359//6043 7361//6044 7365//1377 7364//6045 7371//6046 7370//6047 7286//6048 7287//6049
f 3571//4472 3570//6050 3574//4473
f 3570//905 3571//4472 3577//906
f 38//1556 39//6051 10//6052 9//6053 8//6054 7//1557
f 210//2481 211//6055 212//6056 176//6057 173//6058 172//6059 207//2025
f 4330//6060 4331//6061 4322//6062 4296//6063 4303//551 4302//6064 4320//6065 4315//6066 4309//6067 4321//6068 4345//6069 4346//6070
f 6393//555 6394//5702 6391//3233 6402//3232
f 4800//6071 4791//5846 4786//5845 4785//6072 4804//6073
f 4629//6074 4626//6075 4631//6076 4637//744
f 5709//6077 5710//5286 5733//5285 5734//5284 5718//5283 5716//6078
f 1811//4477 1812//1649 1821//4571 1817//1648
f 4606//4343 4602//6079 4612//6080
f 4799//6081 4804//6073 4810//6082 4817//6083 4823//6084 4830//6085 4825//6086 4818//6087 4811//6088 4806//6089 4800//6090
f 491//6091 499//6092 500//3202 492//3201
f 2411//579 2406//584 2398//583 2389//5544 2396//5543 2405//6093 2404//6094 2415//5118
f 4117//2811 4122//2810 4129//2809 4135//496 4130//495 4136//494 4131//6095 4123//6096 4118//6097
f 5131//2219 5130//5683 5118//6098 5119//6099 5135//6100 5138//6101 5139//2220
f 410//2521 409//2428 418//2427 419//6102 416//6103 417//6104 413//6105 414//6106 411//6107 406//6108 405//2522
f 1437//299 1444//298 1445//6109 1438//6110
f 3622//6111 3631//6112 3614//6113 3613//6114
f 3031//411 3026//410 3018//6115 3017//1409 3025//1408 3030//4922 3036//4923 3037//6116 3044//6117 3054//6118 3045//412
f 7131//6119 7117//6120 7122//6121 7127//5641 7134//5640 7135//6122 7089//6123 7143//5024 7144//5029 7149//5028 7091//6124 7092//1410 7093//6125 7172//6126 7165//6127 7160//6128 7156//6129 7152//6130 7161//6131 7150//424 7139//423 7136//2462 7124//421
f 3621//6132 3622//6133 3629//5032
f 6149//3444 6190//3443 6189//6134 6150//6135
f 6959//6136 6958//6137 6953//2825 6947//399 6938//398 6943//4609 6946//6138 6949//6139 6952//6140 6957//6141 6971//5529 6967//5528 6970//5527 6973//5530 6899//6142 6900//4833 6974//4832 6972//1667 6969//6143 6968//6144 6964//982 6963//981 6960//980
f 3278//6145 3287//6146 3288//5716 3279//5715
f 4695//6147 4705//6148 4716//6149 4708//2660 4696//2659 4690//6150 4681//5836 4671//5835 4666//5786 4659//740 4665//746 4670//4097 4675//1543 4682//480 4676//479 4680//478 4688//481
f 254//6151 244//536 256//619 255//6152
f 5490//5103 5495//5102 5496//5101 5500//5100 5373//5099 5374//6153 5375//6154 5376//6155 5377//5979 5502//5978 5491//5977
f 3613//6156 3612//868 3603//867
f 7655//2257 7654//970 7686//969 7682//3167 7763//3166 7756//3165 7762//2258
f 2102//4016 2326//4015 2334//4014 2327//6157 2100//3282 2345//3281 2335//6158 2346//6159 2336//6160 2343//661 2337//660 2322//6161 2314//5823 2313//5630 2312//5635 2320//6162 2309//6163 2305//6164 2304//6165 2308//6166 2103//6167
f 7702//6168 7703//6169 7663//6170 7662//6171 7661//6172 7701//6173 7704//6174
f 3587//907 3588//2859 3579//908
f 3579//908 3578//4639 3572//904
f 1347//3246 1346//2192 1386//2191 1388//2777 1391//2776
f 3571//6175 3570//905 3560//1400
f 2755//5968 2754//6176 2762//6177 2763//6178 2764//6179 2812//6180 2806//6181 2800//6182 2796//2108 2792//5194
f 4613//6183 4617//6184 4620//4347 4616//4346 4607//4345
f 764//6185 750//6186 749//6187 785//694 787//693 786//692
f 4198//6188 4199//6189 4190//6190 4189//6191 4194//4378 4204//5792 4212//6192 4207//6193
f 2989//1945 2981//1143 2991//5084 2996//5083
f 1334//5310 1335//6194 1327//5167 1316//5166 1315//6195 1318//6196 1317//6197 1319//6198 1320//6199 1325//5312 1326//5311
f 2208//3806 2202//6200 2196//6201 2195//4052 2201//4054 2212//4779 2216//4092 2217//3807
f 4049//466 4041//477 4033//476 4043//2979 4050//2978 4056//6202
f 3741//6203 3740//6204 3738//6205
f 3740//1357 3739//1356 3741//1355
f 3691//4747 3692//6206 3742//1459
f 2631//3214 2621//3213 2613//4517 2619//4518 2629//6207 2637//1431 2638//4617
f 3692//6206 3693//1457 3742//1459
f 2739//5444 3256//5445 3250//5405 3248//5406 3261//5412 3267//6208 2745//6209 2710//6210
f 7598//6211 7597//6212 7596//6213 7599//6214 7603//6215 7601//6216 7602//6217
f 3731//6218 3732//6219 3640//6220
f 4650//6221 4649//4334 4638//4333 4630//4351 4639//743 4647//742
f 2124//6222 2172//6223 2178//6224 2187//4800 2179//4801 2186//4045 2194//4046 2200//4786 2201//4054 2196//4053 2189//6225 2180//6226 2188//6227 2173//6228 2169//3998 2117//4000
f 5206//5599 5207//5598 5208//5597 5202//5596 5203//6229 5204//6230 5193//6231 5194//5603 5210//5602 5211//5601 5205//5600
f 4870//1187 4864//6232 4856//1246 4848//1245 4847//1244 4855//6233 4854//6234 4858//6235 4863//6236 4401//1189 4880//1188
f 3146//222 3140//221 3145//4995 3156//6237
f 2227//3686 2218//3685 2226//5916 2233//2297 2110//2296 2249//2299 2256//5742 2271//5741 2266//6238 2107//5753 2267//2703 2250//2702 2243//2701 2248//2700 2257//6239 2242//2699 2238//2698
f 3621//6240 3622//6241 3613//6242 3612//6243
f 1840//6244 1841//735 1850//3519 1831//3518 1830//3541 1848//3540
f 3745//3128 3672//3127 3673//5393
f 4035//6245 4026//6246 4024//6247
f 3668//6248 3744//6249 3696//6250 3669//6251
f 4377//6252 4371//6253 4370//6254 4369//6255 4376//6256 4187//6257 4169//6258 4170//2812
f 6764//6259 6763//6260 6782//6261 6789//6262 6785//6263 6786//3598 6783//267 6765//266
f 7411//6264 7412//6265 7413//6266 7408//6267 7407//6268 7415//6269 7414//6270
f 3787//6271 3992//6272 4000//6273 3785//5513
f 2938//6274 2932//996 2931//789 2930//788 2953//3198 2947//3197
f 1278//167 1279//6275 1317//6197 1318//6196 1315//6195 1309//4631 1308//169 1311//168
f 5039//6276 5037//6277 5035//6278 5036//6279 5034//6280 5038//6281
f 1181//6282 1182//5362 1195//4165 1196//4164 1180//6283
f 1219//3172 1214//3171 1213//3170 1218//6284 1217//6285 1225//5718 1228//5717 1229//4757 1226//3174 1220//3173
f 3709//3143 3710//1513 3719//5364
f 207//2025 172//6059 170//6286 205//6287 202//6288 201//2026
f 3717//6289 3715//6000 3716//6290
f 3716//6290 3723//6291 3717//6289
f 349//261 348//260 347//259 346//2867 345//2866 354//4372 360//4376 361//6292 355//6293 356//6294 367//6295 368//5270 369//5269 362//6296 358//6297 357//6298
f 3711//1509 3712//6299 3721//2942
f 3708//3141 3709//3143 3718//3142
f 1779//6300 1780//6301 1781//6302 1782//6303 1751//6304 1758//3026 1778//3028
f 5879//6305 5841//6306 5838//6307 5878//6308
f 3664//1458 3663//4746 3742//1459
f 3601//2857 3593//2856 3603//1921 3611//1920
f 3649//1511 3650//6309 3727//1512
f 537//4431 536//4430 535//1110 541//1118 542//3360 543//3359 539//1307 538//1306
f 3722//714 3641//713 3642//6310 3724//6311 3684//6312
f 4050//467 4049//466 4060//6313 4069//6314 4079//6315 4080//5896 4072//5895 4061//3207
f 3667//5923 3695//5924 3744//6249 3668//6248
f 3317//688 3305//687 3306//5776 3323//5755 3318//1971 3293//689 3292//5790
f 3904//6316 3884//3542 3890//3544 3887//3543 3889//465 3898//464 3915//463 3909//462 3921//461 3916//6317
f 815//6318 816//6319 817//6320 818//6321 819//6322 807//6323 822//6324 823//6325 821//6326 824//6327 825//6328 826//6329 829//6330 828//6331 820//6332 808//6333
f 5865//1157 5866//1126 5861//1125 5852//1158
f 3818//3849 3816//6334 3801//3850
f 3818//6335 3817//2312 3802//2311
f 4238//6336 4231//6337 4232//1020 4225//1019 4217//4860 4209//5424 4202//6338 4207//6339 4215//6340 4224//6341 4216//6342 4223//6343 4230//2690 4236//2689 4241//1301 4237//6344 4243//6345 4249//1974 4244//1973 4239//1978
f 3816//2495 3818//3849 3827//2496
f 3818//6346 3816//2495 3826//2494
f 3817//6347 3818//6346 3828//6348
f 939//6349 940//2215 961//2214 894//6350 885//6351 886//6352 887//6353 964//1828 962//1844 963//1843 938//1842
f 2121//6354 2123//2549 2165//2487 2170//2486 2175//4807 2176//6355
f 1111//4545 1104//4544 1103//6356 1106//3985 1107//3984 1114//5114
f 3847//6357 3764//6358 3765//4134
f 3795//6359 4087//6360 4086//6361 4099//2772 4100//6362
f 3164//4925 3157//6363 3156//6364 3163//6365 3169//6366 3168//5309 3175//1205 3176//1204 3186//1224 3182//1223 3178//4927 3170//4926
f 2340//360 2333//359 2342//5849 2352//361
f 678//4714 673//622 671//6367 669//4710
f 5154//6368 5144//6369 5143//6370 5142//6371
f 3859//5498 3858//1818 3861//2040
f 6158//6372 6159//1494 6179//1493 6178//5065 6213//5064
f 876//6373 874//3535 873//3534 875//3533 877//2947 879//2946 880//6374 878//6375 848//6376 847//6377
f 3860//1866 3766//4133 3866//1867
f 3876//4137 3875//1868 3866//1867 3766//4133 3767//4138
f 3877//1861 3876//6378 3768//1862
f 3468//4734 3466//6379 3469//6380 3475//4735
f 1989//3746 1981//3745 1976//3725 1975//3735 1979//3737 1988//6381 1996//3876
f 1691//6382 1698//6382 1693//6383 1685//6383
f 524//965 515//1308 539//1307 543//3359 544//962
f 3875//6384 3876//4137 3882//4878
f 3769//6385 3877//6386 3882//4717
f 5614//444 5609//443 5608//442 5585//441 5584//6387 5592//6388 5594//4201 5607//4200 5610//4199 5611//1073 5612//1078 5613//1077
f 4087//6360 4094//6389 3795//6390 3794//6391
f 7728//5888 7729//4752 7730//997 7727//6392 7726//4751 7723//6393 7717//6394 7719//5889
f 7400//6395 7401//6396 7402//6397 7405//6398 7406//6399 7403//6400 7399//6401
f 3919//2622 3913//6402 3774//4722 3912//4721 3918//4740 3914//4739 3907//2023 3773//2022 3895//4720 3771//4730 3770//4729 3883//4728 3877//6386 3876//6403 3875//6384 3882//4878 3881//4877 3887//6404 3891//5943 3894//5942 3900//6405 3903//6406 3901//6407 3911//2455 3917//2454 3930//1051 3932//1050
f 3839//6408 3829//3185 3803//3184 3804//6409 3805//6410 3806//6411 3868//6412 3853//6413 3854//6414
f 4628//6415 4624//1166 4619//1169 4618//3414
f 7123//6416 7118//6417 7117//6418 7122//6419 7127//6420
f 2848//5670 2829//5669 2821//6421 2822//5684 2814//4856 2810//4855 2809//6422 2801//4847 2808//4849 2820//4244 2828//4005 2836//4004 2842//4007 2847//4243 2855//6423 2860//6424 2866//4946 2867//4945
f 6172//6425 6199//2381 6224//2379 6164//2378 6169//6426 6168//6427 6166//6428 6165//6429 6170//6430 6173//6431
f 7076//6432 7069//3066 7073//3065 7024//3064 7023//563 7074//6433 7028//563 7025//6434 7033//6435 7078//6436 7035//5851 7034//6437
f 2383//667 2376//666 2384//665 2392//6438
f 5154//6368 5155//6439 5156//6440 5179//6441 5181//6442 5180//6443 5182//6444 5163//6445 5164//6446 5165//6447 5166//6448 5146//6449 5153//6450 5145//6451 5144//6369
f 2660//3218 2653//3217 2655//1039 2662//1041 2665//6452 2671//6453 2676//6454 2681//4258 2685//4257 2697//6455 2692//6456 2695//6457 2693//4269 2686//3224 2683//4581 2682//6458 2672//3219
f 1880//6459 1886//6460 1856//6461
f 760//690 782//697 780//4487 761//4486
f 3908//6462 3774//4722 3913//6402
f 2201//4054 2205//6463 2211//4782 2214//4781 2215//6464 2212//4779
f 3920//6465 3919//6466 3775//6467
f 1621//6468 1622//6469 1623//3151 1609//3151 1612//6469 1613//6468 1610//1749 1620//1749
f 3252//6470 3246//6471 3245//3073 3260//5439 3259//5413 3265//5431 3270//5430 2749//5429 2748//5428 2747//6472 3266//6473 3261//6474 3253//5404 3248//5403
f 4368//6475 4372//6476 4381//6477 4388//6478 4389//6479 4383//6480 4375//6481
f 4329//6482 4318//6483 4326//6484 4336//956 4342//6485 4357//6486 4358//6487 4353//6032 4349//6031 4344//6030 4337//6029
f 4624//2434 4614//6488 4618//1168 4623//1167
f 3932//6489 3942//5579 3777//6490
f 5623//602 5621//6491 5702//2444
f 6781//6492 6767//6493 6755//6494 6757//176 6787//6495 6788//6496 6789//6262 6782//6261
f 3942//5579 3951//6497 3778//6498
f 4343//6499 4342//6500 4357//6501
f 3779//6502 3951//6503 3954//6504
f 5136//2222 5140//2221 5139//2220 5124//6505 5125//4148 5137//2223
f 6380//6506 6381//6507 6378//1462 6388//1461 6387//6508 6383//6509
f 3780//6510 3954//6504 3962//6511
f 332//2862 341//2868 346//2867 347//259 339//258 340//257 333//6512
f 3962//6513 3968//6514 3781//6515
f 5745//4563 5744//6516 5758//4562 5759//4561 5762//4560 5761//4559 5763//4558 5764//4557 5765//4556 5753//4555 5752//6517 5749//6518 5746//6519
f 3971//3839 3972//2243 3976//2242
f 4012//6520 4006//6521 4013//6522 4020//6523
f 3982//6524 3783//6525 3782//6526
f 3977//2358 3978//2241 3983//2240
f 4695//6147 4688//481 4697//6527 4705//6148
f 3982//6528 3783//6529 3987//6530
f 3199//5253 3192//5252 3198//5351 3204//3570 3211//3569 3218//1232 3212//1231 3213//109
f 2536//2666 2531//4432 2530//4673 2534//2330 2539//2329 2545//2332 2551//4619 2557//4618 2566//4621 2578//6531 2579//6532 2560//6533 2552//4466 2547//4465 2540//2667
f 2010//3794 2020//3796 1873//6534 1874//3 2027//2 2022//3145 2026//3150 2012//3149 2004//3770 2011//6535
f 2982//6536 2970//1141 2969//5080 2979//5082 2987//5577 2994//5576 2995//6537 2991//5084 2981//1143 2980//1142 2988//6538
f 4000//6539 3785//6540 4008//6541
f 6504//873 6498//176 6499//176 6521//6542 6497//103 6492//103 6529//6543 6530//874
f 2371//1957 2364//1956 2369//1955 2378//4853 2363//208 2358//207 2360//6544 2370//669 2375//6545 2385//6546 2391//6547 2394//4738 2402//4264 2409//4266 2417//6548 2413//6549 2418//6550 2414//6551 2395//6552 2396//6553 2379//6554
f 3058//6555 3048//6556 3052//6557
f 4575//6558 4566//4404 4572//6559 4586//6560
f 7705//6561 7711//6562 7712//6563 7714//6564 7721//6565 7713//6566 7720//6567 7724//6568 7725//6569 7665//6570 7664//6571 7663//6170 7703//6169 7702//6168 7704//6174
f 6018//6572 6017//5209 6035//5208 6039//6573 6038//6574 6037//6575 6036//6576 6050//6577 6049//6578 6048//6579 6031//6580 6030//6581 6029//6582 6028//5204 5996//5203 5995//6583 5994//6584 6020//6585 6019//6586
f 7607//6587 7606//6588 7605//6589 7604//6590 7649//6591 7739//96 7737//95 7610//102 7609//6592 7608//6593
f 7659//6594 7658//6595 7759//6596 7760//6597 7758//6598 7746//5625 7748//5013 7749//5012 7660//6599
f 3792//6600 4050//6601 4052//6602
f 4560//6603 4555//677 4561//676 4567//4405
f 1867//1696 2007//1695 2016//1694 2015//3802 2022//6604 2029//6605 2028//3827 2034//3829 1875//5850 1876//6606 1877//6607 1878//6608
f 4398//6609 4900//6610 4901//6611 4397//6612 4395//3654 4902//3653 4895//5035 4898//6613 4896//6614 4890//1184 4894//1183 4399//6615
f 1021//6616 1010//6617 1009//6618 1003//6619 986//6620 987//6621
f 4064//2919 4065//6622 4076//2920
f 4635//2436 4623//2435 4628//6415 4424//6623 4423//1178 4634//1181 4422//1180 4645//6624 4646//6625
f 4079//6626 4080//6627 4085//6628
f 4082//5914 3794//6629 4087//6630
f 2056//6631 2057//1662 2045//1661 2044//5930 2055//5929
f 5559//6632 5560//6633 5561//6634 5520//6635 5521//6636 5566//6637 5563//6638 5558//6639
f 1828//4274 1837//4273 1838//6640 1839//1174 1847//1177 1829//1176
f 4086//6361 4087//6641 4092//6642
f 4092//6642 4093//6643 4098//6644
f 4094//6645 3795//6359 4100//6362
f 3757//6646 4097//6647 4096//6648
f 4097//6647 3757//6646 3756//6649
f 4096//6650 3756//6649 3757//6646
f 4099//2772 3758//6651 3757//6652
f 4099//2772 3757//6652 3759//2773
f 3760//2774 4099//6653 4100//2771
f 3756//6649 4096//6650 4097//6647
f 4096//6654 3755//6655 3757//6656
f 4047//2348 4046//2347 4039//2346 4038//2345 4030//2344 4029//2343 4037//6657 4036//6658 4053//6659 4054//6660 4084//6661 4078//6662 4090//6663 4095//6664 3754//6665 3755//6655 4096//6654 4091//6666 4068//6667 4060//6668 4067//6669
f 4095//2925 3752//2924 3750//6670
f 4100//6362 4099//6653 4094//6645
f 4097//6671 4096//6672 4092//6673
f 3795//6359 4094//6389 4087//6360
f 4093//6674 4092//6642 4087//6641
f 5403//1287 5401//1286 5400//1285 5402//2968 5406//4280 5407//4279 5408//4299 5404//1288
f 2840//4446 2833//37 2825//36 2818//35 2811//4445 2817//4858 2713//4857 2805//6675 2804//2181 2799//6676 2798//4997 2803//4996 2815//5686 2821//5685 2816//6677 2823//5678 2831//5677 2832//4879 2844//6678 2846//5672
f 4087//6641 4086//4033 4081//4032
f 4072//6679 3793//6680 4073//6681
f 377//4580 399//4579 395//6682 396//1717 393//1716 394//6683
f 4080//6627 4079//6315 4069//6314
f 313//5297 287//6684 288//5946 315//2581 314//2585
f 1279//6275 1280//4008 1324//4010 1319//6198 1317//6197
f 7303//6685 7283//6686 7282//1624 7302//1623 7306//6687 7307//6688
f 4065//6622 4064//6689 4059//6690
f 7124//6691 7120//6692 7117//6120 7131//6119 7128//6693
f 4050//6601 3791//6694 4052//6602
f 4043//468 4050//6695 3792//1552 4051//1551 4052//6602 3791//6694 3790//6696 4026//6246 4035//6245 4034//6697
f 4163//6698 4162//6699 4288//6700 4287//6701 4293//6702 4300//6703 4306//6704 4314//1162 4318//1161 4319//6705
f 3788//6706 4016//5516 4009//5515
f 3785//6707 4000//6273 3992//6272
f 7255//104 7257//6708 7261//6709 7260//105
f 4830//6710 4823//6711 4822//6712 4407//6713 4406//6714 4839//6715
f 1916//513 1925//26 1932//3905 1940//3904 1941//3667 1934//6716 1926//6717 1918//6718 1912//6719
f 3986//985 3985//984 3981//6720
f 3978//2241 3977//3842 3973//3841
f 3972//781 3971//3839 3963//782
f 2730//5240 3108//6721 2729//4586 3109//5241
f 2036//6722 2052//6723 2053//6724 2037//6725
f 462//6726 464//6727 444//6728 446//5815 465//5814 466//5813 467//5812 463//6729
f 3923//5991 3924//2457 3919//2456
f 2355//662 2346//6159 2335//6158 2345//3281 2354//3280 2368//3279 2391//3290 2401//3289 2402//6730 2393//6731 2385//6546 2377//668 2383//667 2392//6438 2384//665 2375//664 2360//663
f 4677//6732 4674//6733 4678//6734 4683//6735
f 2821//4862 2813//4861 2812//6180 2819//5681 2826//5680 2827//4245
f 3919//2622 3920//6465 3775//6467 3914//6736 3774//6737 3908//6462 3913//6402
f 3774//4722 3908//1631 3902//1630
f 2770//6738 2771//6739 2772//6740 3032//6741 3021//6742 3008//5117 3002//5116 3007//6743 2986//6744 2993//6745 2987//6746 2977//6747 2976//6748
f 3769//6385 3876//6749 3877//6386
f 3766//1864 3860//1866 3867//1865
f 3861//1814 3862//1813 3859//3040
f 3831//6750 3828//6348 3818//6346 3826//2494 3830//2493 3835//2497 3836//5501
f 7395//6751 7396//6752 7397//6753 7381//265 7379//6754 7382//6755 7383//6756 7384//6757
f 3764//6358 3847//6758 3838//6759
f 779//4484 781//4483 747//5964 746//6760 745//2572 774//2580 777//2579 776//2578 778//4485
f 4388//6478 4382//6761 4381//6762 4385//4157 4172//6763 4173//6764 4174//6765
f 7125//6766 7120//804 7119//6767 7124//6691 7128//6768 7129//6769
f 636//6770 637//6771 629//6772 628//6773
f 4562//5692 4578//2417 4579//2416 4548//2855 4547//6774 4556//678
f 2116//6775 2169//6776 2173//6228 2188//6227 2180//6226 2189//6225 2196//6201 2202//6200 2208//3806 2127//5758 2126//6777 2125//6778 2115//6779
f 4120//6780 4124//6781 4125//6782
f 4124//6783 4125//6784 4133//6785
f 4269//6786 4270//5856 4265//5855 4258//1071 4264//1070 4256//1069 4263//6787 4273//6788
f 4212//1291 4206//2694 4214//6789 4222//1292
f 527//6790 528//6791 505//6792 504//1194 526//1193
f 4313//1165 4306//1164 4311//6793 4316//6794 4326//961 4318//6795
f 6107//6796 6105//5490 6069//5489 6070//5505 6126//5504 6106//6797
f 2629//6207 2619//4518 2612//812 2620//811 2625//810 2637//1431
f 496//6798 498//6799 497//6800 490//6801 489//6802 487//6803 488//6804
f 6131//6805 6208//6806 6209//6807 6220//6808 6129//6809 6130//6810
f 4102//6811 4145//6812 4103//6813
f 4033//476 4026//6814 4021//475 4022//474 4015//6815 4007//6816 4014//6817 3786//6818 4012//6520 4020//6523 4013//6522 3990//983 3998//987 3991//986 3997//3843 4005//2353 4031//2352 4032//2351 4040//2350 4043//2979
f 4150//492 4107//491 4109//6819
f 4150//492 4109//6819 4108//6820
f 4151//6821 4110//6822 4109//6819
f 4153//6823 4109//6819 4112//6824
f 4153//6823 4111//6825 4109//6819
f 4154//6826 4112//6824 4113//6827
f 1782//6303 1784//3455 1783//3454 1752//3453 1751//6304
f 4140//6828 4139//6829 4134//6830
f 5582//5230 5576//6831 5577//6832 5583//6833 5578//6834 5579//6835 5570//6836 5567//6837 5568//6838 5569//6839 5574//6840
f 7726//4751 7727//6392 7730//997 7734//184
f 3385//6841 3382//245 3465//244 3464//5695 3472//6842 3473//6843 3483//6844 3484//6845 3359//6846 3360//6847
f 4131//6095 4136//494 4147//493 4143//3080 4139//3079 4132//3078 4119//6848 4118//6097 4122//6849
f 5856//3491 5874//3494 5875//6850 5836//6851
f 4178//3809 4190//4380 4189//3810
f 97//6852 96//6853 74//6854 73//6855
f 631//6856 622//6857 621//6858 630//6859
f 4192//6860 4191//5871 4181//5870
f 5931//5697 5932//1505 5894//1508 5893//5698
f 4194//3811 4189//6861 4190//6190 4199//6189 4198//3812
f 4191//6862 4192//6863 4196//6864
f 4192//6865 4191//6862 4195//6866
f 1710//3380 1709//3380 1708//3380 1707//3380 1706//3380 1705//3380 1726//3380 1743//3380 1744//3380 1745//3380 1711//3380
f 4196//6867 4195//6868 4202//6869
f 4584//4689 4585//6870 4574//6871 4565//6872 4564//6873 4573//6874
f 4198//2693 4199//6875 4206//2694
f 4201//5423 4202//6338 4209//5424
f 4222//1292 4214//6789 4221//6876 4227//6877 4213//2461 4207//2460 4212//6192 4204//5792 4203//5451 4233//1295 4234//1294 4228//1293
f 4207//6339 4208//6878 4215//6340
f 4210//1023 4211//4859 4215//1018
f 1041//2117 1034//2116 1033//6879 1030//6880 1029//6881 1028//6882 1027//6883 1032//2439 1039//2442 1044//3880 1040//3879 1045//3878 1046//3883
f 683//6884 702//6885 712//6886 701//6885 700//6887 698//6888 713//5267 714//5266 684//6889
f 7191//3437 7193//6890 7219//6891 7220//6892 7192//6893
f 3035//5141 3029//5140 3028//6894 3042//6895
f 4224//2691 4223//4332 4228//2686
f 4223//6343 4224//2691 4230//2690
f 1064//123 1065//122 1057//121 1056//6896 1059//6897 1058//6898 1063//6899 1062//6900 990//6901 991//6902 992//116
f 4503//635 4500//634 4510//5732
f 3973//3841 3964//3840 3971//3839 3976//2242 3978//2241
f 4238//1803 4239//1978 4246//1977
f 3011//5571 3006//1952 3012//1951 3018//5569
f 4250//1068 4251//1976 4256//1069
f 80//6903 103//6904 104//6905 105//282 81//284
f 4251//6906 4252//4255 4258//4254
f 4254//6907 4255//1298 4260//6908
f 5689//2929 5688//607 5691//606 5690//605 5695//604 5696//2443 5697//6909 5692//6910 5693//2930
f 4257//5854 4258//1071 4265//5855
f 4266//6911 4267//5857 4269//6912
f 1273//6913 1272//6914 1283//2265 1284//2264 1285//2263 1286//3162
f 4274//4907 4160//6915 4280//4904
f 4281//4905 4280//6916 4160//4906
f 4612//6080 4615//6917 4622//6918 4617//6184 4613//6183 4607//4345 4603//4344 4606//4343
f 4652//1549 4654//1548 4636//2438 4645//2437 4648//6919
f 4277//6920 4278//6921 4286//6922
f 4288//6923 4287//6924 4161//6925
f 4284//6926 4285//2954 4289//2953
f 4138//6927 4151//6821 4109//6819 4111//6825 4153//6823 4112//6824 4154//6826 4149//6928 4144//6929 4139//6829 4140//6828 4124//6783 4133//6785 4125//6784 4120//6930 4119//6848 4132//3078 4137//3077 4142//6931
f 4289//6932 4290//6933 4298//6934
f 4292//570 4293//6935 4300//567
f 4999//6011 4997//6010 4972//6009 4971//6936 4970//3354 4984//3353 4985//3352 4987//3351 4986//3350 4991//3349 4990//3348 4994//3347 4993//3346 4998//5723
f 2211//4782 2207//4073 2200//4069 2206//4071 2201//4070 2205//5867 2209//4784 2213//4783 2215//4780
f 4302//6064 4303//6937 4308//6938
f 2907//2087 2896//2088 2895//1502 2898//1501
f 4305//6939 4306//6940 4312//6941
f 4306//6942 4305//6939 4311//6943
f 4306//6704 4307//1163 4314//1162
f 4311//6793 4312//6944 4316//6794
f 4319//6705 4318//6945 4163//6698
f 4317//958 4318//960 4327//959
f 4318//6946 4317//958 4328//957
f 4323//6947 4324//6948 4333//6949
f 4034//6697 4035//6245 4024//6247 4023//5802 4026//5801 3790//469 4027//6950
f 7076//6432 7077//6951 7075//6952 7033//6953
f 6272//1410 6280//176 6298//176 6273//176 6326//176
f 6743//929 6747//929 6746//2129 6742//2129
f 4736//5774 4729//5773 4737//5772 4741//6954
f 7553//6955 7566//6956 7567//6957 7568//2648 7586//2651 7570//2650 7564//4287 7563//1916 7574//1919 7575//1918 7576//5689 7573//4796 7585//4795 7584//6958 7583//4793 7582//2250 7580//2249 7581//6959 7572//2248 7554//2247 7551//6960 7552//6961
f 2146//6962 2145//2682 2587//2681 2601//2680 2613//2679 2607//4633 2612//4519 2621//3213 2632//3212 2649//3211 2656//3210 2667//3209 2678//3208 2688//3227 2687//3979 2686//3978 2693//4593 2699//4267 2159//4271 2160//3854 2706//6963 2709//3853 2707//3852 2161//3855 2162//6964 2154//6965 2153//6966 2152//6967 2163//6968 2151//6969 2150//6970 2149//6971 2148//6972 2147//6973
f 5913//6974 5914//1364 5901//1367 5900//6975
f 4362//6976 4363//6977 4368//6978
f 4367//6979 4368//6980 4373//6981
f 4368//6982 4367//6979 4372//626
f 7522//6983 7523//6984 7544//6985
f 4374//6986 4375//6481 4383//6480
f 3601//2857 3611//1920 3628//1934 3629//5032 3622//6133 3613//6156 3603//6987 3602//2858
f 4381//6477 4382//6761 4388//6478
f 4171//6988 4173//6764 4387//4155
f 4173//6764 4172//6763 4385//4157
f 6906//5949 6887//5948 6884//4235 6883//6989 6877//563 6934//564 6932//6990 6925//6991 6927//6992 6918//5954 6914//5953 6913//6993 6915//6994 6909//5950
f 4174//6765 4173//6764 4389//6995
f 4389//6995 4173//6764 4175//6996
f 350//262 335//6997 334//6998 343//256
f 7157//6999 7091//7000 7160//6128 7165//6127 7172//6126 7168//7001
f 854//1911 853//3536 871//1313 869//1312
f 4175//6996 4388//7002 4389//6995
f 4389//6995 4388//6478 4174//6765
f 4389//6479 4388//7002 4383//6480
f 3498//7003 3499//7004 3493//7005 3492//5975
f 4374//7006 4375//6026 4368//7007
f 4373//6981 4372//626 4367//6979
f 4372//7008 4373//6981 4368//6980
f 4444//7009 4470//5257 4478//5264
f 4368//7010 4367//7011 4362//7012
f 4358//6487 4357//6033 4353//6032
f 4165//6027 4337//7013 4338//6028
f 4343//955 4342//6485 4336//956
f 4337//7014 4338//7015 4329//7016
f 4164//7017 4318//7018 4319//7019
f 4318//6795 4317//1160 4313//1165
f 3952//5226 3949//5225 3939//5994 3938//5993 3937//7020 3948//3837 3965//3836 3959//5227
f 4312//6941 4311//6943 4305//6939
f 4311//7021 4312//6941 4306//6940
f 4303//6937 4302//550 4294//549
f 4301//568 4300//7022 4293//569
f 4300//7023 4299//7024 4291//7025
f 4162//6699 4287//7026 4288//6700
f 4292//7027 4293//7028 4287//7029
f 4290//7030 4289//6932 4286//6922
f 4161//6925 4280//7031 4281//7032
f 4285//7033 4284//6926 4277//7034
f 2593//3318 2594//3317 2585//1652 2581//7035 2573//7036 2567//7037 2560//6533 2579//6532
f 4160//7038 4274//5421 4271//5420
f 4270//5856 4269//6912 4267//5857
f 4266//7039 4267//7040 4258//7041
f 4258//7042 4257//4253 4251//4256
f 3209//44 3218//43 3224//42 3223//5908
f 4255//1298 4254//1300 4248//1299
f 4251//1072 4252//7043 4246//7044
f 4246//1977 4245//1804 4238//1803
f 4242//2688 4241//1301 4236//2689
f 6995//7045 6996//7046 6997//7047 6998//7048 7000//7049 7012//2553 7015//7050 7016//7051 6994//7052
f 2820//4244 2812//3965 2821//4862 2827//4245
f 4224//6341 4223//6343 4216//6342
f 4115//7053 4121//2364 4141//2363 4126//2362 4127//2361 4116//2812
f 1069//7054 1130//7055 1124//7056 1122//5628 1070//5627
f 4210//7057 4211//7058 4202//7059
f 4208//3814 4207//6339 4202//6338
f 28//7060 27//7061 26//4331 53//4330 54//7062 29//7063
f 4202//7064 4201//7065 4195//6866
f 4196//6864 4195//6866 4191//6862
f 4195//7066 4196//6864 4192//6863
f 5279//7067 5284//2836 5285//7068 5280//7069
f 4180//5688 4195//5687 4192//6860 4181//5870
f 4435//5261 4448//5260 4468//5259
f 4470//5257 4447//7070 4435//5261
f 4444//7071 4447//7070 4470//5257
f 4469//7072 4446//7073 4444//7074
f 4470//7075 4445//7076 4444//7077
f 4471//643 4441//642 4442//630
f 4472//640 4449//7078 4439//641
f 6796//2011 6788//2010 6799//2009 6804//7079 6805//7080 6806//3600
f 2288//7081 2289//7082 2277//7083 2270//5471 2275//7084 2284//7085
f 2616//3321 2610//3320 2618//3323 2624//3322
f 4483//637 4484//639 4492//638
f 4485//4225 4484//7086 4494//4222
f 3842//3962 3834//2391 3844//2390 3849//2389
f 4310//7087 4303//5123 4311//5122 4315//7088
f 4493//7089 4494//7090 4496//7091
f 4499//7092 4434//7093 4433//7094
f 1503//2309 1502//2308 1501//5830 1517//5829 1518//7095 1525//7096 1526//7097 1458//7098 1453//7099 1451//7100 1452//7101 1450//2300 1498//2310
f 5652//1559 5656//1558 5632//1566 5629//1024 5648//1027
f 4507//7102 4509//7103 4513//7104
f 4509//7105 4507//7102 4514//7106
f 4508//7107 4509//7105 4515//7108
f 3925//7109 3920//7110 3919//2622 3931//2621 3941//2620 3942//5579 3932//7111 3776//7112
f 4516//1739 4517//7113 4522//1740
f 4520//3086 4521//7114 4528//3087
f 1918//6718 1924//7115 1934//6716 1941//3667 1959//3672 1978//3887 1987//5771 2001//5770 1996//7116 1990//7117 1979//3737 1976//3736 1969//3719 1962//3718 1968//7118 1960//3715 1956//3714 1949//3674 1943//1063 1936//1062 1929//2323 1935//2322 1927//2321 1921//7119 1913//2319 1906//5866 1900//7120 1899//3581 1904//3583
f 4522//1740 4523//7121 4533//1741
f 4529//5133 4530//3085 4539//680
f 336//5268 338//7122 362//6296 369//5269
f 4541//950 4543//949 4551//1677
f 5712//7123 5713//7124 5724//7125 5727//7126 5728//7127 5735//7128 5736//7129 5729//7130 5730//5277 5725//5276
f 4547//6774 4548//679 4556//678
f 1801//7131 1808//2342 1809//3857 1815//3856 1800//4289
f 4551//1677 4552//7132 4558//1678
f 4556//678 4555//677 4560//6603
f 6951//7133 6952//6140 6949//6139 6946//6138 6958//7134
f 4567//4405 4568//5693 4562//5692 4556//678 4560//6603
f 4501//636 4503//635 4510//5732 4511//5731 4518//5730 4519//5729 4527//5728 4528//3087 4521//7114 4512//1532 4504//1531 4497//1530 4493//7089 4496//7091 4494//7090 4484//7135 4483//637
f 1286//3162 1287//2746 1274//2745 1273//6913
f 4566//7136 4565//6872 4572//7137
f 4426//7138 4583//7139 4571//7140
f 4572//1679 4426//3300 4586//2870
f 4573//6874 4572//7141 4586//2870
f 6872//7142 6873//7143 6860//7144 6861//7145 6862//7146 6869//7147 6871//7148
f 1109//3522 1102//4318 1105//4543 1108//4542 1112//3523
f 1168//2599 1159//7149 1158//5105 1145//5104 1147//2601 1148//2600
f 5039//6276 5040//7150 5030//7151 5029//7152 5031//7153 5032//7154 5033//7155 5037//6277
f 4092//6642 4098//6644 3758//6651 4099//2772 4086//6361
f 67//199 91//202 92//7156 86//7157 69//7158 68//7159
f 545//7160 551//7161 567//7162 568//7163 546//7164
f 2879//4959 2880//5637 2876//4960 2868//7165 2875//4957
f 7545//4171 7534//4170 7535//7166 7536//7167 7550//7168 7549//7169 7546//7170 7544//6985
f 3785//7171 4008//7172 4000//7173 4009//7174 3788//7175 3789//7176 4025//7177 4022//7178 4015//7179 4007//7180 3999//7181 3987//7182 3982//7183 3783//7184 3784//7185 3992//7186
f 5504//5982 5505//5981 5378//5980 5364//7187 5363//7188 5362//7189 5361//2545 5494//2544 5499//2543 5498//2542 5501//5984 5503//5983
f 6592//4065 6591//7190 6590//821 6607//820 6603//819 6606//818 6621//3050 6615//7191 6616//4056 6626//4055
f 4221//6876 4213//2461 4227//6877
f 6058//4218 6093//4217 6092//2051 6059//2050
f 4072//4031 4073//6681 3793//6680 3792//6600 4052//6602 4051//1551 4057//1550 4071//1897
f 1860//7192 1859//735 1887//7193 1894//7194 1895//3918
f 4623//2435 4624//1166 4628//6415
f 6651//7195 6639//4369 6634//7196 6648//7197 6660//7198 6665//7199 6583//1410 6582//7200 6671//7201 6584//7202 6581//1410 6599//4 6676//13 6668//12 6666//7203 6667//10 6661//4668 6656//4667 6649//7204 6655//7205
f 7225//7206 7228//7207 7229//3930 7226//3930
f 3095//2802 3106//654 3112//653 3117//902 3122//901 3128//219 3129//5524 3123//2808 3114//2807 3098//2806 3105//2805 3113//7208 3097//2804 3092//2803
f 4421//7209 4648//7210 4645//7211
f 7696//4888 7672//7212 7676//7213 7675//7214 7677//7215 7678//7216 7679//7217 7680//7218 7668//4891 7693//4890 7694//4889
f 4420//7219 4652//7220 4648//7221
f 4650//7222 4651//7223 4658//7224
f 4652//1549 4653//1498 4663//710
f 4670//7225 4662//1500 4419//7226
f 7248//7227 7249//7228 7234//1393 7235//7229 7236//7230 7247//7231
f 4418//7232 4675//7233 4670//7225
f 5272//7234 5271//7235 5263//7236 5254//7237 5253//7238 5252//7239 5251//7240 5250//7241 5249//7242 5257//7243 5273//7244
f 4367//7011 4368//6978 4363//6977 4362//7012
f 4092//6673 4096//6672 3757//6652 3758//6651 4098//6644 4093//6643
f 2788//7245 2793//2105 2758//3408 2757//4818 2787//4817
f 2862//2093 2858//2074 2864//2073 2872//2072
f 2100//3282 2327//6157 2334//4014 2344//3283
f 3149//7246 3143//7247 3151//7248 3158//7249
f 1970//7250 1971//7251 1963//7250 1962//3892
f 1550//3245 1551//7252 1537//7252 1538//3245
f 5544//7253 5547//7254 5543//7255 5542//7256
f 4725//371 4726//7257 4732//372
f 4731//373 4732//7258 4738//374
f 6147//7259 6192//7260 6191//3446 6148//3445
f 3033//7261 3028//2905 3032//6741 2772//6740 2773//2854 3057//2853 3052//2852 3047//7262 3041//5144 3034//5143
f 6463//7263 6458//7263 6457//2341 6464//2340
f 3240//7264 3237//5375 3229//1218 3242//1217
f 2508//3242 2501//7265 2502//7266 2515//4107 2520//2663 2513//3243
f 220//7267 218//7268 215//7269 214//3944 217//3943 216//3942 213//3941 177//3940 162//7270 160//7271 159//7272 221//7273
f 386//2425 370//7274 371//7275 372//7276 373//7277 412//7278 411//6107 414//6106 413//6105 417//6104 416//6103 419//6102 418//2427 420//2426
f 1221//3176 1222//4759 1230//4758 1173//7279 1172//7280 1171//7281 1170//7282 1177//7283 1178//3951 1203//3950 1202//3179 1211//3178 1212//3177
f 3864//4874 3859//5498 3861//2040 3873//1816 3874//4875
f 2365//5539 2359//5538 2366//1964 2372//1963
f 4884//5037 4885//3664 4886//3663 4891//3662 4892//3661 4876//3660 4877//3659 4851//48 4862//47 4875//165
f 2498//7284 2506//7285 2499//7286 2487//7287 2494//7288 2500//7289 2508//7290 2512//7291 2519//7292 2529//7293 2528//7294 2523//7295 2510//7296 2504//7297
f 2617//3324 2618//3323 2610//3320 2592//3319 2596//4493 2604//3967 2615//3966 2622//4530 2616//7298
f 4902//3653 4896//3652 4899//5036
f 1924//7115 1918//6718 1926//6717 1934//6716
f 4667//7299 4657//7300 4668//5834 4670//5833
f 5366//1589 5367//2966 5399//1284 5395//1283 5387//1592 5389//1591 5384//1590
f 4785//6072 4786//7301 4790//7302
f 3183//4301 3178//7303 3185//7304 3189//4302
f 579//7305 578//4189 580//4188 555//4187 557//7306 583//1015 584//1014
f 2380//5541 2373//5540 2382//1962 2388//5542
f 4792//7307 4793//7308 4800//7309
f 4646//7310 4645//7311 4648//7312 4652//7313 4653//7314
f 4799//6081 4800//6071 4804//6073
f 6561//7315 6557//7316 6565//7317 6564//4683
f 4805//7318 4806//6089 4811//6088
f 2268//7319 2263//7320 2270//5471 2277//7083
f 4409//7321 4809//7322 4817//7323
f 4470//5257 4435//5261 4468//5259 4476//5258
f 748//5963 784//695 785//694 749//6187
f 1362//7324 1361//226 1366//226 1367//226 1368//7325 1369//7326 1370//226 1371//226 1372//7327 1354//226 1355//5410 1423//5409 1416//5408 1405//2781 1407//7328 1394//7329 1392//7330 1384//7331 1380//7332 1373//7333
f 4289//2953 4290//7030 4286//6922 4278//6921 4277//7034 4284//6926
f 4816//7334 4817//7323 4822//7335
f 7599//6214 7600//7336 7601//6216 7603//6215
f 3629//5032 3630//5031 3635//5030 3636//5034 3539//5033 3534//7337 3558//7338 3639//7339 3633//7340 3638//7341 3632//7342 3637//7343 3631//7344 3622//7345 3621//6132
f 3218//5058 3237//5061 3240//5869 3245//3073 3246//6471 3230//1229 3225//5367 3219//5366
f 438//7346 463//6729 467//5812 471//5811 472//7347 473//7348 474//7349 468//7350 469//7351 440//7352 439//7353
f 4095//6664 4090//6663 3754//6665
f 4822//6712 4823//7354 4407//6713
f 4824//7355 4825//6086 4830//6085
f 274//7356 275//7357 287//6684 313//5297 312//5296 272//5295 273//7358
f 4922//7359 4927//7360 4943//7361 4944//7362 4945//7363 4929//7364 4915//7365 4914//7366 4913//7367 4908//7368 4928//7369 4909//7370 4912//7371
f 4829//7372 4830//6710 4406//7373
f 6458//7263 6463//7263 6462//3436 6459//3438
f 4406//7373 4839//7374 4845//7375
f 4840//7376 4841//7377 4846//7378
f 5112//7379 5127//7380 5118//6098 5130//5683 5113//5682
f 2434//7381 2424//7382 2423//4292 2419//4291 2418//6550 2421//4732 2427//4731 2428//4461 2433//7383
f 5416//7384 5410//7385 5411//7386 5415//7387 5424//5322 5419//5321 5423//5320 5429//5323 5430//7388 5425//7389
f 325//7390 326//7391 327//7392 328//7393 366//7394 365//4375 364//4374 363//5307 324//5306
f 3825//3961 3826//3848 3800//3851 3799//5877 3824//5876
f 4720//7395 4723//5053 4728//5052 4718//133 4707//132
f 3084//2794 3079//2796 3093//2795
f 4643//2411 4642//2410 4633//2409 4632//2408 4641//2407 4640//2406 4639//4337 4651//4336 4647//7396 4650//7397 4659//7398 4678//6734 4674//6733 4684//7399 4692//7400 4702//7401 4721//7402 4725//7403 4726//370 4703//5555 4685//5554 4660//2412
f 6146//7404 6145//7405 6194//7406 6193//7407
f 4785//3938 4786//7408 4778//7409 4770//4195 4769//3932 4777//3939
f 6632//4058 6612//4057 6623//7410 6631//7411 6627//3047 6630//7412 6634//7413 6637//7414 6641//3733 6647//3732 6578//3734 6580//6124 6659//7415 6660//7198 6648//7197 6642//7416 6638//4368 6649//4371
f 218//7268 219//7417 212//6056 211//6055 210//2481 209//2483 214//3944 215//7269
f 1298//2753 1297//2752 1302//2751 1314//5163 1322//5170 1323//7418 1329//7419 1330//7420 1268//7421 1269//7422 1257//7423 1256//7424 1255//7425 1252//7426 1253//7427 1254//7428 1251//7429 1282//7430 1276//2754
f 4202//6338 4195//5687 4200//3815 4208//3814
f 4401//1189 4869//2430 4879//1190
f 4374//6986 4383//6480 4388//7002 4175//6996 4167//7431 4390//7432 4168//7433 4384//7434 4166//7435 4375//7436
f 2574//5925 2568//2670 2547//2669 2546//4464 2552//4466 2560//6533 2567//7037 2573//4649 2580//4648 2581//5926
f 4882//5040 4883//7437 4890//5041
f 3143//5288 3138//5250 3144//7438 3153//7439
f 83//281 108//280 109//7440 84//7441
f 7046//3305 7068//3304 7071//5171 7070//3315 7033//6953 7075//6952 7077//6951 7032//7442 7031//1466
f 1378//2189 1365//7443 1364//3041 1374//920 1377//919 1381//925
f 3962//7444 3954//5580 3953//2174 3975//2178 3968//2177 3782//6526 3783//6525 3987//7182 3999//7181 3786//7445 4012//7446 4006//7447 4013//7448 3990//7449 3985//7450 3981//7451 3961//7452
f 3002//2490 3001//5115 3008//5117 3021//6742 3032//6741 3028//2905 3022//5091 3014//7453 3011//7454
f 4900//7455 4901//7456 4397//7457
f 4396//7458 4901//7459 4900//7455 4397//7457
f 4396//7458 4397//7457 4901//7459
f 7158//7460 7159//7461 7154//427 7161//426
f 6111//4596 6075//4595 6076//7462 6112//7463
f 4398//6609 4901//7464 4900//6610
f 4572//7137 4565//6872 4574//6871 4585//6870
f 4890//1184 4889//7465 4881//1185
f 5475//7466 5476//7467 5472//4423 5465//4422 5467//482 5470//485 5471//7468
f 4873//7469 4872//7470 4865//2196
f 3570//6050 3546//7471 3545//7472 3568//6025 3569//6024 3575//6023 3576//7473
f 4869//7474 4401//1189 4863//6236
f 1389//2778 1382//3044 1376//3043 1363//3042 1362//7324 1373//7333 1380//7332 1384//7331 1392//7330 1394//7329 1407//7328 1405//2781 1400//2780 1395//2779
f 4840//7475 4841//7476 4830//7477
f 4839//6715 4406//7373 4830//6710
f 4829//7478 4830//7479 4823//7480
f 4408//7481 4823//7482 4822//7335
f 4818//7483 4819//7484 4813//7485
f 4817//7323 4816//7486 4409//7321
f 4809//3462 4409//7321 4803//3463
f 2481//7487 2476//4709 2477//7488 2488//7489
f 4805//7490 4806//7491 4800//7492
f 4800//6071 4799//5847 4791//5846
f 4410//7493 4798//7494 4797//7495
f 4793//5841 4792//7496 4787//5842
f 1115//3524 1112//3523 1108//4542 1111//4545 1114//5114 1116//5113 1119//248 1117//247 1120//246 1118//255
f 3923//5991 3919//2456 3911//2455 3901//6407 3903//6406 3910//7497 3906//7498 3900//6405 3894//5942 3898//5172 3905//5173 3899//1155 3893//1154 3886//5525 3889//1153 3887//6404 3881//4877 3880//4876 3885//7499 3882//7500 3874//4875 3873//1816 3879//1815 3884//3542 3904//6316 3916//6317 3922//5992
f 2973//234 2960//233 2966//7501 2961//7502 2950//232 2949//5130 2959//5998 2958//1135 2982//1144 2972//1944 2983//1943 2965//1942
f 1766//7503 1768//5882 1792//5881 1793//3459 1794//3458
f 4732//7258 4731//7504 4724//7505
f 4726//7257 4725//7403 4721//7402
f 4715//7506 4714//1541 4704//1540
f 507//5318 531//1456 511//1455 509//7507
f 4597//7508 4586//6560 4585//6870 4584//4689 4595//4688 4596//4687 4605//4686 4602//4685
f 4675//712 4417//7509 4679//709
f 5768//7510 5786//7511 5781//7512 5782//7513 5783//7514 5784//7515 5785//7516 5794//7517 5793//3788 5811//3787 5812//7518 5814//7519 5813//7520 5815//7521 5816//7522 5772//7523 5771//7524 5770//7525 5769//7526
f 3753//7527 3754//6665 4090//6663 4078//6662 4084//6661 4054//6660 4053//6659 4036//6658 4037//6657 4029//2343 4011//772 4019//775 4012//774 4018//2239 3995//2238 4001//2246 4017//7528 4045//7529 4059//6690 4064//6689 4065//2918 4077//2917 4066//2927 4089//2926 4095//2925 3750//6670
f 4651//4336 4650//7530 4647//7396
f 809//7531 820//6332 828//6331 827//7532 810//7533
f 4646//6625 4645//2437 4635//2436
f 4071//1897 4060//1553 4070//5894 4093//6674 4087//6641 4081//4032 4072//4031
f 7715//5884 7718//5883 7719//5889 7717//6394 7723//6393 7722//7534 7721//6565 7714//6564 7712//6563 7710//7535
f 1857//7536 1856//7537 1880//348 1885//347 1891//3919 1892//7538 1903//28 1911//27 1916//513 1912//6719 1918//6718 1904//3583 1900//3582 1893//7539
f 3646//7540 3647//2941 3713//2943 3720//7541
f 4585//6870 4586//6560 4572//7137
f 3127//220 3141//5043 3145//4995 3140//221
f 4572//7141 4573//6874 4566//7542
f 4571//3430 4426//3300 4563//3431
f 1471//1746 1472//1745 1462//3923 1461//7543 1460//3261 1474//3265 1475//73 1476//72
f 7443//2480 7444//7544 7447//7545 7445//2476
f 3455//1761 3446//1760 3439//1759 3445//3705 3454//3704 3468//3703 3474//3702 3477//3701 3475//4735 3469//6380 3463//7546 3456//1762
f 4559//1675 4560//1674 4555//4400
f 5017//2018 5013//2000 4958//1999 4957//7547 4956//7548 4955//7549 5027//7550 5026//2020 5023//2019
f 4552//2556 4551//1677 4543//949
f 4548//679 4547//5132 4539//680
f 4541//950 4542//1676 4535//946
f 4530//3085 4529//1535 4521//1534
f 4523//7121 4522//1740 4517//7113
f 4521//7114 4520//1533 4512//1532
f 7762//2258 7756//3165 7629//3164 7625//3063 7753//3062 7752//1043 7754//1042
f 4517//7113 4516//5798 4509//5797
f 4507//7551 4509//7552 4503//7553
f 3079//5510 3073//5509 3081//5508 3085//5969
f 4493//4223 4494//7554 4484//4224
f 4485//7555 4484//7556 4474//7557
f 4484//639 4483//7558 4472//640
f 5490//5103 5491//5977 5492//2539 5487//2538 5486//3370 5489//3369 5488//3368
f 763//92 768//91 765//5838 753//7559 751//7560 766//7561 752//7562 757//7563
f 6425//7564 6419//2123 6416//2122 6413//7565 6407//5704 6402//5703 6394//5702 6393//555 6404//554 6406//2173 6412//2172 6411//552 6426//566 6358//7566 6431//5614 6427//5617 6428//5616 6432//7567 6439//1935 6420//1225 6423//7568 6422//7569
f 5434//4415 5431//4414 5436//4416
f 1851//7570 1834//403 1833//7571 1850//733 1842//732 1843//3538
f 5887//1173 5862//1575 5849//1578 5848//1170
f 2248//2700 2242//2699 2257//6239
f 4912//7371 4909//7370 4907//7572 4908//7368 4913//7367 4914//7366 4915//7365 4918//7573 4919//7574 4916//3333 4905//3332 4904//7575
f 5445//7576 5442//7577 5446//7578 5448//7579
f 4503//5148 4490//5162 4495//7580
f 4950//7581 4953//7582 4928//7572
f 4931//7583 4933//7584 4937//7585
f 4946//7586 4947//7587 4945//7588 4949//7589 4948//7590
f 3254//7591 3261//6474 3266//6473
f 3274//7592 3284//4568 3285//176 3275//103 3276//176 3277//176 3287//5734 3278//6145
f 475//5809 477//3982 481//3981 482//2057 483//2056 478//2055 479//2054 474//7349 473//7348 472//7347 471//5811 476//5810
f 48//67 49//77 22//79 21//68
f 4939//7593 4940//7594 4951//7595
f 3131//7596 3120//7597 3125//7598 3137//7599 3151//7248 3143//7247 3149//7246 3158//7249 3165//7600 3161//7601 3152//7602
f 2815//5686 2803//4996 2809//4854 2814//4856 2822//5684
f 6634//7196 6638//4368 6642//7416 6648//7197
f 1315//6195 1316//5166 1312//5165 1313//5164 1307//7603 1306//3161 1305//3160 1310//4632 1309//4631
f 2702//7604 2695//7605 2708//7606
f 3818//7607 3817//6347 3828//6348 3831//6750 3832//7608 3837//7609 3838//6759 3847//6758 3764//7610 3763//7611
f 6061//7612 6060//2053 6091//2052 6089//7613 6088//7614 6116//7615 6086//3551 6122//3549 6062//3548
f 3009//5087 3003//5086 3011//5085 3015//5089
f 1971//1686 1976//7616 1981//7617 1990//7618 1996//7619 2004//7620 2005//1687
f 672//7621 679//7622 675//7623 680//7624 674//7625 676//7626 681//4712 670//4711
f 5883//7627 5884//7628 5844//7629 5845//7630
f 3324//1972 3318//1971 3325//7631 3308//1966
f 248//7632 247//4481 258//4480 257//1404 246//1403
f 1840//6244 1848//3540 1831//3518 1829//1176 1846//1175 1839//1174
f 7630//1045 7624//7633 7745//190 7750//189
f 6920//5961 6891//753 6931//752
f 5833//7634 5797//7635 5835//7636 5800//7637 5834//7638 5778//7639 5777//7640
f 5028//7641 5027//7642 4955//7643
f 5027//7550 4955//2013 5026//2020
f 1296//2748 1290//2747 1306//3161 1307//7603 1313//5164 1314//5163 1302//2751 1301//2750 1291//2749
f 6989//3437 6988//3437 6987//4463 6990//4462
f 5442//506 5440//505 5438//4418 5441//4417 5446//7644
f 368//5270 367//6295 366//7394 328//7393 329//5271
f 4785//6072 4790//7302 4776//7645 4775//7646 4411//7647 4410//7493 4797//7495 4798//3464 4803//3463 4409//7321 4816//7486 4817//6083 4810//6082 4804//6073
f 5410//7385 5416//7384 5417//7648 5418//7649 5413//4300 5408//4299 5407//4279 5409//4278 5411//7386
f 79//7650 102//7651 103//6904 80//6903
f 5307//7652 5308//7653 5328//7654 5329//7655 5340//7656 5306//7657 5339//7658
f 4123//6096 4131//6095 4122//6849 4118//6097
f 4474//7557 4440//7659 4449//7078 4472//640 4483//7558 4484//7086 4485//7555
f 2471//1443 2465//1442 2476//1444
f 4055//2980 4060//6668 4068//6667
f 3164//4925 3163//5308 3156//7660 3157//6363
f 6804//7079 6799//2009 6794//1627 6788//7661 6760//103 6754//2342
f 5617//7662 5616//1879 5707//1877
f 3051//7663 3049//7664 3048//6556 3058//6555 3052//7665 3047//7666
f 1988//6381 1979//3737 1990//7117 1996//3876
f 3202//5345 3187//1222 3207//1221
f 3590//7667 3589//7668 3578//7669 3579//7670
f 3617//1570 3618//1569 3625//1568 3626//1567 3627//1933 3620//1932 3619//1931 3609//1930 3608//1929 3598//1928 3597//2630 3607//1571
f 4859//2194 4865//2196 4872//7470 4873//5038 4874//164 4866//163 4861//46 4850//53 4849//1238 4857//1247
f 1228//5717 1233//3504 1237//3503 1238//3502 1240//3501 1241//61 1229//4757
f 4034//6697 4027//6950 3790//469 4043//468
f 7059//3314 7058//3472 7062//3471 7063//7671 7064//7672 7066//3467 7074//3067 7069//3066 7076//6432 7033//6953 7070//3315
f 3820//3187 3821//5873 3798//5872 3797//3188
f 2823//5678 2816//6677 2821//5685 2832//5676
f 1060//118 993//117 994//7673 995//7674 1054//7675 1038//7676 1037//3061 1048//3060 1047//3059
f 90//201 66//200 65//196 89//195
f 4792//7496 4793//7677 4800//7678 4806//7679 4812//7680 4807//7681 4794//7682 4773//364 4772//363 4771//7683 4780//7684 4779//5843 4787//5842
f 3566//6022 3567//6021 3544//7685 3543//2923
f 4007//6816 3999//7686 3786//6818 4014//6817
f 6509//1391 6534//881 6535//880 6536//7687 6537//7688 6546//7689 6512//7690 6511//7691 6510//7692
f 3243//5709 3240//5708 3242//7693 3251//5807 3244//5806 3238//5706
f 4238//7694 4239//7695 4232//7696 4231//6337
f 3042//6895 3028//6894 3033//5142 3041//5144 3047//7697 3052//6557 3048//6556 3049//7664
f 2018//7698 2011//3795 2019//3913 2025//3912 2024//7699
f 985//7700 1026//7701 1038//7676 1054//7675 995//7674 979//7702 978//7703 1066//7704 976//7705 977//7706 974//7707 975//7708 973//7709
f 3373//1265 3371//1331 3414//1330 3420//1329 3419//1079 3428//1090
f 2543//7710 2539//7711 2544//7712 2551//7713
f 2118//7714 2121//6354 2176//6355 2171//7715 2167//3994
f 4232//1020 4231//1802 4218//1022 4226//1021
f 1951//3682 1943//7716 1942//3673 1949//3674 1955//3894 1956//7717
f 617//7718 618//7719 608//7720 606//7721 607//1250 615//1249 616//7722
f 2130//7723 2129//5765 2231//2768 2234//2767 2241//2770 2236//2769 2240//3424 2245//7724 2254//7725 2247//7726 2255//5479 2131//7727
f 1606//7728 1605//7728 1603//7728 1604//7728
f 1962//3718 1956//7729 1955//3713 1960//3715 1968//7118
f 4709//141 4699//7730 4712//129 4720//128
f 128//3103 149//3102 150//389 129//390
f 3794//7731 4072//5915 4082//5914
f 1551//7252 1552//3093 1542//3093 1537//7252
f 7427//7732 7419//7733 7420//7734 7418//7735 7417//7736 7430//7737
f 4597//7738 4602//7739 4606//4684
f 4620//4347 4617//6184 4622//6918 4626//6075
f 3159//7740 3152//7602 3161//7601 3166//7741
f 334//6998 337//7742 333//6512 340//257 343//256
f 158//7743 156//4711 155//7744
f 7311//2275 7304//2274 7310//5464 7317//5463 7318//7745 7319//7746 7323//7747 7327//5459 7334//5458 7352//6042 7354//7748 7346//7749 7348//5003 7349//5002 7347//5001 7294//5000 7293//7750 7292//7751 7291//7752 7290//2278 7312//2277 7305//2276
f 5573//7753 5572//7754 5571//7755 5570//6836 5579//6835 5581//7756
f 5877//1255 5878//6308 5838//6307 5839//1252
f 4170//2812 4171//6988 4387//4155 4379//4154 4386//4435 4381//4434 4385//4637 4378//4636 4377//6252
f 6685//7757 6686//672 6701//7758 6702//671
f 2709//3853 2706//6963 2160//3854
f 5748//7759 5750//7760 5751//7761 5754//7762 5741//7763 5739//4551 5766//4550 5767//4549 5760//4548 5757//4547 5743//7764
f 7511//4986 7512//7765 7513//2285 7515//2284 7510//7766 7509//7767
f 5200//5593 5201//5595 5209//5594
f 2307//4822 2297//7768 2301//4601 2306//4600 2310//3545 2314//2564 2317//2563
f 3764//6358 3838//6759 3837//7609 3846//5499 3852//4135 3765//4134
f 3788//5517 4016//5803 4023//5802 4024//6247 4026//6246 3789//7769
f 1632//2395 1638//2394 1639//5097 1633//5097
f 3882//4717 3877//6386 3883//4728 3888//4718
f 5928//5971 5929//7770 5891//7771 5890//5972
f 3105//2805 3097//2804 3113//7208
f 3202//5345 3201//5486 3187//5488 3194//5343
f 4895//5035 4889//5042 4890//1184 4896//6614 4898//6613
f 887//6353 888//7772 889//7773 899//7774 900//7775 901//2154 958//2153 960//1829 964//1828
f 3045//412 3054//6118 3044//414 3038//413
f 6114//7776 6117//7777 6113//7778 6077//7779 6068//7780 6067//7781
f 3730//7782 3729//7783 3725//7784 3726//7785 3734//7786 3733//7787 3731//6218
f 5359//7788 5479//7789 5478//7790 5482//7791 5481//7792 5485//2536 5360//2535
f 4842//52 4834//51 4843//1239 4850//53
f 5938//7793 5964//7794 5963//7795 5962//7796 5961//7797 5972//7798 5971//7799 5970//7800 5991//7801 5990//7802 5989//7803 5988//7804 5987//7805 5986//7806 5940//7807 5939//7808
f 3546//7471 3570//6050 3571//6175 3561//7809 3547//1399
f 7622//4884 7647//7810 7646//7811 7645//7812 7644//7813 7673//7814 7672//7212 7696//4888 7695//4887 7697//4886 7698//4885
f 5248//2228 5232//2227 5233//2227
f 1655//20 1661//20 1662//7815 1649//7815
f 984//1202 1020//1201 1037//3061 1038//7676 1026//7701 985//7700
f 3897//4723 3902//1630 3895//1634 3772//4724
f 4060//1553 3792//1552 4061//3207 4070//5894
s 0
f 5241//7816 5242//226 5243//7817
f 5244//7818 5245//226 5242//7819
s 1
f 5242//7820 5241//7821 5244//7822
f 5240//2234 5246//7823 5244//2235
f 5246//7823 5245//7824 5244//2235
s 0
f 5243//7825 5247//7826 5241//7827
s 1
f 6971//5529 6957//6141 6881//7828 6882//7829 6886//176 6880//2342 6899//6142 6973//5530
f 6151//7830 6188//7831 6187//7832 6152//7833
f 2774//2848 2775//1028 3088//1038 3083//5224 3077//2849
f 812//7834 811//7835 810//7533 827//7532
f 980//7836 998//7837 986//6620 1003//6619 1009//6618 1010//6617 1004//2640 999//2639
f 4692//7400 4684//7399 4693//7838 4701//7839
f 4186//7840 4187//6257 4376//6256 4369//6255 4370//6254 4345//6069 4185//7841
f 573//7842 574//1771 548//1770 547//7843 569//7844 570//7845
f 1463//3922 1479//2562 1480//2306 1481//2305 1464//2304
f 3859//3040 3851//3039 3843//3038 3842//3962 3849//2389 3856//7846 3861//1814
f 1050//3881 1044//3880 1039//2442 997//2441 996//7847 1055//7848 1049//7849
f 6969//7850 6966//4830 6965//4829 6961//2814 6958//979 6964//982 6968//6144
f 7527//1728 7530//7851 7534//4170 7548//4168 7525//4167 7526//7852
f 1995//3760 2001//3762 2010//3872 2011//6535
s 0
f 5254//7853 5259//226 5261//7854
s 1
f 5261//7855 5262//7856 5254//7857
s 0
f 5254//7853 5260//226 5259//7854
s 1
f 5254//7237 5263//7236 5260//7858
f 5262//7856 5255//7859 5254//7857
f 3296//2500 3325//2499 3319//5782 3298//5781 3297//2501
f 5285//7068 5286//7860 5280//7069
f 5280//7069 5286//7860 5287//7861 5288//7862 5289//7863 5281//7864
f 5281//7864 5289//7863 5292//7865 5276//7866 5282//7867 5283//7868
f 5276//7866 5290//7869 5291//7870
f 5276//7866 5278//7871 5282//7867
f 5292//7865 5293//7872 5276//7866
f 5293//7872 5290//7869 5276//7866
f 5291//7870 5277//7873 5276//7866
f 5327//5093 5328//7654 5308//7653 5309//5094
f 5296//7874 5303//2838 5302//7875 5299//7876 5298//7877 5297//7878
f 5296//7874 5295//2839 5303//2838
f 4942//4296 4943//7361 4927//7360 4926//4297
f 1529//4745 1530//4744 1521//859 1520//858 1519//7879 1528//7880 1527//7881 1455//7882 1456//4741
f 7087//103 7109//1624 7188//4534 7181//3249 7088//3251
f 222//4769 226//4772 225//7883 223//7884
f 5317//5178 5341//5177 5342//5176
f 4142//6931 4137//3077 4143//3080 4147//493 4150//492 4146//7885
f 5330//7886 5340//7656 5329//7655
f 4523//7121 4515//7108 4509//7105 4514//7106 4507//7102 4513//7104 4432//7887 4522//7888 4431//7889 4532//2557 4533//1741
f 5323//5180 5320//7890 5319//7891
f 5318//5179 5320//7890 5323//5180
f 5319//7891 5322//7891 5323//5180
f 5322//7891 5321//7892 5323//5180
f 4075//7893 4058//7894 4044//7895 4028//7896 4010//7897 3993//7898 3969//7899 3955//7900 3943//7901 3926//7902 3869//7903 3855//7904 3854//6414 3853//6413 3868//6412 3806//6411 3815//7905 3814//7906 3807//7907 3808//7908 3809//7909 3810//7910 3811//7911 3812//1901 4062//1900 4074//1899 4063//1898 4088//1906 4083//1905 3748//1904 3749//2921 4076//2920 4065//6622
f 1889//3562 1881//3921 1862//3925 1860//7192 1895//3918
f 5337//4075 5338//1256 5334//1264
f 1335//6194 1334//5310 1339//5315 1262//7912 1263//7913 1266//2935 1343//2937 1264//2936 1265//7914 1328//5168 1327//5167
f 4487//1892 4475//4700 4486//4699 4438//4698 4439//7915 4440//7659 4474//7557 4484//7556 4494//7554 4493//7089 4497//1530 4498//1529
f 5306//7657 5307//7652 5339//7658
f 2432//3819 2427//4293 2430//4295 2436//5662 2438//3820
f 6977//7916 6976//7917 6979//7918 6982//7919
f 4315//7920 4311//7921 4324//7922 4323//7923
f 1823//7924 1822//7925 1818//7926 1819//2548
f 1155//7927 1164//7928 1163//7929 1165//7930 1154//7931
f 7407//6268 7409//7932 7410//7933 7411//6264 7414//6270 7415//6269
f 5340//7656 5330//7886 5331//1261 5312//1260 5306//7657
f 7177//2008 7170//2007 7174//7934 7173//7935 7180//7936 7181//7937
f 7759//6596 7658//6595 7657//2255 7765//2254 7764//2253 7761//2252 7757//2251 7758//6598 7760//6597
f 3500//7938 3494//7939 3493//7005 3499//7004
f 7173//7935 7174//7934 7170//2007 7181//2006
f 7248//7227 7250//7940 7231//7941 7233//5330
f 6103//7942 6082//7943 6081//7944 6080//7945
f 4564//6873 4553//7946 4560//7947 4566//7542 4573//6874
f 5411//7386 5412//7948 5415//7387
f 7298//7949 7288//7950 7289//929
f 5420//7951 5421//7952 5427//4412
f 3820//3187 3819//3186 3829//3185 3839//6408 3840//5987 3822//5874 3821//5873
f 4517//7113 4509//5797 4508//7107 4515//7108 4523//7121
f 5427//4203 5428//4411 5432//1333
f 5433//4204 5432//7953 5353//4205
f 5429//7954 5430//7955 5435//7956
f 1329//7419 1323//7418 1322//5170 1321//5169 1328//5168 1265//7914 1266//7957 1267//7958 1268//7421 1330//7420
f 4093//6674 4070//5894 4080//5896 4079//6626 4092//6673
f 7033//4393 7032//7442 7077//6951 7076//6432 7034//6437
f 1959//3716 1954//3670 1953//3690 1957//3692 1966//7959
f 5138//6101 5135//6100 5119//6099 5121//7960 5122//7961 5123//7962 5124//6505 5139//2220
f 2107//5753 2266//6238 2271//5741 2279//5740
f 5462//7963 5461//7964 5457//7965 5458//7966
f 2868//798 2866//4946 2860//6424 2861//799
f 5461//7967 5462//7968 5464//7969
f 5463//7970 5462//7971 5466//7972
f 2497//5650 2087//7973 2498//814 2504//3628
f 4655//745 4637//744 4631//6076 4636//2438 4654//1548 4662//1545
f 5465//4422 5466//483 5467//482
f 2662//1041 2652//1040 2644//5023 2638//5022 2637//7974 2647//1430 2650//1428 2648//1427 2659//1426 2670//7975 2695//7605 2702//7604 2696//7976 2691//4260 2686//4259 2681//4258 2676//6454 2671//6453 2665//6452
f 3613//869 3614//2279 3604//2283 3595//2282 3590//7977 3589//3433 3594//866
f 5473//7978 5474//7979 5477//7980
f 5479//7981 5478//7982 5358//7983
f 5470//485 5370//7984 5371//3372 5483//3371 5480//7985 5476//7986 5471//7468
f 5475//7987 5476//7986 5480//7985
f 6554//4236 6491//103 6553//4238 6551//4237
f 3919//7988 3920//7110 3925//7109 3776//7112
f 2832//7989 2821//6421 2829//5669 2844//5532
f 2215//7990 2221//3683 2228//2696 2239//2695 2234//2722 2240//2721 2244//4768 2245//7991 2246//3422 2235//3425 2230//5761 2223//5760
f 6868//7992 6870//7993 6869//7147 6862//7146 6863//7994 6864//7995
f 5621//6491 5620//909 5703//2445
f 234//7996 237//7997 236//7998 235//7999
f 2617//3324 2616//7298 2640//8000 2634//8001 2639//8002 2635//3325
f 520//8003 541//1118 540//1117 519//1116
f 7017//8004 7018//8005 7006//8005 6993//8006 6994//7052 7016//7051
f 2386//1961 2381//1960 2387//1959 2397//8007
f 2022//6604 2015//3802 2023//3804 2030//8008 2029//8009
f 1843//3538 1850//404 1834//403 1851//7570
f 7048//3741 7037//3375 7036//3475 7052//3474 7051//3473 7058//3472 7059//3314 7054//3313 7047//3742
f 5359//7788 5478//8010 5479//7789
f 5476//7986 5475//7466 5471//7468
f 5474//4425 5473//7978 5469//4426
f 5465//8011 5466//8012 5462//4420
f 5463//8013 5462//4420 5460//4419
f 5458//8014 5457//8015 5452//8016
f 5356//3861 5451//4409 5454//4408
f 5451//8017 5454//8018 5450//8019
f 5354//1337 5432//8020 5433//1332
f 5430//7388 5429//7954 5425//7389
f 2178//6224 2185//4792 2192//4791 2186//8021 2187//4800
f 5428//8022 5427//4203 5422//4202
f 5418//7649 5417//8023 5413//4300
f 5947//8024 5946//8025 5945//8026 5944//8027 5943//8028 5942//8029 5941//8030 5940//7807 5986//7806 5965//8031 5968//8032 5967//8033 5966//8034 5972//7798 5961//7797 5960//8035 5959//8036 5958//8037 5957//8038 5956//8039 5955//8040 5954//4912 5980//4911 5979//8041 5978//8042 5977//8043 5976//8044 5975//8045 5974//8046 5973//4919 5948//4918
f 5412//4277 5411//7386 5409//4278
f 2509//5652 2505//5651 2511//3626 2517//3625
f 5517//8047 5515//8048 5514//8049 5507//8050 5506//8051 5511//4116 5513//4115
f 5515//8048 5516//8052 5514//8049
f 5514//8049 5509//8053 5508//8054
f 5508//8054 5507//8050 5514//8049
f 4192//1799 4195//6866 4201//7065 4202//1800
f 5561//6634 5562//8055 5541//8056 5519//8057 5520//6635
f 367//6295 356//6294 355//6293 361//6292 360//4376 365//4375 366//7394
f 594//3554 597//3553 596//8058 595//8059
f 7225//8060 7222//8061 7227//8062 7228//8063
f 4870//1187 4871//1186 4881//1185 4889//7465 4890//5041 4883//7437 4873//7469 4865//2196 4860//2195 4857//1247 4856//1246 4864//6232
f 5544//7253 5548//8064 5547//7254
s 0
f 5544//8065 5549//8066 5548//8065
s 1
f 5547//7254 5546//8052 5543//7255
s 0
f 5544//8067 5550//226 5549//8068
f 5544//8069 5545//8069 5550//8070
s 1
f 3449//8071 3450//5945 3440//8072 3441//8073 3432//2261 3431//1753 3435//1764 3447//1763 3456//1762
f 396//1717 395//6682 399//4579 400//2524 401//2523 405//2522 406//6108 397//1718
f 7378//929 7377//929 7375//929 7376//929
f 2193//4675 2192//8074 2203//8075 2219//4777 2215//4084 2210//5868 2205//5867 2199//4674 2204//4676
f 5565//943 5564//942 5534//8076
f 5534//8076 5535//944 5565//943
f 1270//8077 1271//2266 1283//2265 1272//6914
f 6668//12 6660//11 6667//10 6666//7203
f 3497//8078 3498//7003 3492//5975 3491//5974
f 3677//8079 3678//8080 3640//6220 3732//6219 3731//6218 3733//7787 3734//7786 3726//7785 3679//8081 3676//8082
f 1571//8083 1572//8084 1573//3358 1559//3358 1560//8084 1561//8083 1562//8085 1570//8085
f 3717//6289 3723//8086 3643//8087 3644//6001 3715//6000
f 2945//1447 2937//5691 2938//6274 2947//3197 2954//1448
f 7332//8088 7333//5457 7336//3113 7337//3112
f 5358//7983 5357//4406 5469//4426 5473//7978 5477//7980 5478//7790 5479//7981
f 5582//5230 5575//5229 5576//6831
f 5583//6833 5577//6832 5578//6834
f 7701//6173 7700//5922 7708//5921 7710//7535 7712//6563 7711//6562 7705//6561 7704//6174
f 5582//5230 5574//6840 5580//5231
f 4250//8089 4251//8090 4246//8091 4245//8092
f 890//2126 891//4825 945//4824 946//1881 965//1883 967//2127
f 2343//661 2336//6160 2346//6159 2355//662
f 6568//1466 6569//1466 6567//1466 6566//1466
f 1186//5720 1187//3293 1239//3292 1235//3507 1234//5722 1231//5721
f 996//7847 989//8093 990//6901 1062//6900 1061//8094 1055//7848
f 4624//4350 4621//4349 4627//4348 4630//4351
s 0
f 5605//8095 5590//226 5591//8096
s 1
f 5605//8097 5589//8098 5590//8099
f 5605//8097 5588//8100 5589//8098
f 5605//8097 5587//8101 5588//8100
f 5591//8102 5586//440 5605//439
f 161//8103 183//8104 176//6057 212//6056 219//7417 218//7268 220//7267 221//7273 159//7272
f 3643//8087 3723//8086 3717//8105 3724//6311 3642//6310
f 821//6326 806//8106 814//8107 813//8108 812//7834 827//7532 828//6331 829//6330 826//6329 825//6328 824//6327
f 7164//1725 7175//2005 7181//8109 7178//726 7176//725 7171//2210 7167//2211 7107//723 7106//8110 7105//8111 7142//8112 7155//8113 7146//8114 7148//428 7154//427 7159//7461 7158//7460 7161//426 7166//1724 7163//1726
f 7161//426 7153//8115 7157//6999 7168//7001 7169//8116 7165//8117 7093//6125 7088//3251 7179//3250 7180//7936 7173//7935 7181//2006
f 1919//2320 1913//2319 1921//7119 1927//2321
f 904//4582 972//2218 923//2217 957//2150 903//2156
f 1892//7538 1897//3578 1902//3917 1903//28
f 5344//8118 5345//1586 5379//1585 5380//1584 5383//1583 5382//1582 5385//1581 5390//1580 5388//1579 5392//1280 5393//1279 5386//8119 5381//8120
f 42//5292 43//8121 15//8122 14//5289
f 1558//226 1557//226 1556//226 1555//226
f 2910//8123 2905//8124 2913//995 2920//994
f 6154//3974 6153//8125 6152//7833 6187//7832 6186//8126 6183//3976 6184//8127 6216//3975
f 6558//4229 6559//4680 6555//4679 6502//4894
f 6896//4834 6901//1670 6902//8128 6898//8129 6975//8130 6897//8131
f 1139//1097 1141//1096 1138//1095 1132//1617 1136//4067 1082//4066 1081//8132 1080//1098
f 6727//8133 6729//2842 6724//2840 6716//4592 6726//1466
f 5422//4202 5414//4207 5413//4300 5417//8023 5420//7951 5427//4412 5428//8022
f 1162//8134 1166//8135 1151//8136 1153//8137 1154//7931 1165//7930 1163//7929
f 4700//8138 4691//8139 4703//8140 4710//8141
f 3187//8142 3182//335 3188//334 3194//333
f 1595//8143 1596//3274 1582//3274 1583//8143 1584//8144 1585//4903 1593//4903 1594//8144
f 131//387 152//386 151//8145 132//8146
f 5702//2444 5701//603 5623//602
f 5621//6491 5703//2445 5702//2444
f 5620//909 5704//912 5703//2445
f 2041//8147 2046//8148 2062//8149 2063//8150 2075//8151 2074//8152 2064//8153 2038//8154
f 5706//1876 5705//911 5618//8155
f 5617//7662 5707//1877 5706//1876
f 5616//1879 5708//1878 5707//1877
f 7416//8156 7433//8157 7432//8158 7431//8159 7422//8160 7423//8161 7424//8162 7425//2902 7429//2901
f 167//4492 195//4491 198//4490 197//3956 196//3955 201//2026 202//6288 205//6287 170//6286 171//8163
f 4345//6069 4321//6068 4315//6066 4320//6065 4302//6064 4308//6938 4303//6937 4294//549 4275//548 4260//6908 4255//1298 4259//1297 4253//1296 4247//5450 4184//5449 4185//7841
f 6453//8164 6454//5851 6451//8165 6449//8166
f 3320//5735 3300//5737 3299//8167 3297//8168 3319//8169
f 6604//8170 6605//3052 6589//3051 6579//2342 6585//2342 6608//8171
f 3352//1147 3348//1146 3343//1148
f 1076//8172 1075//8173 1097//8174 1098//5349 1096//5348 1085//5347 1084//8175
f 7155//8113 7142//8112 7104//8176 7151//8177
f 5757//8178 5742//8179 5743//7764
f 5758//4562 5744//6516 5745//4563
f 2205//6463 2201//4072 2207//4073 2211//4782
f 4151//6821 4138//6927 4142//6931 4146//7885 4150//492 4108//6820 4109//6819 4110//6822
f 3012//1951 2998//1950 3004//8180 3011//6018 3024//5566 3028//1407 3026//1406 3018//5569
f 3071//2800 3065//5138 3068//5137 3077//645 3078//2801
f 7273//8181 7338//8182 7335//8183
f 2229//5763 2224//5762 2230//5761 2235//3425
f 724//828 723//827 725//4812 727//4811 728//8184 726//8185 689//8186 688//8187 687//8188 686//830 722//829
f 1799//8189 1807//8190 1806//2549 1818//3490 1819//8191 1823//8192 1822//3513 1814//2546 1798//8193
f 925//2152 926//1830 960//1829 958//2153
f 2998//1950 2991//1949 2995//8194 3002//8195 3011//6018 3004//8180
f 1351//8196 1417//4826 1420//1594 1422//1593 1427//2530 1352//3763
f 551//7161 552//4193 575//4192 567//7162
f 6071//5506 6072//8197 6109//8198 6108//5502
f 2743//1939 3006//1952 3011//5571 3005//8199 2999//8200 2991//2835
f 5634//1565 5658//1564 5660//5433 5664//500 5636//499
f 7649//6591 7648//5010 7740//97 7739//96
f 1569//8201 1570//8085 1562//8085 1563//8201
f 4566//4404 4575//6558 4587//8202 4588//8203 4598//8204 4589//8205 4576//4339 4567//4405
f 2524//4113 2507//4112 2511//4392 2518//4611 2523//4615 2527//4614 2533//1712 2543//1711 2550//1710 2563//2908 2564//2907 2556//2916 2557//2915 2551//7713 2544//7712 2539//7711 2534//8206 2535//4672 2530//4673
f 5835//8207 5798//8208 5799//8209
f 4824//7355 4830//6085 4841//1243 4831//1242 4832//1241 4825//8210
f 5649//4362 5625//4361 5624//8211 5630//8212 5631//8213 5633//8214 5635//8215 5637//8216 5665//8217 5671//8218 5672//2831 5666//2830 5667//2829 5659//5434
f 3957//779 3964//778 3971//780
f 3595//8219 3590//3434 3579//908 3588//2859 3602//2858 3603//6987
f 5879//6305 5880//8220 5840//8221 5841//6306
f 7673//7814 7644//7813 7643//8222 7642//8223 7641//8224 7640//8225 7699//8226 7639//8227 7638//8228 7637//8229 7636//8230 7635//5519 7669//5518
f 2659//1426 2664//1425 2670//7975
f 604//8231 613//8232 614//1248 605//1251
f 6719//8233 6720//2844 6730//8234 6732//8235 6733//5333 6718//5332
f 7103//8236 7102//8237 7137//8238 7142//8239 7146//8114 7155//8113 7151//8177 7104//8176
f 4205//2458 4213//2461 4221//6876 4214//6789 4206//2694 4199//6875 4198//2459
f 3490//8240 3496//8241 3497//8078 3491//5974 3502//5976 3492//5975
f 3178//8242 3182//8243 3187//332 3181//331 3177//330
f 2704//8244 2696//7976 2702//7604 2708//7606 2695//7605 2670//7975 2664//1425 2669//1424 2675//3555 2680//4573 2684//4572 2690//4574 2703//8245 2156//8246 2157//8247
f 894//6350 961//2214 941//2213 942//2212 968//589 893//588
f 4733//5054 4715//1542 4714//8248
f 6824//8249 6823//2473 6830//2472 6831//8250 6836//8251 6835//2469 6846//2468 6845//8252 6762//2397 6848//8253 6761//176 6768//873 6769//1379 6843//1378 6842//8254 6844//8255 6837//1375 6838//1374 6832//1373 6826//3592
f 4716//6149 4705//6148 4697//6527 4688//481 4682//480 4675//1543 4715//1542 4733//5054 4730//4937 4722//4936 4717//2661 4708//2660
f 3837//7609 3832//7608 3763//8256 3846//5499
f 1525//7096 1518//7095 1517//5829 1524//5828 1523//4743 1457//4742 1458//7098 1526//7097
f 2020//3796 2011//3795 2018//7698 2024//7699 2032//8257 2031//3864 1871//3834 1872//8258 1873//6534
f 6398//5700 6399//3236 6395//3235 6409//5701
f 2462//8259 2467//4764 2474//575 2468//574 2140//4763 2139//8260 2445//8261 2452//8262 2457//8263 2461//8264
f 1964//1685 1951//1684 1956//8265 1962//8266 1971//8267 1972//3889
f 2182//4013 2183//4802 2176//4804 2175//4011
f 7387//8268 7388//8269 7389//3576 7392//3575 7394//8270 7393//8271 7386//8272
f 3458//5899 3450//5945 3449//8071 3456//1762 3463//7546 3469//6380 3466//6379 3468//4734 3467//4733 3457//5898 3462//5900
f 154//8273 157//8274 153//8275 155//7744 156//4711
f 1125//249 1119//248 1116//5113 1122//5628 1124//7056 1126//1618
f 63//8276 87//8277 88//198 64//197
f 1057//121 1052//120 1042//2118 1041//2117 1046//3883 1051//3882 1056//6896
f 4630//4351 4627//4348 4620//4347 4626//6075 4629//6074 4637//744 4639//743
f 4847//1244 4841//1243 4849//8278 4855//6233
f 1900//8279 1894//8280 1895//8281 1906//8282
f 5936//8283 5898//8284 5897//5497 5935//5496
f 3192//5342 3193//5255 3200//5254 3206//8285
f 2788//8286 2793//5195 2796//2108 2787//2107
f 3922//5992 3916//6317 3921//461 3936//460 3947//3838 3948//3837 3937//7020 3938//5993
s 0
f 5992//8287 5968//226 5969//8288
s 1
f 557//7306 558//1017 588//1016 583//1015
f 2930//5690 2926//993 2932//996 2938//6274 2937//5691
f 4662//1545 4654//1548 4664//1547 4669//1546
f 6024//8289 6047//3000 6051//2998
f 4488//4695 4487//1892 4494//1891 4498//1529 4505//1528 4506//1527
f 3104//5531 3105//649 3096//648 3090//5228 3089//1035 3095//1034
f 2031//3866 2032//3826 2025//3825 2024//3867
f 6052//8290 5994//8291 5993//8292
f 2014//3778 2005//3777 2004//8293 2011//4386 2021//4385 2022//3870
f 2194//4046 2187//4042 2192//4044 2199//4674 2205//5867 2201//4785
f 7532//8294 7533//8295 7537//8296 7538//8297 7539//8298 7540//8299
f 6119//8300 6127//8301 6128//8302 6066//8303 6065//8304 6064//8305 6063//3547 6084//3552 6121//8306 6120//8307 6118//8308
f 6122//3549 6086//3551 6085//3550
f 841//8309 835//8310 830//8311 831//1517 839//5068 833//5067 834//8312
f 6123//8313 6088//8314 6087//8315
f 1069//7054 1068//2636 1137//2635 1135//4068 1130//7055
f 2808//4849 2802//4848 2801//3964 2807//3963 2812//3965 2820//4244
f 7091//7000 7152//6130 7156//6129 7160//6128
f 7755//1046 7751//188 7747//187 7746//5625 7758//6598 7757//2251
f 5558//6639 5563//6638 5566//6637 5521//6636 5522//8316 5523//1637 5557//1636
f 2906//4455 2902//4454 2908//4453 2917//4452
f 5315//8317 5317//5178 5342//5176 5314//5175
f 70//739 86//7157 92//7156 93//736
f 1679//8318 1680//8318 1677//8318 1678//8318
f 331//2863 317//8319 318//8320 319//5300 351//5299 352//5298 344//2865 342//2864
f 2559//4620 2545//2332 2535//2331 2534//8321 2539//7711 2543//7710 2551//7713 2557//2915 2565//2914 2558//4652 2563//4651
f 3790//469 4026//471 4042//470
f 3050//5560 3043//5147 3037//5146 3041//8322 3047//8323 3052//4864 3053//5559
f 6125//8324 6079//8325 6078//8326
f 3120//2788 3125//2787 3130//2786 3124//2785 3119//8327 3114//8328 3107//2790 3115//2789
f 1494//1133 1467//1132 1468//8329 1509//8330 1504//8331 1505//1454 1495//1453
f 6104//8332 6106//8333 6126//8334
f 2360//6544 2356//4756 2362//655 2370//669
f 6094//8335 6095//8336 6124//8337
f 4442//630 4473//629 4482//628 4471//643
f 1281//4009 1258//8338 1259//616 1340//615 1336//2328
f 5875//6850 5876//1254 5837//1253 5836//6851
f 5448//508 5446//7644 5453//8339
f 196//3955 168//3954 169//2031 199//2030 203//2029 204//2028 200//2027 201//2026
f 6160//8340 6161//8341 6215//1496
f 1032//2439 1027//6883 1021//6616 987//6621 988//2440
f 3390//8342 3362//8343 3361//3695 3389//3694 3392//3693 3396//3712 3401//3711 3400//3710 3398//1992 3397//1994 3394//1993 3393//8344
f 5907//8345 5906//8346 5919//8347 5920//8348
f 3125//7598 3132//8349 3137//7599
f 4324//7922 4311//7921 4298//6934 4290//6933 4289//2953 4296//8350 4303//5123 4310//7087 4315//7088 4323//8351
f 1338//5314 1333//5313 1332//2326 1337//614 1341//613
f 4882//8352 4883//8353 4873//8354 4872//8355
f 6218//8356 6142//8357 6141//8358
f 2457//2607 2451//2450 2442//2449 2448//2957 2456//2960 2459//4727 2463//4353 2471//4355 2494//5660 2487//7287 2499//7286 2495//8359 2489//8360 2488//7489 2477//7488 2476//1444 2465//1442
f 6220//8361 6129//8362 6138//8363
f 2396//5543 2388//5542 2405//6093
f 6225//8364 6167//8365 6166//8366
f 3891//5943 3887//6404 3889//1153 3895//1152
f 2735//5235 3192//5342 3206//8285 3200//5254 3199//5253 3213//109 3214//108 3221//107 2736//106
f 758//8367 764//6185 786//692 759//691
f 3289//4766 3282//2342 3273//176 3272//8368 3283//8369 3281//4765
f 2453//2610 2458//2609 2462//2608 2461//8264 2457//8263 2452//8262 2445//8261
f 7288//7950 7298//7949 7297//5005 7369//5004 7368//6040 7373//6039 7372//6038 7287//6049
f 6221//8370 6205//8371 6206//8372
f 6198//8373 6197//8374 6219//8375
f 2428//4294 2421//4732 2418//6550 2413//6549 2417//6548 2431//5665
f 6217//8376 6186//8377 6185//8378
f 1641//8379 1642//8379 1643//8379 1644//8379
f 663//3390 655//3389 653//8380 654//8381 662//8382 660//8381 661//8383 656//8384 657//8385 658//8386 659//8387 642//8388 643//5612 668//5611 666//3392 664//3391
f 6811//3601 6806//3600 6804//8389 6815//8390 6816//8391 6759//8392 6752//8181 6827//8393 6828//2463 6822//2474 6824//3110 6818//3588 6812//1848
f 6226//2046 6174//2048 6175//2047
f 7398//8394 7399//6401 7403//6400 7404//6267
f 6181//1497 6180//1492 6214//1491
f 6184//8127 6183//3976 6216//3975
f 965//1883 947//1882 948//8395 949//8396 950//8397 951//8398 952//8399 953//8400 913//1004 895//1003 896//8401 897//8402 898//8403 890//2126 966//2128 967//2127
f 4840//7376 4846//7378 4854//6234 4855//6233 4849//8278 4841//1243
f 4241//8404 4237//8405 4243//8406 4249//8407 4262//8408 4272//8409 4276//511 4268//8410 4261//8411 4255//8412 4254//1300
f 6199//2381 6200//2380 6224//2379
f 4602//2403 4599//2402 4604//2401 4608//2404
f 4673//8413 4672//8414 4698//8415 4708//131 4719//130 4712//129 4699//7730 4709//141 4750//140 4746//3900 4738//374 4732//7258 4724//7505 4711//8416 4700//8138 4710//8141 4703//8140 4691//8139 4684//7399 4674//6733 4677//6732 4683//6735 4678//6734 4659//7398 4650//7222 4658//7224
f 571//8417 568//7163 567//7162 575//4192 576//4191 577//4190 578//4189 579//7305
f 3651//3144 3709//3143 3719//5364 3727//1512 3650//6309
f 1568//8418 1569//8201 1563//8201 1564//8418
f 7086//8419 7085//8419 7083//8419 7084//8419
f 6311//176 6310//176 6234//176 6233//176 6232//176 6231//176 6235//176 6247//176 6246//176 6245//176 6244//176 6243//176 6242//176 6241//176 6271//176 6338//176 6342//176 6261//176 6248//176 6265//176 6260//176 6256//176 6254//176 6348//176 6336//176 6325//176 6321//176 6276//8420 6264//176 6295//176 6304//176 6322//176 6331//176 6303//176 6294//176 6302//176 6320//176 6312//176 6330//176 6319//176 6284//176 6283//176 6282//176 6275//176
f 2493//5649 2485//5648 2087//7973 2497//5650
f 1690//3365 1697//3365 1698//6382 1691//6382
f 5842//3071 5840//8221 5880//8220 5881//3068
f 6402//8421 6390//8422 6393//8423
f 6393//555 6402//3232 6397//556
f 7544//6985 7546//7170 7549//7169 7550//7168 7536//7167 7532//8294 7540//8299 7542//8424 7531//8425 7529//8426 7528//8427 7521//8428 7522//6983
f 6401//559 6400//558 6353//560
f 3236//5910 3224//5909 3228//5374 3235//5707 3238//5706 3244//5806 3239//5805 3242//5804 3240//8429 3237//5061 3230//5060
f 3163//8430 3162//224 3154//223 3146//222 3156//6237
f 6415//564 6410//562 6405//561
f 6416//5705 6407//5704 6413//7565
f 6408//2125 6416//5705 6414//2120
f 7348//5003 7346//7749 7354//7748 7353//6041
f 4055//2980 4068//6667 4091//6666 4096//6654 4097//6671 4092//6673 4079//6626 4085//6628 4080//6627 4069//6314 4060//6313 4049//466 4056//6202 4050//2978
f 5107//1854 5110//1859 5109//1858 5104//1857 5105//2516 5108//2515
f 6425//2124 6419//8431 6422//8432
f 6420//1225 6425//2124 6423//7568
f 2186//1988 2177//1987 2176//8433 2182//4039 2191//4798 2192//8434
f 3880//4876 3874//4875 3882//7500 3885//7499
f 2203//8075 2192//8074 2191//4050 2198//4051 2209//5744 2218//5743 2237//2298 2233//2297 2220//4085 2219//4777
f 6358//176 6436//8435 6430//8436
f 6431//5614 6358//7566 6437//8437
f 6425//5615 6431//5614 6438//8438
f 1483//74 1475//73 1474//3265 1473//3264 1482//1130
f 2657//8439 2654//8440 2658//4140 2661//4139
f 2847//5667 2843//5534 2849//5533 2856//5668
f 6443//1671 6374//1670 6375//8441 6371//8442 6445//8443 6370//8131 6369//1672
f 6445//8443 6371//8442 6370//8131
f 6437//8437 6436//8444 6358//176 6359//176 6357//2342 6372//6142
f 4268//8445 4261//8446 4255//8447 4254//6907 4260//6908 4275//548
f 6436//8444 6437//8437 6358//7566
f 6368//1673 6439//1935 6435//1663
f 6434//1664 6435//1663 6439//1935
f 6432//7567 6433//8448 6439//1935
f 2672//3219 2682//6458 2671//3221 2666//3220
f 6430//565 6358//7566 6426//566
f 1863//1698 1852//8449 1862//3925 1861//3924 1881//3921 1888//3920 1889//1700 1882//1699
f 4404//8450 4854//6234 4846//7378 4841//7377 4830//8451 4829//7372 4406//7373 4845//7375 4405//8452
f 4833//1240 4834//51 4835//50 4801//4500 4795//8453 4789//8454 4781//4498 4774//365 4773//364 4794//7682 4807//7681 4812//7680 4818//7483 4813//7485 4808//8455 4819//7484
f 6422//7569 6423//7568 6425//2124
f 6413//2121 6414//2120 6416//5705
f 1446//8456 1439//8457 1438//6110 1445//6109
f 2871//4451 2865//2091 2873//2090 2878//2089
f 6396//557 6397//556 6402//3232
f 6409//5701 6395//3235 6392//3234
f 3042//6895 3049//7664 3051//7663 3047//7666 3041//8322 3035//5141
f 6609//3055 6605//8458 6604//8170 6585//8459 6574//2342 6617//8460 6613//8461 6614//8462 6611//3056
f 6386//8463 6387//6508 6388//1461
f 6384//1463 6385//2597 6389//1464
f 1669//8464 1676//8464 1670//8465 1664//8465
f 6453//8164 6449//8166 6451//8165
f 3518//8466 3520//3681 3530//6020 3519//3680 3531//3679 3532//6019 3528//3727 3529//8467
f 6713//5007 6714//3929 6710//3931 6709//8468
f 6454//8469 6448//5851 6451//8470
f 7616//8471 7615//8472 7709//8473 7706//5919 7650//5918 7618//8474 7617//8475
f 5724//7125 5713//7124 5714//8476 5715//8477
f 2029//8478 2030//8008 2023//3804 2016//3803 2006//1692 1991//1691 1998//1688 2004//3776 2014//3778 2022//3870 2028//3869
f 6477//8479 6473//8480 6474//8481
f 6477//8479 6474//8481 6475//8419 6478//8419
f 2415//5118 2404//6094 2405//6093 2388//5542 2382//1962 2386//1961 2397//8007 2387//1959 2380//1958 2371//1957 2379//6554 2396//6553 2395//6552 2414//6551 2418//8482 2419//5119
f 6472//8483 6479//8484 6480//8485
f 3500//7938 3501//8486 3495//8487 3494//7939
f 6485//8488 6483//2553 6469//2552 6470//8489 6482//8490
f 6484//8491 6482//8490 6470//8489
f 2851//5581 2859//3257 2862//3260
f 3442//2972 3443//2971 3436//8492 3437//4398 3434//1267 3433//1266 3432//2261 3441//8073
f 5831//8493 5775//8494 5774//8495 5823//8496 5824//8497 5825//8498 5826//8499 5829//8500 5828//8501 5827//8502 5803//8503 5804//3780 5790//3779 5789//8504 5788//8505 5787//8506 5795//8507 5796//8508 5830//8509 5832//8510
f 6479//8511 6472//8512 6473//8480 6477//8479
f 849//8513 848//6376 878//6375 880//6374 879//2946 861//2945
f 2677//3222 2671//3221 2682//6458 2683//4616
f 3178//7303 3174//8514 3179//8515 3185//7304
f 547//7843 546//7164 568//7163 571//8417 572//8516 569//7844
f 6523//875 6530//874 6527//4899
f 6492//103 6530//4235 6529//6543
f 6527//8517 6526//8518 6530//8519
f 2609//3970 2603//4504 2602//1606 2079//4508 2614//2645 2626//2644 2627//4145 2622//3971
f 5540//8520 5518//8521 5543//7255 5546//8052 5551//8522 5552//8523 5553//8524 5537//8525 5538//2991 5539//8526
f 6530//8527 6529//8528 6531//8529
f 45//56 44//57 17//59 16//54
f 2977//6747 2978//8530 2968//5078 2963//1449 2967//3200 2952//3199 2769//5865 2770//6738 2976//6748
f 2232//2697 2227//3686 2238//2698
f 2104//5633 2105//5632 2292//5822 2299//8531 2305//6164 2309//6163 2320//6162 2312//5635 2308//5634
f 5533//941 5534//8076 5564//942
f 856//8532 855//1915 865//1914 863//4654
f 6536//8533 6537//879 6542//4898
f 6539//4892 6538//4233 6540//4232
f 6540//8534 6539//8535 6543//8536
f 6543//4230 6540//4232 6544//4231
f 3964//5062 3975//3845 3966//8537 3967//8538 3960//8539 3961//1053 3940//1052 3939//5994 3949//5225 3959//5227
f 2296//4602 2288//8540 2284//7085 2276//8541 2259//8542 2253//4151 2246//4150 2245//381 2252//380 2258//383 2262//2713 2275//2712 2283//2711 2287//2710 2294//5816 2295//5824 2302//4603
f 7661//6172 7651//5917 7700//5922 7701//6173
f 6536//8533 6542//4898 6545//3082 6547//3081 6556//4896 6560//4678 6563//4677 6565//7317 6557//7316 6561//7315 6564//4683 6501//4682 6500//8543 6514//8544 6513//8545 6512//7690 6546//7689 6537//7688
f 6502//4227 6503//4681 6562//4228
f 6563//4677 6564//4683 6565//7317
f 6502//4894 6555//4679 6552//4895
f 3068//5137 3064//5136 3070//4866 3077//645
f 6549//4897 6550//3084 6548//3083
f 6132//8546 6133//8547 6222//8548 6134//8549 6135//2375 6223//2374 6211//2373 6203//2372 6204//8550 6206//8551 6207//8552 6210//8553
f 6541//878 6542//4898 6537//879
f 6537//879 6536//7687 6535//880
f 4477//8554 4470//8555 4479//8556
f 4370//6254 4371//6253 4377//6252 4378//4636 4364//4635 4360//8557 4359//8558 4347//8559 4339//8560 4331//6061 4330//6060 4346//6070 4345//6069
f 803//4177 805//4176 804//7531 800//8561
f 5466//7972 5465//8011 5462//4420 5463//7970
f 5301//8562 5300//8563 5299//7876 5302//7875
f 6604//3054 6605//8458 6609//3055
f 6741//2130 6745//2130 6744//1269 6740//1269
f 6613//3057 6614//8564 6618//3045
f 6616//4056 6615//7191 6612//4057
f 4771//7683 4772//363 4752//376 4745//375 4751//3901 4746//3900 4750//140 4749//139 4764//4196 4770//8565 4778//5844 4779//5843 4780//7684
f 6612//8566 6621//8567 6625//8568
f 6850//8569 6852//8569 6851//8569 6849//8569
f 6627//3047 6634//5988 6630//7412
f 3277//176 3280//103 3288//5714 3287//8570 3286//5733
f 6630//7412 6629//5027 6634//8571
f 6633//4063 6628//8572 6593//4064
f 6628//8572 6636//4062 6640//4061
f 3203//3573 3197//3572 3205//8573 3211//5913 3218//4251 3210//4252
f 2719//4459 2890//8574 2883//5636 2884//4437 2891//4436
f 6639//4369 6638//4368 6634//7196
f 6640//4061 6649//4060 6644//4179
f 4812//8575 4806//8576 4805//7318 4811//6088 4818//6087
f 6644//8577 6643//8578 6649//8579
f 3352//8580 3349//8581 3350//8582 3345//8583 3344//8584
f 6646//8585 6645//4178 6649//8586
f 2083//3649 2082//4471 2569//4470 2570//8587 2554//1707 2541//1706
f 6649//8586 6650//4664 6653//4663
f 4408//7481 4822//7335 4817//7323 4809//7322 4409//8588
f 1887//8589 1859//8590 1857//7536 1893//7539 1900//3582 1894//8591
f 4363//8592 4362//8593 4357//8594 4358//8595
f 6660//8596 6659//8597 6665//8598
f 6662//841 6673//840 6675//4671
f 6675//4671 6677//4670 6679//6
f 981//2638 980//7836 999//2639
f 6678//7 6679//6 6677//4670
f 6677//8599 6678//8600 6674//8601
f 6674//9 6677//4670 6672//4669
f 6612//4057 6621//3050 6620//3049 6624//3048 6627//3047 6631//7411 6623//7410
f 6665//7199 6660//8602 6583//1410
f 6659//7415 6580//6124 6660//8603
f 6596//5939 6662//8604 6664//5940
f 6663//4659 6664//5940 6662//8604
f 6662//8605 6663//8606 6658//8607
f 6658//4661 6662//8604 6657//8608
f 6649//7204 6656//4667 6652//4666
f 6655//7205 6649//7204 6651//7195
f 6651//7195 6652//8609 6649//8610
f 6650//4181 6649//8586 6645//4178
f 6641//3733 6637//7414 6634//103
f 7440//8611 7438//124 7436//127 7437//8612 7439//6212
f 6636//4062 6628//8572 6633//4063
f 6649//4371 6635//4059 6632//4058
f 1016//1432 1024//2114 1025//2113 1017//8613 1018//8614 1013//1198 1008//1197 1007//1196 1002//1195 1006//1433
f 6622//5989 6617//8615 6613//176
f 6621//3050 6612//4057 6615//7191
f 3268//5935 3263//5414 3269//5416 2751//5426
f 6614//8462 6613//3057 6611//3056
f 6610//8616 6608//8617 6585//2342
f 6195//8618 6139//8619 6140//8620 6141//8621 6143//8622 6144//8623 6129//8624 6220//6808 6209//6807 6197//8625 6196//8626
f 6608//8171 6585//8459 6604//8170
f 6605//3052 6604//3054 6602//3053
f 2761//2185 2760//8627 2790//8628 2791//4823
f 2887//5584 2894//5826 2890//5825 2882//5583 2881//5582 2886//8629 2911//8630 2906//1271 2898//1270 2912//718 2918//717 2913//995 2905//8124 2910//8123 2920//994 2926//993 2930//5690 2927//4776 2921//2083 2900//1752 2897//1751 2899//2082 2888//2081 2883//5585
f 4920//3330 4921//3329 4910//3328 4911//8631 4903//8632 4906//3331
f 4858//6235 4854//6234 4403//8633 4402//8634 4863//6236
f 6691//8635 6698//8636 6697//8637
f 6688//8638 6698//8639 6699//8640
f 2483//1384 2467//4764 2462//8259 2465//4356 2473//4358 2482//8641 2487//1385
f 76//1122 98//1121 99//758 77//757
f 7321//3116 7307//5456 7316//5455 7315//3117
f 6686//672 6685//7757 6698//673
f 6684//8642 6685//8643 6702//5328
f 2515//4107 2502//7266 2501//8644 2508//4111 2514//4110 2519//4108
f 6703//8645 6704//8646 6683//8647
f 6705//8648 6704//8649 6682//8650
f 3566//6022 3543//2923 3542//2629 3564//2628 3565//2627 3582//2626 3583//2625
f 6702//671 6701//7758 6686//672
f 6706//176 6707//176 6712//8651
f 6712//8651 6708//8652 6706//176
f 6441//5941 6439//1665 6433//8448 6432//7567 6428//5616 6425//5615 6438//8438 6431//5614 6437//8437 6372//6142 6373//1669 6444//1668 6442//1667
f 6709//8468 6710//3931 6713//5007
f 6758//176 6759//8392 6815//8390 6804//8389
f 502//8653 503//8654 494//8655 495//8656 493//3204 501//3203
f 6729//2842 6728//2841 6724//2840
f 7652//8657 7660//6599 7749//5012 7653//5011
f 6720//2844 6729//2842 6730//8234
f 4597//8658 4586//4340 4576//4339 4589//8205 4598//8204 4602//6079
f 6731//2843 6729//2842 6720//2844
f 2589//1610 2590//4642 2583//4643 2577//2912 2582//2911
f 4689//8659 4681//5836 4690//6150 4696//2659
f 6735//8660 6736//2994 6717//8661
f 6781//6492 6755//6494 6767//6493
f 6755//6494 6781//6492 6782//6261
f 7232//929 7231//7941 7250//8662 7252//8663
f 6784//268 6783//267 6764//269
f 6757//176 6788//103 6787//6495
f 1500//5831 1501//5830 1502//2308 1493//2307 1492//2561 1491//4211 1497//4210 1499//8664
f 6786//3598 6785//6263 6788//3599
f 6788//8665 6787//8666 6792//8667
f 6788//3599 6789//2593 6793//2592
f 542//3360 541//1118 520//8003 521//3361
f 7168//7001 7172//6126 7093//6125 7165//8117 7169//8116
f 3267//6208 3261//5412 3255//5411 3248//8668 2746//8669 2745//6209
f 3429//1754 3425//2260 3422//5864 3416//4629 3415//4628 3404//4627 3391//4626 3363//4625 3362//8343 3390//8342 3393//8344 3394//1993 3398//1992 3399//8670 3402//3709 3407//3708 3406//2504 3403//2503 3405//2502 3408//2505 3423//1756 3424//1755
f 6800//3596 6801//1792 6803//3597
f 4354//6034 4357//6033 4362//8671 4368//6035
f 6805//8672 6804//8673 6808//8674
f 6806//3600 6805//7080 6804//8389
f 1454//3364 1455//7882 1527//7881 1469//8675
f 7624//7633 7627//101 7738//100 7742//99 7744//5626
f 5369//4281 5370//7984 5470//485 5468//484 5461//7967 5464//7969 5462//7968 5458//8014 5452//8016 5445//7576 5448//7579 5446//8676 5442//8677 5440//8678 5437//8679 5434//8680 5430//7955 5429//5323 5424//5322 5415//7387 5412//7948 5411//4276
f 1868//8681 1869//2342 1870//3833 2018//3911 2008//3791 2017//3793 2009//3792 1999//3874 1993//5901 1994//5015 1986//3739 1978//917 1985//1047 1974//916 1967//915 1959//3716 1966//7959 1957//3692 1954//3691 1948//3666 1941//1127 1947//1128 1933//33 1924//32 1917//31 1910//2359 1903//3580 1909//8682 1897//345 1890//344 1884//351 1854//350 1853//176 1864//2342 1866//3478
f 335//6997 350//262 349//261 357//6298 358//6297 362//6296 338//7122
f 5266//8683 5265//8684 5264//8685 5269//8686 5270//8687 5271//7235 5272//7234 5273//7244 5257//7243 5256//8688 5274//8689 5275//8690 5268//8691 5267//8692
f 707//4809 708//2159 736//2170 734//2169 735//2168 732//8693 730//8694 729//4810
f 6816//8391 6815//8390 6759//8392
f 7121//3516 7115//3515 7120//804 7125//6766 7126//8695 7124//8696 7132//420 7140//419 7142//8697 7133//8698 7137//8238 7102//8237 7101//3517
f 6825//8699 6824//8700 6829//8701
f 6826//3592 6825//3591 6824//8249
f 6680//8441 6682//8650 6704//8649 6681//8441
f 6828//2463 6827//8393 6752//2464
f 1929//2873 1922//3606 1921//1066 1928//1065 1937//3906 1938//8702 1943//3532 1944//3899 1939//3509 1930//3610
f 856//8532 863//4654 858//4653 860//8703 859//8703 857//8704
f 2431//5665 2437//5664 2447//5663 2436//5662 2430//4295 2428//4294
f 6846//8705 6845//2467 6841//2466
f 2705//8706 2697//6455 2685//4257 2691//4260 2696//7976 2704//8244 2157//8247 2158//4270 2709//2453 2698//2452 2693//4269 2695//6457
f 6400//558 6396//557 6402//3232 6385//2597 6384//1463 6378//1462 6381//6507 6380//6506 6383//6509 6387//6508 6386//8463 6388//1461 6360//1460 6350//8707 6377//8708 6351//564 6352//563 6353//564 6354//563 6415//564 6405//561 6403//5368
f 444//6728 464//6727 462//6726 463//6729 438//7346 437//8709 443//8710 461//8711 436//8712 435//8713
f 6845//8252 6846//176 6762//2397
f 6843//8714 6844//1377 6839//8715
f 6842//8254 6843//1378 6844//8255
f 6844//8255 6839//1376 6837//1375
f 6835//8716 6836//8717 6831//8718
f 6834//2470 6835//2469 6836//2471
f 6836//2471 6831//8250 6830//2472
f 3295//1969 3309//1968 3311//8719 3313//8720 3325//8721 3319//2498 3297//8722
f 6827//8723 6752//176 6753//103
f 1434//8724 1439//8457 1446//8456 1433//8725
f 6823//8726 6824//8727 6819//8728
f 6822//2474 6823//2473 6824//3110
f 6824//3110 6819//3589 6818//3588
f 6811//3601 6812//1848 6813//1847
f 6802//1791 6803//3597 6801//1792
f 6801//1792 6800//272 6798//271
f 6794//1627 6792//2595 6788//7661
f 3795//8729 4094//6645 4099//6653 3760//2774 3761//8730
f 6789//6262 6788//3599 6785//6263
f 6782//6261 6763//6260 6755//6494
f 3725//7784 3729//7783 3728//716 3685//715 3686//8731
f 6867//8732 6864//7995 6854//8733 6865//8734
f 6854//2993 6865//2993 6866//8735
f 5711//5287 5712//7123 5725//5276 5726//5275 5731//5274 5732//5273
f 6864//7995 6867//8732 6870//7993
f 5258//1890 5268//8691 5275//8690 5274//8689 5256//8688
f 1946//3668 1940//3665 1948//3666 1954//3691 1953//3669
f 6875//8736 6874//8737 6857//8738
f 2635//1419 2630//1418 2636//1417 2643//1420
f 4275//509 4282//512 4295//546 4289//545 4283//8739 4296//6063 4322//6062 4331//6061 4339//8560 4332//2759 4351//2758 4348//4082 4340//4081 4333//6949 4324//6948 4323//8740 4315//8741 4311//5122 4304//5121 4297//2956 4284//2955 4285//7033 4277//7034 4273//6788 4263//6787 4256//1069 4251//1976 4255//1975 4261//8742 4268//8743
f 6853//6754 6856//8744 6857//8745 6875//8746 6876//6755 6855//3930
f 6859//8747 6860//7144 6873//7143 6875//8748 6857//8745 6858//8749
f 6864//7995 6870//7993 6868//7992
f 479//2054 455//2065 456//8750 480//8751 470//8752 469//7351 468//7350 474//7349
f 6883//2342 6885//176 6905//8753
f 3964//5062 3959//5227 3965//3836 3974//3847
f 2423//4292 2424//7382 2420//8754 2422//8755 2428//8756 2429//8757 2425//8758 2138//8759 2137//5547 2407//5546 2399//5545 2404//582 2410//581 2414//580 2418//4290
f 3093//8760 3085//5969 3094//2792 3100//2791 3099//8761
f 1262//7912 1339//5315 1338//5314 1341//613 1342//612 1260//8762
f 2720//4458 2903//4457 2916//4456 2917//8763
f 6931//752 6917//751 6920//5961
f 4584//4689 4573//6874 4586//2870 4425//2869
f 6749//6754 6748//6754 6750//6754 6751//6754
f 846//1315 872//1314 874//3535 876//6373 847//6377
f 301//518 302//2584 297//8764 298//8765 278//8766 277//6015 295//520 296//519
f 6928//8767 6927//8768 6933//8769
f 6929//394 6928//5957 6927//395
f 6878//564 6879//564 6881//563 6956//8770 6957//6141 6952//6140 6951//7133 6958//7134 6946//6138 6943//4609 6942//4608 6947//4610 6936//397 6935//396 6927//395 6926//8771 6925//6991 6932//6990
f 6948//8772 6937//8773 6940//2822
f 6947//8774 6939//393 6944//400
f 6940//2822 6947//8774 6945//2823
f 3445//3705 3439//1759 3447//3707 3448//3706
f 7523//6984 7524//4172 7544//6985
f 6479//8775 6481//8776 6482//8490 6484//8491 6470//8489 6471//8777 6472//8778
f 6965//2816 6954//2815 6961//2814
f 6957//6141 6956//8770 6881//7828
f 6961//2814 6960//2813 6958//979
f 7330//3108 7331//8779 7332//2949 7320//2952 7272//103 7273//8181 7274//8780 7335//8183 7338//8182 7340//8781 7342//8782 7277//8783 7278//103 7279//8784 7360//8785 7362//2396 7366//2398 7367//2468 7357//8786 7356//8787 7358//8788 7351//8789 7344//8790 7343//3109
f 3556//2149 3613//2148 3622//8791 3631//7344 3637//7343 3632//7342 3638//7341 3633//7340 3639//7339 3558//7338
f 6968//4831 6969//6143 6972//1667
f 1932//3905 1925//26 1933//33 1941//1127
f 6975//8130 6898//8129 6897//8131
f 693//8792 692//8793 691//8794 690//8795 731//8796 733//8797 732//8693 735//2168 737//2167
f 620//8798 603//8799 602//8800 610//8801 609//8802 619//8803
f 2812//6180 2764//6179 2786//4248 2835//4247 2827//4873 2819//5681
f 7367//2468 7366//8804 7281//3476 7374//8805 7280//1410 7286//6048 7370//6047 7371//6046 7364//6045 7363//8806 7365//8807 7359//6043 7352//6042 7334//5458 7332//8088 7337//3112 7339//3111 7341//8808 7345//8809 7344//8790 7351//8789 7355//8810 7358//8811 7357//8786
f 6969//7850 6968//4831 6966//4830
f 2695//6457 2692//6456 2697//6455 2705//8706
f 4743//135 4742//5775 4736//5774 4741//6954 4737//5772 4740//4509 4747//4513 4761//8812 4757//6006 4748//6005 4755//6004 4762//6007 4764//3934 4756//136
f 6956//8813 6881//103 6882//103
f 6959//6136 6960//980 6958//8814
f 6958//8815 6959//8816 6953//8817
f 4176//8057 4183//5448 4203//5451 4177//5791
f 6953//2825 6958//2827 6950//2826
f 54//7062 55//144 30//143 29//7063
f 6944//2824 6945//2823 6947//8774
f 4326//961 4316//6794 4312//6944 4311//7021 4315//8818 4323//6947 4333//6949 4340//4081 4334//4080 4325//4079 4332//4078 4341//952 4335//951
f 6926//8819 6927//8820 6921//8821
f 6925//6991 6926//8771 6927//6992
f 6922//5958 6923//978 6931//977
f 6927//6992 6921//5955 6918//5954
f 6914//8822 6915//8823 6912//8824
f 6913//6993 6914//5953 6915//6994
f 6915//6994 6912//5951 6909//5950
f 1515//856 1510//855 1506//1451 1505//1454 1504//8331 1509//8330 1468//8329 1470//8825
f 3066//8826 3067//8827 3062//8828 3054//8829 3044//6117 3037//6116 3036//5145 3043//5147 3050//5560 3052//5183 3060//5134 3061//5139
f 6910//5962 6904//1091 6907//748
f 6982//7919 6978//7919 6979//8830
f 4558//1678 4552//7132 4551//8831 4428//8832 4427//8833 4557//3432 4563//3431 4426//3300 4572//1679
f 2037//6725 2053//6724 2054//5928 2040//5927
f 2531//4105 2530//8834 2524//2664 2520//2663 2526//4106
f 7007//6014 7003//6013 7004//8835
f 7007//6014 7004//8835 7005//8419 7008//8419
f 632//1486 624//1490 623//8836 622//6857 631//6856
f 5150//8837 5149//8838 5148//8839 5147//8840 5152//8841 5146//6449 5166//6448 5167//8842 5169//8843 5168//8844 5171//8845 5170//8846 5172//8847 5174//8848 5173//8849 5175//8850 5176//8851 5177//8852 5178//8853 5187//8854 5186//8855 5185//8856 5184//8857 5183//8858 5179//6441 5156//6440 5157//8859 5158//8860 5159//8861 5161//8862 5160//8863 5162//4939 5151//4941
f 2980//1142 2970//1141 2982//6536 2988//6538
f 7010//6012 7009//4965 7002//4964
f 2328//703 2321//702 2314//5823 2322//6161 2337//660
f 6999//8864 7001//8865 7013//8866 7012//2553
f 3120//7597 3100//8867 3107//2790 3114//8328 3119//8327 3124//2785 3136//2784 3149//2038 3156//5511 3150//5905 3172//5904 3195//5903 3217//5902 3211//5913 3205//8573 3197//3572 3196//4303 3189//4302 3185//7304 3179//8515 3174//8514 3178//7303 3183//4301 3180//4132 3167//4131 3159//7740 3166//7741 3161//7601 3165//7600 3158//7249 3151//7248 3137//7599 3132//8349 3125//7598
f 7000//7049 6999//8864 7012//2553
f 7013//8868 7014//8869 7001//8870
f 3279//5715 3287//5713 3280//103 3282//2342 3281//4765
f 710//8871 703//5265 713//5267 698//6888 699//8872 711//8873 709//8874
f 4702//7401 4692//7400 4701//7839 4693//7838 4684//7399 4691//8139 4700//8138 4711//8416 4724//7505 4731//7504 4732//372 4726//7257 4721//7402
f 126//377 146//379 147//3100 127//3104
f 1049//7849 1055//7848 1061//8094 1062//6900 1063//6899 1058//6898 1059//6897 1056//6896 1051//3882 1050//3881
f 7081//8005 7082//8005 7080//8005 7079//8005
f 7056//8875 7022//8876 7057//8877
f 1666//3378 1673//3377 1674//3608 1667//3607
f 7027//103 7020//103 7060//8878
f 3567//6021 3568//6025 3545//7472 3544//7685
f 3698//3130 3671//3129 3670//8879 3697//8880
f 7062//3471 7061//3470 7063//3469
f 7063//8881 7062//8882 7064//8883
f 6451//8165 6450//8005 6452//1466 6453//8164
f 618//7719 619//8803 609//8802 608//7720
f 7064//7672 7063//3469 7066//3467
f 5639//8884 5638//498 5674//497 5678//5624 5677//5623 5683//5622
f 2978//8530 2977//6747 2986//6744 3007//6743 3002//5116 2995//5575 2987//5577 2979//5082 2970//5081
f 6150//6135 6189//6134 6188//7831 6151//7830
f 4164//7017 4319//7019 4318//6483 4329//6482 4337//8885
f 5694//2931 5693//2930 5692//6910 5697//6909 5696//2443 5703//2445 5704//912 5705//911 5706//1876 5699//1875 5700//1874 5698//1873
f 6076//7462 6077//7779 6113//7778 6112//7463
f 6704//8649 6705//8648 6682//8650 6683//8886
f 7078//6436 7033//6435 7035//5851
f 3064//5136 3059//4863 3066//4867 3070//4866
f 7070//3315 7071//5171 7072//3316
f 7065//3468 7066//3467 7063//3469
f 7057//8877 7022//8876 7021//4704
f 1652//3270 1658//3269 1659//230 1653//229
f 7120//8887 7114//8888 7119//8889
f 7624//7633 7744//5626 7747//187
f 2073//8890 2039//8891 2043//8892 2048//1056 2072//1059
f 7119//6767 7120//6692 7124//6691
f 1997//8893 1996//8894 1990//8895 1981//8896 1982//8897
f 7126//8695 7125//6766 7124//8696
f 7129//6769 7128//6768 7124//421
f 7124//8898 7129//8899 7132//8900
f 7135//6122 7134//5640 7089//6123
f 7089//6123 7138//5025 7143//5024
f 7141//8901 7140//8902 7142//8903
f 7142//8904 7141//8905 7146//8906
f 4207//1290 4229//1303 4223//4332 4224//6341 4215//6340 4208//6878
f 7146//8114 7142//430 7148//428
f 4778//8907 4770//8908 4764//3934 4762//6007 4776//7645 4790//7302 4786//7301
f 7090//176 7091//176 7149//8909
f 1519//7879 1520//858 1516//857 1515//856 1470//8825 1469//8675 1527//7881 1528//7880
f 6698//8636 6688//8910 6689//8911 6690//8912 6691//8635 6697//8637
f 7161//6131 7152//6130 7091//7000
f 7153//8115 7161//6131 7157//6999
f 1103//6356 1104//4544 1100//5350 1098//5349 1097//8174 1101//8913
f 2995//1948 2990//1947 2997//1946 3010//3031 3002//3030
f 5913//6974 5900//6975 5899//8914 5937//8915
f 1149//8916 1150//8917 1153//2603 1169//2605 1152//2604 1151//8136 1166//8135 1162//8134 1161//8918 1160//8919 1159//7149 1168//2599 1147//2601
f 1440//8920 1441//8921 1442//2158 1435//2157
f 5846//4283 5844//7629 5884//7628 5885//4282
f 7162//724 7171//2210 7176//725
f 4749//139 4744//138 4752//137 4757//4197
f 7178//726 7181//8109 7183//727
f 7180//7936 7179//3250 7181//3249
f 7181//7937 7180//8922 7184//8923
f 6992//3898 6985//3897 6984//8924 6983//2342
f 7184//4533 7181//3249 7188//4534
f 7186//729 7185//728 7187//4535
f 7187//8925 7186//8926 7190//8927
f 3669//6251 3696//6250 3697//8880 3670//8879
f 2592//3319 2593//3318 2579//6532 2578//6531 2566//4621 2559//4620 2563//4651 2571//4650 2577//2912 2583//4643 2589//4488 2584//4507 2591//4506 2596//4493
f 7190//731 7187//4535 7110//266
f 4923//8928 4930//8929 4952//8930 4935//8931 4934//8932 4933//7584 4931//7583 4937//8933 4938//8934 4939//3441 4924//3440
f 7189//4536 7187//4535 7185//728
f 5664//500 5660//5433 5663//5437 5662//5436 5669//5618 5670//501
f 7182//4531 7183//727 7181//8109
f 7181//8935 7182//8936 7177//8937
f 4611//8938 4606//4684 4601//4693 4610//4692 4618//8939 4614//6488
f 7177//2008 7181//8109 7175//2005
f 4658//7224 4651//7223 4650//8940 4649//5784 4656//5783 4666//5786 4671//5835 4668//5834 4657//7300 4667//7299 4672//8414 4673//8413
f 6627//3047 6619//3046 6618//3045 6614//8564 6613//8941 6617//8615 6622//5989 6634//5988
f 2138//8759 2425//8758 2429//8757 2428//8756 2433//8942 2440//2446 2451//2450 2457//2607 2452//2606 2443//2612 2444//2611 2453//2610 2445//8261 2139//8260
f 7105//8111 7104//8176 7142//8112
f 5537//8525 5553//8524 5554//937 5536//945
f 7091//7000 7157//6999 7161//6131
f 7161//6131 7153//425 7150//424
f 7147//429 7148//428 7142//430
f 7145//418 7142//430 7140//419
f 7141//8943 7142//8944 7137//8945
f 7138//5639 7089//6123 7134//5640
f 7142//8697 7137//8238 7133//8698
f 3037//5146 3028//1407 3035//5141 3041//8322
f 1074//8946 1101//8913 1097//8174 1075//8173
f 7131//6119 7124//421 7128//6693
f 7129//6769 7124//8696 7125//6766
f 7117//6120 7120//6692 7114//803
f 7118//4716 7117//6120 7114//803
f 7116//8947 7113//8948 7096//176
f 7113//4606 7096//5638 7112//4604
f 3574//4473 3570//6050 3576//7473 3585//2861
f 7211//1820 7210//1819 7207//1823
f 1465//3263 1466//1131 1482//1130 1473//3264
f 6940//2822 6941//2821 6893//2820 6948//8772
f 4581//2287 4570//2295 4569//2294 4580//2415 4644//2414 4661//2413 4686//5553 4713//5552 4739//5551 4767//5550 4783//5549 4802//5548 4814//2888 4815//2887 4796//2899 4784//2898 4461//2897 4460//8949 4459//8950 4458//8951 4457//8952 4456//8953 4455//8954 4454//2290 4592//2289 4582//2288
f 7214//5398 7197//8955 7200//5399
f 7214//5398 7198//8956 7197//8955
f 7214//5398 7212//5397 7199//8957
f 7199//8957 7198//8956 7214//5398
f 7196//5328 7217//5325 7215//5324
f 3095//2802 3091//644 3106//654
f 7193//6890 7195//8958 7218//8959 7220//6892
f 7194//8960 7195//8961 7218//8962
f 7220//6892 7219//6891 7193//6890
f 7227//8963 7223//8964 7222//8652
f 4762//6007 4757//6006 4761//8812 4747//4513 4414//4512 4760//8965 4413//8966 4412//8967 4768//8968 4775//7646 4776//7645
f 1980//3744 1989//3746 1995//3877 1996//3765 1990//8969 1981//8970
f 7225//8971 7224//8972 7228//8972
f 2532//1714 2528//4427 2538//3650 2542//1705 2537//1715
f 3903//6406 3900//6405 3906//7498 3910//7497
f 7249//7228 7248//7227 7233//5330
f 7233//5330 7234//1393 7249//7228
f 3153//7439 3144//7438 3138//5250 3133//3587 3126//3586 3116//5249 3108//5248 3101//5247 3087//5246 3086//5245 3074//5244 3079//5510 3085//5969 3093//8760 3099//8761 3100//8867 3120//7597 3131//7596 3152//7602 3159//7740 3167//4131 3160//4130 3165//4129 3161//4309 3139//5251 3143//5288
f 7250//8973 7251//8974 7231//8975
f 252//3153 253//8976 243//8977 262//8978 261//8979 260//3154
f 7330//3108 7329//3107 7332//2949 7331//8779
f 7244//4588 7243//4587 7239//4589
f 7261//8980 7256//8980 7257//4208
f 7307//8981 7319//2272 7300//2271 7284//2270 7283//6686 7303//6685 7299//8982
f 3662//8983 3661//4316 3690//4315 3691//4747 3663//4746
f 7319//2272 7307//8981 7309//5465
f 7306//3106 7307//1622 7313//1621
f 1496//1452 1507//864 1508//863 1512//862 1513//861 1514//5827 1500//5831 1499//8664 1497//4210
f 7270//1626 7269//1410 7314//1627
f 7318//7745 7317//5463 7319//5461
f 7319//8984 7318//8985 7323//8986
f 7307//5456 7321//3116 7324//3115
f 2340//211 2332//2570 2331//2569 2356//4756 2360//6544 2358//207 2350//206
f 7323//7747 7319//5461 7327//5459
f 5446//1335 5443//1334 5449//4410
f 7334//5458 7333//5457 7332//8088
f 5047//8987 5049//8988 5050//8989 5051//3022 5046//3021 5045//8990 5044//8991
f 7265//3930 7264//3930 7266//3930 7267//3930
f 7276//176 7340//8992 7338//8993
f 7338//103 7342//8782 7340//8781
f 7275//103 7350//2464 7277//8994
f 1179//3952 1180//6283 1196//4164 1197//3947
f 6920//5961 6924//5960 6930//5959 6919//975 6923//978 6929//394 6939//393 6947//8774 6940//2822 6937//8773 6948//8772 6893//2820 6892//8995 6891//753
f 5421//8996 5420//8997 5417//8998 5418//8999
f 2394//4738 2391//6547 2402//6730 2403//4737
f 7278//103 7362//2396 7360//8785
f 6072//8197 6073//4599 6101//4598 6109//8198
f 1027//6883 1028//6882 1022//9000 1023//9001 1015//1437 1012//1436 1011//2642 1005//2641 1004//2640 1010//6617 1021//6616
f 2639//8002 2634//8001 2640//8000 2646//9002
f 2794//4539 2791//4828 2790//4182 2798//4184 2799//4540
f 7366//8804 7367//3476 7281//3476
f 7364//8714 7365//9003 7361//8715
f 7363//8806 7364//6045 7365//8807
f 7360//8785 7279//8784 7278//103
f 7365//8807 7361//6044 7359//6043
f 7357//8716 7358//8811 7355//9004
f 7356//8787 7357//8786 7358//8788
f 7358//8788 7355//8810 7351//8789
f 7352//6042 7353//6041 7354//7748
f 7342//8782 7338//103 7277//8783
f 7344//9005 7345//9006 7341//8728
f 7343//3109 7344//8790 7345//3110
f 7345//3110 7341//8808 7339//3111
f 7335//8183 7274//8780 7273//8181
f 6595//9007 6594//9008 6593//4064 6628//8572 6640//4061 6645//4178 6646//8585 6649//8586 6653//4663 6654//4662 6658//4661 6657//8608 6662//8604 6596//5939
f 7326//5460 7327//5459 7319//5461
f 7322//5462 7319//5461 7317//5463
f 5486//3370 5487//2538 5484//2537 5485//2536 5481//7792 5482//7791 5478//7790 5477//7980 5474//7979 5473//4424 5472//4423 5476//7467 5475//7987 5480//7985 5483//3371
f 7308//3118 7309//5465 7307//8981
f 7307//9009 7308//9010 7303//9011
f 7307//1622 7306//6687 7302//1623
f 7303//6685 7307//8981 7299//8982
f 2118//9012 2167//3995 2171//9013 2176//1991 2184//1990 2192//1989 2193//4790 2185//4792 2178//6224 2172//6223 2124//6222
f 499//6092 491//6091 490//6801 497//6800
f 7716//5885 7715//5884 7710//7535 7708//5921 7707//5920 7706//5919 7709//8473 7613//9014 7612//9015 7611//9016 7621//5886
f 7380//2993 7390//2993 7391//8735
f 3350//8582 3351//9017 3346//9018 3345//8583
f 7393//8271 7395//6751 7384//6757 7385//9019 7386//8272
f 5639//8884 5683//5622 5686//2934 5646//2933
f 5343//9020 5344//8118 5381//8120 5386//8119 5393//1279 5397//1278 5398//1277 5394//1870 5349//1869 5348//9021 5347//9022
f 3399//8670 3398//1992 3400//3710 3402//3709
f 7722//7534 7723//6393 7726//4751 7732//4750 7667//4883 7666//9023 7665//6570 7725//6569 7724//6568 7720//6567 7713//6566 7721//6565
f 3561//7809 3571//6175 3560//1400 3547//1399
f 2391//6547 2385//6546 2393//6731 2402//6730
f 5053//3014 5054//851 5059//850 5060//849 5066//848 5061//847 5065//846 5048//845 5043//9024 5042//3019 5062//3018 5063//3017 5064//3016 5067//3015
f 2029//3828 2022//9025 2021//3817 2027//2 2033//1
f 2986//6744 2977//6747 2987//6746 2993//6745
f 6687//9026 6688//9027 6698//673 6685//7757
f 3840//5987 3839//6408 3854//6414 3855//7904 3869//7903 3926//7902 3943//7901 3955//7900 3969//7899 3993//7898 4010//7897 4028//7896 4044//7895 4058//7894 4075//7893 4065//6622 4059//6690 4045//7529 4017//7528 4001//2246 3970//2245 3956//777 3944//776 3927//452 3870//451 3871//450 3861//1814 3856//7846 3849//2389 3848//2388 3841//2387
f 3599//1924 3600//1923 3585//2861 3576//7473 3575//6023 3574//5293 3584//1925
f 4808//8455 4813//7485 4819//7484
f 5681//2834 5680//2833 5688//607 5689//2929 5685//2928 5682//5621 5675//5620 5676//5619 5669//5618 5662//5436 5661//5435 5668//2828
f 1325//5312 1320//6199 1319//6198 1324//4010 1332//2326 1333//5313
f 403//889 402//9028 408//9029 407//9030 412//7278 373//7277 374//891 415//890
f 2042//992 2070//991 2071//1058 2051//1057
f 179//529 180//531 185//530
f 1903//3580 1898//3579 1897//345 1909//8682
f 1143//9031 1164//7928 1155//7927 1144//9032
f 2486//5644 2492//815 2498//814 2087//7973 2485//5648 2480//5647
f 4833//1240 4819//7484 4818//7483 4825//8210 4832//1241
f 6434//9033 6429//9034 6433//9035 6439//9036
f 5466//483 5462//9037 5461//7967 5468//484
f 3645//6002 3646//7540 3720//7541 3714//6003
f 2463//9038 2464//9039 2460//9040 2459//9041
f 2582//2911 2576//2910 2589//1610
f 2004//2881 1996//9042 1995//3760 2011//6535
f 4309//6067 4315//6066 4321//6068
f 1895//8281 1894//2317 1905//2316 1914//3909 1915//1067 1906//8282
f 1645//9043 1646//9043 1648//9043 1647//9043
f 5001//5726 5000//5725 4961//5724 4960//1996 5003//1995 5002//5727
f 1024//2114 1016//1432 1015//1437 1023//9001 1022//9000 1028//6882 1029//6881 1030//6880 1033//6879 1034//2116 1031//2115
f 2592//1653 2585//1652 2594//3317 2598//1654
f 6649//4060 6635//4370 6639//4369 6651//7195
f 441//9044 470//8752 480//8751 456//8750 458//9045 454//9046 452//9047 451//9048 449//9049 447//9050 445//9051 442//9052
f 5882//3069 5883//7627 5845//7630 5843//3070
f 732//8693 733//8797 731//8796 690//8795 689//8186 726//8185 728//8184 727//4811 729//4810 730//8694
f 2105//9053 2106//9054 2298//9055 2290//4841 2291//4840 2299//4839 2305//9056 2304//9057 2308//9058 2104//9059
f 1345//2193 1344//9060 1365//7443 1378//2189 1375//2188 1379//2187
f 5918//3036 5919//8347 5906//8346 5905//3033
f 4268//9061 4261//9062 4255//1975 4249//1974 4262//9063 4272//510 4275//509
f 3458//9064 3459//5694 3451//2973 3442//2972 3441//8073 3440//8072 3450//5945 3457//5944
f 2275//7084 2269//9065 2276//8541 2284//7085
f 2970//5081 2963//4467 2962//5077 2968//5078 2978//8530
f 6193//7407 6192//7260 6147//7259 6146//7404
f 6145//7405 6139//8619 6195//8618 6194//7406
f 5926//4036 5927//5970 5888//5973 5889//4037
f 2428//8756 2422//8755 2420//8754 2424//7382 2434//7381 2433//9066
f 2236//2769 2231//2768 2225//5764 2229//5763 2235//3425 2240//3424
f 4021//475 4026//6814 4033//476
f 3878//448 3889//465 3887//3543 3879//1815
f 3321//5779 3322//5739 3316//5738 3315//5780
f 3231//1230 3230//1229 3246//6471 3252//6470 3248//5403 3241//3558 3232//3557 3227//2602
f 3248//8668 3247//5402 3253//5404 3261//6474 3254//7591 3266//6473 2747//6472 2746//8669
f 5425//7389 5429//7954 5435//7956 5430//7955 5434//8680 5437//8679 5440//8678 5442//7577 5445//7576 5452//8016 5457//8015 5458//9067 5462//7971 5463//8013 5460//4419 5447//503 5448//508 5453//8339 5446//7644 5441//4417 5436//4416 5431//4414 5426//4413 5427//4412 5421//7952 5420//9068 5417//7648 5416//7384
f 2155//2737 2156//8246 2703//8245 2690//4574 2680//4573 2675//3555 2663//1423 2651//1422 2642//1421 2641//3326 2635//3325 2639//8002 2646//9002 2640//8000 2616//7298 2622//4530 2628//4143 2633//4142 2645//4141 2658//4140 2654//8440 2657//8439 2661//4139 2674//3749 2668//3748 2673//3747 2679//3750 2701//2738
f 1901//1703 1896//1702 1888//1701 1894//3563 1900//9069 1906//3604 1907//3914
f 3379//9070 3377//4399 3437//4398 3436//8492 3443//2971 3444//2970 3453//242 3380//241
f 4055//2980 4048//2349 4047//2348 4067//6669 4060//6668
f 612//9071 613//8232 604//8231 611//9072
f 3802//2311 3801//3850 3816//6334 3818//9073
f 1224//5719 1225//5718 1217//6285 1218//6284 1213//3170 1210//3183 1209//4163 1216//5629
f 411//6107 412//7278 407//9030 408//9029 402//9028 403//889 391//888 392//1719 397//1718 406//6108
f 573//7842 582//5390 563//5389 564//1773 587//1772 574//1771
f 1103//6356 1101//8913 1074//8946 1073//3986 1106//3985
f 2480//5647 2475//5646 2481//5645 2486//5644
f 7543//9074 7541//9075 7542//9076
f 5642//2932 5694//2931 5698//1873 5645//1872
f 7524//4172 7545//4171 7544//6985
f 7534//4170 7547//4169 7548//4168
f 3348//1146 3349//8581 3352//8580 3344//8584 3343//1148
f 7209//9077 7211//1820 7207//1823 7208//1823
f 310//2583 316//2582 289//5947 290//3400 311//3399 303//3398 292//3397 279//3396 278//8766 298//8765 297//8764 302//2584
f 7578//4527 7556//4526 7558//9078 7557//4797 7573//4796 7576//5689
f 87//9079 62//9080 61//9081 60//9082 59//9083 58//9084 57//9085
f 7577//4521 7579//4520 7576//5689
f 5738//5278 5730//5277 5729//7130 5736//7129 5735//7128 5728//7127 5727//7126 5719//9086 5720//5280 5737//5279
f 693//8792 737//2167 739//2166 738//2165 694//2164 682//3388
f 7572//2248 7581//6959 7580//2249
f 441//9044 440//7352 469//7351 470//8752
f 1350//2730 1410//2729 1415//2728 1417//4826 1351//8196
f 7585//9087 7583//9088 7584//9089
f 7049//3743 7040//1393 7039//929 7038//3740
f 3766//9090 3765//9091 3847//9092 3860//9093
f 13//5290 12//326 40//329 41//5291
f 3476//4736 3475//4735 3477//3701
f 4801//4500 4788//4499 4781//4498 4789//8454 4795//8453
f 4101//9094 4120//6780 4125//9095 4124//6783 4140//6828 4134//6830
f 2046//8148 2050//1660 2060//1659 2061//9096 2062//8149
f 7578//4527 7576//5689 7579//4520
f 2570//8587 2569//4470 2081//1613 2575//1612 2588//1611 2589//1610 2576//2910 2571//2909 2563//2908 2550//1710 2549//1709 2555//1708 2554//1707
f 1668//3609 1675//3609 1676//8464 1669//8464
f 7593//4930 7592//9097 7591//9098
f 4306//6940 4300//7023 4291//7025 4279//9099 4266//6911 4269//6912 4273//9100 4277//6920 4286//6922 4289//6932 4298//6934 4311//7921
f 7418//7735 7420//7734 7421//9101 7422//8160 7431//8159 7432//8158 7433//8157 7416//8156
f 7591//9098 7590//4931 7593//4930
f 6103//7942 6080//7945 6079//9102 6125//5492 6102//5491
f 1132//1617 1126//1618 1124//7056 1130//7055 1135//4068 1136//4067
f 4326//6484 4318//6946 4328//957 4336//956
f 7212//5397 7216//9103 7217//5325 7196//5328 7197//9104 7199//8957
f 3981//6720 3961//1053 3960//8539 3967//8538 3966//8537 3980//3844 3997//3843 3991//986 3986//985
f 1348//3248 1396//3247 1397//2775 1398//2724 1403//2723 1399//2733 1404//2732 1349//2731
f 2960//233 2950//232 2961//7502 2966//7501
f 3472//6842 3464//5695 3459//5694 3458//9064 3457//5898 3467//4733 3470//1320 3471//1319 3482//1318 3358//1317 3359//6846 3484//6845 3483//6844 3473//6843
f 5817//9105 5819//9106 5818//9107 5820//9108 5822//9109 5821//9110 5823//8496 5774//8495 5773//9111 5772//7523 5816//7522
f 7690//9112 7688//973 7689//972
f 7681//974 7688//973 7691//9113
f 7691//9113 7671//9114 7681//974
f 7691//9113 7690//9112 7671//9114
f 2066//9115 2067//9116 2068//989 2047//988 2038//8154 2064//8153 2065//9117
f 7304//2274 7301//2273 7319//2272 7309//5465 7310//5464
f 4280//9118 4160//7038 4271//5420 4267//5419 4266//6911 4279//9099 4291//7025 4299//7024 4300//567 4293//6935 4287//9119 4288//6923 4161//6925 4281//7032
f 4446//9120 4444//9121 4470//9122 4479//5157 4469//5156
f 4306//6940 4305//9123 4299//9124 4300//9125
f 4145//6812 4134//6830 4139//6829 4144//6929 4148//9126 4152//9127 4113//6827 4114//9128 4103//6813
f 2375//6545 2370//669 2377//668 2385//6546
f 1019//1200 1014//1199 1013//1198 1018//8614 1017//8613 1025//2113 1035//2112 1036//3058
f 1176//9129 1175//9130 1174//9131 1173//7279 1230//4758 1242//60 1193//65
f 5920//8348 5921//5188 5908//5187 5907//8345
f 572//8516 571//8417 579//7305 584//1014 585//1013 586//5392 581//5391 582//5390 573//7842 570//7845 569//7844
f 1981//9132 1982//4311 1972//4310 1971//9133 1970//3723 1976//3725 1980//3885
f 2893//794 2904//1316 2898//793 2892//792 2909//791 2918//790 2919//719 2912//718 2906//1271 2911//8630 2886//8629 2881//5582 2870//4954 2868//4956 2879//4962 2885//795
f 7734//184 7731//183 7726//4751
f 5727//7126 5724//7125 5715//8477 5717//9134 5723//7944 5719//9086
f 5898//8284 5936//8283 5937//8915 5899//8914
f 5930//5696 5892//5699 5891//7771 5929//7770
f 4152//9127 4148//9126 4144//6929 4149//6928 4154//6826 4113//6827
f 4706//2658 4717//2661 4722//4936 4727//4935 4723//5053 4720//7395 4707//132 4708//131 4698//8415 4672//8414 4667//7299 4670//5833 4675//5832 4681//5836 4689//8659 4696//2659
f 5619//910 5618//8155 5705//911
f 7237//9135 7238//9136 7239//4589 7243//4587 7246//9137 7245//9138 7247//7231 7236//7230
f 2337//2568 2330//2567 2339//4755 2349//4754
f 72//205 71//738 94//737 95//203
f 3831//6750 3836//5501 3845//5500 3846//5499 3763//8256 3832//7608
f 6083//9139 6114//7776 6067//7781 6066//8303 6128//8302 6127//8301 6119//8300 6118//8308 6120//8307 6121//8306 6084//3552
f 345//2866 344//2865 352//5298 353//4373 354//4372
f 532//2324 530//2325 529//5317 528//6791 527//6790 526//1193 510//1192 512//9140 514//1112 534//1111 535//1110 536//4430
f 717//833 718//832 685//831 684//6889 714//5266
f 5680//2833 5679//2832 5672//2831 5671//8218 5665//8217 5637//8216 5640//9141 5641//610 5684//609 5687//608 5688//607
f 5618//8155 5617//7662 5706//1876
f 3319//594 3325//9142 3313//595
f 5832//8510 5830//8509 5796//8508 5797//7635 5833//7634 5777//7640 5776//9143 5775//8494 5831//8493
f 2760//8627 2759//3410 2789//4819 2790//8628
f 4283//8739 4289//545 4296//6063
f 2167//3994 2168//4813 2119//3997 2120//3992
f 7709//9144 7614//9145 7615//9146
f 7615//9147 7613//9014 7709//8473
f 4625//2433 4636//2438 4631//6076 4626//6075 4622//6918 4615//6917 4612//6080 4602//6079 4598//8204 4588//8203 4587//8202 4575//6558 4586//6560 4597//7738 4606//4684 4611//8938 4614//6488 4624//2434
s 0
f 7699//9148 7640//226 7639//9149
s 1
f 6764//269 6783//267 6786//3598 6790//1789
f 3787//6271 3991//9150 3784//9151 3992//6272
f 6691//8635 6692//9152 6693//3930 6694//9153 6695//9154 6696//9155 6698//8636
f 3966//8537 3975//3845 3980//3844
f 7674//971 7690//9112 7689//972
f 2741//5377 3040//5376 3031//5385
f 525//5316 506//5319 505//6792 528//6791 529//5317
f 2482//8641 2473//4358 2466//4357 2465//1442 2472//1441 2476//4709 2481//7487 2488//7489 2489//8360
f 635//9156 636//6770 628//6773 627//9157 626//1488 633//1487 634//9158
f 4385//4157 4380//4156 4387//4155 4173//6764
f 7747//187 7745//190 7624//7633
f 102//7651 79//7650 85//238 101//240 100//9159
f 6208//6806 6131//6805 6132//8546 6210//8553 6207//8552
f 4822//7335 4823//6084 4817//6083 4816//7334
f 7690//9112 7691//9113 7688//973
f 3325//7631 3318//1971 3323//5755 3307//5757 3308//1966
f 3028//9160 3022//5131 3027//5055 3033//5142
f 2090//3638 2470//9161 2089//3640 2469//3639
f 2116//9162 2173//9163 2169//9164
usemtl light_gray
f 7462//3380 7461//3380 7460//3380 7459//3380 7458//3380 7464//3380 7465//3380 7466//3380 7467//3380 7473//3380 7472//3380 7471//3380 7470//3380 7469//3380 7468//3380 7474//3380 7475//3380 7476//3380 7477//3380 7483//3380 7482//3380 7481//3380 7480//3380 7479//3380 7478//3380 7484//3380 7485//3380 7486//3380 7494//3380 7490//3380 7487//3380 7493//3380 7489//3380 7492//3380 7488//3380 7491//3380 7454//3380 7455//3380 7456//3380 7457//3380 7463//3380
