[2026-08-09 00:39:36] === L-ablation start; L={128 256 512} steps=6000 remat=off pool=n8fix contacts_per_foot=4 contact_meas_var=1.0e-4 ===
[2026-08-09 00:39:36] pool 'n8fix': 25 rollouts
[2026-08-09 00:39:36] pre-building channel caches (one-time; no-op if already present)
Failed to import warp: No module named 'warp'
Failed to import mujoco_warp: No module named 'warp'
collector: 9 filtered joints, 8 IMUs, 8 contacts, 4 off-path joints, dt=0.001 (1000 Hz)  [built in 0.8s]
  reused flat_n8fix_seed000_feat.npz (cache newer than rollout, channels match)
  reused flat_n8fix_seed004_feat.npz (cache newer than rollout, channels match)
  reused flat_n8fix_seed008_feat.npz (cache newer than rollout, channels match)
  reused flat_n8fix_seed012_feat.npz (cache newer than rollout, channels match)
  reused flat_n8fix_seed016_feat.npz (cache newer than rollout, channels match)
  reused flat_n8fix_seed020_feat.npz (cache newer than rollout, channels match)
  reused flat_n8fix_seed024_feat.npz (cache newer than rollout, channels match)
  reused flat_n8fix_seed028_feat.npz (cache newer than rollout, channels match)
  reused hard_stepping_n8fix_seed003_feat.npz (cache newer than rollout, channels match)
  reused hard_stepping_n8fix_seed007_feat.npz (cache newer than rollout, channels match)
  reused hard_stepping_n8fix_seed011_feat.npz (cache newer than rollout, channels match)
  reused hard_stepping_n8fix_seed015_feat.npz (cache newer than rollout, channels match)
  reused hard_stepping_n8fix_seed019_feat.npz (cache newer than rollout, channels match)
  reused hard_stepping_n8fix_seed023_feat.npz (cache newer than rollout, channels match)
  reused hard_stepping_n8fix_seed027_feat.npz (cache newer than rollout, channels match)
  reused stepping_stones_n8fix_seed006_feat.npz (cache newer than rollout, channels match)
  reused stepping_stones_n8fix_seed014_feat.npz (cache newer than rollout, channels match)
  reused stepping_stones_n8fix_seed018_feat.npz (cache newer than rollout, channels match)
  reused stepping_stones_n8fix_seed022_feat.npz (cache newer than rollout, channels match)
  reused waves_n8fix_seed001_feat.npz (cache newer than rollout, channels match)
  reused waves_n8fix_seed005_feat.npz (cache newer than rollout, channels match)
  reused waves_n8fix_seed009_feat.npz (cache newer than rollout, channels match)
  reused waves_n8fix_seed017_feat.npz (cache newer than rollout, channels match)
  reused waves_n8fix_seed021_feat.npz (cache newer than rollout, channels match)
  reused waves_n8fix_seed025_feat.npz (cache newer than rollout, channels match)
channel cache ready for 25 rollouts
[2026-08-09 00:39:43] --- cell L=128 A_l2vel (l2_velocity) -> results/l_ablation/L128_A_l2vel ---
Failed to import warp: No module named 'warp'
Failed to import mujoco_warp: No module named 'warp'
== run directory: /home/llibshutz/alex/invariant-estimation/results/l_ablation/L128_A_l2vel ==
collector: 9 filtered joints, 8 IMUs, 8 contacts, 4 off-path joints, dt=0.001 (1000 Hz)  [built in 0.9s]
pool 'n8fix': 25 rollouts over {'flat': 8, 'hard_stepping': 7, 'stepping_stones': 4, 'waves': 6}
train rollouts: ['flat_n8fix_seed000.npz', 'flat_n8fix_seed004.npz', 'flat_n8fix_seed008.npz', 'flat_n8fix_seed012.npz', 'flat_n8fix_seed016.npz', 'flat_n8fix_seed020.npz', 'flat_n8fix_seed024.npz', 'hard_stepping_n8fix_seed003.npz', 'hard_stepping_n8fix_seed007.npz', 'hard_stepping_n8fix_seed011.npz', 'hard_stepping_n8fix_seed015.npz', 'hard_stepping_n8fix_seed019.npz', 'hard_stepping_n8fix_seed023.npz', 'stepping_stones_n8fix_seed006.npz', 'stepping_stones_n8fix_seed014.npz', 'stepping_stones_n8fix_seed018.npz', 'waves_n8fix_seed001.npz', 'waves_n8fix_seed005.npz', 'waves_n8fix_seed009.npz', 'waves_n8fix_seed017.npz', 'waves_n8fix_seed021.npz']
val rollouts:   ['flat_n8fix_seed028.npz', 'hard_stepping_n8fix_seed027.npz', 'stepping_stones_n8fix_seed022.npz', 'waves_n8fix_seed025.npz']
== building channel caches ==
  reused flat_n8fix_seed000_feat.npz (cache newer than rollout, channels match)
  reused flat_n8fix_seed004_feat.npz (cache newer than rollout, channels match)
  reused flat_n8fix_seed008_feat.npz (cache newer than rollout, channels match)
  reused flat_n8fix_seed012_feat.npz (cache newer than rollout, channels match)
  reused flat_n8fix_seed016_feat.npz (cache newer than rollout, channels match)
  reused flat_n8fix_seed020_feat.npz (cache newer than rollout, channels match)
  reused flat_n8fix_seed024_feat.npz (cache newer than rollout, channels match)
  reused hard_stepping_n8fix_seed003_feat.npz (cache newer than rollout, channels match)
  reused hard_stepping_n8fix_seed007_feat.npz (cache newer than rollout, channels match)
  reused hard_stepping_n8fix_seed011_feat.npz (cache newer than rollout, channels match)
  reused hard_stepping_n8fix_seed015_feat.npz (cache newer than rollout, channels match)
  reused hard_stepping_n8fix_seed019_feat.npz (cache newer than rollout, channels match)
  reused hard_stepping_n8fix_seed023_feat.npz (cache newer than rollout, channels match)
  reused stepping_stones_n8fix_seed006_feat.npz (cache newer than rollout, channels match)
  reused stepping_stones_n8fix_seed014_feat.npz (cache newer than rollout, channels match)
  reused stepping_stones_n8fix_seed018_feat.npz (cache newer than rollout, channels match)
  reused waves_n8fix_seed001_feat.npz (cache newer than rollout, channels match)
  reused waves_n8fix_seed005_feat.npz (cache newer than rollout, channels match)
  reused waves_n8fix_seed009_feat.npz (cache newer than rollout, channels match)
  reused waves_n8fix_seed017_feat.npz (cache newer than rollout, channels match)
  reused waves_n8fix_seed021_feat.npz (cache newer than rollout, channels match)
  reused flat_n8fix_seed028_feat.npz (cache newer than rollout, channels match)
  reused hard_stepping_n8fix_seed027_feat.npz (cache newer than rollout, channels match)
  reused stepping_stones_n8fix_seed022_feat.npz (cache newer than rollout, channels match)
  reused waves_n8fix_seed025_feat.npz (cache newer than rollout, channels match)
== fitting normalization (train, walking set) ==
  floored channels: []
  cfg: F=30 d_in=600 H=20 (window 19 ms, consecutive ticks) L=128 B=32 objective=l2_velocity episode_s=43.0
== preparing rollouts ==
  prepared flat/seed0: T=44000, starts=[16019, 43872] (27854 legal)
  prepared flat/seed4: T=44000, starts=[16019, 43872] (27854 legal)
  prepared flat/seed8: T=44000, starts=[16019, 43872] (27854 legal)
  prepared flat/seed12: T=44000, starts=[16019, 43872] (27854 legal)
  prepared flat/seed16: T=44000, starts=[16019, 43872] (27854 legal)
  prepared flat/seed20: T=44000, starts=[16019, 43872] (27854 legal)
  prepared flat/seed24: T=44000, starts=[16019, 43872] (27854 legal)
  prepared hard_stepping/seed3: T=44000, starts=[16019, 43872] (27854 legal)
  prepared hard_stepping/seed7: T=44000, starts=[16019, 43872] (27854 legal)
  prepared hard_stepping/seed11: T=44000, starts=[16019, 43872] (27854 legal)
  prepared hard_stepping/seed15: T=44000, starts=[16019, 43872] (27854 legal)
  prepared hard_stepping/seed19: T=44000, starts=[16019, 43872] (27854 legal)
  prepared hard_stepping/seed23: T=44000, starts=[16019, 43872] (27854 legal)
  prepared stepping_stones/seed6: T=44000, starts=[16019, 43872] (27854 legal)
  prepared stepping_stones/seed14: T=44000, starts=[16019, 43872] (27854 legal)
  prepared stepping_stones/seed18: T=44000, starts=[16019, 43872] (27854 legal)
  prepared waves/seed1: T=44000, starts=[16019, 43872] (27854 legal)
  prepared waves/seed5: T=44000, starts=[16019, 43872] (27854 legal)
  prepared waves/seed9: T=44000, starts=[16019, 43872] (27854 legal)
  prepared waves/seed17: T=44000, starts=[16019, 43872] (27854 legal)
  prepared waves/seed21: T=44000, starts=[16019, 43872] (27854 legal)
  prepared flat/seed28: T=44000, starts=[16019, 43872] (27854 legal)
  prepared hard_stepping/seed27: T=44000, starts=[16019, 43872] (27854 legal)
  prepared stepping_stones/seed22: T=44000, starts=[16019, 43872] (27854 legal)
  prepared waves/seed25: T=44000, starts=[16019, 43872] (27854 legal)
== re-flooring contact measurement noise: pool collected at 0, training at 0.0001 (delta +0.0001 on diag(sigma_q)) ==
== measuring P0 ==
  P0 from flat/seed0 ticks [16019, 19019): diag(R)=[6.64983805e-05 6.89037297e-05 1.00027989e+00], diag(v)=[0.00079118 0.00077245 0.00018433], diag(p)=[0.12287249 0.12097755 0.12140872], diag(d)=[0.12287031 0.12097683 0.12141024 0.12286839 0.12097627 0.1214101
 0.1228721  0.12098173 0.12140916 0.12287092 0.12098141 0.12140908
 0.12291139 0.12104048 0.12144945 0.12291014 0.12104344 0.12144625
 0.12293942 0.12105974 0.12142006 0.12287423 0.12097469 0.12141085], eig in [8.791e-08, 1.152e+00]
== building network + batcher ==
== training ==
step    0 loss 2.56421e-01 |g| 1.04e+00 NIS/dof 9.864e+00 applied 1.00 reseeds 1
step   10 loss 1.71905e+00 |g| 5.37e+01 NIS/dof 1.192e+01 applied 1.00 reseeds 2
step   20 loss 1.43053e+00 |g| 3.86e+01 NIS/dof 1.095e+01 applied 1.00 reseeds 4
step   30 loss 1.36929e+00 |g| 1.08e+01 NIS/dof 8.343e+00 applied 1.00 reseeds 4
step   40 loss 1.25660e+00 |g| 9.73e+00 NIS/dof 7.254e+00 applied 1.00 reseeds 5
step   50 loss 1.25054e+00 |g| 6.81e+00 NIS/dof 8.937e+00 applied 1.00 reseeds 10
step   60 loss 9.06769e-01 |g| 8.62e+00 NIS/dof 7.703e+00 applied 1.00 reseeds 16
step   70 loss 1.04837e+00 |g| 1.11e+01 NIS/dof 8.520e+00 applied 1.00 reseeds 18
step   80 loss 1.17158e+00 |g| 7.92e+00 NIS/dof 9.983e+00 applied 1.00 reseeds 21
step   90 loss 1.00012e+00 |g| 2.54e+01 NIS/dof 8.021e+00 applied 1.00 reseeds 23
step  100 loss 1.12937e+00 |g| 1.20e+01 NIS/dof 9.268e+00 applied 1.00 reseeds 26
step  110 loss 9.95755e-01 |g| 1.08e+01 NIS/dof 7.330e+00 applied 1.00 reseeds 29
step  120 loss 8.82090e-01 |g| 5.51e+00 NIS/dof 7.393e+00 applied 1.00 reseeds 29
step  130 loss 6.57395e-01 |g| 4.60e+00 NIS/dof 5.334e+00 applied 1.00 reseeds 31
step  140 loss 8.90664e-01 |g| 9.55e+00 NIS/dof 8.473e+00 applied 1.00 reseeds 34
step  150 loss 8.80895e-01 |g| 3.99e+00 NIS/dof 8.529e+00 applied 1.00 reseeds 37
step  160 loss 9.21891e-01 |g| 9.30e+00 NIS/dof 6.972e+00 applied 1.00 reseeds 38
step  170 loss 7.39843e-01 |g| 3.06e+00 NIS/dof 7.179e+00 applied 1.00 reseeds 40
step  180 loss 8.87826e-01 |g| 4.54e+00 NIS/dof 6.908e+00 applied 1.00 reseeds 43
step  190 loss 7.61456e-01 |g| 3.83e+00 NIS/dof 8.020e+00 applied 1.00 reseeds 50
step  200 loss 8.08256e-01 |g| 5.65e+00 NIS/dof 8.373e+00 applied 1.00 reseeds 57
step  210 loss 7.53099e-01 |g| 1.64e+01 NIS/dof 8.510e+00 applied 1.00 reseeds 62
step  220 loss 8.02092e-01 |g| 1.53e+01 NIS/dof 6.250e+00 applied 1.00 reseeds 67
step  230 loss 7.67399e-01 |g| 4.61e+00 NIS/dof 6.308e+00 applied 1.00 reseeds 73
step  240 loss 1.04911e+00 |g| 6.11e+00 NIS/dof 7.345e+00 applied 1.00 reseeds 78
step  250 loss 9.38800e-01 |g| 7.83e+00 NIS/dof 9.262e+00 applied 1.00 reseeds 83
step  260 loss 1.00772e+00 |g| 1.97e+01 NIS/dof 7.814e+00 applied 1.00 reseeds 84
step  270 loss 7.53796e-01 |g| 9.48e+00 NIS/dof 7.826e+00 applied 1.00 reseeds 88
step  280 loss 7.95990e-01 |g| 3.24e+00 NIS/dof 6.661e+00 applied 1.00 reseeds 91
step  290 loss 7.18673e-01 |g| 1.03e+01 NIS/dof 8.705e+00 applied 1.00 reseeds 92
step  300 loss 9.89557e-01 |g| 8.61e+00 NIS/dof 6.785e+00 applied 1.00 reseeds 93
step  310 loss 8.20651e-01 |g| 1.78e+01 NIS/dof 7.731e+00 applied 1.00 reseeds 97
step  320 loss 6.61819e-01 |g| 1.23e+01 NIS/dof 7.768e+00 applied 1.00 reseeds 97
step  330 loss 6.89388e-01 |g| 1.47e+01 NIS/dof 7.569e+00 applied 1.00 reseeds 100
step  340 loss 6.35981e-01 |g| 6.98e+00 NIS/dof 7.787e+00 applied 1.00 reseeds 102
step  350 loss 6.38245e-01 |g| 2.23e+01 NIS/dof 7.772e+00 applied 1.00 reseeds 105
step  360 loss 6.89524e-01 |g| 1.63e+01 NIS/dof 7.410e+00 applied 1.00 reseeds 110
step  370 loss 6.37444e-01 |g| 8.37e+00 NIS/dof 7.285e+00 applied 1.00 reseeds 114
step  380 loss 7.25471e-01 |g| 1.35e+01 NIS/dof 7.848e+00 applied 1.00 reseeds 115
step  390 loss 6.96792e-01 |g| 2.36e+01 NIS/dof 8.086e+00 applied 1.00 reseeds 119
step  400 loss 5.95799e-01 |g| 5.76e+00 NIS/dof 7.916e+00 applied 1.00 reseeds 124
step  410 loss 4.95866e-01 |g| 1.24e+01 NIS/dof 6.106e+00 applied 1.00 reseeds 126
step  420 loss 4.68919e-01 |g| 1.63e+01 NIS/dof 6.414e+00 applied 1.00 reseeds 134
step  430 loss 4.50965e-01 |g| 1.14e+01 NIS/dof 5.908e+00 applied 1.00 reseeds 139
step  440 loss 3.66433e-01 |g| 5.04e+00 NIS/dof 4.333e+00 applied 1.00 reseeds 143
step  450 loss 3.63934e-01 |g| 7.30e+00 NIS/dof 3.655e+00 applied 1.00 reseeds 144
step  460 loss 3.51481e-01 |g| 5.58e+00 NIS/dof 3.446e+00 applied 1.00 reseeds 148
step  470 loss 2.99993e-01 |g| 2.50e+00 NIS/dof 3.244e+00 applied 1.00 reseeds 148
step  480 loss 3.36236e-01 |g| 6.25e+00 NIS/dof 4.423e+00 applied 1.00 reseeds 150
step  490 loss 2.82426e-01 |g| 1.35e+01 NIS/dof 4.100e+00 applied 1.00 reseeds 156
step  500 loss 2.59468e-01 |g| 1.02e+01 NIS/dof 4.233e+00 applied 1.00 reseeds 159
step  510 loss 1.76000e-01 |g| 4.43e+00 NIS/dof 2.866e+00 applied 1.00 reseeds 161
step  520 loss 2.41716e-01 |g| 9.76e+00 NIS/dof 3.291e+00 applied 1.00 reseeds 161
step  530 loss 2.28262e-01 |g| 6.93e+00 NIS/dof 2.202e+00 applied 1.00 reseeds 165
step  540 loss 3.16905e-01 |g| 5.88e+00 NIS/dof 3.611e+00 applied 1.00 reseeds 168
step  550 loss 1.90093e-01 |g| 3.97e+00 NIS/dof 2.214e+00 applied 1.00 reseeds 173
step  560 loss 2.18307e-01 |g| 2.98e+00 NIS/dof 2.785e+00 applied 1.00 reseeds 177
step  570 loss 1.82630e-01 |g| 1.48e+01 NIS/dof 2.395e+00 applied 1.00 reseeds 182
step  580 loss 8.83173e-02 |g| 3.45e+00 NIS/dof 1.428e+00 applied 1.00 reseeds 185
step  590 loss 1.04719e-01 |g| 6.39e+00 NIS/dof 2.263e+00 applied 1.00 reseeds 188
step  600 loss 1.01461e-01 |g| 3.51e+00 NIS/dof 1.733e+00 applied 1.00 reseeds 191
step  610 loss 9.71870e-02 |g| 4.35e+00 NIS/dof 1.398e+00 applied 1.00 reseeds 194
step  620 loss 4.91978e-02 |g| 3.76e+00 NIS/dof 9.566e-01 applied 1.00 reseeds 196
step  630 loss 5.93550e-02 |g| 2.44e+00 NIS/dof 1.058e+00 applied 1.00 reseeds 198
step  640 loss 5.32329e-02 |g| 4.87e+00 NIS/dof 8.129e-01 applied 1.00 reseeds 202
step  650 loss 3.63518e-02 |g| 3.04e+00 NIS/dof 8.073e-01 applied 1.00 reseeds 203
step  660 loss 4.94760e-02 |g| 3.98e+00 NIS/dof 8.888e-01 applied 1.00 reseeds 210
step  670 loss 4.15777e-02 |g| 1.49e+00 NIS/dof 7.494e-01 applied 1.00 reseeds 213
step  680 loss 3.64578e-02 |g| 2.45e+00 NIS/dof 7.525e-01 applied 1.00 reseeds 216
step  690 loss 3.20391e-02 |g| 1.12e+00 NIS/dof 6.204e-01 applied 1.00 reseeds 218
step  700 loss 3.75747e-02 |g| 1.23e+00 NIS/dof 7.199e-01 applied 1.00 reseeds 222
step  710 loss 3.04354e-02 |g| 2.66e+00 NIS/dof 7.191e-01 applied 1.00 reseeds 224
step  720 loss 3.75245e-02 |g| 1.38e+00 NIS/dof 5.644e-01 applied 1.00 reseeds 230
step  730 loss 2.35979e-02 |g| 1.03e+00 NIS/dof 7.038e-01 applied 1.00 reseeds 236
step  740 loss 2.55868e-02 |g| 1.27e+00 NIS/dof 5.118e-01 applied 1.00 reseeds 237
step  750 loss 1.78196e-02 |g| 7.22e-01 NIS/dof 5.370e-01 applied 1.00 reseeds 244
step  760 loss 1.79042e-02 |g| 1.10e+00 NIS/dof 3.997e-01 applied 1.00 reseeds 245
step  770 loss 2.77386e-02 |g| 1.48e+00 NIS/dof 6.592e-01 applied 1.00 reseeds 248
step  780 loss 1.37098e-02 |g| 3.20e-01 NIS/dof 4.363e-01 applied 1.00 reseeds 254
step  790 loss 1.47067e-02 |g| 4.94e-01 NIS/dof 4.286e-01 applied 1.00 reseeds 256
step  800 loss 1.28163e-02 |g| 3.23e-01 NIS/dof 4.086e-01 applied 1.00 reseeds 259
step  810 loss 1.45055e-02 |g| 5.84e-01 NIS/dof 4.105e-01 applied 1.00 reseeds 262
step  820 loss 1.25386e-02 |g| 9.74e-01 NIS/dof 3.732e-01 applied 1.00 reseeds 265
step  830 loss 1.35449e-02 |g| 1.19e+00 NIS/dof 3.185e-01 applied 1.00 reseeds 267
step  840 loss 1.53069e-02 |g| 3.17e-01 NIS/dof 3.817e-01 applied 1.00 reseeds 272
step  850 loss 1.21932e-02 |g| 4.96e-01 NIS/dof 3.555e-01 applied 1.00 reseeds 278
step  860 loss 1.14078e-02 |g| 2.45e-01 NIS/dof 3.282e-01 applied 1.00 reseeds 278
step  870 loss 1.80201e-02 |g| 4.42e-01 NIS/dof 3.343e-01 applied 1.00 reseeds 283
step  880 loss 1.43767e-02 |g| 7.91e-01 NIS/dof 4.212e-01 applied 1.00 reseeds 284
step  890 loss 1.18787e-02 |g| 6.64e-01 NIS/dof 3.625e-01 applied 1.00 reseeds 289
step  900 loss 1.22898e-02 |g| 6.18e-01 NIS/dof 3.287e-01 applied 1.00 reseeds 293
step  910 loss 9.03493e-03 |g| 5.16e-01 NIS/dof 3.035e-01 applied 1.00 reseeds 295
step  920 loss 1.27317e-02 |g| 8.82e-01 NIS/dof 2.908e-01 applied 1.00 reseeds 297
step  930 loss 8.56558e-03 |g| 6.18e-01 NIS/dof 3.621e-01 applied 1.00 reseeds 298
step  940 loss 8.10612e-03 |g| 5.78e-01 NIS/dof 2.923e-01 applied 1.00 reseeds 301
step  950 loss 8.32574e-03 |g| 2.36e-01 NIS/dof 3.360e-01 applied 1.00 reseeds 307
step  960 loss 5.52867e-03 |g| 3.98e-01 NIS/dof 2.443e-01 applied 1.00 reseeds 309
step  970 loss 1.02841e-02 |g| 2.39e-01 NIS/dof 3.537e-01 applied 1.00 reseeds 311
step  980 loss 9.94909e-03 |g| 3.62e-01 NIS/dof 3.018e-01 applied 1.00 reseeds 311
step  990 loss 9.81657e-03 |g| 3.17e-01 NIS/dof 3.514e-01 applied 1.00 reseeds 319
step 1000 loss 1.16703e-02 |g| 3.20e-01 NIS/dof 3.031e-01 applied 1.00 reseeds 321
step 1010 loss 6.31286e-03 |g| 3.35e-01 NIS/dof 2.662e-01 applied 1.00 reseeds 326
step 1020 loss 7.33272e-03 |g| 2.92e-01 NIS/dof 3.586e-01 applied 1.00 reseeds 328
step 1030 loss 1.05197e-02 |g| 2.86e-01 NIS/dof 2.485e-01 applied 1.00 reseeds 331
step 1040 loss 6.22182e-03 |g| 6.09e-01 NIS/dof 2.810e-01 applied 1.00 reseeds 333
step 1050 loss 6.26960e-03 |g| 3.55e-01 NIS/dof 2.617e-01 applied 1.00 reseeds 334
step 1060 loss 8.00169e-03 |g| 3.75e-01 NIS/dof 2.384e-01 applied 1.00 reseeds 336
step 1070 loss 8.10486e-03 |g| 4.41e-01 NIS/dof 2.486e-01 applied 1.00 reseeds 339
step 1080 loss 8.70941e-03 |g| 2.96e-01 NIS/dof 3.571e-01 applied 1.00 reseeds 342
step 1090 loss 4.88318e-03 |g| 2.57e-01 NIS/dof 2.046e-01 applied 1.00 reseeds 345
step 1100 loss 1.26360e-02 |g| 8.76e-01 NIS/dof 3.327e-01 applied 1.00 reseeds 348
step 1110 loss 4.57366e-03 |g| 2.77e-01 NIS/dof 2.183e-01 applied 1.00 reseeds 351
step 1120 loss 4.53030e-03 |g| 2.83e-01 NIS/dof 2.061e-01 applied 1.00 reseeds 354
step 1130 loss 4.56471e-03 |g| 2.04e-01 NIS/dof 2.215e-01 applied 1.00 reseeds 357
step 1140 loss 5.42584e-03 |g| 2.92e-01 NIS/dof 2.582e-01 applied 1.00 reseeds 363
step 1150 loss 7.36831e-03 |g| 1.72e-01 NIS/dof 2.548e-01 applied 1.00 reseeds 370
step 1160 loss 6.29065e-03 |g| 2.97e-01 NIS/dof 2.866e-01 applied 1.00 reseeds 375
step 1170 loss 5.97779e-03 |g| 2.21e-01 NIS/dof 2.508e-01 applied 1.00 reseeds 377
step 1180 loss 8.46352e-03 |g| 1.60e-01 NIS/dof 2.874e-01 applied 1.00 reseeds 379
step 1190 loss 6.54362e-03 |g| 2.40e-01 NIS/dof 2.888e-01 applied 1.00 reseeds 382
step 1200 loss 5.95429e-03 |g| 1.91e-01 NIS/dof 2.314e-01 applied 1.00 reseeds 385
step 1210 loss 5.44804e-03 |g| 4.99e-01 NIS/dof 2.611e-01 applied 1.00 reseeds 387
step 1220 loss 5.80386e-03 |g| 1.89e-01 NIS/dof 2.451e-01 applied 1.00 reseeds 390
step 1230 loss 4.02015e-03 |g| 1.51e-01 NIS/dof 2.316e-01 applied 1.00 reseeds 391
step 1240 loss 4.45116e-03 |g| 2.00e-01 NIS/dof 2.365e-01 applied 1.00 reseeds 397
step 1250 loss 6.52692e-03 |g| 2.25e-01 NIS/dof 2.250e-01 applied 1.00 reseeds 399
step 1260 loss 4.97542e-03 |g| 1.81e-01 NIS/dof 2.248e-01 applied 1.00 reseeds 402
step 1270 loss 3.61712e-03 |g| 1.26e-01 NIS/dof 2.510e-01 applied 1.00 reseeds 406
step 1280 loss 5.44237e-03 |g| 1.57e-01 NIS/dof 2.508e-01 applied 1.00 reseeds 410
step 1290 loss 4.40670e-03 |g| 2.10e-01 NIS/dof 1.879e-01 applied 1.00 reseeds 413
step 1300 loss 6.06719e-03 |g| 3.30e-01 NIS/dof 2.791e-01 applied 1.00 reseeds 418
step 1310 loss 6.30371e-03 |g| 3.60e-01 NIS/dof 2.933e-01 applied 1.00 reseeds 420
step 1320 loss 8.63214e-03 |g| 2.79e-01 NIS/dof 2.451e-01 applied 1.00 reseeds 425
step 1330 loss 5.69354e-03 |g| 2.36e-01 NIS/dof 2.351e-01 applied 1.00 reseeds 429
step 1340 loss 7.68454e-03 |g| 2.37e-01 NIS/dof 2.568e-01 applied 1.00 reseeds 431
step 1350 loss 6.39411e-03 |g| 1.80e-01 NIS/dof 1.996e-01 applied 1.00 reseeds 434
step 1360 loss 4.95623e-03 |g| 1.55e-01 NIS/dof 2.269e-01 applied 1.00 reseeds 435
step 1370 loss 5.28745e-03 |g| 2.00e-01 NIS/dof 2.120e-01 applied 1.00 reseeds 440
step 1380 loss 4.51722e-03 |g| 1.55e-01 NIS/dof 2.420e-01 applied 1.00 reseeds 443
step 1390 loss 5.71419e-03 |g| 1.79e-01 NIS/dof 1.806e-01 applied 1.00 reseeds 445
step 1400 loss 3.90451e-03 |g| 1.48e-01 NIS/dof 1.904e-01 applied 1.00 reseeds 446
step 1410 loss 3.27754e-03 |g| 1.89e-01 NIS/dof 1.395e-01 applied 1.00 reseeds 448
step 1420 loss 5.59978e-03 |g| 1.02e-01 NIS/dof 1.669e-01 applied 1.00 reseeds 452
step 1430 loss 3.61592e-03 |g| 1.86e-01 NIS/dof 2.255e-01 applied 1.00 reseeds 452
step 1440 loss 3.68453e-03 |g| 1.09e-01 NIS/dof 1.387e-01 applied 1.00 reseeds 455
step 1450 loss 5.68918e-03 |g| 2.44e-01 NIS/dof 2.186e-01 applied 1.00 reseeds 458
step 1460 loss 5.21278e-03 |g| 4.94e-01 NIS/dof 1.989e-01 applied 1.00 reseeds 463
step 1470 loss 4.57000e-03 |g| 1.49e-01 NIS/dof 2.448e-01 applied 1.00 reseeds 468
step 1480 loss 5.75271e-03 |g| 2.30e-01 NIS/dof 2.539e-01 applied 1.00 reseeds 472
step 1490 loss 6.59926e-03 |g| 2.59e-01 NIS/dof 2.841e-01 applied 1.00 reseeds 478
step 1500 loss 4.38810e-03 |g| 1.82e-01 NIS/dof 1.916e-01 applied 1.00 reseeds 485
step 1510 loss 3.82335e-03 |g| 2.71e-01 NIS/dof 2.083e-01 applied 1.00 reseeds 487
step 1520 loss 5.49255e-03 |g| 4.00e-01 NIS/dof 2.854e-01 applied 1.00 reseeds 489
step 1530 loss 3.58559e-03 |g| 1.64e-01 NIS/dof 1.613e-01 applied 1.00 reseeds 491
step 1540 loss 4.70673e-03 |g| 2.55e-01 NIS/dof 2.155e-01 applied 1.00 reseeds 496
step 1550 loss 7.23220e-03 |g| 5.90e-01 NIS/dof 2.632e-01 applied 1.00 reseeds 498
step 1560 loss 6.08115e-03 |g| 3.30e-01 NIS/dof 2.085e-01 applied 1.00 reseeds 500
step 1570 loss 4.95523e-03 |g| 1.45e-01 NIS/dof 2.086e-01 applied 1.00 reseeds 502
step 1580 loss 3.29149e-03 |g| 9.51e-02 NIS/dof 1.215e-01 applied 1.00 reseeds 505
step 1590 loss 3.97787e-03 |g| 1.62e-01 NIS/dof 1.942e-01 applied 1.00 reseeds 507
step 1600 loss 3.92570e-03 |g| 1.85e-01 NIS/dof 2.274e-01 applied 1.00 reseeds 509
step 1610 loss 4.07242e-03 |g| 1.20e-01 NIS/dof 1.540e-01 applied 1.00 reseeds 512
step 1620 loss 3.85985e-03 |g| 1.11e-01 NIS/dof 2.045e-01 applied 1.00 reseeds 514
step 1630 loss 2.84372e-03 |g| 1.81e-01 NIS/dof 2.021e-01 applied 1.00 reseeds 520
step 1640 loss 5.17609e-03 |g| 1.14e-01 NIS/dof 1.985e-01 applied 1.00 reseeds 523
step 1650 loss 4.25606e-03 |g| 1.21e-01 NIS/dof 1.841e-01 applied 1.00 reseeds 524
step 1660 loss 4.51629e-03 |g| 1.68e-01 NIS/dof 2.426e-01 applied 1.00 reseeds 529
step 1670 loss 4.96067e-03 |g| 1.58e-01 NIS/dof 2.214e-01 applied 1.00 reseeds 530
step 1680 loss 3.57021e-03 |g| 1.85e-01 NIS/dof 1.563e-01 applied 1.00 reseeds 534
step 1690 loss 2.89015e-03 |g| 1.13e-01 NIS/dof 1.214e-01 applied 1.00 reseeds 538
step 1700 loss 3.29582e-03 |g| 1.15e-01 NIS/dof 1.449e-01 applied 1.00 reseeds 542
step 1710 loss 5.43195e-03 |g| 3.33e-01 NIS/dof 1.891e-01 applied 1.00 reseeds 543
step 1720 loss 4.40591e-03 |g| 1.77e-01 NIS/dof 2.086e-01 applied 1.00 reseeds 544
step 1730 loss 4.75298e-03 |g| 1.35e-01 NIS/dof 2.303e-01 applied 1.00 reseeds 547
step 1740 loss 4.15782e-03 |g| 1.41e-01 NIS/dof 2.630e-01 applied 1.00 reseeds 548
step 1750 loss 4.34801e-03 |g| 1.80e-01 NIS/dof 2.284e-01 applied 1.00 reseeds 554
step 1760 loss 3.66267e-03 |g| 8.81e-02 NIS/dof 2.002e-01 applied 1.00 reseeds 557
step 1770 loss 2.85143e-03 |g| 1.50e-01 NIS/dof 2.032e-01 applied 1.00 reseeds 558
step 1780 loss 2.59084e-03 |g| 6.98e-02 NIS/dof 2.026e-01 applied 1.00 reseeds 562
step 1790 loss 3.69013e-03 |g| 1.45e-01 NIS/dof 2.622e-01 applied 1.00 reseeds 564
step 1800 loss 3.53684e-03 |g| 1.64e-01 NIS/dof 2.143e-01 applied 1.00 reseeds 565
step 1810 loss 2.60016e-03 |g| 1.11e-01 NIS/dof 2.264e-01 applied 1.00 reseeds 572
step 1820 loss 3.48706e-03 |g| 1.19e-01 NIS/dof 2.128e-01 applied 1.00 reseeds 576
step 1830 loss 3.78399e-03 |g| 2.15e-01 NIS/dof 2.471e-01 applied 1.00 reseeds 579
step 1840 loss 4.22788e-03 |g| 1.48e-01 NIS/dof 2.461e-01 applied 1.00 reseeds 582
step 1850 loss 2.75544e-03 |g| 1.33e-01 NIS/dof 1.570e-01 applied 1.00 reseeds 584
step 1860 loss 3.21432e-03 |g| 1.16e-01 NIS/dof 1.440e-01 applied 1.00 reseeds 587
step 1870 loss 5.56838e-03 |g| 3.28e-01 NIS/dof 1.965e-01 applied 1.00 reseeds 589
step 1880 loss 4.35453e-03 |g| 2.04e-01 NIS/dof 1.748e-01 applied 1.00 reseeds 592
step 1890 loss 2.83395e-03 |g| 1.76e-01 NIS/dof 2.707e-01 applied 1.00 reseeds 596
step 1900 loss 4.43784e-03 |g| 1.63e-01 NIS/dof 2.465e-01 applied 1.00 reseeds 600
step 1910 loss 3.42892e-03 |g| 1.44e-01 NIS/dof 2.265e-01 applied 1.00 reseeds 601
step 1920 loss 2.49843e-03 |g| 1.03e-01 NIS/dof 1.693e-01 applied 1.00 reseeds 604
step 1930 loss 3.46123e-03 |g| 9.00e-02 NIS/dof 2.516e-01 applied 1.00 reseeds 607
step 1940 loss 3.91763e-03 |g| 1.61e-01 NIS/dof 2.288e-01 applied 1.00 reseeds 610
step 1950 loss 3.68966e-03 |g| 2.10e-01 NIS/dof 1.850e-01 applied 1.00 reseeds 611
step 1960 loss 4.48303e-03 |g| 3.63e-01 NIS/dof 2.551e-01 applied 1.00 reseeds 616
step 1970 loss 3.20595e-03 |g| 1.89e-01 NIS/dof 2.088e-01 applied 1.00 reseeds 619
step 1980 loss 4.98165e-03 |g| 2.50e-01 NIS/dof 2.272e-01 applied 1.00 reseeds 621
step 1990 loss 2.92606e-03 |g| 1.31e-01 NIS/dof 1.582e-01 applied 1.00 reseeds 625
step 2000 loss 2.81201e-03 |g| 1.51e-01 NIS/dof 1.472e-01 applied 1.00 reseeds 628
step 2010 loss 3.86121e-03 |g| 1.71e-01 NIS/dof 1.899e-01 applied 1.00 reseeds 632
step 2020 loss 2.86394e-03 |g| 9.95e-02 NIS/dof 1.607e-01 applied 1.00 reseeds 633
step 2030 loss 4.03381e-03 |g| 1.12e-01 NIS/dof 1.828e-01 applied 1.00 reseeds 636
step 2040 loss 3.77537e-03 |g| 2.70e-01 NIS/dof 2.542e-01 applied 1.00 reseeds 637
step 2050 loss 3.70341e-03 |g| 3.07e-01 NIS/dof 2.349e-01 applied 1.00 reseeds 641
step 2060 loss 3.39679e-03 |g| 1.95e-01 NIS/dof 1.958e-01 applied 1.00 reseeds 642
step 2070 loss 2.75086e-03 |g| 1.86e-01 NIS/dof 1.835e-01 applied 1.00 reseeds 645
step 2080 loss 3.98998e-03 |g| 3.02e-01 NIS/dof 2.254e-01 applied 1.00 reseeds 649
step 2090 loss 3.01913e-03 |g| 1.46e-01 NIS/dof 2.303e-01 applied 1.00 reseeds 650
step 2100 loss 2.73136e-03 |g| 1.47e-01 NIS/dof 1.997e-01 applied 1.00 reseeds 656
step 2110 loss 2.91754e-03 |g| 9.46e-02 NIS/dof 1.924e-01 applied 1.00 reseeds 660
step 2120 loss 2.93713e-03 |g| 1.04e-01 NIS/dof 1.924e-01 applied 1.00 reseeds 661
step 2130 loss 2.62238e-03 |g| 1.06e-01 NIS/dof 2.178e-01 applied 1.00 reseeds 662
step 2140 loss 5.07742e-03 |g| 1.82e-01 NIS/dof 2.484e-01 applied 1.00 reseeds 667
step 2150 loss 3.31353e-03 |g| 9.46e-02 NIS/dof 1.660e-01 applied 1.00 reseeds 671
step 2160 loss 3.10083e-03 |g| 1.94e-01 NIS/dof 1.968e-01 applied 1.00 reseeds 675
step 2170 loss 3.76560e-03 |g| 1.59e-01 NIS/dof 2.112e-01 applied 1.00 reseeds 680
step 2180 loss 2.50043e-03 |g| 1.67e-01 NIS/dof 1.719e-01 applied 1.00 reseeds 680
step 2190 loss 2.85213e-03 |g| 2.13e-01 NIS/dof 2.185e-01 applied 1.00 reseeds 683
step 2200 loss 3.42841e-03 |g| 8.27e-02 NIS/dof 2.386e-01 applied 1.00 reseeds 686
step 2210 loss 3.35019e-03 |g| 1.46e-01 NIS/dof 1.966e-01 applied 1.00 reseeds 694
step 2220 loss 4.00661e-03 |g| 1.94e-01 NIS/dof 2.720e-01 applied 1.00 reseeds 697
step 2230 loss 3.79706e-03 |g| 1.19e-01 NIS/dof 2.420e-01 applied 1.00 reseeds 700
step 2240 loss 2.69404e-03 |g| 1.02e-01 NIS/dof 1.257e-01 applied 1.00 reseeds 705
step 2250 loss 5.30188e-03 |g| 3.30e-01 NIS/dof 2.306e-01 applied 1.00 reseeds 707
step 2260 loss 3.88958e-03 |g| 2.26e-01 NIS/dof 1.578e-01 applied 1.00 reseeds 709
step 2270 loss 3.57332e-03 |g| 2.35e-01 NIS/dof 1.801e-01 applied 1.00 reseeds 712
step 2280 loss 4.38989e-03 |g| 1.32e-01 NIS/dof 1.903e-01 applied 1.00 reseeds 714
step 2290 loss 3.38143e-03 |g| 1.69e-01 NIS/dof 2.084e-01 applied 1.00 reseeds 721
step 2300 loss 3.51729e-03 |g| 1.26e-01 NIS/dof 1.624e-01 applied 1.00 reseeds 722
step 2310 loss 4.23403e-03 |g| 3.11e-01 NIS/dof 2.161e-01 applied 1.00 reseeds 728
step 2320 loss 4.30933e-03 |g| 1.48e-01 NIS/dof 1.592e-01 applied 1.00 reseeds 730
step 2330 loss 2.49964e-03 |g| 1.46e-01 NIS/dof 1.826e-01 applied 1.00 reseeds 734
step 2340 loss 3.08008e-03 |g| 8.20e-02 NIS/dof 1.847e-01 applied 1.00 reseeds 738
step 2350 loss 4.10571e-03 |g| 1.11e-01 NIS/dof 1.865e-01 applied 1.00 reseeds 740
step 2360 loss 2.39457e-03 |g| 1.07e-01 NIS/dof 1.499e-01 applied 1.00 reseeds 741
step 2370 loss 2.65792e-03 |g| 8.74e-02 NIS/dof 2.018e-01 applied 1.00 reseeds 745
step 2380 loss 3.13516e-03 |g| 1.14e-01 NIS/dof 1.884e-01 applied 1.00 reseeds 746
step 2390 loss 2.37986e-03 |g| 6.93e-02 NIS/dof 1.129e-01 applied 1.00 reseeds 749
step 2400 loss 2.44312e-03 |g| 1.65e-01 NIS/dof 1.719e-01 applied 1.00 reseeds 753
step 2410 loss 2.04553e-03 |g| 1.30e-01 NIS/dof 1.647e-01 applied 1.00 reseeds 754
step 2420 loss 3.88968e-03 |g| 1.52e-01 NIS/dof 1.879e-01 applied 1.00 reseeds 757
step 2430 loss 3.10625e-03 |g| 1.04e-01 NIS/dof 1.600e-01 applied 1.00 reseeds 759
step 2440 loss 2.45475e-03 |g| 1.47e-01 NIS/dof 1.535e-01 applied 1.00 reseeds 761
step 2450 loss 4.25288e-03 |g| 2.24e-01 NIS/dof 2.260e-01 applied 1.00 reseeds 764
step 2460 loss 3.11296e-03 |g| 2.07e-01 NIS/dof 2.474e-01 applied 1.00 reseeds 766
step 2470 loss 3.03019e-03 |g| 1.07e-01 NIS/dof 2.160e-01 applied 1.00 reseeds 770
step 2480 loss 2.70363e-03 |g| 1.13e-01 NIS/dof 1.838e-01 applied 1.00 reseeds 774
step 2490 loss 1.70490e-03 |g| 1.47e-01 NIS/dof 1.977e-01 applied 1.00 reseeds 776
step 2500 loss 3.07436e-03 |g| 1.26e-01 NIS/dof 2.236e-01 applied 1.00 reseeds 780
step 2510 loss 2.46754e-03 |g| 1.63e-01 NIS/dof 1.767e-01 applied 1.00 reseeds 785
step 2520 loss 2.47818e-03 |g| 1.28e-01 NIS/dof 2.421e-01 applied 1.00 reseeds 789
step 2530 loss 2.59424e-03 |g| 8.36e-02 NIS/dof 1.882e-01 applied 1.00 reseeds 792
step 2540 loss 2.60105e-03 |g| 1.75e-01 NIS/dof 2.155e-01 applied 1.00 reseeds 794
step 2550 loss 3.91761e-03 |g| 1.25e-01 NIS/dof 1.774e-01 applied 1.00 reseeds 795
step 2560 loss 1.20160e-03 |g| 7.53e-02 NIS/dof 1.328e-01 applied 1.00 reseeds 798
step 2570 loss 3.01441e-03 |g| 9.83e-02 NIS/dof 1.511e-01 applied 1.00 reseeds 802
step 2580 loss 3.80401e-03 |g| 1.10e-01 NIS/dof 1.642e-01 applied 1.00 reseeds 804
step 2590 loss 2.83433e-03 |g| 1.71e-01 NIS/dof 1.500e-01 applied 1.00 reseeds 806
step 2600 loss 5.11944e-03 |g| 3.22e-01 NIS/dof 2.280e-01 applied 1.00 reseeds 811
step 2610 loss 3.48825e-03 |g| 8.46e-02 NIS/dof 2.093e-01 applied 1.00 reseeds 813
step 2620 loss 3.18756e-03 |g| 2.00e-01 NIS/dof 2.081e-01 applied 1.00 reseeds 817
step 2630 loss 3.72839e-03 |g| 1.43e-01 NIS/dof 1.926e-01 applied 1.00 reseeds 820
step 2640 loss 2.46114e-03 |g| 7.83e-02 NIS/dof 1.700e-01 applied 1.00 reseeds 822
step 2650 loss 2.25027e-03 |g| 1.58e-01 NIS/dof 1.679e-01 applied 1.00 reseeds 826
step 2660 loss 2.91021e-03 |g| 1.48e-01 NIS/dof 1.848e-01 applied 1.00 reseeds 827
step 2670 loss 3.73112e-03 |g| 1.02e-01 NIS/dof 1.949e-01 applied 1.00 reseeds 829
step 2680 loss 3.33082e-03 |g| 1.80e-01 NIS/dof 1.408e-01 applied 1.00 reseeds 835
step 2690 loss 2.81967e-03 |g| 1.49e-01 NIS/dof 1.410e-01 applied 1.00 reseeds 839
step 2700 loss 2.68201e-03 |g| 1.22e-01 NIS/dof 1.731e-01 applied 1.00 reseeds 844
step 2710 loss 2.84709e-03 |g| 1.42e-01 NIS/dof 1.563e-01 applied 1.00 reseeds 845
step 2720 loss 2.01121e-03 |g| 9.76e-02 NIS/dof 1.601e-01 applied 1.00 reseeds 848
step 2730 loss 2.95027e-03 |g| 1.55e-01 NIS/dof 2.104e-01 applied 1.00 reseeds 853
step 2740 loss 2.45605e-03 |g| 1.63e-01 NIS/dof 1.429e-01 applied 1.00 reseeds 857
step 2750 loss 4.19520e-03 |g| 1.48e-01 NIS/dof 2.824e-01 applied 1.00 reseeds 861
step 2760 loss 3.22901e-03 |g| 1.91e-01 NIS/dof 1.726e-01 applied 1.00 reseeds 864
step 2770 loss 3.15974e-03 |g| 1.48e-01 NIS/dof 1.626e-01 applied 1.00 reseeds 866
step 2780 loss 3.05212e-03 |g| 1.15e-01 NIS/dof 2.245e-01 applied 1.00 reseeds 869
step 2790 loss 3.43103e-03 |g| 6.27e-02 NIS/dof 1.627e-01 applied 1.00 reseeds 875
step 2800 loss 3.01983e-03 |g| 1.56e-01 NIS/dof 1.620e-01 applied 1.00 reseeds 878
step 2810 loss 3.63856e-03 |g| 1.62e-01 NIS/dof 3.154e-01 applied 1.00 reseeds 881
step 2820 loss 3.38862e-03 |g| 1.67e-01 NIS/dof 1.929e-01 applied 1.00 reseeds 884
step 2830 loss 3.46183e-03 |g| 1.21e-01 NIS/dof 2.058e-01 applied 1.00 reseeds 886
step 2840 loss 1.79731e-03 |g| 5.74e-02 NIS/dof 1.597e-01 applied 1.00 reseeds 890
step 2850 loss 2.21585e-03 |g| 7.81e-02 NIS/dof 2.006e-01 applied 1.00 reseeds 891
step 2860 loss 4.11057e-03 |g| 3.74e-01 NIS/dof 1.647e-01 applied 1.00 reseeds 893
step 2870 loss 4.48180e-03 |g| 1.61e-01 NIS/dof 1.633e-01 applied 1.00 reseeds 896
step 2880 loss 3.06822e-03 |g| 1.44e-01 NIS/dof 1.720e-01 applied 1.00 reseeds 900
step 2890 loss 2.88433e-03 |g| 1.83e-01 NIS/dof 1.934e-01 applied 1.00 reseeds 901
step 2900 loss 4.36989e-03 |g| 2.98e-01 NIS/dof 2.162e-01 applied 1.00 reseeds 905
step 2910 loss 2.16201e-03 |g| 7.33e-02 NIS/dof 1.167e-01 applied 1.00 reseeds 910
step 2920 loss 2.86681e-03 |g| 1.38e-01 NIS/dof 1.777e-01 applied 1.00 reseeds 917
step 2930 loss 2.75885e-03 |g| 1.05e-01 NIS/dof 1.526e-01 applied 1.00 reseeds 918
step 2940 loss 2.76855e-03 |g| 1.56e-01 NIS/dof 2.197e-01 applied 1.00 reseeds 919
step 2950 loss 3.29833e-03 |g| 1.58e-01 NIS/dof 2.079e-01 applied 1.00 reseeds 921
step 2960 loss 2.54096e-03 |g| 8.50e-02 NIS/dof 1.680e-01 applied 1.00 reseeds 923
step 2970 loss 2.95749e-03 |g| 1.23e-01 NIS/dof 2.398e-01 applied 1.00 reseeds 928
step 2980 loss 1.47900e-03 |g| 9.88e-02 NIS/dof 1.282e-01 applied 1.00 reseeds 931
step 2990 loss 3.02482e-03 |g| 2.18e-01 NIS/dof 1.898e-01 applied 1.00 reseeds 936
step 3000 loss 1.58523e-03 |g| 8.11e-02 NIS/dof 1.950e-01 applied 1.00 reseeds 937
step 3010 loss 1.91610e-03 |g| 9.15e-02 NIS/dof 2.039e-01 applied 1.00 reseeds 939
step 3020 loss 2.22922e-03 |g| 9.28e-02 NIS/dof 1.756e-01 applied 1.00 reseeds 948
step 3030 loss 2.76702e-03 |g| 1.66e-01 NIS/dof 1.570e-01 applied 1.00 reseeds 951
step 3040 loss 3.35729e-03 |g| 1.05e-01 NIS/dof 1.675e-01 applied 1.00 reseeds 952
step 3050 loss 2.41529e-03 |g| 1.54e-01 NIS/dof 1.890e-01 applied 1.00 reseeds 958
step 3060 loss 2.06266e-03 |g| 9.80e-02 NIS/dof 1.959e-01 applied 1.00 reseeds 962
step 3070 loss 2.36948e-03 |g| 1.57e-01 NIS/dof 1.418e-01 applied 1.00 reseeds 962
step 3080 loss 2.57462e-03 |g| 1.66e-01 NIS/dof 1.931e-01 applied 1.00 reseeds 965
step 3090 loss 2.69257e-03 |g| 2.12e-01 NIS/dof 1.874e-01 applied 1.00 reseeds 968
step 3100 loss 1.43947e-03 |g| 6.18e-02 NIS/dof 1.228e-01 applied 1.00 reseeds 968
step 3110 loss 3.64009e-03 |g| 3.02e-01 NIS/dof 2.130e-01 applied 1.00 reseeds 975
step 3120 loss 2.27685e-03 |g| 1.26e-01 NIS/dof 1.422e-01 applied 1.00 reseeds 977
step 3130 loss 2.17530e-03 |g| 9.78e-02 NIS/dof 2.251e-01 applied 1.00 reseeds 979
step 3140 loss 1.83893e-03 |g| 1.18e-01 NIS/dof 1.648e-01 applied 1.00 reseeds 979
step 3150 loss 2.47468e-03 |g| 2.05e-01 NIS/dof 1.771e-01 applied 1.00 reseeds 983
step 3160 loss 2.40428e-03 |g| 1.08e-01 NIS/dof 2.080e-01 applied 1.00 reseeds 985
step 3170 loss 2.87959e-03 |g| 1.19e-01 NIS/dof 1.873e-01 applied 1.00 reseeds 988
step 3180 loss 1.94655e-03 |g| 1.06e-01 NIS/dof 1.636e-01 applied 1.00 reseeds 991
step 3190 loss 2.04167e-03 |g| 8.13e-02 NIS/dof 1.560e-01 applied 1.00 reseeds 992
step 3200 loss 2.51534e-03 |g| 1.03e-01 NIS/dof 1.665e-01 applied 1.00 reseeds 992
step 3210 loss 2.70155e-03 |g| 1.75e-01 NIS/dof 2.066e-01 applied 1.00 reseeds 997
step 3220 loss 3.79117e-03 |g| 1.04e-01 NIS/dof 1.724e-01 applied 1.00 reseeds 1001
step 3230 loss 2.59214e-03 |g| 1.53e-01 NIS/dof 1.949e-01 applied 1.00 reseeds 1001
step 3240 loss 1.97748e-03 |g| 7.86e-02 NIS/dof 1.591e-01 applied 1.00 reseeds 1004
step 3250 loss 2.22804e-03 |g| 9.60e-02 NIS/dof 1.931e-01 applied 1.00 reseeds 1006
step 3260 loss 3.03515e-03 |g| 1.13e-01 NIS/dof 1.497e-01 applied 1.00 reseeds 1010
step 3270 loss 2.87038e-03 |g| 1.59e-01 NIS/dof 1.854e-01 applied 1.00 reseeds 1013
step 3280 loss 2.08166e-03 |g| 1.54e-01 NIS/dof 2.056e-01 applied 1.00 reseeds 1017
step 3290 loss 2.97220e-03 |g| 3.67e-01 NIS/dof 1.996e-01 applied 1.00 reseeds 1021
step 3300 loss 3.30389e-03 |g| 1.22e-01 NIS/dof 2.719e-01 applied 1.00 reseeds 1027
step 3310 loss 2.36377e-03 |g| 2.01e-01 NIS/dof 2.009e-01 applied 1.00 reseeds 1029
step 3320 loss 2.24139e-03 |g| 6.37e-02 NIS/dof 1.841e-01 applied 1.00 reseeds 1033
step 3330 loss 2.77684e-03 |g| 1.13e-01 NIS/dof 2.132e-01 applied 1.00 reseeds 1037
step 3340 loss 3.57696e-03 |g| 1.01e-01 NIS/dof 2.329e-01 applied 1.00 reseeds 1040
step 3350 loss 2.42682e-03 |g| 1.22e-01 NIS/dof 1.609e-01 applied 1.00 reseeds 1044
step 3360 loss 2.76016e-03 |g| 1.01e-01 NIS/dof 2.735e-01 applied 1.00 reseeds 1047
step 3370 loss 1.99414e-03 |g| 8.06e-02 NIS/dof 1.513e-01 applied 1.00 reseeds 1048
step 3380 loss 2.41935e-03 |g| 1.09e-01 NIS/dof 1.741e-01 applied 1.00 reseeds 1050
step 3390 loss 2.38467e-03 |g| 1.81e-01 NIS/dof 2.380e-01 applied 1.00 reseeds 1051
step 3400 loss 3.04468e-03 |g| 1.35e-01 NIS/dof 1.607e-01 applied 1.00 reseeds 1053
step 3410 loss 1.89976e-03 |g| 1.47e-01 NIS/dof 1.542e-01 applied 1.00 reseeds 1062
step 3420 loss 2.32930e-03 |g| 2.32e-01 NIS/dof 1.900e-01 applied 1.00 reseeds 1064
step 3430 loss 2.67527e-03 |g| 2.48e-01 NIS/dof 1.726e-01 applied 1.00 reseeds 1064
step 3440 loss 1.44261e-03 |g| 8.92e-02 NIS/dof 1.719e-01 applied 1.00 reseeds 1066
step 3450 loss 2.36153e-03 |g| 1.26e-01 NIS/dof 1.725e-01 applied 1.00 reseeds 1068
step 3460 loss 2.39745e-03 |g| 1.52e-01 NIS/dof 1.575e-01 applied 1.00 reseeds 1071
step 3470 loss 1.65255e-03 |g| 6.70e-02 NIS/dof 1.645e-01 applied 1.00 reseeds 1073
step 3480 loss 1.89804e-03 |g| 1.67e-01 NIS/dof 1.508e-01 applied 1.00 reseeds 1078
step 3490 loss 2.05724e-03 |g| 1.00e-01 NIS/dof 1.570e-01 applied 1.00 reseeds 1081
step 3500 loss 1.88899e-03 |g| 8.80e-02 NIS/dof 1.543e-01 applied 1.00 reseeds 1085
step 3510 loss 2.05165e-03 |g| 9.18e-02 NIS/dof 2.008e-01 applied 1.00 reseeds 1088
step 3520 loss 2.69154e-03 |g| 1.05e-01 NIS/dof 2.262e-01 applied 1.00 reseeds 1088
step 3530 loss 1.54185e-03 |g| 9.26e-02 NIS/dof 1.597e-01 applied 1.00 reseeds 1093
step 3540 loss 1.90714e-03 |g| 6.86e-02 NIS/dof 2.454e-01 applied 1.00 reseeds 1096
step 3550 loss 1.71902e-03 |g| 1.00e-01 NIS/dof 1.876e-01 applied 1.00 reseeds 1099
step 3560 loss 2.04428e-03 |g| 6.27e-02 NIS/dof 1.903e-01 applied 1.00 reseeds 1101
step 3570 loss 2.61931e-03 |g| 9.99e-02 NIS/dof 1.547e-01 applied 1.00 reseeds 1107
step 3580 loss 2.27485e-03 |g| 8.65e-02 NIS/dof 2.285e-01 applied 1.00 reseeds 1109
step 3590 loss 3.57931e-03 |g| 1.95e-01 NIS/dof 2.239e-01 applied 1.00 reseeds 1112
step 3600 loss 2.15875e-03 |g| 1.15e-01 NIS/dof 2.122e-01 applied 1.00 reseeds 1116
step 3610 loss 2.79792e-03 |g| 1.44e-01 NIS/dof 2.192e-01 applied 1.00 reseeds 1121
step 3620 loss 1.40523e-03 |g| 5.08e-02 NIS/dof 2.044e-01 applied 1.00 reseeds 1124
step 3630 loss 1.82798e-03 |g| 1.45e-01 NIS/dof 1.639e-01 applied 1.00 reseeds 1127
step 3640 loss 2.25614e-03 |g| 7.19e-02 NIS/dof 1.582e-01 applied 1.00 reseeds 1131
step 3650 loss 1.50696e-03 |g| 6.68e-02 NIS/dof 1.556e-01 applied 1.00 reseeds 1136
step 3660 loss 2.04546e-03 |g| 5.72e-02 NIS/dof 1.460e-01 applied 1.00 reseeds 1138
step 3670 loss 2.42306e-03 |g| 1.37e-01 NIS/dof 1.849e-01 applied 1.00 reseeds 1142
step 3680 loss 2.00550e-03 |g| 9.23e-02 NIS/dof 1.754e-01 applied 1.00 reseeds 1144
step 3690 loss 2.37306e-03 |g| 1.19e-01 NIS/dof 1.503e-01 applied 1.00 reseeds 1146
step 3700 loss 1.97752e-03 |g| 9.84e-02 NIS/dof 1.520e-01 applied 1.00 reseeds 1150
step 3710 loss 3.67856e-03 |g| 1.36e-01 NIS/dof 1.530e-01 applied 1.00 reseeds 1151
step 3720 loss 1.71141e-03 |g| 9.16e-02 NIS/dof 1.639e-01 applied 1.00 reseeds 1154
step 3730 loss 1.61595e-03 |g| 7.94e-02 NIS/dof 1.670e-01 applied 1.00 reseeds 1158
step 3740 loss 2.09690e-03 |g| 7.00e-02 NIS/dof 1.955e-01 applied 1.00 reseeds 1159
step 3750 loss 1.47037e-03 |g| 1.18e-01 NIS/dof 1.846e-01 applied 1.00 reseeds 1164
step 3760 loss 2.67750e-03 |g| 1.89e-01 NIS/dof 1.917e-01 applied 1.00 reseeds 1166
step 3770 loss 1.81398e-03 |g| 1.41e-01 NIS/dof 1.422e-01 applied 1.00 reseeds 1166
step 3780 loss 2.35174e-03 |g| 1.05e-01 NIS/dof 2.243e-01 applied 1.00 reseeds 1173
step 3790 loss 2.66179e-03 |g| 8.02e-02 NIS/dof 2.093e-01 applied 1.00 reseeds 1176
step 3800 loss 2.44437e-03 |g| 2.57e-01 NIS/dof 1.703e-01 applied 1.00 reseeds 1177
step 3810 loss 3.53368e-03 |g| 1.34e-01 NIS/dof 1.678e-01 applied 1.00 reseeds 1181
step 3820 loss 1.76980e-03 |g| 5.76e-02 NIS/dof 1.679e-01 applied 1.00 reseeds 1182
step 3830 loss 2.62078e-03 |g| 1.16e-01 NIS/dof 2.030e-01 applied 1.00 reseeds 1184
step 3840 loss 2.11604e-03 |g| 7.59e-02 NIS/dof 1.561e-01 applied 1.00 reseeds 1184
step 3850 loss 2.62341e-03 |g| 1.64e-01 NIS/dof 1.437e-01 applied 1.00 reseeds 1192
step 3860 loss 2.29642e-03 |g| 1.49e-01 NIS/dof 2.114e-01 applied 1.00 reseeds 1195
step 3870 loss 2.56256e-03 |g| 7.14e-02 NIS/dof 1.465e-01 applied 1.00 reseeds 1199
step 3880 loss 2.79865e-03 |g| 8.06e-02 NIS/dof 1.940e-01 applied 1.00 reseeds 1202
step 3890 loss 2.92265e-03 |g| 1.06e-01 NIS/dof 1.701e-01 applied 1.00 reseeds 1202
step 3900 loss 1.56607e-03 |g| 6.06e-02 NIS/dof 1.806e-01 applied 1.00 reseeds 1206
step 3910 loss 2.51605e-03 |g| 1.31e-01 NIS/dof 1.739e-01 applied 1.00 reseeds 1207
step 3920 loss 2.02962e-03 |g| 1.02e-01 NIS/dof 1.463e-01 applied 1.00 reseeds 1209
step 3930 loss 1.64249e-03 |g| 7.83e-02 NIS/dof 1.523e-01 applied 1.00 reseeds 1213
step 3940 loss 2.17938e-03 |g| 1.06e-01 NIS/dof 1.743e-01 applied 1.00 reseeds 1218
step 3950 loss 2.48198e-03 |g| 1.25e-01 NIS/dof 1.859e-01 applied 1.00 reseeds 1220
step 3960 loss 1.97635e-03 |g| 1.05e-01 NIS/dof 2.373e-01 applied 1.00 reseeds 1224
step 3970 loss 1.89823e-03 |g| 1.25e-01 NIS/dof 1.601e-01 applied 1.00 reseeds 1226
step 3980 loss 2.05536e-03 |g| 2.56e-01 NIS/dof 1.761e-01 applied 1.00 reseeds 1230
step 3990 loss 1.96593e-03 |g| 8.03e-02 NIS/dof 1.684e-01 applied 1.00 reseeds 1233
step 4000 loss 2.66378e-03 |g| 1.46e-01 NIS/dof 2.217e-01 applied 1.00 reseeds 1234
step 4010 loss 1.89941e-03 |g| 1.36e-01 NIS/dof 1.722e-01 applied 1.00 reseeds 1237
step 4020 loss 2.77161e-03 |g| 1.14e-01 NIS/dof 2.431e-01 applied 1.00 reseeds 1241
step 4030 loss 2.66616e-03 |g| 1.11e-01 NIS/dof 1.816e-01 applied 1.00 reseeds 1243
step 4040 loss 2.01486e-03 |g| 1.34e-01 NIS/dof 1.803e-01 applied 1.00 reseeds 1245
step 4050 loss 2.64711e-03 |g| 6.00e-02 NIS/dof 1.583e-01 applied 1.00 reseeds 1249
step 4060 loss 1.93655e-03 |g| 1.09e-01 NIS/dof 1.936e-01 applied 1.00 reseeds 1252
step 4070 loss 1.81268e-03 |g| 1.14e-01 NIS/dof 1.487e-01 applied 1.00 reseeds 1257
step 4080 loss 2.22884e-03 |g| 9.30e-02 NIS/dof 1.623e-01 applied 1.00 reseeds 1260
step 4090 loss 1.65883e-03 |g| 6.53e-02 NIS/dof 1.354e-01 applied 1.00 reseeds 1266
step 4100 loss 1.38301e-03 |g| 1.01e-01 NIS/dof 1.704e-01 applied 1.00 reseeds 1267
step 4110 loss 1.32801e-03 |g| 6.68e-02 NIS/dof 1.531e-01 applied 1.00 reseeds 1270
step 4120 loss 1.87649e-03 |g| 8.82e-02 NIS/dof 1.650e-01 applied 1.00 reseeds 1274
step 4130 loss 2.34940e-03 |g| 9.83e-02 NIS/dof 1.652e-01 applied 1.00 reseeds 1275
step 4140 loss 2.09862e-03 |g| 9.77e-02 NIS/dof 1.820e-01 applied 1.00 reseeds 1277
step 4150 loss 2.63996e-03 |g| 5.71e-02 NIS/dof 2.025e-01 applied 1.00 reseeds 1277
step 4160 loss 2.01289e-03 |g| 1.85e-01 NIS/dof 1.405e-01 applied 1.00 reseeds 1280
step 4170 loss 1.84902e-03 |g| 1.02e-01 NIS/dof 2.004e-01 applied 1.00 reseeds 1284
step 4180 loss 1.97439e-03 |g| 9.15e-02 NIS/dof 1.431e-01 applied 1.00 reseeds 1285
step 4190 loss 1.51347e-03 |g| 6.53e-02 NIS/dof 1.612e-01 applied 1.00 reseeds 1288
step 4200 loss 2.62148e-03 |g| 1.75e-01 NIS/dof 2.025e-01 applied 1.00 reseeds 1290
step 4210 loss 2.06642e-03 |g| 1.32e-01 NIS/dof 2.267e-01 applied 1.00 reseeds 1291
step 4220 loss 2.45666e-03 |g| 7.78e-02 NIS/dof 2.063e-01 applied 1.00 reseeds 1295
step 4230 loss 2.38201e-03 |g| 6.19e-02 NIS/dof 1.833e-01 applied 1.00 reseeds 1297
step 4240 loss 2.07441e-03 |g| 1.48e-01 NIS/dof 1.566e-01 applied 1.00 reseeds 1300
step 4250 loss 1.61592e-03 |g| 7.92e-02 NIS/dof 1.800e-01 applied 1.00 reseeds 1303
step 4260 loss 2.17326e-03 |g| 1.14e-01 NIS/dof 2.050e-01 applied 1.00 reseeds 1304
step 4270 loss 1.95514e-03 |g| 8.16e-02 NIS/dof 1.698e-01 applied 1.00 reseeds 1305
step 4280 loss 2.74563e-03 |g| 1.66e-01 NIS/dof 2.033e-01 applied 1.00 reseeds 1308
step 4290 loss 2.30404e-03 |g| 1.78e-01 NIS/dof 1.859e-01 applied 1.00 reseeds 1310
step 4300 loss 2.43515e-03 |g| 2.01e-01 NIS/dof 2.053e-01 applied 1.00 reseeds 1312
step 4310 loss 1.75181e-03 |g| 1.16e-01 NIS/dof 1.956e-01 applied 1.00 reseeds 1313
step 4320 loss 2.08437e-03 |g| 1.04e-01 NIS/dof 1.453e-01 applied 1.00 reseeds 1320
step 4330 loss 2.10989e-03 |g| 7.10e-02 NIS/dof 2.178e-01 applied 1.00 reseeds 1324
step 4340 loss 2.40612e-03 |g| 1.06e-01 NIS/dof 1.659e-01 applied 1.00 reseeds 1328
step 4350 loss 2.98459e-03 |g| 1.94e-01 NIS/dof 2.064e-01 applied 1.00 reseeds 1332
step 4360 loss 2.78369e-03 |g| 2.56e-01 NIS/dof 2.259e-01 applied 1.00 reseeds 1334
step 4370 loss 1.74116e-03 |g| 2.02e-01 NIS/dof 1.812e-01 applied 1.00 reseeds 1339
step 4380 loss 1.90285e-03 |g| 1.02e-01 NIS/dof 1.879e-01 applied 1.00 reseeds 1345
step 4390 loss 3.09418e-03 |g| 1.00e-01 NIS/dof 1.821e-01 applied 1.00 reseeds 1349
step 4400 loss 2.68520e-03 |g| 1.08e-01 NIS/dof 2.083e-01 applied 1.00 reseeds 1353
step 4410 loss 2.96196e-03 |g| 9.76e-02 NIS/dof 2.512e-01 applied 1.00 reseeds 1355
step 4420 loss 2.17749e-03 |g| 5.07e-02 NIS/dof 1.474e-01 applied 1.00 reseeds 1357
step 4430 loss 1.25821e-03 |g| 5.03e-02 NIS/dof 2.014e-01 applied 1.00 reseeds 1364
step 4440 loss 1.55406e-03 |g| 1.25e-01 NIS/dof 1.897e-01 applied 1.00 reseeds 1367
step 4450 loss 1.82253e-03 |g| 1.13e-01 NIS/dof 1.936e-01 applied 1.00 reseeds 1370
step 4460 loss 2.55793e-03 |g| 2.21e-01 NIS/dof 2.138e-01 applied 1.00 reseeds 1374
step 4470 loss 2.13505e-03 |g| 1.42e-01 NIS/dof 1.700e-01 applied 1.00 reseeds 1381
step 4480 loss 2.46176e-03 |g| 1.35e-01 NIS/dof 1.810e-01 applied 1.00 reseeds 1387
step 4490 loss 1.64253e-03 |g| 8.71e-02 NIS/dof 1.624e-01 applied 1.00 reseeds 1388
step 4500 loss 2.55456e-03 |g| 1.86e-01 NIS/dof 2.000e-01 applied 1.00 reseeds 1392
step 4510 loss 1.75645e-03 |g| 1.01e-01 NIS/dof 2.006e-01 applied 1.00 reseeds 1394
step 4520 loss 2.00505e-03 |g| 6.21e-02 NIS/dof 1.236e-01 applied 1.00 reseeds 1396
step 4530 loss 1.73618e-03 |g| 8.98e-02 NIS/dof 1.736e-01 applied 1.00 reseeds 1401
step 4540 loss 1.71107e-03 |g| 1.25e-01 NIS/dof 2.023e-01 applied 1.00 reseeds 1405
step 4550 loss 2.29180e-03 |g| 1.09e-01 NIS/dof 2.482e-01 applied 1.00 reseeds 1410
step 4560 loss 1.20147e-03 |g| 8.75e-02 NIS/dof 1.844e-01 applied 1.00 reseeds 1412
step 4570 loss 1.65235e-03 |g| 1.15e-01 NIS/dof 1.860e-01 applied 1.00 reseeds 1412
step 4580 loss 1.62870e-03 |g| 7.64e-02 NIS/dof 1.828e-01 applied 1.00 reseeds 1413
step 4590 loss 1.91981e-03 |g| 1.28e-01 NIS/dof 2.259e-01 applied 1.00 reseeds 1415
step 4600 loss 2.10909e-03 |g| 6.22e-02 NIS/dof 1.927e-01 applied 1.00 reseeds 1417
step 4610 loss 2.43203e-03 |g| 1.75e-01 NIS/dof 2.166e-01 applied 1.00 reseeds 1421
step 4620 loss 2.32840e-03 |g| 8.27e-02 NIS/dof 1.461e-01 applied 1.00 reseeds 1426
step 4630 loss 1.87099e-03 |g| 9.51e-02 NIS/dof 2.146e-01 applied 1.00 reseeds 1426
step 4640 loss 2.41431e-03 |g| 2.04e-01 NIS/dof 1.967e-01 applied 1.00 reseeds 1428
step 4650 loss 1.52985e-03 |g| 8.46e-02 NIS/dof 2.035e-01 applied 1.00 reseeds 1431
step 4660 loss 1.80895e-03 |g| 9.40e-02 NIS/dof 1.811e-01 applied 1.00 reseeds 1434
step 4670 loss 1.92999e-03 |g| 1.35e-01 NIS/dof 1.858e-01 applied 1.00 reseeds 1437
step 4680 loss 2.30907e-03 |g| 9.13e-02 NIS/dof 2.297e-01 applied 1.00 reseeds 1440
step 4690 loss 2.31954e-03 |g| 6.26e-02 NIS/dof 1.860e-01 applied 1.00 reseeds 1445
step 4700 loss 1.70170e-03 |g| 7.13e-02 NIS/dof 2.084e-01 applied 1.00 reseeds 1448
step 4710 loss 1.90912e-03 |g| 9.54e-02 NIS/dof 1.751e-01 applied 1.00 reseeds 1451
step 4720 loss 2.14941e-03 |g| 1.07e-01 NIS/dof 1.527e-01 applied 1.00 reseeds 1453
step 4730 loss 3.82117e-03 |g| 2.12e-01 NIS/dof 2.394e-01 applied 1.00 reseeds 1456
step 4740 loss 2.20880e-03 |g| 1.38e-01 NIS/dof 1.996e-01 applied 1.00 reseeds 1460
step 4750 loss 2.07171e-03 |g| 2.36e-01 NIS/dof 2.274e-01 applied 1.00 reseeds 1462
step 4760 loss 1.55078e-03 |g| 1.00e-01 NIS/dof 2.226e-01 applied 1.00 reseeds 1465
step 4770 loss 1.42492e-03 |g| 1.21e-01 NIS/dof 1.690e-01 applied 1.00 reseeds 1470
step 4780 loss 2.10522e-03 |g| 1.41e-01 NIS/dof 1.914e-01 applied 1.00 reseeds 1476
step 4790 loss 1.82866e-03 |g| 9.96e-02 NIS/dof 2.024e-01 applied 1.00 reseeds 1483
step 4800 loss 2.01386e-03 |g| 7.38e-02 NIS/dof 2.022e-01 applied 1.00 reseeds 1484
step 4810 loss 2.28149e-03 |g| 9.13e-02 NIS/dof 2.042e-01 applied 1.00 reseeds 1485
step 4820 loss 3.09312e-03 |g| 1.59e-01 NIS/dof 2.201e-01 applied 1.00 reseeds 1485
step 4830 loss 1.59128e-03 |g| 1.07e-01 NIS/dof 2.144e-01 applied 1.00 reseeds 1488
step 4840 loss 2.07291e-03 |g| 1.11e-01 NIS/dof 2.357e-01 applied 1.00 reseeds 1491
step 4850 loss 1.47158e-03 |g| 5.15e-02 NIS/dof 1.867e-01 applied 1.00 reseeds 1493
step 4860 loss 1.90258e-03 |g| 2.13e-01 NIS/dof 2.475e-01 applied 1.00 reseeds 1498
step 4870 loss 1.76114e-03 |g| 1.23e-01 NIS/dof 1.701e-01 applied 1.00 reseeds 1503
step 4880 loss 1.57780e-03 |g| 9.49e-02 NIS/dof 1.735e-01 applied 1.00 reseeds 1506
step 4890 loss 1.95252e-03 |g| 1.40e-01 NIS/dof 1.822e-01 applied 1.00 reseeds 1510
step 4900 loss 2.00406e-03 |g| 7.67e-02 NIS/dof 1.557e-01 applied 1.00 reseeds 1511
step 4910 loss 1.55610e-03 |g| 7.13e-02 NIS/dof 1.939e-01 applied 1.00 reseeds 1513
step 4920 loss 1.72956e-03 |g| 1.01e-01 NIS/dof 1.958e-01 applied 1.00 reseeds 1514
step 4930 loss 1.29439e-03 |g| 1.02e-01 NIS/dof 2.259e-01 applied 1.00 reseeds 1516
step 4940 loss 1.63281e-03 |g| 8.60e-02 NIS/dof 2.256e-01 applied 1.00 reseeds 1519
step 4950 loss 1.95097e-03 |g| 1.01e-01 NIS/dof 1.869e-01 applied 1.00 reseeds 1521
step 4960 loss 1.89791e-03 |g| 9.50e-02 NIS/dof 2.029e-01 applied 1.00 reseeds 1526
step 4970 loss 2.38299e-03 |g| 8.37e-02 NIS/dof 1.681e-01 applied 1.00 reseeds 1530
step 4980 loss 2.28572e-03 |g| 1.45e-01 NIS/dof 2.100e-01 applied 1.00 reseeds 1534
step 4990 loss 2.61687e-03 |g| 1.56e-01 NIS/dof 1.517e-01 applied 1.00 reseeds 1536
step 5000 loss 1.70901e-03 |g| 6.03e-02 NIS/dof 2.173e-01 applied 1.00 reseeds 1540
step 5010 loss 3.05509e-03 |g| 8.71e-02 NIS/dof 2.135e-01 applied 1.00 reseeds 1541
step 5020 loss 2.02942e-03 |g| 1.59e-01 NIS/dof 1.764e-01 applied 1.00 reseeds 1543
step 5030 loss 2.77259e-03 |g| 9.17e-02 NIS/dof 2.160e-01 applied 1.00 reseeds 1546
step 5040 loss 2.29249e-03 |g| 1.11e-01 NIS/dof 2.018e-01 applied 1.00 reseeds 1550
step 5050 loss 2.50829e-03 |g| 7.83e-02 NIS/dof 2.364e-01 applied 1.00 reseeds 1555
step 5060 loss 2.37945e-03 |g| 1.77e-01 NIS/dof 1.759e-01 applied 1.00 reseeds 1557
step 5070 loss 2.08134e-03 |g| 1.08e-01 NIS/dof 1.698e-01 applied 1.00 reseeds 1559
step 5080 loss 1.81392e-03 |g| 1.43e-01 NIS/dof 1.922e-01 applied 1.00 reseeds 1565
step 5090 loss 1.97161e-03 |g| 8.98e-02 NIS/dof 2.314e-01 applied 1.00 reseeds 1567
step 5100 loss 1.89159e-03 |g| 8.95e-02 NIS/dof 1.722e-01 applied 1.00 reseeds 1571
step 5110 loss 1.50254e-03 |g| 6.30e-02 NIS/dof 1.724e-01 applied 1.00 reseeds 1576
step 5120 loss 1.61255e-03 |g| 6.42e-02 NIS/dof 1.757e-01 applied 1.00 reseeds 1579
step 5130 loss 2.78509e-03 |g| 2.03e-01 NIS/dof 2.282e-01 applied 1.00 reseeds 1583
step 5140 loss 1.45739e-03 |g| 7.89e-02 NIS/dof 1.668e-01 applied 1.00 reseeds 1586
step 5150 loss 1.62256e-03 |g| 7.41e-02 NIS/dof 1.701e-01 applied 1.00 reseeds 1588
step 5160 loss 1.32134e-03 |g| 8.32e-02 NIS/dof 1.945e-01 applied 1.00 reseeds 1588
step 5170 loss 2.32655e-03 |g| 8.56e-02 NIS/dof 1.808e-01 applied 1.00 reseeds 1592
step 5180 loss 1.74717e-03 |g| 6.20e-02 NIS/dof 1.876e-01 applied 1.00 reseeds 1596
step 5190 loss 3.26544e-03 |g| 9.86e-02 NIS/dof 1.894e-01 applied 1.00 reseeds 1599
step 5200 loss 2.36196e-03 |g| 1.54e-01 NIS/dof 1.670e-01 applied 1.00 reseeds 1602
step 5210 loss 1.41170e-03 |g| 6.59e-02 NIS/dof 1.745e-01 applied 1.00 reseeds 1605
step 5220 loss 1.79422e-03 |g| 6.43e-02 NIS/dof 1.657e-01 applied 1.00 reseeds 1608
step 5230 loss 1.85805e-03 |g| 8.11e-02 NIS/dof 1.477e-01 applied 1.00 reseeds 1609
step 5240 loss 1.98100e-03 |g| 1.47e-01 NIS/dof 1.949e-01 applied 1.00 reseeds 1612
step 5250 loss 1.96968e-03 |g| 1.60e-01 NIS/dof 1.665e-01 applied 1.00 reseeds 1614
step 5260 loss 2.93406e-03 |g| 9.21e-02 NIS/dof 2.145e-01 applied 1.00 reseeds 1616
step 5270 loss 1.67430e-03 |g| 6.32e-02 NIS/dof 1.934e-01 applied 1.00 reseeds 1618
step 5280 loss 1.54114e-03 |g| 8.91e-02 NIS/dof 1.892e-01 applied 1.00 reseeds 1623
step 5290 loss 1.71684e-03 |g| 8.97e-02 NIS/dof 2.016e-01 applied 1.00 reseeds 1628
step 5300 loss 1.74072e-03 |g| 1.32e-01 NIS/dof 1.707e-01 applied 1.00 reseeds 1630
step 5310 loss 2.23638e-03 |g| 6.60e-02 NIS/dof 1.662e-01 applied 1.00 reseeds 1634
step 5320 loss 1.49685e-03 |g| 8.37e-02 NIS/dof 1.727e-01 applied 1.00 reseeds 1636
step 5330 loss 2.64542e-03 |g| 1.16e-01 NIS/dof 2.179e-01 applied 1.00 reseeds 1640
step 5340 loss 2.32377e-03 |g| 9.33e-02 NIS/dof 2.143e-01 applied 1.00 reseeds 1644
step 5350 loss 1.86482e-03 |g| 1.11e-01 NIS/dof 2.252e-01 applied 1.00 reseeds 1646
step 5360 loss 1.78346e-03 |g| 1.45e-01 NIS/dof 1.701e-01 applied 1.00 reseeds 1650
step 5370 loss 1.49114e-03 |g| 9.00e-02 NIS/dof 1.489e-01 applied 1.00 reseeds 1651
step 5380 loss 2.06624e-03 |g| 1.39e-01 NIS/dof 1.996e-01 applied 1.00 reseeds 1655
step 5390 loss 1.69362e-03 |g| 8.44e-02 NIS/dof 1.843e-01 applied 1.00 reseeds 1657
step 5400 loss 3.16615e-03 |g| 9.98e-02 NIS/dof 2.005e-01 applied 1.00 reseeds 1659
step 5410 loss 1.96266e-03 |g| 1.18e-01 NIS/dof 1.620e-01 applied 1.00 reseeds 1662
step 5420 loss 2.27961e-03 |g| 8.93e-02 NIS/dof 2.140e-01 applied 1.00 reseeds 1666
step 5430 loss 2.27438e-03 |g| 9.91e-02 NIS/dof 1.848e-01 applied 1.00 reseeds 1667
step 5440 loss 1.46992e-03 |g| 1.38e-01 NIS/dof 1.886e-01 applied 1.00 reseeds 1669
step 5450 loss 2.25807e-03 |g| 7.68e-02 NIS/dof 2.074e-01 applied 1.00 reseeds 1674
step 5460 loss 1.83614e-03 |g| 1.13e-01 NIS/dof 1.763e-01 applied 1.00 reseeds 1675
step 5470 loss 1.54390e-03 |g| 1.19e-01 NIS/dof 1.845e-01 applied 1.00 reseeds 1680
step 5480 loss 1.76946e-03 |g| 5.78e-02 NIS/dof 1.577e-01 applied 1.00 reseeds 1682
step 5490 loss 1.77997e-03 |g| 6.31e-02 NIS/dof 1.857e-01 applied 1.00 reseeds 1688
step 5500 loss 1.84988e-03 |g| 8.13e-02 NIS/dof 2.011e-01 applied 1.00 reseeds 1691
step 5510 loss 2.03556e-03 |g| 9.36e-02 NIS/dof 1.980e-01 applied 1.00 reseeds 1693
step 5520 loss 2.19759e-03 |g| 1.56e-01 NIS/dof 2.084e-01 applied 1.00 reseeds 1698
step 5530 loss 1.96618e-03 |g| 6.92e-02 NIS/dof 1.906e-01 applied 1.00 reseeds 1703
step 5540 loss 1.81390e-03 |g| 6.71e-02 NIS/dof 1.605e-01 applied 1.00 reseeds 1707
step 5550 loss 2.15848e-03 |g| 5.40e-02 NIS/dof 2.111e-01 applied 1.00 reseeds 1711
step 5560 loss 1.32749e-03 |g| 8.37e-02 NIS/dof 1.687e-01 applied 1.00 reseeds 1713
step 5570 loss 2.23943e-03 |g| 1.20e-01 NIS/dof 1.535e-01 applied 1.00 reseeds 1715
step 5580 loss 1.28481e-03 |g| 4.05e-02 NIS/dof 1.223e-01 applied 1.00 reseeds 1715
step 5590 loss 2.27511e-03 |g| 8.34e-02 NIS/dof 1.995e-01 applied 1.00 reseeds 1718
step 5600 loss 2.28843e-03 |g| 1.48e-01 NIS/dof 1.923e-01 applied 1.00 reseeds 1720
step 5610 loss 1.95689e-03 |g| 8.64e-02 NIS/dof 1.491e-01 applied 1.00 reseeds 1723
step 5620 loss 1.44747e-03 |g| 1.46e-01 NIS/dof 1.880e-01 applied 1.00 reseeds 1727
step 5630 loss 1.80849e-03 |g| 7.85e-02 NIS/dof 1.984e-01 applied 1.00 reseeds 1729
step 5640 loss 2.54995e-03 |g| 1.35e-01 NIS/dof 2.318e-01 applied 1.00 reseeds 1731
step 5650 loss 1.65747e-03 |g| 1.30e-01 NIS/dof 2.408e-01 applied 1.00 reseeds 1734
step 5660 loss 1.68983e-03 |g| 7.52e-02 NIS/dof 2.228e-01 applied 1.00 reseeds 1744
step 5670 loss 2.33301e-03 |g| 1.29e-01 NIS/dof 2.337e-01 applied 1.00 reseeds 1747
step 5680 loss 2.54100e-03 |g| 1.50e-01 NIS/dof 1.923e-01 applied 1.00 reseeds 1749
step 5690 loss 2.10646e-03 |g| 5.39e-02 NIS/dof 1.589e-01 applied 1.00 reseeds 1752
step 5700 loss 2.25392e-03 |g| 1.08e-01 NIS/dof 2.006e-01 applied 1.00 reseeds 1754
step 5710 loss 1.89791e-03 |g| 1.06e-01 NIS/dof 2.021e-01 applied 1.00 reseeds 1758
step 5720 loss 1.96124e-03 |g| 1.47e-01 NIS/dof 1.939e-01 applied 1.00 reseeds 1762
step 5730 loss 1.91420e-03 |g| 1.48e-01 NIS/dof 1.857e-01 applied 1.00 reseeds 1764
step 5740 loss 3.08242e-03 |g| 9.52e-02 NIS/dof 1.584e-01 applied 1.00 reseeds 1764
step 5750 loss 2.13218e-03 |g| 8.83e-02 NIS/dof 2.005e-01 applied 1.00 reseeds 1764
step 5760 loss 2.32080e-03 |g| 1.30e-01 NIS/dof 1.935e-01 applied 1.00 reseeds 1765
step 5770 loss 2.17102e-03 |g| 6.05e-02 NIS/dof 1.625e-01 applied 1.00 reseeds 1768
step 5780 loss 1.67789e-03 |g| 6.73e-02 NIS/dof 1.568e-01 applied 1.00 reseeds 1772
step 5790 loss 1.95258e-03 |g| 7.37e-02 NIS/dof 1.985e-01 applied 1.00 reseeds 1774
step 5800 loss 1.51687e-03 |g| 1.25e-01 NIS/dof 2.045e-01 applied 1.00 reseeds 1777
step 5810 loss 2.09012e-03 |g| 2.46e-01 NIS/dof 2.025e-01 applied 1.00 reseeds 1778
step 5820 loss 2.42387e-03 |g| 1.24e-01 NIS/dof 2.092e-01 applied 1.00 reseeds 1782
step 5830 loss 2.47354e-03 |g| 8.81e-02 NIS/dof 1.742e-01 applied 1.00 reseeds 1786
step 5840 loss 2.43836e-03 |g| 9.95e-02 NIS/dof 2.004e-01 applied 1.00 reseeds 1789
step 5850 loss 1.23688e-03 |g| 8.45e-02 NIS/dof 2.064e-01 applied 1.00 reseeds 1791
step 5860 loss 1.50807e-03 |g| 6.29e-02 NIS/dof 2.028e-01 applied 1.00 reseeds 1793
step 5870 loss 2.38712e-03 |g| 3.38e-01 NIS/dof 1.952e-01 applied 1.00 reseeds 1795
step 5880 loss 1.31339e-03 |g| 1.36e-01 NIS/dof 1.554e-01 applied 1.00 reseeds 1797
step 5890 loss 2.02467e-03 |g| 7.03e-02 NIS/dof 2.504e-01 applied 1.00 reseeds 1800
step 5900 loss 1.77901e-03 |g| 9.26e-02 NIS/dof 1.910e-01 applied 1.00 reseeds 1802
step 5910 loss 1.94294e-03 |g| 1.06e-01 NIS/dof 2.318e-01 applied 1.00 reseeds 1807
step 5920 loss 2.59212e-03 |g| 7.04e-02 NIS/dof 1.571e-01 applied 1.00 reseeds 1809
step 5930 loss 1.93018e-03 |g| 6.98e-02 NIS/dof 2.191e-01 applied 1.00 reseeds 1813
step 5940 loss 1.48782e-03 |g| 1.14e-01 NIS/dof 1.661e-01 applied 1.00 reseeds 1815
step 5950 loss 1.46541e-03 |g| 1.10e-01 NIS/dof 1.668e-01 applied 1.00 reseeds 1815
step 5960 loss 1.86267e-03 |g| 8.51e-02 NIS/dof 1.594e-01 applied 1.00 reseeds 1816
step 5970 loss 3.09482e-03 |g| 8.56e-02 NIS/dof 2.015e-01 applied 1.00 reseeds 1818
step 5980 loss 1.65816e-03 |g| 4.57e-02 NIS/dof 1.524e-01 applied 1.00 reseeds 1823
step 5990 loss 2.42395e-03 |g| 1.01e-01 NIS/dof 2.089e-01 applied 1.00 reseeds 1828
step 5999 loss 1.72499e-03 |g| 4.34e-02 NIS/dof 1.262e-01 applied 1.00 reseeds 1829
== validating on held-out ==
  flat/seed28: baseline={'vel_rmse': 0.05433216467705643, 'vel_nees': 4.018834230032486, 'vel_nees_tangent': 5.1929049630828885, 'vel_nees_x': 0.06852178316911453, 'vel_nees_y': 0.07952276025940708, 'vel_nees_z': 2.0026284594792942, 'nis_over_dof': 0.009548450264932274, 'applied': 0.9999999999999999}  learned={'vel_rmse': 0.054900653308152816, 'vel_nees': 3.9167527805013096, 'vel_nees_tangent': 6.359096660472787, 'vel_nees_x': 0.11062265690556919, 'vel_nees_y': 0.13062622184061137, 'vel_nees_z': 2.102013376104286, 'nis_over_dof': 0.2076218408175983, 'applied': 0.9999999999999999}
  hard_stepping/seed27: baseline={'vel_rmse': 0.06187650061770991, 'vel_nees': 4.711327474805313, 'vel_nees_tangent': 6.580368070805535, 'vel_nees_x': 0.05812809337362369, 'vel_nees_y': 0.0729879833618364, 'vel_nees_z': 2.8943479714532976, 'nis_over_dof': 0.014109930229693963, 'applied': 0.9999999999999999}  learned={'vel_rmse': 0.0675748883786909, 'vel_nees': 5.426934665186749, 'vel_nees_tangent': 10.170707290123246, 'vel_nees_x': 0.06818661566269768, 'vel_nees_y': 0.20185886860712143, 'vel_nees_z': 3.00521396082409, 'nis_over_dof': 0.22012064185298552, 'applied': 0.9999999999999999}
  stepping_stones/seed22: baseline={'vel_rmse': 0.055025895448856624, 'vel_nees': 3.7890936356001315, 'vel_nees_tangent': 5.228076278420707, 'vel_nees_x': 0.07037878887187432, 'vel_nees_y': 0.05307722958946937, 'vel_nees_z': 2.2608209856941257, 'nis_over_dof': 0.010696378873690517, 'applied': 0.9999999999999999}  learned={'vel_rmse': 0.057157104841926966, 'vel_nees': 4.086410921566325, 'vel_nees_tangent': 6.976646400734154, 'vel_nees_x': 0.1367659946573901, 'vel_nees_y': 0.07401196081671804, 'vel_nees_z': 2.7503851991856765, 'nis_over_dof': 0.17455600291711101, 'applied': 0.9999999999999999}
  waves/seed25: baseline={'vel_rmse': 0.054292663818721554, 'vel_nees': 3.8765043586414105, 'vel_nees_tangent': 5.2632724850994625, 'vel_nees_x': 0.05643882781574348, 'vel_nees_y': 0.044149434324231907, 'vel_nees_z': 2.1693166714603174, 'nis_over_dof': 0.009545846302648603, 'applied': 0.9999999999999999}  learned={'vel_rmse': 0.04813949686806548, 'vel_nees': 3.091682778569887, 'vel_nees_tangent': 6.670609529726541, 'vel_nees_x': 0.06045346729686106, 'vel_nees_y': 0.04037736219082853, 'vel_nees_z': 1.8696849542099017, 'nis_over_dof': 0.17433306424638442, 'applied': 0.9999999999999999}
== summary ==
{
  "run": {
    "dir": "L128_A_l2vel",
    "started_at": "2026-08-09T00:39:44",
    "tag": null,
    "args": {
      "collect": false,
      "train_seeds": [
        0,
        1,
        2,
        3
      ],
      "val_seeds": [
        4,
        5,
        6,
        7
      ],
      "seconds": 45.0,
      "steps": 6000,
      "warmup_steps": 100,
      "time_budget_s": 86400.0,
      "tag": null,
      "out_dir": "results/l_ablation/L128_A_l2vel",
      "contacts_per_foot": 4,
      "objective": "l2_velocity",
      "w_pos": null,
      "w_ori": null,
      "pose_weight_ratio": null,
      "L": 128,
      "remat": false,
      "contact_meas_var": 0.0001,
      "pool": "n8fix"
    }
  },
  "n_train": 21,
  "n_val": 4,
  "steps_run": 6000,
  "final_reseeds": 1829,
  "floored": [],
  "cfg": {
    "F": 30,
    "d_in": 600,
    "H": 20,
    "window_span_s": 0.019,
    "L": 128,
    "B": 32,
    "objective": "l2_velocity",
    "remat": false,
    "contact_meas_var": 0.0001,
    "w_pos": 0.0,
    "w_ori": 0.0,
    "pose_weight_ratio": 0.5,
    "episode_s": 43.0,
    "warm_in_s": 1.0,
    "peak_lr": 0.0001,
    "init_seed": 0,
    "batcher_seed": 0,
    "cmd_ranges": {
      "vx": [
        0.3,
        0.9
      ],
      "vy": [
        0.25,
        0.5
      ],
      "yaw": [
        0.3,
        1.5
      ]
    }
  },
  "wall_s": 4128.609213352203,
  "val": [
    {
      "mode": "flat/seed28",
      "rollout": "flat/seed28",
      "baseline": {
        "vel_rmse": 0.05433216467705643,
        "vel_nees": 4.018834230032486,
        "vel_nees_tangent": 5.1929049630828885,
        "vel_nees_x": 0.06852178316911453,
        "vel_nees_y": 0.07952276025940708,
        "vel_nees_z": 2.0026284594792942,
        "nis_over_dof": 0.009548450264932274,
        "applied": 0.9999999999999999
      },
      "learned": {
        "vel_rmse": 0.054900653308152816,
        "vel_nees": 3.9167527805013096,
        "vel_nees_tangent": 6.359096660472787,
        "vel_nees_x": 0.11062265690556919,
        "vel_nees_y": 0.13062622184061137,
        "vel_nees_z": 2.102013376104286,
        "nis_over_dof": 0.2076218408175983,
        "applied": 0.9999999999999999
      }
    },
    {
      "mode": "hard_stepping/seed27",
      "rollout": "hard_stepping/seed27",
      "baseline": {
        "vel_rmse": 0.06187650061770991,
        "vel_nees": 4.711327474805313,
        "vel_nees_tangent": 6.580368070805535,
        "vel_nees_x": 0.05812809337362369,
        "vel_nees_y": 0.0729879833618364,
        "vel_nees_z": 2.8943479714532976,
        "nis_over_dof": 0.014109930229693963,
        "applied": 0.9999999999999999
      },
      "learned": {
        "vel_rmse": 0.0675748883786909,
        "vel_nees": 5.426934665186749,
        "vel_nees_tangent": 10.170707290123246,
        "vel_nees_x": 0.06818661566269768,
        "vel_nees_y": 0.20185886860712143,
        "vel_nees_z": 3.00521396082409,
        "nis_over_dof": 0.22012064185298552,
        "applied": 0.9999999999999999
      }
    },
    {
      "mode": "stepping_stones/seed22",
      "rollout": "stepping_stones/seed22",
      "baseline": {
        "vel_rmse": 0.055025895448856624,
        "vel_nees": 3.7890936356001315,
        "vel_nees_tangent": 5.228076278420707,
        "vel_nees_x": 0.07037878887187432,
        "vel_nees_y": 0.05307722958946937,
        "vel_nees_z": 2.2608209856941257,
        "nis_over_dof": 0.010696378873690517,
        "applied": 0.9999999999999999
      },
      "learned": {
        "vel_rmse": 0.057157104841926966,
        "vel_nees": 4.086410921566325,
        "vel_nees_tangent": 6.976646400734154,
        "vel_nees_x": 0.1367659946573901,
        "vel_nees_y": 0.07401196081671804,
        "vel_nees_z": 2.7503851991856765,
        "nis_over_dof": 0.17455600291711101,
        "applied": 0.9999999999999999
      }
    },
    {
      "mode": "waves/seed25",
      "rollout": "waves/seed25",
      "baseline": {
        "vel_rmse": 0.054292663818721554,
        "vel_nees": 3.8765043586414105,
        "vel_nees_tangent": 5.2632724850994625,
        "vel_nees_x": 0.05643882781574348,
        "vel_nees_y": 0.044149434324231907,
        "vel_nees_z": 2.1693166714603174,
        "nis_over_dof": 0.009545846302648603,
        "applied": 0.9999999999999999
      },
      "learned": {
        "vel_rmse": 0.04813949686806548,
        "vel_nees": 3.091682778569887,
        "vel_nees_tangent": 6.670609529726541,
        "vel_nees_x": 0.06045346729686106,
        "vel_nees_y": 0.04037736219082853,
        "vel_nees_z": 1.8696849542099017,
        "nis_over_dof": 0.17433306424638442,
        "applied": 0.9999999999999999
      }
    }
  ],
  "loss_first": 0.2564210917410083,
  "loss_last": 0.0017249917588727807
}
  plots -> /home/llibshutz/alex/invariant-estimation/results/l_ablation/L128_A_l2vel/training.png, /home/llibshutz/alex/invariant-estimation/results/l_ablation/L128_A_l2vel/validation.png
[2026-08-09 01:48:36] --- cell L=128 A_l2vel complete: 6000 steps ---
[2026-08-09 01:48:36] --- cell L=128 B_l2velpos (l2_vel_pos) -> results/l_ablation/L128_B_l2velpos ---
Failed to import warp: No module named 'warp'
Failed to import mujoco_warp: No module named 'warp'
== run directory: /home/llibshutz/alex/invariant-estimation/results/l_ablation/L128_B_l2velpos ==
collector: 9 filtered joints, 8 IMUs, 8 contacts, 4 off-path joints, dt=0.001 (1000 Hz)  [built in 0.9s]
pool 'n8fix': 25 rollouts over {'flat': 8, 'hard_stepping': 7, 'stepping_stones': 4, 'waves': 6}
train rollouts: ['flat_n8fix_seed000.npz', 'flat_n8fix_seed004.npz', 'flat_n8fix_seed008.npz', 'flat_n8fix_seed012.npz', 'flat_n8fix_seed016.npz', 'flat_n8fix_seed020.npz', 'flat_n8fix_seed024.npz', 'hard_stepping_n8fix_seed003.npz', 'hard_stepping_n8fix_seed007.npz', 'hard_stepping_n8fix_seed011.npz', 'hard_stepping_n8fix_seed015.npz', 'hard_stepping_n8fix_seed019.npz', 'hard_stepping_n8fix_seed023.npz', 'stepping_stones_n8fix_seed006.npz', 'stepping_stones_n8fix_seed014.npz', 'stepping_stones_n8fix_seed018.npz', 'waves_n8fix_seed001.npz', 'waves_n8fix_seed005.npz', 'waves_n8fix_seed009.npz', 'waves_n8fix_seed017.npz', 'waves_n8fix_seed021.npz']
val rollouts:   ['flat_n8fix_seed028.npz', 'hard_stepping_n8fix_seed027.npz', 'stepping_stones_n8fix_seed022.npz', 'waves_n8fix_seed025.npz']
== building channel caches ==
  reused flat_n8fix_seed000_feat.npz (cache newer than rollout, channels match)
  reused flat_n8fix_seed004_feat.npz (cache newer than rollout, channels match)
  reused flat_n8fix_seed008_feat.npz (cache newer than rollout, channels match)
  reused flat_n8fix_seed012_feat.npz (cache newer than rollout, channels match)
  reused flat_n8fix_seed016_feat.npz (cache newer than rollout, channels match)
  reused flat_n8fix_seed020_feat.npz (cache newer than rollout, channels match)
  reused flat_n8fix_seed024_feat.npz (cache newer than rollout, channels match)
  reused hard_stepping_n8fix_seed003_feat.npz (cache newer than rollout, channels match)
  reused hard_stepping_n8fix_seed007_feat.npz (cache newer than rollout, channels match)
  reused hard_stepping_n8fix_seed011_feat.npz (cache newer than rollout, channels match)
  reused hard_stepping_n8fix_seed015_feat.npz (cache newer than rollout, channels match)
  reused hard_stepping_n8fix_seed019_feat.npz (cache newer than rollout, channels match)
  reused hard_stepping_n8fix_seed023_feat.npz (cache newer than rollout, channels match)
  reused stepping_stones_n8fix_seed006_feat.npz (cache newer than rollout, channels match)
  reused stepping_stones_n8fix_seed014_feat.npz (cache newer than rollout, channels match)
  reused stepping_stones_n8fix_seed018_feat.npz (cache newer than rollout, channels match)
  reused waves_n8fix_seed001_feat.npz (cache newer than rollout, channels match)
  reused waves_n8fix_seed005_feat.npz (cache newer than rollout, channels match)
  reused waves_n8fix_seed009_feat.npz (cache newer than rollout, channels match)
  reused waves_n8fix_seed017_feat.npz (cache newer than rollout, channels match)
  reused waves_n8fix_seed021_feat.npz (cache newer than rollout, channels match)
  reused flat_n8fix_seed028_feat.npz (cache newer than rollout, channels match)
  reused hard_stepping_n8fix_seed027_feat.npz (cache newer than rollout, channels match)
  reused stepping_stones_n8fix_seed022_feat.npz (cache newer than rollout, channels match)
  reused waves_n8fix_seed025_feat.npz (cache newer than rollout, channels match)
== fitting normalization (train, walking set) ==
  floored channels: []
  cfg: F=30 d_in=600 H=20 (window 19 ms, consecutive ticks) L=128 B=32 objective=l2_vel_pos episode_s=43.0
== preparing rollouts ==
  prepared flat/seed0: T=44000, starts=[16019, 43872] (27854 legal)
  prepared flat/seed4: T=44000, starts=[16019, 43872] (27854 legal)
  prepared flat/seed8: T=44000, starts=[16019, 43872] (27854 legal)
  prepared flat/seed12: T=44000, starts=[16019, 43872] (27854 legal)
  prepared flat/seed16: T=44000, starts=[16019, 43872] (27854 legal)
  prepared flat/seed20: T=44000, starts=[16019, 43872] (27854 legal)
  prepared flat/seed24: T=44000, starts=[16019, 43872] (27854 legal)
  prepared hard_stepping/seed3: T=44000, starts=[16019, 43872] (27854 legal)
  prepared hard_stepping/seed7: T=44000, starts=[16019, 43872] (27854 legal)
  prepared hard_stepping/seed11: T=44000, starts=[16019, 43872] (27854 legal)
  prepared hard_stepping/seed15: T=44000, starts=[16019, 43872] (27854 legal)
  prepared hard_stepping/seed19: T=44000, starts=[16019, 43872] (27854 legal)
  prepared hard_stepping/seed23: T=44000, starts=[16019, 43872] (27854 legal)
  prepared stepping_stones/seed6: T=44000, starts=[16019, 43872] (27854 legal)
  prepared stepping_stones/seed14: T=44000, starts=[16019, 43872] (27854 legal)
  prepared stepping_stones/seed18: T=44000, starts=[16019, 43872] (27854 legal)
  prepared waves/seed1: T=44000, starts=[16019, 43872] (27854 legal)
  prepared waves/seed5: T=44000, starts=[16019, 43872] (27854 legal)
  prepared waves/seed9: T=44000, starts=[16019, 43872] (27854 legal)
  prepared waves/seed17: T=44000, starts=[16019, 43872] (27854 legal)
  prepared waves/seed21: T=44000, starts=[16019, 43872] (27854 legal)
  prepared flat/seed28: T=44000, starts=[16019, 43872] (27854 legal)
  prepared hard_stepping/seed27: T=44000, starts=[16019, 43872] (27854 legal)
  prepared stepping_stones/seed22: T=44000, starts=[16019, 43872] (27854 legal)
  prepared waves/seed25: T=44000, starts=[16019, 43872] (27854 legal)
== re-flooring contact measurement noise: pool collected at 0, training at 0.0001 (delta +0.0001 on diag(sigma_q)) ==
== measuring P0 ==
  P0 from flat/seed0 ticks [16019, 19019): diag(R)=[6.64983805e-05 6.89037297e-05 1.00027989e+00], diag(v)=[0.00079118 0.00077245 0.00018433], diag(p)=[0.12287249 0.12097755 0.12140872], diag(d)=[0.12287031 0.12097683 0.12141024 0.12286839 0.12097627 0.1214101
 0.1228721  0.12098173 0.12140916 0.12287092 0.12098141 0.12140908
 0.12291139 0.12104048 0.12144945 0.12291014 0.12104344 0.12144625
 0.12293942 0.12105974 0.12142006 0.12287423 0.12097469 0.12141085], eig in [8.791e-08, 1.152e+00]
== building network + batcher ==
  pose-weight measurement (warm batch, init net): L_vel=2.564e-01 L_pos=2.949e-02 L_ori=1.089e-02
  pose weights (frozen): w_pos=4.3474e+00 w_ori=0.0000e+00 (ratio=0.5, objective=l2_vel_pos)
== training ==
step    0 loss 3.84632e-01 |g| 1.54e+00 NIS/dof 9.864e+00 applied 1.00 reseeds 1
step   10 loss 1.74522e+00 |g| 5.69e+01 NIS/dof 1.190e+01 applied 1.00 reseeds 2
step   20 loss 1.46693e+00 |g| 4.18e+01 NIS/dof 1.094e+01 applied 1.00 reseeds 4
step   30 loss 1.40314e+00 |g| 1.10e+01 NIS/dof 8.289e+00 applied 1.00 reseeds 4
step   40 loss 1.27632e+00 |g| 1.08e+01 NIS/dof 7.219e+00 applied 1.00 reseeds 5
step   50 loss 1.28989e+00 |g| 7.66e+00 NIS/dof 8.936e+00 applied 1.00 reseeds 10
step   60 loss 9.41505e-01 |g| 7.93e+00 NIS/dof 7.670e+00 applied 1.00 reseeds 16
step   70 loss 1.08483e+00 |g| 1.11e+01 NIS/dof 8.473e+00 applied 1.00 reseeds 18
step   80 loss 1.21639e+00 |g| 1.14e+01 NIS/dof 9.926e+00 applied 1.00 reseeds 21
step   90 loss 1.03117e+00 |g| 2.38e+01 NIS/dof 8.005e+00 applied 1.00 reseeds 23
step  100 loss 1.16518e+00 |g| 1.05e+01 NIS/dof 9.240e+00 applied 1.00 reseeds 26
step  110 loss 1.01998e+00 |g| 1.22e+01 NIS/dof 7.272e+00 applied 1.00 reseeds 29
step  120 loss 9.16240e-01 |g| 6.48e+00 NIS/dof 7.343e+00 applied 1.00 reseeds 29
step  130 loss 6.92475e-01 |g| 7.44e+00 NIS/dof 5.271e+00 applied 1.00 reseeds 31
step  140 loss 9.29743e-01 |g| 1.47e+01 NIS/dof 8.422e+00 applied 1.00 reseeds 34
step  150 loss 9.18176e-01 |g| 3.40e+00 NIS/dof 8.449e+00 applied 1.00 reseeds 37
step  160 loss 9.62117e-01 |g| 6.94e+00 NIS/dof 6.787e+00 applied 1.00 reseeds 38
step  170 loss 7.86099e-01 |g| 5.17e+00 NIS/dof 7.114e+00 applied 1.00 reseeds 40
step  180 loss 9.23544e-01 |g| 7.07e+00 NIS/dof 6.965e+00 applied 1.00 reseeds 43
step  190 loss 8.08663e-01 |g| 1.08e+01 NIS/dof 7.929e+00 applied 1.00 reseeds 50
step  200 loss 8.55182e-01 |g| 9.26e+00 NIS/dof 8.331e+00 applied 1.00 reseeds 57
step  210 loss 7.80994e-01 |g| 6.85e+00 NIS/dof 8.535e+00 applied 1.00 reseeds 62
step  220 loss 8.27338e-01 |g| 9.75e+00 NIS/dof 6.236e+00 applied 1.00 reseeds 67
step  230 loss 8.08809e-01 |g| 9.04e+00 NIS/dof 6.242e+00 applied 1.00 reseeds 73
step  240 loss 1.08654e+00 |g| 1.00e+01 NIS/dof 7.332e+00 applied 1.00 reseeds 78
step  250 loss 9.82500e-01 |g| 5.15e+00 NIS/dof 9.213e+00 applied 1.00 reseeds 83
step  260 loss 1.03129e+00 |g| 1.07e+01 NIS/dof 7.818e+00 applied 1.00 reseeds 84
step  270 loss 7.77805e-01 |g| 9.01e+00 NIS/dof 7.829e+00 applied 1.00 reseeds 88
step  280 loss 8.14337e-01 |g| 9.91e+00 NIS/dof 6.627e+00 applied 1.00 reseeds 91
step  290 loss 7.46268e-01 |g| 6.16e+00 NIS/dof 8.734e+00 applied 1.00 reseeds 92
step  300 loss 1.00085e+00 |g| 6.18e+00 NIS/dof 6.831e+00 applied 1.00 reseeds 93
step  310 loss 8.13911e-01 |g| 1.09e+01 NIS/dof 7.952e+00 applied 1.00 reseeds 97
step  320 loss 6.39133e-01 |g| 1.03e+01 NIS/dof 7.693e+00 applied 1.00 reseeds 97
step  330 loss 6.77833e-01 |g| 9.83e+00 NIS/dof 7.115e+00 applied 1.00 reseeds 100
step  340 loss 6.40659e-01 |g| 1.03e+01 NIS/dof 7.636e+00 applied 1.00 reseeds 102
step  350 loss 6.79552e-01 |g| 2.64e+01 NIS/dof 7.325e+00 applied 1.00 reseeds 105
step  360 loss 7.47697e-01 |g| 1.41e+01 NIS/dof 6.777e+00 applied 1.00 reseeds 110
step  370 loss 7.02598e-01 |g| 1.94e+01 NIS/dof 7.181e+00 applied 1.00 reseeds 114
step  380 loss 7.53596e-01 |g| 1.67e+01 NIS/dof 7.839e+00 applied 1.00 reseeds 115
step  390 loss 6.19878e-01 |g| 1.07e+01 NIS/dof 7.390e+00 applied 1.00 reseeds 119
step  400 loss 5.99844e-01 |g| 1.12e+01 NIS/dof 7.329e+00 applied 1.00 reseeds 124
step  410 loss 5.10602e-01 |g| 1.31e+01 NIS/dof 5.758e+00 applied 1.00 reseeds 126
step  420 loss 4.70782e-01 |g| 1.16e+01 NIS/dof 6.178e+00 applied 1.00 reseeds 134
step  430 loss 4.31580e-01 |g| 5.73e+00 NIS/dof 5.803e+00 applied 1.00 reseeds 139
step  440 loss 3.67778e-01 |g| 1.44e+01 NIS/dof 3.989e+00 applied 1.00 reseeds 143
step  450 loss 3.19139e-01 |g| 8.51e+00 NIS/dof 3.672e+00 applied 1.00 reseeds 144
step  460 loss 2.73855e-01 |g| 5.38e+00 NIS/dof 2.955e+00 applied 1.00 reseeds 148
step  470 loss 2.64621e-01 |g| 3.57e+00 NIS/dof 2.591e+00 applied 1.00 reseeds 148
step  480 loss 2.08487e-01 |g| 3.41e+00 NIS/dof 2.897e+00 applied 1.00 reseeds 150
step  490 loss 1.90914e-01 |g| 5.24e+00 NIS/dof 3.152e+00 applied 1.00 reseeds 156
step  500 loss 1.53449e-01 |g| 2.81e+00 NIS/dof 2.386e+00 applied 1.00 reseeds 159
step  510 loss 1.89601e-01 |g| 3.32e+00 NIS/dof 1.758e+00 applied 1.00 reseeds 161
step  520 loss 2.62319e-01 |g| 1.36e+01 NIS/dof 3.333e+00 applied 1.00 reseeds 161
step  530 loss 2.14980e-01 |g| 2.14e+00 NIS/dof 1.837e+00 applied 1.00 reseeds 165
step  540 loss 2.48795e-01 |g| 9.13e+00 NIS/dof 2.482e+00 applied 1.00 reseeds 168
step  550 loss 1.78283e-01 |g| 3.13e+00 NIS/dof 1.804e+00 applied 1.00 reseeds 173
step  560 loss 1.71343e-01 |g| 3.62e+00 NIS/dof 2.220e+00 applied 1.00 reseeds 177
step  570 loss 1.07324e-01 |g| 2.46e+00 NIS/dof 1.842e+00 applied 1.00 reseeds 182
step  580 loss 9.31471e-02 |g| 3.16e+00 NIS/dof 1.149e+00 applied 1.00 reseeds 185
step  590 loss 6.19408e-02 |g| 1.35e+00 NIS/dof 1.045e+00 applied 1.00 reseeds 188
step  600 loss 5.88469e-02 |g| 2.64e+00 NIS/dof 1.222e+00 applied 1.00 reseeds 191
step  610 loss 5.16450e-02 |g| 1.47e+00 NIS/dof 6.257e-01 applied 1.00 reseeds 194
step  620 loss 4.56611e-02 |g| 1.57e+00 NIS/dof 6.768e-01 applied 1.00 reseeds 196
step  630 loss 4.22414e-02 |g| 2.36e+00 NIS/dof 7.386e-01 applied 1.00 reseeds 198
step  640 loss 3.26907e-02 |g| 1.66e+00 NIS/dof 5.637e-01 applied 1.00 reseeds 202
step  650 loss 2.91458e-02 |g| 9.48e-01 NIS/dof 6.521e-01 applied 1.00 reseeds 203
step  660 loss 4.61943e-02 |g| 1.67e+00 NIS/dof 7.646e-01 applied 1.00 reseeds 210
step  670 loss 3.80856e-02 |g| 6.31e-01 NIS/dof 5.425e-01 applied 1.00 reseeds 213
step  680 loss 3.76105e-02 |g| 8.44e-01 NIS/dof 6.947e-01 applied 1.00 reseeds 216
step  690 loss 2.95240e-02 |g| 1.09e+00 NIS/dof 5.341e-01 applied 1.00 reseeds 218
step  700 loss 2.74066e-02 |g| 8.66e-01 NIS/dof 5.043e-01 applied 1.00 reseeds 222
step  710 loss 1.42046e-02 |g| 9.17e-01 NIS/dof 4.355e-01 applied 1.00 reseeds 224
step  720 loss 2.65836e-02 |g| 1.25e+00 NIS/dof 4.301e-01 applied 1.00 reseeds 230
step  730 loss 2.47312e-02 |g| 7.31e-01 NIS/dof 6.289e-01 applied 1.00 reseeds 236
step  740 loss 1.80550e-02 |g| 6.74e-01 NIS/dof 3.369e-01 applied 1.00 reseeds 237
step  750 loss 1.63678e-02 |g| 3.14e-01 NIS/dof 3.238e-01 applied 1.00 reseeds 244
step  760 loss 1.62685e-02 |g| 3.23e-01 NIS/dof 3.304e-01 applied 1.00 reseeds 245
step  770 loss 7.40818e-02 |g| 2.28e+01 NIS/dof 7.799e-01 applied 1.00 reseeds 248
step  780 loss 1.80449e-02 |g| 3.50e-01 NIS/dof 3.678e-01 applied 1.00 reseeds 254
step  790 loss 2.05845e-02 |g| 1.26e+00 NIS/dof 3.158e-01 applied 1.00 reseeds 256
step  800 loss 1.10731e-02 |g| 6.27e-01 NIS/dof 2.791e-01 applied 1.00 reseeds 259
step  810 loss 1.37754e-02 |g| 4.01e-01 NIS/dof 2.480e-01 applied 1.00 reseeds 262
step  820 loss 1.05254e-02 |g| 3.47e-01 NIS/dof 2.704e-01 applied 1.00 reseeds 265
step  830 loss 1.22039e-02 |g| 1.60e-01 NIS/dof 2.160e-01 applied 1.00 reseeds 267
step  840 loss 7.42418e-03 |g| 3.75e-01 NIS/dof 2.006e-01 applied 1.00 reseeds 272
step  850 loss 1.08671e-02 |g| 4.80e-01 NIS/dof 2.611e-01 applied 1.00 reseeds 278
step  860 loss 1.04879e-02 |g| 1.86e-01 NIS/dof 2.144e-01 applied 1.00 reseeds 278
step  870 loss 1.63469e-02 |g| 3.98e-01 NIS/dof 3.102e-01 applied 1.00 reseeds 283
step  880 loss 1.05914e-02 |g| 1.36e+00 NIS/dof 2.331e-01 applied 1.00 reseeds 284
step  890 loss 1.34515e-02 |g| 4.83e-01 NIS/dof 2.255e-01 applied 1.00 reseeds 289
step  900 loss 1.42358e-02 |g| 8.61e-01 NIS/dof 2.000e-01 applied 1.00 reseeds 293
step  910 loss 1.13539e-02 |g| 1.82e+00 NIS/dof 2.684e-01 applied 1.00 reseeds 295
step  920 loss 1.39923e-02 |g| 6.41e-01 NIS/dof 2.196e-01 applied 1.00 reseeds 297
step  930 loss 1.56756e-02 |g| 8.70e-01 NIS/dof 1.994e-01 applied 1.00 reseeds 298
step  940 loss 1.22100e-02 |g| 2.41e-01 NIS/dof 1.412e-01 applied 1.00 reseeds 301
step  950 loss 1.27062e-02 |g| 4.65e-01 NIS/dof 1.911e-01 applied 1.00 reseeds 307
step  960 loss 9.43406e-03 |g| 2.41e-01 NIS/dof 1.654e-01 applied 1.00 reseeds 309
step  970 loss 1.81266e-02 |g| 3.88e-01 NIS/dof 2.861e-01 applied 1.00 reseeds 311
step  980 loss 1.13921e-02 |g| 4.76e-01 NIS/dof 1.669e-01 applied 1.00 reseeds 311
step  990 loss 1.21192e-02 |g| 8.95e-01 NIS/dof 2.668e-01 applied 1.00 reseeds 319
step 1000 loss 1.14783e-02 |g| 3.24e-01 NIS/dof 2.020e-01 applied 1.00 reseeds 321
step 1010 loss 9.77048e-03 |g| 1.11e+00 NIS/dof 1.574e-01 applied 1.00 reseeds 326
step 1020 loss 1.08017e-02 |g| 4.79e-01 NIS/dof 2.091e-01 applied 1.00 reseeds 328
step 1030 loss 1.28908e-02 |g| 5.61e-01 NIS/dof 1.684e-01 applied 1.00 reseeds 331
step 1040 loss 8.41780e-03 |g| 2.10e-01 NIS/dof 1.536e-01 applied 1.00 reseeds 333
step 1050 loss 9.14539e-03 |g| 3.56e-01 NIS/dof 1.388e-01 applied 1.00 reseeds 334
step 1060 loss 9.35615e-03 |g| 1.18e+00 NIS/dof 1.794e-01 applied 1.00 reseeds 336
step 1070 loss 1.13092e-02 |g| 2.49e-01 NIS/dof 1.380e-01 applied 1.00 reseeds 339
step 1080 loss 1.73643e-02 |g| 8.81e-01 NIS/dof 2.012e-01 applied 1.00 reseeds 342
step 1090 loss 7.85554e-03 |g| 4.31e-01 NIS/dof 1.099e-01 applied 1.00 reseeds 345
step 1100 loss 1.85880e-02 |g| 1.55e+00 NIS/dof 2.708e-01 applied 1.00 reseeds 348
step 1110 loss 7.58937e-03 |g| 2.58e-01 NIS/dof 1.008e-01 applied 1.00 reseeds 351
step 1120 loss 8.90578e-03 |g| 3.71e-01 NIS/dof 1.186e-01 applied 1.00 reseeds 354
step 1130 loss 8.29234e-03 |g| 4.98e-01 NIS/dof 1.253e-01 applied 1.00 reseeds 357
step 1140 loss 7.21218e-03 |g| 1.24e-01 NIS/dof 1.115e-01 applied 1.00 reseeds 363
step 1150 loss 7.11674e-03 |g| 1.59e-01 NIS/dof 1.332e-01 applied 1.00 reseeds 370
step 1160 loss 7.68678e-03 |g| 3.77e-01 NIS/dof 1.750e-01 applied 1.00 reseeds 375
step 1170 loss 9.92097e-03 |g| 1.14e+00 NIS/dof 1.550e-01 applied 1.00 reseeds 377
step 1180 loss 1.06481e-02 |g| 3.83e-01 NIS/dof 1.595e-01 applied 1.00 reseeds 379
step 1190 loss 9.66942e-03 |g| 4.90e-01 NIS/dof 1.564e-01 applied 1.00 reseeds 382
step 1200 loss 5.82118e-03 |g| 2.06e-01 NIS/dof 1.354e-01 applied 1.00 reseeds 385
step 1210 loss 7.04996e-03 |g| 3.04e-01 NIS/dof 1.456e-01 applied 1.00 reseeds 387
step 1220 loss 1.09496e-02 |g| 7.26e-01 NIS/dof 1.498e-01 applied 1.00 reseeds 390
step 1230 loss 6.69941e-03 |g| 5.67e-01 NIS/dof 1.323e-01 applied 1.00 reseeds 391
step 1240 loss 6.64230e-03 |g| 3.85e-01 NIS/dof 1.442e-01 applied 1.00 reseeds 397
step 1250 loss 1.11027e-02 |g| 3.07e-01 NIS/dof 1.137e-01 applied 1.00 reseeds 399
step 1260 loss 6.36779e-03 |g| 1.08e-01 NIS/dof 1.076e-01 applied 1.00 reseeds 402
step 1270 loss 4.88103e-03 |g| 1.32e-01 NIS/dof 8.774e-02 applied 1.00 reseeds 406
step 1280 loss 8.47392e-03 |g| 6.53e-01 NIS/dof 1.239e-01 applied 1.00 reseeds 410
step 1290 loss 5.26889e-03 |g| 1.19e-01 NIS/dof 1.201e-01 applied 1.00 reseeds 413
step 1300 loss 1.19197e-02 |g| 2.09e+00 NIS/dof 1.721e-01 applied 1.00 reseeds 418
step 1310 loss 9.30830e-03 |g| 5.46e-01 NIS/dof 1.641e-01 applied 1.00 reseeds 420
step 1320 loss 1.17456e-02 |g| 3.13e-01 NIS/dof 1.573e-01 applied 1.00 reseeds 425
step 1330 loss 8.54274e-03 |g| 1.85e-01 NIS/dof 1.242e-01 applied 1.00 reseeds 429
step 1340 loss 8.98461e-03 |g| 3.04e-01 NIS/dof 1.726e-01 applied 1.00 reseeds 431
step 1350 loss 1.12607e-02 |g| 1.56e+00 NIS/dof 1.162e-01 applied 1.00 reseeds 434
step 1360 loss 6.98975e-03 |g| 2.20e-01 NIS/dof 1.322e-01 applied 1.00 reseeds 435
step 1370 loss 7.59907e-03 |g| 2.88e-01 NIS/dof 1.319e-01 applied 1.00 reseeds 440
step 1380 loss 6.74231e-03 |g| 3.88e-01 NIS/dof 1.458e-01 applied 1.00 reseeds 443
step 1390 loss 8.25691e-03 |g| 6.53e-01 NIS/dof 1.192e-01 applied 1.00 reseeds 445
step 1400 loss 9.55567e-03 |g| 8.09e-01 NIS/dof 1.188e-01 applied 1.00 reseeds 446
step 1410 loss 4.39116e-03 |g| 2.53e-01 NIS/dof 7.800e-02 applied 1.00 reseeds 448
step 1420 loss 8.95664e-03 |g| 3.56e-01 NIS/dof 1.002e-01 applied 1.00 reseeds 452
step 1430 loss 5.37434e-03 |g| 2.38e-01 NIS/dof 8.503e-02 applied 1.00 reseeds 452
step 1440 loss 7.11396e-03 |g| 3.02e-01 NIS/dof 7.557e-02 applied 1.00 reseeds 455
step 1450 loss 1.24960e-02 |g| 5.69e-01 NIS/dof 1.259e-01 applied 1.00 reseeds 458
step 1460 loss 9.80893e-03 |g| 4.54e-01 NIS/dof 1.119e-01 applied 1.00 reseeds 463
step 1470 loss 9.37027e-03 |g| 1.28e+00 NIS/dof 1.705e-01 applied 1.00 reseeds 468
step 1480 loss 7.65339e-03 |g| 4.80e-01 NIS/dof 1.307e-01 applied 1.00 reseeds 472
step 1490 loss 9.86997e-03 |g| 3.30e-01 NIS/dof 1.517e-01 applied 1.00 reseeds 478
step 1500 loss 5.76451e-03 |g| 2.39e-01 NIS/dof 1.221e-01 applied 1.00 reseeds 485
step 1510 loss 5.88139e-03 |g| 3.40e-01 NIS/dof 9.187e-02 applied 1.00 reseeds 487
step 1520 loss 6.67896e-03 |g| 2.82e-01 NIS/dof 1.328e-01 applied 1.00 reseeds 489
step 1530 loss 5.67001e-03 |g| 3.46e-01 NIS/dof 9.462e-02 applied 1.00 reseeds 491
step 1540 loss 5.41866e-03 |g| 2.03e-01 NIS/dof 1.267e-01 applied 1.00 reseeds 496
step 1550 loss 1.05766e-02 |g| 1.78e-01 NIS/dof 1.352e-01 applied 1.00 reseeds 498
step 1560 loss 1.48756e-02 |g| 5.45e-01 NIS/dof 1.224e-01 applied 1.00 reseeds 500
step 1570 loss 1.08366e-02 |g| 2.27e-01 NIS/dof 1.067e-01 applied 1.00 reseeds 502
step 1580 loss 5.86916e-03 |g| 1.99e-01 NIS/dof 7.772e-02 applied 1.00 reseeds 505
step 1590 loss 6.29974e-03 |g| 2.49e-01 NIS/dof 1.195e-01 applied 1.00 reseeds 507
step 1600 loss 9.46533e-03 |g| 2.68e-01 NIS/dof 1.172e-01 applied 1.00 reseeds 509
step 1610 loss 6.25843e-03 |g| 3.12e-01 NIS/dof 9.770e-02 applied 1.00 reseeds 512
step 1620 loss 6.29003e-03 |g| 1.63e-01 NIS/dof 8.327e-02 applied 1.00 reseeds 514
step 1630 loss 4.14457e-03 |g| 1.39e-01 NIS/dof 7.803e-02 applied 1.00 reseeds 520
step 1640 loss 8.50498e-03 |g| 3.69e-01 NIS/dof 1.098e-01 applied 1.00 reseeds 523
step 1650 loss 6.30161e-03 |g| 2.18e-01 NIS/dof 1.001e-01 applied 1.00 reseeds 524
step 1660 loss 6.96632e-03 |g| 4.29e-01 NIS/dof 1.177e-01 applied 1.00 reseeds 529
step 1670 loss 9.14773e-03 |g| 2.22e-01 NIS/dof 1.307e-01 applied 1.00 reseeds 530
step 1680 loss 5.92346e-03 |g| 2.22e-01 NIS/dof 9.159e-02 applied 1.00 reseeds 534
step 1690 loss 6.21049e-03 |g| 4.91e-01 NIS/dof 7.287e-02 applied 1.00 reseeds 538
step 1700 loss 5.19797e-03 |g| 7.41e-02 NIS/dof 8.183e-02 applied 1.00 reseeds 542
step 1710 loss 7.20717e-03 |g| 2.70e-01 NIS/dof 1.089e-01 applied 1.00 reseeds 543
step 1720 loss 6.88980e-03 |g| 2.95e-01 NIS/dof 1.004e-01 applied 1.00 reseeds 544
step 1730 loss 1.13449e-02 |g| 3.18e-01 NIS/dof 1.479e-01 applied 1.00 reseeds 547
step 1740 loss 8.00465e-03 |g| 1.20e+00 NIS/dof 1.322e-01 applied 1.00 reseeds 548
step 1750 loss 8.03278e-03 |g| 2.92e-01 NIS/dof 1.180e-01 applied 1.00 reseeds 554
step 1760 loss 5.68159e-03 |g| 1.29e-01 NIS/dof 9.979e-02 applied 1.00 reseeds 557
step 1770 loss 6.84287e-03 |g| 6.27e-01 NIS/dof 8.247e-02 applied 1.00 reseeds 558
step 1780 loss 5.13234e-03 |g| 3.64e-01 NIS/dof 1.048e-01 applied 1.00 reseeds 562
step 1790 loss 5.39453e-03 |g| 1.09e-01 NIS/dof 1.060e-01 applied 1.00 reseeds 564
step 1800 loss 6.50769e-03 |g| 2.44e-01 NIS/dof 1.107e-01 applied 1.00 reseeds 565
step 1810 loss 5.06674e-03 |g| 1.38e-01 NIS/dof 8.608e-02 applied 1.00 reseeds 572
step 1820 loss 6.97588e-03 |g| 3.17e-01 NIS/dof 1.108e-01 applied 1.00 reseeds 576
step 1830 loss 5.12559e-03 |g| 1.62e-01 NIS/dof 1.208e-01 applied 1.00 reseeds 579
step 1840 loss 6.12406e-03 |g| 4.89e-01 NIS/dof 9.530e-02 applied 1.00 reseeds 582
step 1850 loss 5.77299e-03 |g| 1.13e-01 NIS/dof 1.043e-01 applied 1.00 reseeds 584
step 1860 loss 5.79601e-03 |g| 1.35e-01 NIS/dof 6.213e-02 applied 1.00 reseeds 587
step 1870 loss 9.17449e-03 |g| 1.61e-01 NIS/dof 8.103e-02 applied 1.00 reseeds 589
step 1880 loss 6.49198e-03 |g| 3.62e-01 NIS/dof 1.026e-01 applied 1.00 reseeds 592
step 1890 loss 7.33970e-03 |g| 2.83e-01 NIS/dof 9.845e-02 applied 1.00 reseeds 596
step 1900 loss 5.50960e-03 |g| 1.95e-01 NIS/dof 1.103e-01 applied 1.00 reseeds 600
step 1910 loss 6.71333e-03 |g| 4.70e-01 NIS/dof 9.235e-02 applied 1.00 reseeds 601
step 1920 loss 5.52290e-03 |g| 1.87e-01 NIS/dof 5.859e-02 applied 1.00 reseeds 604
step 1930 loss 7.41042e-03 |g| 3.00e-01 NIS/dof 1.042e-01 applied 1.00 reseeds 607
step 1940 loss 7.25657e-03 |g| 1.93e-01 NIS/dof 1.059e-01 applied 1.00 reseeds 610
step 1950 loss 5.81783e-03 |g| 2.66e-01 NIS/dof 8.261e-02 applied 1.00 reseeds 611
step 1960 loss 7.28473e-03 |g| 7.09e-01 NIS/dof 1.161e-01 applied 1.00 reseeds 616
step 1970 loss 7.97239e-03 |g| 7.49e-01 NIS/dof 7.613e-02 applied 1.00 reseeds 619
step 1980 loss 8.27614e-03 |g| 3.52e-01 NIS/dof 1.009e-01 applied 1.00 reseeds 621
step 1990 loss 6.08089e-03 |g| 6.46e-02 NIS/dof 8.473e-02 applied 1.00 reseeds 625
step 2000 loss 8.20723e-03 |g| 7.90e-01 NIS/dof 6.945e-02 applied 1.00 reseeds 628
step 2010 loss 9.41039e-03 |g| 1.99e-01 NIS/dof 7.881e-02 applied 1.00 reseeds 632
step 2020 loss 6.02611e-03 |g| 1.30e-01 NIS/dof 7.607e-02 applied 1.00 reseeds 633
step 2030 loss 7.71043e-03 |g| 2.14e-01 NIS/dof 7.725e-02 applied 1.00 reseeds 636
step 2040 loss 6.67126e-03 |g| 1.11e-01 NIS/dof 1.002e-01 applied 1.00 reseeds 637
step 2050 loss 6.14548e-03 |g| 2.88e-01 NIS/dof 1.126e-01 applied 1.00 reseeds 641
step 2060 loss 8.55048e-03 |g| 2.15e-01 NIS/dof 1.070e-01 applied 1.00 reseeds 642
step 2070 loss 5.00429e-03 |g| 2.19e-01 NIS/dof 8.109e-02 applied 1.00 reseeds 645
step 2080 loss 8.16192e-03 |g| 5.45e-01 NIS/dof 9.487e-02 applied 1.00 reseeds 649
step 2090 loss 5.93652e-03 |g| 2.01e-01 NIS/dof 8.217e-02 applied 1.00 reseeds 650
step 2100 loss 5.65298e-03 |g| 2.87e-01 NIS/dof 7.770e-02 applied 1.00 reseeds 656
step 2110 loss 5.50480e-03 |g| 1.83e-01 NIS/dof 8.823e-02 applied 1.00 reseeds 660
step 2120 loss 7.45184e-03 |g| 4.15e-01 NIS/dof 9.798e-02 applied 1.00 reseeds 661
step 2130 loss 5.93992e-03 |g| 2.12e-01 NIS/dof 1.011e-01 applied 1.00 reseeds 662
step 2140 loss 8.82158e-03 |g| 5.52e-01 NIS/dof 1.069e-01 applied 1.00 reseeds 667
step 2150 loss 6.07673e-03 |g| 1.21e-01 NIS/dof 8.073e-02 applied 1.00 reseeds 671
step 2160 loss 5.45061e-03 |g| 3.38e-01 NIS/dof 1.011e-01 applied 1.00 reseeds 675
step 2170 loss 6.30598e-03 |g| 4.73e-01 NIS/dof 9.719e-02 applied 1.00 reseeds 680
step 2180 loss 5.48408e-03 |g| 1.38e-01 NIS/dof 6.887e-02 applied 1.00 reseeds 680
step 2190 loss 6.56144e-03 |g| 5.44e-01 NIS/dof 9.574e-02 applied 1.00 reseeds 683
step 2200 loss 7.56503e-03 |g| 1.63e-01 NIS/dof 1.035e-01 applied 1.00 reseeds 686
step 2210 loss 7.35430e-03 |g| 6.55e-01 NIS/dof 1.340e-01 applied 1.00 reseeds 694
step 2220 loss 7.23332e-03 |g| 1.10e-01 NIS/dof 1.084e-01 applied 1.00 reseeds 697
step 2230 loss 6.24736e-03 |g| 3.01e-01 NIS/dof 1.057e-01 applied 1.00 reseeds 700
step 2240 loss 5.76275e-03 |g| 2.89e-01 NIS/dof 8.123e-02 applied 1.00 reseeds 705
step 2250 loss 7.51956e-03 |g| 3.08e-01 NIS/dof 9.048e-02 applied 1.00 reseeds 707
step 2260 loss 8.90320e-03 |g| 3.11e-01 NIS/dof 8.182e-02 applied 1.00 reseeds 709
step 2270 loss 8.29931e-03 |g| 2.30e-01 NIS/dof 7.095e-02 applied 1.00 reseeds 712
step 2280 loss 7.61927e-03 |g| 4.81e-01 NIS/dof 8.839e-02 applied 1.00 reseeds 714
step 2290 loss 6.61919e-03 |g| 4.91e-01 NIS/dof 9.630e-02 applied 1.00 reseeds 721
step 2300 loss 6.50623e-03 |g| 2.72e-01 NIS/dof 7.577e-02 applied 1.00 reseeds 722
step 2310 loss 7.90863e-03 |g| 2.75e-01 NIS/dof 8.985e-02 applied 1.00 reseeds 728
step 2320 loss 7.97911e-03 |g| 6.19e-01 NIS/dof 9.232e-02 applied 1.00 reseeds 730
step 2330 loss 4.64818e-03 |g| 1.60e-01 NIS/dof 6.356e-02 applied 1.00 reseeds 734
step 2340 loss 6.03336e-03 |g| 1.28e-01 NIS/dof 9.005e-02 applied 1.00 reseeds 738
step 2350 loss 5.64858e-03 |g| 1.12e-01 NIS/dof 7.227e-02 applied 1.00 reseeds 740
step 2360 loss 6.04370e-03 |g| 1.93e-01 NIS/dof 6.089e-02 applied 1.00 reseeds 741
step 2370 loss 5.48013e-03 |g| 1.17e-01 NIS/dof 1.044e-01 applied 1.00 reseeds 745
step 2380 loss 8.06139e-03 |g| 2.10e-01 NIS/dof 6.789e-02 applied 1.00 reseeds 746
step 2390 loss 4.96550e-03 |g| 1.76e-01 NIS/dof 5.451e-02 applied 1.00 reseeds 749
step 2400 loss 5.55301e-03 |g| 1.39e-01 NIS/dof 6.083e-02 applied 1.00 reseeds 753
step 2410 loss 5.64252e-03 |g| 2.53e-01 NIS/dof 6.593e-02 applied 1.00 reseeds 754
step 2420 loss 8.08566e-03 |g| 1.90e-01 NIS/dof 9.799e-02 applied 1.00 reseeds 757
step 2430 loss 7.93515e-03 |g| 2.37e-01 NIS/dof 5.904e-02 applied 1.00 reseeds 759
step 2440 loss 6.49393e-03 |g| 5.53e-01 NIS/dof 7.249e-02 applied 1.00 reseeds 761
step 2450 loss 9.51325e-03 |g| 3.18e-01 NIS/dof 8.528e-02 applied 1.00 reseeds 764
step 2460 loss 7.41470e-03 |g| 2.60e-01 NIS/dof 1.196e-01 applied 1.00 reseeds 766
step 2470 loss 5.34850e-03 |g| 2.28e-01 NIS/dof 9.064e-02 applied 1.00 reseeds 770
step 2480 loss 4.70651e-03 |g| 1.06e-01 NIS/dof 6.964e-02 applied 1.00 reseeds 774
step 2490 loss 5.01109e-03 |g| 1.35e-01 NIS/dof 9.193e-02 applied 1.00 reseeds 776
step 2500 loss 7.39610e-03 |g| 2.62e-01 NIS/dof 1.358e-01 applied 1.00 reseeds 780
step 2510 loss 6.21893e-03 |g| 3.06e-01 NIS/dof 8.283e-02 applied 1.00 reseeds 785
step 2520 loss 9.38483e-03 |g| 1.95e-01 NIS/dof 8.398e-02 applied 1.00 reseeds 789
step 2530 loss 5.89379e-03 |g| 2.59e-01 NIS/dof 7.907e-02 applied 1.00 reseeds 792
step 2540 loss 5.25539e-03 |g| 1.54e-01 NIS/dof 7.331e-02 applied 1.00 reseeds 794
step 2550 loss 6.43126e-03 |g| 1.38e-01 NIS/dof 6.005e-02 applied 1.00 reseeds 795
step 2560 loss 2.71724e-03 |g| 8.50e-02 NIS/dof 7.038e-02 applied 1.00 reseeds 798
step 2570 loss 6.19924e-03 |g| 2.35e-01 NIS/dof 5.373e-02 applied 1.00 reseeds 802
step 2580 loss 6.44606e-03 |g| 1.67e-01 NIS/dof 6.205e-02 applied 1.00 reseeds 804
step 2590 loss 4.49164e-03 |g| 6.41e-01 NIS/dof 7.707e-02 applied 1.00 reseeds 806
step 2600 loss 1.00182e-02 |g| 1.05e-01 NIS/dof 8.996e-02 applied 1.00 reseeds 811
step 2610 loss 7.33014e-03 |g| 6.72e-01 NIS/dof 8.569e-02 applied 1.00 reseeds 813
step 2620 loss 6.60707e-03 |g| 1.60e-01 NIS/dof 1.041e-01 applied 1.00 reseeds 817
step 2630 loss 6.86681e-03 |g| 4.44e-01 NIS/dof 6.385e-02 applied 1.00 reseeds 820
step 2640 loss 5.11741e-03 |g| 3.30e-01 NIS/dof 7.412e-02 applied 1.00 reseeds 822
step 2650 loss 7.52327e-03 |g| 1.12e-01 NIS/dof 7.020e-02 applied 1.00 reseeds 826
step 2660 loss 6.60800e-03 |g| 1.80e-01 NIS/dof 8.426e-02 applied 1.00 reseeds 827
step 2670 loss 1.23902e-02 |g| 1.12e+00 NIS/dof 8.014e-02 applied 1.00 reseeds 829
step 2680 loss 6.24884e-03 |g| 1.76e-01 NIS/dof 6.218e-02 applied 1.00 reseeds 835
step 2690 loss 4.95406e-03 |g| 9.54e-02 NIS/dof 5.503e-02 applied 1.00 reseeds 839
step 2700 loss 4.19404e-03 |g| 7.73e-02 NIS/dof 5.728e-02 applied 1.00 reseeds 844
step 2710 loss 6.48230e-03 |g| 8.66e-02 NIS/dof 6.430e-02 applied 1.00 reseeds 845
step 2720 loss 5.80352e-03 |g| 2.32e-01 NIS/dof 6.028e-02 applied 1.00 reseeds 848
step 2730 loss 7.39171e-03 |g| 1.50e-01 NIS/dof 7.125e-02 applied 1.00 reseeds 853
step 2740 loss 4.54019e-03 |g| 3.29e-01 NIS/dof 5.717e-02 applied 1.00 reseeds 857
step 2750 loss 1.01929e-02 |g| 3.52e-01 NIS/dof 9.397e-02 applied 1.00 reseeds 861
step 2760 loss 1.24323e-02 |g| 1.74e+00 NIS/dof 7.775e-02 applied 1.00 reseeds 864
step 2770 loss 7.64814e-03 |g| 2.66e-01 NIS/dof 6.531e-02 applied 1.00 reseeds 866
step 2780 loss 6.33295e-03 |g| 2.07e-01 NIS/dof 8.576e-02 applied 1.00 reseeds 869
step 2790 loss 6.86743e-03 |g| 3.98e-01 NIS/dof 7.147e-02 applied 1.00 reseeds 875
step 2800 loss 5.47795e-03 |g| 4.93e-01 NIS/dof 7.532e-02 applied 1.00 reseeds 878
step 2810 loss 8.50514e-03 |g| 1.67e-01 NIS/dof 1.034e-01 applied 1.00 reseeds 881
step 2820 loss 7.33129e-03 |g| 1.65e-01 NIS/dof 6.267e-02 applied 1.00 reseeds 884
step 2830 loss 4.77189e-03 |g| 1.10e-01 NIS/dof 8.358e-02 applied 1.00 reseeds 886
step 2840 loss 3.40829e-03 |g| 7.13e-02 NIS/dof 6.188e-02 applied 1.00 reseeds 890
step 2850 loss 6.08925e-03 |g| 5.36e-01 NIS/dof 9.786e-02 applied 1.00 reseeds 891
step 2860 loss 5.49009e-03 |g| 1.34e-01 NIS/dof 6.950e-02 applied 1.00 reseeds 893
step 2870 loss 7.77035e-03 |g| 2.72e-01 NIS/dof 9.019e-02 applied 1.00 reseeds 896
step 2880 loss 5.31792e-03 |g| 3.84e-01 NIS/dof 7.967e-02 applied 1.00 reseeds 900
step 2890 loss 5.16849e-03 |g| 3.54e-01 NIS/dof 7.918e-02 applied 1.00 reseeds 901
step 2900 loss 6.76418e-03 |g| 3.44e-01 NIS/dof 9.019e-02 applied 1.00 reseeds 905
step 2910 loss 3.92220e-03 |g| 1.35e-01 NIS/dof 4.924e-02 applied 1.00 reseeds 910
step 2920 loss 6.05074e-03 |g| 2.93e-01 NIS/dof 7.476e-02 applied 1.00 reseeds 917
step 2930 loss 4.05437e-03 |g| 2.88e-01 NIS/dof 7.600e-02 applied 1.00 reseeds 918
step 2940 loss 4.35264e-03 |g| 1.65e-01 NIS/dof 7.861e-02 applied 1.00 reseeds 919
step 2950 loss 5.02641e-03 |g| 1.06e-01 NIS/dof 6.252e-02 applied 1.00 reseeds 921
step 2960 loss 4.48609e-03 |g| 1.24e-01 NIS/dof 6.195e-02 applied 1.00 reseeds 923
step 2970 loss 5.53994e-03 |g| 2.58e-01 NIS/dof 8.273e-02 applied 1.00 reseeds 928
step 2980 loss 3.24451e-03 |g| 1.04e-01 NIS/dof 6.317e-02 applied 1.00 reseeds 931
step 2990 loss 6.15957e-03 |g| 1.26e-01 NIS/dof 6.541e-02 applied 1.00 reseeds 936
step 3000 loss 4.04321e-03 |g| 2.16e-01 NIS/dof 7.221e-02 applied 1.00 reseeds 937
step 3010 loss 5.17086e-03 |g| 2.20e-01 NIS/dof 6.083e-02 applied 1.00 reseeds 939
step 3020 loss 5.16640e-03 |g| 1.31e-01 NIS/dof 5.852e-02 applied 1.00 reseeds 948
step 3030 loss 4.41790e-03 |g| 6.95e-02 NIS/dof 5.079e-02 applied 1.00 reseeds 951
step 3040 loss 7.73075e-03 |g| 3.06e-01 NIS/dof 7.900e-02 applied 1.00 reseeds 952
step 3050 loss 6.41898e-03 |g| 1.51e-01 NIS/dof 7.553e-02 applied 1.00 reseeds 958
step 3060 loss 5.12601e-03 |g| 1.53e-01 NIS/dof 7.644e-02 applied 1.00 reseeds 962
step 3070 loss 3.70171e-03 |g| 1.57e-01 NIS/dof 6.758e-02 applied 1.00 reseeds 962
step 3080 loss 3.90936e-03 |g| 9.40e-02 NIS/dof 7.031e-02 applied 1.00 reseeds 965
step 3090 loss 5.51107e-03 |g| 1.48e-01 NIS/dof 7.827e-02 applied 1.00 reseeds 968
step 3100 loss 3.66549e-03 |g| 1.52e-01 NIS/dof 5.595e-02 applied 1.00 reseeds 968
step 3110 loss 8.00660e-03 |g| 1.69e-01 NIS/dof 9.021e-02 applied 1.00 reseeds 975
step 3120 loss 4.22703e-03 |g| 2.09e-01 NIS/dof 5.740e-02 applied 1.00 reseeds 977
step 3130 loss 6.49316e-03 |g| 2.36e-01 NIS/dof 9.195e-02 applied 1.00 reseeds 979
step 3140 loss 5.96297e-03 |g| 1.74e-01 NIS/dof 6.993e-02 applied 1.00 reseeds 979
step 3150 loss 5.10693e-03 |g| 1.11e-01 NIS/dof 8.029e-02 applied 1.00 reseeds 983
step 3160 loss 5.86909e-03 |g| 3.64e-01 NIS/dof 8.136e-02 applied 1.00 reseeds 985
step 3170 loss 6.38615e-03 |g| 2.24e-01 NIS/dof 9.770e-02 applied 1.00 reseeds 988
step 3180 loss 4.43307e-03 |g| 3.08e-01 NIS/dof 7.180e-02 applied 1.00 reseeds 991
step 3190 loss 7.53975e-03 |g| 3.24e-01 NIS/dof 7.307e-02 applied 1.00 reseeds 992
step 3200 loss 5.23431e-03 |g| 2.16e-01 NIS/dof 9.144e-02 applied 1.00 reseeds 992
step 3210 loss 5.56877e-03 |g| 4.42e-01 NIS/dof 8.407e-02 applied 1.00 reseeds 997
step 3220 loss 6.56633e-03 |g| 2.45e-01 NIS/dof 8.161e-02 applied 1.00 reseeds 1001
step 3230 loss 4.46206e-03 |g| 1.62e-01 NIS/dof 7.190e-02 applied 1.00 reseeds 1001
step 3240 loss 4.25506e-03 |g| 1.86e-01 NIS/dof 6.154e-02 applied 1.00 reseeds 1004
step 3250 loss 4.74533e-03 |g| 2.74e-01 NIS/dof 6.212e-02 applied 1.00 reseeds 1006
step 3260 loss 5.60475e-03 |g| 1.87e-01 NIS/dof 6.533e-02 applied 1.00 reseeds 1010
step 3270 loss 5.30806e-03 |g| 6.46e-02 NIS/dof 6.404e-02 applied 1.00 reseeds 1013
step 3280 loss 4.38800e-03 |g| 3.16e-01 NIS/dof 8.794e-02 applied 1.00 reseeds 1017
step 3290 loss 5.79781e-03 |g| 7.76e-02 NIS/dof 6.586e-02 applied 1.00 reseeds 1021
step 3300 loss 6.57252e-03 |g| 2.12e-01 NIS/dof 1.066e-01 applied 1.00 reseeds 1027
step 3310 loss 6.34923e-03 |g| 9.96e-02 NIS/dof 7.905e-02 applied 1.00 reseeds 1029
step 3320 loss 5.58874e-03 |g| 1.02e-01 NIS/dof 7.735e-02 applied 1.00 reseeds 1033
step 3330 loss 5.67594e-03 |g| 7.60e-02 NIS/dof 7.040e-02 applied 1.00 reseeds 1037
step 3340 loss 6.87298e-03 |g| 3.25e-01 NIS/dof 1.079e-01 applied 1.00 reseeds 1040
step 3350 loss 4.35395e-03 |g| 1.01e-01 NIS/dof 5.933e-02 applied 1.00 reseeds 1044
step 3360 loss 6.92618e-03 |g| 2.59e-01 NIS/dof 1.217e-01 applied 1.00 reseeds 1047
step 3370 loss 5.03329e-03 |g| 5.79e-02 NIS/dof 5.445e-02 applied 1.00 reseeds 1048
step 3380 loss 4.99593e-03 |g| 1.17e-01 NIS/dof 6.183e-02 applied 1.00 reseeds 1050
step 3390 loss 5.70604e-03 |g| 1.70e-01 NIS/dof 7.118e-02 applied 1.00 reseeds 1051
step 3400 loss 4.51029e-03 |g| 7.90e-02 NIS/dof 6.508e-02 applied 1.00 reseeds 1053
step 3410 loss 4.60501e-03 |g| 6.93e-02 NIS/dof 4.736e-02 applied 1.00 reseeds 1062
step 3420 loss 4.58958e-03 |g| 1.76e-01 NIS/dof 6.141e-02 applied 1.00 reseeds 1064
step 3430 loss 4.23583e-03 |g| 8.29e-02 NIS/dof 5.644e-02 applied 1.00 reseeds 1064
step 3440 loss 5.01649e-03 |g| 6.55e-02 NIS/dof 7.450e-02 applied 1.00 reseeds 1066
step 3450 loss 4.22023e-03 |g| 8.70e-02 NIS/dof 7.974e-02 applied 1.00 reseeds 1068
step 3460 loss 5.78599e-03 |g| 2.64e-01 NIS/dof 6.494e-02 applied 1.00 reseeds 1071
step 3470 loss 5.83536e-03 |g| 2.08e-01 NIS/dof 5.683e-02 applied 1.00 reseeds 1073
step 3480 loss 4.91455e-03 |g| 2.36e-01 NIS/dof 7.806e-02 applied 1.00 reseeds 1078
step 3490 loss 4.99305e-03 |g| 1.05e-01 NIS/dof 5.238e-02 applied 1.00 reseeds 1081
step 3500 loss 9.81409e-03 |g| 4.94e-01 NIS/dof 5.954e-02 applied 1.00 reseeds 1085
step 3510 loss 5.15740e-03 |g| 2.39e-01 NIS/dof 8.072e-02 applied 1.00 reseeds 1088
step 3520 loss 5.69354e-03 |g| 6.06e-02 NIS/dof 7.987e-02 applied 1.00 reseeds 1088
step 3530 loss 3.08194e-03 |g| 3.52e-02 NIS/dof 4.681e-02 applied 1.00 reseeds 1093
step 3540 loss 4.49052e-03 |g| 2.33e-01 NIS/dof 6.523e-02 applied 1.00 reseeds 1096
step 3550 loss 4.59565e-03 |g| 1.38e-01 NIS/dof 6.882e-02 applied 1.00 reseeds 1099
step 3560 loss 6.52111e-03 |g| 2.31e-01 NIS/dof 9.503e-02 applied 1.00 reseeds 1101
step 3570 loss 6.46366e-03 |g| 4.40e-01 NIS/dof 6.039e-02 applied 1.00 reseeds 1107
step 3580 loss 6.49507e-03 |g| 1.29e-01 NIS/dof 7.911e-02 applied 1.00 reseeds 1109
step 3590 loss 7.75440e-03 |g| 2.08e-01 NIS/dof 1.219e-01 applied 1.00 reseeds 1112
step 3600 loss 4.85128e-03 |g| 7.23e-02 NIS/dof 8.170e-02 applied 1.00 reseeds 1116
step 3610 loss 3.99233e-03 |g| 2.03e-01 NIS/dof 8.536e-02 applied 1.00 reseeds 1121
step 3620 loss 4.05388e-03 |g| 3.10e-01 NIS/dof 8.370e-02 applied 1.00 reseeds 1124
step 3630 loss 4.35036e-03 |g| 3.41e-01 NIS/dof 7.367e-02 applied 1.00 reseeds 1127
step 3640 loss 4.41619e-03 |g| 2.21e-01 NIS/dof 7.213e-02 applied 1.00 reseeds 1131
step 3650 loss 3.82557e-03 |g| 1.51e-01 NIS/dof 6.814e-02 applied 1.00 reseeds 1136
step 3660 loss 5.17886e-03 |g| 8.66e-02 NIS/dof 7.972e-02 applied 1.00 reseeds 1138
step 3670 loss 6.03757e-03 |g| 2.83e-01 NIS/dof 7.884e-02 applied 1.00 reseeds 1142
step 3680 loss 4.86758e-03 |g| 1.52e-01 NIS/dof 7.048e-02 applied 1.00 reseeds 1144
step 3690 loss 4.32969e-03 |g| 1.81e-01 NIS/dof 7.003e-02 applied 1.00 reseeds 1146
step 3700 loss 3.98117e-03 |g| 1.64e-01 NIS/dof 5.944e-02 applied 1.00 reseeds 1150
step 3710 loss 5.95651e-03 |g| 2.32e-01 NIS/dof 7.775e-02 applied 1.00 reseeds 1151
step 3720 loss 3.13258e-03 |g| 1.10e-01 NIS/dof 5.404e-02 applied 1.00 reseeds 1154
step 3730 loss 3.66204e-03 |g| 1.58e-01 NIS/dof 6.913e-02 applied 1.00 reseeds 1158
step 3740 loss 5.06281e-03 |g| 3.84e-01 NIS/dof 1.035e-01 applied 1.00 reseeds 1159
step 3750 loss 3.55904e-03 |g| 8.81e-02 NIS/dof 6.994e-02 applied 1.00 reseeds 1164
step 3760 loss 4.90262e-03 |g| 1.35e-01 NIS/dof 6.576e-02 applied 1.00 reseeds 1166
step 3770 loss 4.19339e-03 |g| 3.52e-01 NIS/dof 5.015e-02 applied 1.00 reseeds 1166
step 3780 loss 6.35384e-03 |g| 6.66e-01 NIS/dof 1.222e-01 applied 1.00 reseeds 1173
step 3790 loss 6.62279e-03 |g| 1.95e-01 NIS/dof 6.528e-02 applied 1.00 reseeds 1176
step 3800 loss 5.11541e-03 |g| 5.72e-02 NIS/dof 5.282e-02 applied 1.00 reseeds 1177
step 3810 loss 4.41156e-03 |g| 9.64e-02 NIS/dof 6.033e-02 applied 1.00 reseeds 1181
step 3820 loss 3.11157e-03 |g| 1.27e-01 NIS/dof 5.582e-02 applied 1.00 reseeds 1182
step 3830 loss 9.12938e-03 |g| 2.30e-01 NIS/dof 7.537e-02 applied 1.00 reseeds 1184
step 3840 loss 4.58885e-03 |g| 7.26e-02 NIS/dof 5.643e-02 applied 1.00 reseeds 1184
step 3850 loss 7.26320e-03 |g| 4.22e-01 NIS/dof 6.098e-02 applied 1.00 reseeds 1192
step 3860 loss 6.10136e-03 |g| 2.75e-01 NIS/dof 6.521e-02 applied 1.00 reseeds 1195
step 3870 loss 5.46454e-03 |g| 9.08e-02 NIS/dof 4.438e-02 applied 1.00 reseeds 1199
step 3880 loss 4.08505e-03 |g| 1.71e-01 NIS/dof 6.142e-02 applied 1.00 reseeds 1202
step 3890 loss 4.26667e-03 |g| 1.01e-01 NIS/dof 6.030e-02 applied 1.00 reseeds 1202
step 3900 loss 5.23307e-03 |g| 4.06e-01 NIS/dof 6.371e-02 applied 1.00 reseeds 1206
step 3910 loss 5.04978e-03 |g| 2.35e-01 NIS/dof 7.260e-02 applied 1.00 reseeds 1207
step 3920 loss 4.89244e-03 |g| 1.46e-01 NIS/dof 6.142e-02 applied 1.00 reseeds 1209
step 3930 loss 3.82923e-03 |g| 1.11e-01 NIS/dof 5.990e-02 applied 1.00 reseeds 1213
step 3940 loss 4.84868e-03 |g| 7.30e-02 NIS/dof 5.302e-02 applied 1.00 reseeds 1218
step 3950 loss 6.12073e-03 |g| 1.20e-01 NIS/dof 8.088e-02 applied 1.00 reseeds 1220
step 3960 loss 6.63095e-03 |g| 2.22e-01 NIS/dof 9.566e-02 applied 1.00 reseeds 1224
step 3970 loss 5.18094e-03 |g| 2.60e-01 NIS/dof 5.000e-02 applied 1.00 reseeds 1226
step 3980 loss 5.74866e-03 |g| 3.27e-01 NIS/dof 6.573e-02 applied 1.00 reseeds 1230
step 3990 loss 4.26595e-03 |g| 3.38e-01 NIS/dof 7.651e-02 applied 1.00 reseeds 1233
step 4000 loss 4.03699e-03 |g| 1.71e-01 NIS/dof 7.371e-02 applied 1.00 reseeds 1234
step 4010 loss 5.34924e-03 |g| 1.35e-01 NIS/dof 5.922e-02 applied 1.00 reseeds 1237
step 4020 loss 9.23473e-03 |g| 8.02e-02 NIS/dof 1.164e-01 applied 1.00 reseeds 1241
step 4030 loss 7.98157e-03 |g| 1.51e-01 NIS/dof 7.941e-02 applied 1.00 reseeds 1243
step 4040 loss 4.03985e-03 |g| 1.12e-01 NIS/dof 7.065e-02 applied 1.00 reseeds 1245
step 4050 loss 4.93766e-03 |g| 1.40e-01 NIS/dof 5.857e-02 applied 1.00 reseeds 1249
step 4060 loss 4.59322e-03 |g| 2.49e-01 NIS/dof 8.038e-02 applied 1.00 reseeds 1252
step 4070 loss 2.80826e-03 |g| 8.78e-02 NIS/dof 6.769e-02 applied 1.00 reseeds 1257
step 4080 loss 4.94794e-03 |g| 3.15e-01 NIS/dof 5.712e-02 applied 1.00 reseeds 1260
step 4090 loss 3.14096e-03 |g| 3.78e-02 NIS/dof 5.785e-02 applied 1.00 reseeds 1266
step 4100 loss 5.05046e-03 |g| 3.22e-01 NIS/dof 6.088e-02 applied 1.00 reseeds 1267
step 4110 loss 3.05473e-03 |g| 7.62e-02 NIS/dof 5.102e-02 applied 1.00 reseeds 1270
step 4120 loss 3.57329e-03 |g| 2.08e-01 NIS/dof 6.005e-02 applied 1.00 reseeds 1274
step 4130 loss 4.09471e-03 |g| 1.19e-01 NIS/dof 5.413e-02 applied 1.00 reseeds 1275
step 4140 loss 3.39021e-03 |g| 2.95e-01 NIS/dof 8.486e-02 applied 1.00 reseeds 1277
step 4150 loss 5.61242e-03 |g| 1.82e-01 NIS/dof 7.852e-02 applied 1.00 reseeds 1277
step 4160 loss 4.77107e-03 |g| 1.77e-01 NIS/dof 6.555e-02 applied 1.00 reseeds 1280
step 4170 loss 4.13361e-03 |g| 2.57e-01 NIS/dof 6.436e-02 applied 1.00 reseeds 1284
step 4180 loss 4.47968e-03 |g| 9.56e-02 NIS/dof 6.428e-02 applied 1.00 reseeds 1285
step 4190 loss 4.25568e-03 |g| 3.05e-01 NIS/dof 5.957e-02 applied 1.00 reseeds 1288
step 4200 loss 6.75427e-03 |g| 3.65e-01 NIS/dof 7.927e-02 applied 1.00 reseeds 1290
step 4210 loss 5.07653e-03 |g| 1.05e-01 NIS/dof 7.684e-02 applied 1.00 reseeds 1291
step 4220 loss 5.43854e-03 |g| 2.62e-01 NIS/dof 8.539e-02 applied 1.00 reseeds 1295
step 4230 loss 5.80423e-03 |g| 2.15e-01 NIS/dof 8.376e-02 applied 1.00 reseeds 1297
step 4240 loss 5.36411e-03 |g| 1.90e-01 NIS/dof 5.139e-02 applied 1.00 reseeds 1300
step 4250 loss 3.56940e-03 |g| 1.49e-01 NIS/dof 5.228e-02 applied 1.00 reseeds 1303
step 4260 loss 6.90160e-03 |g| 3.09e-01 NIS/dof 7.921e-02 applied 1.00 reseeds 1304
step 4270 loss 6.21635e-03 |g| 2.53e-01 NIS/dof 7.302e-02 applied 1.00 reseeds 1305
step 4280 loss 6.07888e-03 |g| 1.24e-01 NIS/dof 5.700e-02 applied 1.00 reseeds 1308
step 4290 loss 5.34542e-03 |g| 1.39e-01 NIS/dof 6.948e-02 applied 1.00 reseeds 1310
step 4300 loss 5.61794e-03 |g| 1.49e-01 NIS/dof 7.480e-02 applied 1.00 reseeds 1312
step 4310 loss 5.17717e-03 |g| 8.56e-02 NIS/dof 6.219e-02 applied 1.00 reseeds 1313
step 4320 loss 5.40623e-03 |g| 7.25e-02 NIS/dof 4.826e-02 applied 1.00 reseeds 1320
step 4330 loss 4.85924e-03 |g| 1.44e-01 NIS/dof 7.621e-02 applied 1.00 reseeds 1324
step 4340 loss 4.51175e-03 |g| 4.22e-02 NIS/dof 4.149e-02 applied 1.00 reseeds 1328
step 4350 loss 5.90542e-03 |g| 1.81e-01 NIS/dof 7.108e-02 applied 1.00 reseeds 1332
step 4360 loss 6.65706e-03 |g| 1.46e-01 NIS/dof 7.461e-02 applied 1.00 reseeds 1334
step 4370 loss 4.55285e-03 |g| 2.19e-01 NIS/dof 8.463e-02 applied 1.00 reseeds 1339
step 4380 loss 4.33934e-03 |g| 1.52e-01 NIS/dof 6.026e-02 applied 1.00 reseeds 1345
step 4390 loss 6.02834e-03 |g| 1.29e-01 NIS/dof 7.296e-02 applied 1.00 reseeds 1349
step 4400 loss 6.20024e-03 |g| 1.58e-01 NIS/dof 6.688e-02 applied 1.00 reseeds 1353
step 4410 loss 5.68280e-03 |g| 3.14e-01 NIS/dof 1.036e-01 applied 1.00 reseeds 1355
step 4420 loss 4.74605e-03 |g| 1.99e-01 NIS/dof 5.998e-02 applied 1.00 reseeds 1357
step 4430 loss 3.67628e-03 |g| 7.04e-02 NIS/dof 8.230e-02 applied 1.00 reseeds 1364
step 4440 loss 4.67833e-03 |g| 1.76e-01 NIS/dof 5.981e-02 applied 1.00 reseeds 1367
step 4450 loss 4.68883e-03 |g| 3.73e-01 NIS/dof 6.984e-02 applied 1.00 reseeds 1370
step 4460 loss 5.02667e-03 |g| 2.16e-01 NIS/dof 9.958e-02 applied 1.00 reseeds 1374
step 4470 loss 4.56151e-03 |g| 1.47e-01 NIS/dof 6.508e-02 applied 1.00 reseeds 1381
step 4480 loss 6.79498e-03 |g| 8.38e-02 NIS/dof 6.355e-02 applied 1.00 reseeds 1387
step 4490 loss 4.16351e-03 |g| 8.97e-02 NIS/dof 5.937e-02 applied 1.00 reseeds 1388
step 4500 loss 6.76307e-03 |g| 1.48e-01 NIS/dof 8.287e-02 applied 1.00 reseeds 1392
step 4510 loss 4.25086e-03 |g| 1.29e-01 NIS/dof 7.912e-02 applied 1.00 reseeds 1394
step 4520 loss 4.30257e-03 |g| 1.47e-01 NIS/dof 5.091e-02 applied 1.00 reseeds 1396
step 4530 loss 3.18798e-03 |g| 6.04e-02 NIS/dof 5.626e-02 applied 1.00 reseeds 1401
step 4540 loss 4.08586e-03 |g| 4.04e-02 NIS/dof 6.706e-02 applied 1.00 reseeds 1405
step 4550 loss 4.82790e-03 |g| 1.33e-01 NIS/dof 8.889e-02 applied 1.00 reseeds 1410
step 4560 loss 3.13081e-03 |g| 1.88e-01 NIS/dof 5.444e-02 applied 1.00 reseeds 1412
step 4570 loss 3.93618e-03 |g| 1.88e-01 NIS/dof 7.247e-02 applied 1.00 reseeds 1412
step 4580 loss 4.76397e-03 |g| 9.05e-02 NIS/dof 6.403e-02 applied 1.00 reseeds 1413
step 4590 loss 4.42631e-03 |g| 1.71e-01 NIS/dof 8.169e-02 applied 1.00 reseeds 1415
step 4600 loss 5.58990e-03 |g| 1.18e-01 NIS/dof 6.688e-02 applied 1.00 reseeds 1417
step 4610 loss 4.71078e-03 |g| 4.13e-01 NIS/dof 7.212e-02 applied 1.00 reseeds 1421
step 4620 loss 5.58238e-03 |g| 1.36e-01 NIS/dof 4.823e-02 applied 1.00 reseeds 1426
step 4630 loss 4.65565e-03 |g| 1.40e-01 NIS/dof 7.129e-02 applied 1.00 reseeds 1426
step 4640 loss 7.95265e-03 |g| 2.27e-01 NIS/dof 6.317e-02 applied 1.00 reseeds 1428
step 4650 loss 3.49222e-03 |g| 1.28e-01 NIS/dof 7.096e-02 applied 1.00 reseeds 1431
step 4660 loss 5.84185e-03 |g| 3.36e-01 NIS/dof 6.629e-02 applied 1.00 reseeds 1434
step 4670 loss 4.44642e-03 |g| 1.51e-01 NIS/dof 5.837e-02 applied 1.00 reseeds 1437
step 4680 loss 4.59766e-03 |g| 1.94e-01 NIS/dof 9.624e-02 applied 1.00 reseeds 1440
step 4690 loss 4.84607e-03 |g| 2.19e-01 NIS/dof 6.968e-02 applied 1.00 reseeds 1445
step 4700 loss 4.92915e-03 |g| 1.31e-01 NIS/dof 7.740e-02 applied 1.00 reseeds 1448
step 4710 loss 5.29046e-03 |g| 4.36e-01 NIS/dof 6.132e-02 applied 1.00 reseeds 1451
step 4720 loss 4.31532e-03 |g| 1.21e-01 NIS/dof 6.930e-02 applied 1.00 reseeds 1453
step 4730 loss 5.65581e-03 |g| 1.13e-01 NIS/dof 9.584e-02 applied 1.00 reseeds 1456
step 4740 loss 4.52263e-03 |g| 6.93e-02 NIS/dof 7.497e-02 applied 1.00 reseeds 1460
step 4750 loss 3.81147e-03 |g| 6.54e-02 NIS/dof 8.494e-02 applied 1.00 reseeds 1462
step 4760 loss 4.85746e-03 |g| 6.29e-02 NIS/dof 6.439e-02 applied 1.00 reseeds 1465
step 4770 loss 3.73975e-03 |g| 1.03e-01 NIS/dof 9.772e-02 applied 1.00 reseeds 1470
step 4780 loss 3.74021e-03 |g| 4.59e-02 NIS/dof 6.724e-02 applied 1.00 reseeds 1476
step 4790 loss 3.89709e-03 |g| 1.22e-01 NIS/dof 5.525e-02 applied 1.00 reseeds 1483
step 4800 loss 4.30772e-03 |g| 2.22e-01 NIS/dof 9.983e-02 applied 1.00 reseeds 1484
step 4810 loss 3.89179e-03 |g| 3.00e-02 NIS/dof 6.419e-02 applied 1.00 reseeds 1485
step 4820 loss 7.15280e-03 |g| 1.65e-01 NIS/dof 6.785e-02 applied 1.00 reseeds 1485
step 4830 loss 3.67232e-03 |g| 1.75e-01 NIS/dof 6.921e-02 applied 1.00 reseeds 1488
step 4840 loss 5.72014e-03 |g| 2.11e-01 NIS/dof 9.342e-02 applied 1.00 reseeds 1491
step 4850 loss 3.61137e-03 |g| 3.93e-02 NIS/dof 7.222e-02 applied 1.00 reseeds 1493
step 4860 loss 7.97206e-03 |g| 9.16e-02 NIS/dof 7.437e-02 applied 1.00 reseeds 1498
step 4870 loss 4.30614e-03 |g| 7.61e-02 NIS/dof 8.262e-02 applied 1.00 reseeds 1503
step 4880 loss 4.14175e-03 |g| 8.23e-02 NIS/dof 6.551e-02 applied 1.00 reseeds 1506
step 4890 loss 3.89207e-03 |g| 2.08e-01 NIS/dof 6.433e-02 applied 1.00 reseeds 1510
step 4900 loss 4.35742e-03 |g| 1.93e-01 NIS/dof 5.074e-02 applied 1.00 reseeds 1511
step 4910 loss 4.05885e-03 |g| 7.55e-02 NIS/dof 6.521e-02 applied 1.00 reseeds 1513
step 4920 loss 3.54320e-03 |g| 9.56e-02 NIS/dof 7.219e-02 applied 1.00 reseeds 1514
step 4930 loss 4.22189e-03 |g| 7.54e-02 NIS/dof 6.865e-02 applied 1.00 reseeds 1516
step 4940 loss 4.93487e-03 |g| 9.63e-02 NIS/dof 7.960e-02 applied 1.00 reseeds 1519
step 4950 loss 4.36767e-03 |g| 1.20e-01 NIS/dof 7.514e-02 applied 1.00 reseeds 1521
step 4960 loss 4.50254e-03 |g| 7.82e-02 NIS/dof 6.221e-02 applied 1.00 reseeds 1526
step 4970 loss 4.71170e-03 |g| 1.22e-01 NIS/dof 7.557e-02 applied 1.00 reseeds 1530
step 4980 loss 4.93708e-03 |g| 1.97e-01 NIS/dof 8.634e-02 applied 1.00 reseeds 1534
step 4990 loss 4.96934e-03 |g| 1.95e-01 NIS/dof 6.828e-02 applied 1.00 reseeds 1536
step 5000 loss 5.40281e-03 |g| 1.10e-01 NIS/dof 8.011e-02 applied 1.00 reseeds 1540
step 5010 loss 6.11423e-03 |g| 2.73e-01 NIS/dof 6.998e-02 applied 1.00 reseeds 1541
step 5020 loss 4.83228e-03 |g| 9.53e-02 NIS/dof 5.805e-02 applied 1.00 reseeds 1543
step 5030 loss 6.02345e-03 |g| 2.28e-01 NIS/dof 9.300e-02 applied 1.00 reseeds 1546
step 5040 loss 5.93179e-03 |g| 8.46e-02 NIS/dof 7.558e-02 applied 1.00 reseeds 1550
step 5050 loss 5.99318e-03 |g| 1.20e-01 NIS/dof 9.016e-02 applied 1.00 reseeds 1555
step 5060 loss 6.70579e-03 |g| 3.10e-01 NIS/dof 7.102e-02 applied 1.00 reseeds 1557
step 5070 loss 4.37735e-03 |g| 9.90e-02 NIS/dof 5.503e-02 applied 1.00 reseeds 1559
step 5080 loss 3.77006e-03 |g| 5.88e-02 NIS/dof 5.320e-02 applied 1.00 reseeds 1565
step 5090 loss 5.79168e-03 |g| 7.37e-02 NIS/dof 9.873e-02 applied 1.00 reseeds 1567
step 5100 loss 4.84123e-03 |g| 9.07e-02 NIS/dof 5.719e-02 applied 1.00 reseeds 1571
step 5110 loss 4.58144e-03 |g| 1.55e-01 NIS/dof 6.059e-02 applied 1.00 reseeds 1576
step 5120 loss 3.94042e-03 |g| 4.52e-02 NIS/dof 6.747e-02 applied 1.00 reseeds 1579
step 5130 loss 5.37721e-03 |g| 1.95e-01 NIS/dof 8.434e-02 applied 1.00 reseeds 1583
step 5140 loss 3.07102e-03 |g| 9.59e-02 NIS/dof 6.449e-02 applied 1.00 reseeds 1586
step 5150 loss 4.34557e-03 |g| 5.86e-02 NIS/dof 6.156e-02 applied 1.00 reseeds 1588
step 5160 loss 4.04195e-03 |g| 1.39e-01 NIS/dof 6.676e-02 applied 1.00 reseeds 1588
step 5170 loss 5.50927e-03 |g| 1.38e-01 NIS/dof 5.474e-02 applied 1.00 reseeds 1592
step 5180 loss 3.85386e-03 |g| 8.14e-02 NIS/dof 7.041e-02 applied 1.00 reseeds 1596
step 5190 loss 5.85091e-03 |g| 8.50e-02 NIS/dof 5.947e-02 applied 1.00 reseeds 1599
step 5200 loss 5.15519e-03 |g| 2.77e-01 NIS/dof 5.269e-02 applied 1.00 reseeds 1602
step 5210 loss 4.07599e-03 |g| 7.23e-02 NIS/dof 5.568e-02 applied 1.00 reseeds 1605
step 5220 loss 3.46304e-03 |g| 1.14e-01 NIS/dof 8.098e-02 applied 1.00 reseeds 1608
step 5230 loss 4.70586e-03 |g| 1.86e-01 NIS/dof 6.301e-02 applied 1.00 reseeds 1609
step 5240 loss 5.11235e-03 |g| 9.12e-02 NIS/dof 6.825e-02 applied 1.00 reseeds 1612
step 5250 loss 5.39291e-03 |g| 3.51e-01 NIS/dof 5.176e-02 applied 1.00 reseeds 1614
step 5260 loss 8.40782e-03 |g| 1.83e-01 NIS/dof 6.990e-02 applied 1.00 reseeds 1616
step 5270 loss 3.79027e-03 |g| 9.84e-02 NIS/dof 7.178e-02 applied 1.00 reseeds 1618
step 5280 loss 4.74323e-03 |g| 8.83e-02 NIS/dof 6.892e-02 applied 1.00 reseeds 1623
step 5290 loss 4.40546e-03 |g| 2.74e-01 NIS/dof 8.084e-02 applied 1.00 reseeds 1628
step 5300 loss 3.81776e-03 |g| 2.40e-01 NIS/dof 6.490e-02 applied 1.00 reseeds 1630
step 5310 loss 4.30613e-03 |g| 1.60e-01 NIS/dof 7.610e-02 applied 1.00 reseeds 1634
step 5320 loss 4.18578e-03 |g| 5.77e-02 NIS/dof 5.582e-02 applied 1.00 reseeds 1636
step 5330 loss 4.29020e-03 |g| 3.09e-01 NIS/dof 9.098e-02 applied 1.00 reseeds 1640
step 5340 loss 5.37446e-03 |g| 2.32e-01 NIS/dof 9.371e-02 applied 1.00 reseeds 1644
step 5350 loss 3.96492e-03 |g| 2.07e-01 NIS/dof 1.003e-01 applied 1.00 reseeds 1646
step 5360 loss 3.67087e-03 |g| 5.65e-02 NIS/dof 6.557e-02 applied 1.00 reseeds 1650
step 5370 loss 3.17176e-03 |g| 6.94e-02 NIS/dof 6.418e-02 applied 1.00 reseeds 1651
step 5380 loss 4.42777e-03 |g| 6.00e-02 NIS/dof 7.585e-02 applied 1.00 reseeds 1655
step 5390 loss 3.81089e-03 |g| 1.15e-01 NIS/dof 7.900e-02 applied 1.00 reseeds 1657
step 5400 loss 5.64428e-03 |g| 2.81e-01 NIS/dof 6.991e-02 applied 1.00 reseeds 1659
step 5410 loss 5.22651e-03 |g| 1.32e-01 NIS/dof 7.061e-02 applied 1.00 reseeds 1662
step 5420 loss 4.86864e-03 |g| 8.72e-02 NIS/dof 5.041e-02 applied 1.00 reseeds 1666
step 5430 loss 5.09539e-03 |g| 1.45e-01 NIS/dof 6.772e-02 applied 1.00 reseeds 1667
step 5440 loss 3.42967e-03 |g| 1.88e-01 NIS/dof 6.954e-02 applied 1.00 reseeds 1669
step 5450 loss 4.97948e-03 |g| 8.39e-02 NIS/dof 7.365e-02 applied 1.00 reseeds 1674
step 5460 loss 4.19006e-03 |g| 8.61e-02 NIS/dof 6.777e-02 applied 1.00 reseeds 1675
step 5470 loss 3.54049e-03 |g| 1.19e-01 NIS/dof 6.254e-02 applied 1.00 reseeds 1680
step 5480 loss 4.34069e-03 |g| 7.29e-02 NIS/dof 6.775e-02 applied 1.00 reseeds 1682
step 5490 loss 4.25123e-03 |g| 2.56e-01 NIS/dof 8.739e-02 applied 1.00 reseeds 1688
step 5500 loss 5.34697e-03 |g| 8.89e-02 NIS/dof 7.018e-02 applied 1.00 reseeds 1691
step 5510 loss 4.68947e-03 |g| 1.72e-01 NIS/dof 6.823e-02 applied 1.00 reseeds 1693
step 5520 loss 5.19125e-03 |g| 8.98e-02 NIS/dof 8.413e-02 applied 1.00 reseeds 1698
step 5530 loss 4.55052e-03 |g| 1.91e-01 NIS/dof 7.129e-02 applied 1.00 reseeds 1703
step 5540 loss 4.12419e-03 |g| 6.82e-02 NIS/dof 5.886e-02 applied 1.00 reseeds 1707
step 5550 loss 4.80746e-03 |g| 1.26e-01 NIS/dof 1.081e-01 applied 1.00 reseeds 1711
step 5560 loss 3.26489e-03 |g| 8.23e-02 NIS/dof 6.149e-02 applied 1.00 reseeds 1713
step 5570 loss 5.27309e-03 |g| 6.16e-02 NIS/dof 6.670e-02 applied 1.00 reseeds 1715
step 5580 loss 4.20704e-03 |g| 1.14e-01 NIS/dof 5.735e-02 applied 1.00 reseeds 1715
step 5590 loss 7.64182e-03 |g| 1.91e-01 NIS/dof 7.911e-02 applied 1.00 reseeds 1718
step 5600 loss 5.57987e-03 |g| 1.55e-01 NIS/dof 7.340e-02 applied 1.00 reseeds 1720
step 5610 loss 4.75741e-03 |g| 9.28e-02 NIS/dof 4.388e-02 applied 1.00 reseeds 1723
step 5620 loss 3.63845e-03 |g| 1.11e-01 NIS/dof 6.959e-02 applied 1.00 reseeds 1727
step 5630 loss 5.47320e-03 |g| 9.73e-02 NIS/dof 7.570e-02 applied 1.00 reseeds 1729
step 5640 loss 6.68261e-03 |g| 1.15e-01 NIS/dof 9.092e-02 applied 1.00 reseeds 1731
step 5650 loss 5.08021e-03 |g| 1.69e-01 NIS/dof 7.204e-02 applied 1.00 reseeds 1734
step 5660 loss 4.82711e-03 |g| 1.10e-01 NIS/dof 6.165e-02 applied 1.00 reseeds 1744
step 5670 loss 5.13910e-03 |g| 2.02e-01 NIS/dof 7.360e-02 applied 1.00 reseeds 1747
step 5680 loss 5.41589e-03 |g| 1.24e-01 NIS/dof 6.042e-02 applied 1.00 reseeds 1749
step 5690 loss 3.57148e-03 |g| 6.76e-02 NIS/dof 6.551e-02 applied 1.00 reseeds 1752
step 5700 loss 5.33053e-03 |g| 9.13e-02 NIS/dof 6.276e-02 applied 1.00 reseeds 1754
step 5710 loss 4.62307e-03 |g| 5.93e-02 NIS/dof 9.286e-02 applied 1.00 reseeds 1758
step 5720 loss 3.67614e-03 |g| 7.16e-02 NIS/dof 7.487e-02 applied 1.00 reseeds 1762
step 5730 loss 3.85279e-03 |g| 8.95e-02 NIS/dof 4.945e-02 applied 1.00 reseeds 1764
step 5740 loss 1.02915e-02 |g| 2.39e-01 NIS/dof 7.890e-02 applied 1.00 reseeds 1764
step 5750 loss 5.16651e-03 |g| 1.84e-01 NIS/dof 8.419e-02 applied 1.00 reseeds 1764
step 5760 loss 6.17910e-03 |g| 1.92e-01 NIS/dof 8.240e-02 applied 1.00 reseeds 1765
step 5770 loss 6.41373e-03 |g| 2.00e-01 NIS/dof 7.664e-02 applied 1.00 reseeds 1768
step 5780 loss 3.82081e-03 |g| 1.55e-01 NIS/dof 5.731e-02 applied 1.00 reseeds 1772
step 5790 loss 4.17048e-03 |g| 1.70e-01 NIS/dof 5.433e-02 applied 1.00 reseeds 1774
step 5800 loss 4.25383e-03 |g| 1.90e-01 NIS/dof 7.887e-02 applied 1.00 reseeds 1777
step 5810 loss 4.63580e-03 |g| 7.84e-02 NIS/dof 8.157e-02 applied 1.00 reseeds 1778
step 5820 loss 5.57123e-03 |g| 1.92e-01 NIS/dof 9.447e-02 applied 1.00 reseeds 1782
step 5830 loss 4.24682e-03 |g| 9.26e-02 NIS/dof 7.523e-02 applied 1.00 reseeds 1786
step 5840 loss 6.45206e-03 |g| 7.38e-02 NIS/dof 6.942e-02 applied 1.00 reseeds 1789
step 5850 loss 3.60733e-03 |g| 6.76e-02 NIS/dof 7.154e-02 applied 1.00 reseeds 1791
step 5860 loss 4.30193e-03 |g| 1.29e-01 NIS/dof 5.587e-02 applied 1.00 reseeds 1793
step 5870 loss 4.88293e-03 |g| 1.61e-01 NIS/dof 7.521e-02 applied 1.00 reseeds 1795
step 5880 loss 3.65508e-03 |g| 1.18e-01 NIS/dof 5.305e-02 applied 1.00 reseeds 1797
step 5890 loss 5.10029e-03 |g| 2.41e-01 NIS/dof 7.821e-02 applied 1.00 reseeds 1800
step 5900 loss 5.67022e-03 |g| 2.06e-01 NIS/dof 6.611e-02 applied 1.00 reseeds 1802
step 5910 loss 5.85641e-03 |g| 2.48e-01 NIS/dof 8.812e-02 applied 1.00 reseeds 1807
step 5920 loss 4.20403e-03 |g| 2.06e-01 NIS/dof 5.009e-02 applied 1.00 reseeds 1809
step 5930 loss 4.11622e-03 |g| 1.89e-01 NIS/dof 7.971e-02 applied 1.00 reseeds 1813
step 5940 loss 4.56451e-03 |g| 8.96e-02 NIS/dof 5.970e-02 applied 1.00 reseeds 1815
step 5950 loss 4.36431e-03 |g| 1.69e-01 NIS/dof 6.807e-02 applied 1.00 reseeds 1815
step 5960 loss 4.58272e-03 |g| 2.23e-01 NIS/dof 7.898e-02 applied 1.00 reseeds 1816
step 5970 loss 5.55762e-03 |g| 1.69e-01 NIS/dof 8.047e-02 applied 1.00 reseeds 1818
step 5980 loss 4.27432e-03 |g| 2.29e-01 NIS/dof 6.735e-02 applied 1.00 reseeds 1823
step 5990 loss 4.85974e-03 |g| 9.54e-02 NIS/dof 6.517e-02 applied 1.00 reseeds 1828
step 5999 loss 4.39521e-03 |g| 8.55e-02 NIS/dof 5.780e-02 applied 1.00 reseeds 1829
== validating on held-out ==
  flat/seed28: baseline={'vel_rmse': 0.0543321646770635, 'vel_nees': 4.018834230045485, 'vel_nees_tangent': 5.192904963115444, 'vel_nees_x': 0.0685217831694923, 'vel_nees_y': 0.07952276025970378, 'vel_nees_z': 2.0026284594950314, 'nis_over_dof': 0.009548450264961804, 'applied': 0.9999999999999999}  learned={'vel_rmse': 0.09274791141237118, 'vel_nees': 2.4739650121220795, 'vel_nees_tangent': 4.1253219616110774, 'vel_nees_x': 0.11086126774650522, 'vel_nees_y': 0.08426868762838427, 'vel_nees_z': 0.9626245955569054, 'nis_over_dof': 0.07719601597853286, 'applied': 0.9999999999999999}
  hard_stepping/seed27: baseline={'vel_rmse': 0.06187650061761749, 'vel_nees': 4.711327474820552, 'vel_nees_tangent': 6.580368070799619, 'vel_nees_x': 0.05812809337318238, 'vel_nees_y': 0.07298798336214275, 'vel_nees_z': 2.894347971465953, 'nis_over_dof': 0.014109930229590915, 'applied': 0.9999999999999999}  learned={'vel_rmse': 0.0923983878835139, 'vel_nees': 2.8889108468083475, 'vel_nees_tangent': 5.087344948233011, 'vel_nees_x': 0.1782927153225168, 'vel_nees_y': 0.16639705084839934, 'vel_nees_z': 0.725122640672232, 'nis_over_dof': 0.08159383309761088, 'applied': 0.9999999999999999}
  stepping_stones/seed22: baseline={'vel_rmse': 0.055025895449091804, 'vel_nees': 3.7890936357418847, 'vel_nees_tangent': 5.228076278557144, 'vel_nees_x': 0.07037878887187993, 'vel_nees_y': 0.05307722958974436, 'vel_nees_z': 2.260820985818893, 'nis_over_dof': 0.010696378873810542, 'applied': 0.9999999999999999}  learned={'vel_rmse': 0.061302546663029554, 'vel_nees': 1.4907117513798795, 'vel_nees_tangent': 3.638727460926926, 'vel_nees_x': 0.08386682838945964, 'vel_nees_y': 0.08483850943318437, 'vel_nees_z': 0.2673255193883043, 'nis_over_dof': 0.05353908598161358, 'applied': 0.9999999999999999}
  waves/seed25: baseline={'vel_rmse': 0.05429266381876227, 'vel_nees': 3.876504358601226, 'vel_nees_tangent': 5.263272485057155, 'vel_nees_x': 0.05643882781619317, 'vel_nees_y': 0.04414943432361544, 'vel_nees_z': 2.169316671417653, 'nis_over_dof': 0.009545846302603187, 'applied': 0.9999999999999999}  learned={'vel_rmse': 0.0724468161134926, 'vel_nees': 1.8461426488103125, 'vel_nees_tangent': 3.899794269236083, 'vel_nees_x': 0.09020883209996752, 'vel_nees_y': 0.06664198973109026, 'vel_nees_z': 0.41450970206287896, 'nis_over_dof': 0.06350495114184225, 'applied': 0.9999999999999999}
== summary ==
{
  "run": {
    "dir": "L128_B_l2velpos",
    "started_at": "2026-08-09T01:48:37",
    "tag": null,
    "args": {
      "collect": false,
      "train_seeds": [
        0,
        1,
        2,
        3
      ],
      "val_seeds": [
        4,
        5,
        6,
        7
      ],
      "seconds": 45.0,
      "steps": 6000,
      "warmup_steps": 100,
      "time_budget_s": 86400.0,
      "tag": null,
      "out_dir": "results/l_ablation/L128_B_l2velpos",
      "contacts_per_foot": 4,
      "objective": "l2_vel_pos",
      "w_pos": null,
      "w_ori": null,
      "pose_weight_ratio": null,
      "L": 128,
      "remat": false,
      "contact_meas_var": 0.0001,
      "pool": "n8fix"
    }
  },
  "n_train": 21,
  "n_val": 4,
  "steps_run": 6000,
  "final_reseeds": 1829,
  "floored": [],
  "cfg": {
    "F": 30,
    "d_in": 600,
    "H": 20,
    "window_span_s": 0.019,
    "L": 128,
    "B": 32,
    "objective": "l2_vel_pos",
    "remat": false,
    "contact_meas_var": 0.0001,
    "w_pos": 4.347353061233782,
    "w_ori": 0.0,
    "pose_weight_ratio": 0.5,
    "episode_s": 43.0,
    "warm_in_s": 1.0,
    "peak_lr": 0.0001,
    "init_seed": 0,
    "batcher_seed": 0,
    "cmd_ranges": {
      "vx": [
        0.3,
        0.9
      ],
      "vy": [
        0.25,
        0.5
      ],
      "yaw": [
        0.3,
        1.5
      ]
    }
  },
  "wall_s": 4152.099030256271,
  "val": [
    {
      "mode": "flat/seed28",
      "rollout": "flat/seed28",
      "baseline": {
        "vel_rmse": 0.0543321646770635,
        "vel_nees": 4.018834230045485,
        "vel_nees_tangent": 5.192904963115444,
        "vel_nees_x": 0.0685217831694923,
        "vel_nees_y": 0.07952276025970378,
        "vel_nees_z": 2.0026284594950314,
        "nis_over_dof": 0.009548450264961804,
        "applied": 0.9999999999999999
      },
      "learned": {
        "vel_rmse": 0.09274791141237118,
        "vel_nees": 2.4739650121220795,
        "vel_nees_tangent": 4.1253219616110774,
        "vel_nees_x": 0.11086126774650522,
        "vel_nees_y": 0.08426868762838427,
        "vel_nees_z": 0.9626245955569054,
        "nis_over_dof": 0.07719601597853286,
        "applied": 0.9999999999999999
      }
    },
    {
      "mode": "hard_stepping/seed27",
      "rollout": "hard_stepping/seed27",
      "baseline": {
        "vel_rmse": 0.06187650061761749,
        "vel_nees": 4.711327474820552,
        "vel_nees_tangent": 6.580368070799619,
        "vel_nees_x": 0.05812809337318238,
        "vel_nees_y": 0.07298798336214275,
        "vel_nees_z": 2.894347971465953,
        "nis_over_dof": 0.014109930229590915,
        "applied": 0.9999999999999999
      },
      "learned": {
        "vel_rmse": 0.0923983878835139,
        "vel_nees": 2.8889108468083475,
        "vel_nees_tangent": 5.087344948233011,
        "vel_nees_x": 0.1782927153225168,
        "vel_nees_y": 0.16639705084839934,
        "vel_nees_z": 0.725122640672232,
        "nis_over_dof": 0.08159383309761088,
        "applied": 0.9999999999999999
      }
    },
    {
      "mode": "stepping_stones/seed22",
      "rollout": "stepping_stones/seed22",
      "baseline": {
        "vel_rmse": 0.055025895449091804,
        "vel_nees": 3.7890936357418847,
        "vel_nees_tangent": 5.228076278557144,
        "vel_nees_x": 0.07037878887187993,
        "vel_nees_y": 0.05307722958974436,
        "vel_nees_z": 2.260820985818893,
        "nis_over_dof": 0.010696378873810542,
        "applied": 0.9999999999999999
      },
      "learned": {
        "vel_rmse": 0.061302546663029554,
        "vel_nees": 1.4907117513798795,
        "vel_nees_tangent": 3.638727460926926,
        "vel_nees_x": 0.08386682838945964,
        "vel_nees_y": 0.08483850943318437,
        "vel_nees_z": 0.2673255193883043,
        "nis_over_dof": 0.05353908598161358,
        "applied": 0.9999999999999999
      }
    },
    {
      "mode": "waves/seed25",
      "rollout": "waves/seed25",
      "baseline": {
        "vel_rmse": 0.05429266381876227,
        "vel_nees": 3.876504358601226,
        "vel_nees_tangent": 5.263272485057155,
        "vel_nees_x": 0.05643882781619317,
        "vel_nees_y": 0.04414943432361544,
        "vel_nees_z": 2.169316671417653,
        "nis_over_dof": 0.009545846302603187,
        "applied": 0.9999999999999999
      },
      "learned": {
        "vel_rmse": 0.0724468161134926,
        "vel_nees": 1.8461426488103125,
        "vel_nees_tangent": 3.899794269236083,
        "vel_nees_x": 0.09020883209996752,
        "vel_nees_y": 0.06664198973109026,
        "vel_nees_z": 0.41450970206287896,
        "nis_over_dof": 0.06350495114184225,
        "applied": 0.9999999999999999
      }
    }
  ],
  "loss_first": 0.38463163763152036,
  "loss_last": 0.004395209633149035
}
  plots -> /home/llibshutz/alex/invariant-estimation/results/l_ablation/L128_B_l2velpos/training.png, /home/llibshutz/alex/invariant-estimation/results/l_ablation/L128_B_l2velpos/validation.png
[2026-08-09 02:57:52] --- cell L=128 B_l2velpos complete: 6000 steps ---
[2026-08-09 02:57:52] --- cell L=128 C_l2velori (l2_vel_ori) -> results/l_ablation/L128_C_l2velori ---
Failed to import warp: No module named 'warp'
Failed to import mujoco_warp: No module named 'warp'
== run directory: /home/llibshutz/alex/invariant-estimation/results/l_ablation/L128_C_l2velori ==
collector: 9 filtered joints, 8 IMUs, 8 contacts, 4 off-path joints, dt=0.001 (1000 Hz)  [built in 0.9s]
pool 'n8fix': 25 rollouts over {'flat': 8, 'hard_stepping': 7, 'stepping_stones': 4, 'waves': 6}
train rollouts: ['flat_n8fix_seed000.npz', 'flat_n8fix_seed004.npz', 'flat_n8fix_seed008.npz', 'flat_n8fix_seed012.npz', 'flat_n8fix_seed016.npz', 'flat_n8fix_seed020.npz', 'flat_n8fix_seed024.npz', 'hard_stepping_n8fix_seed003.npz', 'hard_stepping_n8fix_seed007.npz', 'hard_stepping_n8fix_seed011.npz', 'hard_stepping_n8fix_seed015.npz', 'hard_stepping_n8fix_seed019.npz', 'hard_stepping_n8fix_seed023.npz', 'stepping_stones_n8fix_seed006.npz', 'stepping_stones_n8fix_seed014.npz', 'stepping_stones_n8fix_seed018.npz', 'waves_n8fix_seed001.npz', 'waves_n8fix_seed005.npz', 'waves_n8fix_seed009.npz', 'waves_n8fix_seed017.npz', 'waves_n8fix_seed021.npz']
val rollouts:   ['flat_n8fix_seed028.npz', 'hard_stepping_n8fix_seed027.npz', 'stepping_stones_n8fix_seed022.npz', 'waves_n8fix_seed025.npz']
== building channel caches ==
  reused flat_n8fix_seed000_feat.npz (cache newer than rollout, channels match)
  reused flat_n8fix_seed004_feat.npz (cache newer than rollout, channels match)
  reused flat_n8fix_seed008_feat.npz (cache newer than rollout, channels match)
  reused flat_n8fix_seed012_feat.npz (cache newer than rollout, channels match)
  reused flat_n8fix_seed016_feat.npz (cache newer than rollout, channels match)
  reused flat_n8fix_seed020_feat.npz (cache newer than rollout, channels match)
  reused flat_n8fix_seed024_feat.npz (cache newer than rollout, channels match)
  reused hard_stepping_n8fix_seed003_feat.npz (cache newer than rollout, channels match)
  reused hard_stepping_n8fix_seed007_feat.npz (cache newer than rollout, channels match)
  reused hard_stepping_n8fix_seed011_feat.npz (cache newer than rollout, channels match)
  reused hard_stepping_n8fix_seed015_feat.npz (cache newer than rollout, channels match)
  reused hard_stepping_n8fix_seed019_feat.npz (cache newer than rollout, channels match)
  reused hard_stepping_n8fix_seed023_feat.npz (cache newer than rollout, channels match)
  reused stepping_stones_n8fix_seed006_feat.npz (cache newer than rollout, channels match)
  reused stepping_stones_n8fix_seed014_feat.npz (cache newer than rollout, channels match)
  reused stepping_stones_n8fix_seed018_feat.npz (cache newer than rollout, channels match)
  reused waves_n8fix_seed001_feat.npz (cache newer than rollout, channels match)
  reused waves_n8fix_seed005_feat.npz (cache newer than rollout, channels match)
  reused waves_n8fix_seed009_feat.npz (cache newer than rollout, channels match)
  reused waves_n8fix_seed017_feat.npz (cache newer than rollout, channels match)
  reused waves_n8fix_seed021_feat.npz (cache newer than rollout, channels match)
  reused flat_n8fix_seed028_feat.npz (cache newer than rollout, channels match)
  reused hard_stepping_n8fix_seed027_feat.npz (cache newer than rollout, channels match)
  reused stepping_stones_n8fix_seed022_feat.npz (cache newer than rollout, channels match)
  reused waves_n8fix_seed025_feat.npz (cache newer than rollout, channels match)
== fitting normalization (train, walking set) ==
  floored channels: []
  cfg: F=30 d_in=600 H=20 (window 19 ms, consecutive ticks) L=128 B=32 objective=l2_vel_ori episode_s=43.0
== preparing rollouts ==
  prepared flat/seed0: T=44000, starts=[16019, 43872] (27854 legal)
  prepared flat/seed4: T=44000, starts=[16019, 43872] (27854 legal)
  prepared flat/seed8: T=44000, starts=[16019, 43872] (27854 legal)
  prepared flat/seed12: T=44000, starts=[16019, 43872] (27854 legal)
  prepared flat/seed16: T=44000, starts=[16019, 43872] (27854 legal)
  prepared flat/seed20: T=44000, starts=[16019, 43872] (27854 legal)
  prepared flat/seed24: T=44000, starts=[16019, 43872] (27854 legal)
  prepared hard_stepping/seed3: T=44000, starts=[16019, 43872] (27854 legal)
  prepared hard_stepping/seed7: T=44000, starts=[16019, 43872] (27854 legal)
  prepared hard_stepping/seed11: T=44000, starts=[16019, 43872] (27854 legal)
  prepared hard_stepping/seed15: T=44000, starts=[16019, 43872] (27854 legal)
  prepared hard_stepping/seed19: T=44000, starts=[16019, 43872] (27854 legal)
  prepared hard_stepping/seed23: T=44000, starts=[16019, 43872] (27854 legal)
  prepared stepping_stones/seed6: T=44000, starts=[16019, 43872] (27854 legal)
  prepared stepping_stones/seed14: T=44000, starts=[16019, 43872] (27854 legal)
  prepared stepping_stones/seed18: T=44000, starts=[16019, 43872] (27854 legal)
  prepared waves/seed1: T=44000, starts=[16019, 43872] (27854 legal)
  prepared waves/seed5: T=44000, starts=[16019, 43872] (27854 legal)
  prepared waves/seed9: T=44000, starts=[16019, 43872] (27854 legal)
  prepared waves/seed17: T=44000, starts=[16019, 43872] (27854 legal)
  prepared waves/seed21: T=44000, starts=[16019, 43872] (27854 legal)
  prepared flat/seed28: T=44000, starts=[16019, 43872] (27854 legal)
  prepared hard_stepping/seed27: T=44000, starts=[16019, 43872] (27854 legal)
  prepared stepping_stones/seed22: T=44000, starts=[16019, 43872] (27854 legal)
  prepared waves/seed25: T=44000, starts=[16019, 43872] (27854 legal)
== re-flooring contact measurement noise: pool collected at 0, training at 0.0001 (delta +0.0001 on diag(sigma_q)) ==
== measuring P0 ==
  P0 from flat/seed0 ticks [16019, 19019): diag(R)=[6.64983805e-05 6.89037297e-05 1.00027989e+00], diag(v)=[0.00079118 0.00077245 0.00018433], diag(p)=[0.12287249 0.12097755 0.12140872], diag(d)=[0.12287031 0.12097683 0.12141024 0.12286839 0.12097627 0.1214101
 0.1228721  0.12098173 0.12140916 0.12287092 0.12098141 0.12140908
 0.12291139 0.12104048 0.12144945 0.12291014 0.12104344 0.12144625
 0.12293942 0.12105974 0.12142006 0.12287423 0.12097469 0.12141085], eig in [8.791e-08, 1.152e+00]
== building network + batcher ==
  pose-weight measurement (warm batch, init net): L_vel=2.564e-01 L_pos=2.949e-02 L_ori=1.089e-02
  pose weights (frozen): w_pos=0.0000e+00 w_ori=1.1769e+01 (ratio=0.5, objective=l2_vel_ori)
== training ==
step    0 loss 3.84632e-01 |g| 1.68e+00 NIS/dof 9.864e+00 applied 1.00 reseeds 1
step   10 loss 1.77992e+00 |g| 6.14e+01 NIS/dof 1.183e+01 applied 1.00 reseeds 2
step   20 loss 1.50856e+00 |g| 4.12e+01 NIS/dof 1.100e+01 applied 1.00 reseeds 4
step   30 loss 1.44641e+00 |g| 9.71e+00 NIS/dof 8.226e+00 applied 1.00 reseeds 4
step   40 loss 1.30587e+00 |g| 9.30e+00 NIS/dof 7.136e+00 applied 1.00 reseeds 5
step   50 loss 1.32737e+00 |g| 9.19e+00 NIS/dof 8.947e+00 applied 1.00 reseeds 10
step   60 loss 9.78579e-01 |g| 6.34e+00 NIS/dof 7.622e+00 applied 1.00 reseeds 16
step   70 loss 1.11525e+00 |g| 1.02e+01 NIS/dof 8.470e+00 applied 1.00 reseeds 18
step   80 loss 1.25667e+00 |g| 1.19e+01 NIS/dof 9.980e+00 applied 1.00 reseeds 21
step   90 loss 1.04176e+00 |g| 2.49e+01 NIS/dof 8.092e+00 applied 1.00 reseeds 23
step  100 loss 1.19583e+00 |g| 1.63e+01 NIS/dof 9.314e+00 applied 1.00 reseeds 26
step  110 loss 1.04679e+00 |g| 7.00e+00 NIS/dof 7.360e+00 applied 1.00 reseeds 29
step  120 loss 9.42404e-01 |g| 4.69e+00 NIS/dof 7.378e+00 applied 1.00 reseeds 29
step  130 loss 7.04828e-01 |g| 8.60e+00 NIS/dof 5.297e+00 applied 1.00 reseeds 31
step  140 loss 9.30715e-01 |g| 6.41e+00 NIS/dof 8.500e+00 applied 1.00 reseeds 34
step  150 loss 9.53434e-01 |g| 6.07e+00 NIS/dof 8.473e+00 applied 1.00 reseeds 37
step  160 loss 9.73564e-01 |g| 1.11e+01 NIS/dof 6.906e+00 applied 1.00 reseeds 38
step  170 loss 7.92459e-01 |g| 5.66e+00 NIS/dof 7.149e+00 applied 1.00 reseeds 40
step  180 loss 9.36757e-01 |g| 4.34e+00 NIS/dof 6.971e+00 applied 1.00 reseeds 43
step  190 loss 8.23797e-01 |g| 6.16e+00 NIS/dof 8.055e+00 applied 1.00 reseeds 50
step  200 loss 8.66940e-01 |g| 1.12e+01 NIS/dof 8.440e+00 applied 1.00 reseeds 57
step  210 loss 8.08880e-01 |g| 6.25e+00 NIS/dof 8.650e+00 applied 1.00 reseeds 62
step  220 loss 8.22077e-01 |g| 1.28e+01 NIS/dof 6.409e+00 applied 1.00 reseeds 67
step  230 loss 8.13611e-01 |g| 7.42e+00 NIS/dof 6.303e+00 applied 1.00 reseeds 73
step  240 loss 1.09671e+00 |g| 1.17e+01 NIS/dof 7.375e+00 applied 1.00 reseeds 78
step  250 loss 1.00757e+00 |g| 7.99e+00 NIS/dof 9.266e+00 applied 1.00 reseeds 83
step  260 loss 1.05547e+00 |g| 1.24e+01 NIS/dof 7.875e+00 applied 1.00 reseeds 84
step  270 loss 7.99705e-01 |g| 8.21e+00 NIS/dof 7.891e+00 applied 1.00 reseeds 88
step  280 loss 8.26296e-01 |g| 4.33e+00 NIS/dof 6.693e+00 applied 1.00 reseeds 91
step  290 loss 7.73776e-01 |g| 4.73e+00 NIS/dof 8.814e+00 applied 1.00 reseeds 92
step  300 loss 1.02265e+00 |g| 4.48e+00 NIS/dof 6.907e+00 applied 1.00 reseeds 93
step  310 loss 8.56149e-01 |g| 8.23e+00 NIS/dof 8.017e+00 applied 1.00 reseeds 97
step  320 loss 6.58265e-01 |g| 1.19e+01 NIS/dof 7.791e+00 applied 1.00 reseeds 97
step  330 loss 7.01865e-01 |g| 8.31e+00 NIS/dof 7.278e+00 applied 1.00 reseeds 100
step  340 loss 6.94029e-01 |g| 1.30e+01 NIS/dof 7.773e+00 applied 1.00 reseeds 102
step  350 loss 6.88356e-01 |g| 2.02e+01 NIS/dof 7.634e+00 applied 1.00 reseeds 105
step  360 loss 7.36275e-01 |g| 1.21e+01 NIS/dof 7.032e+00 applied 1.00 reseeds 110
step  370 loss 6.95389e-01 |g| 6.45e+00 NIS/dof 7.206e+00 applied 1.00 reseeds 114
step  380 loss 7.63529e-01 |g| 2.26e+01 NIS/dof 7.420e+00 applied 1.00 reseeds 115
step  390 loss 6.19635e-01 |g| 2.34e+01 NIS/dof 7.120e+00 applied 1.00 reseeds 119
step  400 loss 6.06998e-01 |g| 7.07e+00 NIS/dof 7.463e+00 applied 1.00 reseeds 124
step  410 loss 5.36987e-01 |g| 7.82e+00 NIS/dof 6.358e+00 applied 1.00 reseeds 126
step  420 loss 4.83974e-01 |g| 1.02e+01 NIS/dof 6.457e+00 applied 1.00 reseeds 134
step  430 loss 4.64197e-01 |g| 1.71e+01 NIS/dof 5.857e+00 applied 1.00 reseeds 139
step  440 loss 3.48748e-01 |g| 8.39e+00 NIS/dof 4.038e+00 applied 1.00 reseeds 143
step  450 loss 3.06561e-01 |g| 8.75e+00 NIS/dof 3.405e+00 applied 1.00 reseeds 144
step  460 loss 2.87409e-01 |g| 1.02e+01 NIS/dof 2.950e+00 applied 1.00 reseeds 148
step  470 loss 2.44061e-01 |g| 3.28e+00 NIS/dof 2.606e+00 applied 1.00 reseeds 148
step  480 loss 1.67200e-01 |g| 1.21e+01 NIS/dof 2.818e+00 applied 1.00 reseeds 150
step  490 loss 1.22084e-01 |g| 6.55e+00 NIS/dof 2.101e+00 applied 1.00 reseeds 156
step  500 loss 7.86473e-02 |g| 2.02e+00 NIS/dof 1.734e+00 applied 1.00 reseeds 159
step  510 loss 6.87571e-02 |g| 5.36e+00 NIS/dof 1.441e+00 applied 1.00 reseeds 161
step  520 loss 9.45495e-02 |g| 1.61e+01 NIS/dof 1.867e+00 applied 1.00 reseeds 161
step  530 loss 9.01828e-02 |g| 1.59e+00 NIS/dof 1.201e+00 applied 1.00 reseeds 165
step  540 loss 8.71969e-02 |g| 2.89e+00 NIS/dof 1.782e+00 applied 1.00 reseeds 168
step  550 loss 7.88602e-02 |g| 2.03e+00 NIS/dof 1.276e+00 applied 1.00 reseeds 173
step  560 loss 6.20779e-02 |g| 3.85e+00 NIS/dof 1.666e+00 applied 1.00 reseeds 177
step  570 loss 5.27478e-02 |g| 9.25e+00 NIS/dof 1.245e+00 applied 1.00 reseeds 182
step  580 loss 3.55265e-02 |g| 1.35e+00 NIS/dof 1.067e+00 applied 1.00 reseeds 185
step  590 loss 3.56349e-02 |g| 1.67e+00 NIS/dof 1.098e+00 applied 1.00 reseeds 188
step  600 loss 3.19639e-02 |g| 1.19e+00 NIS/dof 1.182e+00 applied 1.00 reseeds 191
step  610 loss 3.12735e-02 |g| 1.60e+00 NIS/dof 7.913e-01 applied 1.00 reseeds 194
step  620 loss 2.52561e-02 |g| 2.38e+00 NIS/dof 6.723e-01 applied 1.00 reseeds 196
step  630 loss 3.36082e-02 |g| 8.24e-01 NIS/dof 6.464e-01 applied 1.00 reseeds 198
step  640 loss 1.87813e-02 |g| 7.43e-01 NIS/dof 6.469e-01 applied 1.00 reseeds 202
step  650 loss 1.94038e-02 |g| 9.85e-01 NIS/dof 6.432e-01 applied 1.00 reseeds 203
step  660 loss 2.43957e-02 |g| 1.04e+00 NIS/dof 6.287e-01 applied 1.00 reseeds 210
step  670 loss 1.81784e-02 |g| 8.15e-01 NIS/dof 5.614e-01 applied 1.00 reseeds 213
step  680 loss 3.00355e-02 |g| 1.41e+00 NIS/dof 6.024e-01 applied 1.00 reseeds 216
step  690 loss 1.90575e-02 |g| 5.24e-01 NIS/dof 4.929e-01 applied 1.00 reseeds 218
step  700 loss 2.11213e-02 |g| 1.01e+00 NIS/dof 6.069e-01 applied 1.00 reseeds 222
step  710 loss 2.06404e-02 |g| 5.73e-01 NIS/dof 6.297e-01 applied 1.00 reseeds 224
step  720 loss 1.96739e-02 |g| 7.06e-01 NIS/dof 4.299e-01 applied 1.00 reseeds 230
step  730 loss 1.57899e-02 |g| 5.18e-01 NIS/dof 5.232e-01 applied 1.00 reseeds 236
step  740 loss 1.29554e-02 |g| 2.90e-01 NIS/dof 3.724e-01 applied 1.00 reseeds 237
step  750 loss 1.15350e-02 |g| 3.65e-01 NIS/dof 3.563e-01 applied 1.00 reseeds 244
step  760 loss 1.13881e-02 |g| 6.11e-01 NIS/dof 2.934e-01 applied 1.00 reseeds 245
step  770 loss 1.55915e-02 |g| 3.67e-01 NIS/dof 5.416e-01 applied 1.00 reseeds 248
step  780 loss 1.01168e-02 |g| 3.66e-01 NIS/dof 2.821e-01 applied 1.00 reseeds 254
step  790 loss 9.91733e-03 |g| 2.77e-01 NIS/dof 3.109e-01 applied 1.00 reseeds 256
step  800 loss 8.68963e-03 |g| 4.45e-01 NIS/dof 2.862e-01 applied 1.00 reseeds 259
step  810 loss 5.99057e-03 |g| 2.88e-01 NIS/dof 3.518e-01 applied 1.00 reseeds 262
step  820 loss 7.88761e-03 |g| 5.19e-01 NIS/dof 2.816e-01 applied 1.00 reseeds 265
step  830 loss 8.93046e-03 |g| 3.82e-01 NIS/dof 2.589e-01 applied 1.00 reseeds 267
step  840 loss 7.78437e-03 |g| 1.81e-01 NIS/dof 2.331e-01 applied 1.00 reseeds 272
step  850 loss 9.92838e-03 |g| 3.31e-01 NIS/dof 2.735e-01 applied 1.00 reseeds 278
step  860 loss 7.60501e-03 |g| 1.37e-01 NIS/dof 2.356e-01 applied 1.00 reseeds 278
step  870 loss 1.20494e-02 |g| 2.78e-01 NIS/dof 2.893e-01 applied 1.00 reseeds 283
step  880 loss 1.02262e-02 |g| 5.37e-01 NIS/dof 2.675e-01 applied 1.00 reseeds 284
step  890 loss 9.34504e-03 |g| 4.16e-01 NIS/dof 2.738e-01 applied 1.00 reseeds 289
step  900 loss 7.86901e-03 |g| 1.86e-01 NIS/dof 2.249e-01 applied 1.00 reseeds 293
step  910 loss 6.19934e-03 |g| 3.88e-01 NIS/dof 2.447e-01 applied 1.00 reseeds 295
step  920 loss 6.60318e-03 |g| 5.89e-01 NIS/dof 2.215e-01 applied 1.00 reseeds 297
step  930 loss 4.71425e-03 |g| 1.56e-01 NIS/dof 1.926e-01 applied 1.00 reseeds 298
step  940 loss 5.83730e-03 |g| 1.56e-01 NIS/dof 1.707e-01 applied 1.00 reseeds 301
step  950 loss 5.96024e-03 |g| 1.96e-01 NIS/dof 2.125e-01 applied 1.00 reseeds 307
step  960 loss 4.38796e-03 |g| 2.29e-01 NIS/dof 1.384e-01 applied 1.00 reseeds 309
step  970 loss 7.51879e-03 |g| 1.80e-01 NIS/dof 2.730e-01 applied 1.00 reseeds 311
step  980 loss 5.45329e-03 |g| 1.04e-01 NIS/dof 2.219e-01 applied 1.00 reseeds 311
step  990 loss 7.40628e-03 |g| 2.39e-01 NIS/dof 2.199e-01 applied 1.00 reseeds 319
step 1000 loss 7.63601e-03 |g| 1.30e-01 NIS/dof 2.083e-01 applied 1.00 reseeds 321
step 1010 loss 5.44817e-03 |g| 2.29e-01 NIS/dof 1.898e-01 applied 1.00 reseeds 326
step 1020 loss 5.69604e-03 |g| 1.32e-01 NIS/dof 1.796e-01 applied 1.00 reseeds 328
step 1030 loss 4.70837e-03 |g| 9.20e-02 NIS/dof 1.697e-01 applied 1.00 reseeds 331
step 1040 loss 5.24287e-03 |g| 1.72e-01 NIS/dof 1.896e-01 applied 1.00 reseeds 333
step 1050 loss 3.67046e-03 |g| 1.92e-01 NIS/dof 1.683e-01 applied 1.00 reseeds 334
step 1060 loss 5.20492e-03 |g| 6.09e-02 NIS/dof 1.416e-01 applied 1.00 reseeds 336
step 1070 loss 5.23173e-03 |g| 9.97e-02 NIS/dof 1.654e-01 applied 1.00 reseeds 339
step 1080 loss 5.31222e-03 |g| 2.49e-01 NIS/dof 2.067e-01 applied 1.00 reseeds 342
step 1090 loss 3.57086e-03 |g| 1.09e-01 NIS/dof 1.396e-01 applied 1.00 reseeds 345
step 1100 loss 9.28756e-03 |g| 2.62e-01 NIS/dof 2.006e-01 applied 1.00 reseeds 348
step 1110 loss 4.25247e-03 |g| 1.00e-01 NIS/dof 1.434e-01 applied 1.00 reseeds 351
step 1120 loss 4.31135e-03 |g| 1.11e-01 NIS/dof 1.383e-01 applied 1.00 reseeds 354
step 1130 loss 3.57303e-03 |g| 8.06e-02 NIS/dof 1.614e-01 applied 1.00 reseeds 357
step 1140 loss 3.53944e-03 |g| 2.12e-01 NIS/dof 1.443e-01 applied 1.00 reseeds 363
step 1150 loss 5.39025e-03 |g| 1.14e-01 NIS/dof 1.597e-01 applied 1.00 reseeds 370
step 1160 loss 4.84912e-03 |g| 1.59e-01 NIS/dof 1.723e-01 applied 1.00 reseeds 375
step 1170 loss 3.40238e-03 |g| 6.67e-02 NIS/dof 1.340e-01 applied 1.00 reseeds 377
step 1180 loss 7.38636e-03 |g| 1.87e-01 NIS/dof 1.938e-01 applied 1.00 reseeds 379
step 1190 loss 4.56162e-03 |g| 2.72e-01 NIS/dof 1.868e-01 applied 1.00 reseeds 382
step 1200 loss 3.72281e-03 |g| 1.06e-01 NIS/dof 1.327e-01 applied 1.00 reseeds 385
step 1210 loss 3.95430e-03 |g| 1.97e-01 NIS/dof 1.442e-01 applied 1.00 reseeds 387
step 1220 loss 3.98324e-03 |g| 9.87e-02 NIS/dof 1.270e-01 applied 1.00 reseeds 390
step 1230 loss 3.35257e-03 |g| 1.38e-01 NIS/dof 1.670e-01 applied 1.00 reseeds 391
step 1240 loss 3.90037e-03 |g| 1.58e-01 NIS/dof 1.431e-01 applied 1.00 reseeds 397
step 1250 loss 5.75112e-03 |g| 1.27e-01 NIS/dof 1.508e-01 applied 1.00 reseeds 399
step 1260 loss 3.82986e-03 |g| 1.31e-01 NIS/dof 1.297e-01 applied 1.00 reseeds 402
step 1270 loss 2.94276e-03 |g| 9.33e-02 NIS/dof 1.598e-01 applied 1.00 reseeds 406
step 1280 loss 3.71746e-03 |g| 9.95e-02 NIS/dof 1.449e-01 applied 1.00 reseeds 410
step 1290 loss 3.90858e-03 |g| 1.15e-01 NIS/dof 1.257e-01 applied 1.00 reseeds 413
step 1300 loss 3.74528e-03 |g| 1.70e-01 NIS/dof 1.561e-01 applied 1.00 reseeds 418
step 1310 loss 3.46325e-03 |g| 1.13e-01 NIS/dof 1.432e-01 applied 1.00 reseeds 420
step 1320 loss 6.40077e-03 |g| 1.20e-01 NIS/dof 1.629e-01 applied 1.00 reseeds 425
step 1330 loss 4.59649e-03 |g| 8.15e-02 NIS/dof 1.294e-01 applied 1.00 reseeds 429
step 1340 loss 3.53708e-03 |g| 1.42e-01 NIS/dof 1.192e-01 applied 1.00 reseeds 431
step 1350 loss 4.59398e-03 |g| 8.94e-02 NIS/dof 1.424e-01 applied 1.00 reseeds 434
step 1360 loss 3.72027e-03 |g| 1.72e-01 NIS/dof 1.300e-01 applied 1.00 reseeds 435
step 1370 loss 4.29581e-03 |g| 1.29e-01 NIS/dof 1.347e-01 applied 1.00 reseeds 440
step 1380 loss 3.50991e-03 |g| 2.33e-01 NIS/dof 1.692e-01 applied 1.00 reseeds 443
step 1390 loss 4.61303e-03 |g| 9.76e-02 NIS/dof 1.300e-01 applied 1.00 reseeds 445
step 1400 loss 2.95202e-03 |g| 7.34e-02 NIS/dof 1.240e-01 applied 1.00 reseeds 446
step 1410 loss 2.79824e-03 |g| 1.24e-01 NIS/dof 1.189e-01 applied 1.00 reseeds 448
step 1420 loss 3.86720e-03 |g| 6.75e-02 NIS/dof 1.132e-01 applied 1.00 reseeds 452
step 1430 loss 2.95657e-03 |g| 1.51e-01 NIS/dof 1.285e-01 applied 1.00 reseeds 452
step 1440 loss 3.64217e-03 |g| 9.98e-02 NIS/dof 1.066e-01 applied 1.00 reseeds 455
step 1450 loss 3.32142e-03 |g| 9.03e-02 NIS/dof 1.119e-01 applied 1.00 reseeds 458
step 1460 loss 4.55391e-03 |g| 1.94e-01 NIS/dof 1.539e-01 applied 1.00 reseeds 463
step 1470 loss 4.38000e-03 |g| 9.36e-02 NIS/dof 1.882e-01 applied 1.00 reseeds 468
step 1480 loss 4.26456e-03 |g| 9.97e-02 NIS/dof 1.159e-01 applied 1.00 reseeds 472
step 1490 loss 6.21015e-03 |g| 1.75e-01 NIS/dof 1.727e-01 applied 1.00 reseeds 478
step 1500 loss 3.95590e-03 |g| 1.02e-01 NIS/dof 1.247e-01 applied 1.00 reseeds 485
step 1510 loss 2.39342e-03 |g| 7.65e-02 NIS/dof 1.053e-01 applied 1.00 reseeds 487
step 1520 loss 3.75068e-03 |g| 9.33e-02 NIS/dof 1.589e-01 applied 1.00 reseeds 489
step 1530 loss 2.72744e-03 |g| 9.55e-02 NIS/dof 1.080e-01 applied 1.00 reseeds 491
step 1540 loss 3.57280e-03 |g| 1.09e-01 NIS/dof 1.092e-01 applied 1.00 reseeds 496
step 1550 loss 4.27879e-03 |g| 2.19e-01 NIS/dof 1.629e-01 applied 1.00 reseeds 498
step 1560 loss 5.48612e-03 |g| 1.49e-01 NIS/dof 9.314e-02 applied 1.00 reseeds 500
step 1570 loss 4.40583e-03 |g| 1.88e-01 NIS/dof 1.223e-01 applied 1.00 reseeds 502
step 1580 loss 3.20835e-03 |g| 7.48e-02 NIS/dof 9.194e-02 applied 1.00 reseeds 505
step 1590 loss 3.91878e-03 |g| 2.46e-01 NIS/dof 1.116e-01 applied 1.00 reseeds 507
step 1600 loss 2.88500e-03 |g| 1.20e-01 NIS/dof 1.365e-01 applied 1.00 reseeds 509
step 1610 loss 3.23108e-03 |g| 7.25e-02 NIS/dof 9.324e-02 applied 1.00 reseeds 512
step 1620 loss 2.74197e-03 |g| 4.71e-02 NIS/dof 1.020e-01 applied 1.00 reseeds 514
step 1630 loss 2.12172e-03 |g| 5.29e-02 NIS/dof 1.128e-01 applied 1.00 reseeds 520
step 1640 loss 4.08293e-03 |g| 1.36e-01 NIS/dof 1.131e-01 applied 1.00 reseeds 523
step 1650 loss 3.55417e-03 |g| 8.97e-02 NIS/dof 1.167e-01 applied 1.00 reseeds 524
step 1660 loss 3.09727e-03 |g| 1.96e-01 NIS/dof 1.332e-01 applied 1.00 reseeds 529
step 1670 loss 4.17308e-03 |g| 1.52e-01 NIS/dof 1.412e-01 applied 1.00 reseeds 530
step 1680 loss 3.58204e-03 |g| 8.46e-02 NIS/dof 1.174e-01 applied 1.00 reseeds 534
step 1690 loss 2.67648e-03 |g| 7.00e-02 NIS/dof 1.150e-01 applied 1.00 reseeds 538
step 1700 loss 2.86258e-03 |g| 6.39e-02 NIS/dof 1.199e-01 applied 1.00 reseeds 542
step 1710 loss 3.38585e-03 |g| 8.61e-02 NIS/dof 1.440e-01 applied 1.00 reseeds 543
step 1720 loss 3.05560e-03 |g| 9.26e-02 NIS/dof 1.384e-01 applied 1.00 reseeds 544
step 1730 loss 4.75388e-03 |g| 1.27e-01 NIS/dof 2.032e-01 applied 1.00 reseeds 547
step 1740 loss 3.74314e-03 |g| 1.17e-01 NIS/dof 1.893e-01 applied 1.00 reseeds 548
step 1750 loss 3.52488e-03 |g| 1.41e-01 NIS/dof 1.556e-01 applied 1.00 reseeds 554
step 1760 loss 2.99519e-03 |g| 9.08e-02 NIS/dof 1.331e-01 applied 1.00 reseeds 557
step 1770 loss 2.36159e-03 |g| 9.79e-02 NIS/dof 1.121e-01 applied 1.00 reseeds 558
step 1780 loss 2.32568e-03 |g| 7.91e-02 NIS/dof 1.214e-01 applied 1.00 reseeds 562
step 1790 loss 3.72558e-03 |g| 7.81e-02 NIS/dof 1.109e-01 applied 1.00 reseeds 564
step 1800 loss 2.60207e-03 |g| 8.13e-02 NIS/dof 1.386e-01 applied 1.00 reseeds 565
step 1810 loss 2.04714e-03 |g| 3.61e-02 NIS/dof 1.650e-01 applied 1.00 reseeds 572
step 1820 loss 2.98962e-03 |g| 7.56e-02 NIS/dof 1.566e-01 applied 1.00 reseeds 576
step 1830 loss 3.50729e-03 |g| 9.23e-02 NIS/dof 1.614e-01 applied 1.00 reseeds 579
step 1840 loss 3.67576e-03 |g| 7.42e-02 NIS/dof 1.218e-01 applied 1.00 reseeds 582
step 1850 loss 3.22640e-03 |g| 7.76e-02 NIS/dof 1.224e-01 applied 1.00 reseeds 584
step 1860 loss 3.19637e-03 |g| 1.15e-01 NIS/dof 1.018e-01 applied 1.00 reseeds 587
step 1870 loss 4.05633e-03 |g| 1.83e-01 NIS/dof 1.527e-01 applied 1.00 reseeds 589
step 1880 loss 4.21532e-03 |g| 1.43e-01 NIS/dof 1.206e-01 applied 1.00 reseeds 592
step 1890 loss 2.98892e-03 |g| 8.79e-02 NIS/dof 1.490e-01 applied 1.00 reseeds 596
step 1900 loss 2.92578e-03 |g| 6.03e-02 NIS/dof 1.282e-01 applied 1.00 reseeds 600
step 1910 loss 3.73196e-03 |g| 1.15e-01 NIS/dof 1.245e-01 applied 1.00 reseeds 601
step 1920 loss 2.60237e-03 |g| 2.02e-01 NIS/dof 1.156e-01 applied 1.00 reseeds 604
step 1930 loss 3.52158e-03 |g| 1.25e-01 NIS/dof 1.475e-01 applied 1.00 reseeds 607
step 1940 loss 3.65109e-03 |g| 1.46e-01 NIS/dof 1.199e-01 applied 1.00 reseeds 610
step 1950 loss 2.82592e-03 |g| 5.39e-02 NIS/dof 1.033e-01 applied 1.00 reseeds 611
step 1960 loss 3.96926e-03 |g| 1.84e-01 NIS/dof 1.427e-01 applied 1.00 reseeds 616
step 1970 loss 2.93747e-03 |g| 5.71e-02 NIS/dof 1.126e-01 applied 1.00 reseeds 619
step 1980 loss 3.43633e-03 |g| 6.54e-02 NIS/dof 1.340e-01 applied 1.00 reseeds 621
step 1990 loss 2.64479e-03 |g| 7.84e-02 NIS/dof 9.529e-02 applied 1.00 reseeds 625
step 2000 loss 3.43337e-03 |g| 1.06e-01 NIS/dof 9.254e-02 applied 1.00 reseeds 628
step 2010 loss 3.30814e-03 |g| 1.50e-01 NIS/dof 1.231e-01 applied 1.00 reseeds 632
step 2020 loss 2.78813e-03 |g| 9.26e-02 NIS/dof 1.039e-01 applied 1.00 reseeds 633
step 2030 loss 3.72272e-03 |g| 6.90e-02 NIS/dof 1.020e-01 applied 1.00 reseeds 636
step 2040 loss 4.14146e-03 |g| 1.61e-01 NIS/dof 1.411e-01 applied 1.00 reseeds 637
step 2050 loss 3.01125e-03 |g| 2.66e-01 NIS/dof 1.156e-01 applied 1.00 reseeds 641
step 2060 loss 3.36682e-03 |g| 1.15e-01 NIS/dof 1.314e-01 applied 1.00 reseeds 642
step 2070 loss 2.28688e-03 |g| 5.93e-02 NIS/dof 9.277e-02 applied 1.00 reseeds 645
step 2080 loss 2.98210e-03 |g| 1.60e-01 NIS/dof 1.151e-01 applied 1.00 reseeds 649
step 2090 loss 2.90691e-03 |g| 8.11e-02 NIS/dof 1.166e-01 applied 1.00 reseeds 650
step 2100 loss 2.34896e-03 |g| 9.83e-02 NIS/dof 1.253e-01 applied 1.00 reseeds 656
step 2110 loss 2.99210e-03 |g| 9.02e-02 NIS/dof 1.204e-01 applied 1.00 reseeds 660
step 2120 loss 3.48180e-03 |g| 7.09e-02 NIS/dof 1.276e-01 applied 1.00 reseeds 661
step 2130 loss 2.28625e-03 |g| 7.29e-02 NIS/dof 1.143e-01 applied 1.00 reseeds 662
step 2140 loss 4.86729e-03 |g| 1.39e-01 NIS/dof 1.632e-01 applied 1.00 reseeds 667
step 2150 loss 3.09499e-03 |g| 5.60e-02 NIS/dof 1.016e-01 applied 1.00 reseeds 671
step 2160 loss 3.08398e-03 |g| 6.79e-02 NIS/dof 1.094e-01 applied 1.00 reseeds 675
step 2170 loss 3.15726e-03 |g| 9.51e-02 NIS/dof 1.434e-01 applied 1.00 reseeds 680
step 2180 loss 2.67471e-03 |g| 7.55e-02 NIS/dof 1.166e-01 applied 1.00 reseeds 680
step 2190 loss 2.81250e-03 |g| 1.11e-01 NIS/dof 1.487e-01 applied 1.00 reseeds 683
step 2200 loss 3.95920e-03 |g| 8.24e-02 NIS/dof 1.244e-01 applied 1.00 reseeds 686
step 2210 loss 3.26622e-03 |g| 1.35e-01 NIS/dof 1.252e-01 applied 1.00 reseeds 694
step 2220 loss 3.85103e-03 |g| 9.33e-02 NIS/dof 1.356e-01 applied 1.00 reseeds 697
step 2230 loss 4.60250e-03 |g| 1.13e-01 NIS/dof 1.817e-01 applied 1.00 reseeds 700
step 2240 loss 1.98144e-03 |g| 8.35e-02 NIS/dof 9.018e-02 applied 1.00 reseeds 705
step 2250 loss 3.67336e-03 |g| 6.62e-02 NIS/dof 1.220e-01 applied 1.00 reseeds 707
step 2260 loss 2.94655e-03 |g| 5.83e-02 NIS/dof 1.219e-01 applied 1.00 reseeds 709
step 2270 loss 2.96849e-03 |g| 6.19e-02 NIS/dof 1.249e-01 applied 1.00 reseeds 712
step 2280 loss 3.49494e-03 |g| 9.64e-02 NIS/dof 1.183e-01 applied 1.00 reseeds 714
step 2290 loss 3.04929e-03 |g| 1.35e-01 NIS/dof 1.481e-01 applied 1.00 reseeds 721
step 2300 loss 3.49412e-03 |g| 7.11e-02 NIS/dof 9.065e-02 applied 1.00 reseeds 722
step 2310 loss 2.64954e-03 |g| 8.17e-02 NIS/dof 1.279e-01 applied 1.00 reseeds 728
step 2320 loss 3.35297e-03 |g| 6.90e-02 NIS/dof 1.169e-01 applied 1.00 reseeds 730
step 2330 loss 2.50154e-03 |g| 1.34e-01 NIS/dof 1.095e-01 applied 1.00 reseeds 734
step 2340 loss 3.30461e-03 |g| 6.62e-02 NIS/dof 1.293e-01 applied 1.00 reseeds 738
step 2350 loss 3.64669e-03 |g| 7.68e-02 NIS/dof 1.212e-01 applied 1.00 reseeds 740
step 2360 loss 2.41556e-03 |g| 5.42e-02 NIS/dof 1.067e-01 applied 1.00 reseeds 741
step 2370 loss 2.87966e-03 |g| 7.35e-02 NIS/dof 1.334e-01 applied 1.00 reseeds 745
step 2380 loss 3.14041e-03 |g| 5.23e-02 NIS/dof 1.136e-01 applied 1.00 reseeds 746
step 2390 loss 2.62310e-03 |g| 6.64e-02 NIS/dof 8.741e-02 applied 1.00 reseeds 749
step 2400 loss 2.83086e-03 |g| 6.53e-02 NIS/dof 1.082e-01 applied 1.00 reseeds 753
step 2410 loss 2.12267e-03 |g| 4.95e-02 NIS/dof 1.102e-01 applied 1.00 reseeds 754
step 2420 loss 3.61711e-03 |g| 9.11e-02 NIS/dof 1.071e-01 applied 1.00 reseeds 757
step 2430 loss 3.26054e-03 |g| 5.20e-02 NIS/dof 1.052e-01 applied 1.00 reseeds 759
step 2440 loss 2.36144e-03 |g| 7.77e-02 NIS/dof 1.036e-01 applied 1.00 reseeds 761
step 2450 loss 4.33283e-03 |g| 9.84e-02 NIS/dof 1.345e-01 applied 1.00 reseeds 764
step 2460 loss 3.38787e-03 |g| 8.57e-02 NIS/dof 1.390e-01 applied 1.00 reseeds 766
step 2470 loss 2.93919e-03 |g| 5.91e-02 NIS/dof 1.311e-01 applied 1.00 reseeds 770
step 2480 loss 2.73277e-03 |g| 4.25e-02 NIS/dof 1.026e-01 applied 1.00 reseeds 774
step 2490 loss 1.76418e-03 |g| 5.03e-02 NIS/dof 1.329e-01 applied 1.00 reseeds 776
step 2500 loss 3.17166e-03 |g| 8.02e-02 NIS/dof 1.403e-01 applied 1.00 reseeds 780
step 2510 loss 2.33722e-03 |g| 1.53e-01 NIS/dof 1.141e-01 applied 1.00 reseeds 785
step 2520 loss 2.96613e-03 |g| 8.70e-02 NIS/dof 1.484e-01 applied 1.00 reseeds 789
step 2530 loss 2.65634e-03 |g| 4.81e-02 NIS/dof 1.109e-01 applied 1.00 reseeds 792
step 2540 loss 2.18595e-03 |g| 6.13e-02 NIS/dof 1.382e-01 applied 1.00 reseeds 794
step 2550 loss 3.61035e-03 |g| 7.93e-02 NIS/dof 1.112e-01 applied 1.00 reseeds 795
step 2560 loss 1.40479e-03 |g| 4.07e-02 NIS/dof 8.040e-02 applied 1.00 reseeds 798
step 2570 loss 3.26738e-03 |g| 1.38e-01 NIS/dof 1.117e-01 applied 1.00 reseeds 802
step 2580 loss 3.16365e-03 |g| 7.39e-02 NIS/dof 1.014e-01 applied 1.00 reseeds 804
step 2590 loss 2.34679e-03 |g| 5.42e-02 NIS/dof 1.005e-01 applied 1.00 reseeds 806
step 2600 loss 3.79004e-03 |g| 8.54e-02 NIS/dof 1.272e-01 applied 1.00 reseeds 811
step 2610 loss 3.21128e-03 |g| 6.13e-02 NIS/dof 1.490e-01 applied 1.00 reseeds 813
step 2620 loss 3.31226e-03 |g| 1.69e-01 NIS/dof 1.307e-01 applied 1.00 reseeds 817
step 2630 loss 3.22703e-03 |g| 6.45e-02 NIS/dof 1.106e-01 applied 1.00 reseeds 820
step 2640 loss 2.14139e-03 |g| 7.50e-02 NIS/dof 1.031e-01 applied 1.00 reseeds 822
step 2650 loss 2.68774e-03 |g| 3.72e-02 NIS/dof 9.378e-02 applied 1.00 reseeds 826
step 2660 loss 2.30365e-03 |g| 9.63e-02 NIS/dof 1.041e-01 applied 1.00 reseeds 827
step 2670 loss 3.74719e-03 |g| 7.30e-01 NIS/dof 1.524e-01 applied 1.00 reseeds 829
step 2680 loss 2.93269e-03 |g| 1.13e-01 NIS/dof 1.026e-01 applied 1.00 reseeds 835
step 2690 loss 2.47969e-03 |g| 1.51e-01 NIS/dof 1.096e-01 applied 1.00 reseeds 839
step 2700 loss 2.00581e-03 |g| 3.09e-02 NIS/dof 1.082e-01 applied 1.00 reseeds 844
step 2710 loss 2.94843e-03 |g| 9.61e-02 NIS/dof 9.775e-02 applied 1.00 reseeds 845
step 2720 loss 2.04299e-03 |g| 5.91e-02 NIS/dof 8.915e-02 applied 1.00 reseeds 848
step 2730 loss 3.68014e-03 |g| 1.07e-01 NIS/dof 1.327e-01 applied 1.00 reseeds 853
step 2740 loss 1.93767e-03 |g| 6.65e-02 NIS/dof 1.015e-01 applied 1.00 reseeds 857
step 2750 loss 3.68257e-03 |g| 1.19e-01 NIS/dof 1.807e-01 applied 1.00 reseeds 861
step 2760 loss 2.91583e-03 |g| 5.29e-02 NIS/dof 1.273e-01 applied 1.00 reseeds 864
step 2770 loss 3.06129e-03 |g| 5.55e-02 NIS/dof 1.102e-01 applied 1.00 reseeds 866
step 2780 loss 3.56606e-03 |g| 8.13e-02 NIS/dof 1.418e-01 applied 1.00 reseeds 869
step 2790 loss 2.54819e-03 |g| 3.92e-02 NIS/dof 1.109e-01 applied 1.00 reseeds 875
step 2800 loss 3.04309e-03 |g| 5.95e-02 NIS/dof 1.092e-01 applied 1.00 reseeds 878
step 2810 loss 3.58749e-03 |g| 8.96e-02 NIS/dof 1.550e-01 applied 1.00 reseeds 881
step 2820 loss 3.78331e-03 |g| 1.25e-01 NIS/dof 1.307e-01 applied 1.00 reseeds 884
step 2830 loss 3.10099e-03 |g| 6.31e-02 NIS/dof 1.463e-01 applied 1.00 reseeds 886
step 2840 loss 2.09309e-03 |g| 6.24e-02 NIS/dof 9.871e-02 applied 1.00 reseeds 890
step 2850 loss 2.64508e-03 |g| 9.58e-02 NIS/dof 1.302e-01 applied 1.00 reseeds 891
step 2860 loss 3.78902e-03 |g| 1.14e-01 NIS/dof 1.010e-01 applied 1.00 reseeds 893
step 2870 loss 2.70288e-03 |g| 7.06e-02 NIS/dof 9.641e-02 applied 1.00 reseeds 896
step 2880 loss 2.81027e-03 |g| 1.97e-01 NIS/dof 1.102e-01 applied 1.00 reseeds 900
step 2890 loss 2.28413e-03 |g| 7.95e-02 NIS/dof 1.096e-01 applied 1.00 reseeds 901
step 2900 loss 3.45609e-03 |g| 1.32e-01 NIS/dof 1.138e-01 applied 1.00 reseeds 905
step 2910 loss 1.99932e-03 |g| 5.83e-02 NIS/dof 8.670e-02 applied 1.00 reseeds 910
step 2920 loss 2.89306e-03 |g| 1.01e-01 NIS/dof 1.359e-01 applied 1.00 reseeds 917
step 2930 loss 2.46078e-03 |g| 7.07e-02 NIS/dof 1.073e-01 applied 1.00 reseeds 918
step 2940 loss 2.81564e-03 |g| 8.44e-02 NIS/dof 1.117e-01 applied 1.00 reseeds 919
step 2950 loss 3.52832e-03 |g| 8.11e-02 NIS/dof 1.311e-01 applied 1.00 reseeds 921
step 2960 loss 2.27621e-03 |g| 1.04e-01 NIS/dof 9.995e-02 applied 1.00 reseeds 923
step 2970 loss 2.67700e-03 |g| 6.20e-02 NIS/dof 1.458e-01 applied 1.00 reseeds 928
step 2980 loss 1.74078e-03 |g| 5.56e-02 NIS/dof 9.159e-02 applied 1.00 reseeds 931
step 2990 loss 2.59209e-03 |g| 9.19e-02 NIS/dof 1.207e-01 applied 1.00 reseeds 936
step 3000 loss 1.78590e-03 |g| 3.42e-02 NIS/dof 1.418e-01 applied 1.00 reseeds 937
step 3010 loss 2.31764e-03 |g| 4.70e-02 NIS/dof 1.328e-01 applied 1.00 reseeds 939
step 3020 loss 2.34632e-03 |g| 1.15e-01 NIS/dof 1.002e-01 applied 1.00 reseeds 948
step 3030 loss 2.47055e-03 |g| 6.73e-02 NIS/dof 1.046e-01 applied 1.00 reseeds 951
step 3040 loss 3.41575e-03 |g| 5.47e-02 NIS/dof 1.118e-01 applied 1.00 reseeds 952
step 3050 loss 3.49381e-03 |g| 1.09e-01 NIS/dof 1.060e-01 applied 1.00 reseeds 958
step 3060 loss 2.25903e-03 |g| 5.95e-02 NIS/dof 1.226e-01 applied 1.00 reseeds 962
step 3070 loss 2.19892e-03 |g| 7.80e-02 NIS/dof 9.052e-02 applied 1.00 reseeds 962
step 3080 loss 2.62813e-03 |g| 1.02e-01 NIS/dof 1.256e-01 applied 1.00 reseeds 965
step 3090 loss 2.12072e-03 |g| 8.72e-02 NIS/dof 1.171e-01 applied 1.00 reseeds 968
step 3100 loss 1.71171e-03 |g| 7.14e-02 NIS/dof 8.357e-02 applied 1.00 reseeds 968
step 3110 loss 3.02696e-03 |g| 1.01e-01 NIS/dof 1.455e-01 applied 1.00 reseeds 975
step 3120 loss 1.90552e-03 |g| 6.39e-02 NIS/dof 1.005e-01 applied 1.00 reseeds 977
step 3130 loss 2.38691e-03 |g| 7.68e-02 NIS/dof 1.286e-01 applied 1.00 reseeds 979
step 3140 loss 2.31083e-03 |g| 4.96e-02 NIS/dof 1.100e-01 applied 1.00 reseeds 979
step 3150 loss 2.54616e-03 |g| 1.25e-01 NIS/dof 1.113e-01 applied 1.00 reseeds 983
step 3160 loss 2.35124e-03 |g| 4.99e-02 NIS/dof 1.029e-01 applied 1.00 reseeds 985
step 3170 loss 3.22382e-03 |g| 9.10e-02 NIS/dof 1.350e-01 applied 1.00 reseeds 988
step 3180 loss 1.99541e-03 |g| 4.36e-02 NIS/dof 9.501e-02 applied 1.00 reseeds 991
step 3190 loss 2.16868e-03 |g| 6.30e-02 NIS/dof 1.072e-01 applied 1.00 reseeds 992
step 3200 loss 2.53565e-03 |g| 5.04e-02 NIS/dof 1.091e-01 applied 1.00 reseeds 992
step 3210 loss 3.34210e-03 |g| 5.94e-02 NIS/dof 1.175e-01 applied 1.00 reseeds 997
step 3220 loss 3.57754e-03 |g| 9.15e-02 NIS/dof 1.290e-01 applied 1.00 reseeds 1001
step 3230 loss 2.64082e-03 |g| 9.16e-02 NIS/dof 1.226e-01 applied 1.00 reseeds 1001
step 3240 loss 2.03458e-03 |g| 6.93e-02 NIS/dof 1.140e-01 applied 1.00 reseeds 1004
step 3250 loss 2.34769e-03 |g| 4.64e-02 NIS/dof 1.097e-01 applied 1.00 reseeds 1006
step 3260 loss 2.85761e-03 |g| 9.34e-02 NIS/dof 1.055e-01 applied 1.00 reseeds 1010
step 3270 loss 2.60936e-03 |g| 7.16e-02 NIS/dof 1.183e-01 applied 1.00 reseeds 1013
step 3280 loss 1.96549e-03 |g| 9.89e-02 NIS/dof 1.337e-01 applied 1.00 reseeds 1017
step 3290 loss 3.03437e-03 |g| 9.55e-02 NIS/dof 1.201e-01 applied 1.00 reseeds 1021
step 3300 loss 3.17953e-03 |g| 1.25e-01 NIS/dof 1.394e-01 applied 1.00 reseeds 1027
step 3310 loss 2.97470e-03 |g| 1.06e-01 NIS/dof 1.464e-01 applied 1.00 reseeds 1029
step 3320 loss 2.77508e-03 |g| 1.31e-01 NIS/dof 1.152e-01 applied 1.00 reseeds 1033
step 3330 loss 3.05644e-03 |g| 5.47e-02 NIS/dof 1.080e-01 applied 1.00 reseeds 1037
step 3340 loss 2.96556e-03 |g| 6.50e-02 NIS/dof 1.517e-01 applied 1.00 reseeds 1040
step 3350 loss 2.36028e-03 |g| 9.70e-02 NIS/dof 1.176e-01 applied 1.00 reseeds 1044
step 3360 loss 2.81165e-03 |g| 6.22e-02 NIS/dof 1.891e-01 applied 1.00 reseeds 1047
step 3370 loss 2.06672e-03 |g| 4.79e-02 NIS/dof 1.057e-01 applied 1.00 reseeds 1048
step 3380 loss 2.51942e-03 |g| 8.15e-02 NIS/dof 1.177e-01 applied 1.00 reseeds 1050
step 3390 loss 2.63136e-03 |g| 5.44e-02 NIS/dof 1.405e-01 applied 1.00 reseeds 1051
step 3400 loss 2.41907e-03 |g| 5.59e-02 NIS/dof 1.282e-01 applied 1.00 reseeds 1053
step 3410 loss 2.19726e-03 |g| 1.11e-01 NIS/dof 1.053e-01 applied 1.00 reseeds 1062
step 3420 loss 2.45635e-03 |g| 1.16e-01 NIS/dof 1.218e-01 applied 1.00 reseeds 1064
step 3430 loss 2.91191e-03 |g| 5.22e-02 NIS/dof 1.048e-01 applied 1.00 reseeds 1064
step 3440 loss 1.71434e-03 |g| 4.20e-02 NIS/dof 1.163e-01 applied 1.00 reseeds 1066
step 3450 loss 2.37280e-03 |g| 6.64e-02 NIS/dof 1.156e-01 applied 1.00 reseeds 1068
step 3460 loss 2.21916e-03 |g| 6.08e-02 NIS/dof 9.485e-02 applied 1.00 reseeds 1071
step 3470 loss 1.94517e-03 |g| 3.68e-02 NIS/dof 9.750e-02 applied 1.00 reseeds 1073
step 3480 loss 1.78013e-03 |g| 8.28e-02 NIS/dof 1.025e-01 applied 1.00 reseeds 1078
step 3490 loss 2.28318e-03 |g| 5.09e-02 NIS/dof 9.313e-02 applied 1.00 reseeds 1081
step 3500 loss 2.02645e-03 |g| 3.41e-02 NIS/dof 9.439e-02 applied 1.00 reseeds 1085
step 3510 loss 2.27871e-03 |g| 1.20e-01 NIS/dof 1.398e-01 applied 1.00 reseeds 1088
step 3520 loss 2.67359e-03 |g| 6.31e-02 NIS/dof 1.314e-01 applied 1.00 reseeds 1088
step 3530 loss 1.57368e-03 |g| 4.68e-02 NIS/dof 1.108e-01 applied 1.00 reseeds 1093
step 3540 loss 2.48534e-03 |g| 5.44e-02 NIS/dof 1.378e-01 applied 1.00 reseeds 1096
step 3550 loss 1.90019e-03 |g| 8.30e-02 NIS/dof 1.205e-01 applied 1.00 reseeds 1099
step 3560 loss 2.24239e-03 |g| 6.20e-02 NIS/dof 1.027e-01 applied 1.00 reseeds 1101
step 3570 loss 2.58037e-03 |g| 2.23e-01 NIS/dof 1.072e-01 applied 1.00 reseeds 1107
step 3580 loss 2.30945e-03 |g| 5.12e-02 NIS/dof 1.336e-01 applied 1.00 reseeds 1109
step 3590 loss 3.18885e-03 |g| 6.99e-02 NIS/dof 1.655e-01 applied 1.00 reseeds 1112
step 3600 loss 2.40147e-03 |g| 5.20e-02 NIS/dof 1.180e-01 applied 1.00 reseeds 1116
step 3610 loss 2.03084e-03 |g| 6.25e-02 NIS/dof 1.047e-01 applied 1.00 reseeds 1121
step 3620 loss 1.72091e-03 |g| 5.02e-02 NIS/dof 1.248e-01 applied 1.00 reseeds 1124
step 3630 loss 1.74600e-03 |g| 4.49e-02 NIS/dof 9.775e-02 applied 1.00 reseeds 1127
step 3640 loss 1.85539e-03 |g| 6.13e-02 NIS/dof 8.453e-02 applied 1.00 reseeds 1131
step 3650 loss 1.78585e-03 |g| 4.65e-02 NIS/dof 1.023e-01 applied 1.00 reseeds 1136
step 3660 loss 2.36529e-03 |g| 3.80e-02 NIS/dof 8.220e-02 applied 1.00 reseeds 1138
step 3670 loss 2.54996e-03 |g| 6.84e-02 NIS/dof 1.105e-01 applied 1.00 reseeds 1142
step 3680 loss 2.63191e-03 |g| 7.68e-02 NIS/dof 1.199e-01 applied 1.00 reseeds 1144
step 3690 loss 1.95333e-03 |g| 7.56e-02 NIS/dof 8.794e-02 applied 1.00 reseeds 1146
step 3700 loss 2.48499e-03 |g| 7.47e-02 NIS/dof 1.108e-01 applied 1.00 reseeds 1150
step 3710 loss 3.36069e-03 |g| 8.25e-02 NIS/dof 1.032e-01 applied 1.00 reseeds 1151
step 3720 loss 1.79357e-03 |g| 4.89e-02 NIS/dof 9.581e-02 applied 1.00 reseeds 1154
step 3730 loss 1.73625e-03 |g| 7.28e-02 NIS/dof 9.788e-02 applied 1.00 reseeds 1158
step 3740 loss 2.11020e-03 |g| 9.00e-02 NIS/dof 1.333e-01 applied 1.00 reseeds 1159
step 3750 loss 1.80500e-03 |g| 7.17e-02 NIS/dof 1.197e-01 applied 1.00 reseeds 1164
step 3760 loss 2.24792e-03 |g| 4.93e-02 NIS/dof 7.304e-02 applied 1.00 reseeds 1166
step 3770 loss 1.96423e-03 |g| 6.45e-02 NIS/dof 8.925e-02 applied 1.00 reseeds 1166
step 3780 loss 2.77789e-03 |g| 7.53e-02 NIS/dof 1.426e-01 applied 1.00 reseeds 1173
step 3790 loss 3.01236e-03 |g| 1.18e-01 NIS/dof 1.199e-01 applied 1.00 reseeds 1176
step 3800 loss 2.47807e-03 |g| 5.14e-02 NIS/dof 1.012e-01 applied 1.00 reseeds 1177
step 3810 loss 2.30136e-03 |g| 7.55e-02 NIS/dof 1.055e-01 applied 1.00 reseeds 1181
step 3820 loss 1.69055e-03 |g| 6.05e-02 NIS/dof 1.126e-01 applied 1.00 reseeds 1182
step 3830 loss 3.38178e-03 |g| 1.66e-01 NIS/dof 1.252e-01 applied 1.00 reseeds 1184
step 3840 loss 2.28535e-03 |g| 7.53e-02 NIS/dof 9.524e-02 applied 1.00 reseeds 1184
step 3850 loss 2.08890e-03 |g| 8.60e-02 NIS/dof 8.723e-02 applied 1.00 reseeds 1192
step 3860 loss 2.50633e-03 |g| 1.07e-01 NIS/dof 1.353e-01 applied 1.00 reseeds 1195
step 3870 loss 2.94207e-03 |g| 9.88e-02 NIS/dof 9.286e-02 applied 1.00 reseeds 1199
step 3880 loss 2.50202e-03 |g| 1.37e-01 NIS/dof 1.174e-01 applied 1.00 reseeds 1202
step 3890 loss 2.62980e-03 |g| 1.24e-01 NIS/dof 1.007e-01 applied 1.00 reseeds 1202
step 3900 loss 1.85818e-03 |g| 4.37e-02 NIS/dof 1.206e-01 applied 1.00 reseeds 1206
step 3910 loss 2.46717e-03 |g| 5.47e-02 NIS/dof 1.057e-01 applied 1.00 reseeds 1207
step 3920 loss 2.00795e-03 |g| 6.89e-02 NIS/dof 1.013e-01 applied 1.00 reseeds 1209
step 3930 loss 1.46308e-03 |g| 4.43e-02 NIS/dof 9.192e-02 applied 1.00 reseeds 1213
step 3940 loss 2.55985e-03 |g| 8.48e-02 NIS/dof 1.074e-01 applied 1.00 reseeds 1218
step 3950 loss 2.56307e-03 |g| 6.52e-02 NIS/dof 1.099e-01 applied 1.00 reseeds 1220
step 3960 loss 2.26823e-03 |g| 5.10e-02 NIS/dof 1.585e-01 applied 1.00 reseeds 1224
step 3970 loss 2.12525e-03 |g| 1.00e-01 NIS/dof 1.008e-01 applied 1.00 reseeds 1226
step 3980 loss 2.12606e-03 |g| 5.92e-02 NIS/dof 9.296e-02 applied 1.00 reseeds 1230
step 3990 loss 1.66929e-03 |g| 3.58e-02 NIS/dof 1.090e-01 applied 1.00 reseeds 1233
step 4000 loss 2.50167e-03 |g| 5.58e-02 NIS/dof 1.229e-01 applied 1.00 reseeds 1234
step 4010 loss 2.59895e-03 |g| 8.06e-02 NIS/dof 1.213e-01 applied 1.00 reseeds 1237
step 4020 loss 2.96938e-03 |g| 2.29e-01 NIS/dof 1.769e-01 applied 1.00 reseeds 1241
step 4030 loss 2.67795e-03 |g| 5.96e-02 NIS/dof 1.277e-01 applied 1.00 reseeds 1243
step 4040 loss 1.92910e-03 |g| 5.09e-02 NIS/dof 1.098e-01 applied 1.00 reseeds 1245
step 4050 loss 2.08813e-03 |g| 5.25e-02 NIS/dof 9.634e-02 applied 1.00 reseeds 1249
step 4060 loss 2.33167e-03 |g| 2.95e-02 NIS/dof 1.039e-01 applied 1.00 reseeds 1252
step 4070 loss 1.54733e-03 |g| 4.73e-02 NIS/dof 9.729e-02 applied 1.00 reseeds 1257
step 4080 loss 2.07434e-03 |g| 5.76e-02 NIS/dof 8.831e-02 applied 1.00 reseeds 1260
step 4090 loss 1.67264e-03 |g| 4.02e-02 NIS/dof 1.090e-01 applied 1.00 reseeds 1266
step 4100 loss 1.66907e-03 |g| 8.15e-02 NIS/dof 1.015e-01 applied 1.00 reseeds 1267
step 4110 loss 1.62000e-03 |g| 6.86e-02 NIS/dof 1.081e-01 applied 1.00 reseeds 1270
step 4120 loss 2.01543e-03 |g| 4.66e-02 NIS/dof 9.229e-02 applied 1.00 reseeds 1274
step 4130 loss 2.22546e-03 |g| 4.34e-02 NIS/dof 1.124e-01 applied 1.00 reseeds 1275
step 4140 loss 1.94482e-03 |g| 5.92e-02 NIS/dof 1.287e-01 applied 1.00 reseeds 1277
step 4150 loss 2.54098e-03 |g| 8.44e-02 NIS/dof 1.198e-01 applied 1.00 reseeds 1277
step 4160 loss 2.72841e-03 |g| 1.29e-01 NIS/dof 1.135e-01 applied 1.00 reseeds 1280
step 4170 loss 1.77232e-03 |g| 4.89e-02 NIS/dof 1.054e-01 applied 1.00 reseeds 1284
step 4180 loss 1.97794e-03 |g| 4.15e-02 NIS/dof 1.091e-01 applied 1.00 reseeds 1285
step 4190 loss 1.62910e-03 |g| 4.03e-02 NIS/dof 1.159e-01 applied 1.00 reseeds 1288
step 4200 loss 2.46512e-03 |g| 5.51e-02 NIS/dof 1.144e-01 applied 1.00 reseeds 1290
step 4210 loss 2.47197e-03 |g| 5.73e-02 NIS/dof 1.238e-01 applied 1.00 reseeds 1291
step 4220 loss 2.45230e-03 |g| 1.03e-01 NIS/dof 1.157e-01 applied 1.00 reseeds 1295
step 4230 loss 2.75964e-03 |g| 6.33e-02 NIS/dof 1.163e-01 applied 1.00 reseeds 1297
step 4240 loss 2.39372e-03 |g| 4.53e-02 NIS/dof 9.703e-02 applied 1.00 reseeds 1300
step 4250 loss 2.02087e-03 |g| 3.96e-02 NIS/dof 1.086e-01 applied 1.00 reseeds 1303
step 4260 loss 2.39495e-03 |g| 7.66e-02 NIS/dof 1.299e-01 applied 1.00 reseeds 1304
step 4270 loss 2.36451e-03 |g| 7.58e-02 NIS/dof 1.063e-01 applied 1.00 reseeds 1305
step 4280 loss 2.45422e-03 |g| 1.09e-01 NIS/dof 1.083e-01 applied 1.00 reseeds 1308
step 4290 loss 2.39280e-03 |g| 7.19e-02 NIS/dof 1.292e-01 applied 1.00 reseeds 1310
step 4300 loss 2.38539e-03 |g| 1.04e-01 NIS/dof 1.431e-01 applied 1.00 reseeds 1312
step 4310 loss 2.47887e-03 |g| 9.66e-02 NIS/dof 1.348e-01 applied 1.00 reseeds 1313
step 4320 loss 2.09038e-03 |g| 6.74e-02 NIS/dof 1.040e-01 applied 1.00 reseeds 1320
step 4330 loss 2.36702e-03 |g| 9.85e-02 NIS/dof 1.302e-01 applied 1.00 reseeds 1324
step 4340 loss 2.76120e-03 |g| 4.82e-02 NIS/dof 8.602e-02 applied 1.00 reseeds 1328
step 4350 loss 3.06026e-03 |g| 5.23e-02 NIS/dof 1.256e-01 applied 1.00 reseeds 1332
step 4360 loss 3.04536e-03 |g| 1.03e-01 NIS/dof 1.312e-01 applied 1.00 reseeds 1334
step 4370 loss 1.95251e-03 |g| 1.27e-01 NIS/dof 1.275e-01 applied 1.00 reseeds 1339
step 4380 loss 2.15230e-03 |g| 5.46e-02 NIS/dof 1.147e-01 applied 1.00 reseeds 1345
step 4390 loss 3.29060e-03 |g| 7.62e-02 NIS/dof 1.104e-01 applied 1.00 reseeds 1349
step 4400 loss 3.07981e-03 |g| 7.18e-02 NIS/dof 1.244e-01 applied 1.00 reseeds 1353
step 4410 loss 2.95016e-03 |g| 9.39e-02 NIS/dof 1.697e-01 applied 1.00 reseeds 1355
step 4420 loss 2.55909e-03 |g| 3.66e-02 NIS/dof 9.819e-02 applied 1.00 reseeds 1357
step 4430 loss 1.58927e-03 |g| 5.50e-02 NIS/dof 1.259e-01 applied 1.00 reseeds 1364
step 4440 loss 1.98085e-03 |g| 5.91e-02 NIS/dof 1.276e-01 applied 1.00 reseeds 1367
step 4450 loss 1.67222e-03 |g| 4.15e-02 NIS/dof 1.097e-01 applied 1.00 reseeds 1370
step 4460 loss 2.83973e-03 |g| 7.39e-02 NIS/dof 1.391e-01 applied 1.00 reseeds 1374
step 4470 loss 2.56040e-03 |g| 6.52e-02 NIS/dof 1.068e-01 applied 1.00 reseeds 1381
step 4480 loss 2.32843e-03 |g| 1.15e-01 NIS/dof 1.096e-01 applied 1.00 reseeds 1387
step 4490 loss 2.02538e-03 |g| 6.30e-02 NIS/dof 1.096e-01 applied 1.00 reseeds 1388
step 4500 loss 2.26731e-03 |g| 1.46e-01 NIS/dof 1.458e-01 applied 1.00 reseeds 1392
step 4510 loss 2.32921e-03 |g| 6.06e-02 NIS/dof 1.299e-01 applied 1.00 reseeds 1394
step 4520 loss 2.11259e-03 |g| 3.47e-02 NIS/dof 8.768e-02 applied 1.00 reseeds 1396
step 4530 loss 1.82510e-03 |g| 6.19e-02 NIS/dof 1.221e-01 applied 1.00 reseeds 1401
step 4540 loss 1.84767e-03 |g| 5.51e-02 NIS/dof 1.413e-01 applied 1.00 reseeds 1405
step 4550 loss 2.74055e-03 |g| 8.04e-02 NIS/dof 1.666e-01 applied 1.00 reseeds 1410
step 4560 loss 1.48199e-03 |g| 2.12e-02 NIS/dof 1.231e-01 applied 1.00 reseeds 1412
step 4570 loss 2.05654e-03 |g| 6.16e-02 NIS/dof 1.062e-01 applied 1.00 reseeds 1412
step 4580 loss 2.45287e-03 |g| 7.35e-02 NIS/dof 1.061e-01 applied 1.00 reseeds 1413
step 4590 loss 1.90730e-03 |g| 4.99e-02 NIS/dof 1.138e-01 applied 1.00 reseeds 1415
step 4600 loss 2.51779e-03 |g| 5.69e-02 NIS/dof 1.205e-01 applied 1.00 reseeds 1417
step 4610 loss 2.66796e-03 |g| 7.07e-02 NIS/dof 1.331e-01 applied 1.00 reseeds 1421
step 4620 loss 2.62466e-03 |g| 1.09e-01 NIS/dof 1.050e-01 applied 1.00 reseeds 1426
step 4630 loss 2.36541e-03 |g| 1.39e-01 NIS/dof 1.608e-01 applied 1.00 reseeds 1426
step 4640 loss 2.41917e-03 |g| 7.96e-02 NIS/dof 1.273e-01 applied 1.00 reseeds 1428
step 4650 loss 1.65993e-03 |g| 4.01e-02 NIS/dof 1.319e-01 applied 1.00 reseeds 1431
step 4660 loss 1.92663e-03 |g| 6.50e-02 NIS/dof 1.167e-01 applied 1.00 reseeds 1434
step 4670 loss 2.51058e-03 |g| 6.61e-02 NIS/dof 1.047e-01 applied 1.00 reseeds 1437
step 4680 loss 2.38765e-03 |g| 9.32e-02 NIS/dof 1.411e-01 applied 1.00 reseeds 1440
step 4690 loss 2.11277e-03 |g| 7.31e-02 NIS/dof 1.146e-01 applied 1.00 reseeds 1445
step 4700 loss 1.66028e-03 |g| 2.91e-02 NIS/dof 1.227e-01 applied 1.00 reseeds 1448
step 4710 loss 2.08887e-03 |g| 4.95e-02 NIS/dof 1.291e-01 applied 1.00 reseeds 1451
step 4720 loss 2.36798e-03 |g| 4.08e-02 NIS/dof 1.019e-01 applied 1.00 reseeds 1453
step 4730 loss 4.10190e-03 |g| 1.11e-01 NIS/dof 1.465e-01 applied 1.00 reseeds 1456
step 4740 loss 2.18827e-03 |g| 5.25e-02 NIS/dof 1.380e-01 applied 1.00 reseeds 1460
step 4750 loss 2.31169e-03 |g| 1.22e-01 NIS/dof 1.368e-01 applied 1.00 reseeds 1462
step 4760 loss 1.92951e-03 |g| 6.05e-02 NIS/dof 1.306e-01 applied 1.00 reseeds 1465
step 4770 loss 1.68047e-03 |g| 6.17e-02 NIS/dof 1.291e-01 applied 1.00 reseeds 1470
step 4780 loss 2.21092e-03 |g| 5.82e-02 NIS/dof 1.200e-01 applied 1.00 reseeds 1476
step 4790 loss 1.99657e-03 |g| 3.92e-02 NIS/dof 1.176e-01 applied 1.00 reseeds 1483
step 4800 loss 2.57815e-03 |g| 6.59e-02 NIS/dof 1.278e-01 applied 1.00 reseeds 1484
step 4810 loss 2.43399e-03 |g| 7.96e-02 NIS/dof 1.327e-01 applied 1.00 reseeds 1485
step 4820 loss 3.07564e-03 |g| 7.11e-02 NIS/dof 1.429e-01 applied 1.00 reseeds 1485
step 4830 loss 1.54108e-03 |g| 8.31e-02 NIS/dof 1.278e-01 applied 1.00 reseeds 1488
step 4840 loss 2.48772e-03 |g| 1.05e-01 NIS/dof 1.388e-01 applied 1.00 reseeds 1491
step 4850 loss 2.08656e-03 |g| 6.00e-02 NIS/dof 1.261e-01 applied 1.00 reseeds 1493
step 4860 loss 2.30373e-03 |g| 6.37e-02 NIS/dof 1.432e-01 applied 1.00 reseeds 1498
step 4870 loss 1.65251e-03 |g| 5.27e-02 NIS/dof 1.079e-01 applied 1.00 reseeds 1503
step 4880 loss 2.05565e-03 |g| 3.99e-02 NIS/dof 1.075e-01 applied 1.00 reseeds 1506
step 4890 loss 1.64156e-03 |g| 1.07e-01 NIS/dof 1.022e-01 applied 1.00 reseeds 1510
step 4900 loss 2.27878e-03 |g| 5.56e-02 NIS/dof 1.038e-01 applied 1.00 reseeds 1511
step 4910 loss 2.05258e-03 |g| 5.72e-02 NIS/dof 1.043e-01 applied 1.00 reseeds 1513
step 4920 loss 2.04467e-03 |g| 4.51e-02 NIS/dof 1.078e-01 applied 1.00 reseeds 1514
step 4930 loss 1.81004e-03 |g| 4.38e-02 NIS/dof 1.281e-01 applied 1.00 reseeds 1516
step 4940 loss 2.63759e-03 |g| 9.30e-02 NIS/dof 1.370e-01 applied 1.00 reseeds 1519
step 4950 loss 2.10325e-03 |g| 6.54e-02 NIS/dof 1.426e-01 applied 1.00 reseeds 1521
step 4960 loss 2.10578e-03 |g| 6.89e-02 NIS/dof 1.201e-01 applied 1.00 reseeds 1526
step 4970 loss 2.69735e-03 |g| 8.82e-02 NIS/dof 1.124e-01 applied 1.00 reseeds 1530
step 4980 loss 2.49730e-03 |g| 7.46e-02 NIS/dof 1.306e-01 applied 1.00 reseeds 1534
step 4990 loss 2.42367e-03 |g| 6.56e-02 NIS/dof 1.059e-01 applied 1.00 reseeds 1536
step 5000 loss 2.09282e-03 |g| 9.16e-02 NIS/dof 1.266e-01 applied 1.00 reseeds 1540
step 5010 loss 2.96813e-03 |g| 8.14e-02 NIS/dof 1.299e-01 applied 1.00 reseeds 1541
step 5020 loss 1.87917e-03 |g| 5.89e-02 NIS/dof 1.088e-01 applied 1.00 reseeds 1543
step 5030 loss 2.46823e-03 |g| 5.77e-02 NIS/dof 1.466e-01 applied 1.00 reseeds 1546
step 5040 loss 2.44005e-03 |g| 7.08e-02 NIS/dof 1.141e-01 applied 1.00 reseeds 1550
step 5050 loss 2.74138e-03 |g| 4.64e-02 NIS/dof 1.599e-01 applied 1.00 reseeds 1555
step 5060 loss 3.29161e-03 |g| 6.73e-02 NIS/dof 1.363e-01 applied 1.00 reseeds 1557
step 5070 loss 2.55943e-03 |g| 4.02e-02 NIS/dof 1.010e-01 applied 1.00 reseeds 1559
step 5080 loss 2.03500e-03 |g| 6.09e-02 NIS/dof 1.198e-01 applied 1.00 reseeds 1565
step 5090 loss 1.89207e-03 |g| 7.84e-02 NIS/dof 1.433e-01 applied 1.00 reseeds 1567
step 5100 loss 1.95932e-03 |g| 9.09e-02 NIS/dof 1.117e-01 applied 1.00 reseeds 1571
step 5110 loss 1.59382e-03 |g| 5.26e-02 NIS/dof 1.140e-01 applied 1.00 reseeds 1576
step 5120 loss 1.93613e-03 |g| 5.48e-02 NIS/dof 1.160e-01 applied 1.00 reseeds 1579
step 5130 loss 3.30793e-03 |g| 8.48e-02 NIS/dof 1.462e-01 applied 1.00 reseeds 1583
step 5140 loss 1.99269e-03 |g| 5.49e-02 NIS/dof 1.151e-01 applied 1.00 reseeds 1586
step 5150 loss 2.21832e-03 |g| 6.23e-02 NIS/dof 1.047e-01 applied 1.00 reseeds 1588
step 5160 loss 1.68609e-03 |g| 3.70e-02 NIS/dof 1.173e-01 applied 1.00 reseeds 1588
step 5170 loss 2.56995e-03 |g| 5.56e-02 NIS/dof 1.151e-01 applied 1.00 reseeds 1592
step 5180 loss 2.61306e-03 |g| 4.38e-02 NIS/dof 1.001e-01 applied 1.00 reseeds 1596
step 5190 loss 3.17154e-03 |g| 9.40e-02 NIS/dof 1.221e-01 applied 1.00 reseeds 1599
step 5200 loss 2.24407e-03 |g| 5.42e-02 NIS/dof 9.896e-02 applied 1.00 reseeds 1602
step 5210 loss 1.84235e-03 |g| 2.55e-02 NIS/dof 1.018e-01 applied 1.00 reseeds 1605
step 5220 loss 1.65576e-03 |g| 5.83e-02 NIS/dof 1.067e-01 applied 1.00 reseeds 1608
step 5230 loss 1.89858e-03 |g| 3.70e-02 NIS/dof 9.815e-02 applied 1.00 reseeds 1609
step 5240 loss 2.26205e-03 |g| 6.73e-02 NIS/dof 1.211e-01 applied 1.00 reseeds 1612
step 5250 loss 1.98098e-03 |g| 8.83e-02 NIS/dof 1.150e-01 applied 1.00 reseeds 1614
step 5260 loss 2.63278e-03 |g| 1.21e-01 NIS/dof 1.321e-01 applied 1.00 reseeds 1616
step 5270 loss 2.27259e-03 |g| 7.64e-02 NIS/dof 1.132e-01 applied 1.00 reseeds 1618
step 5280 loss 1.66662e-03 |g| 4.32e-02 NIS/dof 1.263e-01 applied 1.00 reseeds 1623
step 5290 loss 2.01231e-03 |g| 6.32e-02 NIS/dof 1.248e-01 applied 1.00 reseeds 1628
step 5300 loss 1.85291e-03 |g| 9.06e-02 NIS/dof 1.207e-01 applied 1.00 reseeds 1630
step 5310 loss 2.05893e-03 |g| 5.98e-02 NIS/dof 1.120e-01 applied 1.00 reseeds 1634
step 5320 loss 1.84529e-03 |g| 3.60e-02 NIS/dof 1.192e-01 applied 1.00 reseeds 1636
step 5330 loss 2.28599e-03 |g| 5.19e-02 NIS/dof 1.423e-01 applied 1.00 reseeds 1640
step 5340 loss 2.87209e-03 |g| 7.45e-02 NIS/dof 1.337e-01 applied 1.00 reseeds 1644
step 5350 loss 2.25250e-03 |g| 4.69e-02 NIS/dof 1.535e-01 applied 1.00 reseeds 1646
step 5360 loss 1.78871e-03 |g| 7.38e-02 NIS/dof 1.069e-01 applied 1.00 reseeds 1650
step 5370 loss 1.56587e-03 |g| 4.96e-02 NIS/dof 1.098e-01 applied 1.00 reseeds 1651
step 5380 loss 2.36626e-03 |g| 6.99e-02 NIS/dof 1.194e-01 applied 1.00 reseeds 1655
step 5390 loss 1.86482e-03 |g| 6.93e-02 NIS/dof 1.470e-01 applied 1.00 reseeds 1657
step 5400 loss 2.82517e-03 |g| 7.63e-02 NIS/dof 1.269e-01 applied 1.00 reseeds 1659
step 5410 loss 2.20036e-03 |g| 5.03e-02 NIS/dof 1.084e-01 applied 1.00 reseeds 1662
step 5420 loss 2.48574e-03 |g| 9.96e-02 NIS/dof 1.331e-01 applied 1.00 reseeds 1666
step 5430 loss 2.30072e-03 |g| 5.57e-02 NIS/dof 1.302e-01 applied 1.00 reseeds 1667
step 5440 loss 1.54092e-03 |g| 3.85e-02 NIS/dof 1.168e-01 applied 1.00 reseeds 1669
step 5450 loss 2.35429e-03 |g| 5.27e-02 NIS/dof 1.440e-01 applied 1.00 reseeds 1674
step 5460 loss 2.13566e-03 |g| 5.05e-02 NIS/dof 1.001e-01 applied 1.00 reseeds 1675
step 5470 loss 1.81516e-03 |g| 5.26e-02 NIS/dof 1.053e-01 applied 1.00 reseeds 1680
step 5480 loss 2.11567e-03 |g| 2.67e-02 NIS/dof 1.189e-01 applied 1.00 reseeds 1682
step 5490 loss 2.15974e-03 |g| 4.04e-02 NIS/dof 1.238e-01 applied 1.00 reseeds 1688
step 5500 loss 2.56036e-03 |g| 9.72e-02 NIS/dof 1.397e-01 applied 1.00 reseeds 1691
step 5510 loss 2.45822e-03 |g| 4.41e-02 NIS/dof 1.188e-01 applied 1.00 reseeds 1693
step 5520 loss 2.35432e-03 |g| 5.16e-02 NIS/dof 1.436e-01 applied 1.00 reseeds 1698
step 5530 loss 2.34044e-03 |g| 1.11e-01 NIS/dof 1.271e-01 applied 1.00 reseeds 1703
step 5540 loss 2.00611e-03 |g| 6.72e-02 NIS/dof 1.101e-01 applied 1.00 reseeds 1707
step 5550 loss 2.08677e-03 |g| 5.78e-02 NIS/dof 1.313e-01 applied 1.00 reseeds 1711
step 5560 loss 1.38468e-03 |g| 6.48e-02 NIS/dof 9.698e-02 applied 1.00 reseeds 1713
step 5570 loss 2.02040e-03 |g| 1.04e-01 NIS/dof 1.040e-01 applied 1.00 reseeds 1715
step 5580 loss 1.44464e-03 |g| 5.17e-02 NIS/dof 9.128e-02 applied 1.00 reseeds 1715
step 5590 loss 1.85929e-03 |g| 5.93e-02 NIS/dof 1.374e-01 applied 1.00 reseeds 1718
step 5600 loss 2.45021e-03 |g| 6.68e-02 NIS/dof 1.324e-01 applied 1.00 reseeds 1720
step 5610 loss 2.47657e-03 |g| 4.63e-02 NIS/dof 9.564e-02 applied 1.00 reseeds 1723
step 5620 loss 1.56470e-03 |g| 3.98e-02 NIS/dof 1.158e-01 applied 1.00 reseeds 1727
step 5630 loss 2.38729e-03 |g| 5.68e-02 NIS/dof 1.180e-01 applied 1.00 reseeds 1729
step 5640 loss 2.50268e-03 |g| 6.16e-02 NIS/dof 1.548e-01 applied 1.00 reseeds 1731
step 5650 loss 2.30667e-03 |g| 4.26e-02 NIS/dof 1.431e-01 applied 1.00 reseeds 1734
step 5660 loss 2.34563e-03 |g| 6.35e-02 NIS/dof 1.290e-01 applied 1.00 reseeds 1744
step 5670 loss 2.19531e-03 |g| 4.74e-02 NIS/dof 1.374e-01 applied 1.00 reseeds 1747
step 5680 loss 3.10129e-03 |g| 6.18e-02 NIS/dof 1.219e-01 applied 1.00 reseeds 1749
step 5690 loss 2.07356e-03 |g| 3.55e-02 NIS/dof 1.084e-01 applied 1.00 reseeds 1752
step 5700 loss 2.61704e-03 |g| 6.04e-02 NIS/dof 1.124e-01 applied 1.00 reseeds 1754
step 5710 loss 2.26624e-03 |g| 7.02e-02 NIS/dof 1.371e-01 applied 1.00 reseeds 1758
step 5720 loss 1.79955e-03 |g| 5.70e-02 NIS/dof 1.105e-01 applied 1.00 reseeds 1762
step 5730 loss 1.81618e-03 |g| 3.31e-02 NIS/dof 1.074e-01 applied 1.00 reseeds 1764
step 5740 loss 2.35739e-03 |g| 9.73e-02 NIS/dof 1.103e-01 applied 1.00 reseeds 1764
step 5750 loss 2.53166e-03 |g| 6.75e-02 NIS/dof 1.263e-01 applied 1.00 reseeds 1764
step 5760 loss 2.15416e-03 |g| 4.87e-02 NIS/dof 1.246e-01 applied 1.00 reseeds 1765
step 5770 loss 2.63850e-03 |g| 4.12e-02 NIS/dof 1.205e-01 applied 1.00 reseeds 1768
step 5780 loss 1.90692e-03 |g| 4.89e-02 NIS/dof 1.041e-01 applied 1.00 reseeds 1772
step 5790 loss 2.13072e-03 |g| 5.03e-02 NIS/dof 1.300e-01 applied 1.00 reseeds 1774
step 5800 loss 1.89948e-03 |g| 6.62e-02 NIS/dof 1.435e-01 applied 1.00 reseeds 1777
step 5810 loss 1.97670e-03 |g| 7.64e-02 NIS/dof 1.297e-01 applied 1.00 reseeds 1778
step 5820 loss 2.73811e-03 |g| 1.41e-01 NIS/dof 1.373e-01 applied 1.00 reseeds 1782
step 5830 loss 2.20666e-03 |g| 5.51e-02 NIS/dof 1.013e-01 applied 1.00 reseeds 1786
step 5840 loss 2.85249e-03 |g| 6.04e-02 NIS/dof 1.186e-01 applied 1.00 reseeds 1789
step 5850 loss 1.47347e-03 |g| 6.86e-02 NIS/dof 1.220e-01 applied 1.00 reseeds 1791
step 5860 loss 1.96722e-03 |g| 4.25e-02 NIS/dof 1.143e-01 applied 1.00 reseeds 1793
step 5870 loss 2.09841e-03 |g| 5.54e-02 NIS/dof 1.134e-01 applied 1.00 reseeds 1795
step 5880 loss 1.84003e-03 |g| 6.69e-02 NIS/dof 1.133e-01 applied 1.00 reseeds 1797
step 5890 loss 2.43225e-03 |g| 9.55e-02 NIS/dof 1.932e-01 applied 1.00 reseeds 1800
step 5900 loss 2.55620e-03 |g| 4.37e-02 NIS/dof 1.211e-01 applied 1.00 reseeds 1802
step 5910 loss 2.61305e-03 |g| 9.12e-02 NIS/dof 1.409e-01 applied 1.00 reseeds 1807
step 5920 loss 2.13412e-03 |g| 4.08e-02 NIS/dof 9.431e-02 applied 1.00 reseeds 1809
step 5930 loss 1.77956e-03 |g| 4.77e-02 NIS/dof 1.263e-01 applied 1.00 reseeds 1813
step 5940 loss 1.53964e-03 |g| 3.52e-02 NIS/dof 9.631e-02 applied 1.00 reseeds 1815
step 5950 loss 1.90764e-03 |g| 7.94e-02 NIS/dof 9.280e-02 applied 1.00 reseeds 1815
step 5960 loss 2.18026e-03 |g| 4.43e-02 NIS/dof 9.547e-02 applied 1.00 reseeds 1816
step 5970 loss 2.76226e-03 |g| 8.41e-02 NIS/dof 1.384e-01 applied 1.00 reseeds 1818
step 5980 loss 2.08389e-03 |g| 2.81e-02 NIS/dof 9.303e-02 applied 1.00 reseeds 1823
step 5990 loss 2.76681e-03 |g| 7.31e-02 NIS/dof 1.465e-01 applied 1.00 reseeds 1828
step 5999 loss 1.63929e-03 |g| 2.90e-02 NIS/dof 9.289e-02 applied 1.00 reseeds 1829
== validating on held-out ==
  flat/seed28: baseline={'vel_rmse': 0.0543321646770635, 'vel_nees': 4.018834230045484, 'vel_nees_tangent': 5.192904963115444, 'vel_nees_x': 0.0685217831694923, 'vel_nees_y': 0.07952276025970378, 'vel_nees_z': 2.0026284594950314, 'nis_over_dof': 0.009548450264961804, 'applied': 0.9999999999999999}  learned={'vel_rmse': 0.04871067672180657, 'vel_nees': 2.8322858565558575, 'vel_nees_tangent': 4.8317719227231715, 'vel_nees_x': 0.07528828797115238, 'vel_nees_y': 0.079138135945791, 'vel_nees_z': 1.42263669222679, 'nis_over_dof': 0.13273843125446746, 'applied': 0.9999999999999999}
  hard_stepping/seed27: baseline={'vel_rmse': 0.06187650061761749, 'vel_nees': 4.711327474820552, 'vel_nees_tangent': 6.580368070799619, 'vel_nees_x': 0.05812809337318238, 'vel_nees_y': 0.07298798336214275, 'vel_nees_z': 2.894347971465953, 'nis_over_dof': 0.014109930229590915, 'applied': 0.9999999999999999}  learned={'vel_rmse': 0.05707015779666622, 'vel_nees': 4.20678137836565, 'vel_nees_tangent': 7.306616154792747, 'vel_nees_x': 0.042072955592918494, 'vel_nees_y': 0.08942964683881657, 'vel_nees_z': 2.7679983872471268, 'nis_over_dof': 0.14750899935726336, 'applied': 0.9999999999999999}
  stepping_stones/seed22: baseline={'vel_rmse': 0.05502589544909181, 'vel_nees': 3.7890936357418847, 'vel_nees_tangent': 5.228076278557144, 'vel_nees_x': 0.07037878887187993, 'vel_nees_y': 0.05307722958974436, 'vel_nees_z': 2.260820985818893, 'nis_over_dof': 0.010696378873810539, 'applied': 0.9999999999999999}  learned={'vel_rmse': 0.05434802144318129, 'vel_nees': 3.482906151452711, 'vel_nees_tangent': 6.0982678047232115, 'vel_nees_x': 0.08562968347213783, 'vel_nees_y': 0.05784088774843314, 'vel_nees_z': 2.1198364236630094, 'nis_over_dof': 0.12056519222816947, 'applied': 0.9999999999999999}
  waves/seed25: baseline={'vel_rmse': 0.05429266381876227, 'vel_nees': 3.876504358601226, 'vel_nees_tangent': 5.263272485057155, 'vel_nees_x': 0.05643882781619317, 'vel_nees_y': 0.04414943432361544, 'vel_nees_z': 2.169316671417653, 'nis_over_dof': 0.009545846302603187, 'applied': 0.9999999999999999}  learned={'vel_rmse': 0.04622880578544834, 'vel_nees': 2.847158551638799, 'vel_nees_tangent': 3.8903337321025604, 'vel_nees_x': 0.030511957368003075, 'vel_nees_y': 0.046181700772217324, 'vel_nees_z': 1.6941201207317809, 'nis_over_dof': 0.12562448638485887, 'applied': 0.9999999999999999}
== summary ==
{
  "run": {
    "dir": "L128_C_l2velori",
    "started_at": "2026-08-09T02:57:54",
    "tag": null,
    "args": {
      "collect": false,
      "train_seeds": [
        0,
        1,
        2,
        3
      ],
      "val_seeds": [
        4,
        5,
        6,
        7
      ],
      "seconds": 45.0,
      "steps": 6000,
      "warmup_steps": 100,
      "time_budget_s": 86400.0,
      "tag": null,
      "out_dir": "results/l_ablation/L128_C_l2velori",
      "contacts_per_foot": 4,
      "objective": "l2_vel_ori",
      "w_pos": null,
      "w_ori": null,
      "pose_weight_ratio": null,
      "L": 128,
      "remat": false,
      "contact_meas_var": 0.0001,
      "pool": "n8fix"
    }
  },
  "n_train": 21,
  "n_val": 4,
  "steps_run": 6000,
  "final_reseeds": 1829,
  "floored": [],
  "cfg": {
    "F": 30,
    "d_in": 600,
    "H": 20,
    "window_span_s": 0.019,
    "L": 128,
    "B": 32,
    "objective": "l2_vel_ori",
    "remat": false,
    "contact_meas_var": 0.0001,
    "w_pos": 0.0,
    "w_ori": 11.769229585560106,
    "pose_weight_ratio": 0.5,
    "episode_s": 43.0,
    "warm_in_s": 1.0,
    "peak_lr": 0.0001,
    "init_seed": 0,
    "batcher_seed": 0,
    "cmd_ranges": {
      "vx": [
        0.3,
        0.9
      ],
      "vy": [
        0.25,
        0.5
      ],
      "yaw": [
        0.3,
        1.5
      ]
    }
  },
  "wall_s": 4156.005873680115,
  "val": [
    {
      "mode": "flat/seed28",
      "rollout": "flat/seed28",
      "baseline": {
        "vel_rmse": 0.0543321646770635,
        "vel_nees": 4.018834230045484,
        "vel_nees_tangent": 5.192904963115444,
        "vel_nees_x": 0.0685217831694923,
        "vel_nees_y": 0.07952276025970378,
        "vel_nees_z": 2.0026284594950314,
        "nis_over_dof": 0.009548450264961804,
        "applied": 0.9999999999999999
      },
      "learned": {
        "vel_rmse": 0.04871067672180657,
        "vel_nees": 2.8322858565558575,
        "vel_nees_tangent": 4.8317719227231715,
        "vel_nees_x": 0.07528828797115238,
        "vel_nees_y": 0.079138135945791,
        "vel_nees_z": 1.42263669222679,
        "nis_over_dof": 0.13273843125446746,
        "applied": 0.9999999999999999
      }
    },
    {
      "mode": "hard_stepping/seed27",
      "rollout": "hard_stepping/seed27",
      "baseline": {
        "vel_rmse": 0.06187650061761749,
        "vel_nees": 4.711327474820552,
        "vel_nees_tangent": 6.580368070799619,
        "vel_nees_x": 0.05812809337318238,
        "vel_nees_y": 0.07298798336214275,
        "vel_nees_z": 2.894347971465953,
        "nis_over_dof": 0.014109930229590915,
        "applied": 0.9999999999999999
      },
      "learned": {
        "vel_rmse": 0.05707015779666622,
        "vel_nees": 4.20678137836565,
        "vel_nees_tangent": 7.306616154792747,
        "vel_nees_x": 0.042072955592918494,
        "vel_nees_y": 0.08942964683881657,
        "vel_nees_z": 2.7679983872471268,
        "nis_over_dof": 0.14750899935726336,
        "applied": 0.9999999999999999
      }
    },
    {
      "mode": "stepping_stones/seed22",
      "rollout": "stepping_stones/seed22",
      "baseline": {
        "vel_rmse": 0.05502589544909181,
        "vel_nees": 3.7890936357418847,
        "vel_nees_tangent": 5.228076278557144,
        "vel_nees_x": 0.07037878887187993,
        "vel_nees_y": 0.05307722958974436,
        "vel_nees_z": 2.260820985818893,
        "nis_over_dof": 0.010696378873810539,
        "applied": 0.9999999999999999
      },
      "learned": {
        "vel_rmse": 0.05434802144318129,
        "vel_nees": 3.482906151452711,
        "vel_nees_tangent": 6.0982678047232115,
        "vel_nees_x": 0.08562968347213783,
        "vel_nees_y": 0.05784088774843314,
        "vel_nees_z": 2.1198364236630094,
        "nis_over_dof": 0.12056519222816947,
        "applied": 0.9999999999999999
      }
    },
    {
      "mode": "waves/seed25",
      "rollout": "waves/seed25",
      "baseline": {
        "vel_rmse": 0.05429266381876227,
        "vel_nees": 3.876504358601226,
        "vel_nees_tangent": 5.263272485057155,
        "vel_nees_x": 0.05643882781619317,
        "vel_nees_y": 0.04414943432361544,
        "vel_nees_z": 2.169316671417653,
        "nis_over_dof": 0.009545846302603187,
        "applied": 0.9999999999999999
      },
      "learned": {
        "vel_rmse": 0.04622880578544834,
        "vel_nees": 2.847158551638799,
        "vel_nees_tangent": 3.8903337321025604,
        "vel_nees_x": 0.030511957368003075,
        "vel_nees_y": 0.046181700772217324,
        "vel_nees_z": 1.6941201207317809,
        "nis_over_dof": 0.12562448638485887,
        "applied": 0.9999999999999999
      }
    }
  ],
  "loss_first": 0.38463163763152036,
  "loss_last": 0.0016392885603786083
}
  plots -> /home/llibshutz/alex/invariant-estimation/results/l_ablation/L128_C_l2velori/training.png, /home/llibshutz/alex/invariant-estimation/results/l_ablation/L128_C_l2velori/validation.png
[2026-08-09 04:07:13] --- cell L=128 C_l2velori complete: 6000 steps ---
[2026-08-09 04:07:13] --- cell L=128 D_l2velposori (l2_vel_pos_ori) -> results/l_ablation/L128_D_l2velposori ---
Failed to import warp: No module named 'warp'
Failed to import mujoco_warp: No module named 'warp'
== run directory: /home/llibshutz/alex/invariant-estimation/results/l_ablation/L128_D_l2velposori ==
collector: 9 filtered joints, 8 IMUs, 8 contacts, 4 off-path joints, dt=0.001 (1000 Hz)  [built in 0.9s]
pool 'n8fix': 25 rollouts over {'flat': 8, 'hard_stepping': 7, 'stepping_stones': 4, 'waves': 6}
train rollouts: ['flat_n8fix_seed000.npz', 'flat_n8fix_seed004.npz', 'flat_n8fix_seed008.npz', 'flat_n8fix_seed012.npz', 'flat_n8fix_seed016.npz', 'flat_n8fix_seed020.npz', 'flat_n8fix_seed024.npz', 'hard_stepping_n8fix_seed003.npz', 'hard_stepping_n8fix_seed007.npz', 'hard_stepping_n8fix_seed011.npz', 'hard_stepping_n8fix_seed015.npz', 'hard_stepping_n8fix_seed019.npz', 'hard_stepping_n8fix_seed023.npz', 'stepping_stones_n8fix_seed006.npz', 'stepping_stones_n8fix_seed014.npz', 'stepping_stones_n8fix_seed018.npz', 'waves_n8fix_seed001.npz', 'waves_n8fix_seed005.npz', 'waves_n8fix_seed009.npz', 'waves_n8fix_seed017.npz', 'waves_n8fix_seed021.npz']
val rollouts:   ['flat_n8fix_seed028.npz', 'hard_stepping_n8fix_seed027.npz', 'stepping_stones_n8fix_seed022.npz', 'waves_n8fix_seed025.npz']
== building channel caches ==
  reused flat_n8fix_seed000_feat.npz (cache newer than rollout, channels match)
  reused flat_n8fix_seed004_feat.npz (cache newer than rollout, channels match)
  reused flat_n8fix_seed008_feat.npz (cache newer than rollout, channels match)
  reused flat_n8fix_seed012_feat.npz (cache newer than rollout, channels match)
  reused flat_n8fix_seed016_feat.npz (cache newer than rollout, channels match)
  reused flat_n8fix_seed020_feat.npz (cache newer than rollout, channels match)
  reused flat_n8fix_seed024_feat.npz (cache newer than rollout, channels match)
  reused hard_stepping_n8fix_seed003_feat.npz (cache newer than rollout, channels match)
  reused hard_stepping_n8fix_seed007_feat.npz (cache newer than rollout, channels match)
  reused hard_stepping_n8fix_seed011_feat.npz (cache newer than rollout, channels match)
  reused hard_stepping_n8fix_seed015_feat.npz (cache newer than rollout, channels match)
  reused hard_stepping_n8fix_seed019_feat.npz (cache newer than rollout, channels match)
  reused hard_stepping_n8fix_seed023_feat.npz (cache newer than rollout, channels match)
  reused stepping_stones_n8fix_seed006_feat.npz (cache newer than rollout, channels match)
  reused stepping_stones_n8fix_seed014_feat.npz (cache newer than rollout, channels match)
  reused stepping_stones_n8fix_seed018_feat.npz (cache newer than rollout, channels match)
  reused waves_n8fix_seed001_feat.npz (cache newer than rollout, channels match)
  reused waves_n8fix_seed005_feat.npz (cache newer than rollout, channels match)
  reused waves_n8fix_seed009_feat.npz (cache newer than rollout, channels match)
  reused waves_n8fix_seed017_feat.npz (cache newer than rollout, channels match)
  reused waves_n8fix_seed021_feat.npz (cache newer than rollout, channels match)
  reused flat_n8fix_seed028_feat.npz (cache newer than rollout, channels match)
  reused hard_stepping_n8fix_seed027_feat.npz (cache newer than rollout, channels match)
  reused stepping_stones_n8fix_seed022_feat.npz (cache newer than rollout, channels match)
  reused waves_n8fix_seed025_feat.npz (cache newer than rollout, channels match)
== fitting normalization (train, walking set) ==
  floored channels: []
  cfg: F=30 d_in=600 H=20 (window 19 ms, consecutive ticks) L=128 B=32 objective=l2_vel_pos_ori episode_s=43.0
== preparing rollouts ==
  prepared flat/seed0: T=44000, starts=[16019, 43872] (27854 legal)
  prepared flat/seed4: T=44000, starts=[16019, 43872] (27854 legal)
  prepared flat/seed8: T=44000, starts=[16019, 43872] (27854 legal)
  prepared flat/seed12: T=44000, starts=[16019, 43872] (27854 legal)
  prepared flat/seed16: T=44000, starts=[16019, 43872] (27854 legal)
  prepared flat/seed20: T=44000, starts=[16019, 43872] (27854 legal)
  prepared flat/seed24: T=44000, starts=[16019, 43872] (27854 legal)
  prepared hard_stepping/seed3: T=44000, starts=[16019, 43872] (27854 legal)
  prepared hard_stepping/seed7: T=44000, starts=[16019, 43872] (27854 legal)
  prepared hard_stepping/seed11: T=44000, starts=[16019, 43872] (27854 legal)
  prepared hard_stepping/seed15: T=44000, starts=[16019, 43872] (27854 legal)
  prepared hard_stepping/seed19: T=44000, starts=[16019, 43872] (27854 legal)
  prepared hard_stepping/seed23: T=44000, starts=[16019, 43872] (27854 legal)
  prepared stepping_stones/seed6: T=44000, starts=[16019, 43872] (27854 legal)
  prepared stepping_stones/seed14: T=44000, starts=[16019, 43872] (27854 legal)
  prepared stepping_stones/seed18: T=44000, starts=[16019, 43872] (27854 legal)
  prepared waves/seed1: T=44000, starts=[16019, 43872] (27854 legal)
  prepared waves/seed5: T=44000, starts=[16019, 43872] (27854 legal)
  prepared waves/seed9: T=44000, starts=[16019, 43872] (27854 legal)
  prepared waves/seed17: T=44000, starts=[16019, 43872] (27854 legal)
  prepared waves/seed21: T=44000, starts=[16019, 43872] (27854 legal)
  prepared flat/seed28: T=44000, starts=[16019, 43872] (27854 legal)
  prepared hard_stepping/seed27: T=44000, starts=[16019, 43872] (27854 legal)
  prepared stepping_stones/seed22: T=44000, starts=[16019, 43872] (27854 legal)
  prepared waves/seed25: T=44000, starts=[16019, 43872] (27854 legal)
== re-flooring contact measurement noise: pool collected at 0, training at 0.0001 (delta +0.0001 on diag(sigma_q)) ==
== measuring P0 ==
  P0 from flat/seed0 ticks [16019, 19019): diag(R)=[6.64983805e-05 6.89037297e-05 1.00027989e+00], diag(v)=[0.00079118 0.00077245 0.00018433], diag(p)=[0.12287249 0.12097755 0.12140872], diag(d)=[0.12287031 0.12097683 0.12141024 0.12286839 0.12097627 0.1214101
 0.1228721  0.12098173 0.12140916 0.12287092 0.12098141 0.12140908
 0.12291139 0.12104048 0.12144945 0.12291014 0.12104344 0.12144625
 0.12293942 0.12105974 0.12142006 0.12287423 0.12097469 0.12141085], eig in [8.791e-08, 1.152e+00]
== building network + batcher ==
  pose-weight measurement (warm batch, init net): L_vel=2.564e-01 L_pos=2.949e-02 L_ori=1.089e-02
  pose weights (frozen): w_pos=4.3474e+00 w_ori=1.1769e+01 (ratio=0.5, objective=l2_vel_pos_ori)
== training ==
step    0 loss 5.12842e-01 |g| 2.17e+00 NIS/dof 9.864e+00 applied 1.00 reseeds 1
step   10 loss 1.80708e+00 |g| 6.47e+01 NIS/dof 1.183e+01 applied 1.00 reseeds 2
step   20 loss 1.54693e+00 |g| 4.51e+01 NIS/dof 1.100e+01 applied 1.00 reseeds 4
step   30 loss 1.48141e+00 |g| 1.01e+01 NIS/dof 8.198e+00 applied 1.00 reseeds 4
step   40 loss 1.32834e+00 |g| 1.03e+01 NIS/dof 7.078e+00 applied 1.00 reseeds 5
step   50 loss 1.37054e+00 |g| 1.01e+01 NIS/dof 8.940e+00 applied 1.00 reseeds 10
step   60 loss 1.01306e+00 |g| 6.60e+00 NIS/dof 7.593e+00 applied 1.00 reseeds 16
step   70 loss 1.14671e+00 |g| 1.01e+01 NIS/dof 8.426e+00 applied 1.00 reseeds 18
step   80 loss 1.29766e+00 |g| 1.55e+01 NIS/dof 9.942e+00 applied 1.00 reseeds 21
step   90 loss 1.08369e+00 |g| 2.52e+01 NIS/dof 8.052e+00 applied 1.00 reseeds 23
step  100 loss 1.23874e+00 |g| 1.55e+01 NIS/dof 9.237e+00 applied 1.00 reseeds 26
step  110 loss 1.08362e+00 |g| 9.28e+00 NIS/dof 7.278e+00 applied 1.00 reseeds 29
step  120 loss 9.73366e-01 |g| 6.69e+00 NIS/dof 7.412e+00 applied 1.00 reseeds 29
step  130 loss 7.31294e-01 |g| 6.64e+00 NIS/dof 5.303e+00 applied 1.00 reseeds 31
step  140 loss 9.75988e-01 |g| 1.62e+01 NIS/dof 8.520e+00 applied 1.00 reseeds 34
step  150 loss 9.81070e-01 |g| 4.91e+00 NIS/dof 8.577e+00 applied 1.00 reseeds 37
step  160 loss 1.00423e+00 |g| 7.31e+00 NIS/dof 6.942e+00 applied 1.00 reseeds 38
step  170 loss 8.32866e-01 |g| 3.00e+00 NIS/dof 7.153e+00 applied 1.00 reseeds 40
step  180 loss 9.60860e-01 |g| 3.58e+00 NIS/dof 6.882e+00 applied 1.00 reseeds 43
step  190 loss 8.63449e-01 |g| 1.50e+01 NIS/dof 7.951e+00 applied 1.00 reseeds 50
step  200 loss 9.08849e-01 |g| 6.12e+00 NIS/dof 8.512e+00 applied 1.00 reseeds 57
step  210 loss 8.39939e-01 |g| 1.40e+01 NIS/dof 8.563e+00 applied 1.00 reseeds 62
step  220 loss 8.63166e-01 |g| 8.44e+00 NIS/dof 6.324e+00 applied 1.00 reseeds 67
step  230 loss 8.53177e-01 |g| 5.16e+00 NIS/dof 6.357e+00 applied 1.00 reseeds 73
step  240 loss 1.12118e+00 |g| 4.56e+00 NIS/dof 7.391e+00 applied 1.00 reseeds 78
step  250 loss 1.05331e+00 |g| 1.62e+01 NIS/dof 9.219e+00 applied 1.00 reseeds 83
step  260 loss 1.08859e+00 |g| 5.97e+00 NIS/dof 7.929e+00 applied 1.00 reseeds 84
step  270 loss 8.21189e-01 |g| 7.62e+00 NIS/dof 7.878e+00 applied 1.00 reseeds 88
step  280 loss 8.47269e-01 |g| 1.21e+01 NIS/dof 6.709e+00 applied 1.00 reseeds 91
step  290 loss 8.04207e-01 |g| 1.03e+01 NIS/dof 8.805e+00 applied 1.00 reseeds 92
step  300 loss 1.04862e+00 |g| 8.86e+00 NIS/dof 6.849e+00 applied 1.00 reseeds 93
step  310 loss 9.09375e-01 |g| 1.97e+01 NIS/dof 7.865e+00 applied 1.00 reseeds 97
step  320 loss 7.47470e-01 |g| 1.23e+01 NIS/dof 7.909e+00 applied 1.00 reseeds 97
step  330 loss 7.87357e-01 |g| 2.81e+01 NIS/dof 7.825e+00 applied 1.00 reseeds 100
step  340 loss 7.25145e-01 |g| 1.13e+01 NIS/dof 7.787e+00 applied 1.00 reseeds 102
step  350 loss 7.15720e-01 |g| 2.62e+01 NIS/dof 7.769e+00 applied 1.00 reseeds 105
step  360 loss 7.47183e-01 |g| 1.07e+01 NIS/dof 7.550e+00 applied 1.00 reseeds 110
step  370 loss 7.06435e-01 |g| 1.05e+01 NIS/dof 7.140e+00 applied 1.00 reseeds 114
step  380 loss 8.08789e-01 |g| 1.74e+01 NIS/dof 7.480e+00 applied 1.00 reseeds 115
step  390 loss 7.52679e-01 |g| 2.33e+01 NIS/dof 7.505e+00 applied 1.00 reseeds 119
step  400 loss 6.70478e-01 |g| 1.63e+01 NIS/dof 7.535e+00 applied 1.00 reseeds 124
step  410 loss 5.48382e-01 |g| 9.93e+00 NIS/dof 5.922e+00 applied 1.00 reseeds 126
step  420 loss 4.98335e-01 |g| 7.68e+00 NIS/dof 6.159e+00 applied 1.00 reseeds 134
step  430 loss 4.99785e-01 |g| 1.31e+01 NIS/dof 5.468e+00 applied 1.00 reseeds 139
step  440 loss 4.04846e-01 |g| 7.28e+00 NIS/dof 4.282e+00 applied 1.00 reseeds 143
step  450 loss 4.06895e-01 |g| 5.79e+00 NIS/dof 3.338e+00 applied 1.00 reseeds 144
step  460 loss 3.16602e-01 |g| 7.06e+00 NIS/dof 2.923e+00 applied 1.00 reseeds 148
step  470 loss 2.87416e-01 |g| 4.13e+00 NIS/dof 2.635e+00 applied 1.00 reseeds 148
step  480 loss 2.44416e-01 |g| 8.28e+00 NIS/dof 2.661e+00 applied 1.00 reseeds 150
step  490 loss 2.40500e-01 |g| 6.08e+00 NIS/dof 3.304e+00 applied 1.00 reseeds 156
step  500 loss 1.82315e-01 |g| 6.82e+00 NIS/dof 2.523e+00 applied 1.00 reseeds 159
step  510 loss 1.94984e-01 |g| 1.71e+01 NIS/dof 1.872e+00 applied 1.00 reseeds 161
step  520 loss 2.78827e-01 |g| 1.09e+01 NIS/dof 3.249e+00 applied 1.00 reseeds 161
step  530 loss 2.01052e-01 |g| 2.10e+00 NIS/dof 1.747e+00 applied 1.00 reseeds 165
step  540 loss 3.48048e-01 |g| 5.23e+00 NIS/dof 2.974e+00 applied 1.00 reseeds 168
step  550 loss 1.97961e-01 |g| 3.22e+00 NIS/dof 1.820e+00 applied 1.00 reseeds 173
step  560 loss 1.90615e-01 |g| 4.79e+00 NIS/dof 2.213e+00 applied 1.00 reseeds 177
step  570 loss 1.70640e-01 |g| 8.07e+00 NIS/dof 1.998e+00 applied 1.00 reseeds 182
step  580 loss 9.27298e-02 |g| 8.47e+00 NIS/dof 1.153e+00 applied 1.00 reseeds 185
step  590 loss 7.24873e-02 |g| 3.17e+00 NIS/dof 8.906e-01 applied 1.00 reseeds 188
step  600 loss 8.08403e-02 |g| 2.08e+00 NIS/dof 1.057e+00 applied 1.00 reseeds 191
step  610 loss 5.43876e-02 |g| 4.47e+00 NIS/dof 6.337e-01 applied 1.00 reseeds 194
step  620 loss 5.12175e-02 |g| 1.25e+00 NIS/dof 6.020e-01 applied 1.00 reseeds 196
step  630 loss 5.20795e-02 |g| 1.84e+00 NIS/dof 7.353e-01 applied 1.00 reseeds 198
step  640 loss 4.35469e-02 |g| 6.21e+00 NIS/dof 5.675e-01 applied 1.00 reseeds 202
step  650 loss 3.49513e-02 |g| 1.62e+00 NIS/dof 5.998e-01 applied 1.00 reseeds 203
step  660 loss 4.07492e-02 |g| 2.31e+00 NIS/dof 8.027e-01 applied 1.00 reseeds 210
step  670 loss 2.66726e-02 |g| 7.24e-01 NIS/dof 4.798e-01 applied 1.00 reseeds 213
step  680 loss 3.37075e-02 |g| 3.01e+00 NIS/dof 6.124e-01 applied 1.00 reseeds 216
step  690 loss 2.30211e-02 |g| 6.20e-01 NIS/dof 4.700e-01 applied 1.00 reseeds 218
step  700 loss 3.15650e-02 |g| 1.76e+00 NIS/dof 4.285e-01 applied 1.00 reseeds 222
step  710 loss 2.17503e-02 |g| 1.53e+00 NIS/dof 4.334e-01 applied 1.00 reseeds 224
step  720 loss 2.81042e-02 |g| 1.39e+00 NIS/dof 4.388e-01 applied 1.00 reseeds 230
step  730 loss 2.82022e-02 |g| 1.12e+00 NIS/dof 5.068e-01 applied 1.00 reseeds 236
step  740 loss 1.56614e-02 |g| 5.36e-01 NIS/dof 3.040e-01 applied 1.00 reseeds 237
step  750 loss 1.53594e-02 |g| 9.60e-01 NIS/dof 2.998e-01 applied 1.00 reseeds 244
step  760 loss 2.55812e-02 |g| 7.76e-01 NIS/dof 3.185e-01 applied 1.00 reseeds 245
step  770 loss 5.25677e-02 |g| 5.01e+00 NIS/dof 5.968e-01 applied 1.00 reseeds 248
step  780 loss 2.48159e-02 |g| 6.10e-01 NIS/dof 3.411e-01 applied 1.00 reseeds 254
step  790 loss 2.03621e-02 |g| 6.43e-01 NIS/dof 2.919e-01 applied 1.00 reseeds 256
step  800 loss 1.99075e-02 |g| 7.10e-01 NIS/dof 2.829e-01 applied 1.00 reseeds 259
step  810 loss 1.64893e-02 |g| 8.03e-01 NIS/dof 2.140e-01 applied 1.00 reseeds 262
step  820 loss 1.55333e-02 |g| 4.58e-01 NIS/dof 2.317e-01 applied 1.00 reseeds 265
step  830 loss 1.55477e-02 |g| 8.79e-01 NIS/dof 1.996e-01 applied 1.00 reseeds 267
step  840 loss 1.00697e-02 |g| 3.48e-01 NIS/dof 1.932e-01 applied 1.00 reseeds 272
step  850 loss 1.52422e-02 |g| 5.90e-01 NIS/dof 2.693e-01 applied 1.00 reseeds 278
step  860 loss 1.25411e-02 |g| 1.74e-01 NIS/dof 2.003e-01 applied 1.00 reseeds 278
step  870 loss 1.83639e-02 |g| 4.67e-01 NIS/dof 2.858e-01 applied 1.00 reseeds 283
step  880 loss 1.17568e-02 |g| 7.04e-01 NIS/dof 2.017e-01 applied 1.00 reseeds 284
step  890 loss 1.41484e-02 |g| 4.30e-01 NIS/dof 2.222e-01 applied 1.00 reseeds 289
step  900 loss 1.42625e-02 |g| 3.16e+00 NIS/dof 1.781e-01 applied 1.00 reseeds 293
step  910 loss 1.28892e-02 |g| 1.82e+00 NIS/dof 2.200e-01 applied 1.00 reseeds 295
step  920 loss 1.81870e-02 |g| 9.23e-01 NIS/dof 1.796e-01 applied 1.00 reseeds 297
step  930 loss 1.24535e-02 |g| 1.16e+00 NIS/dof 1.574e-01 applied 1.00 reseeds 298
step  940 loss 1.05887e-02 |g| 2.79e-01 NIS/dof 1.347e-01 applied 1.00 reseeds 301
step  950 loss 1.23197e-02 |g| 1.95e-01 NIS/dof 1.465e-01 applied 1.00 reseeds 307
step  960 loss 9.54577e-03 |g| 4.19e-01 NIS/dof 1.211e-01 applied 1.00 reseeds 309
step  970 loss 1.94886e-02 |g| 5.85e-01 NIS/dof 2.229e-01 applied 1.00 reseeds 311
step  980 loss 1.01202e-02 |g| 1.86e-01 NIS/dof 1.384e-01 applied 1.00 reseeds 311
step  990 loss 1.15615e-02 |g| 3.83e-01 NIS/dof 1.968e-01 applied 1.00 reseeds 319
step 1000 loss 1.55894e-02 |g| 3.61e-01 NIS/dof 1.689e-01 applied 1.00 reseeds 321
step 1010 loss 7.60765e-03 |g| 1.60e-01 NIS/dof 1.257e-01 applied 1.00 reseeds 326
step 1020 loss 7.18710e-03 |g| 2.44e-01 NIS/dof 1.304e-01 applied 1.00 reseeds 328
step 1030 loss 9.40696e-03 |g| 3.55e-01 NIS/dof 1.085e-01 applied 1.00 reseeds 331
step 1040 loss 8.13004e-03 |g| 2.58e-01 NIS/dof 1.304e-01 applied 1.00 reseeds 333
step 1050 loss 7.98057e-03 |g| 3.59e-01 NIS/dof 1.328e-01 applied 1.00 reseeds 334
step 1060 loss 8.64338e-03 |g| 4.01e-01 NIS/dof 1.453e-01 applied 1.00 reseeds 336
step 1070 loss 1.16036e-02 |g| 1.59e-01 NIS/dof 1.178e-01 applied 1.00 reseeds 339
step 1080 loss 1.24347e-02 |g| 5.59e-01 NIS/dof 1.742e-01 applied 1.00 reseeds 342
step 1090 loss 7.11925e-03 |g| 1.51e-01 NIS/dof 1.114e-01 applied 1.00 reseeds 345
step 1100 loss 1.71607e-02 |g| 1.48e+00 NIS/dof 2.690e-01 applied 1.00 reseeds 348
step 1110 loss 6.15667e-03 |g| 9.04e-02 NIS/dof 8.807e-02 applied 1.00 reseeds 351
step 1120 loss 7.94975e-03 |g| 3.01e-01 NIS/dof 1.125e-01 applied 1.00 reseeds 354
step 1130 loss 5.94282e-03 |g| 1.48e-01 NIS/dof 1.144e-01 applied 1.00 reseeds 357
step 1140 loss 6.46388e-03 |g| 1.07e-01 NIS/dof 1.008e-01 applied 1.00 reseeds 363
step 1150 loss 6.80370e-03 |g| 2.30e-01 NIS/dof 1.075e-01 applied 1.00 reseeds 370
step 1160 loss 7.01340e-03 |g| 1.87e-01 NIS/dof 1.378e-01 applied 1.00 reseeds 375
step 1170 loss 7.72840e-03 |g| 3.52e-01 NIS/dof 1.280e-01 applied 1.00 reseeds 377
step 1180 loss 1.15740e-02 |g| 2.57e-01 NIS/dof 1.524e-01 applied 1.00 reseeds 379
step 1190 loss 9.96305e-03 |g| 2.69e-01 NIS/dof 1.313e-01 applied 1.00 reseeds 382
step 1200 loss 5.49395e-03 |g| 7.62e-02 NIS/dof 1.009e-01 applied 1.00 reseeds 385
step 1210 loss 6.89201e-03 |g| 1.05e-01 NIS/dof 1.202e-01 applied 1.00 reseeds 387
step 1220 loss 8.59985e-03 |g| 8.40e-01 NIS/dof 1.366e-01 applied 1.00 reseeds 390
step 1230 loss 6.02338e-03 |g| 6.40e-01 NIS/dof 1.128e-01 applied 1.00 reseeds 391
step 1240 loss 6.48536e-03 |g| 2.22e-01 NIS/dof 1.006e-01 applied 1.00 reseeds 397
step 1250 loss 1.22357e-02 |g| 4.57e-01 NIS/dof 1.104e-01 applied 1.00 reseeds 399
step 1260 loss 5.18539e-03 |g| 1.30e-01 NIS/dof 9.263e-02 applied 1.00 reseeds 402
step 1270 loss 5.07620e-03 |g| 1.21e-01 NIS/dof 8.721e-02 applied 1.00 reseeds 406
step 1280 loss 8.44712e-03 |g| 4.57e-01 NIS/dof 1.086e-01 applied 1.00 reseeds 410
step 1290 loss 7.09633e-03 |g| 4.22e-01 NIS/dof 1.058e-01 applied 1.00 reseeds 413
step 1300 loss 8.40325e-03 |g| 6.82e-01 NIS/dof 1.327e-01 applied 1.00 reseeds 418
step 1310 loss 9.84231e-03 |g| 6.84e-01 NIS/dof 1.328e-01 applied 1.00 reseeds 420
step 1320 loss 1.25079e-02 |g| 4.39e-01 NIS/dof 1.421e-01 applied 1.00 reseeds 425
step 1330 loss 9.51454e-03 |g| 1.63e-01 NIS/dof 1.061e-01 applied 1.00 reseeds 429
step 1340 loss 9.47783e-03 |g| 3.74e-01 NIS/dof 1.449e-01 applied 1.00 reseeds 431
step 1350 loss 9.16595e-03 |g| 8.23e-01 NIS/dof 9.690e-02 applied 1.00 reseeds 434
step 1360 loss 6.70538e-03 |g| 3.39e-01 NIS/dof 1.030e-01 applied 1.00 reseeds 435
step 1370 loss 7.86940e-03 |g| 2.25e-01 NIS/dof 1.204e-01 applied 1.00 reseeds 440
step 1380 loss 7.05559e-03 |g| 2.33e-01 NIS/dof 1.163e-01 applied 1.00 reseeds 443
step 1390 loss 8.52225e-03 |g| 2.83e-01 NIS/dof 1.069e-01 applied 1.00 reseeds 445
step 1400 loss 9.11731e-03 |g| 9.30e-01 NIS/dof 1.022e-01 applied 1.00 reseeds 446
step 1410 loss 4.19939e-03 |g| 9.56e-02 NIS/dof 6.808e-02 applied 1.00 reseeds 448
step 1420 loss 8.45157e-03 |g| 3.05e-01 NIS/dof 9.194e-02 applied 1.00 reseeds 452
step 1430 loss 5.74904e-03 |g| 1.94e-01 NIS/dof 8.117e-02 applied 1.00 reseeds 452
step 1440 loss 7.86871e-03 |g| 1.67e-01 NIS/dof 6.874e-02 applied 1.00 reseeds 455
step 1450 loss 1.51308e-02 |g| 1.64e+00 NIS/dof 9.978e-02 applied 1.00 reseeds 458
step 1460 loss 1.00780e-02 |g| 2.55e-01 NIS/dof 9.245e-02 applied 1.00 reseeds 463
step 1470 loss 1.00720e-02 |g| 1.35e+00 NIS/dof 1.265e-01 applied 1.00 reseeds 468
step 1480 loss 1.07079e-02 |g| 4.04e-01 NIS/dof 1.163e-01 applied 1.00 reseeds 472
step 1490 loss 9.55738e-03 |g| 2.73e-01 NIS/dof 1.104e-01 applied 1.00 reseeds 478
step 1500 loss 6.88183e-03 |g| 1.45e-01 NIS/dof 8.789e-02 applied 1.00 reseeds 485
step 1510 loss 5.99366e-03 |g| 1.96e-01 NIS/dof 8.195e-02 applied 1.00 reseeds 487
step 1520 loss 6.99199e-03 |g| 7.25e-01 NIS/dof 1.169e-01 applied 1.00 reseeds 489
step 1530 loss 5.99989e-03 |g| 1.63e-01 NIS/dof 8.821e-02 applied 1.00 reseeds 491
step 1540 loss 5.50808e-03 |g| 1.37e-01 NIS/dof 1.060e-01 applied 1.00 reseeds 496
step 1550 loss 1.05570e-02 |g| 6.84e-01 NIS/dof 1.033e-01 applied 1.00 reseeds 498
step 1560 loss 1.65313e-02 |g| 4.74e-01 NIS/dof 9.995e-02 applied 1.00 reseeds 500
step 1570 loss 1.22379e-02 |g| 1.05e-01 NIS/dof 8.332e-02 applied 1.00 reseeds 502
step 1580 loss 6.13542e-03 |g| 1.10e-01 NIS/dof 6.282e-02 applied 1.00 reseeds 505
step 1590 loss 6.96748e-03 |g| 2.04e-01 NIS/dof 9.904e-02 applied 1.00 reseeds 507
step 1600 loss 1.03174e-02 |g| 3.09e-01 NIS/dof 1.122e-01 applied 1.00 reseeds 509
step 1610 loss 6.65600e-03 |g| 3.04e-01 NIS/dof 9.117e-02 applied 1.00 reseeds 512
step 1620 loss 6.38858e-03 |g| 7.24e-02 NIS/dof 6.671e-02 applied 1.00 reseeds 514
step 1630 loss 4.97350e-03 |g| 2.23e-01 NIS/dof 6.546e-02 applied 1.00 reseeds 520
step 1640 loss 8.70203e-03 |g| 6.70e-01 NIS/dof 7.858e-02 applied 1.00 reseeds 523
step 1650 loss 7.26108e-03 |g| 3.78e-01 NIS/dof 8.266e-02 applied 1.00 reseeds 524
step 1660 loss 7.35727e-03 |g| 3.06e-01 NIS/dof 9.507e-02 applied 1.00 reseeds 529
step 1670 loss 9.91429e-03 |g| 4.85e-01 NIS/dof 1.083e-01 applied 1.00 reseeds 530
step 1680 loss 8.00081e-03 |g| 1.99e+00 NIS/dof 7.110e-02 applied 1.00 reseeds 534
step 1690 loss 6.32859e-03 |g| 4.14e-01 NIS/dof 5.934e-02 applied 1.00 reseeds 538
step 1700 loss 5.93261e-03 |g| 2.61e-01 NIS/dof 6.627e-02 applied 1.00 reseeds 542
step 1710 loss 7.87267e-03 |g| 1.60e-01 NIS/dof 7.963e-02 applied 1.00 reseeds 543
step 1720 loss 7.55887e-03 |g| 6.95e-01 NIS/dof 8.469e-02 applied 1.00 reseeds 544
step 1730 loss 1.09847e-02 |g| 3.07e-01 NIS/dof 1.181e-01 applied 1.00 reseeds 547
step 1740 loss 7.50501e-03 |g| 2.09e-01 NIS/dof 9.911e-02 applied 1.00 reseeds 548
step 1750 loss 7.42680e-03 |g| 3.94e-01 NIS/dof 7.287e-02 applied 1.00 reseeds 554
step 1760 loss 4.70183e-03 |g| 1.00e-01 NIS/dof 8.092e-02 applied 1.00 reseeds 557
step 1770 loss 7.09615e-03 |g| 7.52e-01 NIS/dof 6.362e-02 applied 1.00 reseeds 558
step 1780 loss 4.96493e-03 |g| 1.26e-01 NIS/dof 8.920e-02 applied 1.00 reseeds 562
step 1790 loss 5.55997e-03 |g| 1.77e-01 NIS/dof 7.531e-02 applied 1.00 reseeds 564
step 1800 loss 6.46388e-03 |g| 1.20e-01 NIS/dof 8.502e-02 applied 1.00 reseeds 565
step 1810 loss 4.40913e-03 |g| 1.54e-01 NIS/dof 8.172e-02 applied 1.00 reseeds 572
step 1820 loss 6.08200e-03 |g| 1.31e-01 NIS/dof 8.169e-02 applied 1.00 reseeds 576
step 1830 loss 5.07656e-03 |g| 1.40e-01 NIS/dof 1.076e-01 applied 1.00 reseeds 579
step 1840 loss 6.34162e-03 |g| 9.55e-02 NIS/dof 7.281e-02 applied 1.00 reseeds 582
step 1850 loss 6.78053e-03 |g| 4.61e-01 NIS/dof 8.859e-02 applied 1.00 reseeds 584
step 1860 loss 6.64961e-03 |g| 1.45e-01 NIS/dof 5.698e-02 applied 1.00 reseeds 587
step 1870 loss 8.56903e-03 |g| 1.97e-01 NIS/dof 7.046e-02 applied 1.00 reseeds 589
step 1880 loss 7.38074e-03 |g| 4.27e-01 NIS/dof 8.839e-02 applied 1.00 reseeds 592
step 1890 loss 7.95974e-03 |g| 3.55e-01 NIS/dof 9.529e-02 applied 1.00 reseeds 596
step 1900 loss 6.43145e-03 |g| 2.15e-01 NIS/dof 8.921e-02 applied 1.00 reseeds 600
step 1910 loss 5.95526e-03 |g| 2.69e-01 NIS/dof 5.624e-02 applied 1.00 reseeds 601
step 1920 loss 4.91498e-03 |g| 7.54e-02 NIS/dof 4.866e-02 applied 1.00 reseeds 604
step 1930 loss 7.71817e-03 |g| 3.85e-01 NIS/dof 8.956e-02 applied 1.00 reseeds 607
step 1940 loss 6.81300e-03 |g| 1.67e-01 NIS/dof 8.220e-02 applied 1.00 reseeds 610
step 1950 loss 5.73615e-03 |g| 4.08e-01 NIS/dof 7.452e-02 applied 1.00 reseeds 611
step 1960 loss 7.35094e-03 |g| 2.02e-01 NIS/dof 8.658e-02 applied 1.00 reseeds 616
step 1970 loss 8.17719e-03 |g| 3.40e-01 NIS/dof 8.754e-02 applied 1.00 reseeds 619
step 1980 loss 9.22283e-03 |g| 3.55e-01 NIS/dof 7.383e-02 applied 1.00 reseeds 621
step 1990 loss 6.17926e-03 |g| 2.06e-01 NIS/dof 6.100e-02 applied 1.00 reseeds 625
step 2000 loss 1.08561e-02 |g| 5.62e-01 NIS/dof 7.485e-02 applied 1.00 reseeds 628
step 2010 loss 9.83411e-03 |g| 3.26e-01 NIS/dof 6.886e-02 applied 1.00 reseeds 632
step 2020 loss 6.90416e-03 |g| 1.18e-01 NIS/dof 7.066e-02 applied 1.00 reseeds 633
step 2030 loss 9.01797e-03 |g| 1.95e-01 NIS/dof 6.194e-02 applied 1.00 reseeds 636
step 2040 loss 7.89191e-03 |g| 2.22e-01 NIS/dof 7.314e-02 applied 1.00 reseeds 637
step 2050 loss 6.67093e-03 |g| 2.18e-01 NIS/dof 6.618e-02 applied 1.00 reseeds 641
step 2060 loss 7.90861e-03 |g| 2.35e-01 NIS/dof 6.274e-02 applied 1.00 reseeds 642
step 2070 loss 5.87544e-03 |g| 2.35e-01 NIS/dof 5.517e-02 applied 1.00 reseeds 645
step 2080 loss 7.64962e-03 |g| 4.12e-01 NIS/dof 6.525e-02 applied 1.00 reseeds 649
step 2090 loss 6.75621e-03 |g| 9.97e-02 NIS/dof 6.011e-02 applied 1.00 reseeds 650
step 2100 loss 5.92699e-03 |g| 8.96e-02 NIS/dof 6.049e-02 applied 1.00 reseeds 656
step 2110 loss 5.55312e-03 |g| 8.05e-02 NIS/dof 6.245e-02 applied 1.00 reseeds 660
step 2120 loss 7.55053e-03 |g| 3.21e-01 NIS/dof 8.989e-02 applied 1.00 reseeds 661
step 2130 loss 5.55288e-03 |g| 1.09e-01 NIS/dof 7.740e-02 applied 1.00 reseeds 662
step 2140 loss 9.49230e-03 |g| 6.59e-01 NIS/dof 7.492e-02 applied 1.00 reseeds 667
step 2150 loss 6.18643e-03 |g| 1.39e-01 NIS/dof 7.186e-02 applied 1.00 reseeds 671
step 2160 loss 4.97383e-03 |g| 1.83e-01 NIS/dof 7.529e-02 applied 1.00 reseeds 675
step 2170 loss 7.13315e-03 |g| 3.38e-01 NIS/dof 8.220e-02 applied 1.00 reseeds 680
step 2180 loss 5.90557e-03 |g| 2.74e-01 NIS/dof 5.253e-02 applied 1.00 reseeds 680
step 2190 loss 6.05651e-03 |g| 1.39e-01 NIS/dof 7.175e-02 applied 1.00 reseeds 683
step 2200 loss 7.92247e-03 |g| 2.08e-01 NIS/dof 7.592e-02 applied 1.00 reseeds 686
step 2210 loss 7.28026e-03 |g| 2.08e-01 NIS/dof 1.076e-01 applied 1.00 reseeds 694
step 2220 loss 7.52279e-03 |g| 1.27e-01 NIS/dof 8.422e-02 applied 1.00 reseeds 697
step 2230 loss 7.72846e-03 |g| 1.83e-01 NIS/dof 8.655e-02 applied 1.00 reseeds 700
step 2240 loss 5.15416e-03 |g| 1.44e-01 NIS/dof 6.782e-02 applied 1.00 reseeds 705
step 2250 loss 7.13837e-03 |g| 4.08e-01 NIS/dof 6.692e-02 applied 1.00 reseeds 707
step 2260 loss 8.69926e-03 |g| 1.62e-01 NIS/dof 6.137e-02 applied 1.00 reseeds 709
step 2270 loss 6.86247e-03 |g| 2.90e-01 NIS/dof 5.449e-02 applied 1.00 reseeds 712
step 2280 loss 6.85302e-03 |g| 9.13e-02 NIS/dof 6.669e-02 applied 1.00 reseeds 714
step 2290 loss 6.51536e-03 |g| 8.29e-01 NIS/dof 6.963e-02 applied 1.00 reseeds 721
step 2300 loss 6.62350e-03 |g| 1.59e-01 NIS/dof 6.411e-02 applied 1.00 reseeds 722
step 2310 loss 6.28587e-03 |g| 8.57e-02 NIS/dof 6.647e-02 applied 1.00 reseeds 728
step 2320 loss 7.80509e-03 |g| 6.18e-01 NIS/dof 6.692e-02 applied 1.00 reseeds 730
step 2330 loss 4.37025e-03 |g| 1.04e-01 NIS/dof 5.293e-02 applied 1.00 reseeds 734
step 2340 loss 6.32927e-03 |g| 2.91e-01 NIS/dof 7.324e-02 applied 1.00 reseeds 738
step 2350 loss 6.68934e-03 |g| 1.65e-01 NIS/dof 5.336e-02 applied 1.00 reseeds 740
step 2360 loss 6.41548e-03 |g| 1.86e-01 NIS/dof 4.302e-02 applied 1.00 reseeds 741
step 2370 loss 5.09819e-03 |g| 1.35e-01 NIS/dof 7.808e-02 applied 1.00 reseeds 745
step 2380 loss 7.82055e-03 |g| 1.42e-01 NIS/dof 5.872e-02 applied 1.00 reseeds 746
step 2390 loss 5.21790e-03 |g| 1.35e-01 NIS/dof 4.270e-02 applied 1.00 reseeds 749
step 2400 loss 6.03295e-03 |g| 2.80e-01 NIS/dof 4.539e-02 applied 1.00 reseeds 753
step 2410 loss 6.29646e-03 |g| 3.01e-01 NIS/dof 5.508e-02 applied 1.00 reseeds 754
step 2420 loss 8.36029e-03 |g| 3.51e-01 NIS/dof 7.165e-02 applied 1.00 reseeds 757
step 2430 loss 7.92715e-03 |g| 1.52e-01 NIS/dof 4.535e-02 applied 1.00 reseeds 759
step 2440 loss 6.28059e-03 |g| 1.81e-01 NIS/dof 7.555e-02 applied 1.00 reseeds 761
step 2450 loss 1.19015e-02 |g| 8.76e-01 NIS/dof 6.146e-02 applied 1.00 reseeds 764
step 2460 loss 7.91340e-03 |g| 1.37e-01 NIS/dof 1.089e-01 applied 1.00 reseeds 766
step 2470 loss 5.91820e-03 |g| 1.62e-01 NIS/dof 8.619e-02 applied 1.00 reseeds 770
step 2480 loss 5.50177e-03 |g| 1.28e-01 NIS/dof 5.751e-02 applied 1.00 reseeds 774
step 2490 loss 4.63153e-03 |g| 8.26e-02 NIS/dof 5.647e-02 applied 1.00 reseeds 776
step 2500 loss 8.18032e-03 |g| 2.55e-01 NIS/dof 8.289e-02 applied 1.00 reseeds 780
step 2510 loss 5.85483e-03 |g| 8.83e-02 NIS/dof 5.307e-02 applied 1.00 reseeds 785
step 2520 loss 9.14269e-03 |g| 1.09e-01 NIS/dof 7.032e-02 applied 1.00 reseeds 789
step 2530 loss 6.30385e-03 |g| 1.04e-01 NIS/dof 5.742e-02 applied 1.00 reseeds 792
step 2540 loss 5.54292e-03 |g| 2.21e-01 NIS/dof 5.584e-02 applied 1.00 reseeds 794
step 2550 loss 7.10122e-03 |g| 2.27e-01 NIS/dof 5.381e-02 applied 1.00 reseeds 795
step 2560 loss 3.22723e-03 |g| 9.13e-02 NIS/dof 4.758e-02 applied 1.00 reseeds 798
step 2570 loss 7.50873e-03 |g| 5.69e-01 NIS/dof 4.585e-02 applied 1.00 reseeds 802
step 2580 loss 6.95344e-03 |g| 1.81e-01 NIS/dof 5.042e-02 applied 1.00 reseeds 804
step 2590 loss 4.67167e-03 |g| 1.56e-01 NIS/dof 6.161e-02 applied 1.00 reseeds 806
step 2600 loss 8.63129e-03 |g| 4.52e-01 NIS/dof 7.492e-02 applied 1.00 reseeds 811
step 2610 loss 6.63584e-03 |g| 1.83e-01 NIS/dof 7.173e-02 applied 1.00 reseeds 813
step 2620 loss 7.05737e-03 |g| 1.40e-01 NIS/dof 7.557e-02 applied 1.00 reseeds 817
step 2630 loss 6.03940e-03 |g| 2.61e-01 NIS/dof 4.967e-02 applied 1.00 reseeds 820
step 2640 loss 5.18015e-03 |g| 2.07e-01 NIS/dof 6.142e-02 applied 1.00 reseeds 822
step 2650 loss 6.76471e-03 |g| 1.92e-01 NIS/dof 6.122e-02 applied 1.00 reseeds 826
step 2660 loss 7.56879e-03 |g| 2.23e-01 NIS/dof 5.224e-02 applied 1.00 reseeds 827
step 2670 loss 8.57064e-03 |g| 1.61e+00 NIS/dof 1.036e-01 applied 1.00 reseeds 829
step 2680 loss 9.34656e-03 |g| 5.73e-01 NIS/dof 6.074e-02 applied 1.00 reseeds 835
step 2690 loss 5.43155e-03 |g| 1.47e-01 NIS/dof 4.428e-02 applied 1.00 reseeds 839
step 2700 loss 4.66260e-03 |g| 1.50e-01 NIS/dof 6.342e-02 applied 1.00 reseeds 844
step 2710 loss 7.34326e-03 |g| 1.34e-01 NIS/dof 5.621e-02 applied 1.00 reseeds 845
step 2720 loss 5.79260e-03 |g| 9.69e-02 NIS/dof 4.812e-02 applied 1.00 reseeds 848
step 2730 loss 8.12337e-03 |g| 5.58e-02 NIS/dof 5.995e-02 applied 1.00 reseeds 853
step 2740 loss 4.90976e-03 |g| 1.15e-01 NIS/dof 3.800e-02 applied 1.00 reseeds 857
step 2750 loss 6.41945e-03 |g| 1.12e+00 NIS/dof 8.346e-02 applied 1.00 reseeds 861
step 2760 loss 1.40045e-02 |g| 1.16e+00 NIS/dof 6.368e-02 applied 1.00 reseeds 864
step 2770 loss 6.91217e-03 |g| 2.74e-01 NIS/dof 5.582e-02 applied 1.00 reseeds 866
step 2780 loss 9.01740e-03 |g| 5.29e-01 NIS/dof 7.292e-02 applied 1.00 reseeds 869
step 2790 loss 6.72192e-03 |g| 4.17e-02 NIS/dof 5.040e-02 applied 1.00 reseeds 875
step 2800 loss 5.93046e-03 |g| 5.00e-01 NIS/dof 5.449e-02 applied 1.00 reseeds 878
step 2810 loss 8.98870e-03 |g| 4.10e-01 NIS/dof 9.189e-02 applied 1.00 reseeds 881
step 2820 loss 8.33857e-03 |g| 2.65e-01 NIS/dof 4.722e-02 applied 1.00 reseeds 884
step 2830 loss 4.64358e-03 |g| 5.01e-02 NIS/dof 6.958e-02 applied 1.00 reseeds 886
step 2840 loss 3.91904e-03 |g| 1.09e-01 NIS/dof 4.174e-02 applied 1.00 reseeds 890
step 2850 loss 5.88414e-03 |g| 6.05e-01 NIS/dof 6.802e-02 applied 1.00 reseeds 891
step 2860 loss 5.99051e-03 |g| 3.33e-01 NIS/dof 5.692e-02 applied 1.00 reseeds 893
step 2870 loss 6.96196e-03 |g| 1.13e-01 NIS/dof 6.191e-02 applied 1.00 reseeds 896
step 2880 loss 6.16537e-03 |g| 2.59e-01 NIS/dof 5.334e-02 applied 1.00 reseeds 900
step 2890 loss 5.91771e-03 |g| 2.61e-01 NIS/dof 6.838e-02 applied 1.00 reseeds 901
step 2900 loss 6.65793e-03 |g| 1.47e-01 NIS/dof 6.595e-02 applied 1.00 reseeds 905
step 2910 loss 4.38999e-03 |g| 1.64e-01 NIS/dof 4.073e-02 applied 1.00 reseeds 910
step 2920 loss 5.88589e-03 |g| 1.68e-01 NIS/dof 5.605e-02 applied 1.00 reseeds 917
step 2930 loss 4.67400e-03 |g| 1.35e-01 NIS/dof 5.539e-02 applied 1.00 reseeds 918
step 2940 loss 4.55516e-03 |g| 1.22e-01 NIS/dof 6.544e-02 applied 1.00 reseeds 919
step 2950 loss 5.69720e-03 |g| 4.94e-02 NIS/dof 4.534e-02 applied 1.00 reseeds 921
step 2960 loss 4.91317e-03 |g| 1.21e-01 NIS/dof 4.652e-02 applied 1.00 reseeds 923
step 2970 loss 6.08923e-03 |g| 4.17e-01 NIS/dof 6.731e-02 applied 1.00 reseeds 928
step 2980 loss 4.00679e-03 |g| 9.65e-02 NIS/dof 4.798e-02 applied 1.00 reseeds 931
step 2990 loss 6.98882e-03 |g| 1.17e-01 NIS/dof 5.555e-02 applied 1.00 reseeds 936
step 3000 loss 4.54105e-03 |g| 1.36e-01 NIS/dof 5.357e-02 applied 1.00 reseeds 937
step 3010 loss 5.51029e-03 |g| 6.41e-02 NIS/dof 5.649e-02 applied 1.00 reseeds 939
step 3020 loss 6.54139e-03 |g| 1.56e-01 NIS/dof 4.596e-02 applied 1.00 reseeds 948
step 3030 loss 4.72870e-03 |g| 1.14e-01 NIS/dof 4.509e-02 applied 1.00 reseeds 951
step 3040 loss 7.38999e-03 |g| 3.39e-01 NIS/dof 5.131e-02 applied 1.00 reseeds 952
step 3050 loss 6.64061e-03 |g| 1.64e-01 NIS/dof 5.638e-02 applied 1.00 reseeds 958
step 3060 loss 4.56389e-03 |g| 7.16e-02 NIS/dof 5.950e-02 applied 1.00 reseeds 962
step 3070 loss 3.85963e-03 |g| 2.18e-01 NIS/dof 5.160e-02 applied 1.00 reseeds 962
step 3080 loss 4.19381e-03 |g| 9.55e-02 NIS/dof 5.579e-02 applied 1.00 reseeds 965
step 3090 loss 6.51616e-03 |g| 2.51e-01 NIS/dof 6.638e-02 applied 1.00 reseeds 968
step 3100 loss 4.06647e-03 |g| 2.76e-01 NIS/dof 4.027e-02 applied 1.00 reseeds 968
step 3110 loss 7.24934e-03 |g| 9.91e-02 NIS/dof 7.088e-02 applied 1.00 reseeds 975
step 3120 loss 4.83497e-03 |g| 2.59e-01 NIS/dof 5.294e-02 applied 1.00 reseeds 977
step 3130 loss 5.92026e-03 |g| 1.70e-01 NIS/dof 6.535e-02 applied 1.00 reseeds 979
step 3140 loss 6.16670e-03 |g| 1.36e-01 NIS/dof 5.549e-02 applied 1.00 reseeds 979
step 3150 loss 5.71107e-03 |g| 1.48e-01 NIS/dof 5.938e-02 applied 1.00 reseeds 983
step 3160 loss 5.78686e-03 |g| 2.84e-01 NIS/dof 5.315e-02 applied 1.00 reseeds 985
step 3170 loss 6.27107e-03 |g| 1.72e-01 NIS/dof 7.314e-02 applied 1.00 reseeds 988
step 3180 loss 6.57255e-03 |g| 3.80e-01 NIS/dof 5.551e-02 applied 1.00 reseeds 991
step 3190 loss 7.62357e-03 |g| 3.00e-01 NIS/dof 5.589e-02 applied 1.00 reseeds 992
step 3200 loss 5.31937e-03 |g| 3.17e-01 NIS/dof 6.409e-02 applied 1.00 reseeds 992
step 3210 loss 7.11867e-03 |g| 7.12e-01 NIS/dof 6.387e-02 applied 1.00 reseeds 997
step 3220 loss 6.97940e-03 |g| 7.64e-02 NIS/dof 6.401e-02 applied 1.00 reseeds 1001
step 3230 loss 4.58314e-03 |g| 1.02e-01 NIS/dof 5.176e-02 applied 1.00 reseeds 1001
step 3240 loss 5.15532e-03 |g| 1.50e-01 NIS/dof 4.901e-02 applied 1.00 reseeds 1004
step 3250 loss 4.97665e-03 |g| 1.25e-01 NIS/dof 5.191e-02 applied 1.00 reseeds 1006
step 3260 loss 5.98744e-03 |g| 1.20e-01 NIS/dof 4.342e-02 applied 1.00 reseeds 1010
step 3270 loss 5.73769e-03 |g| 1.30e-01 NIS/dof 4.407e-02 applied 1.00 reseeds 1013
step 3280 loss 5.06858e-03 |g| 9.22e-02 NIS/dof 6.258e-02 applied 1.00 reseeds 1017
step 3290 loss 6.58968e-03 |g| 1.28e-01 NIS/dof 5.488e-02 applied 1.00 reseeds 1021
step 3300 loss 6.37310e-03 |g| 1.11e-01 NIS/dof 7.616e-02 applied 1.00 reseeds 1027
step 3310 loss 6.08670e-03 |g| 2.60e-01 NIS/dof 5.506e-02 applied 1.00 reseeds 1029
step 3320 loss 5.64066e-03 |g| 6.53e-02 NIS/dof 6.461e-02 applied 1.00 reseeds 1033
step 3330 loss 5.82668e-03 |g| 1.21e-01 NIS/dof 5.275e-02 applied 1.00 reseeds 1037
step 3340 loss 6.97531e-03 |g| 7.48e-02 NIS/dof 8.362e-02 applied 1.00 reseeds 1040
step 3350 loss 4.80110e-03 |g| 5.02e-02 NIS/dof 4.835e-02 applied 1.00 reseeds 1044
step 3360 loss 9.60746e-03 |g| 1.98e-01 NIS/dof 1.217e-01 applied 1.00 reseeds 1047
step 3370 loss 5.08939e-03 |g| 3.81e-02 NIS/dof 4.707e-02 applied 1.00 reseeds 1048
step 3380 loss 4.98797e-03 |g| 7.36e-02 NIS/dof 5.595e-02 applied 1.00 reseeds 1050
step 3390 loss 6.13737e-03 |g| 1.40e-01 NIS/dof 5.758e-02 applied 1.00 reseeds 1051
step 3400 loss 4.86648e-03 |g| 1.22e-01 NIS/dof 4.661e-02 applied 1.00 reseeds 1053
step 3410 loss 4.86419e-03 |g| 1.53e-01 NIS/dof 3.924e-02 applied 1.00 reseeds 1062
step 3420 loss 4.46983e-03 |g| 1.13e-01 NIS/dof 5.215e-02 applied 1.00 reseeds 1064
step 3430 loss 5.21977e-03 |g| 1.45e-01 NIS/dof 4.793e-02 applied 1.00 reseeds 1064
step 3440 loss 6.14262e-03 |g| 2.79e-01 NIS/dof 6.964e-02 applied 1.00 reseeds 1066
step 3450 loss 5.48165e-03 |g| 1.13e-01 NIS/dof 6.812e-02 applied 1.00 reseeds 1068
step 3460 loss 5.83624e-03 |g| 2.57e-01 NIS/dof 5.227e-02 applied 1.00 reseeds 1071
step 3470 loss 5.41863e-03 |g| 1.08e-01 NIS/dof 4.787e-02 applied 1.00 reseeds 1073
step 3480 loss 5.02172e-03 |g| 1.77e-01 NIS/dof 6.214e-02 applied 1.00 reseeds 1078
step 3490 loss 5.10877e-03 |g| 1.10e-01 NIS/dof 4.560e-02 applied 1.00 reseeds 1081
step 3500 loss 7.09955e-03 |g| 2.63e-01 NIS/dof 4.971e-02 applied 1.00 reseeds 1085
step 3510 loss 5.76961e-03 |g| 3.17e-01 NIS/dof 6.435e-02 applied 1.00 reseeds 1088
step 3520 loss 6.53059e-03 |g| 1.09e-01 NIS/dof 7.003e-02 applied 1.00 reseeds 1088
step 3530 loss 3.86873e-03 |g| 8.13e-02 NIS/dof 4.114e-02 applied 1.00 reseeds 1093
step 3540 loss 5.47234e-03 |g| 1.44e-01 NIS/dof 4.901e-02 applied 1.00 reseeds 1096
step 3550 loss 5.17880e-03 |g| 1.08e-01 NIS/dof 6.203e-02 applied 1.00 reseeds 1099
step 3560 loss 8.43549e-03 |g| 4.95e-01 NIS/dof 6.601e-02 applied 1.00 reseeds 1101
step 3570 loss 6.78232e-03 |g| 2.27e-01 NIS/dof 5.181e-02 applied 1.00 reseeds 1107
step 3580 loss 5.24530e-03 |g| 6.60e-02 NIS/dof 6.779e-02 applied 1.00 reseeds 1109
step 3590 loss 8.58633e-03 |g| 5.60e-02 NIS/dof 1.001e-01 applied 1.00 reseeds 1112
step 3600 loss 5.47525e-03 |g| 1.56e-01 NIS/dof 7.045e-02 applied 1.00 reseeds 1116
step 3610 loss 4.26526e-03 |g| 1.44e-01 NIS/dof 6.035e-02 applied 1.00 reseeds 1121
step 3620 loss 4.13008e-03 |g| 1.60e-01 NIS/dof 5.517e-02 applied 1.00 reseeds 1124
step 3630 loss 4.04560e-03 |g| 9.01e-02 NIS/dof 5.561e-02 applied 1.00 reseeds 1127
step 3640 loss 4.81670e-03 |g| 1.10e-01 NIS/dof 5.570e-02 applied 1.00 reseeds 1131
step 3650 loss 4.01556e-03 |g| 1.66e-01 NIS/dof 6.142e-02 applied 1.00 reseeds 1136
step 3660 loss 4.97037e-03 |g| 9.36e-02 NIS/dof 5.440e-02 applied 1.00 reseeds 1138
step 3670 loss 6.16242e-03 |g| 1.39e-01 NIS/dof 6.611e-02 applied 1.00 reseeds 1142
step 3680 loss 4.64481e-03 |g| 6.78e-02 NIS/dof 5.283e-02 applied 1.00 reseeds 1144
step 3690 loss 3.98019e-03 |g| 1.01e-01 NIS/dof 4.936e-02 applied 1.00 reseeds 1146
step 3700 loss 4.06562e-03 |g| 7.32e-02 NIS/dof 4.529e-02 applied 1.00 reseeds 1150
step 3710 loss 6.11277e-03 |g| 6.49e-02 NIS/dof 6.298e-02 applied 1.00 reseeds 1151
step 3720 loss 3.39523e-03 |g| 9.70e-02 NIS/dof 4.467e-02 applied 1.00 reseeds 1154
step 3730 loss 4.23181e-03 |g| 8.78e-02 NIS/dof 5.882e-02 applied 1.00 reseeds 1158
step 3740 loss 5.41219e-03 |g| 1.30e-01 NIS/dof 7.110e-02 applied 1.00 reseeds 1159
step 3750 loss 4.29478e-03 |g| 7.28e-02 NIS/dof 5.284e-02 applied 1.00 reseeds 1164
step 3760 loss 5.34415e-03 |g| 1.19e-01 NIS/dof 4.542e-02 applied 1.00 reseeds 1166
step 3770 loss 4.46121e-03 |g| 4.13e-01 NIS/dof 3.534e-02 applied 1.00 reseeds 1166
step 3780 loss 6.90526e-03 |g| 3.93e-01 NIS/dof 1.008e-01 applied 1.00 reseeds 1173
step 3790 loss 5.55961e-03 |g| 6.63e-02 NIS/dof 5.484e-02 applied 1.00 reseeds 1176
step 3800 loss 5.39134e-03 |g| 7.93e-02 NIS/dof 4.310e-02 applied 1.00 reseeds 1177
step 3810 loss 4.42228e-03 |g| 6.84e-02 NIS/dof 4.798e-02 applied 1.00 reseeds 1181
step 3820 loss 3.21501e-03 |g| 1.17e-01 NIS/dof 4.236e-02 applied 1.00 reseeds 1182
step 3830 loss 8.76693e-03 |g| 2.24e-01 NIS/dof 5.027e-02 applied 1.00 reseeds 1184
step 3840 loss 4.74436e-03 |g| 6.50e-02 NIS/dof 4.427e-02 applied 1.00 reseeds 1184
step 3850 loss 6.35538e-03 |g| 3.57e-01 NIS/dof 4.292e-02 applied 1.00 reseeds 1192
step 3860 loss 6.27385e-03 |g| 1.90e-01 NIS/dof 6.417e-02 applied 1.00 reseeds 1195
step 3870 loss 6.05287e-03 |g| 4.03e-02 NIS/dof 3.641e-02 applied 1.00 reseeds 1199
step 3880 loss 5.05237e-03 |g| 1.76e-01 NIS/dof 5.278e-02 applied 1.00 reseeds 1202
step 3890 loss 4.71022e-03 |g| 8.21e-02 NIS/dof 4.398e-02 applied 1.00 reseeds 1202
step 3900 loss 4.84942e-03 |g| 1.40e-01 NIS/dof 5.520e-02 applied 1.00 reseeds 1206
step 3910 loss 5.48885e-03 |g| 1.73e-01 NIS/dof 5.612e-02 applied 1.00 reseeds 1207
step 3920 loss 5.37021e-03 |g| 1.34e-01 NIS/dof 5.413e-02 applied 1.00 reseeds 1209
step 3930 loss 3.75888e-03 |g| 1.34e-01 NIS/dof 5.097e-02 applied 1.00 reseeds 1213
step 3940 loss 5.17826e-03 |g| 1.78e-01 NIS/dof 4.987e-02 applied 1.00 reseeds 1218
step 3950 loss 6.44279e-03 |g| 1.25e-01 NIS/dof 5.588e-02 applied 1.00 reseeds 1220
step 3960 loss 6.70874e-03 |g| 2.33e-01 NIS/dof 7.592e-02 applied 1.00 reseeds 1224
step 3970 loss 5.50057e-03 |g| 9.60e-02 NIS/dof 3.977e-02 applied 1.00 reseeds 1226
step 3980 loss 5.34544e-03 |g| 8.84e-02 NIS/dof 5.000e-02 applied 1.00 reseeds 1230
step 3990 loss 3.92319e-03 |g| 7.77e-02 NIS/dof 5.121e-02 applied 1.00 reseeds 1233
step 4000 loss 4.08886e-03 |g| 1.54e-01 NIS/dof 5.617e-02 applied 1.00 reseeds 1234
step 4010 loss 5.69626e-03 |g| 5.86e-02 NIS/dof 4.300e-02 applied 1.00 reseeds 1237
step 4020 loss 9.49182e-03 |g| 7.96e-02 NIS/dof 9.118e-02 applied 1.00 reseeds 1241
step 4030 loss 6.96461e-03 |g| 1.20e-01 NIS/dof 5.290e-02 applied 1.00 reseeds 1243
step 4040 loss 4.79962e-03 |g| 1.56e-01 NIS/dof 5.493e-02 applied 1.00 reseeds 1245
step 4050 loss 5.18407e-03 |g| 2.23e-01 NIS/dof 4.783e-02 applied 1.00 reseeds 1249
step 4060 loss 4.83089e-03 |g| 1.48e-01 NIS/dof 5.455e-02 applied 1.00 reseeds 1252
step 4070 loss 3.31147e-03 |g| 8.17e-02 NIS/dof 4.940e-02 applied 1.00 reseeds 1257
step 4080 loss 4.96570e-03 |g| 1.03e-01 NIS/dof 4.271e-02 applied 1.00 reseeds 1260
step 4090 loss 3.72786e-03 |g| 8.26e-02 NIS/dof 4.936e-02 applied 1.00 reseeds 1266
step 4100 loss 4.68924e-03 |g| 1.38e-01 NIS/dof 4.458e-02 applied 1.00 reseeds 1267
step 4110 loss 3.42134e-03 |g| 2.26e-01 NIS/dof 4.033e-02 applied 1.00 reseeds 1270
step 4120 loss 3.94177e-03 |g| 1.79e-01 NIS/dof 4.597e-02 applied 1.00 reseeds 1274
step 4130 loss 4.27560e-03 |g| 7.80e-02 NIS/dof 4.950e-02 applied 1.00 reseeds 1275
step 4140 loss 3.51765e-03 |g| 2.19e-01 NIS/dof 6.292e-02 applied 1.00 reseeds 1277
step 4150 loss 5.33874e-03 |g| 1.64e-01 NIS/dof 6.170e-02 applied 1.00 reseeds 1277
step 4160 loss 5.17443e-03 |g| 1.97e-01 NIS/dof 5.848e-02 applied 1.00 reseeds 1280
step 4170 loss 4.40305e-03 |g| 1.32e-01 NIS/dof 5.052e-02 applied 1.00 reseeds 1284
step 4180 loss 4.99176e-03 |g| 7.10e-02 NIS/dof 4.919e-02 applied 1.00 reseeds 1285
step 4190 loss 4.94563e-03 |g| 1.34e-01 NIS/dof 4.764e-02 applied 1.00 reseeds 1288
step 4200 loss 6.51168e-03 |g| 4.57e-01 NIS/dof 5.996e-02 applied 1.00 reseeds 1290
step 4210 loss 4.91848e-03 |g| 1.78e-01 NIS/dof 5.904e-02 applied 1.00 reseeds 1291
step 4220 loss 5.27664e-03 |g| 1.87e-01 NIS/dof 6.610e-02 applied 1.00 reseeds 1295
step 4230 loss 6.41143e-03 |g| 2.05e-01 NIS/dof 6.222e-02 applied 1.00 reseeds 1297
step 4240 loss 5.84102e-03 |g| 1.09e-01 NIS/dof 4.693e-02 applied 1.00 reseeds 1300
step 4250 loss 3.66677e-03 |g| 7.12e-02 NIS/dof 4.153e-02 applied 1.00 reseeds 1303
step 4260 loss 6.80132e-03 |g| 1.95e-01 NIS/dof 5.815e-02 applied 1.00 reseeds 1304
step 4270 loss 6.07577e-03 |g| 2.43e-01 NIS/dof 5.943e-02 applied 1.00 reseeds 1305
step 4280 loss 6.39525e-03 |g| 1.42e-01 NIS/dof 4.621e-02 applied 1.00 reseeds 1308
step 4290 loss 5.89506e-03 |g| 1.22e-01 NIS/dof 5.607e-02 applied 1.00 reseeds 1310
step 4300 loss 6.42236e-03 |g| 2.49e-01 NIS/dof 5.953e-02 applied 1.00 reseeds 1312
step 4310 loss 5.35340e-03 |g| 4.97e-02 NIS/dof 5.052e-02 applied 1.00 reseeds 1313
step 4320 loss 5.40233e-03 |g| 1.52e-01 NIS/dof 3.894e-02 applied 1.00 reseeds 1320
step 4330 loss 5.05446e-03 |g| 8.93e-02 NIS/dof 5.173e-02 applied 1.00 reseeds 1324
step 4340 loss 4.74285e-03 |g| 8.75e-02 NIS/dof 3.541e-02 applied 1.00 reseeds 1328
step 4350 loss 6.05260e-03 |g| 9.73e-02 NIS/dof 5.981e-02 applied 1.00 reseeds 1332
step 4360 loss 6.43940e-03 |g| 1.65e-01 NIS/dof 5.800e-02 applied 1.00 reseeds 1334
step 4370 loss 4.72516e-03 |g| 1.05e-01 NIS/dof 5.799e-02 applied 1.00 reseeds 1339
step 4380 loss 4.71783e-03 |g| 1.22e-01 NIS/dof 4.536e-02 applied 1.00 reseeds 1345
step 4390 loss 5.72892e-03 |g| 1.50e-01 NIS/dof 5.345e-02 applied 1.00 reseeds 1349
step 4400 loss 6.56783e-03 |g| 6.95e-02 NIS/dof 4.808e-02 applied 1.00 reseeds 1353
step 4410 loss 5.96744e-03 |g| 1.48e-01 NIS/dof 7.598e-02 applied 1.00 reseeds 1355
step 4420 loss 4.82578e-03 |g| 5.69e-02 NIS/dof 4.823e-02 applied 1.00 reseeds 1357
step 4430 loss 4.04155e-03 |g| 3.63e-02 NIS/dof 6.251e-02 applied 1.00 reseeds 1364
step 4440 loss 5.18568e-03 |g| 9.76e-02 NIS/dof 4.820e-02 applied 1.00 reseeds 1367
step 4450 loss 4.39715e-03 |g| 9.48e-02 NIS/dof 6.119e-02 applied 1.00 reseeds 1370
step 4460 loss 5.43612e-03 |g| 1.84e-01 NIS/dof 7.464e-02 applied 1.00 reseeds 1374
step 4470 loss 4.55363e-03 |g| 5.28e-02 NIS/dof 5.108e-02 applied 1.00 reseeds 1381
step 4480 loss 6.49598e-03 |g| 1.64e-01 NIS/dof 4.891e-02 applied 1.00 reseeds 1387
step 4490 loss 4.66814e-03 |g| 4.38e-02 NIS/dof 4.927e-02 applied 1.00 reseeds 1388
step 4500 loss 6.74758e-03 |g| 1.79e-01 NIS/dof 6.254e-02 applied 1.00 reseeds 1392
step 4510 loss 5.02034e-03 |g| 1.29e-01 NIS/dof 6.683e-02 applied 1.00 reseeds 1394
step 4520 loss 4.28857e-03 |g| 6.99e-02 NIS/dof 4.283e-02 applied 1.00 reseeds 1396
step 4530 loss 4.12810e-03 |g| 1.42e-01 NIS/dof 4.700e-02 applied 1.00 reseeds 1401
step 4540 loss 4.21815e-03 |g| 6.25e-02 NIS/dof 5.346e-02 applied 1.00 reseeds 1405
step 4550 loss 5.30178e-03 |g| 1.57e-01 NIS/dof 7.901e-02 applied 1.00 reseeds 1410
step 4560 loss 3.26786e-03 |g| 1.22e-01 NIS/dof 4.917e-02 applied 1.00 reseeds 1412
step 4570 loss 4.49749e-03 |g| 1.30e-01 NIS/dof 5.248e-02 applied 1.00 reseeds 1412
step 4580 loss 5.70484e-03 |g| 1.10e-01 NIS/dof 4.607e-02 applied 1.00 reseeds 1413
step 4590 loss 4.69983e-03 |g| 1.19e-01 NIS/dof 5.903e-02 applied 1.00 reseeds 1415
step 4600 loss 5.61600e-03 |g| 1.45e-01 NIS/dof 5.164e-02 applied 1.00 reseeds 1417
step 4610 loss 4.90656e-03 |g| 1.59e-01 NIS/dof 5.848e-02 applied 1.00 reseeds 1421
step 4620 loss 5.76809e-03 |g| 6.42e-02 NIS/dof 3.913e-02 applied 1.00 reseeds 1426
step 4630 loss 5.10931e-03 |g| 9.83e-02 NIS/dof 5.572e-02 applied 1.00 reseeds 1426
step 4640 loss 8.19571e-03 |g| 1.18e-01 NIS/dof 5.068e-02 applied 1.00 reseeds 1428
step 4650 loss 4.37893e-03 |g| 1.16e-01 NIS/dof 5.877e-02 applied 1.00 reseeds 1431
step 4660 loss 6.16773e-03 |g| 2.41e-01 NIS/dof 4.903e-02 applied 1.00 reseeds 1434
step 4670 loss 4.62501e-03 |g| 6.57e-02 NIS/dof 4.615e-02 applied 1.00 reseeds 1437
step 4680 loss 4.83816e-03 |g| 1.87e-01 NIS/dof 7.009e-02 applied 1.00 reseeds 1440
step 4690 loss 4.94081e-03 |g| 2.33e-01 NIS/dof 5.195e-02 applied 1.00 reseeds 1445
step 4700 loss 5.49502e-03 |g| 2.58e-01 NIS/dof 5.308e-02 applied 1.00 reseeds 1448
step 4710 loss 5.23078e-03 |g| 1.03e-01 NIS/dof 4.707e-02 applied 1.00 reseeds 1451
step 4720 loss 5.12662e-03 |g| 1.18e-01 NIS/dof 4.827e-02 applied 1.00 reseeds 1453
step 4730 loss 5.99993e-03 |g| 7.98e-02 NIS/dof 6.338e-02 applied 1.00 reseeds 1456
step 4740 loss 4.78824e-03 |g| 7.01e-02 NIS/dof 5.936e-02 applied 1.00 reseeds 1460
step 4750 loss 4.55580e-03 |g| 7.61e-02 NIS/dof 6.019e-02 applied 1.00 reseeds 1462
step 4760 loss 5.44237e-03 |g| 4.65e-02 NIS/dof 4.962e-02 applied 1.00 reseeds 1465
step 4770 loss 4.13442e-03 |g| 6.87e-02 NIS/dof 5.853e-02 applied 1.00 reseeds 1470
step 4780 loss 4.47099e-03 |g| 9.50e-02 NIS/dof 5.367e-02 applied 1.00 reseeds 1476
step 4790 loss 4.30770e-03 |g| 1.50e-01 NIS/dof 4.454e-02 applied 1.00 reseeds 1483
step 4800 loss 4.94639e-03 |g| 1.57e-01 NIS/dof 7.419e-02 applied 1.00 reseeds 1484
step 4810 loss 4.41247e-03 |g| 4.19e-02 NIS/dof 4.812e-02 applied 1.00 reseeds 1485
step 4820 loss 7.29771e-03 |g| 6.88e-02 NIS/dof 4.793e-02 applied 1.00 reseeds 1485
step 4830 loss 4.18294e-03 |g| 1.24e-01 NIS/dof 6.255e-02 applied 1.00 reseeds 1488
step 4840 loss 6.26171e-03 |g| 9.26e-02 NIS/dof 6.697e-02 applied 1.00 reseeds 1491
step 4850 loss 4.00177e-03 |g| 1.30e-01 NIS/dof 5.686e-02 applied 1.00 reseeds 1493
step 4860 loss 8.04445e-03 |g| 6.48e-02 NIS/dof 5.694e-02 applied 1.00 reseeds 1498
step 4870 loss 4.92016e-03 |g| 1.30e-01 NIS/dof 6.045e-02 applied 1.00 reseeds 1503
step 4880 loss 4.71140e-03 |g| 5.09e-02 NIS/dof 5.262e-02 applied 1.00 reseeds 1506
step 4890 loss 3.87205e-03 |g| 1.09e-01 NIS/dof 4.797e-02 applied 1.00 reseeds 1510
step 4900 loss 4.99086e-03 |g| 3.79e-01 NIS/dof 3.992e-02 applied 1.00 reseeds 1511
step 4910 loss 4.87832e-03 |g| 7.71e-02 NIS/dof 4.234e-02 applied 1.00 reseeds 1513
step 4920 loss 4.13901e-03 |g| 1.40e-01 NIS/dof 5.700e-02 applied 1.00 reseeds 1514
step 4930 loss 4.46870e-03 |g| 6.72e-02 NIS/dof 5.404e-02 applied 1.00 reseeds 1516
step 4940 loss 5.06315e-03 |g| 8.79e-02 NIS/dof 5.651e-02 applied 1.00 reseeds 1519
step 4950 loss 4.72507e-03 |g| 6.29e-02 NIS/dof 5.946e-02 applied 1.00 reseeds 1521
step 4960 loss 4.82153e-03 |g| 7.49e-02 NIS/dof 4.807e-02 applied 1.00 reseeds 1526
step 4970 loss 5.13767e-03 |g| 9.14e-02 NIS/dof 4.984e-02 applied 1.00 reseeds 1530
step 4980 loss 5.17770e-03 |g| 1.24e-01 NIS/dof 5.870e-02 applied 1.00 reseeds 1534
step 4990 loss 5.64014e-03 |g| 1.24e-01 NIS/dof 5.436e-02 applied 1.00 reseeds 1536
step 5000 loss 5.71951e-03 |g| 6.15e-02 NIS/dof 5.651e-02 applied 1.00 reseeds 1540
step 5010 loss 6.56188e-03 |g| 1.37e-01 NIS/dof 5.518e-02 applied 1.00 reseeds 1541
step 5020 loss 5.05890e-03 |g| 6.11e-02 NIS/dof 4.498e-02 applied 1.00 reseeds 1543
step 5030 loss 5.91954e-03 |g| 1.49e-01 NIS/dof 6.992e-02 applied 1.00 reseeds 1546
step 5040 loss 5.86416e-03 |g| 7.52e-02 NIS/dof 5.390e-02 applied 1.00 reseeds 1550
step 5050 loss 6.44827e-03 |g| 1.49e-01 NIS/dof 5.631e-02 applied 1.00 reseeds 1555
step 5060 loss 7.04003e-03 |g| 2.90e-01 NIS/dof 4.676e-02 applied 1.00 reseeds 1557
step 5070 loss 4.83231e-03 |g| 1.07e-01 NIS/dof 4.203e-02 applied 1.00 reseeds 1559
step 5080 loss 4.16714e-03 |g| 9.25e-02 NIS/dof 4.428e-02 applied 1.00 reseeds 1565
step 5090 loss 6.63678e-03 |g| 1.01e-01 NIS/dof 8.171e-02 applied 1.00 reseeds 1567
step 5100 loss 4.70671e-03 |g| 9.05e-02 NIS/dof 3.969e-02 applied 1.00 reseeds 1571
step 5110 loss 4.28412e-03 |g| 1.42e-01 NIS/dof 4.436e-02 applied 1.00 reseeds 1576
step 5120 loss 4.60035e-03 |g| 7.05e-02 NIS/dof 4.641e-02 applied 1.00 reseeds 1579
step 5130 loss 5.80973e-03 |g| 1.90e-01 NIS/dof 6.819e-02 applied 1.00 reseeds 1583
step 5140 loss 3.18062e-03 |g| 5.65e-02 NIS/dof 4.800e-02 applied 1.00 reseeds 1586
step 5150 loss 4.50449e-03 |g| 3.64e-02 NIS/dof 4.627e-02 applied 1.00 reseeds 1588
step 5160 loss 4.05526e-03 |g| 9.08e-02 NIS/dof 5.504e-02 applied 1.00 reseeds 1588
step 5170 loss 5.10003e-03 |g| 9.59e-02 NIS/dof 4.058e-02 applied 1.00 reseeds 1592
step 5180 loss 4.22239e-03 |g| 3.94e-02 NIS/dof 5.751e-02 applied 1.00 reseeds 1596
step 5190 loss 6.13733e-03 |g| 9.26e-02 NIS/dof 4.079e-02 applied 1.00 reseeds 1599
step 5200 loss 5.19860e-03 |g| 1.05e-01 NIS/dof 4.402e-02 applied 1.00 reseeds 1602
step 5210 loss 3.90136e-03 |g| 6.58e-02 NIS/dof 4.259e-02 applied 1.00 reseeds 1605
step 5220 loss 4.06075e-03 |g| 1.13e-01 NIS/dof 5.998e-02 applied 1.00 reseeds 1608
step 5230 loss 5.16622e-03 |g| 1.78e-01 NIS/dof 4.545e-02 applied 1.00 reseeds 1609
step 5240 loss 5.24676e-03 |g| 7.75e-02 NIS/dof 4.989e-02 applied 1.00 reseeds 1612
step 5250 loss 5.59426e-03 |g| 7.48e-02 NIS/dof 4.000e-02 applied 1.00 reseeds 1614
step 5260 loss 9.32312e-03 |g| 1.63e-01 NIS/dof 5.636e-02 applied 1.00 reseeds 1616
step 5270 loss 4.42912e-03 |g| 1.73e-01 NIS/dof 5.779e-02 applied 1.00 reseeds 1618
step 5280 loss 4.93439e-03 |g| 5.26e-02 NIS/dof 5.311e-02 applied 1.00 reseeds 1623
step 5290 loss 4.73742e-03 |g| 1.87e-01 NIS/dof 5.750e-02 applied 1.00 reseeds 1628
step 5300 loss 4.17765e-03 |g| 1.57e-01 NIS/dof 4.760e-02 applied 1.00 reseeds 1630
step 5310 loss 4.37422e-03 |g| 9.97e-02 NIS/dof 5.628e-02 applied 1.00 reseeds 1634
step 5320 loss 4.65252e-03 |g| 7.38e-02 NIS/dof 3.925e-02 applied 1.00 reseeds 1636
step 5330 loss 4.36679e-03 |g| 2.67e-01 NIS/dof 7.314e-02 applied 1.00 reseeds 1640
step 5340 loss 4.82922e-03 |g| 6.19e-02 NIS/dof 6.594e-02 applied 1.00 reseeds 1644
step 5350 loss 4.14215e-03 |g| 1.75e-01 NIS/dof 8.065e-02 applied 1.00 reseeds 1646
step 5360 loss 3.42781e-03 |g| 4.29e-02 NIS/dof 5.207e-02 applied 1.00 reseeds 1650
step 5370 loss 3.22729e-03 |g| 6.22e-02 NIS/dof 4.782e-02 applied 1.00 reseeds 1651
step 5380 loss 5.13889e-03 |g| 7.55e-02 NIS/dof 6.201e-02 applied 1.00 reseeds 1655
step 5390 loss 3.93722e-03 |g| 1.22e-01 NIS/dof 6.936e-02 applied 1.00 reseeds 1657
step 5400 loss 5.57603e-03 |g| 2.57e-01 NIS/dof 5.493e-02 applied 1.00 reseeds 1659
step 5410 loss 5.14476e-03 |g| 1.56e-01 NIS/dof 5.149e-02 applied 1.00 reseeds 1662
step 5420 loss 5.48516e-03 |g| 1.22e-01 NIS/dof 4.799e-02 applied 1.00 reseeds 1666
step 5430 loss 5.41786e-03 |g| 1.29e-01 NIS/dof 5.845e-02 applied 1.00 reseeds 1667
step 5440 loss 3.65204e-03 |g| 1.18e-01 NIS/dof 5.374e-02 applied 1.00 reseeds 1669
step 5450 loss 5.43033e-03 |g| 1.12e-01 NIS/dof 5.489e-02 applied 1.00 reseeds 1674
step 5460 loss 4.64767e-03 |g| 6.72e-02 NIS/dof 5.341e-02 applied 1.00 reseeds 1675
step 5470 loss 4.02973e-03 |g| 1.21e-01 NIS/dof 4.786e-02 applied 1.00 reseeds 1680
step 5480 loss 5.16609e-03 |g| 2.62e-01 NIS/dof 4.476e-02 applied 1.00 reseeds 1682
step 5490 loss 4.69575e-03 |g| 1.73e-01 NIS/dof 7.049e-02 applied 1.00 reseeds 1688
step 5500 loss 4.59498e-03 |g| 6.89e-02 NIS/dof 5.081e-02 applied 1.00 reseeds 1691
step 5510 loss 4.91386e-03 |g| 8.18e-02 NIS/dof 4.794e-02 applied 1.00 reseeds 1693
step 5520 loss 5.18791e-03 |g| 7.72e-02 NIS/dof 6.959e-02 applied 1.00 reseeds 1698
step 5530 loss 5.10175e-03 |g| 1.24e-01 NIS/dof 5.607e-02 applied 1.00 reseeds 1703
step 5540 loss 4.33858e-03 |g| 1.50e-01 NIS/dof 5.085e-02 applied 1.00 reseeds 1707
step 5550 loss 5.36647e-03 |g| 1.33e-01 NIS/dof 6.713e-02 applied 1.00 reseeds 1711
step 5560 loss 3.56444e-03 |g| 6.55e-02 NIS/dof 4.709e-02 applied 1.00 reseeds 1713
step 5570 loss 5.71908e-03 |g| 7.75e-02 NIS/dof 5.066e-02 applied 1.00 reseeds 1715
step 5580 loss 4.63564e-03 |g| 9.04e-02 NIS/dof 4.273e-02 applied 1.00 reseeds 1715
step 5590 loss 5.55297e-03 |g| 1.05e-01 NIS/dof 5.818e-02 applied 1.00 reseeds 1718
step 5600 loss 5.98314e-03 |g| 7.12e-02 NIS/dof 5.659e-02 applied 1.00 reseeds 1720
step 5610 loss 4.86037e-03 |g| 1.21e-01 NIS/dof 3.140e-02 applied 1.00 reseeds 1723
step 5620 loss 3.95049e-03 |g| 1.15e-01 NIS/dof 5.827e-02 applied 1.00 reseeds 1727
step 5630 loss 5.59933e-03 |g| 1.53e-01 NIS/dof 6.207e-02 applied 1.00 reseeds 1729
step 5640 loss 6.89036e-03 |g| 2.23e-01 NIS/dof 7.133e-02 applied 1.00 reseeds 1731
step 5650 loss 5.76563e-03 |g| 9.63e-02 NIS/dof 5.650e-02 applied 1.00 reseeds 1734
step 5660 loss 6.34442e-03 |g| 3.52e-01 NIS/dof 5.607e-02 applied 1.00 reseeds 1744
step 5670 loss 5.16413e-03 |g| 9.12e-02 NIS/dof 5.585e-02 applied 1.00 reseeds 1747
step 5680 loss 5.87077e-03 |g| 1.58e-01 NIS/dof 5.589e-02 applied 1.00 reseeds 1749
step 5690 loss 3.80518e-03 |g| 3.58e-02 NIS/dof 4.642e-02 applied 1.00 reseeds 1752
step 5700 loss 5.20475e-03 |g| 9.91e-02 NIS/dof 5.134e-02 applied 1.00 reseeds 1754
step 5710 loss 4.92868e-03 |g| 6.78e-02 NIS/dof 7.252e-02 applied 1.00 reseeds 1758
step 5720 loss 3.71677e-03 |g| 1.26e-01 NIS/dof 5.536e-02 applied 1.00 reseeds 1762
step 5730 loss 4.46535e-03 |g| 5.97e-02 NIS/dof 4.414e-02 applied 1.00 reseeds 1764
step 5740 loss 9.75156e-03 |g| 1.50e-01 NIS/dof 5.490e-02 applied 1.00 reseeds 1764
step 5750 loss 5.39422e-03 |g| 1.66e-01 NIS/dof 6.713e-02 applied 1.00 reseeds 1764
step 5760 loss 6.24477e-03 |g| 2.32e-01 NIS/dof 5.185e-02 applied 1.00 reseeds 1765
step 5770 loss 6.60021e-03 |g| 1.39e-01 NIS/dof 6.315e-02 applied 1.00 reseeds 1768
step 5780 loss 4.43698e-03 |g| 1.53e-01 NIS/dof 4.624e-02 applied 1.00 reseeds 1772
step 5790 loss 4.93882e-03 |g| 2.19e-01 NIS/dof 5.102e-02 applied 1.00 reseeds 1774
step 5800 loss 4.49145e-03 |g| 8.41e-02 NIS/dof 5.885e-02 applied 1.00 reseeds 1777
step 5810 loss 4.83699e-03 |g| 6.06e-02 NIS/dof 5.915e-02 applied 1.00 reseeds 1778
step 5820 loss 5.57841e-03 |g| 1.41e-01 NIS/dof 7.832e-02 applied 1.00 reseeds 1782
step 5830 loss 4.41050e-03 |g| 7.24e-02 NIS/dof 5.823e-02 applied 1.00 reseeds 1786
step 5840 loss 6.22679e-03 |g| 1.17e-01 NIS/dof 5.507e-02 applied 1.00 reseeds 1789
step 5850 loss 3.96728e-03 |g| 8.48e-02 NIS/dof 6.328e-02 applied 1.00 reseeds 1791
step 5860 loss 4.39063e-03 |g| 1.07e-01 NIS/dof 4.439e-02 applied 1.00 reseeds 1793
step 5870 loss 4.53529e-03 |g| 1.27e-01 NIS/dof 5.389e-02 applied 1.00 reseeds 1795
step 5880 loss 3.81361e-03 |g| 1.02e-01 NIS/dof 3.891e-02 applied 1.00 reseeds 1797
step 5890 loss 5.33706e-03 |g| 2.00e-01 NIS/dof 7.322e-02 applied 1.00 reseeds 1800
step 5900 loss 5.80392e-03 |g| 1.13e-01 NIS/dof 5.618e-02 applied 1.00 reseeds 1802
step 5910 loss 5.76304e-03 |g| 1.20e-01 NIS/dof 5.569e-02 applied 1.00 reseeds 1807
step 5920 loss 4.45763e-03 |g| 1.66e-01 NIS/dof 3.740e-02 applied 1.00 reseeds 1809
step 5930 loss 3.91590e-03 |g| 7.80e-02 NIS/dof 5.858e-02 applied 1.00 reseeds 1813
step 5940 loss 5.10638e-03 |g| 6.53e-01 NIS/dof 4.477e-02 applied 1.00 reseeds 1815
step 5950 loss 5.50688e-03 |g| 2.49e-01 NIS/dof 5.263e-02 applied 1.00 reseeds 1815
step 5960 loss 4.56537e-03 |g| 1.49e-01 NIS/dof 6.128e-02 applied 1.00 reseeds 1816
step 5970 loss 6.35879e-03 |g| 1.30e-01 NIS/dof 6.094e-02 applied 1.00 reseeds 1818
step 5980 loss 4.72968e-03 |g| 2.65e-01 NIS/dof 4.908e-02 applied 1.00 reseeds 1823
step 5990 loss 5.92464e-03 |g| 6.01e-02 NIS/dof 4.928e-02 applied 1.00 reseeds 1828
step 5999 loss 4.99575e-03 |g| 5.91e-02 NIS/dof 4.357e-02 applied 1.00 reseeds 1829
== validating on held-out ==
  flat/seed28: baseline={'vel_rmse': 0.05433216467705643, 'vel_nees': 4.018834230032486, 'vel_nees_tangent': 5.1929049630828885, 'vel_nees_x': 0.06852178316911453, 'vel_nees_y': 0.07952276025940708, 'vel_nees_z': 2.0026284594792942, 'nis_over_dof': 0.009548450264932272, 'applied': 0.9999999999999999}  learned={'vel_rmse': 0.06151158524395519, 'vel_nees': 1.639606450424626, 'vel_nees_tangent': 2.978346393838934, 'vel_nees_x': 0.08666584893020486, 'vel_nees_y': 0.07112384281652967, 'vel_nees_z': 0.20894858577010497, 'nis_over_dof': 0.058237321285589776, 'applied': 0.9999999999999999}
  hard_stepping/seed27: baseline={'vel_rmse': 0.06187650061770991, 'vel_nees': 4.711327474805313, 'vel_nees_tangent': 6.580368070805534, 'vel_nees_x': 0.05812809337362369, 'vel_nees_y': 0.0729879833618364, 'vel_nees_z': 2.8943479714532976, 'nis_over_dof': 0.01410993022969396, 'applied': 0.9999999999999999}  learned={'vel_rmse': 0.07779825882982835, 'vel_nees': 2.287923785798339, 'vel_nees_tangent': 4.372705255541066, 'vel_nees_x': 0.18095201490686277, 'vel_nees_y': 0.1345873559247258, 'vel_nees_z': 0.30229192986735753, 'nis_over_dof': 0.06509810592025554, 'applied': 0.9999999999999999}
  stepping_stones/seed22: baseline={'vel_rmse': 0.055025895448856624, 'vel_nees': 3.7890936356001315, 'vel_nees_tangent': 5.228076278420707, 'vel_nees_x': 0.07037878887187432, 'vel_nees_y': 0.05307722958946937, 'vel_nees_z': 2.2608209856941257, 'nis_over_dof': 0.010696378873690517, 'applied': 0.9999999999999999}  learned={'vel_rmse': 0.06428828898971997, 'vel_nees': 1.4459200711173075, 'vel_nees_tangent': 3.382816212597625, 'vel_nees_x': 0.08474978070884588, 'vel_nees_y': 0.08602937079023455, 'vel_nees_z': 0.28813573264189585, 'nis_over_dof': 0.04607093868902117, 'applied': 0.9999999999999999}
  waves/seed25: baseline={'vel_rmse': 0.054292663818721554, 'vel_nees': 3.876504358641411, 'vel_nees_tangent': 5.2632724850994625, 'vel_nees_x': 0.05643882781574348, 'vel_nees_y': 0.044149434324231907, 'vel_nees_z': 2.1693166714603174, 'nis_over_dof': 0.009545846302648603, 'applied': 0.9999999999999999}  learned={'vel_rmse': 0.07220884676073318, 'vel_nees': 1.7063255912755007, 'vel_nees_tangent': 3.2778628528480818, 'vel_nees_x': 0.07431174579341465, 'vel_nees_y': 0.05819248456813313, 'vel_nees_z': 0.44296298735389156, 'nis_over_dof': 0.05296589550241889, 'applied': 0.9999999999999999}
== summary ==
{
  "run": {
    "dir": "L128_D_l2velposori",
    "started_at": "2026-08-09T04:07:14",
    "tag": null,
    "args": {
      "collect": false,
      "train_seeds": [
        0,
        1,
        2,
        3
      ],
      "val_seeds": [
        4,
        5,
        6,
        7
      ],
      "seconds": 45.0,
      "steps": 6000,
      "warmup_steps": 100,
      "time_budget_s": 86400.0,
      "tag": null,
      "out_dir": "results/l_ablation/L128_D_l2velposori",
      "contacts_per_foot": 4,
      "objective": "l2_vel_pos_ori",
      "w_pos": null,
      "w_ori": null,
      "pose_weight_ratio": null,
      "L": 128,
      "remat": false,
      "contact_meas_var": 0.0001,
      "pool": "n8fix"
    }
  },
  "n_train": 21,
  "n_val": 4,
  "steps_run": 6000,
  "final_reseeds": 1829,
  "floored": [],
  "cfg": {
    "F": 30,
    "d_in": 600,
    "H": 20,
    "window_span_s": 0.019,
    "L": 128,
    "B": 32,
    "objective": "l2_vel_pos_ori",
    "remat": false,
    "contact_meas_var": 0.0001,
    "w_pos": 4.347353061210843,
    "w_ori": 11.769229585336909,
    "pose_weight_ratio": 0.5,
    "episode_s": 43.0,
    "warm_in_s": 1.0,
    "peak_lr": 0.0001,
    "init_seed": 0,
    "batcher_seed": 0,
    "cmd_ranges": {
      "vx": [
        0.3,
        0.9
      ],
      "vy": [
        0.25,
        0.5
      ],
      "yaw": [
        0.3,
        1.5
      ]
    }
  },
  "wall_s": 4160.249708652496,
  "val": [
    {
      "mode": "flat/seed28",
      "rollout": "flat/seed28",
      "baseline": {
        "vel_rmse": 0.05433216467705643,
        "vel_nees": 4.018834230032486,
        "vel_nees_tangent": 5.1929049630828885,
        "vel_nees_x": 0.06852178316911453,
        "vel_nees_y": 0.07952276025940708,
        "vel_nees_z": 2.0026284594792942,
        "nis_over_dof": 0.009548450264932272,
        "applied": 0.9999999999999999
      },
      "learned": {
        "vel_rmse": 0.06151158524395519,
        "vel_nees": 1.639606450424626,
        "vel_nees_tangent": 2.978346393838934,
        "vel_nees_x": 0.08666584893020486,
        "vel_nees_y": 0.07112384281652967,
        "vel_nees_z": 0.20894858577010497,
        "nis_over_dof": 0.058237321285589776,
        "applied": 0.9999999999999999
      }
    },
    {
      "mode": "hard_stepping/seed27",
      "rollout": "hard_stepping/seed27",
      "baseline": {
        "vel_rmse": 0.06187650061770991,
        "vel_nees": 4.711327474805313,
        "vel_nees_tangent": 6.580368070805534,
        "vel_nees_x": 0.05812809337362369,
        "vel_nees_y": 0.0729879833618364,
        "vel_nees_z": 2.8943479714532976,
        "nis_over_dof": 0.01410993022969396,
        "applied": 0.9999999999999999
      },
      "learned": {
        "vel_rmse": 0.07779825882982835,
        "vel_nees": 2.287923785798339,
        "vel_nees_tangent": 4.372705255541066,
        "vel_nees_x": 0.18095201490686277,
        "vel_nees_y": 0.1345873559247258,
        "vel_nees_z": 0.30229192986735753,
        "nis_over_dof": 0.06509810592025554,
        "applied": 0.9999999999999999
      }
    },
    {
      "mode": "stepping_stones/seed22",
      "rollout": "stepping_stones/seed22",
      "baseline": {
        "vel_rmse": 0.055025895448856624,
        "vel_nees": 3.7890936356001315,
        "vel_nees_tangent": 5.228076278420707,
        "vel_nees_x": 0.07037878887187432,
        "vel_nees_y": 0.05307722958946937,
        "vel_nees_z": 2.2608209856941257,
        "nis_over_dof": 0.010696378873690517,
        "applied": 0.9999999999999999
      },
      "learned": {
        "vel_rmse": 0.06428828898971997,
        "vel_nees": 1.4459200711173075,
        "vel_nees_tangent": 3.382816212597625,
        "vel_nees_x": 0.08474978070884588,
        "vel_nees_y": 0.08602937079023455,
        "vel_nees_z": 0.28813573264189585,
        "nis_over_dof": 0.04607093868902117,
        "applied": 0.9999999999999999
      }
    },
    {
      "mode": "waves/seed25",
      "rollout": "waves/seed25",
      "baseline": {
        "vel_rmse": 0.054292663818721554,
        "vel_nees": 3.876504358641411,
        "vel_nees_tangent": 5.2632724850994625,
        "vel_nees_x": 0.05643882781574348,
        "vel_nees_y": 0.044149434324231907,
        "vel_nees_z": 2.1693166714603174,
        "nis_over_dof": 0.009545846302648603,
        "applied": 0.9999999999999999
      },
      "learned": {
        "vel_rmse": 0.07220884676073318,
        "vel_nees": 1.7063255912755007,
        "vel_nees_tangent": 3.2778628528480818,
        "vel_nees_x": 0.07431174579341465,
        "vel_nees_y": 0.05819248456813313,
        "vel_nees_z": 0.44296298735389156,
        "nis_over_dof": 0.05296589550241889,
        "applied": 0.9999999999999999
      }
    }
  ],
  "loss_first": 0.5128421834901047,
  "loss_last": 0.004995749702027872
}
  plots -> /home/llibshutz/alex/invariant-estimation/results/l_ablation/L128_D_l2velposori/training.png, /home/llibshutz/alex/invariant-estimation/results/l_ablation/L128_D_l2velposori/validation.png
[2026-08-09 05:16:37] --- cell L=128 D_l2velposori complete: 6000 steps ---
[2026-08-09 05:16:37] --- cell L=256 A_l2vel (l2_velocity) -> results/l_ablation/L256_A_l2vel ---
Failed to import warp: No module named 'warp'
Failed to import mujoco_warp: No module named 'warp'
== run directory: /home/llibshutz/alex/invariant-estimation/results/l_ablation/L256_A_l2vel ==
collector: 9 filtered joints, 8 IMUs, 8 contacts, 4 off-path joints, dt=0.001 (1000 Hz)  [built in 0.9s]
pool 'n8fix': 25 rollouts over {'flat': 8, 'hard_stepping': 7, 'stepping_stones': 4, 'waves': 6}
train rollouts: ['flat_n8fix_seed000.npz', 'flat_n8fix_seed004.npz', 'flat_n8fix_seed008.npz', 'flat_n8fix_seed012.npz', 'flat_n8fix_seed016.npz', 'flat_n8fix_seed020.npz', 'flat_n8fix_seed024.npz', 'hard_stepping_n8fix_seed003.npz', 'hard_stepping_n8fix_seed007.npz', 'hard_stepping_n8fix_seed011.npz', 'hard_stepping_n8fix_seed015.npz', 'hard_stepping_n8fix_seed019.npz', 'hard_stepping_n8fix_seed023.npz', 'stepping_stones_n8fix_seed006.npz', 'stepping_stones_n8fix_seed014.npz', 'stepping_stones_n8fix_seed018.npz', 'waves_n8fix_seed001.npz', 'waves_n8fix_seed005.npz', 'waves_n8fix_seed009.npz', 'waves_n8fix_seed017.npz', 'waves_n8fix_seed021.npz']
val rollouts:   ['flat_n8fix_seed028.npz', 'hard_stepping_n8fix_seed027.npz', 'stepping_stones_n8fix_seed022.npz', 'waves_n8fix_seed025.npz']
== building channel caches ==
  reused flat_n8fix_seed000_feat.npz (cache newer than rollout, channels match)
  reused flat_n8fix_seed004_feat.npz (cache newer than rollout, channels match)
  reused flat_n8fix_seed008_feat.npz (cache newer than rollout, channels match)
  reused flat_n8fix_seed012_feat.npz (cache newer than rollout, channels match)
  reused flat_n8fix_seed016_feat.npz (cache newer than rollout, channels match)
  reused flat_n8fix_seed020_feat.npz (cache newer than rollout, channels match)
  reused flat_n8fix_seed024_feat.npz (cache newer than rollout, channels match)
  reused hard_stepping_n8fix_seed003_feat.npz (cache newer than rollout, channels match)
  reused hard_stepping_n8fix_seed007_feat.npz (cache newer than rollout, channels match)
  reused hard_stepping_n8fix_seed011_feat.npz (cache newer than rollout, channels match)
  reused hard_stepping_n8fix_seed015_feat.npz (cache newer than rollout, channels match)
  reused hard_stepping_n8fix_seed019_feat.npz (cache newer than rollout, channels match)
  reused hard_stepping_n8fix_seed023_feat.npz (cache newer than rollout, channels match)
  reused stepping_stones_n8fix_seed006_feat.npz (cache newer than rollout, channels match)
  reused stepping_stones_n8fix_seed014_feat.npz (cache newer than rollout, channels match)
  reused stepping_stones_n8fix_seed018_feat.npz (cache newer than rollout, channels match)
  reused waves_n8fix_seed001_feat.npz (cache newer than rollout, channels match)
  reused waves_n8fix_seed005_feat.npz (cache newer than rollout, channels match)
  reused waves_n8fix_seed009_feat.npz (cache newer than rollout, channels match)
  reused waves_n8fix_seed017_feat.npz (cache newer than rollout, channels match)
  reused waves_n8fix_seed021_feat.npz (cache newer than rollout, channels match)
  reused flat_n8fix_seed028_feat.npz (cache newer than rollout, channels match)
  reused hard_stepping_n8fix_seed027_feat.npz (cache newer than rollout, channels match)
  reused stepping_stones_n8fix_seed022_feat.npz (cache newer than rollout, channels match)
  reused waves_n8fix_seed025_feat.npz (cache newer than rollout, channels match)
== fitting normalization (train, walking set) ==
  floored channels: []
  cfg: F=30 d_in=600 H=20 (window 19 ms, consecutive ticks) L=256 B=32 objective=l2_velocity episode_s=43.0
== preparing rollouts ==
  prepared flat/seed0: T=44000, starts=[16019, 43744] (27726 legal)
  prepared flat/seed4: T=44000, starts=[16019, 43744] (27726 legal)
  prepared flat/seed8: T=44000, starts=[16019, 43744] (27726 legal)
  prepared flat/seed12: T=44000, starts=[16019, 43744] (27726 legal)
  prepared flat/seed16: T=44000, starts=[16019, 43744] (27726 legal)
  prepared flat/seed20: T=44000, starts=[16019, 43744] (27726 legal)
  prepared flat/seed24: T=44000, starts=[16019, 43744] (27726 legal)
  prepared hard_stepping/seed3: T=44000, starts=[16019, 43744] (27726 legal)
  prepared hard_stepping/seed7: T=44000, starts=[16019, 43744] (27726 legal)
  prepared hard_stepping/seed11: T=44000, starts=[16019, 43744] (27726 legal)
  prepared hard_stepping/seed15: T=44000, starts=[16019, 43744] (27726 legal)
  prepared hard_stepping/seed19: T=44000, starts=[16019, 43744] (27726 legal)
  prepared hard_stepping/seed23: T=44000, starts=[16019, 43744] (27726 legal)
  prepared stepping_stones/seed6: T=44000, starts=[16019, 43744] (27726 legal)
  prepared stepping_stones/seed14: T=44000, starts=[16019, 43744] (27726 legal)
  prepared stepping_stones/seed18: T=44000, starts=[16019, 43744] (27726 legal)
  prepared waves/seed1: T=44000, starts=[16019, 43744] (27726 legal)
  prepared waves/seed5: T=44000, starts=[16019, 43744] (27726 legal)
  prepared waves/seed9: T=44000, starts=[16019, 43744] (27726 legal)
  prepared waves/seed17: T=44000, starts=[16019, 43744] (27726 legal)
  prepared waves/seed21: T=44000, starts=[16019, 43744] (27726 legal)
  prepared flat/seed28: T=44000, starts=[16019, 43744] (27726 legal)
  prepared hard_stepping/seed27: T=44000, starts=[16019, 43744] (27726 legal)
  prepared stepping_stones/seed22: T=44000, starts=[16019, 43744] (27726 legal)
  prepared waves/seed25: T=44000, starts=[16019, 43744] (27726 legal)
== re-flooring contact measurement noise: pool collected at 0, training at 0.0001 (delta +0.0001 on diag(sigma_q)) ==
== measuring P0 ==
  P0 from flat/seed0 ticks [16019, 19019): diag(R)=[6.64983805e-05 6.89037297e-05 1.00027989e+00], diag(v)=[0.00079118 0.00077245 0.00018433], diag(p)=[0.12287249 0.12097755 0.12140872], diag(d)=[0.12287031 0.12097683 0.12141024 0.12286839 0.12097627 0.1214101
 0.1228721  0.12098173 0.12140916 0.12287092 0.12098141 0.12140908
 0.12291139 0.12104048 0.12144945 0.12291014 0.12104344 0.12144625
 0.12293942 0.12105974 0.12142006 0.12287423 0.12097469 0.12141085], eig in [8.791e-08, 1.152e+00]
== building network + batcher ==
== training ==
step    0 loss 5.50186e-01 |g| 2.05e+00 NIS/dof 1.026e+01 applied 1.00 reseeds 1
step   10 loss 1.88246e+00 |g| 8.64e+01 NIS/dof 1.354e+01 applied 1.00 reseeds 4
step   20 loss 1.63270e+00 |g| 5.46e+01 NIS/dof 1.025e+01 applied 1.00 reseeds 5
step   30 loss 1.09279e+00 |g| 2.00e+01 NIS/dof 7.576e+00 applied 1.00 reseeds 16
step   40 loss 1.26122e+00 |g| 1.32e+01 NIS/dof 8.662e+00 applied 1.00 reseeds 21
step   50 loss 1.34381e+00 |g| 2.66e+01 NIS/dof 9.174e+00 applied 1.00 reseeds 26
step   60 loss 1.05062e+00 |g| 1.03e+01 NIS/dof 7.825e+00 applied 1.00 reseeds 29
step   70 loss 9.34202e-01 |g| 1.07e+01 NIS/dof 7.785e+00 applied 1.00 reseeds 34
step   80 loss 1.06506e+00 |g| 7.12e+00 NIS/dof 8.429e+00 applied 1.00 reseeds 38
step   90 loss 9.31255e-01 |g| 1.04e+01 NIS/dof 8.591e+00 applied 1.00 reseeds 44
step  100 loss 7.54512e-01 |g| 6.46e+00 NIS/dof 8.121e+00 applied 1.00 reseeds 57
step  110 loss 7.90197e-01 |g| 1.10e+01 NIS/dof 6.864e+00 applied 1.00 reseeds 67
step  120 loss 8.14057e-01 |g| 1.38e+01 NIS/dof 7.319e+00 applied 1.00 reseeds 79
step  130 loss 7.68838e-01 |g| 1.39e+01 NIS/dof 6.860e+00 applied 1.00 reseeds 85
step  140 loss 7.21687e-01 |g| 1.10e+01 NIS/dof 6.813e+00 applied 1.00 reseeds 91
step  150 loss 1.02853e+00 |g| 3.28e+01 NIS/dof 9.163e+00 applied 1.00 reseeds 96
step  160 loss 7.73138e-01 |g| 1.90e+01 NIS/dof 7.443e+00 applied 1.00 reseeds 97
step  170 loss 7.73828e-01 |g| 1.86e+01 NIS/dof 8.754e+00 applied 1.00 reseeds 102
step  180 loss 9.57170e-01 |g| 6.67e+00 NIS/dof 7.513e+00 applied 1.00 reseeds 110
step  190 loss 1.03398e+00 |g| 3.99e+01 NIS/dof 8.634e+00 applied 1.00 reseeds 115
step  200 loss 8.96956e-01 |g| 8.27e+00 NIS/dof 9.742e+00 applied 1.00 reseeds 125
step  210 loss 9.90880e-01 |g| 3.76e+01 NIS/dof 1.129e+01 applied 1.00 reseeds 136
step  220 loss 8.73759e-01 |g| 1.15e+01 NIS/dof 8.673e+00 applied 1.00 reseeds 143
step  230 loss 8.23950e-01 |g| 8.75e+00 NIS/dof 8.354e+00 applied 1.00 reseeds 148
step  240 loss 7.60561e-01 |g| 9.43e+00 NIS/dof 8.275e+00 applied 1.00 reseeds 152
step  250 loss 7.37144e-01 |g| 1.29e+01 NIS/dof 7.632e+00 applied 1.00 reseeds 159
step  260 loss 9.79434e-01 |g| 8.07e+00 NIS/dof 7.809e+00 applied 1.00 reseeds 162
step  270 loss 7.06197e-01 |g| 5.80e+00 NIS/dof 7.670e+00 applied 1.00 reseeds 170
step  280 loss 7.84820e-01 |g| 1.20e+01 NIS/dof 7.499e+00 applied 1.00 reseeds 177
step  290 loss 7.20202e-01 |g| 1.19e+01 NIS/dof 8.655e+00 applied 1.00 reseeds 187
step  300 loss 9.28046e-01 |g| 9.71e+00 NIS/dof 1.010e+01 applied 1.00 reseeds 192
step  310 loss 7.96177e-01 |g| 2.17e+01 NIS/dof 8.709e+00 applied 1.00 reseeds 196
step  320 loss 7.17396e-01 |g| 4.42e+00 NIS/dof 7.787e+00 applied 1.00 reseeds 202
step  330 loss 4.97267e-01 |g| 1.76e+01 NIS/dof 7.564e+00 applied 1.00 reseeds 210
step  340 loss 3.68514e-01 |g| 3.38e+01 NIS/dof 6.068e+00 applied 1.00 reseeds 218
step  350 loss 4.82899e-01 |g| 2.28e+01 NIS/dof 6.595e+00 applied 1.00 reseeds 222
step  360 loss 4.08323e-01 |g| 7.40e+00 NIS/dof 5.720e+00 applied 1.00 reseeds 233
step  370 loss 2.63266e-01 |g| 1.05e+01 NIS/dof 4.342e+00 applied 1.00 reseeds 239
step  380 loss 1.65881e-01 |g| 5.01e+00 NIS/dof 2.880e+00 applied 1.00 reseeds 247
step  390 loss 1.07648e-01 |g| 7.92e+00 NIS/dof 2.816e+00 applied 1.00 reseeds 254
step  400 loss 5.44233e-02 |g| 3.40e+00 NIS/dof 1.877e+00 applied 1.00 reseeds 260
step  410 loss 3.93816e-02 |g| 7.46e+00 NIS/dof 1.765e+00 applied 1.00 reseeds 266
step  420 loss 3.73146e-02 |g| 1.89e+00 NIS/dof 1.540e+00 applied 1.00 reseeds 275
step  430 loss 2.66896e-02 |g| 2.32e+00 NIS/dof 1.729e+00 applied 1.00 reseeds 278
step  440 loss 2.28965e-02 |g| 1.70e+00 NIS/dof 1.169e+00 applied 1.00 reseeds 289
step  450 loss 2.37735e-02 |g| 2.37e+00 NIS/dof 1.404e+00 applied 1.00 reseeds 293
step  460 loss 2.34589e-02 |g| 1.15e+00 NIS/dof 1.366e+00 applied 1.00 reseeds 297
step  470 loss 2.56945e-02 |g| 3.05e+00 NIS/dof 1.279e+00 applied 1.00 reseeds 306
step  480 loss 1.70175e-02 |g| 6.56e-01 NIS/dof 1.301e+00 applied 1.00 reseeds 309
step  490 loss 1.84934e-02 |g| 1.06e+00 NIS/dof 1.194e+00 applied 1.00 reseeds 314
step  500 loss 1.79782e-02 |g| 1.18e+00 NIS/dof 9.422e-01 applied 1.00 reseeds 323
step  510 loss 1.60083e-02 |g| 1.10e+00 NIS/dof 9.743e-01 applied 1.00 reseeds 329
step  520 loss 1.77968e-02 |g| 1.56e+00 NIS/dof 1.104e+00 applied 1.00 reseeds 334
step  530 loss 1.23381e-02 |g| 5.31e-01 NIS/dof 8.702e-01 applied 1.00 reseeds 338
step  540 loss 1.50129e-02 |g| 1.21e+00 NIS/dof 9.105e-01 applied 1.00 reseeds 343
step  550 loss 1.30881e-02 |g| 1.06e+00 NIS/dof 7.105e-01 applied 1.00 reseeds 350
step  560 loss 1.31306e-02 |g| 1.40e+00 NIS/dof 9.260e-01 applied 1.00 reseeds 357
step  570 loss 1.61219e-02 |g| 7.54e-01 NIS/dof 8.283e-01 applied 1.00 reseeds 367
step  580 loss 1.19107e-02 |g| 2.04e+00 NIS/dof 9.150e-01 applied 1.00 reseeds 375
step  590 loss 1.07589e-02 |g| 8.99e-01 NIS/dof 7.626e-01 applied 1.00 reseeds 381
step  600 loss 1.00354e-02 |g| 1.38e+00 NIS/dof 5.574e-01 applied 1.00 reseeds 386
step  610 loss 1.11317e-02 |g| 1.46e+00 NIS/dof 7.338e-01 applied 1.00 reseeds 390
step  620 loss 1.06096e-02 |g| 2.00e+00 NIS/dof 7.038e-01 applied 1.00 reseeds 398
step  630 loss 8.05762e-03 |g| 7.70e-01 NIS/dof 5.601e-01 applied 1.00 reseeds 405
step  640 loss 1.47774e-02 |g| 7.80e-01 NIS/dof 7.998e-01 applied 1.00 reseeds 411
step  650 loss 1.08921e-02 |g| 1.23e+00 NIS/dof 5.509e-01 applied 1.00 reseeds 419
step  660 loss 1.50167e-02 |g| 4.16e-01 NIS/dof 5.403e-01 applied 1.00 reseeds 429
step  670 loss 7.63261e-03 |g| 5.97e-01 NIS/dof 4.961e-01 applied 1.00 reseeds 433
step  680 loss 1.21324e-02 |g| 1.39e+00 NIS/dof 4.863e-01 applied 1.00 reseeds 438
step  690 loss 9.05974e-03 |g| 9.50e-01 NIS/dof 4.161e-01 applied 1.00 reseeds 444
step  700 loss 1.18374e-02 |g| 6.62e-01 NIS/dof 3.843e-01 applied 1.00 reseeds 447
step  710 loss 5.80276e-03 |g| 3.42e-01 NIS/dof 4.203e-01 applied 1.00 reseeds 452
step  720 loss 6.43837e-03 |g| 2.13e-01 NIS/dof 4.209e-01 applied 1.00 reseeds 456
step  730 loss 1.11343e-02 |g| 7.03e-01 NIS/dof 3.943e-01 applied 1.00 reseeds 467
step  740 loss 6.60423e-03 |g| 5.03e-01 NIS/dof 4.322e-01 applied 1.00 reseeds 477
step  750 loss 7.74846e-03 |g| 6.19e-01 NIS/dof 3.805e-01 applied 1.00 reseeds 487
step  760 loss 8.94117e-03 |g| 8.24e-01 NIS/dof 4.974e-01 applied 1.00 reseeds 490
step  770 loss 6.82166e-03 |g| 3.91e-01 NIS/dof 3.755e-01 applied 1.00 reseeds 498
step  780 loss 5.34461e-03 |g| 2.87e-01 NIS/dof 3.391e-01 applied 1.00 reseeds 502
step  790 loss 8.05150e-03 |g| 4.79e-01 NIS/dof 3.404e-01 applied 1.00 reseeds 507
step  800 loss 5.56372e-03 |g| 7.32e-01 NIS/dof 3.639e-01 applied 1.00 reseeds 512
step  810 loss 5.17223e-03 |g| 3.75e-01 NIS/dof 3.239e-01 applied 1.00 reseeds 519
step  820 loss 5.60710e-03 |g| 4.44e-01 NIS/dof 3.720e-01 applied 1.00 reseeds 524
step  830 loss 5.87957e-03 |g| 5.29e-01 NIS/dof 3.543e-01 applied 1.00 reseeds 530
step  840 loss 8.90561e-03 |g| 5.79e-01 NIS/dof 2.989e-01 applied 1.00 reseeds 537
step  850 loss 8.01290e-03 |g| 4.65e-01 NIS/dof 3.085e-01 applied 1.00 reseeds 543
step  860 loss 4.92265e-03 |g| 3.87e-01 NIS/dof 3.248e-01 applied 1.00 reseeds 547
step  870 loss 5.39709e-03 |g| 3.09e-01 NIS/dof 3.312e-01 applied 1.00 reseeds 553
step  880 loss 4.54108e-03 |g| 5.96e-01 NIS/dof 2.890e-01 applied 1.00 reseeds 557
step  890 loss 4.63620e-03 |g| 2.73e-01 NIS/dof 2.968e-01 applied 1.00 reseeds 564
step  900 loss 4.21511e-03 |g| 3.26e-01 NIS/dof 3.126e-01 applied 1.00 reseeds 572
step  910 loss 5.38796e-03 |g| 2.43e-01 NIS/dof 2.973e-01 applied 1.00 reseeds 578
step  920 loss 4.48148e-03 |g| 2.76e-01 NIS/dof 2.984e-01 applied 1.00 reseeds 584
step  930 loss 8.02112e-03 |g| 4.53e-01 NIS/dof 3.634e-01 applied 1.00 reseeds 589
step  940 loss 4.14384e-03 |g| 2.61e-01 NIS/dof 3.024e-01 applied 1.00 reseeds 596
step  950 loss 4.55095e-03 |g| 2.40e-01 NIS/dof 2.754e-01 applied 1.00 reseeds 601
step  960 loss 3.90503e-03 |g| 2.00e-01 NIS/dof 2.425e-01 applied 1.00 reseeds 607
step  970 loss 4.30578e-03 |g| 3.09e-01 NIS/dof 2.146e-01 applied 1.00 reseeds 610
step  980 loss 3.78025e-03 |g| 2.42e-01 NIS/dof 2.657e-01 applied 1.00 reseeds 619
step  990 loss 4.68421e-03 |g| 3.06e-01 NIS/dof 2.787e-01 applied 1.00 reseeds 625
step 1000 loss 5.34716e-03 |g| 1.83e-01 NIS/dof 2.726e-01 applied 1.00 reseeds 632
step 1010 loss 3.72377e-03 |g| 2.13e-01 NIS/dof 2.776e-01 applied 1.00 reseeds 636
step 1020 loss 4.12443e-03 |g| 2.46e-01 NIS/dof 1.986e-01 applied 1.00 reseeds 641
step 1030 loss 2.88653e-03 |g| 1.56e-01 NIS/dof 2.290e-01 applied 1.00 reseeds 645
step 1040 loss 3.08973e-03 |g| 1.50e-01 NIS/dof 2.600e-01 applied 1.00 reseeds 650
step 1050 loss 3.89640e-03 |g| 2.42e-01 NIS/dof 2.263e-01 applied 1.00 reseeds 660
step 1060 loss 3.20388e-03 |g| 2.17e-01 NIS/dof 2.171e-01 applied 1.00 reseeds 664
step 1070 loss 3.45128e-03 |g| 1.82e-01 NIS/dof 2.481e-01 applied 1.00 reseeds 671
step 1080 loss 4.39393e-03 |g| 2.87e-01 NIS/dof 2.745e-01 applied 1.00 reseeds 680
step 1090 loss 2.96500e-03 |g| 2.57e-01 NIS/dof 1.871e-01 applied 1.00 reseeds 683
step 1100 loss 2.78994e-03 |g| 1.84e-01 NIS/dof 1.974e-01 applied 1.00 reseeds 693
step 1110 loss 3.58984e-03 |g| 1.85e-01 NIS/dof 2.196e-01 applied 1.00 reseeds 700
step 1120 loss 3.89929e-03 |g| 2.31e-01 NIS/dof 2.762e-01 applied 1.00 reseeds 708
step 1130 loss 3.28960e-03 |g| 2.77e-01 NIS/dof 2.345e-01 applied 1.00 reseeds 713
step 1140 loss 3.11753e-03 |g| 1.52e-01 NIS/dof 2.544e-01 applied 1.00 reseeds 721
step 1150 loss 3.92098e-03 |g| 2.16e-01 NIS/dof 2.201e-01 applied 1.00 reseeds 729
step 1160 loss 3.12354e-03 |g| 3.19e-01 NIS/dof 1.918e-01 applied 1.00 reseeds 734
step 1170 loss 3.54551e-03 |g| 2.89e-01 NIS/dof 2.420e-01 applied 1.00 reseeds 740
step 1180 loss 3.65038e-03 |g| 2.23e-01 NIS/dof 2.609e-01 applied 1.00 reseeds 745
step 1190 loss 2.88259e-03 |g| 2.51e-01 NIS/dof 2.152e-01 applied 1.00 reseeds 751
step 1200 loss 3.48273e-03 |g| 1.95e-01 NIS/dof 2.445e-01 applied 1.00 reseeds 754
step 1210 loss 3.27100e-03 |g| 4.00e-01 NIS/dof 1.853e-01 applied 1.00 reseeds 760
step 1220 loss 3.62602e-03 |g| 2.90e-01 NIS/dof 2.192e-01 applied 1.00 reseeds 765
step 1230 loss 3.96931e-03 |g| 1.64e-01 NIS/dof 2.261e-01 applied 1.00 reseeds 770
step 1240 loss 2.66171e-03 |g| 2.25e-01 NIS/dof 1.897e-01 applied 1.00 reseeds 777
step 1250 loss 3.05784e-03 |g| 1.90e-01 NIS/dof 2.346e-01 applied 1.00 reseeds 785
step 1260 loss 4.96002e-03 |g| 3.28e-01 NIS/dof 2.127e-01 applied 1.00 reseeds 793
step 1270 loss 4.02184e-03 |g| 1.64e-01 NIS/dof 2.020e-01 applied 1.00 reseeds 796
step 1280 loss 2.57425e-03 |g| 1.08e-01 NIS/dof 1.709e-01 applied 1.00 reseeds 803
step 1290 loss 2.04576e-03 |g| 6.02e-02 NIS/dof 1.517e-01 applied 1.00 reseeds 806
step 1300 loss 3.28477e-03 |g| 1.15e-01 NIS/dof 1.720e-01 applied 1.00 reseeds 813
step 1310 loss 2.43464e-03 |g| 1.42e-01 NIS/dof 1.689e-01 applied 1.00 reseeds 821
step 1320 loss 2.28158e-03 |g| 2.26e-01 NIS/dof 2.205e-01 applied 1.00 reseeds 826
step 1330 loss 2.68319e-03 |g| 1.57e-01 NIS/dof 1.886e-01 applied 1.00 reseeds 832
step 1340 loss 2.71143e-03 |g| 1.31e-01 NIS/dof 2.119e-01 applied 1.00 reseeds 841
step 1350 loss 2.92346e-03 |g| 1.40e-01 NIS/dof 2.657e-01 applied 1.00 reseeds 845
step 1360 loss 3.09816e-03 |g| 1.34e-01 NIS/dof 2.102e-01 applied 1.00 reseeds 854
step 1370 loss 4.00926e-03 |g| 1.95e-01 NIS/dof 2.394e-01 applied 1.00 reseeds 861
step 1380 loss 2.77491e-03 |g| 2.80e-01 NIS/dof 1.757e-01 applied 1.00 reseeds 869
step 1390 loss 3.42456e-03 |g| 1.20e-01 NIS/dof 1.679e-01 applied 1.00 reseeds 876
step 1400 loss 3.59571e-03 |g| 2.55e-01 NIS/dof 2.144e-01 applied 1.00 reseeds 882
step 1410 loss 2.90156e-03 |g| 1.53e-01 NIS/dof 1.766e-01 applied 1.00 reseeds 888
step 1420 loss 2.82830e-03 |g| 1.78e-01 NIS/dof 2.004e-01 applied 1.00 reseeds 893
step 1430 loss 3.16484e-03 |g| 2.93e-01 NIS/dof 1.968e-01 applied 1.00 reseeds 896
step 1440 loss 2.03582e-03 |g| 1.73e-01 NIS/dof 2.070e-01 applied 1.00 reseeds 903
step 1450 loss 2.36163e-03 |g| 1.91e-01 NIS/dof 1.787e-01 applied 1.00 reseeds 912
step 1460 loss 2.00289e-03 |g| 2.81e-01 NIS/dof 1.595e-01 applied 1.00 reseeds 918
step 1470 loss 2.69648e-03 |g| 1.63e-01 NIS/dof 1.950e-01 applied 1.00 reseeds 921
step 1480 loss 2.84679e-03 |g| 1.32e-01 NIS/dof 1.799e-01 applied 1.00 reseeds 930
step 1490 loss 3.53331e-03 |g| 2.62e-01 NIS/dof 1.865e-01 applied 1.00 reseeds 936
step 1500 loss 2.77905e-03 |g| 1.42e-01 NIS/dof 1.680e-01 applied 1.00 reseeds 946
step 1510 loss 2.28290e-03 |g| 9.66e-02 NIS/dof 1.746e-01 applied 1.00 reseeds 951
step 1520 loss 1.84037e-03 |g| 1.24e-01 NIS/dof 1.801e-01 applied 1.00 reseeds 960
step 1530 loss 2.73328e-03 |g| 1.63e-01 NIS/dof 2.079e-01 applied 1.00 reseeds 962
step 1540 loss 2.78743e-03 |g| 8.86e-02 NIS/dof 1.968e-01 applied 1.00 reseeds 968
step 1550 loss 3.79136e-03 |g| 2.32e-01 NIS/dof 1.721e-01 applied 1.00 reseeds 976
step 1560 loss 2.56628e-03 |g| 8.92e-02 NIS/dof 1.993e-01 applied 1.00 reseeds 979
step 1570 loss 2.27861e-03 |g| 1.22e-01 NIS/dof 1.848e-01 applied 1.00 reseeds 984
step 1580 loss 2.43387e-03 |g| 1.51e-01 NIS/dof 1.685e-01 applied 1.00 reseeds 989
step 1590 loss 2.94903e-03 |g| 1.76e-01 NIS/dof 1.691e-01 applied 1.00 reseeds 992
step 1600 loss 2.22323e-03 |g| 1.27e-01 NIS/dof 1.845e-01 applied 1.00 reseeds 998
step 1610 loss 2.57998e-03 |g| 2.03e-01 NIS/dof 1.885e-01 applied 1.00 reseeds 1001
step 1620 loss 2.16070e-03 |g| 1.33e-01 NIS/dof 1.578e-01 applied 1.00 reseeds 1010
step 1630 loss 1.92197e-03 |g| 7.45e-02 NIS/dof 2.164e-01 applied 1.00 reseeds 1015
step 1640 loss 2.98473e-03 |g| 1.07e-01 NIS/dof 1.790e-01 applied 1.00 reseeds 1024
step 1650 loss 2.13085e-03 |g| 1.17e-01 NIS/dof 1.924e-01 applied 1.00 reseeds 1030
step 1660 loss 2.22939e-03 |g| 1.06e-01 NIS/dof 2.069e-01 applied 1.00 reseeds 1040
step 1670 loss 2.58365e-03 |g| 1.09e-01 NIS/dof 1.678e-01 applied 1.00 reseeds 1045
step 1680 loss 2.24108e-03 |g| 1.58e-01 NIS/dof 1.703e-01 applied 1.00 reseeds 1050
step 1690 loss 2.45207e-03 |g| 2.14e-01 NIS/dof 2.109e-01 applied 1.00 reseeds 1052
step 1700 loss 2.41590e-03 |g| 1.47e-01 NIS/dof 2.030e-01 applied 1.00 reseeds 1064
step 1710 loss 2.39735e-03 |g| 7.74e-02 NIS/dof 1.983e-01 applied 1.00 reseeds 1065
step 1720 loss 2.28202e-03 |g| 1.45e-01 NIS/dof 1.587e-01 applied 1.00 reseeds 1070
step 1730 loss 2.61140e-03 |g| 1.12e-01 NIS/dof 1.880e-01 applied 1.00 reseeds 1076
step 1740 loss 1.76796e-03 |g| 1.41e-01 NIS/dof 1.524e-01 applied 1.00 reseeds 1084
step 1750 loss 2.39064e-03 |g| 1.26e-01 NIS/dof 1.896e-01 applied 1.00 reseeds 1088
step 1760 loss 2.12525e-03 |g| 1.76e-01 NIS/dof 2.046e-01 applied 1.00 reseeds 1095
step 1770 loss 1.86532e-03 |g| 1.00e-01 NIS/dof 1.572e-01 applied 1.00 reseeds 1101
step 1780 loss 2.12359e-03 |g| 9.95e-02 NIS/dof 1.596e-01 applied 1.00 reseeds 1109
step 1790 loss 2.46794e-03 |g| 1.91e-01 NIS/dof 1.562e-01 applied 1.00 reseeds 1114
step 1800 loss 2.07902e-03 |g| 2.17e-01 NIS/dof 1.407e-01 applied 1.00 reseeds 1124
step 1810 loss 1.89350e-03 |g| 9.74e-02 NIS/dof 1.777e-01 applied 1.00 reseeds 1129
step 1820 loss 2.01404e-03 |g| 1.91e-01 NIS/dof 1.910e-01 applied 1.00 reseeds 1136
step 1830 loss 1.79053e-03 |g| 5.98e-02 NIS/dof 1.729e-01 applied 1.00 reseeds 1144
step 1840 loss 2.13095e-03 |g| 2.00e-01 NIS/dof 1.641e-01 applied 1.00 reseeds 1149
step 1850 loss 1.68535e-03 |g| 8.96e-02 NIS/dof 1.320e-01 applied 1.00 reseeds 1154
step 1860 loss 3.24131e-03 |g| 2.41e-01 NIS/dof 2.403e-01 applied 1.00 reseeds 1159
step 1870 loss 2.42210e-03 |g| 1.08e-01 NIS/dof 1.807e-01 applied 1.00 reseeds 1165
step 1880 loss 1.80312e-03 |g| 8.56e-02 NIS/dof 1.677e-01 applied 1.00 reseeds 1172
step 1890 loss 2.08029e-03 |g| 1.59e-01 NIS/dof 1.626e-01 applied 1.00 reseeds 1177
step 1900 loss 2.03309e-03 |g| 1.38e-01 NIS/dof 1.896e-01 applied 1.00 reseeds 1182
step 1910 loss 1.80522e-03 |g| 8.86e-02 NIS/dof 1.629e-01 applied 1.00 reseeds 1184
step 1920 loss 2.46024e-03 |g| 1.50e-01 NIS/dof 1.502e-01 applied 1.00 reseeds 1194
step 1930 loss 2.04151e-03 |g| 2.16e-01 NIS/dof 1.895e-01 applied 1.00 reseeds 1202
step 1940 loss 1.89544e-03 |g| 8.44e-02 NIS/dof 1.337e-01 applied 1.00 reseeds 1206
step 1950 loss 2.31553e-03 |g| 1.88e-01 NIS/dof 1.814e-01 applied 1.00 reseeds 1209
step 1960 loss 1.98230e-03 |g| 1.23e-01 NIS/dof 1.752e-01 applied 1.00 reseeds 1217
step 1970 loss 2.20202e-03 |g| 2.67e-01 NIS/dof 2.160e-01 applied 1.00 reseeds 1224
step 1980 loss 1.63021e-03 |g| 1.23e-01 NIS/dof 1.577e-01 applied 1.00 reseeds 1230
step 1990 loss 1.76361e-03 |g| 2.00e-01 NIS/dof 1.719e-01 applied 1.00 reseeds 1233
step 2000 loss 1.68077e-03 |g| 9.36e-02 NIS/dof 1.395e-01 applied 1.00 reseeds 1240
step 2010 loss 1.96504e-03 |g| 7.85e-02 NIS/dof 1.516e-01 applied 1.00 reseeds 1244
step 2020 loss 1.99477e-03 |g| 8.07e-02 NIS/dof 1.356e-01 applied 1.00 reseeds 1251
step 2030 loss 2.28909e-03 |g| 9.40e-02 NIS/dof 1.754e-01 applied 1.00 reseeds 1260
step 2040 loss 1.49214e-03 |g| 9.50e-02 NIS/dof 1.733e-01 applied 1.00 reseeds 1267
step 2050 loss 2.05625e-03 |g| 8.50e-02 NIS/dof 1.529e-01 applied 1.00 reseeds 1274
step 2060 loss 2.09810e-03 |g| 1.59e-01 NIS/dof 1.756e-01 applied 1.00 reseeds 1276
step 2070 loss 1.61802e-03 |g| 1.77e-01 NIS/dof 1.739e-01 applied 1.00 reseeds 1279
step 2080 loss 2.25389e-03 |g| 8.70e-02 NIS/dof 1.684e-01 applied 1.00 reseeds 1285
step 2090 loss 2.44763e-03 |g| 1.51e-01 NIS/dof 1.860e-01 applied 1.00 reseeds 1290
step 2100 loss 1.76157e-03 |g| 7.92e-02 NIS/dof 1.596e-01 applied 1.00 reseeds 1295
step 2110 loss 3.31984e-03 |g| 5.24e-01 NIS/dof 1.480e-01 applied 1.00 reseeds 1300
step 2120 loss 2.31363e-03 |g| 1.54e-01 NIS/dof 1.964e-01 applied 1.00 reseeds 1304
step 2130 loss 1.85530e-03 |g| 1.41e-01 NIS/dof 2.109e-01 applied 1.00 reseeds 1308
step 2140 loss 2.03792e-03 |g| 1.72e-01 NIS/dof 1.579e-01 applied 1.00 reseeds 1312
step 2150 loss 2.08508e-03 |g| 1.41e-01 NIS/dof 1.694e-01 applied 1.00 reseeds 1320
step 2160 loss 1.98134e-03 |g| 1.13e-01 NIS/dof 1.488e-01 applied 1.00 reseeds 1328
step 2170 loss 1.85746e-03 |g| 2.72e-01 NIS/dof 1.864e-01 applied 1.00 reseeds 1334
step 2180 loss 1.66623e-03 |g| 6.67e-02 NIS/dof 1.789e-01 applied 1.00 reseeds 1345
step 2190 loss 2.83501e-03 |g| 1.57e-01 NIS/dof 1.583e-01 applied 1.00 reseeds 1353
step 2200 loss 1.77209e-03 |g| 6.15e-02 NIS/dof 1.302e-01 applied 1.00 reseeds 1356
step 2210 loss 1.94852e-03 |g| 1.55e-01 NIS/dof 1.725e-01 applied 1.00 reseeds 1367
step 2220 loss 2.10147e-03 |g| 1.32e-01 NIS/dof 2.519e-01 applied 1.00 reseeds 1377
step 2230 loss 2.03253e-03 |g| 9.92e-02 NIS/dof 1.863e-01 applied 1.00 reseeds 1386
step 2240 loss 2.03962e-03 |g| 1.72e-01 NIS/dof 1.582e-01 applied 1.00 reseeds 1393
step 2250 loss 1.65035e-03 |g| 1.58e-01 NIS/dof 2.024e-01 applied 1.00 reseeds 1396
step 2260 loss 1.79198e-03 |g| 8.65e-02 NIS/dof 1.875e-01 applied 1.00 reseeds 1406
step 2270 loss 1.32577e-03 |g| 1.08e-01 NIS/dof 1.615e-01 applied 1.00 reseeds 1412
step 2280 loss 1.37380e-03 |g| 4.94e-02 NIS/dof 1.624e-01 applied 1.00 reseeds 1413
step 2290 loss 2.45906e-03 |g| 1.01e-01 NIS/dof 1.646e-01 applied 1.00 reseeds 1417
step 2300 loss 1.77028e-03 |g| 7.64e-02 NIS/dof 1.658e-01 applied 1.00 reseeds 1426
step 2310 loss 1.91025e-03 |g| 6.60e-02 NIS/dof 1.758e-01 applied 1.00 reseeds 1428
step 2320 loss 1.70361e-03 |g| 1.68e-01 NIS/dof 1.835e-01 applied 1.00 reseeds 1435
step 2330 loss 2.47342e-03 |g| 1.85e-01 NIS/dof 1.893e-01 applied 1.00 reseeds 1442
step 2340 loss 1.63737e-03 |g| 1.27e-01 NIS/dof 1.495e-01 applied 1.00 reseeds 1448
step 2350 loss 1.43521e-03 |g| 1.36e-01 NIS/dof 1.721e-01 applied 1.00 reseeds 1454
step 2360 loss 1.73135e-03 |g| 6.96e-02 NIS/dof 1.701e-01 applied 1.00 reseeds 1460
step 2370 loss 1.43197e-03 |g| 1.01e-01 NIS/dof 1.692e-01 applied 1.00 reseeds 1466
step 2380 loss 1.84120e-03 |g| 1.27e-01 NIS/dof 1.945e-01 applied 1.00 reseeds 1480
step 2390 loss 1.59749e-03 |g| 1.79e-01 NIS/dof 1.619e-01 applied 1.00 reseeds 1484
step 2400 loss 2.71078e-03 |g| 2.73e-01 NIS/dof 1.853e-01 applied 1.00 reseeds 1485
step 2410 loss 2.12606e-03 |g| 1.27e-01 NIS/dof 1.716e-01 applied 1.00 reseeds 1492
step 2420 loss 2.33895e-03 |g| 1.81e-01 NIS/dof 2.125e-01 applied 1.00 reseeds 1500
step 2430 loss 1.86026e-03 |g| 1.52e-01 NIS/dof 1.636e-01 applied 1.00 reseeds 1507
step 2440 loss 1.60415e-03 |g| 1.18e-01 NIS/dof 1.837e-01 applied 1.00 reseeds 1513
step 2450 loss 1.60452e-03 |g| 1.17e-01 NIS/dof 1.859e-01 applied 1.00 reseeds 1514
step 2460 loss 1.54583e-03 |g| 1.06e-01 NIS/dof 1.597e-01 applied 1.00 reseeds 1519
step 2470 loss 1.90778e-03 |g| 9.77e-02 NIS/dof 1.523e-01 applied 1.00 reseeds 1527
step 2480 loss 2.00369e-03 |g| 8.39e-02 NIS/dof 1.457e-01 applied 1.00 reseeds 1536
step 2490 loss 1.60142e-03 |g| 1.28e-01 NIS/dof 1.865e-01 applied 1.00 reseeds 1540
step 2500 loss 1.46589e-03 |g| 9.66e-02 NIS/dof 1.667e-01 applied 1.00 reseeds 1544
step 2510 loss 1.71081e-03 |g| 2.54e-01 NIS/dof 2.037e-01 applied 1.00 reseeds 1552
step 2520 loss 2.00983e-03 |g| 5.56e-02 NIS/dof 1.393e-01 applied 1.00 reseeds 1558
step 2530 loss 2.11149e-03 |g| 9.89e-02 NIS/dof 1.560e-01 applied 1.00 reseeds 1567
step 2540 loss 1.91289e-03 |g| 1.30e-01 NIS/dof 1.726e-01 applied 1.00 reseeds 1573
step 2550 loss 2.17392e-03 |g| 9.02e-02 NIS/dof 2.222e-01 applied 1.00 reseeds 1581
step 2560 loss 1.86946e-03 |g| 7.43e-02 NIS/dof 1.404e-01 applied 1.00 reseeds 1587
step 2570 loss 1.48382e-03 |g| 1.61e-01 NIS/dof 1.737e-01 applied 1.00 reseeds 1590
step 2580 loss 2.30883e-03 |g| 1.41e-01 NIS/dof 1.699e-01 applied 1.00 reseeds 1596
step 2590 loss 1.48105e-03 |g| 8.56e-02 NIS/dof 1.883e-01 applied 1.00 reseeds 1603
step 2600 loss 2.08256e-03 |g| 1.29e-01 NIS/dof 1.664e-01 applied 1.00 reseeds 1608
step 2610 loss 1.59798e-03 |g| 1.55e-01 NIS/dof 1.580e-01 applied 1.00 reseeds 1612
step 2620 loss 2.09169e-03 |g| 2.13e-01 NIS/dof 1.721e-01 applied 1.00 reseeds 1617
step 2630 loss 1.67631e-03 |g| 2.16e-01 NIS/dof 1.681e-01 applied 1.00 reseeds 1624
step 2640 loss 2.03915e-03 |g| 1.05e-01 NIS/dof 1.788e-01 applied 1.00 reseeds 1632
step 2650 loss 1.57323e-03 |g| 8.38e-02 NIS/dof 1.765e-01 applied 1.00 reseeds 1639
step 2660 loss 1.49255e-03 |g| 1.19e-01 NIS/dof 1.730e-01 applied 1.00 reseeds 1646
step 2670 loss 1.67455e-03 |g| 7.66e-02 NIS/dof 1.627e-01 applied 1.00 reseeds 1651
step 2680 loss 1.90151e-03 |g| 1.13e-01 NIS/dof 1.638e-01 applied 1.00 reseeds 1656
step 2690 loss 2.19459e-03 |g| 9.01e-02 NIS/dof 1.607e-01 applied 1.00 reseeds 1661
step 2700 loss 2.11892e-03 |g| 1.71e-01 NIS/dof 2.201e-01 applied 1.00 reseeds 1667
step 2710 loss 1.73023e-03 |g| 1.15e-01 NIS/dof 1.459e-01 applied 1.00 reseeds 1673
step 2720 loss 1.29741e-03 |g| 6.64e-02 NIS/dof 1.317e-01 applied 1.00 reseeds 1677
step 2730 loss 1.72690e-03 |g| 1.27e-01 NIS/dof 1.413e-01 applied 1.00 reseeds 1684
step 2740 loss 2.18239e-03 |g| 1.59e-01 NIS/dof 1.846e-01 applied 1.00 reseeds 1692
step 2750 loss 2.14120e-03 |g| 1.81e-01 NIS/dof 1.543e-01 applied 1.00 reseeds 1702
step 2760 loss 1.68480e-03 |g| 8.03e-02 NIS/dof 1.457e-01 applied 1.00 reseeds 1709
step 2770 loss 1.42931e-03 |g| 5.22e-02 NIS/dof 1.326e-01 applied 1.00 reseeds 1714
step 2780 loss 1.21484e-03 |g| 1.98e-01 NIS/dof 1.438e-01 applied 1.00 reseeds 1718
step 2790 loss 1.36422e-03 |g| 9.85e-02 NIS/dof 1.601e-01 applied 1.00 reseeds 1721
step 2800 loss 1.73947e-03 |g| 2.17e-01 NIS/dof 2.013e-01 applied 1.00 reseeds 1728
step 2810 loss 1.56436e-03 |g| 1.09e-01 NIS/dof 1.653e-01 applied 1.00 reseeds 1733
step 2820 loss 1.46813e-03 |g| 7.56e-02 NIS/dof 1.806e-01 applied 1.00 reseeds 1746
step 2830 loss 1.49323e-03 |g| 1.14e-01 NIS/dof 1.746e-01 applied 1.00 reseeds 1750
step 2840 loss 1.91195e-03 |g| 8.96e-02 NIS/dof 1.428e-01 applied 1.00 reseeds 1757
step 2850 loss 1.76714e-03 |g| 1.11e-01 NIS/dof 1.765e-01 applied 1.00 reseeds 1763
step 2860 loss 1.79713e-03 |g| 7.25e-02 NIS/dof 1.759e-01 applied 1.00 reseeds 1764
step 2870 loss 1.50474e-03 |g| 5.82e-02 NIS/dof 1.121e-01 applied 1.00 reseeds 1767
step 2880 loss 1.87735e-03 |g| 6.10e-02 NIS/dof 1.552e-01 applied 1.00 reseeds 1774
step 2890 loss 1.54642e-03 |g| 6.27e-02 NIS/dof 1.625e-01 applied 1.00 reseeds 1778
step 2900 loss 1.51655e-03 |g| 1.81e-01 NIS/dof 1.642e-01 applied 1.00 reseeds 1784
step 2910 loss 1.65524e-03 |g| 5.71e-02 NIS/dof 1.692e-01 applied 1.00 reseeds 1791
step 2920 loss 1.91036e-03 |g| 1.07e-01 NIS/dof 1.937e-01 applied 1.00 reseeds 1795
step 2930 loss 1.48325e-03 |g| 8.05e-02 NIS/dof 1.546e-01 applied 1.00 reseeds 1800
step 2940 loss 1.74173e-03 |g| 1.28e-01 NIS/dof 1.446e-01 applied 1.00 reseeds 1806
step 2950 loss 1.59220e-03 |g| 6.21e-02 NIS/dof 1.492e-01 applied 1.00 reseeds 1812
step 2960 loss 1.47214e-03 |g| 1.02e-01 NIS/dof 1.384e-01 applied 1.00 reseeds 1815
step 2970 loss 1.72916e-03 |g| 1.24e-01 NIS/dof 1.631e-01 applied 1.00 reseeds 1818
step 2980 loss 1.86231e-03 |g| 1.71e-01 NIS/dof 1.775e-01 applied 1.00 reseeds 1827
step 2990 loss 1.69011e-03 |g| 1.26e-01 NIS/dof 1.414e-01 applied 1.00 reseeds 1832
step 3000 loss 1.33112e-03 |g| 1.15e-01 NIS/dof 1.604e-01 applied 1.00 reseeds 1838
step 3010 loss 1.56879e-03 |g| 1.45e-01 NIS/dof 1.857e-01 applied 1.00 reseeds 1842
step 3020 loss 1.72239e-03 |g| 1.32e-01 NIS/dof 1.616e-01 applied 1.00 reseeds 1849
step 3030 loss 1.61794e-03 |g| 8.68e-02 NIS/dof 2.089e-01 applied 1.00 reseeds 1855
step 3040 loss 1.11044e-03 |g| 2.57e-01 NIS/dof 1.410e-01 applied 1.00 reseeds 1860
step 3050 loss 1.59549e-03 |g| 9.98e-02 NIS/dof 1.691e-01 applied 1.00 reseeds 1863
step 3060 loss 1.61395e-03 |g| 1.37e-01 NIS/dof 1.647e-01 applied 1.00 reseeds 1871
step 3070 loss 1.82363e-03 |g| 7.80e-02 NIS/dof 1.603e-01 applied 1.00 reseeds 1880
step 3080 loss 1.38572e-03 |g| 1.25e-01 NIS/dof 1.298e-01 applied 1.00 reseeds 1884
step 3090 loss 1.63605e-03 |g| 1.19e-01 NIS/dof 1.417e-01 applied 1.00 reseeds 1890
step 3100 loss 1.64612e-03 |g| 6.73e-02 NIS/dof 1.577e-01 applied 1.00 reseeds 1895
step 3110 loss 1.66981e-03 |g| 1.25e-01 NIS/dof 1.715e-01 applied 1.00 reseeds 1899
step 3120 loss 1.41599e-03 |g| 9.86e-02 NIS/dof 1.725e-01 applied 1.00 reseeds 1908
step 3130 loss 1.46839e-03 |g| 5.66e-02 NIS/dof 1.326e-01 applied 1.00 reseeds 1912
step 3140 loss 2.13915e-03 |g| 9.01e-02 NIS/dof 1.592e-01 applied 1.00 reseeds 1916
step 3150 loss 1.40436e-03 |g| 9.94e-02 NIS/dof 1.654e-01 applied 1.00 reseeds 1923
step 3160 loss 1.52580e-03 |g| 1.21e-01 NIS/dof 1.871e-01 applied 1.00 reseeds 1931
step 3170 loss 1.60890e-03 |g| 1.80e-01 NIS/dof 1.761e-01 applied 1.00 reseeds 1935
step 3180 loss 2.05437e-03 |g| 1.65e-01 NIS/dof 1.505e-01 applied 1.00 reseeds 1938
step 3190 loss 1.96404e-03 |g| 1.04e-01 NIS/dof 1.672e-01 applied 1.00 reseeds 1944
step 3200 loss 1.24631e-03 |g| 1.31e-01 NIS/dof 1.740e-01 applied 1.00 reseeds 1946
step 3210 loss 1.46984e-03 |g| 8.61e-02 NIS/dof 1.636e-01 applied 1.00 reseeds 1954
step 3220 loss 1.47873e-03 |g| 7.59e-02 NIS/dof 1.643e-01 applied 1.00 reseeds 1965
step 3230 loss 1.65720e-03 |g| 1.08e-01 NIS/dof 1.501e-01 applied 1.00 reseeds 1968
step 3240 loss 1.71764e-03 |g| 8.53e-02 NIS/dof 1.782e-01 applied 1.00 reseeds 1975
step 3250 loss 1.23275e-03 |g| 6.63e-02 NIS/dof 1.527e-01 applied 1.00 reseeds 1981
step 3260 loss 1.11396e-03 |g| 7.94e-02 NIS/dof 1.679e-01 applied 1.00 reseeds 1987
step 3270 loss 1.69046e-03 |g| 2.29e-01 NIS/dof 2.032e-01 applied 1.00 reseeds 1987
step 3280 loss 1.77398e-03 |g| 9.47e-02 NIS/dof 1.924e-01 applied 1.00 reseeds 1997
step 3290 loss 1.91016e-03 |g| 1.28e-01 NIS/dof 1.512e-01 applied 1.00 reseeds 2003
step 3300 loss 1.44902e-03 |g| 1.13e-01 NIS/dof 1.590e-01 applied 1.00 reseeds 2005
step 3310 loss 1.26692e-03 |g| 1.20e-01 NIS/dof 1.453e-01 applied 1.00 reseeds 2012
step 3320 loss 1.50848e-03 |g| 9.42e-02 NIS/dof 1.829e-01 applied 1.00 reseeds 2015
step 3330 loss 1.21216e-03 |g| 9.41e-02 NIS/dof 1.628e-01 applied 1.00 reseeds 2020
step 3340 loss 1.38476e-03 |g| 1.07e-01 NIS/dof 1.835e-01 applied 1.00 reseeds 2026
step 3350 loss 1.23204e-03 |g| 1.10e-01 NIS/dof 1.595e-01 applied 1.00 reseeds 2033
step 3360 loss 1.37403e-03 |g| 7.94e-02 NIS/dof 1.659e-01 applied 1.00 reseeds 2040
step 3370 loss 1.82358e-03 |g| 8.36e-02 NIS/dof 1.444e-01 applied 1.00 reseeds 2048
step 3380 loss 1.46222e-03 |g| 8.98e-02 NIS/dof 1.437e-01 applied 1.00 reseeds 2051
step 3390 loss 1.25005e-03 |g| 1.31e-01 NIS/dof 1.481e-01 applied 1.00 reseeds 2057
step 3400 loss 2.21235e-03 |g| 1.45e-01 NIS/dof 1.316e-01 applied 1.00 reseeds 2061
step 3410 loss 1.53910e-03 |g| 7.95e-02 NIS/dof 1.502e-01 applied 1.00 reseeds 2069
step 3420 loss 1.35277e-03 |g| 5.96e-02 NIS/dof 1.621e-01 applied 1.00 reseeds 2077
step 3430 loss 1.36063e-03 |g| 7.44e-02 NIS/dof 1.699e-01 applied 1.00 reseeds 2077
step 3440 loss 1.20512e-03 |g| 1.09e-01 NIS/dof 1.688e-01 applied 1.00 reseeds 2083
step 3450 loss 1.95646e-03 |g| 8.42e-02 NIS/dof 1.977e-01 applied 1.00 reseeds 2085
step 3460 loss 1.52221e-03 |g| 9.48e-02 NIS/dof 1.638e-01 applied 1.00 reseeds 2097
step 3470 loss 1.80303e-03 |g| 8.80e-02 NIS/dof 1.828e-01 applied 1.00 reseeds 2102
step 3480 loss 1.86788e-03 |g| 1.35e-01 NIS/dof 1.669e-01 applied 1.00 reseeds 2108
step 3490 loss 1.82059e-03 |g| 1.01e-01 NIS/dof 1.642e-01 applied 1.00 reseeds 2113
step 3500 loss 1.56706e-03 |g| 1.24e-01 NIS/dof 1.826e-01 applied 1.00 reseeds 2121
step 3510 loss 1.48594e-03 |g| 1.19e-01 NIS/dof 1.817e-01 applied 1.00 reseeds 2128
step 3520 loss 1.45251e-03 |g| 1.35e-01 NIS/dof 1.886e-01 applied 1.00 reseeds 2136
step 3530 loss 1.61551e-03 |g| 1.57e-01 NIS/dof 1.974e-01 applied 1.00 reseeds 2141
step 3540 loss 1.49460e-03 |g| 1.58e-01 NIS/dof 1.666e-01 applied 1.00 reseeds 2146
step 3550 loss 1.32142e-03 |g| 9.84e-02 NIS/dof 1.591e-01 applied 1.00 reseeds 2151
step 3560 loss 1.52447e-03 |g| 9.57e-02 NIS/dof 1.592e-01 applied 1.00 reseeds 2156
step 3570 loss 1.78776e-03 |g| 6.56e-02 NIS/dof 1.359e-01 applied 1.00 reseeds 2164
step 3580 loss 1.67539e-03 |g| 1.07e-01 NIS/dof 1.738e-01 applied 1.00 reseeds 2173
step 3590 loss 1.56360e-03 |g| 1.16e-01 NIS/dof 1.837e-01 applied 1.00 reseeds 2175
step 3600 loss 1.23676e-03 |g| 1.24e-01 NIS/dof 1.849e-01 applied 1.00 reseeds 2183
step 3610 loss 7.41705e-04 |g| 4.74e-02 NIS/dof 1.192e-01 applied 1.00 reseeds 2189
step 3620 loss 1.25312e-03 |g| 1.08e-01 NIS/dof 1.560e-01 applied 1.00 reseeds 2195
step 3630 loss 1.05451e-03 |g| 6.42e-02 NIS/dof 1.697e-01 applied 1.00 reseeds 2199
step 3640 loss 1.26828e-03 |g| 7.52e-02 NIS/dof 1.612e-01 applied 1.00 reseeds 2204
step 3650 loss 1.28978e-03 |g| 7.06e-02 NIS/dof 2.093e-01 applied 1.00 reseeds 2206
step 3660 loss 1.80544e-03 |g| 1.67e-01 NIS/dof 1.841e-01 applied 1.00 reseeds 2213
step 3670 loss 1.72422e-03 |g| 2.26e-01 NIS/dof 1.820e-01 applied 1.00 reseeds 2224
step 3680 loss 1.88748e-03 |g| 1.71e-01 NIS/dof 1.875e-01 applied 1.00 reseeds 2230
step 3690 loss 1.65355e-03 |g| 1.19e-01 NIS/dof 1.517e-01 applied 1.00 reseeds 2235
step 3700 loss 1.30750e-03 |g| 7.46e-02 NIS/dof 1.774e-01 applied 1.00 reseeds 2242
step 3710 loss 1.69499e-03 |g| 7.10e-02 NIS/dof 1.282e-01 applied 1.00 reseeds 2244
step 3720 loss 1.74250e-03 |g| 2.02e-01 NIS/dof 1.248e-01 applied 1.00 reseeds 2252
step 3730 loss 1.04401e-03 |g| 4.20e-02 NIS/dof 1.630e-01 applied 1.00 reseeds 2256
step 3740 loss 1.29575e-03 |g| 6.71e-02 NIS/dof 1.731e-01 applied 1.00 reseeds 2264
step 3750 loss 1.14719e-03 |g| 6.72e-02 NIS/dof 1.531e-01 applied 1.00 reseeds 2271
step 3760 loss 1.44966e-03 |g| 6.73e-02 NIS/dof 1.667e-01 applied 1.00 reseeds 2277
step 3770 loss 1.33326e-03 |g| 9.78e-02 NIS/dof 1.871e-01 applied 1.00 reseeds 2283
step 3780 loss 1.89986e-03 |g| 1.33e-01 NIS/dof 1.820e-01 applied 1.00 reseeds 2290
step 3790 loss 1.43109e-03 |g| 1.17e-01 NIS/dof 1.826e-01 applied 1.00 reseeds 2298
step 3800 loss 1.18532e-03 |g| 6.48e-02 NIS/dof 1.657e-01 applied 1.00 reseeds 2301
step 3810 loss 1.51703e-03 |g| 1.68e-01 NIS/dof 1.706e-01 applied 1.00 reseeds 2307
step 3820 loss 1.79678e-03 |g| 8.34e-02 NIS/dof 1.702e-01 applied 1.00 reseeds 2312
step 3830 loss 1.62453e-03 |g| 1.20e-01 NIS/dof 2.158e-01 applied 1.00 reseeds 2319
step 3840 loss 1.42287e-03 |g| 8.06e-02 NIS/dof 1.740e-01 applied 1.00 reseeds 2328
step 3850 loss 1.36021e-03 |g| 1.01e-01 NIS/dof 1.452e-01 applied 1.00 reseeds 2335
step 3860 loss 1.27221e-03 |g| 1.00e-01 NIS/dof 1.654e-01 applied 1.00 reseeds 2340
step 3870 loss 1.86546e-03 |g| 9.18e-02 NIS/dof 2.410e-01 applied 1.00 reseeds 2347
step 3880 loss 1.57032e-03 |g| 1.19e-01 NIS/dof 1.971e-01 applied 1.00 reseeds 2354
step 3890 loss 1.34903e-03 |g| 5.04e-02 NIS/dof 1.662e-01 applied 1.00 reseeds 2365
step 3900 loss 1.26620e-03 |g| 8.32e-02 NIS/dof 1.545e-01 applied 1.00 reseeds 2368
step 3910 loss 1.03659e-03 |g| 4.35e-02 NIS/dof 1.465e-01 applied 1.00 reseeds 2368
step 3920 loss 1.24080e-03 |g| 9.81e-02 NIS/dof 1.858e-01 applied 1.00 reseeds 2374
step 3930 loss 1.25479e-03 |g| 1.49e-01 NIS/dof 1.597e-01 applied 1.00 reseeds 2384
step 3940 loss 1.39795e-03 |g| 5.12e-02 NIS/dof 1.703e-01 applied 1.00 reseeds 2388
step 3950 loss 1.09525e-03 |g| 1.22e-01 NIS/dof 1.646e-01 applied 1.00 reseeds 2395
step 3960 loss 1.23627e-03 |g| 8.01e-02 NIS/dof 1.596e-01 applied 1.00 reseeds 2400
step 3970 loss 1.14193e-03 |g| 4.84e-02 NIS/dof 1.537e-01 applied 1.00 reseeds 2411
step 3980 loss 1.34077e-03 |g| 1.09e-01 NIS/dof 1.779e-01 applied 1.00 reseeds 2418
step 3990 loss 1.32083e-03 |g| 1.62e-01 NIS/dof 1.629e-01 applied 1.00 reseeds 2427
step 4000 loss 1.35875e-03 |g| 1.38e-01 NIS/dof 1.952e-01 applied 1.00 reseeds 2435
step 4010 loss 1.13860e-03 |g| 1.51e-01 NIS/dof 1.622e-01 applied 1.00 reseeds 2440
step 4020 loss 1.63423e-03 |g| 8.43e-02 NIS/dof 1.945e-01 applied 1.00 reseeds 2446
step 4030 loss 1.42840e-03 |g| 2.42e-01 NIS/dof 1.981e-01 applied 1.00 reseeds 2452
step 4040 loss 1.12279e-03 |g| 8.32e-02 NIS/dof 1.923e-01 applied 1.00 reseeds 2461
step 4050 loss 1.11786e-03 |g| 9.90e-02 NIS/dof 1.704e-01 applied 1.00 reseeds 2462
step 4060 loss 1.76015e-03 |g| 7.48e-02 NIS/dof 2.006e-01 applied 1.00 reseeds 2468
step 4070 loss 1.55826e-03 |g| 9.48e-02 NIS/dof 1.857e-01 applied 1.00 reseeds 2474
step 4080 loss 1.61195e-03 |g| 8.34e-02 NIS/dof 1.727e-01 applied 1.00 reseeds 2481
step 4090 loss 1.15634e-03 |g| 4.83e-02 NIS/dof 1.600e-01 applied 1.00 reseeds 2492
step 4100 loss 1.68857e-03 |g| 8.72e-02 NIS/dof 1.656e-01 applied 1.00 reseeds 2497
step 4110 loss 1.18802e-03 |g| 7.08e-02 NIS/dof 1.227e-01 applied 1.00 reseeds 2497
step 4120 loss 1.49100e-03 |g| 9.56e-02 NIS/dof 1.699e-01 applied 1.00 reseeds 2499
step 4130 loss 1.77897e-03 |g| 7.19e-02 NIS/dof 1.750e-01 applied 1.00 reseeds 2506
step 4140 loss 1.48170e-03 |g| 9.75e-02 NIS/dof 1.536e-01 applied 1.00 reseeds 2514
step 4150 loss 2.03631e-03 |g| 1.03e-01 NIS/dof 1.846e-01 applied 1.00 reseeds 2519
step 4160 loss 1.63893e-03 |g| 8.04e-02 NIS/dof 1.386e-01 applied 1.00 reseeds 2523
step 4170 loss 1.78436e-03 |g| 1.05e-01 NIS/dof 1.648e-01 applied 1.00 reseeds 2528
step 4180 loss 1.46343e-03 |g| 1.71e-01 NIS/dof 2.213e-01 applied 1.00 reseeds 2534
step 4190 loss 1.23547e-03 |g| 8.00e-02 NIS/dof 1.855e-01 applied 1.00 reseeds 2541
step 4200 loss 1.44356e-03 |g| 8.74e-02 NIS/dof 1.780e-01 applied 1.00 reseeds 2548
step 4210 loss 9.74509e-04 |g| 9.51e-02 NIS/dof 1.840e-01 applied 1.00 reseeds 2554
step 4220 loss 1.18580e-03 |g| 4.62e-02 NIS/dof 1.610e-01 applied 1.00 reseeds 2558
step 4230 loss 1.75991e-03 |g| 9.90e-02 NIS/dof 1.387e-01 applied 1.00 reseeds 2564
step 4240 loss 1.19879e-03 |g| 9.22e-02 NIS/dof 1.875e-01 applied 1.00 reseeds 2574
step 4250 loss 1.13133e-03 |g| 9.30e-02 NIS/dof 1.864e-01 applied 1.00 reseeds 2579
step 4260 loss 1.50471e-03 |g| 1.09e-01 NIS/dof 1.696e-01 applied 1.00 reseeds 2583
step 4270 loss 1.97892e-03 |g| 7.80e-02 NIS/dof 1.749e-01 applied 1.00 reseeds 2591
step 4280 loss 9.26888e-04 |g| 8.17e-02 NIS/dof 1.780e-01 applied 1.00 reseeds 2603
step 4290 loss 1.25087e-03 |g| 6.91e-02 NIS/dof 1.662e-01 applied 1.00 reseeds 2610
step 4300 loss 1.35701e-03 |g| 7.39e-02 NIS/dof 1.555e-01 applied 1.00 reseeds 2616
step 4310 loss 1.44671e-03 |g| 4.84e-02 NIS/dof 1.562e-01 applied 1.00 reseeds 2622
step 4320 loss 1.28455e-03 |g| 1.41e-01 NIS/dof 2.068e-01 applied 1.00 reseeds 2627
step 4330 loss 1.51724e-03 |g| 2.80e-01 NIS/dof 2.141e-01 applied 1.00 reseeds 2630
step 4340 loss 1.87483e-03 |g| 1.65e-01 NIS/dof 1.732e-01 applied 1.00 reseeds 2636
step 4350 loss 1.45851e-03 |g| 8.25e-02 NIS/dof 1.582e-01 applied 1.00 reseeds 2644
step 4360 loss 1.42821e-03 |g| 8.74e-02 NIS/dof 1.765e-01 applied 1.00 reseeds 2651
step 4370 loss 1.79032e-03 |g| 1.11e-01 NIS/dof 1.569e-01 applied 1.00 reseeds 2658
step 4380 loss 1.18065e-03 |g| 7.29e-02 NIS/dof 1.568e-01 applied 1.00 reseeds 2660
step 4390 loss 1.44318e-03 |g| 8.14e-02 NIS/dof 1.703e-01 applied 1.00 reseeds 2665
step 4400 loss 1.65467e-03 |g| 1.60e-01 NIS/dof 1.697e-01 applied 1.00 reseeds 2666
step 4410 loss 1.57907e-03 |g| 7.88e-02 NIS/dof 1.696e-01 applied 1.00 reseeds 2669
step 4420 loss 1.13396e-03 |g| 9.36e-02 NIS/dof 1.892e-01 applied 1.00 reseeds 2676
step 4430 loss 1.47412e-03 |g| 9.08e-02 NIS/dof 1.690e-01 applied 1.00 reseeds 2683
step 4440 loss 1.21335e-03 |g| 7.75e-02 NIS/dof 2.161e-01 applied 1.00 reseeds 2692
step 4450 loss 1.36024e-03 |g| 7.07e-02 NIS/dof 1.822e-01 applied 1.00 reseeds 2696
step 4460 loss 1.31516e-03 |g| 1.51e-01 NIS/dof 1.974e-01 applied 1.00 reseeds 2706
step 4470 loss 1.13675e-03 |g| 9.42e-02 NIS/dof 1.673e-01 applied 1.00 reseeds 2710
step 4480 loss 1.53510e-03 |g| 1.40e-01 NIS/dof 1.781e-01 applied 1.00 reseeds 2716
step 4490 loss 1.80520e-03 |g| 7.32e-02 NIS/dof 1.717e-01 applied 1.00 reseeds 2720
step 4500 loss 1.90759e-03 |g| 1.07e-01 NIS/dof 1.937e-01 applied 1.00 reseeds 2727
step 4510 loss 1.65760e-03 |g| 1.47e-01 NIS/dof 1.454e-01 applied 1.00 reseeds 2735
step 4520 loss 1.39985e-03 |g| 1.10e-01 NIS/dof 1.627e-01 applied 1.00 reseeds 2740
step 4530 loss 8.96116e-04 |g| 5.99e-02 NIS/dof 1.698e-01 applied 1.00 reseeds 2743
step 4540 loss 1.09851e-03 |g| 8.15e-02 NIS/dof 1.483e-01 applied 1.00 reseeds 2747
step 4550 loss 1.30054e-03 |g| 1.39e-01 NIS/dof 1.542e-01 applied 1.00 reseeds 2756
step 4560 loss 1.65166e-03 |g| 8.82e-02 NIS/dof 2.024e-01 applied 1.00 reseeds 2762
step 4570 loss 1.66551e-03 |g| 1.35e-01 NIS/dof 1.834e-01 applied 1.00 reseeds 2768
step 4580 loss 1.52672e-03 |g| 1.10e-01 NIS/dof 1.741e-01 applied 1.00 reseeds 2776
step 4590 loss 1.10136e-03 |g| 6.56e-02 NIS/dof 2.113e-01 applied 1.00 reseeds 2782
step 4600 loss 1.32132e-03 |g| 6.14e-02 NIS/dof 1.802e-01 applied 1.00 reseeds 2789
step 4610 loss 1.82161e-03 |g| 1.50e-01 NIS/dof 1.825e-01 applied 1.00 reseeds 2795
step 4620 loss 1.64416e-03 |g| 1.27e-01 NIS/dof 2.122e-01 applied 1.00 reseeds 2803
step 4630 loss 1.38367e-03 |g| 9.32e-02 NIS/dof 1.540e-01 applied 1.00 reseeds 2811
step 4640 loss 9.58991e-04 |g| 6.14e-02 NIS/dof 1.674e-01 applied 1.00 reseeds 2818
step 4650 loss 1.61569e-03 |g| 8.43e-02 NIS/dof 1.893e-01 applied 1.00 reseeds 2825
step 4660 loss 1.32479e-03 |g| 9.27e-02 NIS/dof 1.732e-01 applied 1.00 reseeds 2833
step 4670 loss 1.47977e-03 |g| 9.74e-02 NIS/dof 1.942e-01 applied 1.00 reseeds 2838
step 4680 loss 1.23008e-03 |g| 7.54e-02 NIS/dof 1.660e-01 applied 1.00 reseeds 2844
step 4690 loss 1.16038e-03 |g| 4.85e-02 NIS/dof 1.714e-01 applied 1.00 reseeds 2853
step 4700 loss 1.69686e-03 |g| 1.02e-01 NIS/dof 2.084e-01 applied 1.00 reseeds 2856
step 4710 loss 1.60365e-03 |g| 7.40e-02 NIS/dof 1.664e-01 applied 1.00 reseeds 2867
step 4720 loss 1.66618e-03 |g| 9.97e-02 NIS/dof 1.611e-01 applied 1.00 reseeds 2873
step 4730 loss 1.55840e-03 |g| 6.19e-02 NIS/dof 1.824e-01 applied 1.00 reseeds 2881
step 4740 loss 1.36162e-03 |g| 6.26e-02 NIS/dof 1.623e-01 applied 1.00 reseeds 2892
step 4750 loss 1.61473e-03 |g| 9.63e-02 NIS/dof 1.812e-01 applied 1.00 reseeds 2897
step 4760 loss 1.54049e-03 |g| 7.79e-02 NIS/dof 1.775e-01 applied 1.00 reseeds 2900
step 4770 loss 1.30290e-03 |g| 6.30e-02 NIS/dof 1.735e-01 applied 1.00 reseeds 2906
step 4780 loss 1.48534e-03 |g| 6.22e-02 NIS/dof 2.082e-01 applied 1.00 reseeds 2912
step 4790 loss 1.09208e-03 |g| 9.69e-02 NIS/dof 1.876e-01 applied 1.00 reseeds 2917
step 4800 loss 1.57763e-03 |g| 1.09e-01 NIS/dof 1.980e-01 applied 1.00 reseeds 2924
step 4810 loss 9.37890e-04 |g| 9.90e-02 NIS/dof 1.579e-01 applied 1.00 reseeds 2928
step 4820 loss 1.36332e-03 |g| 7.21e-02 NIS/dof 1.566e-01 applied 1.00 reseeds 2933
step 4830 loss 1.24104e-03 |g| 6.49e-02 NIS/dof 1.720e-01 applied 1.00 reseeds 2943
step 4840 loss 1.08577e-03 |g| 6.69e-02 NIS/dof 1.276e-01 applied 1.00 reseeds 2950
step 4850 loss 1.49206e-03 |g| 1.14e-01 NIS/dof 1.721e-01 applied 1.00 reseeds 2956
step 4860 loss 1.31599e-03 |g| 1.19e-01 NIS/dof 1.770e-01 applied 1.00 reseeds 2958
step 4870 loss 1.28832e-03 |g| 1.42e-01 NIS/dof 2.025e-01 applied 1.00 reseeds 2963
step 4880 loss 1.37625e-03 |g| 9.88e-02 NIS/dof 1.843e-01 applied 1.00 reseeds 2967
step 4890 loss 1.14878e-03 |g| 7.77e-02 NIS/dof 1.329e-01 applied 1.00 reseeds 2972
step 4900 loss 9.87076e-04 |g| 7.40e-02 NIS/dof 1.732e-01 applied 1.00 reseeds 2977
step 4910 loss 1.67495e-03 |g| 8.05e-02 NIS/dof 1.446e-01 applied 1.00 reseeds 2981
step 4920 loss 1.29250e-03 |g| 6.24e-02 NIS/dof 2.079e-01 applied 1.00 reseeds 2989
step 4930 loss 1.11297e-03 |g| 1.07e-01 NIS/dof 2.166e-01 applied 1.00 reseeds 2997
step 4940 loss 1.11727e-03 |g| 5.20e-02 NIS/dof 1.751e-01 applied 1.00 reseeds 3006
step 4950 loss 1.54062e-03 |g| 6.94e-02 NIS/dof 1.597e-01 applied 1.00 reseeds 3012
step 4960 loss 1.32259e-03 |g| 7.08e-02 NIS/dof 1.451e-01 applied 1.00 reseeds 3016
step 4970 loss 1.43387e-03 |g| 9.32e-02 NIS/dof 1.662e-01 applied 1.00 reseeds 3022
step 4980 loss 1.65971e-03 |g| 1.10e-01 NIS/dof 1.655e-01 applied 1.00 reseeds 3027
step 4990 loss 9.69907e-04 |g| 5.19e-02 NIS/dof 1.712e-01 applied 1.00 reseeds 3037
step 5000 loss 1.44035e-03 |g| 9.43e-02 NIS/dof 1.648e-01 applied 1.00 reseeds 3040
step 5010 loss 1.43072e-03 |g| 8.14e-02 NIS/dof 1.691e-01 applied 1.00 reseeds 3047
step 5020 loss 1.28793e-03 |g| 9.09e-02 NIS/dof 1.767e-01 applied 1.00 reseeds 3053
step 5030 loss 1.01561e-03 |g| 5.97e-02 NIS/dof 1.526e-01 applied 1.00 reseeds 3058
step 5040 loss 1.09333e-03 |g| 4.01e-02 NIS/dof 1.627e-01 applied 1.00 reseeds 3062
step 5050 loss 1.27448e-03 |g| 8.23e-02 NIS/dof 1.787e-01 applied 1.00 reseeds 3066
step 5060 loss 1.52673e-03 |g| 8.73e-02 NIS/dof 1.751e-01 applied 1.00 reseeds 3075
step 5070 loss 1.71548e-03 |g| 8.07e-02 NIS/dof 1.854e-01 applied 1.00 reseeds 3082
step 5080 loss 1.67818e-03 |g| 8.44e-02 NIS/dof 1.610e-01 applied 1.00 reseeds 3090
step 5090 loss 1.27177e-03 |g| 5.05e-02 NIS/dof 1.462e-01 applied 1.00 reseeds 3096
step 5100 loss 1.55824e-03 |g| 5.68e-02 NIS/dof 1.348e-01 applied 1.00 reseeds 3100
step 5110 loss 1.41904e-03 |g| 9.38e-02 NIS/dof 1.847e-01 applied 1.00 reseeds 3103
step 5120 loss 1.16691e-03 |g| 5.79e-02 NIS/dof 1.696e-01 applied 1.00 reseeds 3112
step 5130 loss 1.41839e-03 |g| 5.86e-02 NIS/dof 1.682e-01 applied 1.00 reseeds 3115
step 5140 loss 1.66177e-03 |g| 7.34e-02 NIS/dof 1.902e-01 applied 1.00 reseeds 3122
step 5150 loss 1.40892e-03 |g| 7.16e-02 NIS/dof 1.649e-01 applied 1.00 reseeds 3130
step 5160 loss 1.71729e-03 |g| 8.46e-02 NIS/dof 1.751e-01 applied 1.00 reseeds 3138
step 5170 loss 1.27921e-03 |g| 8.36e-02 NIS/dof 1.689e-01 applied 1.00 reseeds 3143
step 5180 loss 1.32540e-03 |g| 9.79e-02 NIS/dof 1.706e-01 applied 1.00 reseeds 3146
step 5190 loss 1.04223e-03 |g| 6.78e-02 NIS/dof 1.712e-01 applied 1.00 reseeds 3154
step 5200 loss 1.28137e-03 |g| 8.44e-02 NIS/dof 1.784e-01 applied 1.00 reseeds 3158
step 5210 loss 1.50278e-03 |g| 8.87e-02 NIS/dof 2.022e-01 applied 1.00 reseeds 3163
step 5220 loss 1.63761e-03 |g| 1.30e-01 NIS/dof 1.636e-01 applied 1.00 reseeds 3173
step 5230 loss 1.48369e-03 |g| 1.24e-01 NIS/dof 1.550e-01 applied 1.00 reseeds 3178
step 5240 loss 1.51147e-03 |g| 1.19e-01 NIS/dof 1.830e-01 applied 1.00 reseeds 3186
step 5250 loss 1.05467e-03 |g| 5.31e-02 NIS/dof 1.406e-01 applied 1.00 reseeds 3188
step 5260 loss 1.21576e-03 |g| 5.33e-02 NIS/dof 1.613e-01 applied 1.00 reseeds 3197
step 5270 loss 1.21392e-03 |g| 1.28e-01 NIS/dof 1.666e-01 applied 1.00 reseeds 3205
step 5280 loss 1.27053e-03 |g| 9.57e-02 NIS/dof 1.901e-01 applied 1.00 reseeds 3213
step 5290 loss 1.71832e-03 |g| 6.63e-02 NIS/dof 1.604e-01 applied 1.00 reseeds 3217
step 5300 loss 1.56865e-03 |g| 1.13e-01 NIS/dof 1.808e-01 applied 1.00 reseeds 3226
step 5310 loss 1.43418e-03 |g| 9.97e-02 NIS/dof 1.797e-01 applied 1.00 reseeds 3230
step 5320 loss 1.14399e-03 |g| 9.71e-02 NIS/dof 1.882e-01 applied 1.00 reseeds 3236
step 5330 loss 1.54057e-03 |g| 7.43e-02 NIS/dof 2.327e-01 applied 1.00 reseeds 3241
step 5340 loss 1.12275e-03 |g| 8.09e-02 NIS/dof 2.059e-01 applied 1.00 reseeds 3250
step 5350 loss 1.46429e-03 |g| 5.76e-02 NIS/dof 1.927e-01 applied 1.00 reseeds 3257
step 5360 loss 1.58248e-03 |g| 1.74e-01 NIS/dof 1.751e-01 applied 1.00 reseeds 3259
step 5370 loss 1.45378e-03 |g| 5.23e-02 NIS/dof 1.906e-01 applied 1.00 reseeds 3267
step 5380 loss 1.07614e-03 |g| 1.04e-01 NIS/dof 1.619e-01 applied 1.00 reseeds 3271
step 5390 loss 1.60990e-03 |g| 6.05e-02 NIS/dof 1.831e-01 applied 1.00 reseeds 3280
step 5400 loss 1.61267e-03 |g| 1.04e-01 NIS/dof 2.025e-01 applied 1.00 reseeds 3284
step 5410 loss 1.40668e-03 |g| 9.03e-02 NIS/dof 1.785e-01 applied 1.00 reseeds 3288
step 5420 loss 1.12024e-03 |g| 6.62e-02 NIS/dof 1.807e-01 applied 1.00 reseeds 3295
step 5430 loss 1.29911e-03 |g| 7.11e-02 NIS/dof 2.008e-01 applied 1.00 reseeds 3303
step 5440 loss 1.55908e-03 |g| 1.01e-01 NIS/dof 1.510e-01 applied 1.00 reseeds 3311
step 5450 loss 1.69667e-03 |g| 1.23e-01 NIS/dof 2.113e-01 applied 1.00 reseeds 3313
step 5460 loss 1.34863e-03 |g| 1.78e-01 NIS/dof 1.983e-01 applied 1.00 reseeds 3319
step 5470 loss 1.35403e-03 |g| 5.89e-02 NIS/dof 1.740e-01 applied 1.00 reseeds 3325
step 5480 loss 1.11822e-03 |g| 5.51e-02 NIS/dof 1.346e-01 applied 1.00 reseeds 3331
step 5490 loss 1.27629e-03 |g| 4.80e-02 NIS/dof 1.431e-01 applied 1.00 reseeds 3342
step 5500 loss 1.27634e-03 |g| 8.32e-02 NIS/dof 1.577e-01 applied 1.00 reseeds 3349
step 5510 loss 1.38372e-03 |g| 7.15e-02 NIS/dof 1.633e-01 applied 1.00 reseeds 3352
step 5520 loss 1.09167e-03 |g| 6.37e-02 NIS/dof 1.589e-01 applied 1.00 reseeds 3355
step 5530 loss 1.35073e-03 |g| 1.02e-01 NIS/dof 1.865e-01 applied 1.00 reseeds 3364
step 5540 loss 1.55183e-03 |g| 5.08e-02 NIS/dof 1.545e-01 applied 1.00 reseeds 3368
step 5550 loss 1.30133e-03 |g| 6.51e-02 NIS/dof 1.820e-01 applied 1.00 reseeds 3374
step 5560 loss 1.24850e-03 |g| 7.35e-02 NIS/dof 2.031e-01 applied 1.00 reseeds 3381
step 5570 loss 3.50584e-03 |g| 1.31e-01 NIS/dof 2.244e-01 applied 1.00 reseeds 3388
step 5580 loss 1.45286e-03 |g| 6.19e-02 NIS/dof 1.817e-01 applied 1.00 reseeds 3393
step 5590 loss 1.11554e-03 |g| 8.12e-02 NIS/dof 1.747e-01 applied 1.00 reseeds 3404
step 5600 loss 1.38870e-03 |g| 6.11e-02 NIS/dof 1.613e-01 applied 1.00 reseeds 3407
step 5610 loss 1.73118e-03 |g| 8.28e-02 NIS/dof 1.765e-01 applied 1.00 reseeds 3412
step 5620 loss 1.31471e-03 |g| 4.69e-02 NIS/dof 2.107e-01 applied 1.00 reseeds 3417
step 5630 loss 1.45725e-03 |g| 1.03e-01 NIS/dof 1.841e-01 applied 1.00 reseeds 3421
step 5640 loss 9.90811e-04 |g| 6.44e-02 NIS/dof 2.009e-01 applied 1.00 reseeds 3429
step 5650 loss 1.36873e-03 |g| 6.54e-02 NIS/dof 1.624e-01 applied 1.00 reseeds 3438
step 5660 loss 1.18760e-03 |g| 9.67e-02 NIS/dof 1.855e-01 applied 1.00 reseeds 3445
step 5670 loss 1.01748e-03 |g| 9.03e-02 NIS/dof 1.979e-01 applied 1.00 reseeds 3451
step 5680 loss 1.01248e-03 |g| 5.63e-02 NIS/dof 1.679e-01 applied 1.00 reseeds 3464
step 5690 loss 1.28662e-03 |g| 7.87e-02 NIS/dof 1.991e-01 applied 1.00 reseeds 3469
step 5700 loss 1.16864e-03 |g| 9.90e-02 NIS/dof 1.880e-01 applied 1.00 reseeds 3475
step 5710 loss 9.31907e-04 |g| 6.39e-02 NIS/dof 1.705e-01 applied 1.00 reseeds 3479
step 5720 loss 1.29277e-03 |g| 7.11e-02 NIS/dof 1.990e-01 applied 1.00 reseeds 3482
step 5730 loss 1.33295e-03 |g| 5.24e-02 NIS/dof 1.841e-01 applied 1.00 reseeds 3486
step 5740 loss 1.41355e-03 |g| 6.10e-02 NIS/dof 1.810e-01 applied 1.00 reseeds 3494
step 5750 loss 1.19723e-03 |g| 8.27e-02 NIS/dof 1.907e-01 applied 1.00 reseeds 3503
step 5760 loss 1.64711e-03 |g| 1.85e-01 NIS/dof 1.863e-01 applied 1.00 reseeds 3508
step 5770 loss 1.28123e-03 |g| 6.86e-02 NIS/dof 1.852e-01 applied 1.00 reseeds 3516
step 5780 loss 1.49506e-03 |g| 8.24e-02 NIS/dof 2.223e-01 applied 1.00 reseeds 3519
step 5790 loss 1.43742e-03 |g| 1.35e-01 NIS/dof 1.783e-01 applied 1.00 reseeds 3524
step 5800 loss 1.36144e-03 |g| 8.81e-02 NIS/dof 1.530e-01 applied 1.00 reseeds 3530
step 5810 loss 1.69064e-03 |g| 8.02e-02 NIS/dof 1.682e-01 applied 1.00 reseeds 3538
step 5820 loss 1.52900e-03 |g| 9.45e-02 NIS/dof 1.870e-01 applied 1.00 reseeds 3547
step 5830 loss 1.17731e-03 |g| 5.46e-02 NIS/dof 1.805e-01 applied 1.00 reseeds 3552
step 5840 loss 1.59918e-03 |g| 1.26e-01 NIS/dof 1.537e-01 applied 1.00 reseeds 3559
step 5850 loss 1.53695e-03 |g| 1.04e-01 NIS/dof 1.801e-01 applied 1.00 reseeds 3568
step 5860 loss 1.62805e-03 |g| 8.80e-02 NIS/dof 1.850e-01 applied 1.00 reseeds 3572
step 5870 loss 1.29993e-03 |g| 7.05e-02 NIS/dof 1.984e-01 applied 1.00 reseeds 3580
step 5880 loss 1.72911e-03 |g| 8.61e-02 NIS/dof 1.883e-01 applied 1.00 reseeds 3582
step 5890 loss 1.11110e-03 |g| 7.19e-02 NIS/dof 1.790e-01 applied 1.00 reseeds 3588
step 5900 loss 1.30740e-03 |g| 7.41e-02 NIS/dof 1.633e-01 applied 1.00 reseeds 3592
step 5910 loss 1.46880e-03 |g| 9.28e-02 NIS/dof 1.834e-01 applied 1.00 reseeds 3597
step 5920 loss 1.43077e-03 |g| 8.10e-02 NIS/dof 1.607e-01 applied 1.00 reseeds 3605
step 5930 loss 1.19455e-03 |g| 7.01e-02 NIS/dof 2.092e-01 applied 1.00 reseeds 3612
step 5940 loss 1.27527e-03 |g| 7.16e-02 NIS/dof 1.928e-01 applied 1.00 reseeds 3615
step 5950 loss 1.75570e-03 |g| 8.95e-02 NIS/dof 2.054e-01 applied 1.00 reseeds 3620
step 5960 loss 9.33241e-04 |g| 7.41e-02 NIS/dof 1.334e-01 applied 1.00 reseeds 3625
step 5970 loss 1.03093e-03 |g| 6.12e-02 NIS/dof 1.889e-01 applied 1.00 reseeds 3629
step 5980 loss 1.13276e-03 |g| 4.81e-02 NIS/dof 1.670e-01 applied 1.00 reseeds 3636
step 5990 loss 1.25500e-03 |g| 8.11e-02 NIS/dof 1.556e-01 applied 1.00 reseeds 3641
step 5999 loss 1.29746e-03 |g| 8.66e-02 NIS/dof 1.733e-01 applied 1.00 reseeds 3645
== validating on held-out ==
  flat/seed28: baseline={'vel_rmse': 0.0543321646770635, 'vel_nees': 4.018834230045484, 'vel_nees_tangent': 5.192904963115444, 'vel_nees_x': 0.0685217831694923, 'vel_nees_y': 0.07952276025970378, 'vel_nees_z': 2.0026284594950314, 'nis_over_dof': 0.009548450264961804, 'applied': 0.9999999999999999}  learned={'vel_rmse': 0.04194054070654295, 'vel_nees': 2.519417045697502, 'vel_nees_tangent': 5.748110274535838, 'vel_nees_x': 0.049258013418523754, 'vel_nees_y': 0.05771259951485936, 'vel_nees_z': 1.5405019790412782, 'nis_over_dof': 0.19160412020427128, 'applied': 0.9999999999999999}
  hard_stepping/seed27: baseline={'vel_rmse': 0.06187650061761749, 'vel_nees': 4.711327474820552, 'vel_nees_tangent': 6.580368070799619, 'vel_nees_x': 0.05812809337318238, 'vel_nees_y': 0.07298798336214275, 'vel_nees_z': 2.894347971465953, 'nis_over_dof': 0.014109930229590915, 'applied': 0.9999999999999999}  learned={'vel_rmse': 0.06243800105632592, 'vel_nees': 4.605630916962067, 'vel_nees_tangent': 7.147306292428905, 'vel_nees_x': 0.10263647980793136, 'vel_nees_y': 0.10229102866938311, 'vel_nees_z': 2.749259698296894, 'nis_over_dof': 0.2102453062128298, 'applied': 0.9999999999999999}
  stepping_stones/seed22: baseline={'vel_rmse': 0.05502589544909181, 'vel_nees': 3.7890936357418847, 'vel_nees_tangent': 5.228076278557144, 'vel_nees_x': 0.07037878887187993, 'vel_nees_y': 0.05307722958974436, 'vel_nees_z': 2.260820985818893, 'nis_over_dof': 0.010696378873810539, 'applied': 0.9999999999999999}  learned={'vel_rmse': 0.050019101686065985, 'vel_nees': 3.351711479437569, 'vel_nees_tangent': 4.8446784841350174, 'vel_nees_x': 0.16365201979525149, 'vel_nees_y': 0.061945398129737435, 'vel_nees_z': 2.04679460166928, 'nis_over_dof': 0.16353784117546968, 'applied': 0.9999999999999999}
  waves/seed25: baseline={'vel_rmse': 0.05429266381876227, 'vel_nees': 3.876504358601226, 'vel_nees_tangent': 5.263272485057155, 'vel_nees_x': 0.05643882781619317, 'vel_nees_y': 0.04414943432361544, 'vel_nees_z': 2.169316671417653, 'nis_over_dof': 0.009545846302603187, 'applied': 0.9999999999999999}  learned={'vel_rmse': 0.04031763723032915, 'vel_nees': 2.32008361462447, 'vel_nees_tangent': 3.128290244602674, 'vel_nees_x': 0.02467973714212991, 'vel_nees_y': 0.033113976766308784, 'vel_nees_z': 1.4907456348845871, 'nis_over_dof': 0.16627690403859144, 'applied': 0.9999999999999999}
== summary ==
{
  "run": {
    "dir": "L256_A_l2vel",
    "started_at": "2026-08-09T05:16:39",
    "tag": null,
    "args": {
      "collect": false,
      "train_seeds": [
        0,
        1,
        2,
        3
      ],
      "val_seeds": [
        4,
        5,
        6,
        7
      ],
      "seconds": 45.0,
      "steps": 6000,
      "warmup_steps": 100,
      "time_budget_s": 86400.0,
      "tag": null,
      "out_dir": "results/l_ablation/L256_A_l2vel",
      "contacts_per_foot": 4,
      "objective": "l2_velocity",
      "w_pos": null,
      "w_ori": null,
      "pose_weight_ratio": null,
      "L": 256,
      "remat": false,
      "contact_meas_var": 0.0001,
      "pool": "n8fix"
    }
  },
  "n_train": 21,
  "n_val": 4,
  "steps_run": 6000,
  "final_reseeds": 3645,
  "floored": [],
  "cfg": {
    "F": 30,
    "d_in": 600,
    "H": 20,
    "window_span_s": 0.019,
    "L": 256,
    "B": 32,
    "objective": "l2_velocity",
    "remat": false,
    "contact_meas_var": 0.0001,
    "w_pos": 0.0,
    "w_ori": 0.0,
    "pose_weight_ratio": 0.5,
    "episode_s": 43.0,
    "warm_in_s": 1.0,
    "peak_lr": 0.0001,
    "init_seed": 0,
    "batcher_seed": 0,
    "cmd_ranges": {
      "vx": [
        0.3,
        0.9
      ],
      "vy": [
        0.25,
        0.5
      ],
      "yaw": [
        0.3,
        1.5
      ]
    }
  },
  "wall_s": 7452.358892202377,
  "val": [
    {
      "mode": "flat/seed28",
      "rollout": "flat/seed28",
      "baseline": {
        "vel_rmse": 0.0543321646770635,
        "vel_nees": 4.018834230045484,
        "vel_nees_tangent": 5.192904963115444,
        "vel_nees_x": 0.0685217831694923,
        "vel_nees_y": 0.07952276025970378,
        "vel_nees_z": 2.0026284594950314,
        "nis_over_dof": 0.009548450264961804,
        "applied": 0.9999999999999999
      },
      "learned": {
        "vel_rmse": 0.04194054070654295,
        "vel_nees": 2.519417045697502,
        "vel_nees_tangent": 5.748110274535838,
        "vel_nees_x": 0.049258013418523754,
        "vel_nees_y": 0.05771259951485936,
        "vel_nees_z": 1.5405019790412782,
        "nis_over_dof": 0.19160412020427128,
        "applied": 0.9999999999999999
      }
    },
    {
      "mode": "hard_stepping/seed27",
      "rollout": "hard_stepping/seed27",
      "baseline": {
        "vel_rmse": 0.06187650061761749,
        "vel_nees": 4.711327474820552,
        "vel_nees_tangent": 6.580368070799619,
        "vel_nees_x": 0.05812809337318238,
        "vel_nees_y": 0.07298798336214275,
        "vel_nees_z": 2.894347971465953,
        "nis_over_dof": 0.014109930229590915,
        "applied": 0.9999999999999999
      },
      "learned": {
        "vel_rmse": 0.06243800105632592,
        "vel_nees": 4.605630916962067,
        "vel_nees_tangent": 7.147306292428905,
        "vel_nees_x": 0.10263647980793136,
        "vel_nees_y": 0.10229102866938311,
        "vel_nees_z": 2.749259698296894,
        "nis_over_dof": 0.2102453062128298,
        "applied": 0.9999999999999999
      }
    },
    {
      "mode": "stepping_stones/seed22",
      "rollout": "stepping_stones/seed22",
      "baseline": {
        "vel_rmse": 0.05502589544909181,
        "vel_nees": 3.7890936357418847,
        "vel_nees_tangent": 5.228076278557144,
        "vel_nees_x": 0.07037878887187993,
        "vel_nees_y": 0.05307722958974436,
        "vel_nees_z": 2.260820985818893,
        "nis_over_dof": 0.010696378873810539,
        "applied": 0.9999999999999999
      },
      "learned": {
        "vel_rmse": 0.050019101686065985,
        "vel_nees": 3.351711479437569,
        "vel_nees_tangent": 4.8446784841350174,
        "vel_nees_x": 0.16365201979525149,
        "vel_nees_y": 0.061945398129737435,
        "vel_nees_z": 2.04679460166928,
        "nis_over_dof": 0.16353784117546968,
        "applied": 0.9999999999999999
      }
    },
    {
      "mode": "waves/seed25",
      "rollout": "waves/seed25",
      "baseline": {
        "vel_rmse": 0.05429266381876227,
        "vel_nees": 3.876504358601226,
        "vel_nees_tangent": 5.263272485057155,
        "vel_nees_x": 0.05643882781619317,
        "vel_nees_y": 0.04414943432361544,
        "vel_nees_z": 2.169316671417653,
        "nis_over_dof": 0.009545846302603187,
        "applied": 0.9999999999999999
      },
      "learned": {
        "vel_rmse": 0.04031763723032915,
        "vel_nees": 2.32008361462447,
        "vel_nees_tangent": 3.128290244602674,
        "vel_nees_x": 0.02467973714212991,
        "vel_nees_y": 0.033113976766308784,
        "vel_nees_z": 1.4907456348845871,
        "nis_over_dof": 0.16627690403859144,
        "applied": 0.9999999999999999
      }
    }
  ],
  "loss_first": 0.5501855194750467,
  "loss_last": 0.0012974581799282139
}
  plots -> /home/llibshutz/alex/invariant-estimation/results/l_ablation/L256_A_l2vel/training.png, /home/llibshutz/alex/invariant-estimation/results/l_ablation/L256_A_l2vel/validation.png
[2026-08-09 07:20:54] --- cell L=256 A_l2vel complete: 6000 steps ---
[2026-08-09 07:20:54] --- cell L=256 B_l2velpos (l2_vel_pos) -> results/l_ablation/L256_B_l2velpos ---
Failed to import warp: No module named 'warp'
Failed to import mujoco_warp: No module named 'warp'
== run directory: /home/llibshutz/alex/invariant-estimation/results/l_ablation/L256_B_l2velpos ==
collector: 9 filtered joints, 8 IMUs, 8 contacts, 4 off-path joints, dt=0.001 (1000 Hz)  [built in 0.9s]
pool 'n8fix': 25 rollouts over {'flat': 8, 'hard_stepping': 7, 'stepping_stones': 4, 'waves': 6}
train rollouts: ['flat_n8fix_seed000.npz', 'flat_n8fix_seed004.npz', 'flat_n8fix_seed008.npz', 'flat_n8fix_seed012.npz', 'flat_n8fix_seed016.npz', 'flat_n8fix_seed020.npz', 'flat_n8fix_seed024.npz', 'hard_stepping_n8fix_seed003.npz', 'hard_stepping_n8fix_seed007.npz', 'hard_stepping_n8fix_seed011.npz', 'hard_stepping_n8fix_seed015.npz', 'hard_stepping_n8fix_seed019.npz', 'hard_stepping_n8fix_seed023.npz', 'stepping_stones_n8fix_seed006.npz', 'stepping_stones_n8fix_seed014.npz', 'stepping_stones_n8fix_seed018.npz', 'waves_n8fix_seed001.npz', 'waves_n8fix_seed005.npz', 'waves_n8fix_seed009.npz', 'waves_n8fix_seed017.npz', 'waves_n8fix_seed021.npz']
val rollouts:   ['flat_n8fix_seed028.npz', 'hard_stepping_n8fix_seed027.npz', 'stepping_stones_n8fix_seed022.npz', 'waves_n8fix_seed025.npz']
== building channel caches ==
  reused flat_n8fix_seed000_feat.npz (cache newer than rollout, channels match)
  reused flat_n8fix_seed004_feat.npz (cache newer than rollout, channels match)
  reused flat_n8fix_seed008_feat.npz (cache newer than rollout, channels match)
  reused flat_n8fix_seed012_feat.npz (cache newer than rollout, channels match)
  reused flat_n8fix_seed016_feat.npz (cache newer than rollout, channels match)
  reused flat_n8fix_seed020_feat.npz (cache newer than rollout, channels match)
  reused flat_n8fix_seed024_feat.npz (cache newer than rollout, channels match)
  reused hard_stepping_n8fix_seed003_feat.npz (cache newer than rollout, channels match)
  reused hard_stepping_n8fix_seed007_feat.npz (cache newer than rollout, channels match)
  reused hard_stepping_n8fix_seed011_feat.npz (cache newer than rollout, channels match)
  reused hard_stepping_n8fix_seed015_feat.npz (cache newer than rollout, channels match)
  reused hard_stepping_n8fix_seed019_feat.npz (cache newer than rollout, channels match)
  reused hard_stepping_n8fix_seed023_feat.npz (cache newer than rollout, channels match)
  reused stepping_stones_n8fix_seed006_feat.npz (cache newer than rollout, channels match)
  reused stepping_stones_n8fix_seed014_feat.npz (cache newer than rollout, channels match)
  reused stepping_stones_n8fix_seed018_feat.npz (cache newer than rollout, channels match)
  reused waves_n8fix_seed001_feat.npz (cache newer than rollout, channels match)
  reused waves_n8fix_seed005_feat.npz (cache newer than rollout, channels match)
  reused waves_n8fix_seed009_feat.npz (cache newer than rollout, channels match)
  reused waves_n8fix_seed017_feat.npz (cache newer than rollout, channels match)
  reused waves_n8fix_seed021_feat.npz (cache newer than rollout, channels match)
  reused flat_n8fix_seed028_feat.npz (cache newer than rollout, channels match)
  reused hard_stepping_n8fix_seed027_feat.npz (cache newer than rollout, channels match)
  reused stepping_stones_n8fix_seed022_feat.npz (cache newer than rollout, channels match)
  reused waves_n8fix_seed025_feat.npz (cache newer than rollout, channels match)
== fitting normalization (train, walking set) ==
  floored channels: []
  cfg: F=30 d_in=600 H=20 (window 19 ms, consecutive ticks) L=256 B=32 objective=l2_vel_pos episode_s=43.0
== preparing rollouts ==
  prepared flat/seed0: T=44000, starts=[16019, 43744] (27726 legal)
  prepared flat/seed4: T=44000, starts=[16019, 43744] (27726 legal)
  prepared flat/seed8: T=44000, starts=[16019, 43744] (27726 legal)
  prepared flat/seed12: T=44000, starts=[16019, 43744] (27726 legal)
  prepared flat/seed16: T=44000, starts=[16019, 43744] (27726 legal)
  prepared flat/seed20: T=44000, starts=[16019, 43744] (27726 legal)
  prepared flat/seed24: T=44000, starts=[16019, 43744] (27726 legal)
  prepared hard_stepping/seed3: T=44000, starts=[16019, 43744] (27726 legal)
  prepared hard_stepping/seed7: T=44000, starts=[16019, 43744] (27726 legal)
  prepared hard_stepping/seed11: T=44000, starts=[16019, 43744] (27726 legal)
  prepared hard_stepping/seed15: T=44000, starts=[16019, 43744] (27726 legal)
  prepared hard_stepping/seed19: T=44000, starts=[16019, 43744] (27726 legal)
  prepared hard_stepping/seed23: T=44000, starts=[16019, 43744] (27726 legal)
  prepared stepping_stones/seed6: T=44000, starts=[16019, 43744] (27726 legal)
  prepared stepping_stones/seed14: T=44000, starts=[16019, 43744] (27726 legal)
  prepared stepping_stones/seed18: T=44000, starts=[16019, 43744] (27726 legal)
  prepared waves/seed1: T=44000, starts=[16019, 43744] (27726 legal)
  prepared waves/seed5: T=44000, starts=[16019, 43744] (27726 legal)
  prepared waves/seed9: T=44000, starts=[16019, 43744] (27726 legal)
  prepared waves/seed17: T=44000, starts=[16019, 43744] (27726 legal)
  prepared waves/seed21: T=44000, starts=[16019, 43744] (27726 legal)
  prepared flat/seed28: T=44000, starts=[16019, 43744] (27726 legal)
  prepared hard_stepping/seed27: T=44000, starts=[16019, 43744] (27726 legal)
  prepared stepping_stones/seed22: T=44000, starts=[16019, 43744] (27726 legal)
  prepared waves/seed25: T=44000, starts=[16019, 43744] (27726 legal)
== re-flooring contact measurement noise: pool collected at 0, training at 0.0001 (delta +0.0001 on diag(sigma_q)) ==
== measuring P0 ==
  P0 from flat/seed0 ticks [16019, 19019): diag(R)=[6.64983805e-05 6.89037297e-05 1.00027989e+00], diag(v)=[0.00079118 0.00077245 0.00018433], diag(p)=[0.12287249 0.12097755 0.12140872], diag(d)=[0.12287031 0.12097683 0.12141024 0.12286839 0.12097627 0.1214101
 0.1228721  0.12098173 0.12140916 0.12287092 0.12098141 0.12140908
 0.12291139 0.12104048 0.12144945 0.12291014 0.12104344 0.12144625
 0.12293942 0.12105974 0.12142006 0.12287423 0.12097469 0.12141085], eig in [8.791e-08, 1.152e+00]
== building network + batcher ==
  pose-weight measurement (warm batch, init net): L_vel=5.502e-01 L_pos=6.746e-02 L_ori=3.261e-02
  pose weights (frozen): w_pos=4.0779e+00 w_ori=0.0000e+00 (ratio=0.5, objective=l2_vel_pos)
== training ==
step    0 loss 8.25278e-01 |g| 3.00e+00 NIS/dof 1.026e+01 applied 1.00 reseeds 1
step   10 loss 1.99454e+00 |g| 9.45e+01 NIS/dof 1.352e+01 applied 1.00 reseeds 4
step   20 loss 1.73620e+00 |g| 6.93e+01 NIS/dof 1.015e+01 applied 1.00 reseeds 5
step   30 loss 1.15531e+00 |g| 1.87e+01 NIS/dof 7.356e+00 applied 1.00 reseeds 16
step   40 loss 1.37226e+00 |g| 1.19e+01 NIS/dof 8.599e+00 applied 1.00 reseeds 21
step   50 loss 1.45861e+00 |g| 3.03e+01 NIS/dof 9.131e+00 applied 1.00 reseeds 26
step   60 loss 1.14902e+00 |g| 1.30e+01 NIS/dof 7.776e+00 applied 1.00 reseeds 29
step   70 loss 1.05899e+00 |g| 1.35e+01 NIS/dof 7.724e+00 applied 1.00 reseeds 34
step   80 loss 1.18978e+00 |g| 1.18e+01 NIS/dof 8.377e+00 applied 1.00 reseeds 38
step   90 loss 1.05841e+00 |g| 7.49e+00 NIS/dof 8.574e+00 applied 1.00 reseeds 44
step  100 loss 8.51426e-01 |g| 6.70e+00 NIS/dof 8.105e+00 applied 1.00 reseeds 57
step  110 loss 8.69631e-01 |g| 7.60e+00 NIS/dof 6.892e+00 applied 1.00 reseeds 67
step  120 loss 9.20808e-01 |g| 1.25e+01 NIS/dof 7.370e+00 applied 1.00 reseeds 79
step  130 loss 8.67021e-01 |g| 1.47e+01 NIS/dof 6.873e+00 applied 1.00 reseeds 85
step  140 loss 7.85636e-01 |g| 1.67e+01 NIS/dof 6.768e+00 applied 1.00 reseeds 91
step  150 loss 1.11671e+00 |g| 1.98e+01 NIS/dof 9.168e+00 applied 1.00 reseeds 96
step  160 loss 8.79032e-01 |g| 2.34e+01 NIS/dof 7.458e+00 applied 1.00 reseeds 97
step  170 loss 8.61684e-01 |g| 9.88e+00 NIS/dof 8.802e+00 applied 1.00 reseeds 102
step  180 loss 1.01951e+00 |g| 1.02e+01 NIS/dof 7.520e+00 applied 1.00 reseeds 110
step  190 loss 1.12204e+00 |g| 7.33e+00 NIS/dof 8.622e+00 applied 1.00 reseeds 115
step  200 loss 9.94224e-01 |g| 1.80e+01 NIS/dof 9.769e+00 applied 1.00 reseeds 125
step  210 loss 1.10067e+00 |g| 1.49e+01 NIS/dof 1.126e+01 applied 1.00 reseeds 136
step  220 loss 9.56153e-01 |g| 1.01e+01 NIS/dof 8.696e+00 applied 1.00 reseeds 143
step  230 loss 9.31656e-01 |g| 1.04e+01 NIS/dof 8.309e+00 applied 1.00 reseeds 148
step  240 loss 8.56357e-01 |g| 3.23e+01 NIS/dof 8.225e+00 applied 1.00 reseeds 152
step  250 loss 8.38357e-01 |g| 1.14e+01 NIS/dof 7.654e+00 applied 1.00 reseeds 159
step  260 loss 1.06711e+00 |g| 2.17e+01 NIS/dof 7.737e+00 applied 1.00 reseeds 162
step  270 loss 7.93918e-01 |g| 9.10e+00 NIS/dof 7.614e+00 applied 1.00 reseeds 170
step  280 loss 8.56224e-01 |g| 1.27e+01 NIS/dof 7.545e+00 applied 1.00 reseeds 177
step  290 loss 8.45650e-01 |g| 2.62e+01 NIS/dof 8.740e+00 applied 1.00 reseeds 187
step  300 loss 1.08226e+00 |g| 5.07e+01 NIS/dof 1.002e+01 applied 1.00 reseeds 192
step  310 loss 9.37924e-01 |g| 1.69e+01 NIS/dof 8.871e+00 applied 1.00 reseeds 196
step  320 loss 8.54586e-01 |g| 5.83e+00 NIS/dof 8.026e+00 applied 1.00 reseeds 202
step  330 loss 6.07833e-01 |g| 3.79e+01 NIS/dof 7.683e+00 applied 1.00 reseeds 210
step  340 loss 6.21224e-01 |g| 3.80e+01 NIS/dof 7.897e+00 applied 1.00 reseeds 218
step  350 loss 6.33661e-01 |g| 3.20e+01 NIS/dof 7.527e+00 applied 1.00 reseeds 222
step  360 loss 5.04137e-01 |g| 1.19e+01 NIS/dof 6.116e+00 applied 1.00 reseeds 233
step  370 loss 3.86048e-01 |g| 2.04e+01 NIS/dof 5.022e+00 applied 1.00 reseeds 239
step  380 loss 2.77364e-01 |g| 1.13e+01 NIS/dof 3.247e+00 applied 1.00 reseeds 247
step  390 loss 2.01017e-01 |g| 1.66e+01 NIS/dof 3.255e+00 applied 1.00 reseeds 254
step  400 loss 1.19796e-01 |g| 8.41e+00 NIS/dof 2.271e+00 applied 1.00 reseeds 260
step  410 loss 1.01530e-01 |g| 5.33e+00 NIS/dof 2.031e+00 applied 1.00 reseeds 266
step  420 loss 6.65781e-02 |g| 2.53e+00 NIS/dof 1.689e+00 applied 1.00 reseeds 275
step  430 loss 5.43715e-02 |g| 3.03e+00 NIS/dof 1.779e+00 applied 1.00 reseeds 278
step  440 loss 4.77527e-02 |g| 2.57e+00 NIS/dof 1.272e+00 applied 1.00 reseeds 289
step  450 loss 3.63706e-02 |g| 3.10e+00 NIS/dof 1.382e+00 applied 1.00 reseeds 293
step  460 loss 3.66433e-02 |g| 3.36e+00 NIS/dof 1.311e+00 applied 1.00 reseeds 297
step  470 loss 3.83014e-02 |g| 3.00e+00 NIS/dof 1.235e+00 applied 1.00 reseeds 306
step  480 loss 2.65678e-02 |g| 1.36e+00 NIS/dof 1.213e+00 applied 1.00 reseeds 309
step  490 loss 3.75973e-02 |g| 6.47e+00 NIS/dof 1.136e+00 applied 1.00 reseeds 314
step  500 loss 2.64661e-02 |g| 1.16e+00 NIS/dof 8.619e-01 applied 1.00 reseeds 323
step  510 loss 2.18941e-02 |g| 1.34e+00 NIS/dof 8.817e-01 applied 1.00 reseeds 329
step  520 loss 2.37279e-02 |g| 1.42e+00 NIS/dof 9.753e-01 applied 1.00 reseeds 334
step  530 loss 1.84614e-02 |g| 2.54e+00 NIS/dof 7.632e-01 applied 1.00 reseeds 338
step  540 loss 2.19376e-02 |g| 1.27e+00 NIS/dof 7.707e-01 applied 1.00 reseeds 343
step  550 loss 1.53686e-02 |g| 1.32e+00 NIS/dof 5.890e-01 applied 1.00 reseeds 350
step  560 loss 1.85961e-02 |g| 2.44e+00 NIS/dof 7.921e-01 applied 1.00 reseeds 357
step  570 loss 2.92853e-02 |g| 1.47e+00 NIS/dof 7.411e-01 applied 1.00 reseeds 367
step  580 loss 1.45103e-02 |g| 1.88e+00 NIS/dof 7.084e-01 applied 1.00 reseeds 375
step  590 loss 1.35581e-02 |g| 1.49e+00 NIS/dof 5.953e-01 applied 1.00 reseeds 381
step  600 loss 1.12413e-02 |g| 8.93e-01 NIS/dof 4.845e-01 applied 1.00 reseeds 386
step  610 loss 1.27840e-02 |g| 1.52e+00 NIS/dof 5.681e-01 applied 1.00 reseeds 390
step  620 loss 1.42046e-02 |g| 2.53e+00 NIS/dof 5.218e-01 applied 1.00 reseeds 398
step  630 loss 1.15736e-02 |g| 1.22e+00 NIS/dof 4.301e-01 applied 1.00 reseeds 405
step  640 loss 1.60069e-02 |g| 1.93e+00 NIS/dof 5.651e-01 applied 1.00 reseeds 411
step  650 loss 1.05642e-02 |g| 5.68e-01 NIS/dof 4.083e-01 applied 1.00 reseeds 419
step  660 loss 1.60955e-02 |g| 8.28e-01 NIS/dof 4.120e-01 applied 1.00 reseeds 429
step  670 loss 8.67063e-03 |g| 6.45e-01 NIS/dof 3.803e-01 applied 1.00 reseeds 433
step  680 loss 1.18680e-02 |g| 6.52e-01 NIS/dof 3.667e-01 applied 1.00 reseeds 438
step  690 loss 1.04826e-02 |g| 6.02e-01 NIS/dof 3.222e-01 applied 1.00 reseeds 444
step  700 loss 1.07031e-02 |g| 6.82e-01 NIS/dof 3.222e-01 applied 1.00 reseeds 447
step  710 loss 8.25190e-03 |g| 4.74e-01 NIS/dof 2.993e-01 applied 1.00 reseeds 452
step  720 loss 7.05660e-03 |g| 4.72e-01 NIS/dof 2.744e-01 applied 1.00 reseeds 456
step  730 loss 1.19772e-02 |g| 9.61e-01 NIS/dof 2.707e-01 applied 1.00 reseeds 467
step  740 loss 8.83852e-03 |g| 6.39e-01 NIS/dof 3.288e-01 applied 1.00 reseeds 477
step  750 loss 7.37203e-03 |g| 5.98e-01 NIS/dof 2.954e-01 applied 1.00 reseeds 487
step  760 loss 1.10202e-02 |g| 8.73e-01 NIS/dof 3.182e-01 applied 1.00 reseeds 490
step  770 loss 6.95203e-03 |g| 2.72e-01 NIS/dof 2.762e-01 applied 1.00 reseeds 498
step  780 loss 7.13332e-03 |g| 6.76e-01 NIS/dof 2.664e-01 applied 1.00 reseeds 502
step  790 loss 1.12385e-02 |g| 6.15e-01 NIS/dof 2.721e-01 applied 1.00 reseeds 507
step  800 loss 6.55070e-03 |g| 4.60e-01 NIS/dof 2.795e-01 applied 1.00 reseeds 512
step  810 loss 4.60916e-03 |g| 3.25e-01 NIS/dof 1.940e-01 applied 1.00 reseeds 519
step  820 loss 6.26071e-03 |g| 3.44e-01 NIS/dof 2.291e-01 applied 1.00 reseeds 524
step  830 loss 7.48901e-03 |g| 4.51e-01 NIS/dof 2.407e-01 applied 1.00 reseeds 530
step  840 loss 7.40180e-03 |g| 1.70e-01 NIS/dof 2.022e-01 applied 1.00 reseeds 537
step  850 loss 7.86384e-03 |g| 4.86e-01 NIS/dof 2.076e-01 applied 1.00 reseeds 543
step  860 loss 5.32001e-03 |g| 5.40e-01 NIS/dof 2.270e-01 applied 1.00 reseeds 547
step  870 loss 5.24039e-03 |g| 5.20e-01 NIS/dof 2.484e-01 applied 1.00 reseeds 553
step  880 loss 6.23252e-03 |g| 7.24e-01 NIS/dof 2.218e-01 applied 1.00 reseeds 557
step  890 loss 5.35255e-03 |g| 1.93e-01 NIS/dof 1.971e-01 applied 1.00 reseeds 564
step  900 loss 4.82229e-03 |g| 2.47e-01 NIS/dof 2.036e-01 applied 1.00 reseeds 572
step  910 loss 5.36800e-03 |g| 2.35e-01 NIS/dof 1.923e-01 applied 1.00 reseeds 578
step  920 loss 5.34438e-03 |g| 3.87e-01 NIS/dof 2.012e-01 applied 1.00 reseeds 584
step  930 loss 6.97110e-03 |g| 5.10e-01 NIS/dof 2.278e-01 applied 1.00 reseeds 589
step  940 loss 6.43677e-03 |g| 3.00e-01 NIS/dof 2.125e-01 applied 1.00 reseeds 596
step  950 loss 4.89834e-03 |g| 3.81e-01 NIS/dof 1.790e-01 applied 1.00 reseeds 601
step  960 loss 4.05613e-03 |g| 1.59e-01 NIS/dof 1.611e-01 applied 1.00 reseeds 607
step  970 loss 4.97559e-03 |g| 1.64e-01 NIS/dof 1.572e-01 applied 1.00 reseeds 610
step  980 loss 4.03136e-03 |g| 1.57e-01 NIS/dof 1.746e-01 applied 1.00 reseeds 619
step  990 loss 6.32085e-03 |g| 2.78e-01 NIS/dof 1.960e-01 applied 1.00 reseeds 625
step 1000 loss 6.45107e-03 |g| 1.87e-01 NIS/dof 1.902e-01 applied 1.00 reseeds 632
step 1010 loss 3.92789e-03 |g| 1.72e-01 NIS/dof 1.740e-01 applied 1.00 reseeds 636
step 1020 loss 4.59024e-03 |g| 1.76e-01 NIS/dof 1.462e-01 applied 1.00 reseeds 641
step 1030 loss 3.37173e-03 |g| 2.60e-01 NIS/dof 1.471e-01 applied 1.00 reseeds 645
step 1040 loss 3.60621e-03 |g| 1.08e-01 NIS/dof 1.704e-01 applied 1.00 reseeds 650
step 1050 loss 4.06967e-03 |g| 1.45e-01 NIS/dof 1.577e-01 applied 1.00 reseeds 660
step 1060 loss 3.76865e-03 |g| 2.34e-01 NIS/dof 1.595e-01 applied 1.00 reseeds 664
step 1070 loss 5.23249e-03 |g| 6.13e-01 NIS/dof 1.593e-01 applied 1.00 reseeds 671
step 1080 loss 5.98056e-03 |g| 2.56e-01 NIS/dof 1.907e-01 applied 1.00 reseeds 680
step 1090 loss 3.69912e-03 |g| 2.18e-01 NIS/dof 1.359e-01 applied 1.00 reseeds 683
step 1100 loss 3.96748e-03 |g| 1.86e-01 NIS/dof 1.444e-01 applied 1.00 reseeds 693
step 1110 loss 4.00463e-03 |g| 1.71e-01 NIS/dof 1.681e-01 applied 1.00 reseeds 700
step 1120 loss 5.13019e-03 |g| 1.51e-01 NIS/dof 2.019e-01 applied 1.00 reseeds 708
step 1130 loss 4.41459e-03 |g| 1.77e-01 NIS/dof 1.953e-01 applied 1.00 reseeds 713
step 1140 loss 3.90429e-03 |g| 1.46e-01 NIS/dof 1.556e-01 applied 1.00 reseeds 721
step 1150 loss 4.32181e-03 |g| 3.98e-01 NIS/dof 1.452e-01 applied 1.00 reseeds 729
step 1160 loss 3.52758e-03 |g| 1.95e-01 NIS/dof 1.273e-01 applied 1.00 reseeds 734
step 1170 loss 4.40288e-03 |g| 2.05e-01 NIS/dof 1.619e-01 applied 1.00 reseeds 740
step 1180 loss 4.09887e-03 |g| 1.66e-01 NIS/dof 1.591e-01 applied 1.00 reseeds 745
step 1190 loss 3.42617e-03 |g| 9.80e-02 NIS/dof 1.343e-01 applied 1.00 reseeds 751
step 1200 loss 4.63506e-03 |g| 1.68e-01 NIS/dof 1.677e-01 applied 1.00 reseeds 754
step 1210 loss 3.62308e-03 |g| 2.00e-01 NIS/dof 1.302e-01 applied 1.00 reseeds 760
step 1220 loss 4.10757e-03 |g| 1.55e-01 NIS/dof 1.337e-01 applied 1.00 reseeds 765
step 1230 loss 4.27740e-03 |g| 2.43e-01 NIS/dof 1.742e-01 applied 1.00 reseeds 770
step 1240 loss 3.23535e-03 |g| 9.61e-02 NIS/dof 1.313e-01 applied 1.00 reseeds 777
step 1250 loss 3.96548e-03 |g| 2.13e-01 NIS/dof 1.620e-01 applied 1.00 reseeds 785
step 1260 loss 4.57834e-03 |g| 2.94e-01 NIS/dof 1.412e-01 applied 1.00 reseeds 793
step 1270 loss 5.56094e-03 |g| 3.10e-01 NIS/dof 1.223e-01 applied 1.00 reseeds 796
step 1280 loss 3.39870e-03 |g| 1.30e-01 NIS/dof 1.107e-01 applied 1.00 reseeds 803
step 1290 loss 2.69497e-03 |g| 1.09e-01 NIS/dof 9.421e-02 applied 1.00 reseeds 806
step 1300 loss 4.32383e-03 |g| 1.34e-01 NIS/dof 1.225e-01 applied 1.00 reseeds 813
step 1310 loss 2.98020e-03 |g| 1.32e-01 NIS/dof 1.136e-01 applied 1.00 reseeds 821
step 1320 loss 3.55335e-03 |g| 2.74e-01 NIS/dof 1.420e-01 applied 1.00 reseeds 826
step 1330 loss 4.01199e-03 |g| 1.57e-01 NIS/dof 1.341e-01 applied 1.00 reseeds 832
step 1340 loss 3.28210e-03 |g| 9.97e-02 NIS/dof 1.420e-01 applied 1.00 reseeds 841
step 1350 loss 3.56198e-03 |g| 1.71e-01 NIS/dof 1.518e-01 applied 1.00 reseeds 845
step 1360 loss 5.06649e-03 |g| 9.33e-02 NIS/dof 1.421e-01 applied 1.00 reseeds 854
step 1370 loss 4.16975e-03 |g| 3.14e-01 NIS/dof 1.543e-01 applied 1.00 reseeds 861
step 1380 loss 3.46888e-03 |g| 1.55e-01 NIS/dof 1.140e-01 applied 1.00 reseeds 869
step 1390 loss 4.41856e-03 |g| 1.11e-01 NIS/dof 1.242e-01 applied 1.00 reseeds 876
step 1400 loss 4.87449e-03 |g| 1.76e-01 NIS/dof 1.619e-01 applied 1.00 reseeds 882
step 1410 loss 3.25825e-03 |g| 1.01e-01 NIS/dof 1.248e-01 applied 1.00 reseeds 888
step 1420 loss 3.46526e-03 |g| 1.49e-01 NIS/dof 1.339e-01 applied 1.00 reseeds 893
step 1430 loss 4.27142e-03 |g| 2.64e-01 NIS/dof 1.338e-01 applied 1.00 reseeds 896
step 1440 loss 3.18565e-03 |g| 1.61e-01 NIS/dof 1.427e-01 applied 1.00 reseeds 903
step 1450 loss 2.96905e-03 |g| 2.25e-01 NIS/dof 9.541e-02 applied 1.00 reseeds 912
step 1460 loss 2.58994e-03 |g| 2.72e-01 NIS/dof 1.189e-01 applied 1.00 reseeds 918
step 1470 loss 3.18045e-03 |g| 1.71e-01 NIS/dof 1.304e-01 applied 1.00 reseeds 921
step 1480 loss 3.48255e-03 |g| 1.50e-01 NIS/dof 1.225e-01 applied 1.00 reseeds 930
step 1490 loss 3.52409e-03 |g| 1.57e-01 NIS/dof 1.112e-01 applied 1.00 reseeds 936
step 1500 loss 3.48595e-03 |g| 5.52e-02 NIS/dof 1.043e-01 applied 1.00 reseeds 946
step 1510 loss 2.86567e-03 |g| 5.54e-02 NIS/dof 1.029e-01 applied 1.00 reseeds 951
step 1520 loss 2.58791e-03 |g| 1.16e-01 NIS/dof 1.166e-01 applied 1.00 reseeds 960
step 1530 loss 3.57680e-03 |g| 1.61e-01 NIS/dof 1.289e-01 applied 1.00 reseeds 962
step 1540 loss 3.52096e-03 |g| 1.35e-01 NIS/dof 1.418e-01 applied 1.00 reseeds 968
step 1550 loss 5.02006e-03 |g| 1.55e-01 NIS/dof 1.274e-01 applied 1.00 reseeds 976
step 1560 loss 3.47795e-03 |g| 1.12e-01 NIS/dof 1.435e-01 applied 1.00 reseeds 979
step 1570 loss 3.21687e-03 |g| 9.69e-02 NIS/dof 1.139e-01 applied 1.00 reseeds 984
step 1580 loss 3.42673e-03 |g| 1.02e-01 NIS/dof 1.179e-01 applied 1.00 reseeds 989
step 1590 loss 3.79897e-03 |g| 1.24e-01 NIS/dof 1.066e-01 applied 1.00 reseeds 992
step 1600 loss 2.69000e-03 |g| 8.54e-02 NIS/dof 1.340e-01 applied 1.00 reseeds 998
step 1610 loss 3.12789e-03 |g| 1.17e-01 NIS/dof 1.029e-01 applied 1.00 reseeds 1001
step 1620 loss 3.20959e-03 |g| 1.80e-01 NIS/dof 1.038e-01 applied 1.00 reseeds 1010
step 1630 loss 2.76476e-03 |g| 8.58e-02 NIS/dof 1.324e-01 applied 1.00 reseeds 1015
step 1640 loss 3.31003e-03 |g| 1.10e-01 NIS/dof 1.258e-01 applied 1.00 reseeds 1024
step 1650 loss 3.49633e-03 |g| 9.11e-02 NIS/dof 1.247e-01 applied 1.00 reseeds 1030
step 1660 loss 3.12847e-03 |g| 1.53e-01 NIS/dof 1.329e-01 applied 1.00 reseeds 1040
step 1670 loss 3.32984e-03 |g| 1.01e-01 NIS/dof 1.097e-01 applied 1.00 reseeds 1045
step 1680 loss 2.79626e-03 |g| 7.66e-02 NIS/dof 1.131e-01 applied 1.00 reseeds 1050
step 1690 loss 3.47823e-03 |g| 1.59e-01 NIS/dof 1.323e-01 applied 1.00 reseeds 1052
step 1700 loss 3.06492e-03 |g| 7.10e-02 NIS/dof 1.319e-01 applied 1.00 reseeds 1064
step 1710 loss 3.19771e-03 |g| 9.43e-02 NIS/dof 1.252e-01 applied 1.00 reseeds 1065
step 1720 loss 2.94921e-03 |g| 1.65e-01 NIS/dof 1.051e-01 applied 1.00 reseeds 1070
step 1730 loss 2.63223e-03 |g| 8.68e-02 NIS/dof 1.142e-01 applied 1.00 reseeds 1076
step 1740 loss 2.35844e-03 |g| 8.31e-02 NIS/dof 9.279e-02 applied 1.00 reseeds 1084
step 1750 loss 3.18171e-03 |g| 1.09e-01 NIS/dof 1.188e-01 applied 1.00 reseeds 1088
step 1760 loss 3.04346e-03 |g| 1.24e-01 NIS/dof 1.194e-01 applied 1.00 reseeds 1095
step 1770 loss 2.34500e-03 |g| 1.07e-01 NIS/dof 9.140e-02 applied 1.00 reseeds 1101
step 1780 loss 2.89155e-03 |g| 7.31e-02 NIS/dof 1.009e-01 applied 1.00 reseeds 1109
step 1790 loss 3.48712e-03 |g| 8.15e-02 NIS/dof 1.090e-01 applied 1.00 reseeds 1114
step 1800 loss 2.90197e-03 |g| 9.75e-02 NIS/dof 1.006e-01 applied 1.00 reseeds 1124
step 1810 loss 2.42587e-03 |g| 8.67e-02 NIS/dof 1.125e-01 applied 1.00 reseeds 1129
step 1820 loss 2.96717e-03 |g| 7.50e-02 NIS/dof 1.174e-01 applied 1.00 reseeds 1136
step 1830 loss 2.75370e-03 |g| 2.12e-01 NIS/dof 1.096e-01 applied 1.00 reseeds 1144
step 1840 loss 2.73015e-03 |g| 7.12e-02 NIS/dof 1.060e-01 applied 1.00 reseeds 1149
step 1850 loss 2.26966e-03 |g| 5.68e-02 NIS/dof 9.340e-02 applied 1.00 reseeds 1154
step 1860 loss 4.16572e-03 |g| 2.24e-01 NIS/dof 1.775e-01 applied 1.00 reseeds 1159
step 1870 loss 2.99780e-03 |g| 1.09e-01 NIS/dof 1.148e-01 applied 1.00 reseeds 1165
step 1880 loss 2.36437e-03 |g| 8.76e-02 NIS/dof 1.098e-01 applied 1.00 reseeds 1172
step 1890 loss 2.48167e-03 |g| 7.72e-02 NIS/dof 1.032e-01 applied 1.00 reseeds 1177
step 1900 loss 2.68152e-03 |g| 9.63e-02 NIS/dof 1.257e-01 applied 1.00 reseeds 1182
step 1910 loss 2.61144e-03 |g| 8.00e-02 NIS/dof 1.019e-01 applied 1.00 reseeds 1184
step 1920 loss 2.83373e-03 |g| 8.78e-02 NIS/dof 9.173e-02 applied 1.00 reseeds 1194
step 1930 loss 2.76324e-03 |g| 1.72e-01 NIS/dof 1.111e-01 applied 1.00 reseeds 1202
step 1940 loss 2.25052e-03 |g| 5.60e-02 NIS/dof 8.467e-02 applied 1.00 reseeds 1206
step 1950 loss 3.47394e-03 |g| 1.16e-01 NIS/dof 1.080e-01 applied 1.00 reseeds 1209
step 1960 loss 2.98672e-03 |g| 1.47e-01 NIS/dof 1.084e-01 applied 1.00 reseeds 1217
step 1970 loss 3.48472e-03 |g| 1.64e-01 NIS/dof 1.228e-01 applied 1.00 reseeds 1224
step 1980 loss 2.77833e-03 |g| 7.54e-02 NIS/dof 1.123e-01 applied 1.00 reseeds 1230
step 1990 loss 2.61511e-03 |g| 1.09e-01 NIS/dof 1.106e-01 applied 1.00 reseeds 1233
step 2000 loss 2.21974e-03 |g| 6.75e-02 NIS/dof 8.481e-02 applied 1.00 reseeds 1240
step 2010 loss 2.70160e-03 |g| 8.21e-02 NIS/dof 9.565e-02 applied 1.00 reseeds 1244
step 2020 loss 2.52332e-03 |g| 7.47e-02 NIS/dof 9.095e-02 applied 1.00 reseeds 1251
step 2030 loss 2.99143e-03 |g| 9.71e-02 NIS/dof 1.034e-01 applied 1.00 reseeds 1260
step 2040 loss 2.22935e-03 |g| 1.09e-01 NIS/dof 1.014e-01 applied 1.00 reseeds 1267
step 2050 loss 2.82603e-03 |g| 1.00e-01 NIS/dof 9.356e-02 applied 1.00 reseeds 1274
step 2060 loss 2.67722e-03 |g| 8.37e-02 NIS/dof 1.007e-01 applied 1.00 reseeds 1276
step 2070 loss 2.68805e-03 |g| 1.12e-01 NIS/dof 1.132e-01 applied 1.00 reseeds 1279
step 2080 loss 2.53172e-03 |g| 1.03e-01 NIS/dof 1.093e-01 applied 1.00 reseeds 1285
step 2090 loss 3.23368e-03 |g| 1.79e-01 NIS/dof 1.249e-01 applied 1.00 reseeds 1290
step 2100 loss 2.52267e-03 |g| 9.66e-02 NIS/dof 9.951e-02 applied 1.00 reseeds 1295
step 2110 loss 3.59429e-03 |g| 2.48e-01 NIS/dof 9.956e-02 applied 1.00 reseeds 1300
step 2120 loss 2.94479e-03 |g| 1.54e-01 NIS/dof 1.233e-01 applied 1.00 reseeds 1304
step 2130 loss 2.83562e-03 |g| 9.32e-02 NIS/dof 1.392e-01 applied 1.00 reseeds 1308
step 2140 loss 2.96893e-03 |g| 8.44e-02 NIS/dof 1.036e-01 applied 1.00 reseeds 1312
step 2150 loss 2.93788e-03 |g| 7.30e-02 NIS/dof 1.243e-01 applied 1.00 reseeds 1320
step 2160 loss 2.66151e-03 |g| 8.13e-02 NIS/dof 8.540e-02 applied 1.00 reseeds 1328
step 2170 loss 2.91076e-03 |g| 1.13e-01 NIS/dof 1.224e-01 applied 1.00 reseeds 1334
step 2180 loss 2.25619e-03 |g| 9.44e-02 NIS/dof 1.078e-01 applied 1.00 reseeds 1345
step 2190 loss 3.19712e-03 |g| 8.09e-02 NIS/dof 1.027e-01 applied 1.00 reseeds 1353
step 2200 loss 2.23329e-03 |g| 7.50e-02 NIS/dof 9.135e-02 applied 1.00 reseeds 1356
step 2210 loss 2.69300e-03 |g| 9.16e-02 NIS/dof 1.119e-01 applied 1.00 reseeds 1367
step 2220 loss 3.06536e-03 |g| 1.14e-01 NIS/dof 1.504e-01 applied 1.00 reseeds 1377
step 2230 loss 3.61978e-03 |g| 1.13e-01 NIS/dof 1.228e-01 applied 1.00 reseeds 1386
step 2240 loss 3.07412e-03 |g| 1.82e-01 NIS/dof 1.144e-01 applied 1.00 reseeds 1393
step 2250 loss 2.42322e-03 |g| 6.41e-02 NIS/dof 1.303e-01 applied 1.00 reseeds 1396
step 2260 loss 2.60020e-03 |g| 7.99e-02 NIS/dof 1.125e-01 applied 1.00 reseeds 1406
step 2270 loss 2.32159e-03 |g| 1.21e-01 NIS/dof 1.036e-01 applied 1.00 reseeds 1412
step 2280 loss 2.21736e-03 |g| 6.80e-02 NIS/dof 9.766e-02 applied 1.00 reseeds 1413
step 2290 loss 2.90603e-03 |g| 1.21e-01 NIS/dof 1.074e-01 applied 1.00 reseeds 1417
step 2300 loss 2.29504e-03 |g| 8.96e-02 NIS/dof 1.095e-01 applied 1.00 reseeds 1426
step 2310 loss 2.87688e-03 |g| 1.63e-01 NIS/dof 9.539e-02 applied 1.00 reseeds 1428
step 2320 loss 2.52869e-03 |g| 7.09e-02 NIS/dof 1.200e-01 applied 1.00 reseeds 1435
step 2330 loss 3.10311e-03 |g| 1.35e-01 NIS/dof 1.091e-01 applied 1.00 reseeds 1442
step 2340 loss 2.18928e-03 |g| 7.10e-02 NIS/dof 9.175e-02 applied 1.00 reseeds 1448
step 2350 loss 2.34159e-03 |g| 7.88e-02 NIS/dof 1.175e-01 applied 1.00 reseeds 1454
step 2360 loss 2.46089e-03 |g| 1.32e-01 NIS/dof 1.154e-01 applied 1.00 reseeds 1460
step 2370 loss 2.32797e-03 |g| 7.86e-02 NIS/dof 1.149e-01 applied 1.00 reseeds 1466
step 2380 loss 2.53221e-03 |g| 4.47e-02 NIS/dof 1.082e-01 applied 1.00 reseeds 1480
step 2390 loss 2.13535e-03 |g| 9.22e-02 NIS/dof 1.013e-01 applied 1.00 reseeds 1484
step 2400 loss 3.48923e-03 |g| 1.07e-01 NIS/dof 1.187e-01 applied 1.00 reseeds 1485
step 2410 loss 2.62588e-03 |g| 7.30e-02 NIS/dof 1.215e-01 applied 1.00 reseeds 1492
step 2420 loss 3.32310e-03 |g| 1.64e-01 NIS/dof 1.280e-01 applied 1.00 reseeds 1500
step 2430 loss 2.34569e-03 |g| 6.98e-02 NIS/dof 1.066e-01 applied 1.00 reseeds 1507
step 2440 loss 2.23931e-03 |g| 1.15e-01 NIS/dof 1.099e-01 applied 1.00 reseeds 1513
step 2450 loss 2.15341e-03 |g| 1.20e-01 NIS/dof 1.050e-01 applied 1.00 reseeds 1514
step 2460 loss 2.06231e-03 |g| 4.30e-02 NIS/dof 1.014e-01 applied 1.00 reseeds 1519
step 2470 loss 2.55921e-03 |g| 1.05e-01 NIS/dof 9.419e-02 applied 1.00 reseeds 1527
step 2480 loss 2.60549e-03 |g| 7.94e-02 NIS/dof 9.453e-02 applied 1.00 reseeds 1536
step 2490 loss 2.36347e-03 |g| 9.97e-02 NIS/dof 1.180e-01 applied 1.00 reseeds 1540
step 2500 loss 2.20538e-03 |g| 5.84e-02 NIS/dof 1.064e-01 applied 1.00 reseeds 1544
step 2510 loss 2.85620e-03 |g| 1.25e-01 NIS/dof 1.151e-01 applied 1.00 reseeds 1552
step 2520 loss 2.72152e-03 |g| 5.43e-02 NIS/dof 8.834e-02 applied 1.00 reseeds 1558
step 2530 loss 2.63918e-03 |g| 8.27e-02 NIS/dof 9.635e-02 applied 1.00 reseeds 1567
step 2540 loss 2.76880e-03 |g| 2.41e-01 NIS/dof 1.037e-01 applied 1.00 reseeds 1573
step 2550 loss 3.20894e-03 |g| 1.69e-01 NIS/dof 1.321e-01 applied 1.00 reseeds 1581
step 2560 loss 2.70448e-03 |g| 8.31e-02 NIS/dof 9.716e-02 applied 1.00 reseeds 1587
step 2570 loss 2.08271e-03 |g| 6.41e-02 NIS/dof 1.028e-01 applied 1.00 reseeds 1590
step 2580 loss 3.00906e-03 |g| 1.34e-01 NIS/dof 1.013e-01 applied 1.00 reseeds 1596
step 2590 loss 2.21504e-03 |g| 6.72e-02 NIS/dof 1.139e-01 applied 1.00 reseeds 1603
step 2600 loss 2.13068e-03 |g| 1.32e-01 NIS/dof 1.079e-01 applied 1.00 reseeds 1608
step 2610 loss 2.15665e-03 |g| 1.40e-01 NIS/dof 9.491e-02 applied 1.00 reseeds 1612
step 2620 loss 2.75898e-03 |g| 1.02e-01 NIS/dof 9.118e-02 applied 1.00 reseeds 1617
step 2630 loss 2.22823e-03 |g| 7.87e-02 NIS/dof 8.590e-02 applied 1.00 reseeds 1624
step 2640 loss 2.32371e-03 |g| 9.88e-02 NIS/dof 9.275e-02 applied 1.00 reseeds 1632
step 2650 loss 2.19540e-03 |g| 1.21e-01 NIS/dof 1.085e-01 applied 1.00 reseeds 1639
step 2660 loss 1.93024e-03 |g| 7.91e-02 NIS/dof 1.094e-01 applied 1.00 reseeds 1646
step 2670 loss 2.22812e-03 |g| 1.18e-01 NIS/dof 1.028e-01 applied 1.00 reseeds 1651
step 2680 loss 2.87965e-03 |g| 8.59e-02 NIS/dof 1.004e-01 applied 1.00 reseeds 1656
step 2690 loss 2.80598e-03 |g| 1.33e-01 NIS/dof 1.085e-01 applied 1.00 reseeds 1661
step 2700 loss 3.30652e-03 |g| 1.03e-01 NIS/dof 1.464e-01 applied 1.00 reseeds 1667
step 2710 loss 2.61737e-03 |g| 1.16e-01 NIS/dof 1.003e-01 applied 1.00 reseeds 1673
step 2720 loss 1.91484e-03 |g| 5.13e-02 NIS/dof 7.737e-02 applied 1.00 reseeds 1677
step 2730 loss 2.24974e-03 |g| 4.68e-02 NIS/dof 8.123e-02 applied 1.00 reseeds 1684
step 2740 loss 2.77890e-03 |g| 1.38e-01 NIS/dof 1.191e-01 applied 1.00 reseeds 1692
step 2750 loss 2.62937e-03 |g| 8.70e-02 NIS/dof 1.055e-01 applied 1.00 reseeds 1702
step 2760 loss 2.23260e-03 |g| 6.42e-02 NIS/dof 8.728e-02 applied 1.00 reseeds 1709
step 2770 loss 2.04150e-03 |g| 6.36e-02 NIS/dof 8.691e-02 applied 1.00 reseeds 1714
step 2780 loss 1.74192e-03 |g| 3.49e-02 NIS/dof 8.073e-02 applied 1.00 reseeds 1718
step 2790 loss 2.26063e-03 |g| 1.05e-01 NIS/dof 9.764e-02 applied 1.00 reseeds 1721
step 2800 loss 2.52914e-03 |g| 5.86e-02 NIS/dof 1.167e-01 applied 1.00 reseeds 1728
step 2810 loss 2.19630e-03 |g| 1.07e-01 NIS/dof 1.114e-01 applied 1.00 reseeds 1733
step 2820 loss 1.85456e-03 |g| 9.37e-02 NIS/dof 1.053e-01 applied 1.00 reseeds 1746
step 2830 loss 2.10089e-03 |g| 9.03e-02 NIS/dof 1.126e-01 applied 1.00 reseeds 1750
step 2840 loss 2.75297e-03 |g| 7.30e-02 NIS/dof 9.289e-02 applied 1.00 reseeds 1757
step 2850 loss 2.13951e-03 |g| 6.58e-02 NIS/dof 1.004e-01 applied 1.00 reseeds 1763
step 2860 loss 2.80198e-03 |g| 9.18e-02 NIS/dof 1.052e-01 applied 1.00 reseeds 1764
step 2870 loss 1.94496e-03 |g| 6.72e-02 NIS/dof 7.330e-02 applied 1.00 reseeds 1767
step 2880 loss 2.61578e-03 |g| 7.76e-02 NIS/dof 9.641e-02 applied 1.00 reseeds 1774
step 2890 loss 2.07373e-03 |g| 6.60e-02 NIS/dof 9.770e-02 applied 1.00 reseeds 1778
step 2900 loss 2.18668e-03 |g| 6.60e-02 NIS/dof 9.346e-02 applied 1.00 reseeds 1784
step 2910 loss 2.28586e-03 |g| 9.93e-02 NIS/dof 9.584e-02 applied 1.00 reseeds 1791
step 2920 loss 2.79249e-03 |g| 9.27e-02 NIS/dof 1.107e-01 applied 1.00 reseeds 1795
step 2930 loss 2.10860e-03 |g| 4.43e-02 NIS/dof 9.065e-02 applied 1.00 reseeds 1800
step 2940 loss 2.54598e-03 |g| 7.40e-02 NIS/dof 9.215e-02 applied 1.00 reseeds 1806
step 2950 loss 2.54265e-03 |g| 7.35e-02 NIS/dof 1.008e-01 applied 1.00 reseeds 1812
step 2960 loss 1.97279e-03 |g| 1.12e-01 NIS/dof 9.497e-02 applied 1.00 reseeds 1815
step 2970 loss 2.78149e-03 |g| 5.51e-02 NIS/dof 1.038e-01 applied 1.00 reseeds 1818
step 2980 loss 2.82352e-03 |g| 1.16e-01 NIS/dof 1.140e-01 applied 1.00 reseeds 1827
step 2990 loss 2.04402e-03 |g| 6.92e-02 NIS/dof 9.106e-02 applied 1.00 reseeds 1832
step 3000 loss 2.14269e-03 |g| 1.17e-01 NIS/dof 9.415e-02 applied 1.00 reseeds 1838
step 3010 loss 2.47009e-03 |g| 8.14e-02 NIS/dof 1.074e-01 applied 1.00 reseeds 1842
step 3020 loss 2.75870e-03 |g| 4.50e-02 NIS/dof 1.085e-01 applied 1.00 reseeds 1849
step 3030 loss 2.35304e-03 |g| 7.52e-02 NIS/dof 1.179e-01 applied 1.00 reseeds 1855
step 3040 loss 1.52618e-03 |g| 4.41e-02 NIS/dof 8.520e-02 applied 1.00 reseeds 1860
step 3050 loss 1.94589e-03 |g| 6.87e-02 NIS/dof 1.002e-01 applied 1.00 reseeds 1863
step 3060 loss 2.83775e-03 |g| 7.05e-02 NIS/dof 1.016e-01 applied 1.00 reseeds 1871
step 3070 loss 2.54243e-03 |g| 7.32e-02 NIS/dof 9.602e-02 applied 1.00 reseeds 1880
step 3080 loss 1.90090e-03 |g| 5.54e-02 NIS/dof 8.019e-02 applied 1.00 reseeds 1884
step 3090 loss 1.90757e-03 |g| 5.49e-02 NIS/dof 8.359e-02 applied 1.00 reseeds 1890
step 3100 loss 2.46938e-03 |g| 1.25e-01 NIS/dof 1.027e-01 applied 1.00 reseeds 1895
step 3110 loss 2.20730e-03 |g| 5.66e-02 NIS/dof 1.103e-01 applied 1.00 reseeds 1899
step 3120 loss 2.05611e-03 |g| 1.04e-01 NIS/dof 1.038e-01 applied 1.00 reseeds 1908
step 3130 loss 2.16250e-03 |g| 5.26e-02 NIS/dof 8.200e-02 applied 1.00 reseeds 1912
step 3140 loss 3.08077e-03 |g| 6.35e-02 NIS/dof 1.019e-01 applied 1.00 reseeds 1916
step 3150 loss 1.98105e-03 |g| 7.10e-02 NIS/dof 1.042e-01 applied 1.00 reseeds 1923
step 3160 loss 2.36169e-03 |g| 4.92e-02 NIS/dof 1.067e-01 applied 1.00 reseeds 1931
step 3170 loss 2.20000e-03 |g| 1.55e-01 NIS/dof 1.015e-01 applied 1.00 reseeds 1935
step 3180 loss 2.64173e-03 |g| 9.31e-02 NIS/dof 9.311e-02 applied 1.00 reseeds 1938
step 3190 loss 2.61169e-03 |g| 1.03e-01 NIS/dof 1.002e-01 applied 1.00 reseeds 1944
step 3200 loss 1.77113e-03 |g| 4.36e-02 NIS/dof 1.063e-01 applied 1.00 reseeds 1946
step 3210 loss 2.07464e-03 |g| 6.41e-02 NIS/dof 1.034e-01 applied 1.00 reseeds 1954
step 3220 loss 2.08491e-03 |g| 9.26e-02 NIS/dof 1.025e-01 applied 1.00 reseeds 1965
step 3230 loss 2.35191e-03 |g| 1.49e-01 NIS/dof 1.052e-01 applied 1.00 reseeds 1968
step 3240 loss 2.46487e-03 |g| 1.59e-01 NIS/dof 9.659e-02 applied 1.00 reseeds 1975
step 3250 loss 1.90961e-03 |g| 5.70e-02 NIS/dof 9.304e-02 applied 1.00 reseeds 1981
step 3260 loss 1.70720e-03 |g| 7.59e-02 NIS/dof 9.942e-02 applied 1.00 reseeds 1987
step 3270 loss 2.87945e-03 |g| 2.53e-01 NIS/dof 1.203e-01 applied 1.00 reseeds 1987
step 3280 loss 2.64703e-03 |g| 8.26e-02 NIS/dof 1.089e-01 applied 1.00 reseeds 1997
step 3290 loss 2.72657e-03 |g| 1.14e-01 NIS/dof 8.897e-02 applied 1.00 reseeds 2003
step 3300 loss 2.49087e-03 |g| 5.80e-02 NIS/dof 1.071e-01 applied 1.00 reseeds 2005
step 3310 loss 2.06438e-03 |g| 4.91e-02 NIS/dof 9.128e-02 applied 1.00 reseeds 2012
step 3320 loss 2.05060e-03 |g| 9.03e-02 NIS/dof 1.136e-01 applied 1.00 reseeds 2015
step 3330 loss 1.82744e-03 |g| 5.83e-02 NIS/dof 8.961e-02 applied 1.00 reseeds 2020
step 3340 loss 2.33680e-03 |g| 6.47e-02 NIS/dof 1.124e-01 applied 1.00 reseeds 2026
step 3350 loss 2.03770e-03 |g| 1.39e-01 NIS/dof 9.851e-02 applied 1.00 reseeds 2033
step 3360 loss 2.28998e-03 |g| 7.00e-02 NIS/dof 1.084e-01 applied 1.00 reseeds 2040
step 3370 loss 2.63717e-03 |g| 7.19e-02 NIS/dof 9.563e-02 applied 1.00 reseeds 2048
step 3380 loss 1.91819e-03 |g| 1.25e-01 NIS/dof 8.872e-02 applied 1.00 reseeds 2051
step 3390 loss 1.74055e-03 |g| 8.55e-02 NIS/dof 7.925e-02 applied 1.00 reseeds 2057
step 3400 loss 2.87730e-03 |g| 8.27e-02 NIS/dof 8.282e-02 applied 1.00 reseeds 2061
step 3410 loss 2.22922e-03 |g| 3.73e-02 NIS/dof 1.064e-01 applied 1.00 reseeds 2069
step 3420 loss 1.94253e-03 |g| 5.58e-02 NIS/dof 9.583e-02 applied 1.00 reseeds 2077
step 3430 loss 2.43492e-03 |g| 1.11e-01 NIS/dof 1.015e-01 applied 1.00 reseeds 2077
step 3440 loss 1.89264e-03 |g| 5.64e-02 NIS/dof 9.586e-02 applied 1.00 reseeds 2083
step 3450 loss 2.82390e-03 |g| 7.99e-02 NIS/dof 1.194e-01 applied 1.00 reseeds 2085
step 3460 loss 2.35160e-03 |g| 1.70e-01 NIS/dof 1.003e-01 applied 1.00 reseeds 2097
step 3470 loss 2.36247e-03 |g| 8.01e-02 NIS/dof 1.170e-01 applied 1.00 reseeds 2102
step 3480 loss 2.73540e-03 |g| 1.05e-01 NIS/dof 1.100e-01 applied 1.00 reseeds 2108
step 3490 loss 2.37234e-03 |g| 5.13e-02 NIS/dof 9.670e-02 applied 1.00 reseeds 2113
step 3500 loss 2.30448e-03 |g| 8.65e-02 NIS/dof 1.170e-01 applied 1.00 reseeds 2121
step 3510 loss 2.11152e-03 |g| 5.98e-02 NIS/dof 1.133e-01 applied 1.00 reseeds 2128
step 3520 loss 2.14284e-03 |g| 1.07e-01 NIS/dof 1.087e-01 applied 1.00 reseeds 2136
step 3530 loss 2.35044e-03 |g| 1.31e-01 NIS/dof 1.108e-01 applied 1.00 reseeds 2141
step 3540 loss 1.94565e-03 |g| 9.85e-02 NIS/dof 9.374e-02 applied 1.00 reseeds 2146
step 3550 loss 2.18017e-03 |g| 5.69e-02 NIS/dof 1.045e-01 applied 1.00 reseeds 2151
step 3560 loss 2.21723e-03 |g| 1.30e-01 NIS/dof 9.699e-02 applied 1.00 reseeds 2156
step 3570 loss 2.40968e-03 |g| 1.10e-01 NIS/dof 9.075e-02 applied 1.00 reseeds 2164
step 3580 loss 2.62570e-03 |g| 1.25e-01 NIS/dof 9.906e-02 applied 1.00 reseeds 2173
step 3590 loss 2.12456e-03 |g| 1.50e-01 NIS/dof 1.050e-01 applied 1.00 reseeds 2175
step 3600 loss 1.91693e-03 |g| 8.64e-02 NIS/dof 1.059e-01 applied 1.00 reseeds 2183
step 3610 loss 1.08098e-03 |g| 3.56e-02 NIS/dof 7.796e-02 applied 1.00 reseeds 2189
step 3620 loss 1.66609e-03 |g| 6.11e-02 NIS/dof 8.917e-02 applied 1.00 reseeds 2195
step 3630 loss 1.75237e-03 |g| 6.00e-02 NIS/dof 1.021e-01 applied 1.00 reseeds 2199
step 3640 loss 2.15843e-03 |g| 8.21e-02 NIS/dof 9.599e-02 applied 1.00 reseeds 2204
step 3650 loss 2.30857e-03 |g| 5.96e-02 NIS/dof 1.187e-01 applied 1.00 reseeds 2206
step 3660 loss 2.52008e-03 |g| 1.06e-01 NIS/dof 1.092e-01 applied 1.00 reseeds 2213
step 3670 loss 2.82671e-03 |g| 1.20e-01 NIS/dof 1.095e-01 applied 1.00 reseeds 2224
step 3680 loss 2.62380e-03 |g| 1.25e-01 NIS/dof 1.188e-01 applied 1.00 reseeds 2230
step 3690 loss 2.11886e-03 |g| 4.85e-02 NIS/dof 9.317e-02 applied 1.00 reseeds 2235
step 3700 loss 1.91363e-03 |g| 4.50e-02 NIS/dof 9.534e-02 applied 1.00 reseeds 2242
step 3710 loss 2.04287e-03 |g| 7.96e-02 NIS/dof 8.315e-02 applied 1.00 reseeds 2244
step 3720 loss 2.17686e-03 |g| 9.72e-02 NIS/dof 7.509e-02 applied 1.00 reseeds 2252
step 3730 loss 1.89801e-03 |g| 4.82e-02 NIS/dof 1.108e-01 applied 1.00 reseeds 2256
step 3740 loss 1.70135e-03 |g| 7.59e-02 NIS/dof 1.013e-01 applied 1.00 reseeds 2264
step 3750 loss 2.14906e-03 |g| 1.13e-01 NIS/dof 9.392e-02 applied 1.00 reseeds 2271
step 3760 loss 2.55899e-03 |g| 6.44e-02 NIS/dof 9.609e-02 applied 1.00 reseeds 2277
step 3770 loss 2.06882e-03 |g| 6.15e-02 NIS/dof 1.160e-01 applied 1.00 reseeds 2283
step 3780 loss 2.31751e-03 |g| 4.68e-02 NIS/dof 1.030e-01 applied 1.00 reseeds 2290
step 3790 loss 2.46039e-03 |g| 5.70e-02 NIS/dof 1.141e-01 applied 1.00 reseeds 2298
step 3800 loss 1.94502e-03 |g| 6.94e-02 NIS/dof 9.422e-02 applied 1.00 reseeds 2301
step 3810 loss 2.11081e-03 |g| 6.36e-02 NIS/dof 1.047e-01 applied 1.00 reseeds 2307
step 3820 loss 2.50278e-03 |g| 6.73e-02 NIS/dof 9.971e-02 applied 1.00 reseeds 2312
step 3830 loss 2.48952e-03 |g| 1.51e-01 NIS/dof 1.285e-01 applied 1.00 reseeds 2319
step 3840 loss 2.00094e-03 |g| 7.19e-02 NIS/dof 1.062e-01 applied 1.00 reseeds 2328
step 3850 loss 1.86520e-03 |g| 8.89e-02 NIS/dof 9.137e-02 applied 1.00 reseeds 2335
step 3860 loss 2.10450e-03 |g| 6.52e-02 NIS/dof 1.027e-01 applied 1.00 reseeds 2340
step 3870 loss 2.61459e-03 |g| 8.38e-02 NIS/dof 1.519e-01 applied 1.00 reseeds 2347
step 3880 loss 2.53791e-03 |g| 1.14e-01 NIS/dof 1.237e-01 applied 1.00 reseeds 2354
step 3890 loss 1.86153e-03 |g| 7.09e-02 NIS/dof 9.931e-02 applied 1.00 reseeds 2365
step 3900 loss 2.02471e-03 |g| 8.92e-02 NIS/dof 9.010e-02 applied 1.00 reseeds 2368
step 3910 loss 1.56683e-03 |g| 4.70e-02 NIS/dof 9.168e-02 applied 1.00 reseeds 2368
step 3920 loss 2.11093e-03 |g| 4.35e-02 NIS/dof 1.066e-01 applied 1.00 reseeds 2374
step 3930 loss 1.89518e-03 |g| 9.25e-02 NIS/dof 9.305e-02 applied 1.00 reseeds 2384
step 3940 loss 2.23655e-03 |g| 5.16e-02 NIS/dof 9.936e-02 applied 1.00 reseeds 2388
step 3950 loss 1.72266e-03 |g| 3.95e-02 NIS/dof 9.192e-02 applied 1.00 reseeds 2395
step 3960 loss 1.94785e-03 |g| 5.84e-02 NIS/dof 9.948e-02 applied 1.00 reseeds 2400
step 3970 loss 1.56035e-03 |g| 8.82e-02 NIS/dof 8.164e-02 applied 1.00 reseeds 2411
step 3980 loss 1.92209e-03 |g| 6.62e-02 NIS/dof 9.853e-02 applied 1.00 reseeds 2418
step 3990 loss 1.90015e-03 |g| 4.72e-02 NIS/dof 9.912e-02 applied 1.00 reseeds 2427
step 4000 loss 1.98677e-03 |g| 5.70e-02 NIS/dof 1.157e-01 applied 1.00 reseeds 2435
step 4010 loss 1.82543e-03 |g| 1.14e-01 NIS/dof 1.060e-01 applied 1.00 reseeds 2440
step 4020 loss 2.42564e-03 |g| 6.08e-02 NIS/dof 1.098e-01 applied 1.00 reseeds 2446
step 4030 loss 2.54188e-03 |g| 1.56e-01 NIS/dof 1.067e-01 applied 1.00 reseeds 2452
step 4040 loss 2.13764e-03 |g| 7.36e-02 NIS/dof 1.046e-01 applied 1.00 reseeds 2461
step 4050 loss 2.32850e-03 |g| 8.95e-02 NIS/dof 1.017e-01 applied 1.00 reseeds 2462
step 4060 loss 2.76245e-03 |g| 1.69e-01 NIS/dof 1.210e-01 applied 1.00 reseeds 2468
step 4070 loss 2.31548e-03 |g| 6.88e-02 NIS/dof 1.166e-01 applied 1.00 reseeds 2474
step 4080 loss 2.09937e-03 |g| 5.67e-02 NIS/dof 1.028e-01 applied 1.00 reseeds 2481
step 4090 loss 1.65855e-03 |g| 5.92e-02 NIS/dof 9.516e-02 applied 1.00 reseeds 2492
step 4100 loss 2.44348e-03 |g| 1.04e-01 NIS/dof 9.464e-02 applied 1.00 reseeds 2497
step 4110 loss 1.59516e-03 |g| 4.45e-02 NIS/dof 7.564e-02 applied 1.00 reseeds 2497
step 4120 loss 2.12205e-03 |g| 1.10e-01 NIS/dof 1.076e-01 applied 1.00 reseeds 2499
step 4130 loss 2.62815e-03 |g| 9.40e-02 NIS/dof 1.036e-01 applied 1.00 reseeds 2506
step 4140 loss 2.32166e-03 |g| 8.47e-02 NIS/dof 1.035e-01 applied 1.00 reseeds 2514
step 4150 loss 2.98712e-03 |g| 7.42e-02 NIS/dof 1.153e-01 applied 1.00 reseeds 2519
step 4160 loss 2.24346e-03 |g| 1.13e-01 NIS/dof 9.530e-02 applied 1.00 reseeds 2523
step 4170 loss 2.48092e-03 |g| 1.33e-01 NIS/dof 9.314e-02 applied 1.00 reseeds 2528
step 4180 loss 2.23762e-03 |g| 1.22e-01 NIS/dof 1.189e-01 applied 1.00 reseeds 2534
step 4190 loss 1.94336e-03 |g| 5.36e-02 NIS/dof 1.013e-01 applied 1.00 reseeds 2541
step 4200 loss 2.30055e-03 |g| 5.44e-02 NIS/dof 1.117e-01 applied 1.00 reseeds 2548
step 4210 loss 1.88117e-03 |g| 5.54e-02 NIS/dof 1.044e-01 applied 1.00 reseeds 2554
step 4220 loss 1.91291e-03 |g| 4.43e-02 NIS/dof 9.381e-02 applied 1.00 reseeds 2558
step 4230 loss 2.25460e-03 |g| 5.88e-02 NIS/dof 8.691e-02 applied 1.00 reseeds 2564
step 4240 loss 2.05596e-03 |g| 9.37e-02 NIS/dof 1.099e-01 applied 1.00 reseeds 2574
step 4250 loss 1.91976e-03 |g| 6.64e-02 NIS/dof 1.138e-01 applied 1.00 reseeds 2579
step 4260 loss 2.28282e-03 |g| 4.84e-02 NIS/dof 1.073e-01 applied 1.00 reseeds 2583
step 4270 loss 2.99030e-03 |g| 9.99e-02 NIS/dof 9.733e-02 applied 1.00 reseeds 2591
step 4280 loss 1.77340e-03 |g| 6.34e-02 NIS/dof 1.147e-01 applied 1.00 reseeds 2603
step 4290 loss 1.71098e-03 |g| 6.74e-02 NIS/dof 9.909e-02 applied 1.00 reseeds 2610
step 4300 loss 2.21063e-03 |g| 6.74e-02 NIS/dof 9.955e-02 applied 1.00 reseeds 2616
step 4310 loss 2.22718e-03 |g| 1.19e-01 NIS/dof 9.463e-02 applied 1.00 reseeds 2622
step 4320 loss 2.13078e-03 |g| 7.65e-02 NIS/dof 1.178e-01 applied 1.00 reseeds 2627
step 4330 loss 2.76192e-03 |g| 5.27e-02 NIS/dof 1.284e-01 applied 1.00 reseeds 2630
step 4340 loss 2.46639e-03 |g| 6.66e-02 NIS/dof 1.012e-01 applied 1.00 reseeds 2636
step 4350 loss 2.17921e-03 |g| 1.07e-01 NIS/dof 1.033e-01 applied 1.00 reseeds 2644
step 4360 loss 2.29779e-03 |g| 5.56e-02 NIS/dof 1.007e-01 applied 1.00 reseeds 2651
step 4370 loss 2.78013e-03 |g| 1.24e-01 NIS/dof 9.943e-02 applied 1.00 reseeds 2658
step 4380 loss 2.10002e-03 |g| 5.74e-02 NIS/dof 9.536e-02 applied 1.00 reseeds 2660
step 4390 loss 2.24453e-03 |g| 6.00e-02 NIS/dof 9.228e-02 applied 1.00 reseeds 2665
step 4400 loss 2.65600e-03 |g| 7.10e-02 NIS/dof 1.089e-01 applied 1.00 reseeds 2666
step 4410 loss 2.21687e-03 |g| 6.13e-02 NIS/dof 1.105e-01 applied 1.00 reseeds 2669
step 4420 loss 1.86589e-03 |g| 7.57e-02 NIS/dof 1.057e-01 applied 1.00 reseeds 2676
step 4430 loss 2.39637e-03 |g| 5.09e-02 NIS/dof 1.063e-01 applied 1.00 reseeds 2683
step 4440 loss 1.89345e-03 |g| 1.46e-01 NIS/dof 1.242e-01 applied 1.00 reseeds 2692
step 4450 loss 1.95595e-03 |g| 4.67e-02 NIS/dof 1.199e-01 applied 1.00 reseeds 2696
step 4460 loss 2.31439e-03 |g| 6.41e-02 NIS/dof 1.171e-01 applied 1.00 reseeds 2706
step 4470 loss 1.75116e-03 |g| 9.08e-02 NIS/dof 9.869e-02 applied 1.00 reseeds 2710
step 4480 loss 2.30378e-03 |g| 7.85e-02 NIS/dof 9.204e-02 applied 1.00 reseeds 2716
step 4490 loss 2.76253e-03 |g| 7.85e-02 NIS/dof 1.073e-01 applied 1.00 reseeds 2720
step 4500 loss 2.44054e-03 |g| 6.86e-02 NIS/dof 1.140e-01 applied 1.00 reseeds 2727
step 4510 loss 2.27812e-03 |g| 8.28e-02 NIS/dof 8.737e-02 applied 1.00 reseeds 2735
step 4520 loss 2.12177e-03 |g| 1.19e-01 NIS/dof 1.049e-01 applied 1.00 reseeds 2740
step 4530 loss 1.60775e-03 |g| 4.94e-02 NIS/dof 9.706e-02 applied 1.00 reseeds 2743
step 4540 loss 1.70313e-03 |g| 5.38e-02 NIS/dof 7.687e-02 applied 1.00 reseeds 2747
step 4550 loss 2.07968e-03 |g| 5.40e-02 NIS/dof 8.237e-02 applied 1.00 reseeds 2756
step 4560 loss 2.56569e-03 |g| 6.49e-02 NIS/dof 1.210e-01 applied 1.00 reseeds 2762
step 4570 loss 2.32602e-03 |g| 6.44e-02 NIS/dof 1.064e-01 applied 1.00 reseeds 2768
step 4580 loss 2.12932e-03 |g| 5.07e-02 NIS/dof 1.045e-01 applied 1.00 reseeds 2776
step 4590 loss 2.08296e-03 |g| 1.23e-01 NIS/dof 1.227e-01 applied 1.00 reseeds 2782
step 4600 loss 1.99678e-03 |g| 6.86e-02 NIS/dof 1.099e-01 applied 1.00 reseeds 2789
step 4610 loss 2.42588e-03 |g| 6.37e-02 NIS/dof 1.024e-01 applied 1.00 reseeds 2795
step 4620 loss 2.44359e-03 |g| 8.27e-02 NIS/dof 1.285e-01 applied 1.00 reseeds 2803
step 4630 loss 1.81486e-03 |g| 7.48e-02 NIS/dof 9.811e-02 applied 1.00 reseeds 2811
step 4640 loss 1.59615e-03 |g| 9.60e-02 NIS/dof 9.916e-02 applied 1.00 reseeds 2818
step 4650 loss 2.19058e-03 |g| 6.35e-02 NIS/dof 1.199e-01 applied 1.00 reseeds 2825
step 4660 loss 1.83419e-03 |g| 8.01e-02 NIS/dof 9.608e-02 applied 1.00 reseeds 2833
step 4670 loss 2.40376e-03 |g| 9.45e-02 NIS/dof 1.209e-01 applied 1.00 reseeds 2838
step 4680 loss 2.44418e-03 |g| 4.80e-02 NIS/dof 9.621e-02 applied 1.00 reseeds 2844
step 4690 loss 1.99429e-03 |g| 4.73e-02 NIS/dof 1.033e-01 applied 1.00 reseeds 2853
step 4700 loss 2.56283e-03 |g| 5.78e-02 NIS/dof 1.305e-01 applied 1.00 reseeds 2856
step 4710 loss 2.32241e-03 |g| 4.90e-02 NIS/dof 1.082e-01 applied 1.00 reseeds 2867
step 4720 loss 2.08350e-03 |g| 4.39e-02 NIS/dof 1.023e-01 applied 1.00 reseeds 2873
step 4730 loss 2.91107e-03 |g| 8.48e-02 NIS/dof 1.113e-01 applied 1.00 reseeds 2881
step 4740 loss 2.10703e-03 |g| 8.03e-02 NIS/dof 1.048e-01 applied 1.00 reseeds 2892
step 4750 loss 2.73427e-03 |g| 5.29e-02 NIS/dof 1.093e-01 applied 1.00 reseeds 2897
step 4760 loss 2.21060e-03 |g| 7.76e-02 NIS/dof 1.080e-01 applied 1.00 reseeds 2900
step 4770 loss 2.34389e-03 |g| 6.61e-02 NIS/dof 1.017e-01 applied 1.00 reseeds 2906
step 4780 loss 2.01055e-03 |g| 5.66e-02 NIS/dof 1.256e-01 applied 1.00 reseeds 2912
step 4790 loss 1.85895e-03 |g| 6.83e-02 NIS/dof 1.075e-01 applied 1.00 reseeds 2917
step 4800 loss 2.22048e-03 |g| 8.61e-02 NIS/dof 1.137e-01 applied 1.00 reseeds 2924
step 4810 loss 1.71343e-03 |g| 5.38e-02 NIS/dof 9.035e-02 applied 1.00 reseeds 2928
step 4820 loss 2.11383e-03 |g| 6.54e-02 NIS/dof 9.558e-02 applied 1.00 reseeds 2933
step 4830 loss 2.02350e-03 |g| 4.19e-02 NIS/dof 1.074e-01 applied 1.00 reseeds 2943
step 4840 loss 1.54553e-03 |g| 6.32e-02 NIS/dof 7.629e-02 applied 1.00 reseeds 2950
step 4850 loss 1.96998e-03 |g| 5.32e-02 NIS/dof 1.089e-01 applied 1.00 reseeds 2956
step 4860 loss 2.24837e-03 |g| 8.30e-02 NIS/dof 1.076e-01 applied 1.00 reseeds 2958
step 4870 loss 2.00690e-03 |g| 8.91e-02 NIS/dof 1.211e-01 applied 1.00 reseeds 2963
step 4880 loss 2.32481e-03 |g| 7.81e-02 NIS/dof 9.795e-02 applied 1.00 reseeds 2967
step 4890 loss 1.81228e-03 |g| 6.05e-02 NIS/dof 7.823e-02 applied 1.00 reseeds 2972
step 4900 loss 1.60670e-03 |g| 5.69e-02 NIS/dof 9.322e-02 applied 1.00 reseeds 2977
step 4910 loss 2.40757e-03 |g| 4.56e-02 NIS/dof 8.101e-02 applied 1.00 reseeds 2981
step 4920 loss 2.02173e-03 |g| 5.85e-02 NIS/dof 1.132e-01 applied 1.00 reseeds 2989
step 4930 loss 2.09726e-03 |g| 5.31e-02 NIS/dof 1.400e-01 applied 1.00 reseeds 2997
step 4940 loss 1.64171e-03 |g| 4.15e-02 NIS/dof 1.063e-01 applied 1.00 reseeds 3006
step 4950 loss 2.08777e-03 |g| 6.20e-02 NIS/dof 9.546e-02 applied 1.00 reseeds 3012
step 4960 loss 2.05052e-03 |g| 3.95e-02 NIS/dof 9.600e-02 applied 1.00 reseeds 3016
step 4970 loss 2.07898e-03 |g| 6.97e-02 NIS/dof 1.058e-01 applied 1.00 reseeds 3022
step 4980 loss 2.43468e-03 |g| 1.03e-01 NIS/dof 1.017e-01 applied 1.00 reseeds 3027
step 4990 loss 1.78310e-03 |g| 5.56e-02 NIS/dof 9.259e-02 applied 1.00 reseeds 3037
step 5000 loss 2.19476e-03 |g| 9.65e-02 NIS/dof 9.945e-02 applied 1.00 reseeds 3040
step 5010 loss 2.07946e-03 |g| 4.21e-02 NIS/dof 9.152e-02 applied 1.00 reseeds 3047
step 5020 loss 1.75841e-03 |g| 1.17e-01 NIS/dof 1.029e-01 applied 1.00 reseeds 3053
step 5030 loss 1.55112e-03 |g| 4.57e-02 NIS/dof 8.803e-02 applied 1.00 reseeds 3058
step 5040 loss 1.78645e-03 |g| 6.57e-02 NIS/dof 9.977e-02 applied 1.00 reseeds 3062
step 5050 loss 2.19957e-03 |g| 8.62e-02 NIS/dof 9.932e-02 applied 1.00 reseeds 3066
step 5060 loss 2.39123e-03 |g| 4.95e-02 NIS/dof 1.022e-01 applied 1.00 reseeds 3075
step 5070 loss 2.44288e-03 |g| 1.12e-01 NIS/dof 1.154e-01 applied 1.00 reseeds 3082
step 5080 loss 2.40694e-03 |g| 7.38e-02 NIS/dof 9.118e-02 applied 1.00 reseeds 3090
step 5090 loss 1.86673e-03 |g| 6.06e-02 NIS/dof 8.345e-02 applied 1.00 reseeds 3096
step 5100 loss 2.13876e-03 |g| 5.18e-02 NIS/dof 7.771e-02 applied 1.00 reseeds 3100
step 5110 loss 1.97706e-03 |g| 3.64e-02 NIS/dof 1.110e-01 applied 1.00 reseeds 3103
step 5120 loss 1.82168e-03 |g| 8.14e-02 NIS/dof 1.015e-01 applied 1.00 reseeds 3112
step 5130 loss 2.13616e-03 |g| 1.42e-01 NIS/dof 1.054e-01 applied 1.00 reseeds 3115
step 5140 loss 2.88840e-03 |g| 4.70e-02 NIS/dof 1.128e-01 applied 1.00 reseeds 3122
step 5150 loss 1.87890e-03 |g| 7.13e-02 NIS/dof 9.188e-02 applied 1.00 reseeds 3130
step 5160 loss 2.42121e-03 |g| 6.19e-02 NIS/dof 9.691e-02 applied 1.00 reseeds 3138
step 5170 loss 2.07052e-03 |g| 6.23e-02 NIS/dof 9.665e-02 applied 1.00 reseeds 3143
step 5180 loss 2.26475e-03 |g| 4.23e-02 NIS/dof 1.117e-01 applied 1.00 reseeds 3146
step 5190 loss 1.71753e-03 |g| 5.77e-02 NIS/dof 1.061e-01 applied 1.00 reseeds 3154
step 5200 loss 1.97413e-03 |g| 5.31e-02 NIS/dof 1.130e-01 applied 1.00 reseeds 3158
step 5210 loss 2.48673e-03 |g| 7.12e-02 NIS/dof 1.133e-01 applied 1.00 reseeds 3163
step 5220 loss 2.46755e-03 |g| 1.39e-01 NIS/dof 9.722e-02 applied 1.00 reseeds 3173
step 5230 loss 2.25142e-03 |g| 8.06e-02 NIS/dof 9.479e-02 applied 1.00 reseeds 3178
step 5240 loss 2.20339e-03 |g| 7.94e-02 NIS/dof 1.042e-01 applied 1.00 reseeds 3186
step 5250 loss 1.59020e-03 |g| 6.72e-02 NIS/dof 8.481e-02 applied 1.00 reseeds 3188
step 5260 loss 2.09163e-03 |g| 5.49e-02 NIS/dof 9.566e-02 applied 1.00 reseeds 3197
step 5270 loss 1.90513e-03 |g| 9.06e-02 NIS/dof 9.963e-02 applied 1.00 reseeds 3205
step 5280 loss 1.93000e-03 |g| 5.89e-02 NIS/dof 1.057e-01 applied 1.00 reseeds 3213
step 5290 loss 2.58895e-03 |g| 5.99e-02 NIS/dof 9.943e-02 applied 1.00 reseeds 3217
step 5300 loss 2.04004e-03 |g| 1.16e-01 NIS/dof 1.022e-01 applied 1.00 reseeds 3226
step 5310 loss 2.04381e-03 |g| 7.54e-02 NIS/dof 1.119e-01 applied 1.00 reseeds 3230
step 5320 loss 1.78796e-03 |g| 7.53e-02 NIS/dof 1.031e-01 applied 1.00 reseeds 3236
step 5330 loss 2.47299e-03 |g| 8.76e-02 NIS/dof 1.450e-01 applied 1.00 reseeds 3241
step 5340 loss 1.73509e-03 |g| 5.53e-02 NIS/dof 1.302e-01 applied 1.00 reseeds 3250
step 5350 loss 2.18604e-03 |g| 3.78e-02 NIS/dof 1.110e-01 applied 1.00 reseeds 3257
step 5360 loss 2.17229e-03 |g| 1.09e-01 NIS/dof 1.059e-01 applied 1.00 reseeds 3259
step 5370 loss 2.20881e-03 |g| 5.83e-02 NIS/dof 1.102e-01 applied 1.00 reseeds 3267
step 5380 loss 1.77464e-03 |g| 3.98e-02 NIS/dof 1.084e-01 applied 1.00 reseeds 3271
step 5390 loss 2.14988e-03 |g| 5.64e-02 NIS/dof 1.069e-01 applied 1.00 reseeds 3280
step 5400 loss 2.63167e-03 |g| 7.10e-02 NIS/dof 1.272e-01 applied 1.00 reseeds 3284
step 5410 loss 2.07214e-03 |g| 1.32e-01 NIS/dof 1.050e-01 applied 1.00 reseeds 3288
step 5420 loss 1.75966e-03 |g| 5.90e-02 NIS/dof 1.072e-01 applied 1.00 reseeds 3295
step 5430 loss 2.07336e-03 |g| 3.68e-02 NIS/dof 1.154e-01 applied 1.00 reseeds 3303
step 5440 loss 2.30010e-03 |g| 8.04e-02 NIS/dof 8.474e-02 applied 1.00 reseeds 3311
step 5450 loss 2.67990e-03 |g| 1.02e-01 NIS/dof 1.357e-01 applied 1.00 reseeds 3313
step 5460 loss 1.86601e-03 |g| 1.54e-01 NIS/dof 1.163e-01 applied 1.00 reseeds 3319
step 5470 loss 1.97383e-03 |g| 6.37e-02 NIS/dof 1.065e-01 applied 1.00 reseeds 3325
step 5480 loss 1.65021e-03 |g| 5.20e-02 NIS/dof 8.435e-02 applied 1.00 reseeds 3331
step 5490 loss 2.00721e-03 |g| 7.30e-02 NIS/dof 9.437e-02 applied 1.00 reseeds 3342
step 5500 loss 1.61082e-03 |g| 5.54e-02 NIS/dof 9.592e-02 applied 1.00 reseeds 3349
step 5510 loss 2.02492e-03 |g| 1.02e-01 NIS/dof 8.965e-02 applied 1.00 reseeds 3352
step 5520 loss 1.83242e-03 |g| 5.61e-02 NIS/dof 9.979e-02 applied 1.00 reseeds 3355
step 5530 loss 1.90672e-03 |g| 5.94e-02 NIS/dof 1.137e-01 applied 1.00 reseeds 3364
step 5540 loss 2.23721e-03 |g| 7.03e-02 NIS/dof 9.090e-02 applied 1.00 reseeds 3368
step 5550 loss 1.94415e-03 |g| 8.53e-02 NIS/dof 1.045e-01 applied 1.00 reseeds 3374
step 5560 loss 2.01117e-03 |g| 7.64e-02 NIS/dof 1.169e-01 applied 1.00 reseeds 3381
step 5570 loss 4.92234e-03 |g| 1.53e-01 NIS/dof 1.452e-01 applied 1.00 reseeds 3388
step 5580 loss 2.44920e-03 |g| 4.50e-02 NIS/dof 1.104e-01 applied 1.00 reseeds 3393
step 5590 loss 1.91301e-03 |g| 4.37e-02 NIS/dof 1.038e-01 applied 1.00 reseeds 3404
step 5600 loss 1.98436e-03 |g| 5.13e-02 NIS/dof 9.603e-02 applied 1.00 reseeds 3407
step 5610 loss 2.40643e-03 |g| 5.82e-02 NIS/dof 1.018e-01 applied 1.00 reseeds 3412
step 5620 loss 2.30946e-03 |g| 7.81e-02 NIS/dof 1.398e-01 applied 1.00 reseeds 3417
step 5630 loss 2.38799e-03 |g| 4.05e-02 NIS/dof 1.133e-01 applied 1.00 reseeds 3421
step 5640 loss 1.97789e-03 |g| 4.81e-02 NIS/dof 1.073e-01 applied 1.00 reseeds 3429
step 5650 loss 2.00223e-03 |g| 4.51e-02 NIS/dof 9.332e-02 applied 1.00 reseeds 3438
step 5660 loss 2.20772e-03 |g| 6.66e-02 NIS/dof 1.152e-01 applied 1.00 reseeds 3445
step 5670 loss 1.88681e-03 |g| 7.82e-02 NIS/dof 1.160e-01 applied 1.00 reseeds 3451
step 5680 loss 1.63795e-03 |g| 2.91e-02 NIS/dof 9.770e-02 applied 1.00 reseeds 3464
step 5690 loss 2.03685e-03 |g| 5.83e-02 NIS/dof 1.122e-01 applied 1.00 reseeds 3469
step 5700 loss 1.85931e-03 |g| 5.76e-02 NIS/dof 1.153e-01 applied 1.00 reseeds 3475
step 5710 loss 2.12395e-03 |g| 7.75e-02 NIS/dof 9.536e-02 applied 1.00 reseeds 3479
step 5720 loss 2.11544e-03 |g| 6.27e-02 NIS/dof 1.312e-01 applied 1.00 reseeds 3482
step 5730 loss 2.05060e-03 |g| 3.90e-02 NIS/dof 1.016e-01 applied 1.00 reseeds 3486
step 5740 loss 1.95676e-03 |g| 5.81e-02 NIS/dof 9.675e-02 applied 1.00 reseeds 3494
step 5750 loss 2.31966e-03 |g| 7.05e-02 NIS/dof 1.034e-01 applied 1.00 reseeds 3503
step 5760 loss 2.19817e-03 |g| 7.53e-02 NIS/dof 1.189e-01 applied 1.00 reseeds 3508
step 5770 loss 1.93450e-03 |g| 5.93e-02 NIS/dof 9.107e-02 applied 1.00 reseeds 3516
step 5780 loss 2.40117e-03 |g| 7.26e-02 NIS/dof 1.345e-01 applied 1.00 reseeds 3519
step 5790 loss 2.26732e-03 |g| 7.92e-02 NIS/dof 1.044e-01 applied 1.00 reseeds 3524
step 5800 loss 2.27294e-03 |g| 5.30e-02 NIS/dof 8.311e-02 applied 1.00 reseeds 3530
step 5810 loss 2.75588e-03 |g| 6.83e-02 NIS/dof 1.045e-01 applied 1.00 reseeds 3538
step 5820 loss 2.09864e-03 |g| 4.60e-02 NIS/dof 1.199e-01 applied 1.00 reseeds 3547
step 5830 loss 1.93137e-03 |g| 4.75e-02 NIS/dof 1.056e-01 applied 1.00 reseeds 3552
step 5840 loss 2.47017e-03 |g| 7.43e-02 NIS/dof 9.710e-02 applied 1.00 reseeds 3559
step 5850 loss 2.41611e-03 |g| 4.20e-02 NIS/dof 1.113e-01 applied 1.00 reseeds 3568
step 5860 loss 2.25270e-03 |g| 7.46e-02 NIS/dof 1.130e-01 applied 1.00 reseeds 3572
step 5870 loss 1.98114e-03 |g| 5.63e-02 NIS/dof 1.210e-01 applied 1.00 reseeds 3580
step 5880 loss 2.43728e-03 |g| 8.69e-02 NIS/dof 1.067e-01 applied 1.00 reseeds 3582
step 5890 loss 1.87554e-03 |g| 3.97e-02 NIS/dof 1.009e-01 applied 1.00 reseeds 3588
step 5900 loss 2.16408e-03 |g| 5.13e-02 NIS/dof 1.111e-01 applied 1.00 reseeds 3592
step 5910 loss 2.28686e-03 |g| 9.16e-02 NIS/dof 1.108e-01 applied 1.00 reseeds 3597
step 5920 loss 2.15653e-03 |g| 6.00e-02 NIS/dof 1.018e-01 applied 1.00 reseeds 3605
step 5930 loss 1.80284e-03 |g| 4.13e-02 NIS/dof 1.214e-01 applied 1.00 reseeds 3612
step 5940 loss 1.72141e-03 |g| 4.17e-02 NIS/dof 1.036e-01 applied 1.00 reseeds 3615
step 5950 loss 2.70925e-03 |g| 8.11e-02 NIS/dof 1.179e-01 applied 1.00 reseeds 3620
step 5960 loss 1.36711e-03 |g| 4.35e-02 NIS/dof 8.087e-02 applied 1.00 reseeds 3625
step 5970 loss 1.71155e-03 |g| 3.63e-02 NIS/dof 1.070e-01 applied 1.00 reseeds 3629
step 5980 loss 1.75297e-03 |g| 7.61e-02 NIS/dof 1.019e-01 applied 1.00 reseeds 3636
step 5990 loss 2.48001e-03 |g| 5.60e-02 NIS/dof 8.400e-02 applied 1.00 reseeds 3641
step 5999 loss 1.93287e-03 |g| 1.08e-01 NIS/dof 1.015e-01 applied 1.00 reseeds 3645
== validating on held-out ==
  flat/seed28: baseline={'vel_rmse': 0.05433216467705643, 'vel_nees': 4.018834230032486, 'vel_nees_tangent': 5.1929049630828885, 'vel_nees_x': 0.06852178316911453, 'vel_nees_y': 0.07952276025940708, 'vel_nees_z': 2.0026284594792942, 'nis_over_dof': 0.009548450264932272, 'applied': 0.9999999999999999}  learned={'vel_rmse': 0.04607694049320169, 'vel_nees': 2.357752643640727, 'vel_nees_tangent': 3.354889402359013, 'vel_nees_x': 0.05122155133508938, 'vel_nees_y': 0.10147043550605563, 'vel_nees_z': 1.1365154390005503, 'nis_over_dof': 0.11025328511693318, 'applied': 0.9999999999999999}
  hard_stepping/seed27: baseline={'vel_rmse': 0.06187650061770991, 'vel_nees': 4.711327474805313, 'vel_nees_tangent': 6.580368070805534, 'vel_nees_x': 0.05812809337362369, 'vel_nees_y': 0.0729879833618364, 'vel_nees_z': 2.8943479714532976, 'nis_over_dof': 0.01410993022969396, 'applied': 0.9999999999999999}  learned={'vel_rmse': 0.05951108095313231, 'vel_nees': 3.9297747356596946, 'vel_nees_tangent': 5.864096727956039, 'vel_nees_x': 0.09184412380194419, 'vel_nees_y': 0.06976528652974878, 'vel_nees_z': 2.4202111953776364, 'nis_over_dof': 0.1347680582925381, 'applied': 0.9999999999999999}
  stepping_stones/seed22: baseline={'vel_rmse': 0.055025895448856624, 'vel_nees': 3.7890936356001315, 'vel_nees_tangent': 5.228076278420707, 'vel_nees_x': 0.07037878887187432, 'vel_nees_y': 0.05307722958946937, 'vel_nees_z': 2.2608209856941257, 'nis_over_dof': 0.010696378873690517, 'applied': 0.9999999999999999}  learned={'vel_rmse': 0.04625102472387094, 'vel_nees': 2.2724747184131866, 'vel_nees_tangent': 4.0463748098790004, 'vel_nees_x': 0.07217095677025356, 'vel_nees_y': 0.04572167237301733, 'vel_nees_z': 1.344511317936982, 'nis_over_dof': 0.10441519057477516, 'applied': 0.9999999999999999}
  waves/seed25: baseline={'vel_rmse': 0.054292663818721554, 'vel_nees': 3.876504358641411, 'vel_nees_tangent': 5.2632724850994625, 'vel_nees_x': 0.05643882781574348, 'vel_nees_y': 0.044149434324231907, 'vel_nees_z': 2.1693166714603174, 'nis_over_dof': 0.009545846302648603, 'applied': 0.9999999999999999}  learned={'vel_rmse': 0.04175572674885011, 'vel_nees': 2.1240709274778866, 'vel_nees_tangent': 3.026502990153927, 'vel_nees_x': 0.027731293821898782, 'vel_nees_y': 0.03256423883643121, 'vel_nees_z': 1.2901019081872251, 'nis_over_dof': 0.10372444983722708, 'applied': 0.9999999999999999}
== summary ==
{
  "run": {
    "dir": "L256_B_l2velpos",
    "started_at": "2026-08-09T07:20:55",
    "tag": null,
    "args": {
      "collect": false,
      "train_seeds": [
        0,
        1,
        2,
        3
      ],
      "val_seeds": [
        4,
        5,
        6,
        7
      ],
      "seconds": 45.0,
      "steps": 6000,
      "warmup_steps": 100,
      "time_budget_s": 86400.0,
      "tag": null,
      "out_dir": "results/l_ablation/L256_B_l2velpos",
      "contacts_per_foot": 4,
      "objective": "l2_vel_pos",
      "w_pos": null,
      "w_ori": null,
      "pose_weight_ratio": null,
      "L": 256,
      "remat": false,
      "contact_meas_var": 0.0001,
      "pool": "n8fix"
    }
  },
  "n_train": 21,
  "n_val": 4,
  "steps_run": 6000,
  "final_reseeds": 3645,
  "floored": [],
  "cfg": {
    "F": 30,
    "d_in": 600,
    "H": 20,
    "window_span_s": 0.019,
    "L": 256,
    "B": 32,
    "objective": "l2_vel_pos",
    "remat": false,
    "contact_meas_var": 0.0001,
    "w_pos": 4.077909169097432,
    "w_ori": 0.0,
    "pose_weight_ratio": 0.5,
    "episode_s": 43.0,
    "warm_in_s": 1.0,
    "peak_lr": 0.0001,
    "init_seed": 0,
    "batcher_seed": 0,
    "cmd_ranges": {
      "vx": [
        0.3,
        0.9
      ],
      "vy": [
        0.25,
        0.5
      ],
      "yaw": [
        0.3,
        1.5
      ]
    }
  },
  "wall_s": 7586.8306176662445,
  "val": [
    {
      "mode": "flat/seed28",
      "rollout": "flat/seed28",
      "baseline": {
        "vel_rmse": 0.05433216467705643,
        "vel_nees": 4.018834230032486,
        "vel_nees_tangent": 5.1929049630828885,
        "vel_nees_x": 0.06852178316911453,
        "vel_nees_y": 0.07952276025940708,
        "vel_nees_z": 2.0026284594792942,
        "nis_over_dof": 0.009548450264932272,
        "applied": 0.9999999999999999
      },
      "learned": {
        "vel_rmse": 0.04607694049320169,
        "vel_nees": 2.357752643640727,
        "vel_nees_tangent": 3.354889402359013,
        "vel_nees_x": 0.05122155133508938,
        "vel_nees_y": 0.10147043550605563,
        "vel_nees_z": 1.1365154390005503,
        "nis_over_dof": 0.11025328511693318,
        "applied": 0.9999999999999999
      }
    },
    {
      "mode": "hard_stepping/seed27",
      "rollout": "hard_stepping/seed27",
      "baseline": {
        "vel_rmse": 0.06187650061770991,
        "vel_nees": 4.711327474805313,
        "vel_nees_tangent": 6.580368070805534,
        "vel_nees_x": 0.05812809337362369,
        "vel_nees_y": 0.0729879833618364,
        "vel_nees_z": 2.8943479714532976,
        "nis_over_dof": 0.01410993022969396,
        "applied": 0.9999999999999999
      },
      "learned": {
        "vel_rmse": 0.05951108095313231,
        "vel_nees": 3.9297747356596946,
        "vel_nees_tangent": 5.864096727956039,
        "vel_nees_x": 0.09184412380194419,
        "vel_nees_y": 0.06976528652974878,
        "vel_nees_z": 2.4202111953776364,
        "nis_over_dof": 0.1347680582925381,
        "applied": 0.9999999999999999
      }
    },
    {
      "mode": "stepping_stones/seed22",
      "rollout": "stepping_stones/seed22",
      "baseline": {
        "vel_rmse": 0.055025895448856624,
        "vel_nees": 3.7890936356001315,
        "vel_nees_tangent": 5.228076278420707,
        "vel_nees_x": 0.07037878887187432,
        "vel_nees_y": 0.05307722958946937,
        "vel_nees_z": 2.2608209856941257,
        "nis_over_dof": 0.010696378873690517,
        "applied": 0.9999999999999999
      },
      "learned": {
        "vel_rmse": 0.04625102472387094,
        "vel_nees": 2.2724747184131866,
        "vel_nees_tangent": 4.0463748098790004,
        "vel_nees_x": 0.07217095677025356,
        "vel_nees_y": 0.04572167237301733,
        "vel_nees_z": 1.344511317936982,
        "nis_over_dof": 0.10441519057477516,
        "applied": 0.9999999999999999
      }
    },
    {
      "mode": "waves/seed25",
      "rollout": "waves/seed25",
      "baseline": {
        "vel_rmse": 0.054292663818721554,
        "vel_nees": 3.876504358641411,
        "vel_nees_tangent": 5.2632724850994625,
        "vel_nees_x": 0.05643882781574348,
        "vel_nees_y": 0.044149434324231907,
        "vel_nees_z": 2.1693166714603174,
        "nis_over_dof": 0.009545846302648603,
        "applied": 0.9999999999999999
      },
      "learned": {
        "vel_rmse": 0.04175572674885011,
        "vel_nees": 2.1240709274778866,
        "vel_nees_tangent": 3.026502990153927,
        "vel_nees_x": 0.027731293821898782,
        "vel_nees_y": 0.03256423883643121,
        "vel_nees_z": 1.2901019081872251,
        "nis_over_dof": 0.10372444983722708,
        "applied": 0.9999999999999999
      }
    }
  ],
  "loss_first": 0.8252782792114943,
  "loss_last": 0.0019328747806287136
}
  plots -> /home/llibshutz/alex/invariant-estimation/results/l_ablation/L256_B_l2velpos/training.png, /home/llibshutz/alex/invariant-estimation/results/l_ablation/L256_B_l2velpos/validation.png
[2026-08-09 09:27:25] --- cell L=256 B_l2velpos complete: 6000 steps ---
[2026-08-09 09:27:25] --- cell L=256 C_l2velori (l2_vel_ori) -> results/l_ablation/L256_C_l2velori ---
Failed to import warp: No module named 'warp'
Failed to import mujoco_warp: No module named 'warp'
== run directory: /home/llibshutz/alex/invariant-estimation/results/l_ablation/L256_C_l2velori ==
collector: 9 filtered joints, 8 IMUs, 8 contacts, 4 off-path joints, dt=0.001 (1000 Hz)  [built in 0.9s]
pool 'n8fix': 25 rollouts over {'flat': 8, 'hard_stepping': 7, 'stepping_stones': 4, 'waves': 6}
train rollouts: ['flat_n8fix_seed000.npz', 'flat_n8fix_seed004.npz', 'flat_n8fix_seed008.npz', 'flat_n8fix_seed012.npz', 'flat_n8fix_seed016.npz', 'flat_n8fix_seed020.npz', 'flat_n8fix_seed024.npz', 'hard_stepping_n8fix_seed003.npz', 'hard_stepping_n8fix_seed007.npz', 'hard_stepping_n8fix_seed011.npz', 'hard_stepping_n8fix_seed015.npz', 'hard_stepping_n8fix_seed019.npz', 'hard_stepping_n8fix_seed023.npz', 'stepping_stones_n8fix_seed006.npz', 'stepping_stones_n8fix_seed014.npz', 'stepping_stones_n8fix_seed018.npz', 'waves_n8fix_seed001.npz', 'waves_n8fix_seed005.npz', 'waves_n8fix_seed009.npz', 'waves_n8fix_seed017.npz', 'waves_n8fix_seed021.npz']
val rollouts:   ['flat_n8fix_seed028.npz', 'hard_stepping_n8fix_seed027.npz', 'stepping_stones_n8fix_seed022.npz', 'waves_n8fix_seed025.npz']
== building channel caches ==
  reused flat_n8fix_seed000_feat.npz (cache newer than rollout, channels match)
  reused flat_n8fix_seed004_feat.npz (cache newer than rollout, channels match)
  reused flat_n8fix_seed008_feat.npz (cache newer than rollout, channels match)
  reused flat_n8fix_seed012_feat.npz (cache newer than rollout, channels match)
  reused flat_n8fix_seed016_feat.npz (cache newer than rollout, channels match)
  reused flat_n8fix_seed020_feat.npz (cache newer than rollout, channels match)
  reused flat_n8fix_seed024_feat.npz (cache newer than rollout, channels match)
  reused hard_stepping_n8fix_seed003_feat.npz (cache newer than rollout, channels match)
  reused hard_stepping_n8fix_seed007_feat.npz (cache newer than rollout, channels match)
  reused hard_stepping_n8fix_seed011_feat.npz (cache newer than rollout, channels match)
  reused hard_stepping_n8fix_seed015_feat.npz (cache newer than rollout, channels match)
  reused hard_stepping_n8fix_seed019_feat.npz (cache newer than rollout, channels match)
  reused hard_stepping_n8fix_seed023_feat.npz (cache newer than rollout, channels match)
  reused stepping_stones_n8fix_seed006_feat.npz (cache newer than rollout, channels match)
  reused stepping_stones_n8fix_seed014_feat.npz (cache newer than rollout, channels match)
  reused stepping_stones_n8fix_seed018_feat.npz (cache newer than rollout, channels match)
  reused waves_n8fix_seed001_feat.npz (cache newer than rollout, channels match)
  reused waves_n8fix_seed005_feat.npz (cache newer than rollout, channels match)
  reused waves_n8fix_seed009_feat.npz (cache newer than rollout, channels match)
  reused waves_n8fix_seed017_feat.npz (cache newer than rollout, channels match)
  reused waves_n8fix_seed021_feat.npz (cache newer than rollout, channels match)
  reused flat_n8fix_seed028_feat.npz (cache newer than rollout, channels match)
  reused hard_stepping_n8fix_seed027_feat.npz (cache newer than rollout, channels match)
  reused stepping_stones_n8fix_seed022_feat.npz (cache newer than rollout, channels match)
  reused waves_n8fix_seed025_feat.npz (cache newer than rollout, channels match)
== fitting normalization (train, walking set) ==
  floored channels: []
  cfg: F=30 d_in=600 H=20 (window 19 ms, consecutive ticks) L=256 B=32 objective=l2_vel_ori episode_s=43.0
== preparing rollouts ==
  prepared flat/seed0: T=44000, starts=[16019, 43744] (27726 legal)
  prepared flat/seed4: T=44000, starts=[16019, 43744] (27726 legal)
  prepared flat/seed8: T=44000, starts=[16019, 43744] (27726 legal)
  prepared flat/seed12: T=44000, starts=[16019, 43744] (27726 legal)
  prepared flat/seed16: T=44000, starts=[16019, 43744] (27726 legal)
  prepared flat/seed20: T=44000, starts=[16019, 43744] (27726 legal)
  prepared flat/seed24: T=44000, starts=[16019, 43744] (27726 legal)
  prepared hard_stepping/seed3: T=44000, starts=[16019, 43744] (27726 legal)
  prepared hard_stepping/seed7: T=44000, starts=[16019, 43744] (27726 legal)
  prepared hard_stepping/seed11: T=44000, starts=[16019, 43744] (27726 legal)
  prepared hard_stepping/seed15: T=44000, starts=[16019, 43744] (27726 legal)
  prepared hard_stepping/seed19: T=44000, starts=[16019, 43744] (27726 legal)
  prepared hard_stepping/seed23: T=44000, starts=[16019, 43744] (27726 legal)
  prepared stepping_stones/seed6: T=44000, starts=[16019, 43744] (27726 legal)
  prepared stepping_stones/seed14: T=44000, starts=[16019, 43744] (27726 legal)
  prepared stepping_stones/seed18: T=44000, starts=[16019, 43744] (27726 legal)
  prepared waves/seed1: T=44000, starts=[16019, 43744] (27726 legal)
  prepared waves/seed5: T=44000, starts=[16019, 43744] (27726 legal)
  prepared waves/seed9: T=44000, starts=[16019, 43744] (27726 legal)
  prepared waves/seed17: T=44000, starts=[16019, 43744] (27726 legal)
  prepared waves/seed21: T=44000, starts=[16019, 43744] (27726 legal)
  prepared flat/seed28: T=44000, starts=[16019, 43744] (27726 legal)
  prepared hard_stepping/seed27: T=44000, starts=[16019, 43744] (27726 legal)
  prepared stepping_stones/seed22: T=44000, starts=[16019, 43744] (27726 legal)
  prepared waves/seed25: T=44000, starts=[16019, 43744] (27726 legal)
== re-flooring contact measurement noise: pool collected at 0, training at 0.0001 (delta +0.0001 on diag(sigma_q)) ==
== measuring P0 ==
  P0 from flat/seed0 ticks [16019, 19019): diag(R)=[6.64983805e-05 6.89037297e-05 1.00027989e+00], diag(v)=[0.00079118 0.00077245 0.00018433], diag(p)=[0.12287249 0.12097755 0.12140872], diag(d)=[0.12287031 0.12097683 0.12141024 0.12286839 0.12097627 0.1214101
 0.1228721  0.12098173 0.12140916 0.12287092 0.12098141 0.12140908
 0.12291139 0.12104048 0.12144945 0.12291014 0.12104344 0.12144625
 0.12293942 0.12105974 0.12142006 0.12287423 0.12097469 0.12141085], eig in [8.791e-08, 1.152e+00]
== building network + batcher ==
  pose-weight measurement (warm batch, init net): L_vel=5.502e-01 L_pos=6.746e-02 L_ori=3.261e-02
  pose weights (frozen): w_pos=0.0000e+00 w_ori=8.4354e+00 (ratio=0.5, objective=l2_vel_ori)
== training ==
step    0 loss 8.25278e-01 |g| 3.01e+00 NIS/dof 1.026e+01 applied 1.00 reseeds 1
step   10 loss 2.06021e+00 |g| 1.07e+02 NIS/dof 1.349e+01 applied 1.00 reseeds 4
step   20 loss 1.75476e+00 |g| 8.61e+01 NIS/dof 9.621e+00 applied 1.00 reseeds 5
step   30 loss 1.16229e+00 |g| 1.15e+01 NIS/dof 7.124e+00 applied 1.00 reseeds 16
step   40 loss 1.42306e+00 |g| 1.17e+01 NIS/dof 8.612e+00 applied 1.00 reseeds 21
step   50 loss 1.52581e+00 |g| 3.20e+01 NIS/dof 9.165e+00 applied 1.00 reseeds 26
step   60 loss 1.18353e+00 |g| 1.19e+01 NIS/dof 7.795e+00 applied 1.00 reseeds 29
step   70 loss 1.09653e+00 |g| 1.28e+01 NIS/dof 7.794e+00 applied 1.00 reseeds 34
step   80 loss 1.20606e+00 |g| 1.31e+01 NIS/dof 8.495e+00 applied 1.00 reseeds 38
step   90 loss 1.04054e+00 |g| 9.35e+00 NIS/dof 8.670e+00 applied 1.00 reseeds 44
step  100 loss 8.70243e-01 |g| 1.16e+01 NIS/dof 8.207e+00 applied 1.00 reseeds 57
step  110 loss 8.92650e-01 |g| 1.15e+01 NIS/dof 6.953e+00 applied 1.00 reseeds 67
step  120 loss 9.28103e-01 |g| 7.01e+00 NIS/dof 7.408e+00 applied 1.00 reseeds 79
step  130 loss 8.84193e-01 |g| 1.21e+01 NIS/dof 6.902e+00 applied 1.00 reseeds 85
step  140 loss 8.18982e-01 |g| 1.03e+01 NIS/dof 6.864e+00 applied 1.00 reseeds 91
step  150 loss 1.18226e+00 |g| 1.78e+01 NIS/dof 9.173e+00 applied 1.00 reseeds 96
step  160 loss 9.28949e-01 |g| 1.55e+01 NIS/dof 7.513e+00 applied 1.00 reseeds 97
step  170 loss 9.00532e-01 |g| 3.67e+01 NIS/dof 8.788e+00 applied 1.00 reseeds 102
step  180 loss 1.06865e+00 |g| 1.77e+01 NIS/dof 7.609e+00 applied 1.00 reseeds 110
step  190 loss 1.14871e+00 |g| 8.02e+00 NIS/dof 8.702e+00 applied 1.00 reseeds 115
step  200 loss 1.01597e+00 |g| 1.21e+01 NIS/dof 9.814e+00 applied 1.00 reseeds 125
step  210 loss 1.14157e+00 |g| 1.88e+01 NIS/dof 1.142e+01 applied 1.00 reseeds 136
step  220 loss 1.00623e+00 |g| 1.37e+01 NIS/dof 8.724e+00 applied 1.00 reseeds 143
step  230 loss 9.40821e-01 |g| 9.17e+00 NIS/dof 8.415e+00 applied 1.00 reseeds 148
step  240 loss 8.57185e-01 |g| 1.30e+01 NIS/dof 8.280e+00 applied 1.00 reseeds 152
step  250 loss 8.26150e-01 |g| 1.04e+01 NIS/dof 7.672e+00 applied 1.00 reseeds 159
step  260 loss 1.04713e+00 |g| 1.43e+01 NIS/dof 7.751e+00 applied 1.00 reseeds 162
step  270 loss 7.23832e-01 |g| 9.89e+00 NIS/dof 6.708e+00 applied 1.00 reseeds 170
step  280 loss 8.81299e-01 |g| 1.05e+01 NIS/dof 7.298e+00 applied 1.00 reseeds 177
step  290 loss 7.92284e-01 |g| 1.46e+01 NIS/dof 7.809e+00 applied 1.00 reseeds 187
step  300 loss 8.67699e-01 |g| 2.69e+01 NIS/dof 7.596e+00 applied 1.00 reseeds 192
step  310 loss 9.08959e-01 |g| 1.87e+01 NIS/dof 7.611e+00 applied 1.00 reseeds 196
step  320 loss 7.37981e-01 |g| 2.90e+01 NIS/dof 7.005e+00 applied 1.00 reseeds 202
step  330 loss 5.62017e-01 |g| 3.02e+01 NIS/dof 6.954e+00 applied 1.00 reseeds 210
step  340 loss 4.39235e-01 |g| 2.85e+01 NIS/dof 6.037e+00 applied 1.00 reseeds 218
step  350 loss 5.69635e-01 |g| 3.23e+01 NIS/dof 6.660e+00 applied 1.00 reseeds 222
step  360 loss 4.36231e-01 |g| 1.28e+01 NIS/dof 5.370e+00 applied 1.00 reseeds 233
step  370 loss 3.69779e-01 |g| 1.55e+01 NIS/dof 4.398e+00 applied 1.00 reseeds 239
step  380 loss 2.07150e-01 |g| 9.10e+00 NIS/dof 2.790e+00 applied 1.00 reseeds 247
step  390 loss 1.60990e-01 |g| 2.09e+01 NIS/dof 2.803e+00 applied 1.00 reseeds 254
step  400 loss 8.91520e-02 |g| 3.86e+00 NIS/dof 1.924e+00 applied 1.00 reseeds 260
step  410 loss 5.74368e-02 |g| 2.20e+00 NIS/dof 1.597e+00 applied 1.00 reseeds 266
step  420 loss 4.05063e-02 |g| 1.76e+00 NIS/dof 1.308e+00 applied 1.00 reseeds 275
step  430 loss 3.33822e-02 |g| 3.68e+00 NIS/dof 1.434e+00 applied 1.00 reseeds 278
step  440 loss 2.99222e-02 |g| 2.98e+00 NIS/dof 9.861e-01 applied 1.00 reseeds 289
step  450 loss 2.94125e-02 |g| 1.30e+00 NIS/dof 1.161e+00 applied 1.00 reseeds 293
step  460 loss 2.77842e-02 |g| 9.89e-01 NIS/dof 1.047e+00 applied 1.00 reseeds 297
step  470 loss 2.87480e-02 |g| 4.32e+00 NIS/dof 9.773e-01 applied 1.00 reseeds 306
step  480 loss 2.24344e-02 |g| 2.84e+00 NIS/dof 8.943e-01 applied 1.00 reseeds 309
step  490 loss 2.07339e-02 |g| 7.87e-01 NIS/dof 8.768e-01 applied 1.00 reseeds 314
step  500 loss 2.21352e-02 |g| 3.14e+00 NIS/dof 6.870e-01 applied 1.00 reseeds 323
step  510 loss 2.02797e-02 |g| 1.01e+00 NIS/dof 6.684e-01 applied 1.00 reseeds 329
step  520 loss 1.80767e-02 |g| 1.86e+00 NIS/dof 6.710e-01 applied 1.00 reseeds 334
step  530 loss 1.44566e-02 |g| 9.99e-01 NIS/dof 5.412e-01 applied 1.00 reseeds 338
step  540 loss 2.03293e-02 |g| 1.54e+00 NIS/dof 5.942e-01 applied 1.00 reseeds 343
step  550 loss 1.28851e-02 |g| 7.67e-01 NIS/dof 4.549e-01 applied 1.00 reseeds 350
step  560 loss 1.45513e-02 |g| 1.09e+00 NIS/dof 5.341e-01 applied 1.00 reseeds 357
step  570 loss 1.76575e-02 |g| 1.46e+00 NIS/dof 5.286e-01 applied 1.00 reseeds 367
step  580 loss 1.30857e-02 |g| 1.72e+00 NIS/dof 4.799e-01 applied 1.00 reseeds 375
step  590 loss 1.03197e-02 |g| 5.95e-01 NIS/dof 3.637e-01 applied 1.00 reseeds 381
step  600 loss 9.12386e-03 |g| 6.49e-01 NIS/dof 3.640e-01 applied 1.00 reseeds 386
step  610 loss 1.10748e-02 |g| 1.13e+00 NIS/dof 3.757e-01 applied 1.00 reseeds 390
step  620 loss 9.43592e-03 |g| 6.42e-01 NIS/dof 3.553e-01 applied 1.00 reseeds 398
step  630 loss 8.23099e-03 |g| 3.63e-01 NIS/dof 3.300e-01 applied 1.00 reseeds 405
step  640 loss 1.18670e-02 |g| 5.03e-01 NIS/dof 3.779e-01 applied 1.00 reseeds 411
step  650 loss 7.89173e-03 |g| 5.94e-01 NIS/dof 2.720e-01 applied 1.00 reseeds 419
step  660 loss 1.56738e-02 |g| 4.31e-01 NIS/dof 3.307e-01 applied 1.00 reseeds 429
step  670 loss 7.10930e-03 |g| 4.30e-01 NIS/dof 2.579e-01 applied 1.00 reseeds 433
step  680 loss 1.06209e-02 |g| 7.95e-01 NIS/dof 3.288e-01 applied 1.00 reseeds 438
step  690 loss 7.28670e-03 |g| 4.30e-01 NIS/dof 2.395e-01 applied 1.00 reseeds 444
step  700 loss 7.44453e-03 |g| 3.59e-01 NIS/dof 2.159e-01 applied 1.00 reseeds 447
step  710 loss 5.76209e-03 |g| 3.15e-01 NIS/dof 1.948e-01 applied 1.00 reseeds 452
step  720 loss 5.12836e-03 |g| 1.35e-01 NIS/dof 1.833e-01 applied 1.00 reseeds 456
step  730 loss 7.81524e-03 |g| 5.97e-01 NIS/dof 2.035e-01 applied 1.00 reseeds 467
step  740 loss 6.36894e-03 |g| 5.28e-01 NIS/dof 2.317e-01 applied 1.00 reseeds 477
step  750 loss 6.18428e-03 |g| 2.82e-01 NIS/dof 2.048e-01 applied 1.00 reseeds 487
step  760 loss 1.35151e-02 |g| 2.09e+00 NIS/dof 2.240e-01 applied 1.00 reseeds 490
step  770 loss 6.10827e-03 |g| 3.61e-01 NIS/dof 2.232e-01 applied 1.00 reseeds 498
step  780 loss 4.45409e-03 |g| 2.23e-01 NIS/dof 1.787e-01 applied 1.00 reseeds 502
step  790 loss 8.69142e-03 |g| 3.44e-01 NIS/dof 2.043e-01 applied 1.00 reseeds 507
step  800 loss 5.38172e-03 |g| 2.81e-01 NIS/dof 2.483e-01 applied 1.00 reseeds 512
step  810 loss 4.59721e-03 |g| 3.06e-01 NIS/dof 1.568e-01 applied 1.00 reseeds 519
step  820 loss 5.36058e-03 |g| 3.23e-01 NIS/dof 1.672e-01 applied 1.00 reseeds 524
step  830 loss 5.62210e-03 |g| 2.07e-01 NIS/dof 2.136e-01 applied 1.00 reseeds 530
step  840 loss 6.47851e-03 |g| 2.50e-01 NIS/dof 1.474e-01 applied 1.00 reseeds 537
step  850 loss 6.28301e-03 |g| 5.69e-01 NIS/dof 1.834e-01 applied 1.00 reseeds 543
step  860 loss 4.43670e-03 |g| 3.22e-01 NIS/dof 1.975e-01 applied 1.00 reseeds 547
step  870 loss 4.91903e-03 |g| 4.34e-01 NIS/dof 2.045e-01 applied 1.00 reseeds 553
step  880 loss 4.24852e-03 |g| 4.24e-01 NIS/dof 1.636e-01 applied 1.00 reseeds 557
step  890 loss 3.96790e-03 |g| 2.42e-01 NIS/dof 1.729e-01 applied 1.00 reseeds 564
step  900 loss 4.35764e-03 |g| 1.29e-01 NIS/dof 1.832e-01 applied 1.00 reseeds 572
step  910 loss 4.90539e-03 |g| 3.41e-01 NIS/dof 1.764e-01 applied 1.00 reseeds 578
step  920 loss 4.26110e-03 |g| 2.34e-01 NIS/dof 1.611e-01 applied 1.00 reseeds 584
step  930 loss 6.24242e-03 |g| 2.34e-01 NIS/dof 1.999e-01 applied 1.00 reseeds 589
step  940 loss 4.91341e-03 |g| 3.12e-01 NIS/dof 2.023e-01 applied 1.00 reseeds 596
step  950 loss 4.19818e-03 |g| 1.94e-01 NIS/dof 1.563e-01 applied 1.00 reseeds 601
step  960 loss 4.03679e-03 |g| 2.05e-01 NIS/dof 1.460e-01 applied 1.00 reseeds 607
step  970 loss 5.09667e-03 |g| 3.13e-01 NIS/dof 1.289e-01 applied 1.00 reseeds 610
step  980 loss 3.82641e-03 |g| 1.13e-01 NIS/dof 1.507e-01 applied 1.00 reseeds 619
step  990 loss 5.01781e-03 |g| 1.31e-01 NIS/dof 1.568e-01 applied 1.00 reseeds 625
step 1000 loss 6.77023e-03 |g| 2.55e-01 NIS/dof 1.720e-01 applied 1.00 reseeds 632
step 1010 loss 3.75644e-03 |g| 1.94e-01 NIS/dof 1.555e-01 applied 1.00 reseeds 636
step 1020 loss 3.93568e-03 |g| 1.29e-01 NIS/dof 1.143e-01 applied 1.00 reseeds 641
step 1030 loss 3.27512e-03 |g| 1.89e-01 NIS/dof 1.270e-01 applied 1.00 reseeds 645
step 1040 loss 3.40565e-03 |g| 1.35e-01 NIS/dof 1.525e-01 applied 1.00 reseeds 650
step 1050 loss 3.84497e-03 |g| 1.27e-01 NIS/dof 1.415e-01 applied 1.00 reseeds 660
step 1060 loss 3.22406e-03 |g| 1.79e-01 NIS/dof 1.185e-01 applied 1.00 reseeds 664
step 1070 loss 4.30090e-03 |g| 3.43e-01 NIS/dof 1.276e-01 applied 1.00 reseeds 671
step 1080 loss 5.46419e-03 |g| 2.49e-01 NIS/dof 1.768e-01 applied 1.00 reseeds 680
step 1090 loss 3.21439e-03 |g| 3.00e-01 NIS/dof 1.239e-01 applied 1.00 reseeds 683
step 1100 loss 3.54443e-03 |g| 1.49e-01 NIS/dof 1.248e-01 applied 1.00 reseeds 693
step 1110 loss 3.88650e-03 |g| 1.59e-01 NIS/dof 1.557e-01 applied 1.00 reseeds 700
step 1120 loss 4.77465e-03 |g| 3.24e-01 NIS/dof 1.742e-01 applied 1.00 reseeds 708
step 1130 loss 3.70547e-03 |g| 2.14e-01 NIS/dof 1.463e-01 applied 1.00 reseeds 713
step 1140 loss 3.32594e-03 |g| 1.27e-01 NIS/dof 1.432e-01 applied 1.00 reseeds 721
step 1150 loss 3.88102e-03 |g| 1.98e-01 NIS/dof 1.304e-01 applied 1.00 reseeds 729
step 1160 loss 3.52442e-03 |g| 3.79e-01 NIS/dof 1.063e-01 applied 1.00 reseeds 734
step 1170 loss 4.19079e-03 |g| 2.24e-01 NIS/dof 1.439e-01 applied 1.00 reseeds 740
step 1180 loss 3.55251e-03 |g| 1.96e-01 NIS/dof 1.446e-01 applied 1.00 reseeds 745
step 1190 loss 2.88469e-03 |g| 1.63e-01 NIS/dof 1.375e-01 applied 1.00 reseeds 751
step 1200 loss 4.44230e-03 |g| 1.24e-01 NIS/dof 1.528e-01 applied 1.00 reseeds 754
step 1210 loss 3.39620e-03 |g| 3.20e-01 NIS/dof 1.234e-01 applied 1.00 reseeds 760
step 1220 loss 3.85073e-03 |g| 1.99e-01 NIS/dof 1.301e-01 applied 1.00 reseeds 765
step 1230 loss 3.83512e-03 |g| 2.60e-01 NIS/dof 1.492e-01 applied 1.00 reseeds 770
step 1240 loss 3.04079e-03 |g| 1.38e-01 NIS/dof 1.098e-01 applied 1.00 reseeds 777
step 1250 loss 3.68546e-03 |g| 1.50e-01 NIS/dof 1.380e-01 applied 1.00 reseeds 785
step 1260 loss 5.81914e-03 |g| 3.30e-01 NIS/dof 1.444e-01 applied 1.00 reseeds 793
step 1270 loss 3.98436e-03 |g| 1.26e-01 NIS/dof 1.146e-01 applied 1.00 reseeds 796
step 1280 loss 2.89504e-03 |g| 8.47e-02 NIS/dof 1.115e-01 applied 1.00 reseeds 803
step 1290 loss 2.37880e-03 |g| 1.18e-01 NIS/dof 8.865e-02 applied 1.00 reseeds 806
step 1300 loss 3.48114e-03 |g| 1.43e-01 NIS/dof 1.105e-01 applied 1.00 reseeds 813
step 1310 loss 2.82492e-03 |g| 6.74e-02 NIS/dof 1.139e-01 applied 1.00 reseeds 821
step 1320 loss 2.58148e-03 |g| 1.85e-01 NIS/dof 1.210e-01 applied 1.00 reseeds 826
step 1330 loss 3.44466e-03 |g| 1.05e-01 NIS/dof 1.168e-01 applied 1.00 reseeds 832
step 1340 loss 2.97687e-03 |g| 1.70e-01 NIS/dof 1.337e-01 applied 1.00 reseeds 841
step 1350 loss 3.22674e-03 |g| 9.90e-02 NIS/dof 1.564e-01 applied 1.00 reseeds 845
step 1360 loss 3.81562e-03 |g| 1.06e-01 NIS/dof 1.370e-01 applied 1.00 reseeds 854
step 1370 loss 3.88905e-03 |g| 1.92e-01 NIS/dof 1.498e-01 applied 1.00 reseeds 861
step 1380 loss 3.22979e-03 |g| 1.75e-01 NIS/dof 1.183e-01 applied 1.00 reseeds 869
step 1390 loss 3.44337e-03 |g| 1.55e-01 NIS/dof 1.200e-01 applied 1.00 reseeds 876
step 1400 loss 4.37434e-03 |g| 1.87e-01 NIS/dof 1.481e-01 applied 1.00 reseeds 882
step 1410 loss 3.03182e-03 |g| 9.92e-02 NIS/dof 1.184e-01 applied 1.00 reseeds 888
step 1420 loss 3.51501e-03 |g| 1.84e-01 NIS/dof 1.304e-01 applied 1.00 reseeds 893
step 1430 loss 4.06034e-03 |g| 5.77e-01 NIS/dof 1.217e-01 applied 1.00 reseeds 896
step 1440 loss 2.60052e-03 |g| 1.14e-01 NIS/dof 1.257e-01 applied 1.00 reseeds 903
step 1450 loss 2.56351e-03 |g| 3.09e-01 NIS/dof 1.013e-01 applied 1.00 reseeds 912
step 1460 loss 2.29868e-03 |g| 2.68e-01 NIS/dof 1.001e-01 applied 1.00 reseeds 918
step 1470 loss 3.49441e-03 |g| 1.91e-01 NIS/dof 1.356e-01 applied 1.00 reseeds 921
step 1480 loss 2.62951e-03 |g| 1.10e-01 NIS/dof 1.094e-01 applied 1.00 reseeds 930
step 1490 loss 3.50005e-03 |g| 1.88e-01 NIS/dof 1.067e-01 applied 1.00 reseeds 936
step 1500 loss 3.17406e-03 |g| 9.37e-02 NIS/dof 1.039e-01 applied 1.00 reseeds 946
step 1510 loss 2.71412e-03 |g| 1.65e-01 NIS/dof 1.022e-01 applied 1.00 reseeds 951
step 1520 loss 2.33908e-03 |g| 1.02e-01 NIS/dof 1.152e-01 applied 1.00 reseeds 960
step 1530 loss 2.84829e-03 |g| 1.04e-01 NIS/dof 1.169e-01 applied 1.00 reseeds 962
step 1540 loss 3.32039e-03 |g| 9.14e-02 NIS/dof 1.274e-01 applied 1.00 reseeds 968
step 1550 loss 4.55828e-03 |g| 1.57e-01 NIS/dof 1.156e-01 applied 1.00 reseeds 976
step 1560 loss 3.49868e-03 |g| 1.19e-01 NIS/dof 1.245e-01 applied 1.00 reseeds 979
step 1570 loss 2.56589e-03 |g| 1.06e-01 NIS/dof 1.100e-01 applied 1.00 reseeds 984
step 1580 loss 2.78755e-03 |g| 7.75e-02 NIS/dof 1.109e-01 applied 1.00 reseeds 989
step 1590 loss 2.98615e-03 |g| 2.27e-01 NIS/dof 1.009e-01 applied 1.00 reseeds 992
step 1600 loss 2.52977e-03 |g| 9.75e-02 NIS/dof 1.095e-01 applied 1.00 reseeds 998
step 1610 loss 2.91974e-03 |g| 1.87e-01 NIS/dof 1.158e-01 applied 1.00 reseeds 1001
step 1620 loss 2.63238e-03 |g| 1.76e-01 NIS/dof 9.953e-02 applied 1.00 reseeds 1010
step 1630 loss 2.29615e-03 |g| 1.26e-01 NIS/dof 1.292e-01 applied 1.00 reseeds 1015
step 1640 loss 3.01071e-03 |g| 8.76e-02 NIS/dof 1.093e-01 applied 1.00 reseeds 1024
step 1650 loss 3.09245e-03 |g| 1.21e-01 NIS/dof 1.155e-01 applied 1.00 reseeds 1030
step 1660 loss 2.68444e-03 |g| 1.05e-01 NIS/dof 1.228e-01 applied 1.00 reseeds 1040
step 1670 loss 2.80679e-03 |g| 5.98e-02 NIS/dof 1.020e-01 applied 1.00 reseeds 1045
step 1680 loss 2.54586e-03 |g| 2.15e-01 NIS/dof 1.119e-01 applied 1.00 reseeds 1050
step 1690 loss 3.15111e-03 |g| 1.95e-01 NIS/dof 1.430e-01 applied 1.00 reseeds 1052
step 1700 loss 2.88177e-03 |g| 1.55e-01 NIS/dof 1.254e-01 applied 1.00 reseeds 1064
step 1710 loss 2.75855e-03 |g| 9.02e-02 NIS/dof 1.304e-01 applied 1.00 reseeds 1065
step 1720 loss 2.53266e-03 |g| 1.06e-01 NIS/dof 1.060e-01 applied 1.00 reseeds 1070
step 1730 loss 2.58284e-03 |g| 6.77e-02 NIS/dof 1.270e-01 applied 1.00 reseeds 1076
step 1740 loss 1.87218e-03 |g| 1.42e-01 NIS/dof 8.440e-02 applied 1.00 reseeds 1084
step 1750 loss 2.70398e-03 |g| 9.74e-02 NIS/dof 1.154e-01 applied 1.00 reseeds 1088
step 1760 loss 2.71565e-03 |g| 1.41e-01 NIS/dof 1.272e-01 applied 1.00 reseeds 1095
step 1770 loss 2.02216e-03 |g| 1.22e-01 NIS/dof 9.775e-02 applied 1.00 reseeds 1101
step 1780 loss 2.18283e-03 |g| 8.99e-02 NIS/dof 9.053e-02 applied 1.00 reseeds 1109
step 1790 loss 2.92863e-03 |g| 1.02e-01 NIS/dof 1.072e-01 applied 1.00 reseeds 1114
step 1800 loss 2.58228e-03 |g| 1.31e-01 NIS/dof 8.831e-02 applied 1.00 reseeds 1124
step 1810 loss 2.36684e-03 |g| 6.37e-02 NIS/dof 1.136e-01 applied 1.00 reseeds 1129
step 1820 loss 2.44605e-03 |g| 1.01e-01 NIS/dof 1.118e-01 applied 1.00 reseeds 1136
step 1830 loss 2.34863e-03 |g| 8.26e-02 NIS/dof 1.031e-01 applied 1.00 reseeds 1144
step 1840 loss 2.44108e-03 |g| 9.75e-02 NIS/dof 9.789e-02 applied 1.00 reseeds 1149
step 1850 loss 2.02825e-03 |g| 6.71e-02 NIS/dof 8.586e-02 applied 1.00 reseeds 1154
step 1860 loss 3.56367e-03 |g| 1.56e-01 NIS/dof 1.869e-01 applied 1.00 reseeds 1159
step 1870 loss 2.62450e-03 |g| 1.00e-01 NIS/dof 1.047e-01 applied 1.00 reseeds 1165
step 1880 loss 2.32443e-03 |g| 1.38e-01 NIS/dof 1.118e-01 applied 1.00 reseeds 1172
step 1890 loss 2.36330e-03 |g| 1.48e-01 NIS/dof 9.246e-02 applied 1.00 reseeds 1177
step 1900 loss 2.30837e-03 |g| 1.29e-01 NIS/dof 1.198e-01 applied 1.00 reseeds 1182
step 1910 loss 2.30929e-03 |g| 8.33e-02 NIS/dof 9.251e-02 applied 1.00 reseeds 1184
step 1920 loss 2.75509e-03 |g| 1.19e-01 NIS/dof 9.358e-02 applied 1.00 reseeds 1194
step 1930 loss 2.66807e-03 |g| 2.85e-01 NIS/dof 1.111e-01 applied 1.00 reseeds 1202
step 1940 loss 2.01702e-03 |g| 9.69e-02 NIS/dof 8.177e-02 applied 1.00 reseeds 1206
step 1950 loss 2.99162e-03 |g| 1.90e-01 NIS/dof 1.101e-01 applied 1.00 reseeds 1209
step 1960 loss 2.62306e-03 |g| 8.01e-02 NIS/dof 1.052e-01 applied 1.00 reseeds 1217
step 1970 loss 2.69711e-03 |g| 1.62e-01 NIS/dof 1.174e-01 applied 1.00 reseeds 1224
step 1980 loss 2.31870e-03 |g| 8.55e-02 NIS/dof 1.067e-01 applied 1.00 reseeds 1230
step 1990 loss 2.07825e-03 |g| 1.41e-01 NIS/dof 9.831e-02 applied 1.00 reseeds 1233
step 2000 loss 2.03478e-03 |g| 8.96e-02 NIS/dof 7.863e-02 applied 1.00 reseeds 1240
step 2010 loss 2.37271e-03 |g| 7.43e-02 NIS/dof 9.472e-02 applied 1.00 reseeds 1244
step 2020 loss 2.27328e-03 |g| 7.68e-02 NIS/dof 8.322e-02 applied 1.00 reseeds 1251
step 2030 loss 2.73301e-03 |g| 8.03e-02 NIS/dof 1.014e-01 applied 1.00 reseeds 1260
step 2040 loss 1.84821e-03 |g| 7.69e-02 NIS/dof 1.039e-01 applied 1.00 reseeds 1267
step 2050 loss 2.30763e-03 |g| 1.00e-01 NIS/dof 8.922e-02 applied 1.00 reseeds 1274
step 2060 loss 2.16448e-03 |g| 9.49e-02 NIS/dof 9.843e-02 applied 1.00 reseeds 1276
step 2070 loss 2.31369e-03 |g| 1.30e-01 NIS/dof 1.104e-01 applied 1.00 reseeds 1279
step 2080 loss 2.59906e-03 |g| 7.95e-02 NIS/dof 1.079e-01 applied 1.00 reseeds 1285
step 2090 loss 2.73219e-03 |g| 1.46e-01 NIS/dof 1.121e-01 applied 1.00 reseeds 1290
step 2100 loss 2.24088e-03 |g| 6.22e-02 NIS/dof 9.945e-02 applied 1.00 reseeds 1295
step 2110 loss 3.95932e-03 |g| 3.74e-01 NIS/dof 1.071e-01 applied 1.00 reseeds 1300
step 2120 loss 2.52114e-03 |g| 1.71e-01 NIS/dof 1.216e-01 applied 1.00 reseeds 1304
step 2130 loss 2.76495e-03 |g| 2.46e-01 NIS/dof 1.435e-01 applied 1.00 reseeds 1308
step 2140 loss 2.44626e-03 |g| 1.46e-01 NIS/dof 9.732e-02 applied 1.00 reseeds 1312
step 2150 loss 2.47922e-03 |g| 8.36e-02 NIS/dof 1.168e-01 applied 1.00 reseeds 1320
step 2160 loss 1.99116e-03 |g| 8.62e-02 NIS/dof 8.970e-02 applied 1.00 reseeds 1328
step 2170 loss 2.30885e-03 |g| 1.26e-01 NIS/dof 1.170e-01 applied 1.00 reseeds 1334
step 2180 loss 1.87067e-03 |g| 5.70e-02 NIS/dof 1.056e-01 applied 1.00 reseeds 1345
step 2190 loss 3.12974e-03 |g| 1.39e-01 NIS/dof 1.012e-01 applied 1.00 reseeds 1353
step 2200 loss 2.02751e-03 |g| 1.09e-01 NIS/dof 7.691e-02 applied 1.00 reseeds 1356
step 2210 loss 2.25938e-03 |g| 1.34e-01 NIS/dof 1.070e-01 applied 1.00 reseeds 1367
step 2220 loss 2.57832e-03 |g| 6.19e-02 NIS/dof 1.710e-01 applied 1.00 reseeds 1377
step 2230 loss 2.65711e-03 |g| 1.18e-01 NIS/dof 1.308e-01 applied 1.00 reseeds 1386
step 2240 loss 2.62077e-03 |g| 6.91e-02 NIS/dof 1.060e-01 applied 1.00 reseeds 1393
step 2250 loss 2.22729e-03 |g| 2.10e-01 NIS/dof 1.181e-01 applied 1.00 reseeds 1396
step 2260 loss 2.27553e-03 |g| 7.70e-02 NIS/dof 1.225e-01 applied 1.00 reseeds 1406
step 2270 loss 1.92951e-03 |g| 9.03e-02 NIS/dof 9.733e-02 applied 1.00 reseeds 1412
step 2280 loss 1.80771e-03 |g| 6.32e-02 NIS/dof 9.216e-02 applied 1.00 reseeds 1413
step 2290 loss 2.68875e-03 |g| 8.09e-02 NIS/dof 1.070e-01 applied 1.00 reseeds 1417
step 2300 loss 2.14886e-03 |g| 5.64e-02 NIS/dof 1.096e-01 applied 1.00 reseeds 1426
step 2310 loss 2.48283e-03 |g| 9.17e-02 NIS/dof 1.043e-01 applied 1.00 reseeds 1428
step 2320 loss 2.13940e-03 |g| 9.90e-02 NIS/dof 1.157e-01 applied 1.00 reseeds 1435
step 2330 loss 3.08910e-03 |g| 1.47e-01 NIS/dof 1.036e-01 applied 1.00 reseeds 1442
step 2340 loss 1.92237e-03 |g| 1.05e-01 NIS/dof 8.886e-02 applied 1.00 reseeds 1448
step 2350 loss 1.92943e-03 |g| 1.27e-01 NIS/dof 1.028e-01 applied 1.00 reseeds 1454
step 2360 loss 2.27969e-03 |g| 8.05e-02 NIS/dof 1.012e-01 applied 1.00 reseeds 1460
step 2370 loss 1.98523e-03 |g| 8.83e-02 NIS/dof 1.152e-01 applied 1.00 reseeds 1466
step 2380 loss 2.15958e-03 |g| 5.13e-02 NIS/dof 1.096e-01 applied 1.00 reseeds 1480
step 2390 loss 1.86072e-03 |g| 7.06e-02 NIS/dof 1.013e-01 applied 1.00 reseeds 1484
step 2400 loss 2.98298e-03 |g| 1.39e-01 NIS/dof 1.133e-01 applied 1.00 reseeds 1485
step 2410 loss 2.40940e-03 |g| 1.01e-01 NIS/dof 1.308e-01 applied 1.00 reseeds 1492
step 2420 loss 2.98619e-03 |g| 1.38e-01 NIS/dof 1.295e-01 applied 1.00 reseeds 1500
step 2430 loss 2.29560e-03 |g| 1.05e-01 NIS/dof 9.456e-02 applied 1.00 reseeds 1507
step 2440 loss 1.86128e-03 |g| 1.38e-01 NIS/dof 9.791e-02 applied 1.00 reseeds 1513
step 2450 loss 1.91873e-03 |g| 8.71e-02 NIS/dof 1.116e-01 applied 1.00 reseeds 1514
step 2460 loss 1.73363e-03 |g| 6.10e-02 NIS/dof 9.551e-02 applied 1.00 reseeds 1519
step 2470 loss 2.39584e-03 |g| 4.99e-02 NIS/dof 1.009e-01 applied 1.00 reseeds 1527
step 2480 loss 2.59592e-03 |g| 9.11e-02 NIS/dof 9.781e-02 applied 1.00 reseeds 1536
step 2490 loss 2.06848e-03 |g| 8.81e-02 NIS/dof 1.038e-01 applied 1.00 reseeds 1540
step 2500 loss 1.80521e-03 |g| 5.27e-02 NIS/dof 1.040e-01 applied 1.00 reseeds 1544
step 2510 loss 2.22028e-03 |g| 1.23e-01 NIS/dof 1.198e-01 applied 1.00 reseeds 1552
step 2520 loss 2.45390e-03 |g| 5.69e-02 NIS/dof 8.931e-02 applied 1.00 reseeds 1558
step 2530 loss 2.56989e-03 |g| 1.12e-01 NIS/dof 1.049e-01 applied 1.00 reseeds 1567
step 2540 loss 2.28515e-03 |g| 5.80e-02 NIS/dof 9.628e-02 applied 1.00 reseeds 1573
step 2550 loss 2.69441e-03 |g| 1.05e-01 NIS/dof 1.406e-01 applied 1.00 reseeds 1581
step 2560 loss 2.58783e-03 |g| 1.35e-01 NIS/dof 9.636e-02 applied 1.00 reseeds 1587
step 2570 loss 1.78608e-03 |g| 8.63e-02 NIS/dof 1.034e-01 applied 1.00 reseeds 1590
step 2580 loss 2.55567e-03 |g| 1.09e-01 NIS/dof 1.037e-01 applied 1.00 reseeds 1596
step 2590 loss 2.01091e-03 |g| 1.03e-01 NIS/dof 1.057e-01 applied 1.00 reseeds 1603
step 2600 loss 2.14633e-03 |g| 7.53e-02 NIS/dof 1.080e-01 applied 1.00 reseeds 1608
step 2610 loss 1.94237e-03 |g| 1.92e-01 NIS/dof 9.358e-02 applied 1.00 reseeds 1612
step 2620 loss 2.17417e-03 |g| 9.29e-02 NIS/dof 9.448e-02 applied 1.00 reseeds 1617
step 2630 loss 2.00048e-03 |g| 7.75e-02 NIS/dof 8.642e-02 applied 1.00 reseeds 1624
step 2640 loss 2.39799e-03 |g| 1.55e-01 NIS/dof 1.072e-01 applied 1.00 reseeds 1632
step 2650 loss 2.03049e-03 |g| 1.50e-01 NIS/dof 1.087e-01 applied 1.00 reseeds 1639
step 2660 loss 1.86525e-03 |g| 1.35e-01 NIS/dof 1.025e-01 applied 1.00 reseeds 1646
step 2670 loss 1.94781e-03 |g| 8.11e-02 NIS/dof 1.076e-01 applied 1.00 reseeds 1651
step 2680 loss 2.21394e-03 |g| 4.62e-02 NIS/dof 9.562e-02 applied 1.00 reseeds 1656
step 2690 loss 2.35023e-03 |g| 1.60e-01 NIS/dof 1.084e-01 applied 1.00 reseeds 1661
step 2700 loss 2.78894e-03 |g| 2.01e-01 NIS/dof 1.392e-01 applied 1.00 reseeds 1667
step 2710 loss 2.19112e-03 |g| 8.81e-02 NIS/dof 9.475e-02 applied 1.00 reseeds 1673
step 2720 loss 1.68153e-03 |g| 5.38e-02 NIS/dof 8.056e-02 applied 1.00 reseeds 1677
step 2730 loss 2.00255e-03 |g| 1.09e-01 NIS/dof 9.358e-02 applied 1.00 reseeds 1684
step 2740 loss 2.64041e-03 |g| 1.26e-01 NIS/dof 1.132e-01 applied 1.00 reseeds 1692
step 2750 loss 2.43020e-03 |g| 1.24e-01 NIS/dof 9.326e-02 applied 1.00 reseeds 1702
step 2760 loss 2.00820e-03 |g| 5.88e-02 NIS/dof 8.870e-02 applied 1.00 reseeds 1709
step 2770 loss 1.73269e-03 |g| 5.92e-02 NIS/dof 8.839e-02 applied 1.00 reseeds 1714
step 2780 loss 1.66823e-03 |g| 7.34e-02 NIS/dof 8.451e-02 applied 1.00 reseeds 1718
step 2790 loss 1.90397e-03 |g| 6.05e-02 NIS/dof 1.024e-01 applied 1.00 reseeds 1721
step 2800 loss 2.20028e-03 |g| 1.03e-01 NIS/dof 1.207e-01 applied 1.00 reseeds 1728
step 2810 loss 1.96729e-03 |g| 1.38e-01 NIS/dof 9.771e-02 applied 1.00 reseeds 1733
step 2820 loss 1.76377e-03 |g| 5.64e-02 NIS/dof 1.015e-01 applied 1.00 reseeds 1746
step 2830 loss 1.91865e-03 |g| 9.37e-02 NIS/dof 9.831e-02 applied 1.00 reseeds 1750
step 2840 loss 2.48977e-03 |g| 9.75e-02 NIS/dof 9.523e-02 applied 1.00 reseeds 1757
step 2850 loss 2.21072e-03 |g| 1.16e-01 NIS/dof 1.029e-01 applied 1.00 reseeds 1763
step 2860 loss 2.34961e-03 |g| 1.41e-01 NIS/dof 9.807e-02 applied 1.00 reseeds 1764
step 2870 loss 1.89794e-03 |g| 1.03e-01 NIS/dof 8.329e-02 applied 1.00 reseeds 1767
step 2880 loss 2.31894e-03 |g| 6.57e-02 NIS/dof 8.909e-02 applied 1.00 reseeds 1774
step 2890 loss 1.98138e-03 |g| 7.19e-02 NIS/dof 9.153e-02 applied 1.00 reseeds 1778
step 2900 loss 1.97498e-03 |g| 1.74e-01 NIS/dof 9.087e-02 applied 1.00 reseeds 1784
step 2910 loss 1.96788e-03 |g| 9.27e-02 NIS/dof 9.907e-02 applied 1.00 reseeds 1791
step 2920 loss 2.32833e-03 |g| 1.47e-01 NIS/dof 1.184e-01 applied 1.00 reseeds 1795
step 2930 loss 1.86268e-03 |g| 5.04e-02 NIS/dof 9.328e-02 applied 1.00 reseeds 1800
step 2940 loss 2.33388e-03 |g| 7.73e-02 NIS/dof 8.341e-02 applied 1.00 reseeds 1806
step 2950 loss 1.99121e-03 |g| 7.25e-02 NIS/dof 9.089e-02 applied 1.00 reseeds 1812
step 2960 loss 1.59307e-03 |g| 6.78e-02 NIS/dof 9.185e-02 applied 1.00 reseeds 1815
step 2970 loss 2.15612e-03 |g| 9.03e-02 NIS/dof 1.001e-01 applied 1.00 reseeds 1818
step 2980 loss 2.26342e-03 |g| 6.01e-02 NIS/dof 1.304e-01 applied 1.00 reseeds 1827
step 2990 loss 1.90443e-03 |g| 6.61e-02 NIS/dof 9.296e-02 applied 1.00 reseeds 1832
step 3000 loss 1.84508e-03 |g| 9.93e-02 NIS/dof 9.351e-02 applied 1.00 reseeds 1838
step 3010 loss 2.09663e-03 |g| 1.62e-01 NIS/dof 9.895e-02 applied 1.00 reseeds 1842
step 3020 loss 2.21883e-03 |g| 7.53e-02 NIS/dof 9.844e-02 applied 1.00 reseeds 1849
step 3030 loss 2.04782e-03 |g| 6.44e-02 NIS/dof 1.152e-01 applied 1.00 reseeds 1855
step 3040 loss 1.43852e-03 |g| 1.01e-01 NIS/dof 8.177e-02 applied 1.00 reseeds 1860
step 3050 loss 2.02696e-03 |g| 3.88e-02 NIS/dof 1.049e-01 applied 1.00 reseeds 1863
step 3060 loss 2.14674e-03 |g| 8.69e-02 NIS/dof 1.051e-01 applied 1.00 reseeds 1871
step 3070 loss 2.30564e-03 |g| 7.89e-02 NIS/dof 9.817e-02 applied 1.00 reseeds 1880
step 3080 loss 1.61191e-03 |g| 5.19e-02 NIS/dof 6.983e-02 applied 1.00 reseeds 1884
step 3090 loss 1.70609e-03 |g| 7.64e-02 NIS/dof 8.383e-02 applied 1.00 reseeds 1890
step 3100 loss 2.17937e-03 |g| 7.77e-02 NIS/dof 1.031e-01 applied 1.00 reseeds 1895
step 3110 loss 1.95239e-03 |g| 1.16e-01 NIS/dof 9.691e-02 applied 1.00 reseeds 1899
step 3120 loss 1.81603e-03 |g| 1.63e-01 NIS/dof 9.989e-02 applied 1.00 reseeds 1908
step 3130 loss 1.92765e-03 |g| 6.81e-02 NIS/dof 8.556e-02 applied 1.00 reseeds 1912
step 3140 loss 2.76090e-03 |g| 8.34e-02 NIS/dof 1.108e-01 applied 1.00 reseeds 1916
step 3150 loss 1.74788e-03 |g| 8.74e-02 NIS/dof 9.328e-02 applied 1.00 reseeds 1923
step 3160 loss 1.99795e-03 |g| 5.45e-02 NIS/dof 1.048e-01 applied 1.00 reseeds 1931
step 3170 loss 2.00381e-03 |g| 7.40e-02 NIS/dof 9.589e-02 applied 1.00 reseeds 1935
step 3180 loss 2.37257e-03 |g| 7.30e-02 NIS/dof 9.314e-02 applied 1.00 reseeds 1938
step 3190 loss 2.53158e-03 |g| 6.29e-02 NIS/dof 1.065e-01 applied 1.00 reseeds 1944
step 3200 loss 1.52079e-03 |g| 3.87e-02 NIS/dof 1.010e-01 applied 1.00 reseeds 1946
step 3210 loss 1.89306e-03 |g| 6.34e-02 NIS/dof 9.835e-02 applied 1.00 reseeds 1954
step 3220 loss 1.87117e-03 |g| 4.21e-02 NIS/dof 9.667e-02 applied 1.00 reseeds 1965
step 3230 loss 1.99309e-03 |g| 4.47e-02 NIS/dof 9.699e-02 applied 1.00 reseeds 1968
step 3240 loss 2.20676e-03 |g| 1.44e-01 NIS/dof 9.789e-02 applied 1.00 reseeds 1975
step 3250 loss 1.57462e-03 |g| 5.71e-02 NIS/dof 9.204e-02 applied 1.00 reseeds 1981
step 3260 loss 1.31908e-03 |g| 7.00e-02 NIS/dof 1.008e-01 applied 1.00 reseeds 1987
step 3270 loss 2.47761e-03 |g| 1.74e-01 NIS/dof 1.278e-01 applied 1.00 reseeds 1987
step 3280 loss 2.34984e-03 |g| 8.70e-02 NIS/dof 1.135e-01 applied 1.00 reseeds 1997
step 3290 loss 2.44570e-03 |g| 1.13e-01 NIS/dof 9.108e-02 applied 1.00 reseeds 2003
step 3300 loss 1.91961e-03 |g| 1.23e-01 NIS/dof 1.022e-01 applied 1.00 reseeds 2005
step 3310 loss 1.72583e-03 |g| 7.23e-02 NIS/dof 9.589e-02 applied 1.00 reseeds 2012
step 3320 loss 2.05796e-03 |g| 1.03e-01 NIS/dof 1.100e-01 applied 1.00 reseeds 2015
step 3330 loss 1.94201e-03 |g| 1.17e-01 NIS/dof 8.854e-02 applied 1.00 reseeds 2020
step 3340 loss 1.85398e-03 |g| 6.73e-02 NIS/dof 1.113e-01 applied 1.00 reseeds 2026
step 3350 loss 1.71477e-03 |g| 7.22e-02 NIS/dof 9.608e-02 applied 1.00 reseeds 2033
step 3360 loss 1.94214e-03 |g| 5.65e-02 NIS/dof 1.032e-01 applied 1.00 reseeds 2040
step 3370 loss 2.38447e-03 |g| 1.04e-01 NIS/dof 8.535e-02 applied 1.00 reseeds 2048
step 3380 loss 1.90969e-03 |g| 1.07e-01 NIS/dof 8.508e-02 applied 1.00 reseeds 2051
step 3390 loss 1.50733e-03 |g| 1.03e-01 NIS/dof 8.406e-02 applied 1.00 reseeds 2057
step 3400 loss 2.59185e-03 |g| 1.40e-01 NIS/dof 9.133e-02 applied 1.00 reseeds 2061
step 3410 loss 1.92345e-03 |g| 5.83e-02 NIS/dof 9.023e-02 applied 1.00 reseeds 2069
step 3420 loss 1.75470e-03 |g| 6.05e-02 NIS/dof 1.055e-01 applied 1.00 reseeds 2077
step 3430 loss 2.12919e-03 |g| 9.05e-02 NIS/dof 1.017e-01 applied 1.00 reseeds 2077
step 3440 loss 1.56562e-03 |g| 1.05e-01 NIS/dof 9.566e-02 applied 1.00 reseeds 2083
step 3450 loss 2.67043e-03 |g| 1.35e-01 NIS/dof 1.205e-01 applied 1.00 reseeds 2085
step 3460 loss 2.05114e-03 |g| 1.31e-01 NIS/dof 1.028e-01 applied 1.00 reseeds 2097
step 3470 loss 2.16343e-03 |g| 1.12e-01 NIS/dof 1.142e-01 applied 1.00 reseeds 2102
step 3480 loss 2.34592e-03 |g| 1.19e-01 NIS/dof 1.057e-01 applied 1.00 reseeds 2108
step 3490 loss 2.16698e-03 |g| 8.06e-02 NIS/dof 9.645e-02 applied 1.00 reseeds 2113
step 3500 loss 2.22397e-03 |g| 6.16e-02 NIS/dof 1.216e-01 applied 1.00 reseeds 2121
step 3510 loss 2.04305e-03 |g| 9.55e-02 NIS/dof 1.032e-01 applied 1.00 reseeds 2128
step 3520 loss 1.98907e-03 |g| 1.53e-01 NIS/dof 1.049e-01 applied 1.00 reseeds 2136
step 3530 loss 2.09373e-03 |g| 1.59e-01 NIS/dof 1.073e-01 applied 1.00 reseeds 2141
step 3540 loss 1.66676e-03 |g| 1.03e-01 NIS/dof 9.082e-02 applied 1.00 reseeds 2146
step 3550 loss 1.71975e-03 |g| 5.39e-02 NIS/dof 9.519e-02 applied 1.00 reseeds 2151
step 3560 loss 1.88712e-03 |g| 1.01e-01 NIS/dof 9.371e-02 applied 1.00 reseeds 2156
step 3570 loss 2.14344e-03 |g| 1.07e-01 NIS/dof 9.234e-02 applied 1.00 reseeds 2164
step 3580 loss 2.26096e-03 |g| 1.78e-01 NIS/dof 1.018e-01 applied 1.00 reseeds 2173
step 3590 loss 1.69282e-03 |g| 8.33e-02 NIS/dof 1.020e-01 applied 1.00 reseeds 2175
step 3600 loss 1.69628e-03 |g| 8.61e-02 NIS/dof 1.051e-01 applied 1.00 reseeds 2183
step 3610 loss 1.04944e-03 |g| 5.92e-02 NIS/dof 7.517e-02 applied 1.00 reseeds 2189
step 3620 loss 1.58208e-03 |g| 4.25e-02 NIS/dof 9.073e-02 applied 1.00 reseeds 2195
step 3630 loss 1.43555e-03 |g| 5.40e-02 NIS/dof 1.031e-01 applied 1.00 reseeds 2199
step 3640 loss 1.77825e-03 |g| 5.23e-02 NIS/dof 9.591e-02 applied 1.00 reseeds 2204
step 3650 loss 1.85139e-03 |g| 7.62e-02 NIS/dof 1.246e-01 applied 1.00 reseeds 2206
step 3660 loss 1.95733e-03 |g| 6.66e-02 NIS/dof 1.100e-01 applied 1.00 reseeds 2213
step 3670 loss 2.35650e-03 |g| 1.47e-01 NIS/dof 1.090e-01 applied 1.00 reseeds 2224
step 3680 loss 2.28328e-03 |g| 9.10e-02 NIS/dof 1.283e-01 applied 1.00 reseeds 2230
step 3690 loss 2.14058e-03 |g| 5.48e-02 NIS/dof 9.288e-02 applied 1.00 reseeds 2235
step 3700 loss 1.76018e-03 |g| 5.91e-02 NIS/dof 1.030e-01 applied 1.00 reseeds 2242
step 3710 loss 1.89373e-03 |g| 4.88e-02 NIS/dof 8.608e-02 applied 1.00 reseeds 2244
step 3720 loss 2.12778e-03 |g| 1.42e-01 NIS/dof 7.403e-02 applied 1.00 reseeds 2252
step 3730 loss 1.41892e-03 |g| 4.23e-02 NIS/dof 1.002e-01 applied 1.00 reseeds 2256
step 3740 loss 1.38904e-03 |g| 6.92e-02 NIS/dof 9.778e-02 applied 1.00 reseeds 2264
step 3750 loss 1.74330e-03 |g| 7.35e-02 NIS/dof 8.952e-02 applied 1.00 reseeds 2271
step 3760 loss 2.47496e-03 |g| 5.72e-02 NIS/dof 1.061e-01 applied 1.00 reseeds 2277
step 3770 loss 1.89126e-03 |g| 5.36e-02 NIS/dof 1.047e-01 applied 1.00 reseeds 2283
step 3780 loss 2.10870e-03 |g| 1.10e-01 NIS/dof 1.137e-01 applied 1.00 reseeds 2290
step 3790 loss 1.93968e-03 |g| 5.29e-02 NIS/dof 1.067e-01 applied 1.00 reseeds 2298
step 3800 loss 1.67133e-03 |g| 7.30e-02 NIS/dof 8.835e-02 applied 1.00 reseeds 2301
step 3810 loss 1.97771e-03 |g| 1.13e-01 NIS/dof 1.140e-01 applied 1.00 reseeds 2307
step 3820 loss 2.13651e-03 |g| 6.14e-02 NIS/dof 1.043e-01 applied 1.00 reseeds 2312
step 3830 loss 1.88650e-03 |g| 5.90e-02 NIS/dof 1.409e-01 applied 1.00 reseeds 2319
step 3840 loss 1.69445e-03 |g| 1.14e-01 NIS/dof 1.071e-01 applied 1.00 reseeds 2328
step 3850 loss 1.67538e-03 |g| 6.36e-02 NIS/dof 8.174e-02 applied 1.00 reseeds 2335
step 3860 loss 1.67700e-03 |g| 1.12e-01 NIS/dof 9.356e-02 applied 1.00 reseeds 2340
step 3870 loss 2.18550e-03 |g| 1.15e-01 NIS/dof 1.529e-01 applied 1.00 reseeds 2347
step 3880 loss 2.00340e-03 |g| 1.12e-01 NIS/dof 1.269e-01 applied 1.00 reseeds 2354
step 3890 loss 1.69607e-03 |g| 6.51e-02 NIS/dof 1.057e-01 applied 1.00 reseeds 2365
step 3900 loss 1.79747e-03 |g| 1.55e-01 NIS/dof 8.985e-02 applied 1.00 reseeds 2368
step 3910 loss 1.31622e-03 |g| 3.61e-02 NIS/dof 8.121e-02 applied 1.00 reseeds 2368
step 3920 loss 1.56079e-03 |g| 7.51e-02 NIS/dof 1.087e-01 applied 1.00 reseeds 2374
step 3930 loss 1.75604e-03 |g| 1.29e-01 NIS/dof 1.005e-01 applied 1.00 reseeds 2384
step 3940 loss 1.85707e-03 |g| 8.63e-02 NIS/dof 1.021e-01 applied 1.00 reseeds 2388
step 3950 loss 1.41354e-03 |g| 6.74e-02 NIS/dof 9.423e-02 applied 1.00 reseeds 2395
step 3960 loss 1.55419e-03 |g| 5.84e-02 NIS/dof 9.449e-02 applied 1.00 reseeds 2400
step 3970 loss 1.34391e-03 |g| 5.87e-02 NIS/dof 8.542e-02 applied 1.00 reseeds 2411
step 3980 loss 1.64547e-03 |g| 6.72e-02 NIS/dof 1.018e-01 applied 1.00 reseeds 2418
step 3990 loss 1.71420e-03 |g| 8.38e-02 NIS/dof 9.543e-02 applied 1.00 reseeds 2427
step 4000 loss 1.66266e-03 |g| 6.85e-02 NIS/dof 1.138e-01 applied 1.00 reseeds 2435
step 4010 loss 1.61542e-03 |g| 1.42e-01 NIS/dof 9.155e-02 applied 1.00 reseeds 2440
step 4020 loss 2.22391e-03 |g| 7.50e-02 NIS/dof 1.085e-01 applied 1.00 reseeds 2446
step 4030 loss 2.05911e-03 |g| 2.53e-01 NIS/dof 1.143e-01 applied 1.00 reseeds 2452
step 4040 loss 1.64428e-03 |g| 7.41e-02 NIS/dof 1.054e-01 applied 1.00 reseeds 2461
step 4050 loss 1.82897e-03 |g| 6.47e-02 NIS/dof 1.043e-01 applied 1.00 reseeds 2462
step 4060 loss 2.27771e-03 |g| 9.38e-02 NIS/dof 1.278e-01 applied 1.00 reseeds 2468
step 4070 loss 2.10472e-03 |g| 1.03e-01 NIS/dof 1.059e-01 applied 1.00 reseeds 2474
step 4080 loss 1.88009e-03 |g| 1.08e-01 NIS/dof 9.557e-02 applied 1.00 reseeds 2481
step 4090 loss 1.37029e-03 |g| 4.82e-02 NIS/dof 8.704e-02 applied 1.00 reseeds 2492
step 4100 loss 2.13887e-03 |g| 1.04e-01 NIS/dof 8.201e-02 applied 1.00 reseeds 2497
step 4110 loss 1.34558e-03 |g| 5.54e-02 NIS/dof 7.225e-02 applied 1.00 reseeds 2497
step 4120 loss 1.73901e-03 |g| 7.12e-02 NIS/dof 1.052e-01 applied 1.00 reseeds 2499
step 4130 loss 1.91626e-03 |g| 7.10e-02 NIS/dof 9.469e-02 applied 1.00 reseeds 2506
step 4140 loss 1.97659e-03 |g| 6.93e-02 NIS/dof 9.685e-02 applied 1.00 reseeds 2514
step 4150 loss 2.57616e-03 |g| 6.93e-02 NIS/dof 1.166e-01 applied 1.00 reseeds 2519
step 4160 loss 1.87882e-03 |g| 9.25e-02 NIS/dof 9.364e-02 applied 1.00 reseeds 2523
step 4170 loss 2.41541e-03 |g| 1.23e-01 NIS/dof 1.016e-01 applied 1.00 reseeds 2528
step 4180 loss 1.86260e-03 |g| 9.98e-02 NIS/dof 1.305e-01 applied 1.00 reseeds 2534
step 4190 loss 1.62118e-03 |g| 5.90e-02 NIS/dof 1.014e-01 applied 1.00 reseeds 2541
step 4200 loss 1.96790e-03 |g| 8.08e-02 NIS/dof 1.069e-01 applied 1.00 reseeds 2548
step 4210 loss 1.55634e-03 |g| 6.08e-02 NIS/dof 9.941e-02 applied 1.00 reseeds 2554
step 4220 loss 1.55318e-03 |g| 7.34e-02 NIS/dof 1.001e-01 applied 1.00 reseeds 2558
step 4230 loss 1.88201e-03 |g| 1.56e-01 NIS/dof 9.436e-02 applied 1.00 reseeds 2564
step 4240 loss 1.90476e-03 |g| 7.54e-02 NIS/dof 1.019e-01 applied 1.00 reseeds 2574
step 4250 loss 1.66581e-03 |g| 5.70e-02 NIS/dof 1.066e-01 applied 1.00 reseeds 2579
step 4260 loss 1.78850e-03 |g| 5.75e-02 NIS/dof 1.001e-01 applied 1.00 reseeds 2583
step 4270 loss 2.35638e-03 |g| 1.22e-01 NIS/dof 1.140e-01 applied 1.00 reseeds 2591
step 4280 loss 1.44973e-03 |g| 6.01e-02 NIS/dof 1.080e-01 applied 1.00 reseeds 2603
step 4290 loss 1.53997e-03 |g| 1.10e-01 NIS/dof 1.069e-01 applied 1.00 reseeds 2610
step 4300 loss 1.88328e-03 |g| 9.41e-02 NIS/dof 9.736e-02 applied 1.00 reseeds 2616
step 4310 loss 1.79670e-03 |g| 1.31e-01 NIS/dof 8.990e-02 applied 1.00 reseeds 2622
step 4320 loss 1.72776e-03 |g| 9.37e-02 NIS/dof 1.161e-01 applied 1.00 reseeds 2627
step 4330 loss 2.01609e-03 |g| 1.30e-01 NIS/dof 1.241e-01 applied 1.00 reseeds 2630
step 4340 loss 1.98720e-03 |g| 1.23e-01 NIS/dof 1.044e-01 applied 1.00 reseeds 2636
step 4350 loss 1.82644e-03 |g| 8.62e-02 NIS/dof 9.737e-02 applied 1.00 reseeds 2644
step 4360 loss 1.85696e-03 |g| 8.80e-02 NIS/dof 1.029e-01 applied 1.00 reseeds 2651
step 4370 loss 2.48522e-03 |g| 1.32e-01 NIS/dof 9.146e-02 applied 1.00 reseeds 2658
step 4380 loss 1.76613e-03 |g| 9.57e-02 NIS/dof 1.012e-01 applied 1.00 reseeds 2660
step 4390 loss 1.97622e-03 |g| 4.94e-02 NIS/dof 9.780e-02 applied 1.00 reseeds 2665
step 4400 loss 1.97563e-03 |g| 6.63e-02 NIS/dof 1.118e-01 applied 1.00 reseeds 2666
step 4410 loss 1.89578e-03 |g| 7.72e-02 NIS/dof 1.121e-01 applied 1.00 reseeds 2669
step 4420 loss 1.53579e-03 |g| 8.86e-02 NIS/dof 1.036e-01 applied 1.00 reseeds 2676
step 4430 loss 2.05874e-03 |g| 7.00e-02 NIS/dof 1.097e-01 applied 1.00 reseeds 2683
step 4440 loss 1.63362e-03 |g| 1.18e-01 NIS/dof 1.262e-01 applied 1.00 reseeds 2692
step 4450 loss 1.78847e-03 |g| 1.29e-01 NIS/dof 1.273e-01 applied 1.00 reseeds 2696
step 4460 loss 1.84236e-03 |g| 8.27e-02 NIS/dof 1.236e-01 applied 1.00 reseeds 2706
step 4470 loss 1.40009e-03 |g| 4.53e-02 NIS/dof 9.490e-02 applied 1.00 reseeds 2710
step 4480 loss 1.87809e-03 |g| 5.39e-02 NIS/dof 9.080e-02 applied 1.00 reseeds 2716
step 4490 loss 2.27776e-03 |g| 1.07e-01 NIS/dof 1.084e-01 applied 1.00 reseeds 2720
step 4500 loss 2.39578e-03 |g| 1.04e-01 NIS/dof 1.134e-01 applied 1.00 reseeds 2727
step 4510 loss 1.91160e-03 |g| 8.19e-02 NIS/dof 9.199e-02 applied 1.00 reseeds 2735
step 4520 loss 1.80730e-03 |g| 1.72e-01 NIS/dof 1.049e-01 applied 1.00 reseeds 2740
step 4530 loss 1.37268e-03 |g| 5.55e-02 NIS/dof 8.872e-02 applied 1.00 reseeds 2743
step 4540 loss 1.40692e-03 |g| 9.05e-02 NIS/dof 8.436e-02 applied 1.00 reseeds 2747
step 4550 loss 1.82517e-03 |g| 9.58e-02 NIS/dof 9.114e-02 applied 1.00 reseeds 2756
step 4560 loss 2.19579e-03 |g| 1.01e-01 NIS/dof 1.345e-01 applied 1.00 reseeds 2762
step 4570 loss 2.11904e-03 |g| 1.02e-01 NIS/dof 1.025e-01 applied 1.00 reseeds 2768
step 4580 loss 1.77222e-03 |g| 6.68e-02 NIS/dof 1.118e-01 applied 1.00 reseeds 2776
step 4590 loss 1.71579e-03 |g| 1.11e-01 NIS/dof 1.203e-01 applied 1.00 reseeds 2782
step 4600 loss 1.72486e-03 |g| 1.23e-01 NIS/dof 1.019e-01 applied 1.00 reseeds 2789
step 4610 loss 2.28506e-03 |g| 1.29e-01 NIS/dof 1.083e-01 applied 1.00 reseeds 2795
step 4620 loss 2.11279e-03 |g| 9.66e-02 NIS/dof 1.198e-01 applied 1.00 reseeds 2803
step 4630 loss 1.74372e-03 |g| 9.36e-02 NIS/dof 9.241e-02 applied 1.00 reseeds 2811
step 4640 loss 1.38257e-03 |g| 4.48e-02 NIS/dof 9.953e-02 applied 1.00 reseeds 2818
step 4650 loss 1.92845e-03 |g| 1.26e-01 NIS/dof 1.115e-01 applied 1.00 reseeds 2825
step 4660 loss 1.66638e-03 |g| 4.26e-02 NIS/dof 1.018e-01 applied 1.00 reseeds 2833
step 4670 loss 2.08348e-03 |g| 7.01e-02 NIS/dof 1.137e-01 applied 1.00 reseeds 2838
step 4680 loss 2.01548e-03 |g| 1.01e-01 NIS/dof 9.776e-02 applied 1.00 reseeds 2844
step 4690 loss 1.51619e-03 |g| 6.12e-02 NIS/dof 1.077e-01 applied 1.00 reseeds 2853
step 4700 loss 2.06749e-03 |g| 8.31e-02 NIS/dof 1.385e-01 applied 1.00 reseeds 2856
step 4710 loss 2.08212e-03 |g| 1.13e-01 NIS/dof 1.073e-01 applied 1.00 reseeds 2867
step 4720 loss 1.86299e-03 |g| 6.31e-02 NIS/dof 9.907e-02 applied 1.00 reseeds 2873
step 4730 loss 1.91449e-03 |g| 9.75e-02 NIS/dof 1.090e-01 applied 1.00 reseeds 2881
step 4740 loss 1.80644e-03 |g| 6.05e-02 NIS/dof 1.000e-01 applied 1.00 reseeds 2892
step 4750 loss 2.39205e-03 |g| 7.53e-02 NIS/dof 1.147e-01 applied 1.00 reseeds 2897
step 4760 loss 1.82168e-03 |g| 5.11e-02 NIS/dof 1.086e-01 applied 1.00 reseeds 2900
step 4770 loss 1.93822e-03 |g| 9.24e-02 NIS/dof 1.067e-01 applied 1.00 reseeds 2906
step 4780 loss 1.68772e-03 |g| 5.85e-02 NIS/dof 1.347e-01 applied 1.00 reseeds 2912
step 4790 loss 1.64344e-03 |g| 6.78e-02 NIS/dof 1.066e-01 applied 1.00 reseeds 2917
step 4800 loss 1.90060e-03 |g| 7.32e-02 NIS/dof 1.274e-01 applied 1.00 reseeds 2924
step 4810 loss 1.42191e-03 |g| 7.29e-02 NIS/dof 9.830e-02 applied 1.00 reseeds 2928
step 4820 loss 1.77334e-03 |g| 6.90e-02 NIS/dof 1.053e-01 applied 1.00 reseeds 2933
step 4830 loss 2.21332e-03 |g| 1.58e-01 NIS/dof 1.067e-01 applied 1.00 reseeds 2943
step 4840 loss 1.45402e-03 |g| 1.01e-01 NIS/dof 7.903e-02 applied 1.00 reseeds 2950
step 4850 loss 1.68588e-03 |g| 8.41e-02 NIS/dof 1.104e-01 applied 1.00 reseeds 2956
step 4860 loss 1.72927e-03 |g| 9.03e-02 NIS/dof 1.045e-01 applied 1.00 reseeds 2958
step 4870 loss 1.80404e-03 |g| 5.46e-02 NIS/dof 1.035e-01 applied 1.00 reseeds 2963
step 4880 loss 1.66489e-03 |g| 9.31e-02 NIS/dof 1.100e-01 applied 1.00 reseeds 2967
step 4890 loss 1.66316e-03 |g| 8.20e-02 NIS/dof 7.867e-02 applied 1.00 reseeds 2972
step 4900 loss 1.21205e-03 |g| 6.13e-02 NIS/dof 9.078e-02 applied 1.00 reseeds 2977
step 4910 loss 2.13969e-03 |g| 5.64e-02 NIS/dof 9.333e-02 applied 1.00 reseeds 2981
step 4920 loss 1.60834e-03 |g| 9.22e-02 NIS/dof 1.143e-01 applied 1.00 reseeds 2989
step 4930 loss 1.55876e-03 |g| 7.76e-02 NIS/dof 1.491e-01 applied 1.00 reseeds 2997
step 4940 loss 1.40926e-03 |g| 4.41e-02 NIS/dof 9.985e-02 applied 1.00 reseeds 3006
step 4950 loss 2.09759e-03 |g| 8.24e-02 NIS/dof 1.000e-01 applied 1.00 reseeds 3012
step 4960 loss 1.76299e-03 |g| 5.20e-02 NIS/dof 1.001e-01 applied 1.00 reseeds 3016
step 4970 loss 1.86789e-03 |g| 6.00e-02 NIS/dof 1.049e-01 applied 1.00 reseeds 3022
step 4980 loss 2.11264e-03 |g| 7.66e-02 NIS/dof 1.073e-01 applied 1.00 reseeds 3027
step 4990 loss 1.43414e-03 |g| 7.67e-02 NIS/dof 1.019e-01 applied 1.00 reseeds 3037
step 5000 loss 2.00210e-03 |g| 1.16e-01 NIS/dof 1.008e-01 applied 1.00 reseeds 3040
step 5010 loss 1.74813e-03 |g| 6.03e-02 NIS/dof 9.344e-02 applied 1.00 reseeds 3047
step 5020 loss 1.76301e-03 |g| 8.60e-02 NIS/dof 9.738e-02 applied 1.00 reseeds 3053
step 5030 loss 1.34676e-03 |g| 3.52e-02 NIS/dof 9.194e-02 applied 1.00 reseeds 3058
step 5040 loss 1.50031e-03 |g| 9.29e-02 NIS/dof 1.060e-01 applied 1.00 reseeds 3062
step 5050 loss 1.69809e-03 |g| 1.09e-01 NIS/dof 1.037e-01 applied 1.00 reseeds 3066
step 5060 loss 1.98692e-03 |g| 1.05e-01 NIS/dof 1.124e-01 applied 1.00 reseeds 3075
step 5070 loss 2.11352e-03 |g| 1.15e-01 NIS/dof 1.194e-01 applied 1.00 reseeds 3082
step 5080 loss 2.10246e-03 |g| 8.35e-02 NIS/dof 9.277e-02 applied 1.00 reseeds 3090
step 5090 loss 1.65895e-03 |g| 4.26e-02 NIS/dof 8.818e-02 applied 1.00 reseeds 3096
step 5100 loss 1.93317e-03 |g| 5.95e-02 NIS/dof 8.453e-02 applied 1.00 reseeds 3100
step 5110 loss 1.74940e-03 |g| 7.87e-02 NIS/dof 1.120e-01 applied 1.00 reseeds 3103
step 5120 loss 1.59765e-03 |g| 1.05e-01 NIS/dof 9.646e-02 applied 1.00 reseeds 3112
step 5130 loss 1.73836e-03 |g| 9.14e-02 NIS/dof 1.024e-01 applied 1.00 reseeds 3115
step 5140 loss 2.20882e-03 |g| 7.03e-02 NIS/dof 1.123e-01 applied 1.00 reseeds 3122
step 5150 loss 1.73282e-03 |g| 4.45e-02 NIS/dof 8.851e-02 applied 1.00 reseeds 3130
step 5160 loss 2.17873e-03 |g| 4.32e-02 NIS/dof 9.814e-02 applied 1.00 reseeds 3138
step 5170 loss 1.77270e-03 |g| 6.10e-02 NIS/dof 9.867e-02 applied 1.00 reseeds 3143
step 5180 loss 1.63947e-03 |g| 4.19e-02 NIS/dof 1.040e-01 applied 1.00 reseeds 3146
step 5190 loss 1.43054e-03 |g| 5.36e-02 NIS/dof 9.518e-02 applied 1.00 reseeds 3154
step 5200 loss 1.85706e-03 |g| 5.63e-02 NIS/dof 1.047e-01 applied 1.00 reseeds 3158
step 5210 loss 1.93774e-03 |g| 7.82e-02 NIS/dof 1.194e-01 applied 1.00 reseeds 3163
step 5220 loss 2.05192e-03 |g| 1.26e-01 NIS/dof 9.580e-02 applied 1.00 reseeds 3173
step 5230 loss 1.89419e-03 |g| 6.12e-02 NIS/dof 1.002e-01 applied 1.00 reseeds 3178
step 5240 loss 1.95832e-03 |g| 9.26e-02 NIS/dof 1.196e-01 applied 1.00 reseeds 3186
step 5250 loss 1.47338e-03 |g| 6.05e-02 NIS/dof 8.104e-02 applied 1.00 reseeds 3188
step 5260 loss 1.67827e-03 |g| 1.04e-01 NIS/dof 9.501e-02 applied 1.00 reseeds 3197
step 5270 loss 1.53039e-03 |g| 8.03e-02 NIS/dof 1.025e-01 applied 1.00 reseeds 3205
step 5280 loss 1.66411e-03 |g| 6.63e-02 NIS/dof 1.087e-01 applied 1.00 reseeds 3213
step 5290 loss 2.04127e-03 |g| 6.41e-02 NIS/dof 9.293e-02 applied 1.00 reseeds 3217
step 5300 loss 1.83313e-03 |g| 6.24e-02 NIS/dof 1.089e-01 applied 1.00 reseeds 3226
step 5310 loss 1.89129e-03 |g| 1.15e-01 NIS/dof 1.139e-01 applied 1.00 reseeds 3230
step 5320 loss 1.48769e-03 |g| 5.53e-02 NIS/dof 1.088e-01 applied 1.00 reseeds 3236
step 5330 loss 1.91971e-03 |g| 4.12e-02 NIS/dof 1.543e-01 applied 1.00 reseeds 3241
step 5340 loss 1.56747e-03 |g| 5.28e-02 NIS/dof 1.197e-01 applied 1.00 reseeds 3250
step 5350 loss 1.86506e-03 |g| 5.87e-02 NIS/dof 1.100e-01 applied 1.00 reseeds 3257
step 5360 loss 1.86709e-03 |g| 1.29e-01 NIS/dof 1.066e-01 applied 1.00 reseeds 3259
step 5370 loss 1.89331e-03 |g| 6.98e-02 NIS/dof 1.184e-01 applied 1.00 reseeds 3267
step 5380 loss 1.62055e-03 |g| 8.28e-02 NIS/dof 9.750e-02 applied 1.00 reseeds 3271
step 5390 loss 1.94613e-03 |g| 5.02e-02 NIS/dof 1.058e-01 applied 1.00 reseeds 3280
step 5400 loss 2.29602e-03 |g| 1.13e-01 NIS/dof 1.184e-01 applied 1.00 reseeds 3284
step 5410 loss 1.88908e-03 |g| 1.27e-01 NIS/dof 1.021e-01 applied 1.00 reseeds 3288
step 5420 loss 1.56102e-03 |g| 8.14e-02 NIS/dof 1.042e-01 applied 1.00 reseeds 3295
step 5430 loss 1.83495e-03 |g| 5.74e-02 NIS/dof 1.171e-01 applied 1.00 reseeds 3303
step 5440 loss 1.97610e-03 |g| 1.28e-01 NIS/dof 8.966e-02 applied 1.00 reseeds 3311
step 5450 loss 2.21455e-03 |g| 1.11e-01 NIS/dof 1.365e-01 applied 1.00 reseeds 3313
step 5460 loss 1.62465e-03 |g| 8.10e-02 NIS/dof 1.181e-01 applied 1.00 reseeds 3319
step 5470 loss 1.54298e-03 |g| 4.92e-02 NIS/dof 9.686e-02 applied 1.00 reseeds 3325
step 5480 loss 1.46356e-03 |g| 4.81e-02 NIS/dof 8.698e-02 applied 1.00 reseeds 3331
step 5490 loss 1.76308e-03 |g| 5.27e-02 NIS/dof 8.980e-02 applied 1.00 reseeds 3342
step 5500 loss 1.54575e-03 |g| 5.71e-02 NIS/dof 9.588e-02 applied 1.00 reseeds 3349
step 5510 loss 1.63852e-03 |g| 5.13e-02 NIS/dof 8.938e-02 applied 1.00 reseeds 3352
step 5520 loss 1.51162e-03 |g| 7.32e-02 NIS/dof 9.830e-02 applied 1.00 reseeds 3355
step 5530 loss 1.67627e-03 |g| 5.64e-02 NIS/dof 1.079e-01 applied 1.00 reseeds 3364
step 5540 loss 1.70235e-03 |g| 6.67e-02 NIS/dof 9.620e-02 applied 1.00 reseeds 3368
step 5550 loss 1.70997e-03 |g| 9.02e-02 NIS/dof 1.111e-01 applied 1.00 reseeds 3374
step 5560 loss 1.68363e-03 |g| 4.92e-02 NIS/dof 1.169e-01 applied 1.00 reseeds 3381
step 5570 loss 4.48177e-03 |g| 1.44e-01 NIS/dof 1.597e-01 applied 1.00 reseeds 3388
step 5580 loss 1.99273e-03 |g| 7.64e-02 NIS/dof 1.063e-01 applied 1.00 reseeds 3393
step 5590 loss 1.63637e-03 |g| 5.15e-02 NIS/dof 1.035e-01 applied 1.00 reseeds 3404
step 5600 loss 1.77352e-03 |g| 7.91e-02 NIS/dof 9.074e-02 applied 1.00 reseeds 3407
step 5610 loss 2.12656e-03 |g| 6.04e-02 NIS/dof 1.101e-01 applied 1.00 reseeds 3412
step 5620 loss 1.64676e-03 |g| 5.64e-02 NIS/dof 1.477e-01 applied 1.00 reseeds 3417
step 5630 loss 2.07106e-03 |g| 7.10e-02 NIS/dof 1.144e-01 applied 1.00 reseeds 3421
step 5640 loss 1.48943e-03 |g| 7.14e-02 NIS/dof 1.091e-01 applied 1.00 reseeds 3429
step 5650 loss 1.77847e-03 |g| 7.87e-02 NIS/dof 9.482e-02 applied 1.00 reseeds 3438
step 5660 loss 1.77077e-03 |g| 9.63e-02 NIS/dof 1.090e-01 applied 1.00 reseeds 3445
step 5670 loss 1.58142e-03 |g| 7.54e-02 NIS/dof 1.216e-01 applied 1.00 reseeds 3451
step 5680 loss 1.42952e-03 |g| 5.01e-02 NIS/dof 9.051e-02 applied 1.00 reseeds 3464
step 5690 loss 1.68887e-03 |g| 5.55e-02 NIS/dof 1.059e-01 applied 1.00 reseeds 3469
step 5700 loss 1.58309e-03 |g| 1.02e-01 NIS/dof 1.103e-01 applied 1.00 reseeds 3475
step 5710 loss 1.55793e-03 |g| 5.76e-02 NIS/dof 9.501e-02 applied 1.00 reseeds 3479
step 5720 loss 1.72285e-03 |g| 5.38e-02 NIS/dof 1.164e-01 applied 1.00 reseeds 3482
step 5730 loss 1.76679e-03 |g| 4.07e-02 NIS/dof 1.038e-01 applied 1.00 reseeds 3486
step 5740 loss 1.75863e-03 |g| 1.04e-01 NIS/dof 1.017e-01 applied 1.00 reseeds 3494
step 5750 loss 1.73341e-03 |g| 7.39e-02 NIS/dof 1.079e-01 applied 1.00 reseeds 3503
step 5760 loss 1.92024e-03 |g| 1.22e-01 NIS/dof 1.097e-01 applied 1.00 reseeds 3508
step 5770 loss 1.79656e-03 |g| 5.03e-02 NIS/dof 9.329e-02 applied 1.00 reseeds 3516
step 5780 loss 1.86345e-03 |g| 7.59e-02 NIS/dof 1.342e-01 applied 1.00 reseeds 3519
step 5790 loss 1.83031e-03 |g| 8.62e-02 NIS/dof 1.064e-01 applied 1.00 reseeds 3524
step 5800 loss 1.87566e-03 |g| 4.98e-02 NIS/dof 8.972e-02 applied 1.00 reseeds 3530
step 5810 loss 2.27824e-03 |g| 8.85e-02 NIS/dof 1.116e-01 applied 1.00 reseeds 3538
step 5820 loss 1.83838e-03 |g| 4.34e-02 NIS/dof 1.267e-01 applied 1.00 reseeds 3547
step 5830 loss 1.55535e-03 |g| 5.95e-02 NIS/dof 1.058e-01 applied 1.00 reseeds 3552
step 5840 loss 2.04876e-03 |g| 1.01e-01 NIS/dof 1.075e-01 applied 1.00 reseeds 3559
step 5850 loss 1.95089e-03 |g| 6.10e-02 NIS/dof 1.318e-01 applied 1.00 reseeds 3568
step 5860 loss 2.11803e-03 |g| 7.30e-02 NIS/dof 1.111e-01 applied 1.00 reseeds 3572
step 5870 loss 1.47727e-03 |g| 4.60e-02 NIS/dof 1.309e-01 applied 1.00 reseeds 3580
step 5880 loss 2.18796e-03 |g| 7.02e-02 NIS/dof 1.112e-01 applied 1.00 reseeds 3582
step 5890 loss 1.54861e-03 |g| 5.62e-02 NIS/dof 1.006e-01 applied 1.00 reseeds 3588
step 5900 loss 1.75179e-03 |g| 5.34e-02 NIS/dof 1.207e-01 applied 1.00 reseeds 3592
step 5910 loss 1.91633e-03 |g| 6.92e-02 NIS/dof 1.094e-01 applied 1.00 reseeds 3597
step 5920 loss 1.78686e-03 |g| 6.76e-02 NIS/dof 1.046e-01 applied 1.00 reseeds 3605
step 5930 loss 1.53730e-03 |g| 4.52e-02 NIS/dof 1.147e-01 applied 1.00 reseeds 3612
step 5940 loss 1.53918e-03 |g| 4.96e-02 NIS/dof 1.009e-01 applied 1.00 reseeds 3615
step 5950 loss 2.20803e-03 |g| 9.76e-02 NIS/dof 1.164e-01 applied 1.00 reseeds 3620
step 5960 loss 1.17773e-03 |g| 6.62e-02 NIS/dof 8.238e-02 applied 1.00 reseeds 3625
step 5970 loss 1.44175e-03 |g| 5.32e-02 NIS/dof 1.005e-01 applied 1.00 reseeds 3629
step 5980 loss 1.58592e-03 |g| 6.45e-02 NIS/dof 1.037e-01 applied 1.00 reseeds 3636
step 5990 loss 1.85746e-03 |g| 1.08e-01 NIS/dof 9.889e-02 applied 1.00 reseeds 3641
step 5999 loss 1.60816e-03 |g| 5.94e-02 NIS/dof 1.051e-01 applied 1.00 reseeds 3645
== validating on held-out ==
  flat/seed28: baseline={'vel_rmse': 0.0543321646770635, 'vel_nees': 4.018834230045485, 'vel_nees_tangent': 5.192904963115444, 'vel_nees_x': 0.0685217831694923, 'vel_nees_y': 0.07952276025970378, 'vel_nees_z': 2.0026284594950314, 'nis_over_dof': 0.009548450264961804, 'applied': 0.9999999999999999}  learned={'vel_rmse': 0.043373279342266126, 'vel_nees': 2.312021774577579, 'vel_nees_tangent': 2.9288271678415154, 'vel_nees_x': 0.05075442249347225, 'vel_nees_y': 0.06401361686106456, 'vel_nees_z': 1.2745014102239811, 'nis_over_dof': 0.11864769832028937, 'applied': 0.9999999999999999}
  hard_stepping/seed27: baseline={'vel_rmse': 0.06187650061761749, 'vel_nees': 4.711327474820552, 'vel_nees_tangent': 6.580368070799619, 'vel_nees_x': 0.05812809337318238, 'vel_nees_y': 0.07298798336214275, 'vel_nees_z': 2.894347971465953, 'nis_over_dof': 0.014109930229590915, 'applied': 0.9999999999999999}  learned={'vel_rmse': 0.058249919795684724, 'vel_nees': 3.60670689524448, 'vel_nees_tangent': 5.107147360926857, 'vel_nees_x': 0.06380535316084568, 'vel_nees_y': 0.07779008764808484, 'vel_nees_z': 2.326262600643931, 'nis_over_dof': 0.13562484803859146, 'applied': 0.9999999999999999}
  stepping_stones/seed22: baseline={'vel_rmse': 0.055025895449091804, 'vel_nees': 3.7890936357418847, 'vel_nees_tangent': 5.228076278557144, 'vel_nees_x': 0.07037878887187993, 'vel_nees_y': 0.05307722958974436, 'vel_nees_z': 2.260820985818893, 'nis_over_dof': 0.010696378873810542, 'applied': 0.9999999999999999}  learned={'vel_rmse': 0.04874304599984064, 'vel_nees': 2.4274503469303785, 'vel_nees_tangent': 3.8096246168991907, 'vel_nees_x': 0.0772847320021917, 'vel_nees_y': 0.048080051776244734, 'vel_nees_z': 1.5165514138009901, 'nis_over_dof': 0.09991569499788285, 'applied': 0.9999999999999999}
  waves/seed25: baseline={'vel_rmse': 0.05429266381876227, 'vel_nees': 3.876504358601226, 'vel_nees_tangent': 5.263272485057155, 'vel_nees_x': 0.05643882781619317, 'vel_nees_y': 0.04414943432361544, 'vel_nees_z': 2.169316671417653, 'nis_over_dof': 0.009545846302603187, 'applied': 0.9999999999999999}  learned={'vel_rmse': 0.04001746095516842, 'vel_nees': 2.0609215446936693, 'vel_nees_tangent': 2.8620170403357763, 'vel_nees_x': 0.021479830839627855, 'vel_nees_y': 0.03623044994556553, 'vel_nees_z': 1.302060243637373, 'nis_over_dof': 0.10615695473619763, 'applied': 0.9999999999999999}
== summary ==
{
  "run": {
    "dir": "L256_C_l2velori",
    "started_at": "2026-08-09T09:27:26",
    "tag": null,
    "args": {
      "collect": false,
      "train_seeds": [
        0,
        1,
        2,
        3
      ],
      "val_seeds": [
        4,
        5,
        6,
        7
      ],
      "seconds": 45.0,
      "steps": 6000,
      "warmup_steps": 100,
      "time_budget_s": 86400.0,
      "tag": null,
      "out_dir": "results/l_ablation/L256_C_l2velori",
      "contacts_per_foot": 4,
      "objective": "l2_vel_ori",
      "w_pos": null,
      "w_ori": null,
      "pose_weight_ratio": null,
      "L": 256,
      "remat": false,
      "contact_meas_var": 0.0001,
      "pool": "n8fix"
    }
  },
  "n_train": 21,
  "n_val": 4,
  "steps_run": 6000,
  "final_reseeds": 3645,
  "floored": [],
  "cfg": {
    "F": 30,
    "d_in": 600,
    "H": 20,
    "window_span_s": 0.019,
    "L": 256,
    "B": 32,
    "objective": "l2_vel_ori",
    "remat": false,
    "contact_meas_var": 0.0001,
    "w_pos": 0.0,
    "w_ori": 8.43542474708433,
    "pose_weight_ratio": 0.5,
    "episode_s": 43.0,
    "warm_in_s": 1.0,
    "peak_lr": 0.0001,
    "init_seed": 0,
    "batcher_seed": 0,
    "cmd_ranges": {
      "vx": [
        0.3,
        0.9
      ],
      "vy": [
        0.25,
        0.5
      ],
      "yaw": [
        0.3,
        1.5
      ]
    }
  },
  "wall_s": 7612.00489616394,
  "val": [
    {
      "mode": "flat/seed28",
      "rollout": "flat/seed28",
      "baseline": {
        "vel_rmse": 0.0543321646770635,
        "vel_nees": 4.018834230045485,
        "vel_nees_tangent": 5.192904963115444,
        "vel_nees_x": 0.0685217831694923,
        "vel_nees_y": 0.07952276025970378,
        "vel_nees_z": 2.0026284594950314,
        "nis_over_dof": 0.009548450264961804,
        "applied": 0.9999999999999999
      },
      "learned": {
        "vel_rmse": 0.043373279342266126,
        "vel_nees": 2.312021774577579,
        "vel_nees_tangent": 2.9288271678415154,
        "vel_nees_x": 0.05075442249347225,
        "vel_nees_y": 0.06401361686106456,
        "vel_nees_z": 1.2745014102239811,
        "nis_over_dof": 0.11864769832028937,
        "applied": 0.9999999999999999
      }
    },
    {
      "mode": "hard_stepping/seed27",
      "rollout": "hard_stepping/seed27",
      "baseline": {
        "vel_rmse": 0.06187650061761749,
        "vel_nees": 4.711327474820552,
        "vel_nees_tangent": 6.580368070799619,
        "vel_nees_x": 0.05812809337318238,
        "vel_nees_y": 0.07298798336214275,
        "vel_nees_z": 2.894347971465953,
        "nis_over_dof": 0.014109930229590915,
        "applied": 0.9999999999999999
      },
      "learned": {
        "vel_rmse": 0.058249919795684724,
        "vel_nees": 3.60670689524448,
        "vel_nees_tangent": 5.107147360926857,
        "vel_nees_x": 0.06380535316084568,
        "vel_nees_y": 0.07779008764808484,
        "vel_nees_z": 2.326262600643931,
        "nis_over_dof": 0.13562484803859146,
        "applied": 0.9999999999999999
      }
    },
    {
      "mode": "stepping_stones/seed22",
      "rollout": "stepping_stones/seed22",
      "baseline": {
        "vel_rmse": 0.055025895449091804,
        "vel_nees": 3.7890936357418847,
        "vel_nees_tangent": 5.228076278557144,
        "vel_nees_x": 0.07037878887187993,
        "vel_nees_y": 0.05307722958974436,
        "vel_nees_z": 2.260820985818893,
        "nis_over_dof": 0.010696378873810542,
        "applied": 0.9999999999999999
      },
      "learned": {
        "vel_rmse": 0.04874304599984064,
        "vel_nees": 2.4274503469303785,
        "vel_nees_tangent": 3.8096246168991907,
        "vel_nees_x": 0.0772847320021917,
        "vel_nees_y": 0.048080051776244734,
        "vel_nees_z": 1.5165514138009901,
        "nis_over_dof": 0.09991569499788285,
        "applied": 0.9999999999999999
      }
    },
    {
      "mode": "waves/seed25",
      "rollout": "waves/seed25",
      "baseline": {
        "vel_rmse": 0.05429266381876227,
        "vel_nees": 3.876504358601226,
        "vel_nees_tangent": 5.263272485057155,
        "vel_nees_x": 0.05643882781619317,
        "vel_nees_y": 0.04414943432361544,
        "vel_nees_z": 2.169316671417653,
        "nis_over_dof": 0.009545846302603187,
        "applied": 0.9999999999999999
      },
      "learned": {
        "vel_rmse": 0.04001746095516842,
        "vel_nees": 2.0609215446936693,
        "vel_nees_tangent": 2.8620170403357763,
        "vel_nees_x": 0.021479830839627855,
        "vel_nees_y": 0.03623044994556553,
        "vel_nees_z": 1.302060243637373,
        "nis_over_dof": 0.10615695473619763,
        "applied": 0.9999999999999999
      }
    }
  ],
  "loss_first": 0.8252782791919645,
  "loss_last": 0.0016081583471517368
}
  plots -> /home/llibshutz/alex/invariant-estimation/results/l_ablation/L256_C_l2velori/training.png, /home/llibshutz/alex/invariant-estimation/results/l_ablation/L256_C_l2velori/validation.png
[2026-08-09 11:34:22] --- cell L=256 C_l2velori complete: 6000 steps ---
[2026-08-09 11:34:22] --- cell L=256 D_l2velposori (l2_vel_pos_ori) -> results/l_ablation/L256_D_l2velposori ---
Failed to import warp: No module named 'warp'
Failed to import mujoco_warp: No module named 'warp'
== run directory: /home/llibshutz/alex/invariant-estimation/results/l_ablation/L256_D_l2velposori ==
collector: 9 filtered joints, 8 IMUs, 8 contacts, 4 off-path joints, dt=0.001 (1000 Hz)  [built in 0.9s]
pool 'n8fix': 25 rollouts over {'flat': 8, 'hard_stepping': 7, 'stepping_stones': 4, 'waves': 6}
train rollouts: ['flat_n8fix_seed000.npz', 'flat_n8fix_seed004.npz', 'flat_n8fix_seed008.npz', 'flat_n8fix_seed012.npz', 'flat_n8fix_seed016.npz', 'flat_n8fix_seed020.npz', 'flat_n8fix_seed024.npz', 'hard_stepping_n8fix_seed003.npz', 'hard_stepping_n8fix_seed007.npz', 'hard_stepping_n8fix_seed011.npz', 'hard_stepping_n8fix_seed015.npz', 'hard_stepping_n8fix_seed019.npz', 'hard_stepping_n8fix_seed023.npz', 'stepping_stones_n8fix_seed006.npz', 'stepping_stones_n8fix_seed014.npz', 'stepping_stones_n8fix_seed018.npz', 'waves_n8fix_seed001.npz', 'waves_n8fix_seed005.npz', 'waves_n8fix_seed009.npz', 'waves_n8fix_seed017.npz', 'waves_n8fix_seed021.npz']
val rollouts:   ['flat_n8fix_seed028.npz', 'hard_stepping_n8fix_seed027.npz', 'stepping_stones_n8fix_seed022.npz', 'waves_n8fix_seed025.npz']
== building channel caches ==
  reused flat_n8fix_seed000_feat.npz (cache newer than rollout, channels match)
  reused flat_n8fix_seed004_feat.npz (cache newer than rollout, channels match)
  reused flat_n8fix_seed008_feat.npz (cache newer than rollout, channels match)
  reused flat_n8fix_seed012_feat.npz (cache newer than rollout, channels match)
  reused flat_n8fix_seed016_feat.npz (cache newer than rollout, channels match)
  reused flat_n8fix_seed020_feat.npz (cache newer than rollout, channels match)
  reused flat_n8fix_seed024_feat.npz (cache newer than rollout, channels match)
  reused hard_stepping_n8fix_seed003_feat.npz (cache newer than rollout, channels match)
  reused hard_stepping_n8fix_seed007_feat.npz (cache newer than rollout, channels match)
  reused hard_stepping_n8fix_seed011_feat.npz (cache newer than rollout, channels match)
  reused hard_stepping_n8fix_seed015_feat.npz (cache newer than rollout, channels match)
  reused hard_stepping_n8fix_seed019_feat.npz (cache newer than rollout, channels match)
  reused hard_stepping_n8fix_seed023_feat.npz (cache newer than rollout, channels match)
  reused stepping_stones_n8fix_seed006_feat.npz (cache newer than rollout, channels match)
  reused stepping_stones_n8fix_seed014_feat.npz (cache newer than rollout, channels match)
  reused stepping_stones_n8fix_seed018_feat.npz (cache newer than rollout, channels match)
  reused waves_n8fix_seed001_feat.npz (cache newer than rollout, channels match)
  reused waves_n8fix_seed005_feat.npz (cache newer than rollout, channels match)
  reused waves_n8fix_seed009_feat.npz (cache newer than rollout, channels match)
  reused waves_n8fix_seed017_feat.npz (cache newer than rollout, channels match)
  reused waves_n8fix_seed021_feat.npz (cache newer than rollout, channels match)
  reused flat_n8fix_seed028_feat.npz (cache newer than rollout, channels match)
  reused hard_stepping_n8fix_seed027_feat.npz (cache newer than rollout, channels match)
  reused stepping_stones_n8fix_seed022_feat.npz (cache newer than rollout, channels match)
  reused waves_n8fix_seed025_feat.npz (cache newer than rollout, channels match)
== fitting normalization (train, walking set) ==
  floored channels: []
  cfg: F=30 d_in=600 H=20 (window 19 ms, consecutive ticks) L=256 B=32 objective=l2_vel_pos_ori episode_s=43.0
== preparing rollouts ==
  prepared flat/seed0: T=44000, starts=[16019, 43744] (27726 legal)
  prepared flat/seed4: T=44000, starts=[16019, 43744] (27726 legal)
  prepared flat/seed8: T=44000, starts=[16019, 43744] (27726 legal)
  prepared flat/seed12: T=44000, starts=[16019, 43744] (27726 legal)
  prepared flat/seed16: T=44000, starts=[16019, 43744] (27726 legal)
  prepared flat/seed20: T=44000, starts=[16019, 43744] (27726 legal)
  prepared flat/seed24: T=44000, starts=[16019, 43744] (27726 legal)
  prepared hard_stepping/seed3: T=44000, starts=[16019, 43744] (27726 legal)
  prepared hard_stepping/seed7: T=44000, starts=[16019, 43744] (27726 legal)
  prepared hard_stepping/seed11: T=44000, starts=[16019, 43744] (27726 legal)
  prepared hard_stepping/seed15: T=44000, starts=[16019, 43744] (27726 legal)
  prepared hard_stepping/seed19: T=44000, starts=[16019, 43744] (27726 legal)
  prepared hard_stepping/seed23: T=44000, starts=[16019, 43744] (27726 legal)
  prepared stepping_stones/seed6: T=44000, starts=[16019, 43744] (27726 legal)
  prepared stepping_stones/seed14: T=44000, starts=[16019, 43744] (27726 legal)
  prepared stepping_stones/seed18: T=44000, starts=[16019, 43744] (27726 legal)
  prepared waves/seed1: T=44000, starts=[16019, 43744] (27726 legal)
  prepared waves/seed5: T=44000, starts=[16019, 43744] (27726 legal)
  prepared waves/seed9: T=44000, starts=[16019, 43744] (27726 legal)
  prepared waves/seed17: T=44000, starts=[16019, 43744] (27726 legal)
  prepared waves/seed21: T=44000, starts=[16019, 43744] (27726 legal)
  prepared flat/seed28: T=44000, starts=[16019, 43744] (27726 legal)
  prepared hard_stepping/seed27: T=44000, starts=[16019, 43744] (27726 legal)
  prepared stepping_stones/seed22: T=44000, starts=[16019, 43744] (27726 legal)
  prepared waves/seed25: T=44000, starts=[16019, 43744] (27726 legal)
== re-flooring contact measurement noise: pool collected at 0, training at 0.0001 (delta +0.0001 on diag(sigma_q)) ==
== measuring P0 ==
  P0 from flat/seed0 ticks [16019, 19019): diag(R)=[6.64983805e-05 6.89037297e-05 1.00027989e+00], diag(v)=[0.00079118 0.00077245 0.00018433], diag(p)=[0.12287249 0.12097755 0.12140872], diag(d)=[0.12287031 0.12097683 0.12141024 0.12286839 0.12097627 0.1214101
 0.1228721  0.12098173 0.12140916 0.12287092 0.12098141 0.12140908
 0.12291139 0.12104048 0.12144945 0.12291014 0.12104344 0.12144625
 0.12293942 0.12105974 0.12142006 0.12287423 0.12097469 0.12141085], eig in [8.791e-08, 1.152e+00]
== building network + batcher ==
  pose-weight measurement (warm batch, init net): L_vel=5.502e-01 L_pos=6.746e-02 L_ori=3.261e-02
  pose weights (frozen): w_pos=4.0779e+00 w_ori=8.4354e+00 (ratio=0.5, objective=l2_vel_pos_ori)
== training ==
step    0 loss 1.10037e+00 |g| 3.96e+00 NIS/dof 1.026e+01 applied 1.00 reseeds 1
step   10 loss 2.17428e+00 |g| 1.14e+02 NIS/dof 1.348e+01 applied 1.00 reseeds 4
step   20 loss 1.86254e+00 |g| 1.02e+02 NIS/dof 9.609e+00 applied 1.00 reseeds 5
step   30 loss 1.24296e+00 |g| 1.34e+01 NIS/dof 7.088e+00 applied 1.00 reseeds 16
step   40 loss 1.53621e+00 |g| 1.05e+01 NIS/dof 8.567e+00 applied 1.00 reseeds 21
step   50 loss 1.62991e+00 |g| 3.43e+01 NIS/dof 9.138e+00 applied 1.00 reseeds 26
step   60 loss 1.27808e+00 |g| 1.30e+01 NIS/dof 7.761e+00 applied 1.00 reseeds 29
step   70 loss 1.21557e+00 |g| 1.31e+01 NIS/dof 7.759e+00 applied 1.00 reseeds 34
step   80 loss 1.33703e+00 |g| 1.50e+01 NIS/dof 8.464e+00 applied 1.00 reseeds 38
step   90 loss 1.16819e+00 |g| 9.57e+00 NIS/dof 8.689e+00 applied 1.00 reseeds 44
step  100 loss 9.66002e-01 |g| 1.05e+01 NIS/dof 8.168e+00 applied 1.00 reseeds 57
step  110 loss 9.68359e-01 |g| 9.57e+00 NIS/dof 6.925e+00 applied 1.00 reseeds 67
step  120 loss 1.04010e+00 |g| 1.44e+01 NIS/dof 7.421e+00 applied 1.00 reseeds 79
step  130 loss 9.89382e-01 |g| 2.78e+01 NIS/dof 6.898e+00 applied 1.00 reseeds 85
step  140 loss 8.90903e-01 |g| 1.04e+01 NIS/dof 6.847e+00 applied 1.00 reseeds 91
step  150 loss 1.27587e+00 |g| 2.59e+01 NIS/dof 9.127e+00 applied 1.00 reseeds 96
step  160 loss 1.03964e+00 |g| 1.29e+01 NIS/dof 7.524e+00 applied 1.00 reseeds 97
step  170 loss 9.97458e-01 |g| 1.18e+01 NIS/dof 8.884e+00 applied 1.00 reseeds 102
step  180 loss 1.13592e+00 |g| 6.89e+00 NIS/dof 7.543e+00 applied 1.00 reseeds 110
step  190 loss 1.26141e+00 |g| 1.37e+01 NIS/dof 8.643e+00 applied 1.00 reseeds 115
step  200 loss 1.11618e+00 |g| 2.24e+01 NIS/dof 9.802e+00 applied 1.00 reseeds 125
step  210 loss 1.25909e+00 |g| 4.83e+01 NIS/dof 1.131e+01 applied 1.00 reseeds 136
step  220 loss 1.12189e+00 |g| 4.13e+01 NIS/dof 8.556e+00 applied 1.00 reseeds 143
step  230 loss 1.06039e+00 |g| 1.22e+01 NIS/dof 8.405e+00 applied 1.00 reseeds 148
step  240 loss 9.64096e-01 |g| 1.38e+01 NIS/dof 8.250e+00 applied 1.00 reseeds 152
step  250 loss 9.60394e-01 |g| 2.17e+01 NIS/dof 7.686e+00 applied 1.00 reseeds 159
step  260 loss 1.18306e+00 |g| 9.54e+00 NIS/dof 7.813e+00 applied 1.00 reseeds 162
step  270 loss 9.22174e-01 |g| 1.51e+01 NIS/dof 7.607e+00 applied 1.00 reseeds 170
step  280 loss 9.58767e-01 |g| 1.90e+01 NIS/dof 7.593e+00 applied 1.00 reseeds 177
step  290 loss 9.75612e-01 |g| 1.64e+01 NIS/dof 8.680e+00 applied 1.00 reseeds 187
step  300 loss 1.30483e+00 |g| 5.66e+01 NIS/dof 1.005e+01 applied 1.00 reseeds 192
step  310 loss 1.10011e+00 |g| 1.85e+01 NIS/dof 8.910e+00 applied 1.00 reseeds 196
step  320 loss 9.98616e-01 |g| 1.19e+01 NIS/dof 8.105e+00 applied 1.00 reseeds 202
step  330 loss 6.99423e-01 |g| 1.59e+01 NIS/dof 7.704e+00 applied 1.00 reseeds 210
step  340 loss 6.57376e-01 |g| 4.18e+01 NIS/dof 7.089e+00 applied 1.00 reseeds 218
step  350 loss 7.27182e-01 |g| 2.86e+01 NIS/dof 7.319e+00 applied 1.00 reseeds 222
step  360 loss 5.50230e-01 |g| 3.06e+01 NIS/dof 5.816e+00 applied 1.00 reseeds 233
step  370 loss 4.03308e-01 |g| 1.64e+01 NIS/dof 4.454e+00 applied 1.00 reseeds 239
step  380 loss 2.55198e-01 |g| 8.09e+00 NIS/dof 2.916e+00 applied 1.00 reseeds 247
step  390 loss 2.09459e-01 |g| 2.84e+01 NIS/dof 2.859e+00 applied 1.00 reseeds 254
step  400 loss 1.38253e-01 |g| 2.24e+01 NIS/dof 2.108e+00 applied 1.00 reseeds 260
step  410 loss 1.38268e-01 |g| 6.94e+00 NIS/dof 1.947e+00 applied 1.00 reseeds 266
step  420 loss 9.28466e-02 |g| 4.35e+00 NIS/dof 1.469e+00 applied 1.00 reseeds 275
step  430 loss 8.21945e-02 |g| 1.47e+01 NIS/dof 1.712e+00 applied 1.00 reseeds 278
step  440 loss 5.90848e-02 |g| 3.75e+00 NIS/dof 1.193e+00 applied 1.00 reseeds 289
step  450 loss 4.68687e-02 |g| 4.48e+00 NIS/dof 1.276e+00 applied 1.00 reseeds 293
step  460 loss 4.69420e-02 |g| 4.77e+00 NIS/dof 1.172e+00 applied 1.00 reseeds 297
step  470 loss 4.26921e-02 |g| 3.34e+00 NIS/dof 9.966e-01 applied 1.00 reseeds 306
step  480 loss 3.28402e-02 |g| 3.02e+00 NIS/dof 9.558e-01 applied 1.00 reseeds 309
step  490 loss 3.38673e-02 |g| 2.75e+00 NIS/dof 8.663e-01 applied 1.00 reseeds 314
step  500 loss 2.99481e-02 |g| 3.52e+00 NIS/dof 6.977e-01 applied 1.00 reseeds 323
step  510 loss 2.44686e-02 |g| 1.09e+00 NIS/dof 6.483e-01 applied 1.00 reseeds 329
step  520 loss 2.43787e-02 |g| 1.13e+00 NIS/dof 7.440e-01 applied 1.00 reseeds 334
step  530 loss 1.81350e-02 |g| 2.31e+00 NIS/dof 5.611e-01 applied 1.00 reseeds 338
step  540 loss 2.55996e-02 |g| 1.67e+00 NIS/dof 5.655e-01 applied 1.00 reseeds 343
step  550 loss 1.55110e-02 |g| 7.80e-01 NIS/dof 4.376e-01 applied 1.00 reseeds 350
step  560 loss 1.90060e-02 |g| 1.89e+00 NIS/dof 5.329e-01 applied 1.00 reseeds 357
step  570 loss 2.98004e-02 |g| 1.05e+00 NIS/dof 5.826e-01 applied 1.00 reseeds 367
step  580 loss 1.42012e-02 |g| 2.16e+00 NIS/dof 4.511e-01 applied 1.00 reseeds 375
step  590 loss 1.01202e-02 |g| 7.64e-01 NIS/dof 3.389e-01 applied 1.00 reseeds 381
step  600 loss 1.21996e-02 |g| 6.09e-01 NIS/dof 3.760e-01 applied 1.00 reseeds 386
step  610 loss 1.21268e-02 |g| 1.32e+00 NIS/dof 3.510e-01 applied 1.00 reseeds 390
step  620 loss 8.67484e-03 |g| 7.04e-01 NIS/dof 3.115e-01 applied 1.00 reseeds 398
step  630 loss 1.01748e-02 |g| 9.25e-01 NIS/dof 2.929e-01 applied 1.00 reseeds 405
step  640 loss 1.51944e-02 |g| 5.34e-01 NIS/dof 3.357e-01 applied 1.00 reseeds 411
step  650 loss 8.79689e-03 |g| 3.68e-01 NIS/dof 2.560e-01 applied 1.00 reseeds 419
step  660 loss 1.72880e-02 |g| 1.05e+00 NIS/dof 2.891e-01 applied 1.00 reseeds 429
step  670 loss 8.39513e-03 |g| 6.53e-01 NIS/dof 2.495e-01 applied 1.00 reseeds 433
step  680 loss 1.01505e-02 |g| 3.73e-01 NIS/dof 2.571e-01 applied 1.00 reseeds 438
step  690 loss 8.73500e-03 |g| 3.20e-01 NIS/dof 2.198e-01 applied 1.00 reseeds 444
step  700 loss 8.46038e-03 |g| 7.31e-01 NIS/dof 2.081e-01 applied 1.00 reseeds 447
step  710 loss 7.10760e-03 |g| 3.19e-01 NIS/dof 1.786e-01 applied 1.00 reseeds 452
step  720 loss 6.00379e-03 |g| 1.91e-01 NIS/dof 1.566e-01 applied 1.00 reseeds 456
step  730 loss 1.09926e-02 |g| 4.52e-01 NIS/dof 1.697e-01 applied 1.00 reseeds 467
step  740 loss 8.08886e-03 |g| 6.47e-01 NIS/dof 2.171e-01 applied 1.00 reseeds 477
step  750 loss 7.28450e-03 |g| 4.69e-01 NIS/dof 2.010e-01 applied 1.00 reseeds 487
step  760 loss 1.05869e-02 |g| 9.36e-01 NIS/dof 1.806e-01 applied 1.00 reseeds 490
step  770 loss 6.78907e-03 |g| 3.37e-01 NIS/dof 1.931e-01 applied 1.00 reseeds 498
step  780 loss 6.41181e-03 |g| 4.77e-01 NIS/dof 1.716e-01 applied 1.00 reseeds 502
step  790 loss 1.10163e-02 |g| 4.84e-01 NIS/dof 1.981e-01 applied 1.00 reseeds 507
step  800 loss 6.27108e-03 |g| 3.73e-01 NIS/dof 2.132e-01 applied 1.00 reseeds 512
step  810 loss 5.19265e-03 |g| 4.64e-01 NIS/dof 1.308e-01 applied 1.00 reseeds 519
step  820 loss 6.11534e-03 |g| 2.53e-01 NIS/dof 1.459e-01 applied 1.00 reseeds 524
step  830 loss 6.62700e-03 |g| 3.25e-01 NIS/dof 1.767e-01 applied 1.00 reseeds 530
step  840 loss 6.55626e-03 |g| 2.28e-01 NIS/dof 1.295e-01 applied 1.00 reseeds 537
step  850 loss 7.55064e-03 |g| 3.27e-01 NIS/dof 1.535e-01 applied 1.00 reseeds 543
step  860 loss 5.10126e-03 |g| 2.58e-01 NIS/dof 1.666e-01 applied 1.00 reseeds 547
step  870 loss 5.10538e-03 |g| 4.16e-01 NIS/dof 1.827e-01 applied 1.00 reseeds 553
step  880 loss 5.88199e-03 |g| 5.27e-01 NIS/dof 1.392e-01 applied 1.00 reseeds 557
step  890 loss 5.32804e-03 |g| 1.68e-01 NIS/dof 1.405e-01 applied 1.00 reseeds 564
step  900 loss 4.69792e-03 |g| 1.69e-01 NIS/dof 1.439e-01 applied 1.00 reseeds 572
step  910 loss 5.85461e-03 |g| 2.48e-01 NIS/dof 1.551e-01 applied 1.00 reseeds 578
step  920 loss 4.79400e-03 |g| 3.38e-01 NIS/dof 1.343e-01 applied 1.00 reseeds 584
step  930 loss 6.11498e-03 |g| 2.96e-01 NIS/dof 1.612e-01 applied 1.00 reseeds 589
step  940 loss 6.16996e-03 |g| 2.03e-01 NIS/dof 1.652e-01 applied 1.00 reseeds 596
step  950 loss 5.45537e-03 |g| 2.69e-01 NIS/dof 1.277e-01 applied 1.00 reseeds 601
step  960 loss 4.05747e-03 |g| 1.08e-01 NIS/dof 1.282e-01 applied 1.00 reseeds 607
step  970 loss 5.94870e-03 |g| 2.63e-01 NIS/dof 1.206e-01 applied 1.00 reseeds 610
step  980 loss 4.41167e-03 |g| 1.37e-01 NIS/dof 1.282e-01 applied 1.00 reseeds 619
step  990 loss 5.88971e-03 |g| 1.56e-01 NIS/dof 1.402e-01 applied 1.00 reseeds 625
step 1000 loss 6.99201e-03 |g| 2.04e-01 NIS/dof 1.461e-01 applied 1.00 reseeds 632
step 1010 loss 4.59038e-03 |g| 2.02e-01 NIS/dof 1.255e-01 applied 1.00 reseeds 636
step 1020 loss 4.43780e-03 |g| 1.39e-01 NIS/dof 1.115e-01 applied 1.00 reseeds 641
step 1030 loss 3.40352e-03 |g| 2.19e-01 NIS/dof 1.074e-01 applied 1.00 reseeds 645
step 1040 loss 4.05906e-03 |g| 1.77e-01 NIS/dof 1.245e-01 applied 1.00 reseeds 650
step 1050 loss 4.27922e-03 |g| 1.41e-01 NIS/dof 1.178e-01 applied 1.00 reseeds 660
step 1060 loss 3.91771e-03 |g| 2.57e-01 NIS/dof 1.048e-01 applied 1.00 reseeds 664
step 1070 loss 4.80650e-03 |g| 1.49e-01 NIS/dof 1.025e-01 applied 1.00 reseeds 671
step 1080 loss 5.68823e-03 |g| 3.30e-01 NIS/dof 1.593e-01 applied 1.00 reseeds 680
step 1090 loss 3.79224e-03 |g| 8.97e-02 NIS/dof 9.963e-02 applied 1.00 reseeds 683
step 1100 loss 4.20579e-03 |g| 2.34e-01 NIS/dof 1.090e-01 applied 1.00 reseeds 693
step 1110 loss 4.52306e-03 |g| 1.54e-01 NIS/dof 1.287e-01 applied 1.00 reseeds 700
step 1120 loss 5.60351e-03 |g| 2.34e-01 NIS/dof 1.605e-01 applied 1.00 reseeds 708
step 1130 loss 4.75906e-03 |g| 2.46e-01 NIS/dof 1.308e-01 applied 1.00 reseeds 713
step 1140 loss 4.04624e-03 |g| 1.01e-01 NIS/dof 1.121e-01 applied 1.00 reseeds 721
step 1150 loss 4.65346e-03 |g| 2.07e-01 NIS/dof 1.165e-01 applied 1.00 reseeds 729
step 1160 loss 3.84447e-03 |g| 1.91e-01 NIS/dof 8.500e-02 applied 1.00 reseeds 734
step 1170 loss 4.50774e-03 |g| 2.62e-01 NIS/dof 1.079e-01 applied 1.00 reseeds 740
step 1180 loss 4.28586e-03 |g| 1.28e-01 NIS/dof 1.175e-01 applied 1.00 reseeds 745
step 1190 loss 3.34138e-03 |g| 1.48e-01 NIS/dof 1.048e-01 applied 1.00 reseeds 751
step 1200 loss 5.20425e-03 |g| 4.21e-01 NIS/dof 1.303e-01 applied 1.00 reseeds 754
step 1210 loss 4.04333e-03 |g| 1.49e-01 NIS/dof 1.002e-01 applied 1.00 reseeds 760
step 1220 loss 4.77448e-03 |g| 1.49e-01 NIS/dof 1.038e-01 applied 1.00 reseeds 765
step 1230 loss 4.41809e-03 |g| 2.00e-01 NIS/dof 1.344e-01 applied 1.00 reseeds 770
step 1240 loss 3.49483e-03 |g| 1.33e-01 NIS/dof 9.428e-02 applied 1.00 reseeds 777
step 1250 loss 4.06976e-03 |g| 1.57e-01 NIS/dof 1.138e-01 applied 1.00 reseeds 785
step 1260 loss 4.81333e-03 |g| 1.45e-01 NIS/dof 1.105e-01 applied 1.00 reseeds 793
step 1270 loss 5.72934e-03 |g| 2.70e-01 NIS/dof 9.072e-02 applied 1.00 reseeds 796
step 1280 loss 3.85574e-03 |g| 2.28e-01 NIS/dof 8.701e-02 applied 1.00 reseeds 803
step 1290 loss 2.56875e-03 |g| 1.24e-01 NIS/dof 6.471e-02 applied 1.00 reseeds 806
step 1300 loss 3.95726e-03 |g| 8.17e-02 NIS/dof 8.835e-02 applied 1.00 reseeds 813
step 1310 loss 3.30045e-03 |g| 1.09e-01 NIS/dof 9.022e-02 applied 1.00 reseeds 821
step 1320 loss 3.56836e-03 |g| 3.66e-01 NIS/dof 1.064e-01 applied 1.00 reseeds 826
step 1330 loss 4.32504e-03 |g| 1.91e-01 NIS/dof 1.033e-01 applied 1.00 reseeds 832
step 1340 loss 3.52100e-03 |g| 2.10e-01 NIS/dof 1.061e-01 applied 1.00 reseeds 841
step 1350 loss 3.69030e-03 |g| 6.88e-02 NIS/dof 1.113e-01 applied 1.00 reseeds 845
step 1360 loss 4.96147e-03 |g| 1.18e-01 NIS/dof 1.126e-01 applied 1.00 reseeds 854
step 1370 loss 4.40593e-03 |g| 1.73e-01 NIS/dof 1.150e-01 applied 1.00 reseeds 861
step 1380 loss 3.85959e-03 |g| 1.46e-01 NIS/dof 9.191e-02 applied 1.00 reseeds 869
step 1390 loss 4.60081e-03 |g| 1.11e-01 NIS/dof 9.451e-02 applied 1.00 reseeds 876
step 1400 loss 5.32677e-03 |g| 1.13e-01 NIS/dof 1.193e-01 applied 1.00 reseeds 882
step 1410 loss 3.35142e-03 |g| 1.07e-01 NIS/dof 9.192e-02 applied 1.00 reseeds 888
step 1420 loss 4.08041e-03 |g| 1.56e-01 NIS/dof 1.006e-01 applied 1.00 reseeds 893
step 1430 loss 4.00240e-03 |g| 2.48e-01 NIS/dof 9.868e-02 applied 1.00 reseeds 896
step 1440 loss 3.61277e-03 |g| 9.41e-02 NIS/dof 1.006e-01 applied 1.00 reseeds 903
step 1450 loss 3.03798e-03 |g| 1.25e-01 NIS/dof 6.870e-02 applied 1.00 reseeds 912
step 1460 loss 2.64957e-03 |g| 2.10e-01 NIS/dof 8.412e-02 applied 1.00 reseeds 918
step 1470 loss 3.50641e-03 |g| 9.54e-02 NIS/dof 9.984e-02 applied 1.00 reseeds 921
step 1480 loss 3.13946e-03 |g| 9.60e-02 NIS/dof 9.127e-02 applied 1.00 reseeds 930
step 1490 loss 3.89818e-03 |g| 7.46e-02 NIS/dof 8.633e-02 applied 1.00 reseeds 936
step 1500 loss 3.67095e-03 |g| 1.22e-01 NIS/dof 8.352e-02 applied 1.00 reseeds 946
step 1510 loss 2.91070e-03 |g| 6.83e-02 NIS/dof 8.235e-02 applied 1.00 reseeds 951
step 1520 loss 2.95266e-03 |g| 1.02e-01 NIS/dof 9.647e-02 applied 1.00 reseeds 960
step 1530 loss 3.81724e-03 |g| 2.18e-01 NIS/dof 9.653e-02 applied 1.00 reseeds 962
step 1540 loss 3.62877e-03 |g| 1.51e-01 NIS/dof 1.065e-01 applied 1.00 reseeds 968
step 1550 loss 4.93972e-03 |g| 1.59e-01 NIS/dof 9.254e-02 applied 1.00 reseeds 976
step 1560 loss 3.64123e-03 |g| 1.18e-01 NIS/dof 1.004e-01 applied 1.00 reseeds 979
step 1570 loss 3.26617e-03 |g| 9.18e-02 NIS/dof 8.401e-02 applied 1.00 reseeds 984
step 1580 loss 3.61158e-03 |g| 6.70e-02 NIS/dof 8.950e-02 applied 1.00 reseeds 989
step 1590 loss 3.73406e-03 |g| 1.05e-01 NIS/dof 8.589e-02 applied 1.00 reseeds 992
step 1600 loss 2.80908e-03 |g| 6.65e-02 NIS/dof 9.336e-02 applied 1.00 reseeds 998
step 1610 loss 3.45907e-03 |g| 1.12e-01 NIS/dof 7.642e-02 applied 1.00 reseeds 1001
step 1620 loss 3.58356e-03 |g| 1.17e-01 NIS/dof 8.290e-02 applied 1.00 reseeds 1010
step 1630 loss 2.94891e-03 |g| 8.09e-02 NIS/dof 9.493e-02 applied 1.00 reseeds 1015
step 1640 loss 3.37321e-03 |g| 2.15e-01 NIS/dof 9.285e-02 applied 1.00 reseeds 1024
step 1650 loss 3.44784e-03 |g| 7.55e-02 NIS/dof 9.009e-02 applied 1.00 reseeds 1030
step 1660 loss 3.30225e-03 |g| 2.63e-01 NIS/dof 1.022e-01 applied 1.00 reseeds 1040
step 1670 loss 3.14090e-03 |g| 5.98e-02 NIS/dof 7.770e-02 applied 1.00 reseeds 1045
step 1680 loss 2.91210e-03 |g| 1.06e-01 NIS/dof 8.924e-02 applied 1.00 reseeds 1050
step 1690 loss 3.52926e-03 |g| 1.21e-01 NIS/dof 9.246e-02 applied 1.00 reseeds 1052
step 1700 loss 3.41357e-03 |g| 7.84e-02 NIS/dof 1.003e-01 applied 1.00 reseeds 1064
step 1710 loss 3.40288e-03 |g| 6.42e-02 NIS/dof 9.748e-02 applied 1.00 reseeds 1065
step 1720 loss 3.40066e-03 |g| 7.55e-02 NIS/dof 8.539e-02 applied 1.00 reseeds 1070
step 1730 loss 2.89980e-03 |g| 8.55e-02 NIS/dof 8.363e-02 applied 1.00 reseeds 1076
step 1740 loss 2.46368e-03 |g| 8.72e-02 NIS/dof 6.453e-02 applied 1.00 reseeds 1084
step 1750 loss 3.52764e-03 |g| 8.46e-02 NIS/dof 9.216e-02 applied 1.00 reseeds 1088
step 1760 loss 3.17765e-03 |g| 5.95e-02 NIS/dof 8.688e-02 applied 1.00 reseeds 1095
step 1770 loss 2.28558e-03 |g| 8.11e-02 NIS/dof 6.833e-02 applied 1.00 reseeds 1101
step 1780 loss 2.77548e-03 |g| 6.82e-02 NIS/dof 6.555e-02 applied 1.00 reseeds 1109
step 1790 loss 3.82847e-03 |g| 1.22e-01 NIS/dof 7.787e-02 applied 1.00 reseeds 1114
step 1800 loss 3.32408e-03 |g| 1.04e-01 NIS/dof 7.719e-02 applied 1.00 reseeds 1124
step 1810 loss 2.71621e-03 |g| 5.58e-02 NIS/dof 8.809e-02 applied 1.00 reseeds 1129
step 1820 loss 3.17545e-03 |g| 8.77e-02 NIS/dof 8.807e-02 applied 1.00 reseeds 1136
step 1830 loss 2.76441e-03 |g| 6.49e-02 NIS/dof 7.727e-02 applied 1.00 reseeds 1144
step 1840 loss 2.93784e-03 |g| 6.09e-02 NIS/dof 7.042e-02 applied 1.00 reseeds 1149
step 1850 loss 2.42399e-03 |g| 9.05e-02 NIS/dof 6.944e-02 applied 1.00 reseeds 1154
step 1860 loss 4.13916e-03 |g| 1.77e-01 NIS/dof 1.454e-01 applied 1.00 reseeds 1159
step 1870 loss 3.42615e-03 |g| 9.70e-02 NIS/dof 8.193e-02 applied 1.00 reseeds 1165
step 1880 loss 2.69406e-03 |g| 9.45e-02 NIS/dof 8.415e-02 applied 1.00 reseeds 1172
step 1890 loss 2.76146e-03 |g| 5.39e-02 NIS/dof 6.870e-02 applied 1.00 reseeds 1177
step 1900 loss 2.87015e-03 |g| 1.62e-01 NIS/dof 9.673e-02 applied 1.00 reseeds 1182
step 1910 loss 2.93357e-03 |g| 6.07e-02 NIS/dof 6.937e-02 applied 1.00 reseeds 1184
step 1920 loss 2.88907e-03 |g| 9.56e-02 NIS/dof 6.762e-02 applied 1.00 reseeds 1194
step 1930 loss 2.82403e-03 |g| 8.90e-02 NIS/dof 7.548e-02 applied 1.00 reseeds 1202
step 1940 loss 2.42226e-03 |g| 9.76e-02 NIS/dof 6.516e-02 applied 1.00 reseeds 1206
step 1950 loss 3.69092e-03 |g| 1.42e-01 NIS/dof 8.150e-02 applied 1.00 reseeds 1209
step 1960 loss 3.44911e-03 |g| 2.30e-01 NIS/dof 7.465e-02 applied 1.00 reseeds 1217
step 1970 loss 3.57676e-03 |g| 5.63e-02 NIS/dof 7.952e-02 applied 1.00 reseeds 1224
step 1980 loss 2.95069e-03 |g| 1.15e-01 NIS/dof 8.055e-02 applied 1.00 reseeds 1230
step 1990 loss 2.66119e-03 |g| 9.09e-02 NIS/dof 8.010e-02 applied 1.00 reseeds 1233
step 2000 loss 2.30337e-03 |g| 7.08e-02 NIS/dof 6.406e-02 applied 1.00 reseeds 1240
step 2010 loss 2.65322e-03 |g| 1.16e-01 NIS/dof 7.487e-02 applied 1.00 reseeds 1244
step 2020 loss 2.71721e-03 |g| 8.77e-02 NIS/dof 6.281e-02 applied 1.00 reseeds 1251
step 2030 loss 3.25867e-03 |g| 1.08e-01 NIS/dof 7.011e-02 applied 1.00 reseeds 1260
step 2040 loss 2.36956e-03 |g| 5.62e-02 NIS/dof 7.435e-02 applied 1.00 reseeds 1267
step 2050 loss 2.72062e-03 |g| 5.66e-02 NIS/dof 6.954e-02 applied 1.00 reseeds 1274
step 2060 loss 2.87299e-03 |g| 7.00e-02 NIS/dof 7.039e-02 applied 1.00 reseeds 1276
step 2070 loss 2.86131e-03 |g| 7.62e-02 NIS/dof 7.660e-02 applied 1.00 reseeds 1279
step 2080 loss 2.73705e-03 |g| 3.76e-02 NIS/dof 8.445e-02 applied 1.00 reseeds 1285
step 2090 loss 3.52310e-03 |g| 1.67e-01 NIS/dof 8.832e-02 applied 1.00 reseeds 1290
step 2100 loss 2.66816e-03 |g| 8.13e-02 NIS/dof 6.963e-02 applied 1.00 reseeds 1295
step 2110 loss 3.64439e-03 |g| 1.02e-01 NIS/dof 7.262e-02 applied 1.00 reseeds 1300
step 2120 loss 3.51126e-03 |g| 1.94e-01 NIS/dof 9.800e-02 applied 1.00 reseeds 1304
step 2130 loss 3.32566e-03 |g| 2.40e-01 NIS/dof 9.659e-02 applied 1.00 reseeds 1308
step 2140 loss 3.07410e-03 |g| 7.15e-02 NIS/dof 7.723e-02 applied 1.00 reseeds 1312
step 2150 loss 3.04489e-03 |g| 7.83e-02 NIS/dof 9.105e-02 applied 1.00 reseeds 1320
step 2160 loss 2.79008e-03 |g| 9.72e-02 NIS/dof 6.816e-02 applied 1.00 reseeds 1328
step 2170 loss 3.01076e-03 |g| 6.06e-02 NIS/dof 8.239e-02 applied 1.00 reseeds 1334
step 2180 loss 2.36982e-03 |g| 9.20e-02 NIS/dof 7.512e-02 applied 1.00 reseeds 1345
step 2190 loss 3.73771e-03 |g| 1.26e-01 NIS/dof 7.793e-02 applied 1.00 reseeds 1353
step 2200 loss 2.37459e-03 |g| 4.95e-02 NIS/dof 6.195e-02 applied 1.00 reseeds 1356
step 2210 loss 3.03016e-03 |g| 9.20e-02 NIS/dof 7.487e-02 applied 1.00 reseeds 1367
step 2220 loss 3.23284e-03 |g| 7.56e-02 NIS/dof 1.264e-01 applied 1.00 reseeds 1377
step 2230 loss 3.61574e-03 |g| 1.49e-01 NIS/dof 9.749e-02 applied 1.00 reseeds 1386
step 2240 loss 3.37936e-03 |g| 1.14e-01 NIS/dof 8.774e-02 applied 1.00 reseeds 1393
step 2250 loss 2.70754e-03 |g| 5.33e-02 NIS/dof 8.260e-02 applied 1.00 reseeds 1396
step 2260 loss 2.78626e-03 |g| 4.57e-02 NIS/dof 8.459e-02 applied 1.00 reseeds 1406
step 2270 loss 2.65832e-03 |g| 1.00e-01 NIS/dof 7.631e-02 applied 1.00 reseeds 1412
step 2280 loss 2.35904e-03 |g| 5.16e-02 NIS/dof 7.328e-02 applied 1.00 reseeds 1413
step 2290 loss 3.63630e-03 |g| 1.06e-01 NIS/dof 8.526e-02 applied 1.00 reseeds 1417
step 2300 loss 2.44836e-03 |g| 6.08e-02 NIS/dof 7.558e-02 applied 1.00 reseeds 1426
step 2310 loss 2.92311e-03 |g| 1.71e-01 NIS/dof 7.745e-02 applied 1.00 reseeds 1428
step 2320 loss 2.77723e-03 |g| 5.31e-02 NIS/dof 8.851e-02 applied 1.00 reseeds 1435
step 2330 loss 3.09131e-03 |g| 5.90e-02 NIS/dof 7.610e-02 applied 1.00 reseeds 1442
step 2340 loss 2.59227e-03 |g| 7.16e-02 NIS/dof 6.959e-02 applied 1.00 reseeds 1448
step 2350 loss 2.60882e-03 |g| 4.88e-02 NIS/dof 7.464e-02 applied 1.00 reseeds 1454
step 2360 loss 2.56841e-03 |g| 7.50e-02 NIS/dof 7.500e-02 applied 1.00 reseeds 1460
step 2370 loss 2.53698e-03 |g| 3.54e-02 NIS/dof 7.892e-02 applied 1.00 reseeds 1466
step 2380 loss 2.63269e-03 |g| 5.21e-02 NIS/dof 7.389e-02 applied 1.00 reseeds 1480
step 2390 loss 2.33201e-03 |g| 6.69e-02 NIS/dof 7.801e-02 applied 1.00 reseeds 1484
step 2400 loss 3.79411e-03 |g| 1.24e-01 NIS/dof 8.027e-02 applied 1.00 reseeds 1485
step 2410 loss 3.17231e-03 |g| 1.83e-01 NIS/dof 1.003e-01 applied 1.00 reseeds 1492
step 2420 loss 3.43585e-03 |g| 7.27e-02 NIS/dof 9.773e-02 applied 1.00 reseeds 1500
step 2430 loss 2.56605e-03 |g| 6.57e-02 NIS/dof 6.881e-02 applied 1.00 reseeds 1507
step 2440 loss 2.30810e-03 |g| 7.07e-02 NIS/dof 7.505e-02 applied 1.00 reseeds 1513
step 2450 loss 2.20985e-03 |g| 9.27e-02 NIS/dof 7.757e-02 applied 1.00 reseeds 1514
step 2460 loss 2.19971e-03 |g| 5.83e-02 NIS/dof 7.774e-02 applied 1.00 reseeds 1519
step 2470 loss 2.86683e-03 |g| 9.80e-02 NIS/dof 6.905e-02 applied 1.00 reseeds 1527
step 2480 loss 2.77001e-03 |g| 6.76e-02 NIS/dof 7.354e-02 applied 1.00 reseeds 1536
step 2490 loss 2.53413e-03 |g| 8.27e-02 NIS/dof 8.493e-02 applied 1.00 reseeds 1540
step 2500 loss 2.39141e-03 |g| 5.32e-02 NIS/dof 7.739e-02 applied 1.00 reseeds 1544
step 2510 loss 2.96874e-03 |g| 8.40e-02 NIS/dof 8.561e-02 applied 1.00 reseeds 1552
step 2520 loss 3.17059e-03 |g| 7.01e-02 NIS/dof 6.711e-02 applied 1.00 reseeds 1558
step 2530 loss 2.73236e-03 |g| 4.51e-02 NIS/dof 7.383e-02 applied 1.00 reseeds 1567
step 2540 loss 3.16679e-03 |g| 7.23e-02 NIS/dof 7.609e-02 applied 1.00 reseeds 1573
step 2550 loss 3.51801e-03 |g| 8.72e-02 NIS/dof 9.747e-02 applied 1.00 reseeds 1581
step 2560 loss 2.95051e-03 |g| 4.21e-02 NIS/dof 7.371e-02 applied 1.00 reseeds 1587
step 2570 loss 2.38220e-03 |g| 1.56e-01 NIS/dof 6.700e-02 applied 1.00 reseeds 1590
step 2580 loss 3.20271e-03 |g| 5.52e-02 NIS/dof 7.744e-02 applied 1.00 reseeds 1596
step 2590 loss 2.48549e-03 |g| 6.55e-02 NIS/dof 6.629e-02 applied 1.00 reseeds 1603
step 2600 loss 2.31333e-03 |g| 4.80e-02 NIS/dof 7.627e-02 applied 1.00 reseeds 1608
step 2610 loss 2.11727e-03 |g| 1.29e-01 NIS/dof 6.962e-02 applied 1.00 reseeds 1612
step 2620 loss 2.82784e-03 |g| 1.09e-01 NIS/dof 6.740e-02 applied 1.00 reseeds 1617
step 2630 loss 2.35427e-03 |g| 5.58e-02 NIS/dof 6.860e-02 applied 1.00 reseeds 1624
step 2640 loss 2.77774e-03 |g| 5.89e-02 NIS/dof 7.055e-02 applied 1.00 reseeds 1632
step 2650 loss 2.37727e-03 |g| 4.23e-02 NIS/dof 7.656e-02 applied 1.00 reseeds 1639
step 2660 loss 2.29357e-03 |g| 8.60e-02 NIS/dof 8.220e-02 applied 1.00 reseeds 1646
step 2670 loss 2.45884e-03 |g| 1.55e-01 NIS/dof 7.881e-02 applied 1.00 reseeds 1651
step 2680 loss 3.01525e-03 |g| 5.23e-02 NIS/dof 6.809e-02 applied 1.00 reseeds 1656
step 2690 loss 2.96423e-03 |g| 8.70e-02 NIS/dof 7.830e-02 applied 1.00 reseeds 1661
step 2700 loss 3.27674e-03 |g| 1.33e-01 NIS/dof 1.003e-01 applied 1.00 reseeds 1667
step 2710 loss 2.51489e-03 |g| 8.22e-02 NIS/dof 8.032e-02 applied 1.00 reseeds 1673
step 2720 loss 2.07845e-03 |g| 4.98e-02 NIS/dof 5.627e-02 applied 1.00 reseeds 1677
step 2730 loss 2.37599e-03 |g| 7.20e-02 NIS/dof 6.516e-02 applied 1.00 reseeds 1684
step 2740 loss 3.00257e-03 |g| 5.89e-02 NIS/dof 9.298e-02 applied 1.00 reseeds 1692
step 2750 loss 3.14182e-03 |g| 1.36e-01 NIS/dof 7.416e-02 applied 1.00 reseeds 1702
step 2760 loss 2.44415e-03 |g| 6.91e-02 NIS/dof 6.967e-02 applied 1.00 reseeds 1709
step 2770 loss 2.10726e-03 |g| 5.63e-02 NIS/dof 6.996e-02 applied 1.00 reseeds 1714
step 2780 loss 1.88270e-03 |g| 2.89e-02 NIS/dof 6.036e-02 applied 1.00 reseeds 1718
step 2790 loss 2.49700e-03 |g| 5.98e-02 NIS/dof 7.247e-02 applied 1.00 reseeds 1721
step 2800 loss 2.60457e-03 |g| 5.05e-02 NIS/dof 8.085e-02 applied 1.00 reseeds 1728
step 2810 loss 2.32084e-03 |g| 7.70e-02 NIS/dof 7.994e-02 applied 1.00 reseeds 1733
step 2820 loss 2.05012e-03 |g| 8.70e-02 NIS/dof 7.935e-02 applied 1.00 reseeds 1746
step 2830 loss 2.12620e-03 |g| 3.84e-02 NIS/dof 7.796e-02 applied 1.00 reseeds 1750
step 2840 loss 2.90780e-03 |g| 3.97e-02 NIS/dof 6.536e-02 applied 1.00 reseeds 1757
step 2850 loss 2.44371e-03 |g| 6.48e-02 NIS/dof 7.312e-02 applied 1.00 reseeds 1763
step 2860 loss 3.15328e-03 |g| 1.04e-01 NIS/dof 7.831e-02 applied 1.00 reseeds 1764
step 2870 loss 2.08678e-03 |g| 4.51e-02 NIS/dof 5.598e-02 applied 1.00 reseeds 1767
step 2880 loss 2.75694e-03 |g| 1.17e-01 NIS/dof 6.883e-02 applied 1.00 reseeds 1774
step 2890 loss 2.27494e-03 |g| 6.19e-02 NIS/dof 6.982e-02 applied 1.00 reseeds 1778
step 2900 loss 2.33369e-03 |g| 9.45e-02 NIS/dof 6.376e-02 applied 1.00 reseeds 1784
step 2910 loss 2.75609e-03 |g| 1.21e-01 NIS/dof 7.421e-02 applied 1.00 reseeds 1791
step 2920 loss 2.98476e-03 |g| 1.18e-01 NIS/dof 8.118e-02 applied 1.00 reseeds 1795
step 2930 loss 2.36488e-03 |g| 4.70e-02 NIS/dof 6.593e-02 applied 1.00 reseeds 1800
step 2940 loss 2.61883e-03 |g| 8.75e-02 NIS/dof 6.675e-02 applied 1.00 reseeds 1806
step 2950 loss 2.49974e-03 |g| 4.78e-02 NIS/dof 7.026e-02 applied 1.00 reseeds 1812
step 2960 loss 2.29862e-03 |g| 1.22e-01 NIS/dof 6.829e-02 applied 1.00 reseeds 1815
step 2970 loss 2.69516e-03 |g| 6.54e-02 NIS/dof 7.952e-02 applied 1.00 reseeds 1818
step 2980 loss 2.54646e-03 |g| 5.18e-02 NIS/dof 8.694e-02 applied 1.00 reseeds 1827
step 2990 loss 2.48258e-03 |g| 3.81e-02 NIS/dof 6.829e-02 applied 1.00 reseeds 1832
step 3000 loss 2.43646e-03 |g| 6.76e-02 NIS/dof 6.861e-02 applied 1.00 reseeds 1838
step 3010 loss 2.67839e-03 |g| 7.52e-02 NIS/dof 7.228e-02 applied 1.00 reseeds 1842
step 3020 loss 3.13826e-03 |g| 3.92e-02 NIS/dof 7.933e-02 applied 1.00 reseeds 1849
step 3030 loss 2.65934e-03 |g| 4.90e-02 NIS/dof 7.838e-02 applied 1.00 reseeds 1855
step 3040 loss 1.78907e-03 |g| 6.27e-02 NIS/dof 6.434e-02 applied 1.00 reseeds 1860
step 3050 loss 2.41655e-03 |g| 3.69e-02 NIS/dof 7.347e-02 applied 1.00 reseeds 1863
step 3060 loss 3.06069e-03 |g| 6.56e-02 NIS/dof 7.500e-02 applied 1.00 reseeds 1871
step 3070 loss 2.74658e-03 |g| 5.43e-02 NIS/dof 6.952e-02 applied 1.00 reseeds 1880
step 3080 loss 2.02894e-03 |g| 2.21e-02 NIS/dof 6.068e-02 applied 1.00 reseeds 1884
step 3090 loss 1.99179e-03 |g| 8.20e-02 NIS/dof 5.850e-02 applied 1.00 reseeds 1890
step 3100 loss 2.80639e-03 |g| 1.30e-01 NIS/dof 7.935e-02 applied 1.00 reseeds 1895
step 3110 loss 2.45526e-03 |g| 4.61e-02 NIS/dof 7.032e-02 applied 1.00 reseeds 1899
step 3120 loss 2.15441e-03 |g| 4.09e-02 NIS/dof 7.124e-02 applied 1.00 reseeds 1908
step 3130 loss 2.38537e-03 |g| 5.56e-02 NIS/dof 6.069e-02 applied 1.00 reseeds 1912
step 3140 loss 3.30166e-03 |g| 7.46e-02 NIS/dof 8.308e-02 applied 1.00 reseeds 1916
step 3150 loss 2.13366e-03 |g| 5.99e-02 NIS/dof 6.796e-02 applied 1.00 reseeds 1923
step 3160 loss 2.46897e-03 |g| 6.35e-02 NIS/dof 7.039e-02 applied 1.00 reseeds 1931
step 3170 loss 2.38328e-03 |g| 5.56e-02 NIS/dof 7.200e-02 applied 1.00 reseeds 1935
step 3180 loss 2.77714e-03 |g| 5.60e-02 NIS/dof 6.580e-02 applied 1.00 reseeds 1938
step 3190 loss 2.97184e-03 |g| 6.12e-02 NIS/dof 7.800e-02 applied 1.00 reseeds 1944
step 3200 loss 2.00916e-03 |g| 3.71e-02 NIS/dof 7.264e-02 applied 1.00 reseeds 1946
step 3210 loss 2.42441e-03 |g| 6.37e-02 NIS/dof 7.101e-02 applied 1.00 reseeds 1954
step 3220 loss 2.49531e-03 |g| 6.33e-02 NIS/dof 7.124e-02 applied 1.00 reseeds 1965
step 3230 loss 2.44490e-03 |g| 2.94e-02 NIS/dof 7.354e-02 applied 1.00 reseeds 1968
step 3240 loss 2.66202e-03 |g| 1.09e-01 NIS/dof 6.875e-02 applied 1.00 reseeds 1975
step 3250 loss 2.04151e-03 |g| 3.93e-02 NIS/dof 6.992e-02 applied 1.00 reseeds 1981
step 3260 loss 1.95959e-03 |g| 1.03e-01 NIS/dof 7.251e-02 applied 1.00 reseeds 1987
step 3270 loss 3.09476e-03 |g| 1.71e-01 NIS/dof 9.165e-02 applied 1.00 reseeds 1987
step 3280 loss 2.95244e-03 |g| 9.49e-02 NIS/dof 8.338e-02 applied 1.00 reseeds 1997
step 3290 loss 3.00135e-03 |g| 6.97e-02 NIS/dof 6.306e-02 applied 1.00 reseeds 2003
step 3300 loss 2.58803e-03 |g| 6.86e-02 NIS/dof 7.749e-02 applied 1.00 reseeds 2005
step 3310 loss 2.48374e-03 |g| 4.41e-02 NIS/dof 6.877e-02 applied 1.00 reseeds 2012
step 3320 loss 2.22072e-03 |g| 6.09e-02 NIS/dof 8.159e-02 applied 1.00 reseeds 2015
step 3330 loss 2.04580e-03 |g| 4.16e-02 NIS/dof 5.924e-02 applied 1.00 reseeds 2020
step 3340 loss 2.53175e-03 |g| 6.42e-02 NIS/dof 8.314e-02 applied 1.00 reseeds 2026
step 3350 loss 2.12672e-03 |g| 1.14e-01 NIS/dof 6.300e-02 applied 1.00 reseeds 2033
step 3360 loss 2.60228e-03 |g| 6.49e-02 NIS/dof 7.745e-02 applied 1.00 reseeds 2040
step 3370 loss 2.81086e-03 |g| 7.12e-02 NIS/dof 6.610e-02 applied 1.00 reseeds 2048
step 3380 loss 2.12681e-03 |g| 7.05e-02 NIS/dof 6.885e-02 applied 1.00 reseeds 2051
step 3390 loss 2.03171e-03 |g| 6.94e-02 NIS/dof 5.610e-02 applied 1.00 reseeds 2057
step 3400 loss 3.19243e-03 |g| 5.88e-02 NIS/dof 6.468e-02 applied 1.00 reseeds 2061
step 3410 loss 2.53900e-03 |g| 5.84e-02 NIS/dof 7.044e-02 applied 1.00 reseeds 2069
step 3420 loss 2.17366e-03 |g| 5.24e-02 NIS/dof 7.046e-02 applied 1.00 reseeds 2077
step 3430 loss 2.65629e-03 |g| 7.66e-02 NIS/dof 6.904e-02 applied 1.00 reseeds 2077
step 3440 loss 2.12828e-03 |g| 8.60e-02 NIS/dof 6.285e-02 applied 1.00 reseeds 2083
step 3450 loss 3.18762e-03 |g| 7.93e-02 NIS/dof 8.106e-02 applied 1.00 reseeds 2085
step 3460 loss 2.55594e-03 |g| 9.18e-02 NIS/dof 7.447e-02 applied 1.00 reseeds 2097
step 3470 loss 2.72081e-03 |g| 7.54e-02 NIS/dof 8.250e-02 applied 1.00 reseeds 2102
step 3480 loss 2.92145e-03 |g| 7.57e-02 NIS/dof 7.295e-02 applied 1.00 reseeds 2108
step 3490 loss 2.55250e-03 |g| 3.46e-02 NIS/dof 7.133e-02 applied 1.00 reseeds 2113
step 3500 loss 2.65700e-03 |g| 5.78e-02 NIS/dof 8.254e-02 applied 1.00 reseeds 2121
step 3510 loss 2.51897e-03 |g| 8.80e-02 NIS/dof 7.795e-02 applied 1.00 reseeds 2128
step 3520 loss 2.40768e-03 |g| 1.06e-01 NIS/dof 8.501e-02 applied 1.00 reseeds 2136
step 3530 loss 2.67918e-03 |g| 5.40e-02 NIS/dof 7.765e-02 applied 1.00 reseeds 2141
step 3540 loss 2.18337e-03 |g| 7.39e-02 NIS/dof 6.553e-02 applied 1.00 reseeds 2146
step 3550 loss 2.34016e-03 |g| 8.61e-02 NIS/dof 7.076e-02 applied 1.00 reseeds 2151
step 3560 loss 2.44486e-03 |g| 1.23e-01 NIS/dof 6.947e-02 applied 1.00 reseeds 2156
step 3570 loss 2.73662e-03 |g| 9.19e-02 NIS/dof 7.024e-02 applied 1.00 reseeds 2164
step 3580 loss 2.65069e-03 |g| 1.49e-01 NIS/dof 7.511e-02 applied 1.00 reseeds 2173
step 3590 loss 2.09402e-03 |g| 7.04e-02 NIS/dof 6.812e-02 applied 1.00 reseeds 2175
step 3600 loss 2.40734e-03 |g| 1.00e-01 NIS/dof 6.730e-02 applied 1.00 reseeds 2183
step 3610 loss 1.33182e-03 |g| 5.30e-02 NIS/dof 5.829e-02 applied 1.00 reseeds 2189
step 3620 loss 1.93174e-03 |g| 3.32e-02 NIS/dof 6.235e-02 applied 1.00 reseeds 2195
step 3630 loss 2.03926e-03 |g| 7.38e-02 NIS/dof 6.792e-02 applied 1.00 reseeds 2199
step 3640 loss 2.37145e-03 |g| 4.70e-02 NIS/dof 6.826e-02 applied 1.00 reseeds 2204
step 3650 loss 2.65232e-03 |g| 4.73e-02 NIS/dof 7.879e-02 applied 1.00 reseeds 2206
step 3660 loss 3.02548e-03 |g| 6.61e-02 NIS/dof 8.168e-02 applied 1.00 reseeds 2213
step 3670 loss 3.07507e-03 |g| 7.22e-02 NIS/dof 7.694e-02 applied 1.00 reseeds 2224
step 3680 loss 2.91058e-03 |g| 8.68e-02 NIS/dof 9.037e-02 applied 1.00 reseeds 2230
step 3690 loss 2.49289e-03 |g| 3.71e-02 NIS/dof 6.748e-02 applied 1.00 reseeds 2235
step 3700 loss 2.24735e-03 |g| 4.08e-02 NIS/dof 6.728e-02 applied 1.00 reseeds 2242
step 3710 loss 2.25779e-03 |g| 3.71e-02 NIS/dof 5.978e-02 applied 1.00 reseeds 2244
step 3720 loss 2.29081e-03 |g| 8.57e-02 NIS/dof 5.829e-02 applied 1.00 reseeds 2252
step 3730 loss 2.08615e-03 |g| 5.70e-02 NIS/dof 7.787e-02 applied 1.00 reseeds 2256
step 3740 loss 1.96998e-03 |g| 4.92e-02 NIS/dof 6.794e-02 applied 1.00 reseeds 2264
step 3750 loss 2.47349e-03 |g| 4.53e-02 NIS/dof 6.831e-02 applied 1.00 reseeds 2271
step 3760 loss 3.02029e-03 |g| 3.26e-02 NIS/dof 7.496e-02 applied 1.00 reseeds 2277
step 3770 loss 2.36400e-03 |g| 1.02e-01 NIS/dof 8.624e-02 applied 1.00 reseeds 2283
step 3780 loss 2.55506e-03 |g| 1.10e-01 NIS/dof 8.205e-02 applied 1.00 reseeds 2290
step 3790 loss 2.69718e-03 |g| 7.73e-02 NIS/dof 7.493e-02 applied 1.00 reseeds 2298
step 3800 loss 2.33359e-03 |g| 5.36e-02 NIS/dof 7.046e-02 applied 1.00 reseeds 2301
step 3810 loss 2.57140e-03 |g| 7.39e-02 NIS/dof 7.622e-02 applied 1.00 reseeds 2307
step 3820 loss 2.80702e-03 |g| 6.92e-02 NIS/dof 7.072e-02 applied 1.00 reseeds 2312
step 3830 loss 2.66595e-03 |g| 5.51e-02 NIS/dof 9.073e-02 applied 1.00 reseeds 2319
step 3840 loss 2.09219e-03 |g| 5.11e-02 NIS/dof 7.175e-02 applied 1.00 reseeds 2328
step 3850 loss 1.99212e-03 |g| 3.89e-02 NIS/dof 6.265e-02 applied 1.00 reseeds 2335
step 3860 loss 2.15904e-03 |g| 7.88e-02 NIS/dof 6.781e-02 applied 1.00 reseeds 2340
step 3870 loss 2.97728e-03 |g| 7.23e-02 NIS/dof 1.060e-01 applied 1.00 reseeds 2347
step 3880 loss 2.57801e-03 |g| 5.78e-02 NIS/dof 8.577e-02 applied 1.00 reseeds 2354
step 3890 loss 2.29072e-03 |g| 6.40e-02 NIS/dof 7.962e-02 applied 1.00 reseeds 2365
step 3900 loss 2.32470e-03 |g| 1.39e-01 NIS/dof 6.454e-02 applied 1.00 reseeds 2368
step 3910 loss 1.74520e-03 |g| 3.74e-02 NIS/dof 5.710e-02 applied 1.00 reseeds 2368
step 3920 loss 2.30159e-03 |g| 4.01e-02 NIS/dof 7.477e-02 applied 1.00 reseeds 2374
step 3930 loss 2.16848e-03 |g| 5.42e-02 NIS/dof 6.891e-02 applied 1.00 reseeds 2384
step 3940 loss 2.51472e-03 |g| 3.36e-02 NIS/dof 7.466e-02 applied 1.00 reseeds 2388
step 3950 loss 1.92273e-03 |g| 3.24e-02 NIS/dof 6.323e-02 applied 1.00 reseeds 2395
step 3960 loss 2.02099e-03 |g| 4.72e-02 NIS/dof 6.550e-02 applied 1.00 reseeds 2400
step 3970 loss 1.70811e-03 |g| 2.85e-02 NIS/dof 5.823e-02 applied 1.00 reseeds 2411
step 3980 loss 2.06186e-03 |g| 3.94e-02 NIS/dof 7.264e-02 applied 1.00 reseeds 2418
step 3990 loss 2.20601e-03 |g| 6.80e-02 NIS/dof 7.021e-02 applied 1.00 reseeds 2427
step 4000 loss 2.14614e-03 |g| 6.95e-02 NIS/dof 7.833e-02 applied 1.00 reseeds 2435
step 4010 loss 2.16908e-03 |g| 8.60e-02 NIS/dof 6.942e-02 applied 1.00 reseeds 2440
step 4020 loss 2.71484e-03 |g| 6.52e-02 NIS/dof 7.105e-02 applied 1.00 reseeds 2446
step 4030 loss 2.83279e-03 |g| 1.06e-01 NIS/dof 7.435e-02 applied 1.00 reseeds 2452
step 4040 loss 2.45184e-03 |g| 6.08e-02 NIS/dof 7.633e-02 applied 1.00 reseeds 2461
step 4050 loss 2.35290e-03 |g| 6.67e-02 NIS/dof 6.856e-02 applied 1.00 reseeds 2462
step 4060 loss 2.98135e-03 |g| 6.23e-02 NIS/dof 8.632e-02 applied 1.00 reseeds 2468
step 4070 loss 2.49213e-03 |g| 6.07e-02 NIS/dof 8.584e-02 applied 1.00 reseeds 2474
step 4080 loss 2.38306e-03 |g| 7.99e-02 NIS/dof 7.154e-02 applied 1.00 reseeds 2481
step 4090 loss 1.77954e-03 |g| 4.34e-02 NIS/dof 5.846e-02 applied 1.00 reseeds 2492
step 4100 loss 2.68579e-03 |g| 7.71e-02 NIS/dof 5.813e-02 applied 1.00 reseeds 2497
step 4110 loss 1.62386e-03 |g| 5.89e-02 NIS/dof 5.756e-02 applied 1.00 reseeds 2497
step 4120 loss 2.28288e-03 |g| 6.20e-02 NIS/dof 7.548e-02 applied 1.00 reseeds 2499
step 4130 loss 2.47612e-03 |g| 1.15e-01 NIS/dof 7.353e-02 applied 1.00 reseeds 2506
step 4140 loss 2.52181e-03 |g| 3.98e-02 NIS/dof 7.347e-02 applied 1.00 reseeds 2514
step 4150 loss 3.28342e-03 |g| 4.34e-02 NIS/dof 8.462e-02 applied 1.00 reseeds 2519
step 4160 loss 2.43899e-03 |g| 1.02e-01 NIS/dof 7.029e-02 applied 1.00 reseeds 2523
step 4170 loss 3.13274e-03 |g| 4.99e-02 NIS/dof 6.904e-02 applied 1.00 reseeds 2528
step 4180 loss 2.43074e-03 |g| 1.28e-01 NIS/dof 9.253e-02 applied 1.00 reseeds 2534
step 4190 loss 2.12538e-03 |g| 4.97e-02 NIS/dof 6.708e-02 applied 1.00 reseeds 2541
step 4200 loss 2.43962e-03 |g| 4.77e-02 NIS/dof 7.000e-02 applied 1.00 reseeds 2548
step 4210 loss 2.21546e-03 |g| 5.50e-02 NIS/dof 6.935e-02 applied 1.00 reseeds 2554
step 4220 loss 2.25145e-03 |g| 3.98e-02 NIS/dof 6.344e-02 applied 1.00 reseeds 2558
step 4230 loss 2.37066e-03 |g| 4.51e-02 NIS/dof 6.470e-02 applied 1.00 reseeds 2564
step 4240 loss 2.29417e-03 |g| 9.05e-02 NIS/dof 7.363e-02 applied 1.00 reseeds 2574
step 4250 loss 2.21144e-03 |g| 7.24e-02 NIS/dof 7.715e-02 applied 1.00 reseeds 2579
step 4260 loss 2.53430e-03 |g| 5.96e-02 NIS/dof 8.045e-02 applied 1.00 reseeds 2583
step 4270 loss 3.42332e-03 |g| 4.31e-02 NIS/dof 7.565e-02 applied 1.00 reseeds 2591
step 4280 loss 2.03040e-03 |g| 4.07e-02 NIS/dof 7.772e-02 applied 1.00 reseeds 2603
step 4290 loss 1.85588e-03 |g| 2.38e-02 NIS/dof 6.559e-02 applied 1.00 reseeds 2610
step 4300 loss 2.41732e-03 |g| 4.43e-02 NIS/dof 6.343e-02 applied 1.00 reseeds 2616
step 4310 loss 2.48716e-03 |g| 1.04e-01 NIS/dof 6.550e-02 applied 1.00 reseeds 2622
step 4320 loss 2.41910e-03 |g| 8.08e-02 NIS/dof 7.991e-02 applied 1.00 reseeds 2627
step 4330 loss 2.80130e-03 |g| 9.40e-02 NIS/dof 8.412e-02 applied 1.00 reseeds 2630
step 4340 loss 2.10795e-03 |g| 6.31e-02 NIS/dof 7.755e-02 applied 1.00 reseeds 2636
step 4350 loss 2.49419e-03 |g| 9.70e-02 NIS/dof 7.320e-02 applied 1.00 reseeds 2644
step 4360 loss 2.49042e-03 |g| 3.87e-02 NIS/dof 7.576e-02 applied 1.00 reseeds 2651
step 4370 loss 3.24454e-03 |g| 8.54e-02 NIS/dof 6.558e-02 applied 1.00 reseeds 2658
step 4380 loss 2.29564e-03 |g| 8.90e-02 NIS/dof 7.035e-02 applied 1.00 reseeds 2660
step 4390 loss 2.52301e-03 |g| 4.17e-02 NIS/dof 6.945e-02 applied 1.00 reseeds 2665
step 4400 loss 2.58834e-03 |g| 4.11e-02 NIS/dof 8.038e-02 applied 1.00 reseeds 2666
step 4410 loss 2.69541e-03 |g| 4.44e-02 NIS/dof 8.653e-02 applied 1.00 reseeds 2669
step 4420 loss 2.03990e-03 |g| 7.60e-02 NIS/dof 7.881e-02 applied 1.00 reseeds 2676
step 4430 loss 2.56429e-03 |g| 7.02e-02 NIS/dof 7.940e-02 applied 1.00 reseeds 2683
step 4440 loss 2.18488e-03 |g| 9.06e-02 NIS/dof 8.553e-02 applied 1.00 reseeds 2692
step 4450 loss 2.21133e-03 |g| 3.86e-02 NIS/dof 9.260e-02 applied 1.00 reseeds 2696
step 4460 loss 2.31162e-03 |g| 6.38e-02 NIS/dof 8.657e-02 applied 1.00 reseeds 2706
step 4470 loss 1.95614e-03 |g| 6.45e-02 NIS/dof 5.957e-02 applied 1.00 reseeds 2710
step 4480 loss 2.71847e-03 |g| 4.78e-02 NIS/dof 6.306e-02 applied 1.00 reseeds 2716
step 4490 loss 3.27400e-03 |g| 5.49e-02 NIS/dof 8.064e-02 applied 1.00 reseeds 2720
step 4500 loss 2.86563e-03 |g| 5.73e-02 NIS/dof 8.451e-02 applied 1.00 reseeds 2727
step 4510 loss 2.37300e-03 |g| 5.42e-02 NIS/dof 6.703e-02 applied 1.00 reseeds 2735
step 4520 loss 2.46018e-03 |g| 7.26e-02 NIS/dof 7.666e-02 applied 1.00 reseeds 2740
step 4530 loss 1.80952e-03 |g| 2.79e-02 NIS/dof 6.301e-02 applied 1.00 reseeds 2743
step 4540 loss 1.74961e-03 |g| 2.47e-02 NIS/dof 5.160e-02 applied 1.00 reseeds 2747
step 4550 loss 2.37541e-03 |g| 6.04e-02 NIS/dof 5.827e-02 applied 1.00 reseeds 2756
step 4560 loss 2.64917e-03 |g| 6.41e-02 NIS/dof 8.533e-02 applied 1.00 reseeds 2762
step 4570 loss 2.70821e-03 |g| 5.55e-02 NIS/dof 7.083e-02 applied 1.00 reseeds 2768
step 4580 loss 2.40347e-03 |g| 3.83e-02 NIS/dof 7.621e-02 applied 1.00 reseeds 2776
step 4590 loss 2.57125e-03 |g| 7.77e-02 NIS/dof 9.082e-02 applied 1.00 reseeds 2782
step 4600 loss 2.33024e-03 |g| 5.90e-02 NIS/dof 6.844e-02 applied 1.00 reseeds 2789
step 4610 loss 2.71023e-03 |g| 5.29e-02 NIS/dof 6.697e-02 applied 1.00 reseeds 2795
step 4620 loss 2.93821e-03 |g| 6.32e-02 NIS/dof 7.987e-02 applied 1.00 reseeds 2803
step 4630 loss 2.00836e-03 |g| 6.47e-02 NIS/dof 7.253e-02 applied 1.00 reseeds 2811
step 4640 loss 1.92056e-03 |g| 6.48e-02 NIS/dof 7.226e-02 applied 1.00 reseeds 2818
step 4650 loss 2.40998e-03 |g| 6.05e-02 NIS/dof 8.069e-02 applied 1.00 reseeds 2825
step 4660 loss 2.10033e-03 |g| 7.25e-02 NIS/dof 6.668e-02 applied 1.00 reseeds 2833
step 4670 loss 2.87770e-03 |g| 6.25e-02 NIS/dof 8.582e-02 applied 1.00 reseeds 2838
step 4680 loss 2.81776e-03 |g| 3.83e-02 NIS/dof 6.892e-02 applied 1.00 reseeds 2844
step 4690 loss 2.35409e-03 |g| 5.32e-02 NIS/dof 7.585e-02 applied 1.00 reseeds 2853
step 4700 loss 2.90036e-03 |g| 6.89e-02 NIS/dof 9.839e-02 applied 1.00 reseeds 2856
step 4710 loss 2.64162e-03 |g| 4.37e-02 NIS/dof 8.223e-02 applied 1.00 reseeds 2867
step 4720 loss 2.20447e-03 |g| 5.56e-02 NIS/dof 7.628e-02 applied 1.00 reseeds 2873
step 4730 loss 2.65923e-03 |g| 6.46e-02 NIS/dof 8.727e-02 applied 1.00 reseeds 2881
step 4740 loss 2.46173e-03 |g| 5.82e-02 NIS/dof 7.438e-02 applied 1.00 reseeds 2892
step 4750 loss 3.03708e-03 |g| 5.66e-02 NIS/dof 7.852e-02 applied 1.00 reseeds 2897
step 4760 loss 2.52667e-03 |g| 3.22e-02 NIS/dof 7.986e-02 applied 1.00 reseeds 2900
step 4770 loss 2.75444e-03 |g| 6.63e-02 NIS/dof 7.101e-02 applied 1.00 reseeds 2906
step 4780 loss 2.17804e-03 |g| 4.46e-02 NIS/dof 9.059e-02 applied 1.00 reseeds 2912
step 4790 loss 2.23985e-03 |g| 5.10e-02 NIS/dof 7.141e-02 applied 1.00 reseeds 2917
step 4800 loss 2.50601e-03 |g| 6.90e-02 NIS/dof 8.535e-02 applied 1.00 reseeds 2924
step 4810 loss 1.94600e-03 |g| 6.86e-02 NIS/dof 6.846e-02 applied 1.00 reseeds 2928
step 4820 loss 2.29723e-03 |g| 3.50e-02 NIS/dof 6.615e-02 applied 1.00 reseeds 2933
step 4830 loss 2.51210e-03 |g| 5.23e-02 NIS/dof 7.269e-02 applied 1.00 reseeds 2943
step 4840 loss 1.74499e-03 |g| 5.88e-02 NIS/dof 5.784e-02 applied 1.00 reseeds 2950
step 4850 loss 2.27326e-03 |g| 5.11e-02 NIS/dof 7.122e-02 applied 1.00 reseeds 2956
step 4860 loss 2.45682e-03 |g| 4.70e-02 NIS/dof 7.583e-02 applied 1.00 reseeds 2958
step 4870 loss 2.26187e-03 |g| 6.72e-02 NIS/dof 8.155e-02 applied 1.00 reseeds 2963
step 4880 loss 2.57852e-03 |g| 7.31e-02 NIS/dof 7.190e-02 applied 1.00 reseeds 2967
step 4890 loss 2.13000e-03 |g| 6.10e-02 NIS/dof 5.977e-02 applied 1.00 reseeds 2972
step 4900 loss 1.76617e-03 |g| 5.45e-02 NIS/dof 7.031e-02 applied 1.00 reseeds 2977
step 4910 loss 2.49955e-03 |g| 4.38e-02 NIS/dof 5.882e-02 applied 1.00 reseeds 2981
step 4920 loss 2.27545e-03 |g| 6.68e-02 NIS/dof 7.966e-02 applied 1.00 reseeds 2989
step 4930 loss 2.34597e-03 |g| 3.68e-02 NIS/dof 9.798e-02 applied 1.00 reseeds 2997
step 4940 loss 1.97300e-03 |g| 5.71e-02 NIS/dof 7.210e-02 applied 1.00 reseeds 3006
step 4950 loss 2.47093e-03 |g| 4.05e-02 NIS/dof 6.688e-02 applied 1.00 reseeds 3012
step 4960 loss 2.68380e-03 |g| 4.26e-02 NIS/dof 7.424e-02 applied 1.00 reseeds 3016
step 4970 loss 2.38484e-03 |g| 5.91e-02 NIS/dof 7.573e-02 applied 1.00 reseeds 3022
step 4980 loss 2.69849e-03 |g| 6.35e-02 NIS/dof 7.574e-02 applied 1.00 reseeds 3027
step 4990 loss 1.98170e-03 |g| 5.22e-02 NIS/dof 6.540e-02 applied 1.00 reseeds 3037
step 5000 loss 2.50777e-03 |g| 5.67e-02 NIS/dof 7.343e-02 applied 1.00 reseeds 3040
step 5010 loss 2.44489e-03 |g| 5.84e-02 NIS/dof 6.438e-02 applied 1.00 reseeds 3047
step 5020 loss 2.19047e-03 |g| 8.11e-02 NIS/dof 7.480e-02 applied 1.00 reseeds 3053
step 5030 loss 1.68478e-03 |g| 5.53e-02 NIS/dof 6.320e-02 applied 1.00 reseeds 3058
step 5040 loss 1.99431e-03 |g| 7.62e-02 NIS/dof 6.842e-02 applied 1.00 reseeds 3062
step 5050 loss 2.56772e-03 |g| 3.53e-02 NIS/dof 7.131e-02 applied 1.00 reseeds 3066
step 5060 loss 2.70341e-03 |g| 6.08e-02 NIS/dof 6.711e-02 applied 1.00 reseeds 3075
step 5070 loss 3.01113e-03 |g| 6.06e-02 NIS/dof 8.415e-02 applied 1.00 reseeds 3082
step 5080 loss 3.00305e-03 |g| 7.32e-02 NIS/dof 6.543e-02 applied 1.00 reseeds 3090
step 5090 loss 2.10807e-03 |g| 7.18e-02 NIS/dof 6.075e-02 applied 1.00 reseeds 3096
step 5100 loss 2.33648e-03 |g| 4.76e-02 NIS/dof 6.121e-02 applied 1.00 reseeds 3100
step 5110 loss 2.23855e-03 |g| 4.10e-02 NIS/dof 7.823e-02 applied 1.00 reseeds 3103
step 5120 loss 2.13402e-03 |g| 9.66e-02 NIS/dof 6.619e-02 applied 1.00 reseeds 3112
step 5130 loss 2.68563e-03 |g| 6.31e-02 NIS/dof 7.869e-02 applied 1.00 reseeds 3115
step 5140 loss 3.09218e-03 |g| 4.81e-02 NIS/dof 7.615e-02 applied 1.00 reseeds 3122
step 5150 loss 1.97130e-03 |g| 3.27e-02 NIS/dof 5.992e-02 applied 1.00 reseeds 3130
step 5160 loss 2.67936e-03 |g| 7.64e-02 NIS/dof 6.793e-02 applied 1.00 reseeds 3138
step 5170 loss 2.18201e-03 |g| 3.66e-02 NIS/dof 6.722e-02 applied 1.00 reseeds 3143
step 5180 loss 2.44281e-03 |g| 3.59e-02 NIS/dof 7.644e-02 applied 1.00 reseeds 3146
step 5190 loss 1.88364e-03 |g| 4.87e-02 NIS/dof 7.264e-02 applied 1.00 reseeds 3154
step 5200 loss 2.33297e-03 |g| 4.10e-02 NIS/dof 7.571e-02 applied 1.00 reseeds 3158
step 5210 loss 2.94946e-03 |g| 7.39e-02 NIS/dof 8.623e-02 applied 1.00 reseeds 3163
step 5220 loss 2.85495e-03 |g| 4.78e-02 NIS/dof 6.911e-02 applied 1.00 reseeds 3173
step 5230 loss 2.55133e-03 |g| 7.15e-02 NIS/dof 7.522e-02 applied 1.00 reseeds 3178
step 5240 loss 2.40131e-03 |g| 3.42e-02 NIS/dof 8.158e-02 applied 1.00 reseeds 3186
step 5250 loss 1.83171e-03 |g| 4.60e-02 NIS/dof 5.716e-02 applied 1.00 reseeds 3188
step 5260 loss 2.37424e-03 |g| 3.35e-02 NIS/dof 6.242e-02 applied 1.00 reseeds 3197
step 5270 loss 2.16500e-03 |g| 7.37e-02 NIS/dof 7.018e-02 applied 1.00 reseeds 3205
step 5280 loss 2.14223e-03 |g| 4.14e-02 NIS/dof 7.242e-02 applied 1.00 reseeds 3213
step 5290 loss 2.51519e-03 |g| 4.31e-02 NIS/dof 7.104e-02 applied 1.00 reseeds 3217
step 5300 loss 2.27258e-03 |g| 6.26e-02 NIS/dof 7.468e-02 applied 1.00 reseeds 3226
step 5310 loss 2.28178e-03 |g| 6.73e-02 NIS/dof 7.984e-02 applied 1.00 reseeds 3230
step 5320 loss 1.98649e-03 |g| 4.89e-02 NIS/dof 7.194e-02 applied 1.00 reseeds 3236
step 5330 loss 2.76480e-03 |g| 3.81e-02 NIS/dof 1.053e-01 applied 1.00 reseeds 3241
step 5340 loss 2.15473e-03 |g| 6.19e-02 NIS/dof 8.936e-02 applied 1.00 reseeds 3250
step 5350 loss 2.45455e-03 |g| 3.76e-02 NIS/dof 7.546e-02 applied 1.00 reseeds 3257
step 5360 loss 2.46254e-03 |g| 7.21e-02 NIS/dof 7.474e-02 applied 1.00 reseeds 3259
step 5370 loss 2.48526e-03 |g| 4.29e-02 NIS/dof 8.299e-02 applied 1.00 reseeds 3267
step 5380 loss 1.98866e-03 |g| 4.39e-02 NIS/dof 7.525e-02 applied 1.00 reseeds 3271
step 5390 loss 2.40315e-03 |g| 3.16e-02 NIS/dof 6.966e-02 applied 1.00 reseeds 3280
step 5400 loss 3.06524e-03 |g| 8.20e-02 NIS/dof 8.360e-02 applied 1.00 reseeds 3284
step 5410 loss 2.38196e-03 |g| 6.75e-02 NIS/dof 7.025e-02 applied 1.00 reseeds 3288
step 5420 loss 2.12186e-03 |g| 4.01e-02 NIS/dof 7.259e-02 applied 1.00 reseeds 3295
step 5430 loss 2.50579e-03 |g| 3.27e-02 NIS/dof 7.508e-02 applied 1.00 reseeds 3303
step 5440 loss 2.55294e-03 |g| 6.33e-02 NIS/dof 6.686e-02 applied 1.00 reseeds 3311
step 5450 loss 2.78519e-03 |g| 7.49e-02 NIS/dof 1.005e-01 applied 1.00 reseeds 3313
step 5460 loss 2.10535e-03 |g| 8.99e-02 NIS/dof 7.883e-02 applied 1.00 reseeds 3319
step 5470 loss 2.29919e-03 |g| 4.75e-02 NIS/dof 7.335e-02 applied 1.00 reseeds 3325
step 5480 loss 1.87911e-03 |g| 4.36e-02 NIS/dof 6.084e-02 applied 1.00 reseeds 3331
step 5490 loss 2.31987e-03 |g| 4.77e-02 NIS/dof 6.772e-02 applied 1.00 reseeds 3342
step 5500 loss 1.94882e-03 |g| 6.31e-02 NIS/dof 6.879e-02 applied 1.00 reseeds 3349
step 5510 loss 2.27197e-03 |g| 8.76e-02 NIS/dof 6.277e-02 applied 1.00 reseeds 3352
step 5520 loss 2.04637e-03 |g| 5.38e-02 NIS/dof 6.365e-02 applied 1.00 reseeds 3355
step 5530 loss 2.09779e-03 |g| 4.87e-02 NIS/dof 7.190e-02 applied 1.00 reseeds 3364
step 5540 loss 2.05203e-03 |g| 4.17e-02 NIS/dof 6.177e-02 applied 1.00 reseeds 3368
step 5550 loss 2.18319e-03 |g| 5.51e-02 NIS/dof 7.116e-02 applied 1.00 reseeds 3374
step 5560 loss 2.37407e-03 |g| 3.07e-02 NIS/dof 7.547e-02 applied 1.00 reseeds 3381
step 5570 loss 5.28875e-03 |g| 1.78e-01 NIS/dof 1.015e-01 applied 1.00 reseeds 3388
step 5580 loss 2.49266e-03 |g| 4.95e-02 NIS/dof 7.488e-02 applied 1.00 reseeds 3393
step 5590 loss 2.14234e-03 |g| 3.94e-02 NIS/dof 6.696e-02 applied 1.00 reseeds 3404
step 5600 loss 2.31180e-03 |g| 6.50e-02 NIS/dof 6.385e-02 applied 1.00 reseeds 3407
step 5610 loss 2.73795e-03 |g| 4.39e-02 NIS/dof 7.070e-02 applied 1.00 reseeds 3412
step 5620 loss 2.48762e-03 |g| 4.74e-02 NIS/dof 9.921e-02 applied 1.00 reseeds 3417
step 5630 loss 2.66256e-03 |g| 3.46e-02 NIS/dof 8.270e-02 applied 1.00 reseeds 3421
step 5640 loss 2.12713e-03 |g| 5.62e-02 NIS/dof 7.045e-02 applied 1.00 reseeds 3429
step 5650 loss 2.26864e-03 |g| 7.85e-02 NIS/dof 6.737e-02 applied 1.00 reseeds 3438
step 5660 loss 2.49530e-03 |g| 5.82e-02 NIS/dof 8.352e-02 applied 1.00 reseeds 3445
step 5670 loss 2.30791e-03 |g| 7.03e-02 NIS/dof 8.329e-02 applied 1.00 reseeds 3451
step 5680 loss 1.91857e-03 |g| 3.59e-02 NIS/dof 6.527e-02 applied 1.00 reseeds 3464
step 5690 loss 2.47501e-03 |g| 5.88e-02 NIS/dof 7.617e-02 applied 1.00 reseeds 3469
step 5700 loss 2.20589e-03 |g| 5.67e-02 NIS/dof 7.468e-02 applied 1.00 reseeds 3475
step 5710 loss 2.33310e-03 |g| 3.09e-02 NIS/dof 6.853e-02 applied 1.00 reseeds 3479
step 5720 loss 2.60690e-03 |g| 6.94e-02 NIS/dof 8.872e-02 applied 1.00 reseeds 3482
step 5730 loss 2.31263e-03 |g| 4.48e-02 NIS/dof 6.959e-02 applied 1.00 reseeds 3486
step 5740 loss 2.17130e-03 |g| 7.37e-02 NIS/dof 6.245e-02 applied 1.00 reseeds 3494
step 5750 loss 2.51785e-03 |g| 4.70e-02 NIS/dof 7.158e-02 applied 1.00 reseeds 3503
step 5760 loss 2.54960e-03 |g| 9.73e-02 NIS/dof 8.054e-02 applied 1.00 reseeds 3508
step 5770 loss 2.17007e-03 |g| 3.98e-02 NIS/dof 6.343e-02 applied 1.00 reseeds 3516
step 5780 loss 2.57804e-03 |g| 4.46e-02 NIS/dof 9.190e-02 applied 1.00 reseeds 3519
step 5790 loss 2.48064e-03 |g| 3.92e-02 NIS/dof 7.494e-02 applied 1.00 reseeds 3524
step 5800 loss 2.22758e-03 |g| 3.92e-02 NIS/dof 6.193e-02 applied 1.00 reseeds 3530
step 5810 loss 3.32731e-03 |g| 4.22e-02 NIS/dof 8.061e-02 applied 1.00 reseeds 3538
step 5820 loss 2.34522e-03 |g| 2.86e-02 NIS/dof 8.411e-02 applied 1.00 reseeds 3547
step 5830 loss 2.06366e-03 |g| 4.17e-02 NIS/dof 7.554e-02 applied 1.00 reseeds 3552
step 5840 loss 2.69324e-03 |g| 5.16e-02 NIS/dof 7.190e-02 applied 1.00 reseeds 3559
step 5850 loss 2.84477e-03 |g| 5.35e-02 NIS/dof 8.308e-02 applied 1.00 reseeds 3568
step 5860 loss 2.59088e-03 |g| 6.26e-02 NIS/dof 7.827e-02 applied 1.00 reseeds 3572
step 5870 loss 2.11479e-03 |g| 5.89e-02 NIS/dof 8.466e-02 applied 1.00 reseeds 3580
step 5880 loss 2.94507e-03 |g| 5.43e-02 NIS/dof 7.706e-02 applied 1.00 reseeds 3582
step 5890 loss 2.18573e-03 |g| 3.29e-02 NIS/dof 6.933e-02 applied 1.00 reseeds 3588
step 5900 loss 2.32199e-03 |g| 4.46e-02 NIS/dof 8.232e-02 applied 1.00 reseeds 3592
step 5910 loss 2.84315e-03 |g| 5.35e-02 NIS/dof 7.125e-02 applied 1.00 reseeds 3597
step 5920 loss 2.36376e-03 |g| 3.65e-02 NIS/dof 7.352e-02 applied 1.00 reseeds 3605
step 5930 loss 2.18539e-03 |g| 6.40e-02 NIS/dof 7.925e-02 applied 1.00 reseeds 3612
step 5940 loss 2.04733e-03 |g| 3.79e-02 NIS/dof 6.407e-02 applied 1.00 reseeds 3615
step 5950 loss 2.87574e-03 |g| 4.40e-02 NIS/dof 8.016e-02 applied 1.00 reseeds 3620
step 5960 loss 1.55946e-03 |g| 5.18e-02 NIS/dof 6.011e-02 applied 1.00 reseeds 3625
step 5970 loss 1.95215e-03 |g| 3.44e-02 NIS/dof 6.705e-02 applied 1.00 reseeds 3629
step 5980 loss 2.01530e-03 |g| 5.29e-02 NIS/dof 6.455e-02 applied 1.00 reseeds 3636
step 5990 loss 2.77624e-03 |g| 4.58e-02 NIS/dof 6.621e-02 applied 1.00 reseeds 3641
step 5999 loss 2.10831e-03 |g| 5.52e-02 NIS/dof 7.796e-02 applied 1.00 reseeds 3645
== validating on held-out ==
  flat/seed28: baseline={'vel_rmse': 0.0543321646770635, 'vel_nees': 4.018834230045484, 'vel_nees_tangent': 5.192904963115444, 'vel_nees_x': 0.0685217831694923, 'vel_nees_y': 0.07952276025970378, 'vel_nees_z': 2.0026284594950314, 'nis_over_dof': 0.009548450264961804, 'applied': 0.9999999999999999}  learned={'vel_rmse': 0.04540967431591111, 'vel_nees': 2.023415851852418, 'vel_nees_tangent': 2.8409370161131986, 'vel_nees_x': 0.06696594519646236, 'vel_nees_y': 0.05949718325395395, 'vel_nees_z': 0.9615771140627092, 'nis_over_dof': 0.07707691678071842, 'applied': 0.9999999999999999}
  hard_stepping/seed27: baseline={'vel_rmse': 0.06187650061761749, 'vel_nees': 4.711327474820552, 'vel_nees_tangent': 6.580368070799619, 'vel_nees_x': 0.05812809337318238, 'vel_nees_y': 0.07298798336214275, 'vel_nees_z': 2.894347971465953, 'nis_over_dof': 0.014109930229590915, 'applied': 0.9999999999999999}  learned={'vel_rmse': 0.05887741477680245, 'vel_nees': 3.4313031579677173, 'vel_nees_tangent': 5.0276503872992695, 'vel_nees_x': 0.06852945932719759, 'vel_nees_y': 0.07201456134326603, 'vel_nees_z': 2.108097446361817, 'nis_over_dof': 0.09494176525298322, 'applied': 0.9999999999999999}
  stepping_stones/seed22: baseline={'vel_rmse': 0.05502589544909181, 'vel_nees': 3.7890936357418847, 'vel_nees_tangent': 5.228076278557144, 'vel_nees_x': 0.07037878887187993, 'vel_nees_y': 0.05307722958974436, 'vel_nees_z': 2.260820985818893, 'nis_over_dof': 0.010696378873810539, 'applied': 0.9999999999999999}  learned={'vel_rmse': 0.046928640087309376, 'vel_nees': 2.0853014027037835, 'vel_nees_tangent': 3.520365013158441, 'vel_nees_x': 0.07188734082832392, 'vel_nees_y': 0.041776017136748674, 'vel_nees_z': 1.2346900095428126, 'nis_over_dof': 0.07482785282087397, 'applied': 0.9999999999999999}
  waves/seed25: baseline={'vel_rmse': 0.05429266381876227, 'vel_nees': 3.876504358601226, 'vel_nees_tangent': 5.263272485057155, 'vel_nees_x': 0.05643882781619317, 'vel_nees_y': 0.04414943432361544, 'vel_nees_z': 2.169316671417653, 'nis_over_dof': 0.009545846302603187, 'applied': 0.9999999999999999}  learned={'vel_rmse': 0.04397751733753924, 'vel_nees': 1.9114591417849578, 'vel_nees_tangent': 2.800011358681061, 'vel_nees_x': 0.033975178469170905, 'vel_nees_y': 0.030756551523566277, 'vel_nees_z': 1.1048118062481886, 'nis_over_dof': 0.07709474895086761, 'applied': 0.9999999999999999}
== summary ==
{
  "run": {
    "dir": "L256_D_l2velposori",
    "started_at": "2026-08-09T11:34:23",
    "tag": null,
    "args": {
      "collect": false,
      "train_seeds": [
        0,
        1,
        2,
        3
      ],
      "val_seeds": [
        4,
        5,
        6,
        7
      ],
      "seconds": 45.0,
      "steps": 6000,
      "warmup_steps": 100,
      "time_budget_s": 86400.0,
      "tag": null,
      "out_dir": "results/l_ablation/L256_D_l2velposori",
      "contacts_per_foot": 4,
      "objective": "l2_vel_pos_ori",
      "w_pos": null,
      "w_ori": null,
      "pose_weight_ratio": null,
      "L": 256,
      "remat": false,
      "contact_meas_var": 0.0001,
      "pool": "n8fix"
    }
  },
  "n_train": 21,
  "n_val": 4,
  "steps_run": 6000,
  "final_reseeds": 3645,
  "floored": [],
  "cfg": {
    "F": 30,
    "d_in": 600,
    "H": 20,
    "window_span_s": 0.019,
    "L": 256,
    "B": 32,
    "objective": "l2_vel_pos_ori",
    "remat": false,
    "contact_meas_var": 0.0001,
    "w_pos": 4.077909169060382,
    "w_ori": 8.435424747084328,
    "pose_weight_ratio": 0.5,
    "episode_s": 43.0,
    "warm_in_s": 1.0,
    "peak_lr": 0.0001,
    "init_seed": 0,
    "batcher_seed": 0,
    "cmd_ranges": {
      "vx": [
        0.3,
        0.9
      ],
      "vy": [
        0.25,
        0.5
      ],
      "yaw": [
        0.3,
        1.5
      ]
    }
  },
  "wall_s": 7615.870701551437,
  "val": [
    {
      "mode": "flat/seed28",
      "rollout": "flat/seed28",
      "baseline": {
        "vel_rmse": 0.0543321646770635,
        "vel_nees": 4.018834230045484,
        "vel_nees_tangent": 5.192904963115444,
        "vel_nees_x": 0.0685217831694923,
        "vel_nees_y": 0.07952276025970378,
        "vel_nees_z": 2.0026284594950314,
        "nis_over_dof": 0.009548450264961804,
        "applied": 0.9999999999999999
      },
      "learned": {
        "vel_rmse": 0.04540967431591111,
        "vel_nees": 2.023415851852418,
        "vel_nees_tangent": 2.8409370161131986,
        "vel_nees_x": 0.06696594519646236,
        "vel_nees_y": 0.05949718325395395,
        "vel_nees_z": 0.9615771140627092,
        "nis_over_dof": 0.07707691678071842,
        "applied": 0.9999999999999999
      }
    },
    {
      "mode": "hard_stepping/seed27",
      "rollout": "hard_stepping/seed27",
      "baseline": {
        "vel_rmse": 0.06187650061761749,
        "vel_nees": 4.711327474820552,
        "vel_nees_tangent": 6.580368070799619,
        "vel_nees_x": 0.05812809337318238,
        "vel_nees_y": 0.07298798336214275,
        "vel_nees_z": 2.894347971465953,
        "nis_over_dof": 0.014109930229590915,
        "applied": 0.9999999999999999
      },
      "learned": {
        "vel_rmse": 0.05887741477680245,
        "vel_nees": 3.4313031579677173,
        "vel_nees_tangent": 5.0276503872992695,
        "vel_nees_x": 0.06852945932719759,
        "vel_nees_y": 0.07201456134326603,
        "vel_nees_z": 2.108097446361817,
        "nis_over_dof": 0.09494176525298322,
        "applied": 0.9999999999999999
      }
    },
    {
      "mode": "stepping_stones/seed22",
      "rollout": "stepping_stones/seed22",
      "baseline": {
        "vel_rmse": 0.05502589544909181,
        "vel_nees": 3.7890936357418847,
        "vel_nees_tangent": 5.228076278557144,
        "vel_nees_x": 0.07037878887187993,
        "vel_nees_y": 0.05307722958974436,
        "vel_nees_z": 2.260820985818893,
        "nis_over_dof": 0.010696378873810539,
        "applied": 0.9999999999999999
      },
      "learned": {
        "vel_rmse": 0.046928640087309376,
        "vel_nees": 2.0853014027037835,
        "vel_nees_tangent": 3.520365013158441,
        "vel_nees_x": 0.07188734082832392,
        "vel_nees_y": 0.041776017136748674,
        "vel_nees_z": 1.2346900095428126,
        "nis_over_dof": 0.07482785282087397,
        "applied": 0.9999999999999999
      }
    },
    {
      "mode": "waves/seed25",
      "rollout": "waves/seed25",
      "baseline": {
        "vel_rmse": 0.05429266381876227,
        "vel_nees": 3.876504358601226,
        "vel_nees_tangent": 5.263272485057155,
        "vel_nees_x": 0.05643882781619317,
        "vel_nees_y": 0.04414943432361544,
        "vel_nees_z": 2.169316671417653,
        "nis_over_dof": 0.009545846302603187,
        "applied": 0.9999999999999999
      },
      "learned": {
        "vel_rmse": 0.04397751733753924,
        "vel_nees": 1.9114591417849578,
        "vel_nees_tangent": 2.800011358681061,
        "vel_nees_x": 0.033975178469170905,
        "vel_nees_y": 0.030756551523566277,
        "vel_nees_z": 1.1048118062481886,
        "nis_over_dof": 0.07709474895086761,
        "applied": 0.9999999999999999
      }
    }
  ],
  "loss_first": 1.1003710389226193,
  "loss_last": 0.002108310387156149
}
  plots -> /home/llibshutz/alex/invariant-estimation/results/l_ablation/L256_D_l2velposori/training.png, /home/llibshutz/alex/invariant-estimation/results/l_ablation/L256_D_l2velposori/validation.png
[2026-08-09 13:41:22] --- cell L=256 D_l2velposori complete: 6000 steps ---
[2026-08-09 13:41:22] --- cell L=512 A_l2vel (l2_velocity) -> results/l_ablation/L512_A_l2vel ---
Failed to import warp: No module named 'warp'
Failed to import mujoco_warp: No module named 'warp'
== run directory: /home/llibshutz/alex/invariant-estimation/results/l_ablation/L512_A_l2vel ==
collector: 9 filtered joints, 8 IMUs, 8 contacts, 4 off-path joints, dt=0.001 (1000 Hz)  [built in 0.9s]
pool 'n8fix': 25 rollouts over {'flat': 8, 'hard_stepping': 7, 'stepping_stones': 4, 'waves': 6}
train rollouts: ['flat_n8fix_seed000.npz', 'flat_n8fix_seed004.npz', 'flat_n8fix_seed008.npz', 'flat_n8fix_seed012.npz', 'flat_n8fix_seed016.npz', 'flat_n8fix_seed020.npz', 'flat_n8fix_seed024.npz', 'hard_stepping_n8fix_seed003.npz', 'hard_stepping_n8fix_seed007.npz', 'hard_stepping_n8fix_seed011.npz', 'hard_stepping_n8fix_seed015.npz', 'hard_stepping_n8fix_seed019.npz', 'hard_stepping_n8fix_seed023.npz', 'stepping_stones_n8fix_seed006.npz', 'stepping_stones_n8fix_seed014.npz', 'stepping_stones_n8fix_seed018.npz', 'waves_n8fix_seed001.npz', 'waves_n8fix_seed005.npz', 'waves_n8fix_seed009.npz', 'waves_n8fix_seed017.npz', 'waves_n8fix_seed021.npz']
val rollouts:   ['flat_n8fix_seed028.npz', 'hard_stepping_n8fix_seed027.npz', 'stepping_stones_n8fix_seed022.npz', 'waves_n8fix_seed025.npz']
== building channel caches ==
  reused flat_n8fix_seed000_feat.npz (cache newer than rollout, channels match)
  reused flat_n8fix_seed004_feat.npz (cache newer than rollout, channels match)
  reused flat_n8fix_seed008_feat.npz (cache newer than rollout, channels match)
  reused flat_n8fix_seed012_feat.npz (cache newer than rollout, channels match)
  reused flat_n8fix_seed016_feat.npz (cache newer than rollout, channels match)
  reused flat_n8fix_seed020_feat.npz (cache newer than rollout, channels match)
  reused flat_n8fix_seed024_feat.npz (cache newer than rollout, channels match)
  reused hard_stepping_n8fix_seed003_feat.npz (cache newer than rollout, channels match)
  reused hard_stepping_n8fix_seed007_feat.npz (cache newer than rollout, channels match)
  reused hard_stepping_n8fix_seed011_feat.npz (cache newer than rollout, channels match)
  reused hard_stepping_n8fix_seed015_feat.npz (cache newer than rollout, channels match)
  reused hard_stepping_n8fix_seed019_feat.npz (cache newer than rollout, channels match)
  reused hard_stepping_n8fix_seed023_feat.npz (cache newer than rollout, channels match)
  reused stepping_stones_n8fix_seed006_feat.npz (cache newer than rollout, channels match)
  reused stepping_stones_n8fix_seed014_feat.npz (cache newer than rollout, channels match)
  reused stepping_stones_n8fix_seed018_feat.npz (cache newer than rollout, channels match)
  reused waves_n8fix_seed001_feat.npz (cache newer than rollout, channels match)
  reused waves_n8fix_seed005_feat.npz (cache newer than rollout, channels match)
  reused waves_n8fix_seed009_feat.npz (cache newer than rollout, channels match)
  reused waves_n8fix_seed017_feat.npz (cache newer than rollout, channels match)
  reused waves_n8fix_seed021_feat.npz (cache newer than rollout, channels match)
  reused flat_n8fix_seed028_feat.npz (cache newer than rollout, channels match)
  reused hard_stepping_n8fix_seed027_feat.npz (cache newer than rollout, channels match)
  reused stepping_stones_n8fix_seed022_feat.npz (cache newer than rollout, channels match)
  reused waves_n8fix_seed025_feat.npz (cache newer than rollout, channels match)
== fitting normalization (train, walking set) ==
  floored channels: []
  cfg: F=30 d_in=600 H=20 (window 19 ms, consecutive ticks) L=512 B=32 objective=l2_velocity episode_s=43.0
== preparing rollouts ==
  prepared flat/seed0: T=44000, starts=[16019, 43488] (27470 legal)
  prepared flat/seed4: T=44000, starts=[16019, 43488] (27470 legal)
  prepared flat/seed8: T=44000, starts=[16019, 43488] (27470 legal)
  prepared flat/seed12: T=44000, starts=[16019, 43488] (27470 legal)
  prepared flat/seed16: T=44000, starts=[16019, 43488] (27470 legal)
  prepared flat/seed20: T=44000, starts=[16019, 43488] (27470 legal)
  prepared flat/seed24: T=44000, starts=[16019, 43488] (27470 legal)
  prepared hard_stepping/seed3: T=44000, starts=[16019, 43488] (27470 legal)
  prepared hard_stepping/seed7: T=44000, starts=[16019, 43488] (27470 legal)
  prepared hard_stepping/seed11: T=44000, starts=[16019, 43488] (27470 legal)
  prepared hard_stepping/seed15: T=44000, starts=[16019, 43488] (27470 legal)
  prepared hard_stepping/seed19: T=44000, starts=[16019, 43488] (27470 legal)
  prepared hard_stepping/seed23: T=44000, starts=[16019, 43488] (27470 legal)
  prepared stepping_stones/seed6: T=44000, starts=[16019, 43488] (27470 legal)
  prepared stepping_stones/seed14: T=44000, starts=[16019, 43488] (27470 legal)
  prepared stepping_stones/seed18: T=44000, starts=[16019, 43488] (27470 legal)
  prepared waves/seed1: T=44000, starts=[16019, 43488] (27470 legal)
  prepared waves/seed5: T=44000, starts=[16019, 43488] (27470 legal)
  prepared waves/seed9: T=44000, starts=[16019, 43488] (27470 legal)
  prepared waves/seed17: T=44000, starts=[16019, 43488] (27470 legal)
  prepared waves/seed21: T=44000, starts=[16019, 43488] (27470 legal)
  prepared flat/seed28: T=44000, starts=[16019, 43488] (27470 legal)
  prepared hard_stepping/seed27: T=44000, starts=[16019, 43488] (27470 legal)
  prepared stepping_stones/seed22: T=44000, starts=[16019, 43488] (27470 legal)
  prepared waves/seed25: T=44000, starts=[16019, 43488] (27470 legal)
== re-flooring contact measurement noise: pool collected at 0, training at 0.0001 (delta +0.0001 on diag(sigma_q)) ==
== measuring P0 ==
  P0 from flat/seed0 ticks [16019, 19019): diag(R)=[6.64983805e-05 6.89037297e-05 1.00027989e+00], diag(v)=[0.00079118 0.00077245 0.00018433], diag(p)=[0.12287249 0.12097755 0.12140872], diag(d)=[0.12287031 0.12097683 0.12141024 0.12286839 0.12097627 0.1214101
 0.1228721  0.12098173 0.12140916 0.12287092 0.12098141 0.12140908
 0.12291139 0.12104048 0.12144945 0.12291014 0.12104344 0.12144625
 0.12293942 0.12105974 0.12142006 0.12287423 0.12097469 0.12141085], eig in [8.791e-08, 1.152e+00]
== building network + batcher ==
== training ==
step    0 loss 1.05617e+00 |g| 3.21e+00 NIS/dof 1.110e+01 applied 1.00 reseeds 1
step   10 loss 2.07526e+00 |g| 1.79e+02 NIS/dof 1.327e+01 applied 1.00 reseeds 6
step   20 loss 1.33210e+00 |g| 6.97e+01 NIS/dof 8.695e+00 applied 1.00 reseeds 22
step   30 loss 1.19436e+00 |g| 1.27e+01 NIS/dof 7.973e+00 applied 1.00 reseeds 30
step   40 loss 1.11906e+00 |g| 9.73e+00 NIS/dof 7.898e+00 applied 1.00 reseeds 39
step   50 loss 1.04468e+00 |g| 2.69e+01 NIS/dof 7.653e+00 applied 1.00 reseeds 58
step   60 loss 1.04945e+00 |g| 8.56e+00 NIS/dof 7.494e+00 applied 1.00 reseeds 81
step   70 loss 9.43246e-01 |g| 8.23e+00 NIS/dof 7.699e+00 applied 1.00 reseeds 91
step   80 loss 8.83612e-01 |g| 3.18e+01 NIS/dof 8.046e+00 applied 1.00 reseeds 99
step   90 loss 1.13022e+00 |g| 1.43e+01 NIS/dof 8.892e+00 applied 1.00 reseeds 111
step  100 loss 9.60378e-01 |g| 1.36e+01 NIS/dof 9.363e+00 applied 1.00 reseeds 126
step  110 loss 9.24439e-01 |g| 1.36e+01 NIS/dof 8.662e+00 applied 1.00 reseeds 143
step  120 loss 8.32093e-01 |g| 1.42e+01 NIS/dof 8.222e+00 applied 1.00 reseeds 156
step  130 loss 8.40230e-01 |g| 1.58e+01 NIS/dof 8.598e+00 applied 1.00 reseeds 165
step  140 loss 7.57733e-01 |g| 1.79e+01 NIS/dof 7.948e+00 applied 1.00 reseeds 181
step  150 loss 8.75991e-01 |g| 1.03e+01 NIS/dof 9.343e+00 applied 1.00 reseeds 194
step  160 loss 8.48779e-01 |g| 3.27e+01 NIS/dof 8.892e+00 applied 1.00 reseeds 203
step  170 loss 8.28958e-01 |g| 1.60e+01 NIS/dof 8.182e+00 applied 1.00 reseeds 219
step  180 loss 9.42634e-01 |g| 4.49e+01 NIS/dof 9.310e+00 applied 1.00 reseeds 236
step  190 loss 8.15143e-01 |g| 2.61e+01 NIS/dof 9.026e+00 applied 1.00 reseeds 249
step  200 loss 6.65245e-01 |g| 1.61e+01 NIS/dof 8.325e+00 applied 1.00 reseeds 264
step  210 loss 7.39878e-01 |g| 9.04e+00 NIS/dof 7.923e+00 applied 1.00 reseeds 278
step  220 loss 6.84705e-01 |g| 1.24e+01 NIS/dof 7.879e+00 applied 1.00 reseeds 292
step  230 loss 6.45578e-01 |g| 2.67e+01 NIS/dof 8.019e+00 applied 1.00 reseeds 298
step  240 loss 4.56503e-01 |g| 1.34e+01 NIS/dof 6.532e+00 applied 1.00 reseeds 311
step  250 loss 4.74445e-01 |g| 2.42e+01 NIS/dof 6.112e+00 applied 1.00 reseeds 328
step  260 loss 4.41059e-01 |g| 7.09e+00 NIS/dof 6.432e+00 applied 1.00 reseeds 336
step  270 loss 4.46228e-01 |g| 4.33e+01 NIS/dof 5.594e+00 applied 1.00 reseeds 348
step  280 loss 4.51319e-01 |g| 2.56e+01 NIS/dof 6.713e+00 applied 1.00 reseeds 364
step  290 loss 2.93221e-01 |g| 1.21e+01 NIS/dof 4.798e+00 applied 1.00 reseeds 378
step  300 loss 2.24977e-01 |g| 8.18e+00 NIS/dof 3.740e+00 applied 1.00 reseeds 390
step  310 loss 3.11043e-01 |g| 1.87e+01 NIS/dof 4.169e+00 applied 1.00 reseeds 401
step  320 loss 1.92486e-01 |g| 2.41e+01 NIS/dof 3.410e+00 applied 1.00 reseeds 418
step  330 loss 1.30677e-01 |g| 2.59e+01 NIS/dof 2.816e+00 applied 1.00 reseeds 431
step  340 loss 6.98771e-02 |g| 5.83e+00 NIS/dof 2.106e+00 applied 1.00 reseeds 444
step  350 loss 5.01250e-02 |g| 3.53e+00 NIS/dof 1.649e+00 applied 1.00 reseeds 452
step  360 loss 3.73380e-02 |g| 3.65e+00 NIS/dof 1.616e+00 applied 1.00 reseeds 465
step  370 loss 3.26899e-02 |g| 1.38e+00 NIS/dof 1.406e+00 applied 1.00 reseeds 485
step  380 loss 2.76878e-02 |g| 1.86e+00 NIS/dof 1.249e+00 applied 1.00 reseeds 496
step  390 loss 2.62826e-02 |g| 3.94e+00 NIS/dof 1.470e+00 applied 1.00 reseeds 506
step  400 loss 1.88377e-02 |g| 7.88e-01 NIS/dof 1.145e+00 applied 1.00 reseeds 515
step  410 loss 2.24510e-02 |g| 7.86e-01 NIS/dof 1.208e+00 applied 1.00 reseeds 530
step  420 loss 1.58046e-02 |g| 1.04e+00 NIS/dof 8.979e-01 applied 1.00 reseeds 543
step  430 loss 1.61816e-02 |g| 8.89e-01 NIS/dof 8.914e-01 applied 1.00 reseeds 551
step  440 loss 1.56914e-02 |g| 2.02e+00 NIS/dof 9.096e-01 applied 1.00 reseeds 564
step  450 loss 1.84728e-02 |g| 1.64e+00 NIS/dof 9.949e-01 applied 1.00 reseeds 577
step  460 loss 1.42409e-02 |g| 1.63e+00 NIS/dof 8.698e-01 applied 1.00 reseeds 589
step  470 loss 1.13800e-02 |g| 1.14e+00 NIS/dof 7.298e-01 applied 1.00 reseeds 601
step  480 loss 1.36133e-02 |g| 2.61e+00 NIS/dof 7.283e-01 applied 1.00 reseeds 611
step  490 loss 1.48307e-02 |g| 7.03e-01 NIS/dof 7.333e-01 applied 1.00 reseeds 625
step  500 loss 1.10388e-02 |g| 1.00e+00 NIS/dof 7.603e-01 applied 1.00 reseeds 635
step  510 loss 9.50582e-03 |g| 6.56e-01 NIS/dof 6.081e-01 applied 1.00 reseeds 644
step  520 loss 1.00149e-02 |g| 4.71e-01 NIS/dof 6.176e-01 applied 1.00 reseeds 660
step  530 loss 9.78262e-03 |g| 8.09e-01 NIS/dof 5.912e-01 applied 1.00 reseeds 671
step  540 loss 7.32474e-03 |g| 4.45e-01 NIS/dof 4.645e-01 applied 1.00 reseeds 683
step  550 loss 1.14797e-02 |g| 1.65e+00 NIS/dof 5.180e-01 applied 1.00 reseeds 703
step  560 loss 9.55672e-03 |g| 1.59e+00 NIS/dof 5.466e-01 applied 1.00 reseeds 714
step  570 loss 9.85405e-03 |g| 1.55e+00 NIS/dof 5.880e-01 applied 1.00 reseeds 730
step  580 loss 8.05656e-03 |g| 1.20e+00 NIS/dof 4.516e-01 applied 1.00 reseeds 740
step  590 loss 5.75119e-03 |g| 8.25e-01 NIS/dof 3.821e-01 applied 1.00 reseeds 752
step  600 loss 9.28253e-03 |g| 1.36e+00 NIS/dof 4.337e-01 applied 1.00 reseeds 760
step  610 loss 6.53353e-03 |g| 4.22e-01 NIS/dof 4.123e-01 applied 1.00 reseeds 771
step  620 loss 6.66047e-03 |g| 4.39e-01 NIS/dof 3.988e-01 applied 1.00 reseeds 789
step  630 loss 7.63841e-03 |g| 6.81e-01 NIS/dof 3.728e-01 applied 1.00 reseeds 797
step  640 loss 5.74774e-03 |g| 8.02e-01 NIS/dof 3.326e-01 applied 1.00 reseeds 809
step  650 loss 5.64921e-03 |g| 5.79e-01 NIS/dof 3.230e-01 applied 1.00 reseeds 822
step  660 loss 5.70986e-03 |g| 1.08e+00 NIS/dof 3.201e-01 applied 1.00 reseeds 834
step  670 loss 5.60643e-03 |g| 6.67e-01 NIS/dof 3.395e-01 applied 1.00 reseeds 849
step  680 loss 7.00785e-03 |g| 1.03e+00 NIS/dof 3.215e-01 applied 1.00 reseeds 864
step  690 loss 5.18985e-03 |g| 9.20e-01 NIS/dof 2.863e-01 applied 1.00 reseeds 879
step  700 loss 6.16340e-03 |g| 8.68e-01 NIS/dof 3.037e-01 applied 1.00 reseeds 891
step  710 loss 5.39275e-03 |g| 4.57e-01 NIS/dof 3.090e-01 applied 1.00 reseeds 900
step  720 loss 4.76831e-03 |g| 5.76e-01 NIS/dof 2.519e-01 applied 1.00 reseeds 917
step  730 loss 3.58365e-03 |g| 8.93e-01 NIS/dof 2.334e-01 applied 1.00 reseeds 925
step  740 loss 5.24184e-03 |g| 4.95e-01 NIS/dof 2.809e-01 applied 1.00 reseeds 938
step  750 loss 4.49924e-03 |g| 5.66e-01 NIS/dof 2.595e-01 applied 1.00 reseeds 955
step  760 loss 4.21290e-03 |g| 1.91e-01 NIS/dof 2.672e-01 applied 1.00 reseeds 967
step  770 loss 3.76275e-03 |g| 2.08e-01 NIS/dof 2.332e-01 applied 1.00 reseeds 978
step  780 loss 4.99882e-03 |g| 6.94e-01 NIS/dof 2.420e-01 applied 1.00 reseeds 988
step  790 loss 3.24944e-03 |g| 3.44e-01 NIS/dof 2.118e-01 applied 1.00 reseeds 996
step  800 loss 2.80578e-03 |g| 2.39e-01 NIS/dof 2.120e-01 applied 1.00 reseeds 1006
step  810 loss 3.73229e-03 |g| 2.36e-01 NIS/dof 2.348e-01 applied 1.00 reseeds 1021
step  820 loss 3.36017e-03 |g| 3.59e-01 NIS/dof 2.200e-01 applied 1.00 reseeds 1037
step  830 loss 3.75213e-03 |g| 3.57e-01 NIS/dof 2.538e-01 applied 1.00 reseeds 1048
step  840 loss 3.08975e-03 |g| 3.90e-01 NIS/dof 1.906e-01 applied 1.00 reseeds 1064
step  850 loss 2.73642e-03 |g| 3.00e-01 NIS/dof 2.084e-01 applied 1.00 reseeds 1068
step  860 loss 3.29903e-03 |g| 2.24e-01 NIS/dof 1.880e-01 applied 1.00 reseeds 1082
step  870 loss 3.24682e-03 |g| 2.94e-01 NIS/dof 2.105e-01 applied 1.00 reseeds 1094
step  880 loss 3.44088e-03 |g| 1.95e-01 NIS/dof 2.105e-01 applied 1.00 reseeds 1108
step  890 loss 3.45537e-03 |g| 3.35e-01 NIS/dof 2.242e-01 applied 1.00 reseeds 1123
step  900 loss 2.37909e-03 |g| 1.23e-01 NIS/dof 1.821e-01 applied 1.00 reseeds 1136
step  910 loss 3.56181e-03 |g| 2.28e-01 NIS/dof 1.933e-01 applied 1.00 reseeds 1149
step  920 loss 2.95477e-03 |g| 3.08e-01 NIS/dof 1.958e-01 applied 1.00 reseeds 1159
step  930 loss 2.76747e-03 |g| 2.35e-01 NIS/dof 1.714e-01 applied 1.00 reseeds 1170
step  940 loss 2.40948e-03 |g| 3.77e-01 NIS/dof 1.915e-01 applied 1.00 reseeds 1182
step  950 loss 3.08939e-03 |g| 4.19e-01 NIS/dof 1.864e-01 applied 1.00 reseeds 1193
step  960 loss 2.76555e-03 |g| 2.44e-01 NIS/dof 1.969e-01 applied 1.00 reseeds 1206
step  970 loss 2.68741e-03 |g| 1.59e-01 NIS/dof 1.714e-01 applied 1.00 reseeds 1217
step  980 loss 2.48764e-03 |g| 1.65e-01 NIS/dof 1.727e-01 applied 1.00 reseeds 1229
step  990 loss 2.48306e-03 |g| 2.14e-01 NIS/dof 1.847e-01 applied 1.00 reseeds 1241
step 1000 loss 3.14637e-03 |g| 3.45e-01 NIS/dof 1.938e-01 applied 1.00 reseeds 1252
step 1010 loss 2.35714e-03 |g| 1.64e-01 NIS/dof 1.762e-01 applied 1.00 reseeds 1267
step 1020 loss 3.20002e-03 |g| 2.81e-01 NIS/dof 1.903e-01 applied 1.00 reseeds 1277
step 1030 loss 2.56139e-03 |g| 1.50e-01 NIS/dof 1.851e-01 applied 1.00 reseeds 1286
step 1040 loss 2.63319e-03 |g| 1.51e-01 NIS/dof 1.759e-01 applied 1.00 reseeds 1295
step 1050 loss 3.99970e-03 |g| 3.25e-01 NIS/dof 1.937e-01 applied 1.00 reseeds 1305
step 1060 loss 2.71600e-03 |g| 2.18e-01 NIS/dof 1.999e-01 applied 1.00 reseeds 1313
step 1070 loss 2.66069e-03 |g| 1.57e-01 NIS/dof 1.770e-01 applied 1.00 reseeds 1331
step 1080 loss 2.37207e-03 |g| 1.48e-01 NIS/dof 1.612e-01 applied 1.00 reseeds 1347
step 1090 loss 2.36305e-03 |g| 2.30e-01 NIS/dof 1.663e-01 applied 1.00 reseeds 1359
step 1100 loss 2.33553e-03 |g| 1.42e-01 NIS/dof 2.060e-01 applied 1.00 reseeds 1381
step 1110 loss 2.39789e-03 |g| 2.06e-01 NIS/dof 1.714e-01 applied 1.00 reseeds 1394
step 1120 loss 2.49666e-03 |g| 1.15e-01 NIS/dof 2.164e-01 applied 1.00 reseeds 1408
step 1130 loss 1.84514e-03 |g| 1.03e-01 NIS/dof 1.460e-01 applied 1.00 reseeds 1414
step 1140 loss 2.82510e-03 |g| 1.52e-01 NIS/dof 1.856e-01 applied 1.00 reseeds 1426
step 1150 loss 2.40940e-03 |g| 1.74e-01 NIS/dof 1.858e-01 applied 1.00 reseeds 1437
step 1160 loss 2.56693e-03 |g| 2.47e-01 NIS/dof 1.791e-01 applied 1.00 reseeds 1451
step 1170 loss 2.47902e-03 |g| 1.76e-01 NIS/dof 1.820e-01 applied 1.00 reseeds 1462
step 1180 loss 2.08450e-03 |g| 1.46e-01 NIS/dof 1.788e-01 applied 1.00 reseeds 1483
step 1190 loss 2.04300e-03 |g| 1.28e-01 NIS/dof 1.795e-01 applied 1.00 reseeds 1489
step 1200 loss 2.60510e-03 |g| 2.01e-01 NIS/dof 1.780e-01 applied 1.00 reseeds 1503
step 1210 loss 1.98476e-03 |g| 2.96e-01 NIS/dof 1.569e-01 applied 1.00 reseeds 1514
step 1220 loss 2.60993e-03 |g| 1.78e-01 NIS/dof 2.180e-01 applied 1.00 reseeds 1522
step 1230 loss 2.40655e-03 |g| 2.06e-01 NIS/dof 1.865e-01 applied 1.00 reseeds 1538
step 1240 loss 2.66513e-03 |g| 2.24e-01 NIS/dof 1.943e-01 applied 1.00 reseeds 1547
step 1250 loss 2.13738e-03 |g| 1.73e-01 NIS/dof 1.395e-01 applied 1.00 reseeds 1563
step 1260 loss 1.84199e-03 |g| 1.56e-01 NIS/dof 1.569e-01 applied 1.00 reseeds 1576
step 1270 loss 2.28588e-03 |g| 1.93e-01 NIS/dof 1.575e-01 applied 1.00 reseeds 1588
step 1280 loss 2.24331e-03 |g| 2.16e-01 NIS/dof 1.711e-01 applied 1.00 reseeds 1600
step 1290 loss 2.11633e-03 |g| 1.34e-01 NIS/dof 1.691e-01 applied 1.00 reseeds 1610
step 1300 loss 2.16663e-03 |g| 2.09e-01 NIS/dof 1.650e-01 applied 1.00 reseeds 1622
step 1310 loss 2.13388e-03 |g| 2.41e-01 NIS/dof 1.510e-01 applied 1.00 reseeds 1635
step 1320 loss 2.29884e-03 |g| 1.77e-01 NIS/dof 1.864e-01 applied 1.00 reseeds 1650
step 1330 loss 1.82164e-03 |g| 1.21e-01 NIS/dof 1.673e-01 applied 1.00 reseeds 1659
step 1340 loss 2.06057e-03 |g| 1.88e-01 NIS/dof 1.670e-01 applied 1.00 reseeds 1670
step 1350 loss 2.29989e-03 |g| 3.53e-01 NIS/dof 1.606e-01 applied 1.00 reseeds 1683
step 1360 loss 2.21355e-03 |g| 1.38e-01 NIS/dof 1.944e-01 applied 1.00 reseeds 1697
step 1370 loss 1.64776e-03 |g| 6.91e-02 NIS/dof 1.239e-01 applied 1.00 reseeds 1713
step 1380 loss 2.06190e-03 |g| 2.65e-01 NIS/dof 1.541e-01 applied 1.00 reseeds 1720
step 1390 loss 2.10015e-03 |g| 1.04e-01 NIS/dof 1.637e-01 applied 1.00 reseeds 1733
step 1400 loss 2.38390e-03 |g| 1.29e-01 NIS/dof 1.774e-01 applied 1.00 reseeds 1749
step 1410 loss 2.02936e-03 |g| 2.05e-01 NIS/dof 1.420e-01 applied 1.00 reseeds 1762
step 1420 loss 1.63299e-03 |g| 1.25e-01 NIS/dof 1.491e-01 applied 1.00 reseeds 1767
step 1430 loss 1.95168e-03 |g| 2.07e-01 NIS/dof 1.670e-01 applied 1.00 reseeds 1778
step 1440 loss 2.03223e-03 |g| 1.16e-01 NIS/dof 1.766e-01 applied 1.00 reseeds 1789
step 1450 loss 1.94181e-03 |g| 1.06e-01 NIS/dof 1.531e-01 applied 1.00 reseeds 1798
step 1460 loss 1.76681e-03 |g| 2.73e-01 NIS/dof 1.546e-01 applied 1.00 reseeds 1812
step 1470 loss 1.80070e-03 |g| 1.99e-01 NIS/dof 1.679e-01 applied 1.00 reseeds 1818
step 1480 loss 1.73736e-03 |g| 1.35e-01 NIS/dof 1.414e-01 applied 1.00 reseeds 1831
step 1490 loss 2.15653e-03 |g| 1.73e-01 NIS/dof 1.778e-01 applied 1.00 reseeds 1843
step 1500 loss 2.24598e-03 |g| 1.60e-01 NIS/dof 1.461e-01 applied 1.00 reseeds 1855
step 1510 loss 1.91103e-03 |g| 1.59e-01 NIS/dof 1.684e-01 applied 1.00 reseeds 1864
step 1520 loss 1.88645e-03 |g| 7.84e-02 NIS/dof 1.613e-01 applied 1.00 reseeds 1880
step 1530 loss 1.93889e-03 |g| 1.95e-01 NIS/dof 1.484e-01 applied 1.00 reseeds 1891
step 1540 loss 1.86798e-03 |g| 2.30e-01 NIS/dof 1.689e-01 applied 1.00 reseeds 1901
step 1550 loss 1.72763e-03 |g| 9.34e-02 NIS/dof 1.573e-01 applied 1.00 reseeds 1912
step 1560 loss 1.94435e-03 |g| 1.29e-01 NIS/dof 1.776e-01 applied 1.00 reseeds 1924
step 1570 loss 1.87254e-03 |g| 2.40e-01 NIS/dof 1.709e-01 applied 1.00 reseeds 1937
step 1580 loss 1.58651e-03 |g| 1.19e-01 NIS/dof 1.585e-01 applied 1.00 reseeds 1945
step 1590 loss 2.03707e-03 |g| 1.52e-01 NIS/dof 1.487e-01 applied 1.00 reseeds 1956
step 1600 loss 2.05898e-03 |g| 2.15e-01 NIS/dof 1.533e-01 applied 1.00 reseeds 1969
step 1610 loss 1.51332e-03 |g| 1.53e-01 NIS/dof 1.383e-01 applied 1.00 reseeds 1982
step 1620 loss 1.92597e-03 |g| 1.27e-01 NIS/dof 1.745e-01 applied 1.00 reseeds 1991
step 1630 loss 1.83504e-03 |g| 1.93e-01 NIS/dof 1.528e-01 applied 1.00 reseeds 2004
step 1640 loss 1.68133e-03 |g| 1.68e-01 NIS/dof 1.606e-01 applied 1.00 reseeds 2014
step 1650 loss 1.58017e-03 |g| 1.31e-01 NIS/dof 1.440e-01 applied 1.00 reseeds 2024
step 1660 loss 1.59319e-03 |g| 1.42e-01 NIS/dof 1.767e-01 applied 1.00 reseeds 2035
step 1670 loss 1.60784e-03 |g| 8.92e-02 NIS/dof 1.586e-01 applied 1.00 reseeds 2050
step 1680 loss 1.80527e-03 |g| 1.58e-01 NIS/dof 1.438e-01 applied 1.00 reseeds 2058
step 1690 loss 1.66634e-03 |g| 1.07e-01 NIS/dof 1.615e-01 applied 1.00 reseeds 2073
step 1700 loss 1.76490e-03 |g| 1.05e-01 NIS/dof 1.584e-01 applied 1.00 reseeds 2080
step 1710 loss 1.84033e-03 |g| 1.69e-01 NIS/dof 1.481e-01 applied 1.00 reseeds 2091
step 1720 loss 1.77454e-03 |g| 2.37e-01 NIS/dof 1.703e-01 applied 1.00 reseeds 2106
step 1730 loss 1.81352e-03 |g| 1.40e-01 NIS/dof 1.634e-01 applied 1.00 reseeds 2116
step 1740 loss 1.57565e-03 |g| 6.92e-02 NIS/dof 1.579e-01 applied 1.00 reseeds 2131
step 1750 loss 1.49159e-03 |g| 9.81e-02 NIS/dof 1.762e-01 applied 1.00 reseeds 2143
step 1760 loss 1.94162e-03 |g| 2.07e-01 NIS/dof 1.832e-01 applied 1.00 reseeds 2153
step 1770 loss 1.53609e-03 |g| 1.93e-01 NIS/dof 1.706e-01 applied 1.00 reseeds 2170
step 1780 loss 1.64563e-03 |g| 1.86e-01 NIS/dof 1.615e-01 applied 1.00 reseeds 2180
step 1790 loss 1.99130e-03 |g| 1.29e-01 NIS/dof 1.759e-01 applied 1.00 reseeds 2193
step 1800 loss 1.48390e-03 |g| 1.06e-01 NIS/dof 1.471e-01 applied 1.00 reseeds 2202
step 1810 loss 1.37794e-03 |g| 1.18e-01 NIS/dof 1.388e-01 applied 1.00 reseeds 2209
step 1820 loss 1.75064e-03 |g| 1.33e-01 NIS/dof 1.784e-01 applied 1.00 reseeds 2227
step 1830 loss 1.20788e-03 |g| 8.78e-02 NIS/dof 1.195e-01 applied 1.00 reseeds 2240
step 1840 loss 1.49317e-03 |g| 6.58e-02 NIS/dof 1.370e-01 applied 1.00 reseeds 2248
step 1850 loss 1.95716e-03 |g| 1.21e-01 NIS/dof 1.540e-01 applied 1.00 reseeds 2264
step 1860 loss 1.90500e-03 |g| 7.26e-02 NIS/dof 1.548e-01 applied 1.00 reseeds 2277
step 1870 loss 1.91072e-03 |g| 7.77e-02 NIS/dof 1.636e-01 applied 1.00 reseeds 2289
step 1880 loss 2.29327e-03 |g| 1.81e-01 NIS/dof 1.532e-01 applied 1.00 reseeds 2301
step 1890 loss 1.81677e-03 |g| 8.96e-02 NIS/dof 1.672e-01 applied 1.00 reseeds 2312
step 1900 loss 1.69286e-03 |g| 1.62e-01 NIS/dof 1.764e-01 applied 1.00 reseeds 2326
step 1910 loss 1.85153e-03 |g| 1.32e-01 NIS/dof 1.638e-01 applied 1.00 reseeds 2339
step 1920 loss 1.53622e-03 |g| 1.02e-01 NIS/dof 1.507e-01 applied 1.00 reseeds 2351
step 1930 loss 1.57042e-03 |g| 1.90e-01 NIS/dof 1.441e-01 applied 1.00 reseeds 2368
step 1940 loss 1.67807e-03 |g| 1.22e-01 NIS/dof 1.446e-01 applied 1.00 reseeds 2374
step 1950 loss 1.40366e-03 |g| 8.20e-02 NIS/dof 1.365e-01 applied 1.00 reseeds 2388
step 1960 loss 1.57957e-03 |g| 1.16e-01 NIS/dof 1.683e-01 applied 1.00 reseeds 2400
step 1970 loss 1.54863e-03 |g| 9.69e-02 NIS/dof 1.471e-01 applied 1.00 reseeds 2417
step 1980 loss 1.38015e-03 |g| 7.66e-02 NIS/dof 1.574e-01 applied 1.00 reseeds 2434
step 1990 loss 1.70623e-03 |g| 1.65e-01 NIS/dof 1.874e-01 applied 1.00 reseeds 2445
step 2000 loss 1.60872e-03 |g| 1.85e-01 NIS/dof 1.974e-01 applied 1.00 reseeds 2462
step 2010 loss 1.52915e-03 |g| 1.77e-01 NIS/dof 1.854e-01 applied 1.00 reseeds 2468
step 2020 loss 1.73386e-03 |g| 1.41e-01 NIS/dof 1.582e-01 applied 1.00 reseeds 2480
step 2030 loss 1.58784e-03 |g| 1.37e-01 NIS/dof 1.377e-01 applied 1.00 reseeds 2496
step 2040 loss 1.48033e-03 |g| 1.19e-01 NIS/dof 1.363e-01 applied 1.00 reseeds 2499
step 2050 loss 1.69268e-03 |g| 2.08e-01 NIS/dof 1.638e-01 applied 1.00 reseeds 2515
step 2060 loss 1.76851e-03 |g| 1.71e-01 NIS/dof 1.572e-01 applied 1.00 reseeds 2523
step 2070 loss 1.96822e-03 |g| 1.59e-01 NIS/dof 1.913e-01 applied 1.00 reseeds 2535
step 2080 loss 1.31475e-03 |g| 1.11e-01 NIS/dof 1.411e-01 applied 1.00 reseeds 2550
step 2090 loss 1.33710e-03 |g| 1.01e-01 NIS/dof 1.774e-01 applied 1.00 reseeds 2559
step 2100 loss 1.40180e-03 |g| 1.79e-01 NIS/dof 1.822e-01 applied 1.00 reseeds 2575
step 2110 loss 1.86973e-03 |g| 1.86e-01 NIS/dof 1.708e-01 applied 1.00 reseeds 2584
step 2120 loss 1.30905e-03 |g| 8.13e-02 NIS/dof 1.515e-01 applied 1.00 reseeds 2605
step 2130 loss 1.38295e-03 |g| 1.54e-01 NIS/dof 1.504e-01 applied 1.00 reseeds 2616
step 2140 loss 1.60915e-03 |g| 1.98e-01 NIS/dof 1.613e-01 applied 1.00 reseeds 2627
step 2150 loss 1.26592e-03 |g| 1.13e-01 NIS/dof 1.484e-01 applied 1.00 reseeds 2637
step 2160 loss 1.56147e-03 |g| 2.07e-01 NIS/dof 1.597e-01 applied 1.00 reseeds 2651
step 2170 loss 1.54562e-03 |g| 1.99e-01 NIS/dof 1.556e-01 applied 1.00 reseeds 2662
step 2180 loss 1.28025e-03 |g| 3.11e-01 NIS/dof 1.542e-01 applied 1.00 reseeds 2667
step 2190 loss 1.52466e-03 |g| 1.42e-01 NIS/dof 1.385e-01 applied 1.00 reseeds 2676
step 2200 loss 1.51219e-03 |g| 1.38e-01 NIS/dof 1.469e-01 applied 1.00 reseeds 2695
step 2210 loss 1.54228e-03 |g| 1.26e-01 NIS/dof 1.564e-01 applied 1.00 reseeds 2708
step 2220 loss 1.56200e-03 |g| 1.32e-01 NIS/dof 1.342e-01 applied 1.00 reseeds 2718
step 2230 loss 1.51675e-03 |g| 5.86e-02 NIS/dof 1.424e-01 applied 1.00 reseeds 2730
step 2240 loss 1.38443e-03 |g| 1.49e-01 NIS/dof 1.653e-01 applied 1.00 reseeds 2743
step 2250 loss 1.44310e-03 |g| 1.24e-01 NIS/dof 1.614e-01 applied 1.00 reseeds 2754
step 2260 loss 1.68454e-03 |g| 1.91e-01 NIS/dof 1.427e-01 applied 1.00 reseeds 2762
step 2270 loss 1.55581e-03 |g| 1.69e-01 NIS/dof 1.619e-01 applied 1.00 reseeds 2780
step 2280 loss 1.48028e-03 |g| 9.99e-02 NIS/dof 1.468e-01 applied 1.00 reseeds 2793
step 2290 loss 1.27557e-03 |g| 1.90e-01 NIS/dof 1.809e-01 applied 1.00 reseeds 2808
step 2300 loss 1.12505e-03 |g| 9.16e-02 NIS/dof 1.465e-01 applied 1.00 reseeds 2821
step 2310 loss 1.04525e-03 |g| 1.01e-01 NIS/dof 1.409e-01 applied 1.00 reseeds 2837
step 2320 loss 1.35771e-03 |g| 4.74e-02 NIS/dof 1.481e-01 applied 1.00 reseeds 2852
step 2330 loss 1.33565e-03 |g| 1.61e-01 NIS/dof 1.661e-01 applied 1.00 reseeds 2860
step 2340 loss 1.24908e-03 |g| 6.13e-02 NIS/dof 1.527e-01 applied 1.00 reseeds 2876
step 2350 loss 1.46277e-03 |g| 1.17e-01 NIS/dof 1.571e-01 applied 1.00 reseeds 2897
step 2360 loss 1.22874e-03 |g| 1.20e-01 NIS/dof 1.592e-01 applied 1.00 reseeds 2904
step 2370 loss 1.26817e-03 |g| 8.74e-02 NIS/dof 1.340e-01 applied 1.00 reseeds 2916
step 2380 loss 1.23266e-03 |g| 6.87e-02 NIS/dof 1.581e-01 applied 1.00 reseeds 2928
step 2390 loss 1.50612e-03 |g| 8.02e-02 NIS/dof 1.615e-01 applied 1.00 reseeds 2941
step 2400 loss 1.60382e-03 |g| 1.20e-01 NIS/dof 1.431e-01 applied 1.00 reseeds 2955
step 2410 loss 1.30756e-03 |g| 1.14e-01 NIS/dof 1.503e-01 applied 1.00 reseeds 2963
step 2420 loss 1.18685e-03 |g| 1.61e-01 NIS/dof 1.397e-01 applied 1.00 reseeds 2971
step 2430 loss 1.22137e-03 |g| 9.39e-02 NIS/dof 1.795e-01 applied 1.00 reseeds 2981
step 2440 loss 1.42321e-03 |g| 1.06e-01 NIS/dof 1.550e-01 applied 1.00 reseeds 2997
step 2450 loss 1.99073e-03 |g| 2.22e-01 NIS/dof 1.562e-01 applied 1.00 reseeds 3009
step 2460 loss 1.04687e-03 |g| 8.45e-02 NIS/dof 1.439e-01 applied 1.00 reseeds 3022
step 2470 loss 1.30984e-03 |g| 7.69e-02 NIS/dof 1.586e-01 applied 1.00 reseeds 3034
step 2480 loss 1.39671e-03 |g| 7.62e-02 NIS/dof 1.256e-01 applied 1.00 reseeds 3047
step 2490 loss 1.34936e-03 |g| 5.64e-02 NIS/dof 1.579e-01 applied 1.00 reseeds 3058
step 2500 loss 1.42996e-03 |g| 7.97e-02 NIS/dof 1.509e-01 applied 1.00 reseeds 3065
step 2510 loss 1.52842e-03 |g| 1.09e-01 NIS/dof 1.846e-01 applied 1.00 reseeds 3082
step 2520 loss 1.27221e-03 |g| 1.22e-01 NIS/dof 1.548e-01 applied 1.00 reseeds 3096
step 2530 loss 1.26338e-03 |g| 1.25e-01 NIS/dof 1.535e-01 applied 1.00 reseeds 3103
step 2540 loss 1.46194e-03 |g| 1.63e-01 NIS/dof 1.545e-01 applied 1.00 reseeds 3115
step 2550 loss 1.38881e-03 |g| 8.74e-02 NIS/dof 1.807e-01 applied 1.00 reseeds 3129
step 2560 loss 1.42367e-03 |g| 1.29e-01 NIS/dof 1.414e-01 applied 1.00 reseeds 3143
step 2570 loss 1.03555e-03 |g| 4.64e-02 NIS/dof 1.643e-01 applied 1.00 reseeds 3154
step 2580 loss 1.21000e-03 |g| 8.84e-02 NIS/dof 1.489e-01 applied 1.00 reseeds 3163
step 2590 loss 1.38423e-03 |g| 1.36e-01 NIS/dof 1.305e-01 applied 1.00 reseeds 3179
step 2600 loss 1.12588e-03 |g| 1.49e-01 NIS/dof 1.431e-01 applied 1.00 reseeds 3189
step 2610 loss 1.34372e-03 |g| 1.05e-01 NIS/dof 1.503e-01 applied 1.00 reseeds 3205
step 2620 loss 1.36344e-03 |g| 9.67e-02 NIS/dof 1.360e-01 applied 1.00 reseeds 3218
step 2630 loss 1.31837e-03 |g| 1.34e-01 NIS/dof 1.732e-01 applied 1.00 reseeds 3231
step 2640 loss 1.29246e-03 |g| 1.35e-01 NIS/dof 1.754e-01 applied 1.00 reseeds 3242
step 2650 loss 1.22622e-03 |g| 1.33e-01 NIS/dof 1.538e-01 applied 1.00 reseeds 3257
step 2660 loss 1.59547e-03 |g| 1.20e-01 NIS/dof 1.609e-01 applied 1.00 reseeds 3267
step 2670 loss 1.58754e-03 |g| 1.36e-01 NIS/dof 1.724e-01 applied 1.00 reseeds 3283
step 2680 loss 1.44119e-03 |g| 1.25e-01 NIS/dof 1.599e-01 applied 1.00 reseeds 3289
step 2690 loss 1.49850e-03 |g| 1.67e-01 NIS/dof 1.756e-01 applied 1.00 reseeds 3304
step 2700 loss 1.32655e-03 |g| 6.66e-02 NIS/dof 1.619e-01 applied 1.00 reseeds 3316
step 2710 loss 1.44470e-03 |g| 1.90e-01 NIS/dof 1.554e-01 applied 1.00 reseeds 3326
step 2720 loss 1.48188e-03 |g| 2.53e-01 NIS/dof 1.585e-01 applied 1.00 reseeds 3347
step 2730 loss 1.17048e-03 |g| 1.11e-01 NIS/dof 1.439e-01 applied 1.00 reseeds 3352
step 2740 loss 9.75273e-04 |g| 1.47e-01 NIS/dof 1.596e-01 applied 1.00 reseeds 3366
step 2750 loss 1.07912e-03 |g| 5.87e-02 NIS/dof 1.451e-01 applied 1.00 reseeds 3374
step 2760 loss 1.56190e-03 |g| 3.10e-01 NIS/dof 2.074e-01 applied 1.00 reseeds 3392
step 2770 loss 1.09993e-03 |g| 1.48e-01 NIS/dof 1.559e-01 applied 1.00 reseeds 3405
step 2780 loss 1.52199e-03 |g| 1.80e-01 NIS/dof 1.731e-01 applied 1.00 reseeds 3415
step 2790 loss 1.53514e-03 |g| 5.50e-02 NIS/dof 1.628e-01 applied 1.00 reseeds 3425
step 2800 loss 1.13249e-03 |g| 6.51e-02 NIS/dof 1.266e-01 applied 1.00 reseeds 3442
step 2810 loss 1.32528e-03 |g| 8.07e-02 NIS/dof 1.852e-01 applied 1.00 reseeds 3456
step 2820 loss 1.59967e-03 |g| 1.74e-01 NIS/dof 1.765e-01 applied 1.00 reseeds 3471
step 2830 loss 1.26318e-03 |g| 1.42e-01 NIS/dof 1.587e-01 applied 1.00 reseeds 3481
step 2840 loss 1.43102e-03 |g| 1.41e-01 NIS/dof 1.634e-01 applied 1.00 reseeds 3492
step 2850 loss 1.28559e-03 |g| 1.13e-01 NIS/dof 1.604e-01 applied 1.00 reseeds 3506
step 2860 loss 1.11181e-03 |g| 1.38e-01 NIS/dof 1.670e-01 applied 1.00 reseeds 3517
step 2870 loss 1.50378e-03 |g| 1.49e-01 NIS/dof 1.697e-01 applied 1.00 reseeds 3527
step 2880 loss 1.26701e-03 |g| 1.44e-01 NIS/dof 1.694e-01 applied 1.00 reseeds 3542
step 2890 loss 1.20268e-03 |g| 8.92e-02 NIS/dof 1.399e-01 applied 1.00 reseeds 3555
step 2900 loss 1.10767e-03 |g| 1.77e-01 NIS/dof 1.881e-01 applied 1.00 reseeds 3570
step 2910 loss 1.50136e-03 |g| 2.01e-01 NIS/dof 2.055e-01 applied 1.00 reseeds 3581
step 2920 loss 1.31833e-03 |g| 8.69e-02 NIS/dof 1.655e-01 applied 1.00 reseeds 3590
step 2930 loss 1.25034e-03 |g| 1.05e-01 NIS/dof 1.555e-01 applied 1.00 reseeds 3602
step 2940 loss 1.17203e-03 |g| 5.64e-02 NIS/dof 1.491e-01 applied 1.00 reseeds 3614
step 2950 loss 1.31275e-03 |g| 8.52e-02 NIS/dof 1.422e-01 applied 1.00 reseeds 3625
step 2960 loss 1.33821e-03 |g| 2.20e-01 NIS/dof 1.644e-01 applied 1.00 reseeds 3635
step 2970 loss 1.21359e-03 |g| 1.47e-01 NIS/dof 1.782e-01 applied 1.00 reseeds 3644
step 2980 loss 1.53587e-03 |g| 2.12e-01 NIS/dof 1.664e-01 applied 1.00 reseeds 3652
step 2990 loss 9.68274e-04 |g| 6.36e-02 NIS/dof 1.461e-01 applied 1.00 reseeds 3663
step 3000 loss 1.57598e-03 |g| 1.80e-01 NIS/dof 1.607e-01 applied 1.00 reseeds 3675
step 3010 loss 1.08119e-03 |g| 7.01e-02 NIS/dof 1.493e-01 applied 1.00 reseeds 3695
step 3020 loss 1.22616e-03 |g| 9.30e-02 NIS/dof 1.593e-01 applied 1.00 reseeds 3700
step 3030 loss 1.55140e-03 |g| 1.55e-01 NIS/dof 1.724e-01 applied 1.00 reseeds 3710
step 3040 loss 1.17971e-03 |g| 1.16e-01 NIS/dof 1.699e-01 applied 1.00 reseeds 3722
step 3050 loss 1.19532e-03 |g| 1.50e-01 NIS/dof 1.509e-01 applied 1.00 reseeds 3732
step 3060 loss 1.51078e-03 |g| 1.06e-01 NIS/dof 1.695e-01 applied 1.00 reseeds 3746
step 3070 loss 1.11601e-03 |g| 7.13e-02 NIS/dof 1.220e-01 applied 1.00 reseeds 3763
step 3080 loss 1.10759e-03 |g| 1.30e-01 NIS/dof 1.736e-01 applied 1.00 reseeds 3774
step 3090 loss 1.63726e-03 |g| 1.15e-01 NIS/dof 1.701e-01 applied 1.00 reseeds 3792
step 3100 loss 1.12525e-03 |g| 8.10e-02 NIS/dof 1.717e-01 applied 1.00 reseeds 3800
step 3110 loss 1.21548e-03 |g| 5.66e-02 NIS/dof 1.442e-01 applied 1.00 reseeds 3815
step 3120 loss 1.40846e-03 |g| 6.60e-02 NIS/dof 1.827e-01 applied 1.00 reseeds 3826
step 3130 loss 1.09231e-03 |g| 9.64e-02 NIS/dof 1.325e-01 applied 1.00 reseeds 3839
step 3140 loss 1.41500e-03 |g| 1.48e-01 NIS/dof 1.535e-01 applied 1.00 reseeds 3849
step 3150 loss 1.11211e-03 |g| 9.47e-02 NIS/dof 1.415e-01 applied 1.00 reseeds 3866
step 3160 loss 1.62809e-03 |g| 8.18e-02 NIS/dof 1.977e-01 applied 1.00 reseeds 3874
step 3170 loss 1.09738e-03 |g| 1.12e-01 NIS/dof 1.714e-01 applied 1.00 reseeds 3885
step 3180 loss 1.29945e-03 |g| 1.71e-01 NIS/dof 1.781e-01 applied 1.00 reseeds 3898
step 3190 loss 1.09106e-03 |g| 5.58e-02 NIS/dof 1.615e-01 applied 1.00 reseeds 3909
step 3200 loss 1.36813e-03 |g| 6.68e-02 NIS/dof 1.627e-01 applied 1.00 reseeds 3923
step 3210 loss 1.39905e-03 |g| 1.43e-01 NIS/dof 2.161e-01 applied 1.00 reseeds 3940
step 3220 loss 1.55944e-03 |g| 1.34e-01 NIS/dof 1.940e-01 applied 1.00 reseeds 3954
step 3230 loss 1.27726e-03 |g| 7.75e-02 NIS/dof 1.619e-01 applied 1.00 reseeds 3967
step 3240 loss 1.15068e-03 |g| 8.72e-02 NIS/dof 1.603e-01 applied 1.00 reseeds 3976
step 3250 loss 1.23125e-03 |g| 7.04e-02 NIS/dof 1.669e-01 applied 1.00 reseeds 3987
step 3260 loss 1.15146e-03 |g| 8.85e-02 NIS/dof 1.667e-01 applied 1.00 reseeds 3995
step 3270 loss 1.05652e-03 |g| 1.30e-01 NIS/dof 1.838e-01 applied 1.00 reseeds 4011
step 3280 loss 1.20633e-03 |g| 8.08e-02 NIS/dof 1.514e-01 applied 1.00 reseeds 4024
step 3290 loss 1.30754e-03 |g| 1.30e-01 NIS/dof 1.660e-01 applied 1.00 reseeds 4037
step 3300 loss 1.35554e-03 |g| 1.50e-01 NIS/dof 1.943e-01 applied 1.00 reseeds 4049
step 3310 loss 1.17184e-03 |g| 1.01e-01 NIS/dof 1.480e-01 applied 1.00 reseeds 4059
step 3320 loss 1.38885e-03 |g| 1.07e-01 NIS/dof 1.729e-01 applied 1.00 reseeds 4069
step 3330 loss 9.47494e-04 |g| 9.76e-02 NIS/dof 1.453e-01 applied 1.00 reseeds 4084
step 3340 loss 1.26770e-03 |g| 9.19e-02 NIS/dof 1.710e-01 applied 1.00 reseeds 4093
step 3350 loss 1.39714e-03 |g| 1.29e-01 NIS/dof 1.590e-01 applied 1.00 reseeds 4114
step 3360 loss 1.03708e-03 |g| 8.62e-02 NIS/dof 1.950e-01 applied 1.00 reseeds 4126
step 3370 loss 1.31335e-03 |g| 1.11e-01 NIS/dof 1.715e-01 applied 1.00 reseeds 4139
step 3380 loss 1.11141e-03 |g| 5.51e-02 NIS/dof 1.538e-01 applied 1.00 reseeds 4146
step 3390 loss 9.80467e-04 |g| 1.05e-01 NIS/dof 1.609e-01 applied 1.00 reseeds 4159
step 3400 loss 1.02120e-03 |g| 5.78e-02 NIS/dof 1.546e-01 applied 1.00 reseeds 4174
step 3410 loss 1.35196e-03 |g| 1.37e-01 NIS/dof 1.726e-01 applied 1.00 reseeds 4181
step 3420 loss 1.03125e-03 |g| 1.21e-01 NIS/dof 1.642e-01 applied 1.00 reseeds 4196
step 3430 loss 1.03683e-03 |g| 1.26e-01 NIS/dof 1.596e-01 applied 1.00 reseeds 4208
step 3440 loss 1.08105e-03 |g| 1.10e-01 NIS/dof 1.819e-01 applied 1.00 reseeds 4218
step 3450 loss 1.11850e-03 |g| 1.04e-01 NIS/dof 1.904e-01 applied 1.00 reseeds 4237
step 3460 loss 1.28271e-03 |g| 7.96e-02 NIS/dof 1.711e-01 applied 1.00 reseeds 4249
step 3470 loss 1.40983e-03 |g| 7.32e-02 NIS/dof 1.537e-01 applied 1.00 reseeds 4264
step 3480 loss 1.20740e-03 |g| 8.10e-02 NIS/dof 1.773e-01 applied 1.00 reseeds 4277
step 3490 loss 1.27478e-03 |g| 1.77e-01 NIS/dof 1.737e-01 applied 1.00 reseeds 4290
step 3500 loss 1.44943e-03 |g| 8.71e-02 NIS/dof 1.732e-01 applied 1.00 reseeds 4299
step 3510 loss 1.14335e-03 |g| 8.46e-02 NIS/dof 1.762e-01 applied 1.00 reseeds 4311
step 3520 loss 8.65592e-04 |g| 1.46e-01 NIS/dof 1.472e-01 applied 1.00 reseeds 4325
step 3530 loss 1.22550e-03 |g| 5.51e-02 NIS/dof 1.455e-01 applied 1.00 reseeds 4341
step 3540 loss 1.52229e-03 |g| 2.48e-01 NIS/dof 1.839e-01 applied 1.00 reseeds 4355
step 3550 loss 1.43235e-03 |g| 2.85e-01 NIS/dof 1.488e-01 applied 1.00 reseeds 4371
step 3560 loss 1.10935e-03 |g| 9.21e-02 NIS/dof 1.493e-01 applied 1.00 reseeds 4375
step 3570 loss 1.06832e-03 |g| 8.19e-02 NIS/dof 1.703e-01 applied 1.00 reseeds 4389
step 3580 loss 1.08016e-03 |g| 8.62e-02 NIS/dof 1.548e-01 applied 1.00 reseeds 4402
step 3590 loss 1.06204e-03 |g| 7.91e-02 NIS/dof 1.667e-01 applied 1.00 reseeds 4416
step 3600 loss 1.28643e-03 |g| 8.80e-02 NIS/dof 1.553e-01 applied 1.00 reseeds 4430
step 3610 loss 1.02647e-03 |g| 1.34e-01 NIS/dof 1.527e-01 applied 1.00 reseeds 4443
step 3620 loss 1.16373e-03 |g| 9.29e-02 NIS/dof 1.560e-01 applied 1.00 reseeds 4454
step 3630 loss 1.26533e-03 |g| 1.09e-01 NIS/dof 1.731e-01 applied 1.00 reseeds 4470
step 3640 loss 9.15123e-04 |g| 1.27e-01 NIS/dof 1.330e-01 applied 1.00 reseeds 4485
step 3650 loss 1.47443e-03 |g| 6.90e-02 NIS/dof 1.616e-01 applied 1.00 reseeds 4497
step 3660 loss 1.26424e-03 |g| 6.20e-02 NIS/dof 1.704e-01 applied 1.00 reseeds 4513
step 3670 loss 1.12236e-03 |g| 1.36e-01 NIS/dof 1.684e-01 applied 1.00 reseeds 4530
step 3680 loss 1.28508e-03 |g| 9.14e-02 NIS/dof 1.802e-01 applied 1.00 reseeds 4537
step 3690 loss 1.14219e-03 |g| 1.43e-01 NIS/dof 1.694e-01 applied 1.00 reseeds 4554
step 3700 loss 1.04520e-03 |g| 7.66e-02 NIS/dof 1.621e-01 applied 1.00 reseeds 4565
step 3710 loss 9.59327e-04 |g| 1.20e-01 NIS/dof 1.663e-01 applied 1.00 reseeds 4574
step 3720 loss 1.13306e-03 |g| 1.09e-01 NIS/dof 1.462e-01 applied 1.00 reseeds 4587
step 3730 loss 1.12670e-03 |g| 2.12e-01 NIS/dof 1.883e-01 applied 1.00 reseeds 4599
step 3740 loss 7.89828e-04 |g| 8.53e-02 NIS/dof 1.517e-01 applied 1.00 reseeds 4612
step 3750 loss 1.07327e-03 |g| 8.00e-02 NIS/dof 1.367e-01 applied 1.00 reseeds 4619
step 3760 loss 1.40600e-03 |g| 1.11e-01 NIS/dof 1.559e-01 applied 1.00 reseeds 4636
step 3770 loss 1.00793e-03 |g| 8.94e-02 NIS/dof 1.446e-01 applied 1.00 reseeds 4645
step 3780 loss 1.12439e-03 |g| 9.99e-02 NIS/dof 1.584e-01 applied 1.00 reseeds 4654
step 3790 loss 1.07977e-03 |g| 9.32e-02 NIS/dof 1.634e-01 applied 1.00 reseeds 4666
step 3800 loss 1.02056e-03 |g| 1.22e-01 NIS/dof 1.531e-01 applied 1.00 reseeds 4675
step 3810 loss 1.11514e-03 |g| 1.84e-01 NIS/dof 1.780e-01 applied 1.00 reseeds 4693
step 3820 loss 9.17334e-04 |g| 1.06e-01 NIS/dof 1.797e-01 applied 1.00 reseeds 4707
step 3830 loss 1.48277e-03 |g| 5.84e-02 NIS/dof 1.571e-01 applied 1.00 reseeds 4721
step 3840 loss 1.03722e-03 |g| 9.43e-02 NIS/dof 1.496e-01 applied 1.00 reseeds 4735
step 3850 loss 1.32301e-03 |g| 7.84e-02 NIS/dof 1.447e-01 applied 1.00 reseeds 4742
step 3860 loss 1.07628e-03 |g| 1.16e-01 NIS/dof 1.548e-01 applied 1.00 reseeds 4761
step 3870 loss 1.14386e-03 |g| 8.53e-02 NIS/dof 1.713e-01 applied 1.00 reseeds 4775
step 3880 loss 8.39389e-04 |g| 5.02e-02 NIS/dof 1.716e-01 applied 1.00 reseeds 4782
step 3890 loss 9.66094e-04 |g| 8.40e-02 NIS/dof 1.413e-01 applied 1.00 reseeds 4795
step 3900 loss 1.20930e-03 |g| 1.53e-01 NIS/dof 1.674e-01 applied 1.00 reseeds 4809
step 3910 loss 9.80974e-04 |g| 1.13e-01 NIS/dof 1.827e-01 applied 1.00 reseeds 4819
step 3920 loss 1.15536e-03 |g| 8.04e-02 NIS/dof 1.731e-01 applied 1.00 reseeds 4834
step 3930 loss 1.39804e-03 |g| 1.25e-01 NIS/dof 1.656e-01 applied 1.00 reseeds 4847
step 3940 loss 1.06875e-03 |g| 1.30e-01 NIS/dof 1.788e-01 applied 1.00 reseeds 4861
step 3950 loss 1.11417e-03 |g| 6.57e-02 NIS/dof 1.616e-01 applied 1.00 reseeds 4873
step 3960 loss 1.05074e-03 |g| 1.02e-01 NIS/dof 1.590e-01 applied 1.00 reseeds 4885
step 3970 loss 1.16809e-03 |g| 1.13e-01 NIS/dof 1.724e-01 applied 1.00 reseeds 4896
step 3980 loss 1.11418e-03 |g| 1.05e-01 NIS/dof 1.639e-01 applied 1.00 reseeds 4908
step 3990 loss 1.15764e-03 |g| 7.86e-02 NIS/dof 1.670e-01 applied 1.00 reseeds 4915
step 4000 loss 9.06297e-04 |g| 1.06e-01 NIS/dof 1.615e-01 applied 1.00 reseeds 4934
step 4010 loss 1.05935e-03 |g| 1.52e-01 NIS/dof 1.520e-01 applied 1.00 reseeds 4940
step 4020 loss 9.03198e-04 |g| 1.09e-01 NIS/dof 1.666e-01 applied 1.00 reseeds 4949
step 4030 loss 1.31720e-03 |g| 7.51e-02 NIS/dof 1.531e-01 applied 1.00 reseeds 4965
step 4040 loss 1.22859e-03 |g| 7.95e-02 NIS/dof 1.380e-01 applied 1.00 reseeds 4979
step 4050 loss 1.12957e-03 |g| 1.90e-01 NIS/dof 1.610e-01 applied 1.00 reseeds 4996
step 4060 loss 1.00912e-03 |g| 1.03e-01 NIS/dof 1.718e-01 applied 1.00 reseeds 5005
step 4070 loss 1.22543e-03 |g| 9.49e-02 NIS/dof 1.816e-01 applied 1.00 reseeds 5020
step 4080 loss 1.08927e-03 |g| 1.21e-01 NIS/dof 1.738e-01 applied 1.00 reseeds 5036
step 4090 loss 1.15128e-03 |g| 1.17e-01 NIS/dof 1.850e-01 applied 1.00 reseeds 5048
step 4100 loss 9.00930e-04 |g| 6.72e-02 NIS/dof 1.192e-01 applied 1.00 reseeds 5059
step 4110 loss 1.12855e-03 |g| 5.79e-02 NIS/dof 1.805e-01 applied 1.00 reseeds 5066
step 4120 loss 8.23930e-04 |g| 7.28e-02 NIS/dof 1.904e-01 applied 1.00 reseeds 5078
step 4130 loss 1.18407e-03 |g| 1.51e-01 NIS/dof 1.694e-01 applied 1.00 reseeds 5093
step 4140 loss 1.04649e-03 |g| 6.11e-02 NIS/dof 1.685e-01 applied 1.00 reseeds 5105
step 4150 loss 1.02030e-03 |g| 8.43e-02 NIS/dof 1.437e-01 applied 1.00 reseeds 5117
step 4160 loss 8.75553e-04 |g| 6.34e-02 NIS/dof 1.719e-01 applied 1.00 reseeds 5127
step 4170 loss 1.08597e-03 |g| 8.76e-02 NIS/dof 1.636e-01 applied 1.00 reseeds 5138
step 4180 loss 9.31920e-04 |g| 8.85e-02 NIS/dof 1.365e-01 applied 1.00 reseeds 5148
step 4190 loss 1.27567e-03 |g| 7.89e-02 NIS/dof 1.748e-01 applied 1.00 reseeds 5162
step 4200 loss 1.03539e-03 |g| 1.01e-01 NIS/dof 1.617e-01 applied 1.00 reseeds 5178
step 4210 loss 1.03456e-03 |g| 1.23e-01 NIS/dof 1.606e-01 applied 1.00 reseeds 5192
step 4220 loss 8.81838e-04 |g| 9.44e-02 NIS/dof 1.755e-01 applied 1.00 reseeds 5198
step 4230 loss 1.04840e-03 |g| 4.78e-02 NIS/dof 1.380e-01 applied 1.00 reseeds 5214
step 4240 loss 9.77918e-04 |g| 6.66e-02 NIS/dof 1.711e-01 applied 1.00 reseeds 5231
step 4250 loss 1.01671e-03 |g| 7.27e-02 NIS/dof 1.498e-01 applied 1.00 reseeds 5245
step 4260 loss 1.11983e-03 |g| 9.28e-02 NIS/dof 1.505e-01 applied 1.00 reseeds 5258
step 4270 loss 8.87308e-04 |g| 1.14e-01 NIS/dof 1.548e-01 applied 1.00 reseeds 5274
step 4280 loss 1.11997e-03 |g| 8.38e-02 NIS/dof 1.572e-01 applied 1.00 reseeds 5286
step 4290 loss 1.00249e-03 |g| 7.66e-02 NIS/dof 1.522e-01 applied 1.00 reseeds 5298
step 4300 loss 1.02124e-03 |g| 5.91e-02 NIS/dof 1.821e-01 applied 1.00 reseeds 5310
step 4310 loss 1.05320e-03 |g| 1.61e-01 NIS/dof 1.784e-01 applied 1.00 reseeds 5324
step 4320 loss 1.23666e-03 |g| 1.26e-01 NIS/dof 1.638e-01 applied 1.00 reseeds 5341
step 4330 loss 9.13011e-04 |g| 5.31e-02 NIS/dof 1.501e-01 applied 1.00 reseeds 5353
step 4340 loss 9.55184e-04 |g| 6.25e-02 NIS/dof 1.731e-01 applied 1.00 reseeds 5360
step 4350 loss 1.05256e-03 |g| 5.19e-02 NIS/dof 1.813e-01 applied 1.00 reseeds 5373
step 4360 loss 1.35872e-03 |g| 5.81e-02 NIS/dof 1.544e-01 applied 1.00 reseeds 5389
step 4370 loss 9.22072e-04 |g| 6.88e-02 NIS/dof 1.505e-01 applied 1.00 reseeds 5404
step 4380 loss 1.11142e-03 |g| 7.43e-02 NIS/dof 1.435e-01 applied 1.00 reseeds 5416
step 4390 loss 1.05808e-03 |g| 8.02e-02 NIS/dof 1.675e-01 applied 1.00 reseeds 5432
step 4400 loss 9.84154e-04 |g| 5.69e-02 NIS/dof 1.729e-01 applied 1.00 reseeds 5443
step 4410 loss 1.13985e-03 |g| 1.41e-01 NIS/dof 1.685e-01 applied 1.00 reseeds 5452
step 4420 loss 1.18396e-03 |g| 7.96e-02 NIS/dof 1.669e-01 applied 1.00 reseeds 5463
step 4430 loss 1.04531e-03 |g| 7.35e-02 NIS/dof 1.561e-01 applied 1.00 reseeds 5475
step 4440 loss 1.08872e-03 |g| 7.81e-02 NIS/dof 1.881e-01 applied 1.00 reseeds 5493
step 4450 loss 1.15619e-03 |g| 1.48e-01 NIS/dof 1.950e-01 applied 1.00 reseeds 5500
step 4460 loss 1.53918e-03 |g| 1.36e-01 NIS/dof 1.758e-01 applied 1.00 reseeds 5513
step 4470 loss 1.20680e-03 |g| 1.51e-01 NIS/dof 1.638e-01 applied 1.00 reseeds 5521
step 4480 loss 1.23097e-03 |g| 1.46e-01 NIS/dof 1.656e-01 applied 1.00 reseeds 5530
step 4490 loss 1.00071e-03 |g| 4.97e-02 NIS/dof 1.771e-01 applied 1.00 reseeds 5542
step 4500 loss 1.03041e-03 |g| 6.76e-02 NIS/dof 1.397e-01 applied 1.00 reseeds 5556
step 4510 loss 1.24451e-03 |g| 6.91e-02 NIS/dof 1.868e-01 applied 1.00 reseeds 5569
step 4520 loss 1.10770e-03 |g| 1.04e-01 NIS/dof 1.898e-01 applied 1.00 reseeds 5584
step 4530 loss 1.26272e-03 |g| 1.77e-01 NIS/dof 2.084e-01 applied 1.00 reseeds 5596
step 4540 loss 1.16532e-03 |g| 1.01e-01 NIS/dof 1.726e-01 applied 1.00 reseeds 5609
step 4550 loss 1.15452e-03 |g| 1.10e-01 NIS/dof 1.982e-01 applied 1.00 reseeds 5619
step 4560 loss 1.25357e-03 |g| 2.86e-01 NIS/dof 1.893e-01 applied 1.00 reseeds 5632
step 4570 loss 9.04889e-04 |g| 5.55e-02 NIS/dof 1.456e-01 applied 1.00 reseeds 5641
step 4580 loss 9.59842e-04 |g| 7.06e-02 NIS/dof 1.395e-01 applied 1.00 reseeds 5652
step 4590 loss 8.70226e-04 |g| 6.88e-02 NIS/dof 1.266e-01 applied 1.00 reseeds 5662
step 4600 loss 9.96582e-04 |g| 7.50e-02 NIS/dof 1.703e-01 applied 1.00 reseeds 5677
step 4610 loss 1.27446e-03 |g| 1.14e-01 NIS/dof 1.574e-01 applied 1.00 reseeds 5692
step 4620 loss 1.16727e-03 |g| 1.03e-01 NIS/dof 1.686e-01 applied 1.00 reseeds 5701
step 4630 loss 9.05299e-04 |g| 8.21e-02 NIS/dof 1.514e-01 applied 1.00 reseeds 5714
step 4640 loss 1.05709e-03 |g| 1.05e-01 NIS/dof 1.454e-01 applied 1.00 reseeds 5731
step 4650 loss 8.51497e-04 |g| 5.35e-02 NIS/dof 1.580e-01 applied 1.00 reseeds 5743
step 4660 loss 1.02586e-03 |g| 8.01e-02 NIS/dof 1.518e-01 applied 1.00 reseeds 5751
step 4670 loss 1.12943e-03 |g| 8.88e-02 NIS/dof 1.707e-01 applied 1.00 reseeds 5758
step 4680 loss 1.29997e-03 |g| 1.13e-01 NIS/dof 1.804e-01 applied 1.00 reseeds 5772
step 4690 loss 1.18288e-03 |g| 9.92e-02 NIS/dof 1.691e-01 applied 1.00 reseeds 5788
step 4700 loss 1.12340e-03 |g| 1.31e-01 NIS/dof 1.897e-01 applied 1.00 reseeds 5797
step 4710 loss 1.13717e-03 |g| 6.96e-02 NIS/dof 1.674e-01 applied 1.00 reseeds 5809
step 4720 loss 9.80436e-04 |g| 7.14e-02 NIS/dof 1.857e-01 applied 1.00 reseeds 5821
step 4730 loss 1.25605e-03 |g| 5.59e-02 NIS/dof 2.103e-01 applied 1.00 reseeds 5833
step 4740 loss 9.99415e-04 |g| 4.44e-02 NIS/dof 1.359e-01 applied 1.00 reseeds 5848
step 4750 loss 1.13932e-03 |g| 5.86e-02 NIS/dof 1.764e-01 applied 1.00 reseeds 5858
step 4760 loss 9.01933e-04 |g| 7.88e-02 NIS/dof 1.402e-01 applied 1.00 reseeds 5873
step 4770 loss 1.11663e-03 |g| 9.96e-02 NIS/dof 1.724e-01 applied 1.00 reseeds 5880
step 4780 loss 8.53141e-04 |g| 5.58e-02 NIS/dof 1.470e-01 applied 1.00 reseeds 5897
step 4790 loss 9.56429e-04 |g| 5.60e-02 NIS/dof 1.874e-01 applied 1.00 reseeds 5905
step 4800 loss 1.16217e-03 |g| 5.82e-02 NIS/dof 1.958e-01 applied 1.00 reseeds 5921
step 4810 loss 1.13453e-03 |g| 7.77e-02 NIS/dof 1.572e-01 applied 1.00 reseeds 5933
step 4820 loss 9.73790e-04 |g| 7.41e-02 NIS/dof 1.435e-01 applied 1.00 reseeds 5943
step 4830 loss 1.19322e-03 |g| 8.62e-02 NIS/dof 1.653e-01 applied 1.00 reseeds 5955
step 4840 loss 9.39600e-04 |g| 4.75e-02 NIS/dof 1.467e-01 applied 1.00 reseeds 5969
step 4850 loss 1.03247e-03 |g| 7.14e-02 NIS/dof 1.868e-01 applied 1.00 reseeds 5979
step 4860 loss 1.59161e-03 |g| 7.18e-02 NIS/dof 1.410e-01 applied 1.00 reseeds 5995
step 4870 loss 1.00503e-03 |g| 1.41e-01 NIS/dof 1.838e-01 applied 1.00 reseeds 6004
step 4880 loss 8.41283e-04 |g| 5.54e-02 NIS/dof 1.466e-01 applied 1.00 reseeds 6014
step 4890 loss 1.10952e-03 |g| 5.96e-02 NIS/dof 1.730e-01 applied 1.00 reseeds 6021
step 4900 loss 1.18821e-03 |g| 1.08e-01 NIS/dof 1.721e-01 applied 1.00 reseeds 6034
step 4910 loss 1.06773e-03 |g| 6.19e-02 NIS/dof 1.750e-01 applied 1.00 reseeds 6049
step 4920 loss 7.89634e-04 |g| 9.26e-02 NIS/dof 1.640e-01 applied 1.00 reseeds 6059
step 4930 loss 1.22167e-03 |g| 8.24e-02 NIS/dof 1.830e-01 applied 1.00 reseeds 6070
step 4940 loss 1.14978e-03 |g| 4.68e-02 NIS/dof 1.637e-01 applied 1.00 reseeds 6084
step 4950 loss 1.00472e-03 |g| 6.14e-02 NIS/dof 1.749e-01 applied 1.00 reseeds 6100
step 4960 loss 9.69259e-04 |g| 9.54e-02 NIS/dof 1.698e-01 applied 1.00 reseeds 6111
step 4970 loss 9.68948e-04 |g| 8.37e-02 NIS/dof 1.654e-01 applied 1.00 reseeds 6121
step 4980 loss 9.96264e-04 |g| 6.26e-02 NIS/dof 2.167e-01 applied 1.00 reseeds 6137
step 4990 loss 9.48954e-04 |g| 6.49e-02 NIS/dof 1.510e-01 applied 1.00 reseeds 6149
step 5000 loss 1.07536e-03 |g| 6.51e-02 NIS/dof 1.538e-01 applied 1.00 reseeds 6162
step 5010 loss 8.70336e-04 |g| 5.13e-02 NIS/dof 1.370e-01 applied 1.00 reseeds 6173
step 5020 loss 1.38140e-03 |g| 1.13e-01 NIS/dof 1.691e-01 applied 1.00 reseeds 6181
step 5030 loss 1.11911e-03 |g| 1.14e-01 NIS/dof 1.627e-01 applied 1.00 reseeds 6202
step 5040 loss 1.12709e-03 |g| 1.03e-01 NIS/dof 1.991e-01 applied 1.00 reseeds 6211
step 5050 loss 9.30022e-04 |g| 5.53e-02 NIS/dof 1.846e-01 applied 1.00 reseeds 6222
step 5060 loss 1.39014e-03 |g| 7.77e-02 NIS/dof 1.901e-01 applied 1.00 reseeds 6236
step 5070 loss 1.07924e-03 |g| 3.96e-02 NIS/dof 1.453e-01 applied 1.00 reseeds 6250
step 5080 loss 1.35997e-03 |g| 8.30e-02 NIS/dof 1.698e-01 applied 1.00 reseeds 6262
step 5090 loss 8.28738e-04 |g| 5.51e-02 NIS/dof 1.489e-01 applied 1.00 reseeds 6273
step 5100 loss 8.50532e-04 |g| 5.27e-02 NIS/dof 1.716e-01 applied 1.00 reseeds 6280
step 5110 loss 8.43316e-04 |g| 5.35e-02 NIS/dof 1.542e-01 applied 1.00 reseeds 6288
step 5120 loss 1.08212e-03 |g| 6.04e-02 NIS/dof 1.625e-01 applied 1.00 reseeds 6303
step 5130 loss 1.05554e-03 |g| 7.53e-02 NIS/dof 1.714e-01 applied 1.00 reseeds 6316
step 5140 loss 1.19023e-03 |g| 1.05e-01 NIS/dof 2.154e-01 applied 1.00 reseeds 6323
step 5150 loss 1.19578e-03 |g| 1.11e-01 NIS/dof 1.735e-01 applied 1.00 reseeds 6336
step 5160 loss 9.99302e-04 |g| 6.46e-02 NIS/dof 1.509e-01 applied 1.00 reseeds 6351
step 5170 loss 1.34239e-03 |g| 4.43e-02 NIS/dof 1.650e-01 applied 1.00 reseeds 6363
step 5180 loss 1.06972e-03 |g| 7.07e-02 NIS/dof 1.571e-01 applied 1.00 reseeds 6375
step 5190 loss 1.00575e-03 |g| 1.02e-01 NIS/dof 1.810e-01 applied 1.00 reseeds 6388
step 5200 loss 1.31790e-03 |g| 9.44e-02 NIS/dof 1.839e-01 applied 1.00 reseeds 6399
step 5210 loss 1.28393e-03 |g| 8.30e-02 NIS/dof 1.540e-01 applied 1.00 reseeds 6407
step 5220 loss 8.99419e-04 |g| 5.00e-02 NIS/dof 1.413e-01 applied 1.00 reseeds 6414
step 5230 loss 8.95404e-04 |g| 6.83e-02 NIS/dof 1.707e-01 applied 1.00 reseeds 6426
step 5240 loss 8.36231e-04 |g| 1.27e-01 NIS/dof 1.618e-01 applied 1.00 reseeds 6440
step 5250 loss 1.30700e-03 |g| 7.26e-02 NIS/dof 1.823e-01 applied 1.00 reseeds 6449
step 5260 loss 8.91407e-04 |g| 8.13e-02 NIS/dof 1.512e-01 applied 1.00 reseeds 6462
step 5270 loss 9.34872e-04 |g| 4.23e-02 NIS/dof 1.647e-01 applied 1.00 reseeds 6474
step 5280 loss 1.08497e-03 |g| 6.66e-02 NIS/dof 1.865e-01 applied 1.00 reseeds 6485
step 5290 loss 1.14317e-03 |g| 6.91e-02 NIS/dof 1.790e-01 applied 1.00 reseeds 6497
step 5300 loss 1.01559e-03 |g| 4.90e-02 NIS/dof 1.816e-01 applied 1.00 reseeds 6508
step 5310 loss 9.89871e-04 |g| 9.72e-02 NIS/dof 1.796e-01 applied 1.00 reseeds 6522
step 5320 loss 1.08008e-03 |g| 7.38e-02 NIS/dof 1.567e-01 applied 1.00 reseeds 6531
step 5330 loss 1.22032e-03 |g| 8.74e-02 NIS/dof 1.723e-01 applied 1.00 reseeds 6540
step 5340 loss 9.76582e-04 |g| 5.93e-02 NIS/dof 1.607e-01 applied 1.00 reseeds 6551
step 5350 loss 1.16203e-03 |g| 9.81e-02 NIS/dof 1.664e-01 applied 1.00 reseeds 6565
step 5360 loss 1.22631e-03 |g| 9.36e-02 NIS/dof 1.769e-01 applied 1.00 reseeds 6577
step 5370 loss 1.02709e-03 |g| 7.79e-02 NIS/dof 1.727e-01 applied 1.00 reseeds 6589
step 5380 loss 1.04327e-03 |g| 5.52e-02 NIS/dof 1.654e-01 applied 1.00 reseeds 6604
step 5390 loss 9.61979e-04 |g| 5.64e-02 NIS/dof 1.508e-01 applied 1.00 reseeds 6611
step 5400 loss 9.22560e-04 |g| 5.94e-02 NIS/dof 1.531e-01 applied 1.00 reseeds 6627
step 5410 loss 1.07842e-03 |g| 8.84e-02 NIS/dof 1.581e-01 applied 1.00 reseeds 6644
step 5420 loss 9.71873e-04 |g| 6.58e-02 NIS/dof 1.919e-01 applied 1.00 reseeds 6660
step 5430 loss 8.41913e-04 |g| 6.20e-02 NIS/dof 1.634e-01 applied 1.00 reseeds 6675
step 5440 loss 9.35070e-04 |g| 9.90e-02 NIS/dof 1.631e-01 applied 1.00 reseeds 6683
step 5450 loss 1.12493e-03 |g| 5.39e-02 NIS/dof 1.806e-01 applied 1.00 reseeds 6695
step 5460 loss 9.63496e-04 |g| 7.25e-02 NIS/dof 1.373e-01 applied 1.00 reseeds 6703
step 5470 loss 8.15565e-04 |g| 5.76e-02 NIS/dof 1.666e-01 applied 1.00 reseeds 6720
step 5480 loss 1.05296e-03 |g| 9.56e-02 NIS/dof 1.482e-01 applied 1.00 reseeds 6733
step 5490 loss 9.55783e-04 |g| 5.34e-02 NIS/dof 1.560e-01 applied 1.00 reseeds 6748
step 5500 loss 8.76408e-04 |g| 6.00e-02 NIS/dof 1.500e-01 applied 1.00 reseeds 6764
step 5510 loss 1.08354e-03 |g| 6.38e-02 NIS/dof 1.743e-01 applied 1.00 reseeds 6773
step 5520 loss 9.03493e-04 |g| 8.36e-02 NIS/dof 1.522e-01 applied 1.00 reseeds 6780
step 5530 loss 9.13096e-04 |g| 5.24e-02 NIS/dof 1.526e-01 applied 1.00 reseeds 6796
step 5540 loss 9.13105e-04 |g| 4.33e-02 NIS/dof 2.020e-01 applied 1.00 reseeds 6807
step 5550 loss 9.68097e-04 |g| 4.16e-02 NIS/dof 1.509e-01 applied 1.00 reseeds 6821
step 5560 loss 1.05291e-03 |g| 8.24e-02 NIS/dof 1.753e-01 applied 1.00 reseeds 6829
step 5570 loss 9.41232e-04 |g| 5.34e-02 NIS/dof 1.446e-01 applied 1.00 reseeds 6841
step 5580 loss 1.02936e-03 |g| 7.11e-02 NIS/dof 1.755e-01 applied 1.00 reseeds 6853
step 5590 loss 8.48949e-04 |g| 6.84e-02 NIS/dof 1.636e-01 applied 1.00 reseeds 6862
step 5600 loss 9.48211e-04 |g| 6.18e-02 NIS/dof 1.800e-01 applied 1.00 reseeds 6875
step 5610 loss 1.08271e-03 |g| 5.22e-02 NIS/dof 1.704e-01 applied 1.00 reseeds 6888
step 5620 loss 8.36363e-04 |g| 1.10e-01 NIS/dof 1.797e-01 applied 1.00 reseeds 6900
step 5630 loss 1.07697e-03 |g| 3.93e-02 NIS/dof 1.586e-01 applied 1.00 reseeds 6916
step 5640 loss 9.52060e-04 |g| 6.04e-02 NIS/dof 2.177e-01 applied 1.00 reseeds 6926
step 5650 loss 1.02697e-03 |g| 4.50e-02 NIS/dof 1.759e-01 applied 1.00 reseeds 6942
step 5660 loss 1.09405e-03 |g| 6.36e-02 NIS/dof 1.930e-01 applied 1.00 reseeds 6957
step 5670 loss 1.25391e-03 |g| 5.98e-02 NIS/dof 1.868e-01 applied 1.00 reseeds 6971
step 5680 loss 1.01246e-03 |g| 6.45e-02 NIS/dof 1.542e-01 applied 1.00 reseeds 6981
step 5690 loss 8.72454e-04 |g| 9.12e-02 NIS/dof 1.655e-01 applied 1.00 reseeds 6993
step 5700 loss 1.15271e-03 |g| 7.21e-02 NIS/dof 1.504e-01 applied 1.00 reseeds 7002
step 5710 loss 1.04162e-03 |g| 6.89e-02 NIS/dof 1.666e-01 applied 1.00 reseeds 7016
step 5720 loss 1.16248e-03 |g| 7.38e-02 NIS/dof 1.737e-01 applied 1.00 reseeds 7029
step 5730 loss 1.14468e-03 |g| 6.36e-02 NIS/dof 1.704e-01 applied 1.00 reseeds 7043
step 5740 loss 1.20715e-03 |g| 8.01e-02 NIS/dof 1.606e-01 applied 1.00 reseeds 7063
step 5750 loss 1.23610e-03 |g| 8.40e-02 NIS/dof 1.480e-01 applied 1.00 reseeds 7075
step 5760 loss 9.43232e-04 |g| 7.88e-02 NIS/dof 1.629e-01 applied 1.00 reseeds 7088
step 5770 loss 1.18658e-03 |g| 6.57e-02 NIS/dof 2.011e-01 applied 1.00 reseeds 7095
step 5780 loss 8.61322e-04 |g| 4.37e-02 NIS/dof 1.679e-01 applied 1.00 reseeds 7108
step 5790 loss 1.09625e-03 |g| 8.27e-02 NIS/dof 1.645e-01 applied 1.00 reseeds 7120
step 5800 loss 8.99269e-04 |g| 6.83e-02 NIS/dof 2.043e-01 applied 1.00 reseeds 7141
step 5810 loss 1.18096e-03 |g| 5.28e-02 NIS/dof 1.724e-01 applied 1.00 reseeds 7150
step 5820 loss 1.25894e-03 |g| 4.37e-02 NIS/dof 2.033e-01 applied 1.00 reseeds 7163
step 5830 loss 1.07275e-03 |g| 8.05e-02 NIS/dof 1.654e-01 applied 1.00 reseeds 7174
step 5840 loss 1.14251e-03 |g| 7.77e-02 NIS/dof 1.800e-01 applied 1.00 reseeds 7182
step 5850 loss 1.17925e-03 |g| 7.54e-02 NIS/dof 1.702e-01 applied 1.00 reseeds 7196
step 5860 loss 1.03456e-03 |g| 5.64e-02 NIS/dof 1.514e-01 applied 1.00 reseeds 7205
step 5870 loss 1.11892e-03 |g| 5.03e-02 NIS/dof 1.617e-01 applied 1.00 reseeds 7220
step 5880 loss 1.12692e-03 |g| 6.28e-02 NIS/dof 1.753e-01 applied 1.00 reseeds 7227
step 5890 loss 1.04482e-03 |g| 5.12e-02 NIS/dof 1.501e-01 applied 1.00 reseeds 7244
step 5900 loss 9.74078e-04 |g| 1.06e-01 NIS/dof 1.941e-01 applied 1.00 reseeds 7255
step 5910 loss 8.56356e-04 |g| 5.82e-02 NIS/dof 1.766e-01 applied 1.00 reseeds 7269
step 5920 loss 1.18977e-03 |g| 8.80e-02 NIS/dof 1.938e-01 applied 1.00 reseeds 7282
step 5930 loss 1.02150e-03 |g| 7.11e-02 NIS/dof 1.669e-01 applied 1.00 reseeds 7294
step 5940 loss 1.25159e-03 |g| 6.87e-02 NIS/dof 1.646e-01 applied 1.00 reseeds 7310
step 5950 loss 1.28667e-03 |g| 8.56e-02 NIS/dof 1.805e-01 applied 1.00 reseeds 7325
step 5960 loss 8.88324e-04 |g| 8.57e-02 NIS/dof 1.668e-01 applied 1.00 reseeds 7335
step 5970 loss 7.69720e-04 |g| 7.18e-02 NIS/dof 1.565e-01 applied 1.00 reseeds 7351
step 5980 loss 1.21746e-03 |g| 4.39e-02 NIS/dof 1.512e-01 applied 1.00 reseeds 7361
step 5990 loss 1.08224e-03 |g| 7.62e-02 NIS/dof 1.552e-01 applied 1.00 reseeds 7371
step 5999 loss 1.07627e-03 |g| 4.20e-02 NIS/dof 1.521e-01 applied 1.00 reseeds 7378
== validating on held-out ==
  flat/seed28: baseline={'vel_rmse': 0.0543321646770635, 'vel_nees': 4.018834230045484, 'vel_nees_tangent': 5.192904963115444, 'vel_nees_x': 0.0685217831694923, 'vel_nees_y': 0.07952276025970378, 'vel_nees_z': 2.0026284594950314, 'nis_over_dof': 0.009548450264961804, 'applied': 0.9999999999999999}  learned={'vel_rmse': 0.0441460585708203, 'vel_nees': 2.7106536785142143, 'vel_nees_tangent': 5.427344428050431, 'vel_nees_x': 0.048416518444239415, 'vel_nees_y': 0.09551742149136097, 'vel_nees_z': 1.5538583815777358, 'nis_over_dof': 0.16964807272366933, 'applied': 0.9999999999999999}
  hard_stepping/seed27: baseline={'vel_rmse': 0.06187650061761749, 'vel_nees': 4.711327474820552, 'vel_nees_tangent': 6.580368070799619, 'vel_nees_x': 0.05812809337318238, 'vel_nees_y': 0.07298798336214275, 'vel_nees_z': 2.894347971465953, 'nis_over_dof': 0.014109930229590915, 'applied': 0.9999999999999999}  learned={'vel_rmse': 0.05515395892034361, 'vel_nees': 4.209697829564171, 'vel_nees_tangent': 6.451564844103032, 'vel_nees_x': 0.04565170640877831, 'vel_nees_y': 0.0676393959795327, 'vel_nees_z': 2.9597030309894863, 'nis_over_dof': 0.20796706081198815, 'applied': 0.9999999999999999}
  stepping_stones/seed22: baseline={'vel_rmse': 0.05502589544909181, 'vel_nees': 3.7890936357418847, 'vel_nees_tangent': 5.228076278557144, 'vel_nees_x': 0.07037878887187993, 'vel_nees_y': 0.05307722958974436, 'vel_nees_z': 2.260820985818893, 'nis_over_dof': 0.010696378873810539, 'applied': 0.9999999999999999}  learned={'vel_rmse': 0.04670430390006329, 'vel_nees': 2.8990202461058434, 'vel_nees_tangent': 4.486815010140597, 'vel_nees_x': 0.05816821619638866, 'vel_nees_y': 0.06163193302184724, 'vel_nees_z': 2.0481276686238066, 'nis_over_dof': 0.16975042799428908, 'applied': 0.9999999999999999}
  waves/seed25: baseline={'vel_rmse': 0.05429266381876227, 'vel_nees': 3.876504358601226, 'vel_nees_tangent': 5.263272485057155, 'vel_nees_x': 0.05643882781619317, 'vel_nees_y': 0.04414943432361544, 'vel_nees_z': 2.169316671417653, 'nis_over_dof': 0.009545846302603187, 'applied': 0.9999999999999999}  learned={'vel_rmse': 0.03822243555540694, 'vel_nees': 2.319814077594082, 'vel_nees_tangent': 3.511724590822769, 'vel_nees_x': 0.020084133154383406, 'vel_nees_y': 0.022514432909550904, 'vel_nees_z': 1.5442625006724815, 'nis_over_dof': 0.17149832139666346, 'applied': 0.9999999999999999}
== summary ==
{
  "run": {
    "dir": "L512_A_l2vel",
    "started_at": "2026-08-09T13:41:24",
    "tag": null,
    "args": {
      "collect": false,
      "train_seeds": [
        0,
        1,
        2,
        3
      ],
      "val_seeds": [
        4,
        5,
        6,
        7
      ],
      "seconds": 45.0,
      "steps": 6000,
      "warmup_steps": 100,
      "time_budget_s": 86400.0,
      "tag": null,
      "out_dir": "results/l_ablation/L512_A_l2vel",
      "contacts_per_foot": 4,
      "objective": "l2_velocity",
      "w_pos": null,
      "w_ori": null,
      "pose_weight_ratio": null,
      "L": 512,
      "remat": false,
      "contact_meas_var": 0.0001,
      "pool": "n8fix"
    }
  },
  "n_train": 21,
  "n_val": 4,
  "steps_run": 6000,
  "final_reseeds": 7378,
  "floored": [],
  "cfg": {
    "F": 30,
    "d_in": 600,
    "H": 20,
    "window_span_s": 0.019,
    "L": 512,
    "B": 32,
    "objective": "l2_velocity",
    "remat": false,
    "contact_meas_var": 0.0001,
    "w_pos": 0.0,
    "w_ori": 0.0,
    "pose_weight_ratio": 0.5,
    "episode_s": 43.0,
    "warm_in_s": 1.0,
    "peak_lr": 0.0001,
    "init_seed": 0,
    "batcher_seed": 0,
    "cmd_ranges": {
      "vx": [
        0.3,
        0.9
      ],
      "vy": [
        0.25,
        0.5
      ],
      "yaw": [
        0.3,
        1.5
      ]
    }
  },
  "wall_s": 14994.317331552505,
  "val": [
    {
      "mode": "flat/seed28",
      "rollout": "flat/seed28",
      "baseline": {
        "vel_rmse": 0.0543321646770635,
        "vel_nees": 4.018834230045484,
        "vel_nees_tangent": 5.192904963115444,
        "vel_nees_x": 0.0685217831694923,
        "vel_nees_y": 0.07952276025970378,
        "vel_nees_z": 2.0026284594950314,
        "nis_over_dof": 0.009548450264961804,
        "applied": 0.9999999999999999
      },
      "learned": {
        "vel_rmse": 0.0441460585708203,
        "vel_nees": 2.7106536785142143,
        "vel_nees_tangent": 5.427344428050431,
        "vel_nees_x": 0.048416518444239415,
        "vel_nees_y": 0.09551742149136097,
        "vel_nees_z": 1.5538583815777358,
        "nis_over_dof": 0.16964807272366933,
        "applied": 0.9999999999999999
      }
    },
    {
      "mode": "hard_stepping/seed27",
      "rollout": "hard_stepping/seed27",
      "baseline": {
        "vel_rmse": 0.06187650061761749,
        "vel_nees": 4.711327474820552,
        "vel_nees_tangent": 6.580368070799619,
        "vel_nees_x": 0.05812809337318238,
        "vel_nees_y": 0.07298798336214275,
        "vel_nees_z": 2.894347971465953,
        "nis_over_dof": 0.014109930229590915,
        "applied": 0.9999999999999999
      },
      "learned": {
        "vel_rmse": 0.05515395892034361,
        "vel_nees": 4.209697829564171,
        "vel_nees_tangent": 6.451564844103032,
        "vel_nees_x": 0.04565170640877831,
        "vel_nees_y": 0.0676393959795327,
        "vel_nees_z": 2.9597030309894863,
        "nis_over_dof": 0.20796706081198815,
        "applied": 0.9999999999999999
      }
    },
    {
      "mode": "stepping_stones/seed22",
      "rollout": "stepping_stones/seed22",
      "baseline": {
        "vel_rmse": 0.05502589544909181,
        "vel_nees": 3.7890936357418847,
        "vel_nees_tangent": 5.228076278557144,
        "vel_nees_x": 0.07037878887187993,
        "vel_nees_y": 0.05307722958974436,
        "vel_nees_z": 2.260820985818893,
        "nis_over_dof": 0.010696378873810539,
        "applied": 0.9999999999999999
      },
      "learned": {
        "vel_rmse": 0.04670430390006329,
        "vel_nees": 2.8990202461058434,
        "vel_nees_tangent": 4.486815010140597,
        "vel_nees_x": 0.05816821619638866,
        "vel_nees_y": 0.06163193302184724,
        "vel_nees_z": 2.0481276686238066,
        "nis_over_dof": 0.16975042799428908,
        "applied": 0.9999999999999999
      }
    },
    {
      "mode": "waves/seed25",
      "rollout": "waves/seed25",
      "baseline": {
        "vel_rmse": 0.05429266381876227,
        "vel_nees": 3.876504358601226,
        "vel_nees_tangent": 5.263272485057155,
        "vel_nees_x": 0.05643882781619317,
        "vel_nees_y": 0.04414943432361544,
        "vel_nees_z": 2.169316671417653,
        "nis_over_dof": 0.009545846302603187,
        "applied": 0.9999999999999999
      },
      "learned": {
        "vel_rmse": 0.03822243555540694,
        "vel_nees": 2.319814077594082,
        "vel_nees_tangent": 3.511724590822769,
        "vel_nees_x": 0.020084133154383406,
        "vel_nees_y": 0.022514432909550904,
        "vel_nees_z": 1.5442625006724815,
        "nis_over_dof": 0.17149832139666346,
        "applied": 0.9999999999999999
      }
    }
  ],
  "loss_first": 1.0561698119895637,
  "loss_last": 0.001076270066540604
}
  plots -> /home/llibshutz/alex/invariant-estimation/results/l_ablation/L512_A_l2vel/training.png, /home/llibshutz/alex/invariant-estimation/results/l_ablation/L512_A_l2vel/validation.png
[2026-08-09 17:51:21] --- cell L=512 A_l2vel complete: 6000 steps ---
[2026-08-09 17:51:21] --- cell L=512 B_l2velpos (l2_vel_pos) -> results/l_ablation/L512_B_l2velpos ---
Failed to import warp: No module named 'warp'
Failed to import mujoco_warp: No module named 'warp'
== run directory: /home/llibshutz/alex/invariant-estimation/results/l_ablation/L512_B_l2velpos ==
collector: 9 filtered joints, 8 IMUs, 8 contacts, 4 off-path joints, dt=0.001 (1000 Hz)  [built in 0.9s]
pool 'n8fix': 25 rollouts over {'flat': 8, 'hard_stepping': 7, 'stepping_stones': 4, 'waves': 6}
train rollouts: ['flat_n8fix_seed000.npz', 'flat_n8fix_seed004.npz', 'flat_n8fix_seed008.npz', 'flat_n8fix_seed012.npz', 'flat_n8fix_seed016.npz', 'flat_n8fix_seed020.npz', 'flat_n8fix_seed024.npz', 'hard_stepping_n8fix_seed003.npz', 'hard_stepping_n8fix_seed007.npz', 'hard_stepping_n8fix_seed011.npz', 'hard_stepping_n8fix_seed015.npz', 'hard_stepping_n8fix_seed019.npz', 'hard_stepping_n8fix_seed023.npz', 'stepping_stones_n8fix_seed006.npz', 'stepping_stones_n8fix_seed014.npz', 'stepping_stones_n8fix_seed018.npz', 'waves_n8fix_seed001.npz', 'waves_n8fix_seed005.npz', 'waves_n8fix_seed009.npz', 'waves_n8fix_seed017.npz', 'waves_n8fix_seed021.npz']
val rollouts:   ['flat_n8fix_seed028.npz', 'hard_stepping_n8fix_seed027.npz', 'stepping_stones_n8fix_seed022.npz', 'waves_n8fix_seed025.npz']
== building channel caches ==
  reused flat_n8fix_seed000_feat.npz (cache newer than rollout, channels match)
  reused flat_n8fix_seed004_feat.npz (cache newer than rollout, channels match)
  reused flat_n8fix_seed008_feat.npz (cache newer than rollout, channels match)
  reused flat_n8fix_seed012_feat.npz (cache newer than rollout, channels match)
  reused flat_n8fix_seed016_feat.npz (cache newer than rollout, channels match)
  reused flat_n8fix_seed020_feat.npz (cache newer than rollout, channels match)
  reused flat_n8fix_seed024_feat.npz (cache newer than rollout, channels match)
  reused hard_stepping_n8fix_seed003_feat.npz (cache newer than rollout, channels match)
  reused hard_stepping_n8fix_seed007_feat.npz (cache newer than rollout, channels match)
  reused hard_stepping_n8fix_seed011_feat.npz (cache newer than rollout, channels match)
  reused hard_stepping_n8fix_seed015_feat.npz (cache newer than rollout, channels match)
  reused hard_stepping_n8fix_seed019_feat.npz (cache newer than rollout, channels match)
  reused hard_stepping_n8fix_seed023_feat.npz (cache newer than rollout, channels match)
  reused stepping_stones_n8fix_seed006_feat.npz (cache newer than rollout, channels match)
  reused stepping_stones_n8fix_seed014_feat.npz (cache newer than rollout, channels match)
  reused stepping_stones_n8fix_seed018_feat.npz (cache newer than rollout, channels match)
  reused waves_n8fix_seed001_feat.npz (cache newer than rollout, channels match)
  reused waves_n8fix_seed005_feat.npz (cache newer than rollout, channels match)
  reused waves_n8fix_seed009_feat.npz (cache newer than rollout, channels match)
  reused waves_n8fix_seed017_feat.npz (cache newer than rollout, channels match)
  reused waves_n8fix_seed021_feat.npz (cache newer than rollout, channels match)
  reused flat_n8fix_seed028_feat.npz (cache newer than rollout, channels match)
  reused hard_stepping_n8fix_seed027_feat.npz (cache newer than rollout, channels match)
  reused stepping_stones_n8fix_seed022_feat.npz (cache newer than rollout, channels match)
  reused waves_n8fix_seed025_feat.npz (cache newer than rollout, channels match)
== fitting normalization (train, walking set) ==
  floored channels: []
  cfg: F=30 d_in=600 H=20 (window 19 ms, consecutive ticks) L=512 B=32 objective=l2_vel_pos episode_s=43.0
== preparing rollouts ==
  prepared flat/seed0: T=44000, starts=[16019, 43488] (27470 legal)
  prepared flat/seed4: T=44000, starts=[16019, 43488] (27470 legal)
  prepared flat/seed8: T=44000, starts=[16019, 43488] (27470 legal)
  prepared flat/seed12: T=44000, starts=[16019, 43488] (27470 legal)
  prepared flat/seed16: T=44000, starts=[16019, 43488] (27470 legal)
  prepared flat/seed20: T=44000, starts=[16019, 43488] (27470 legal)
  prepared flat/seed24: T=44000, starts=[16019, 43488] (27470 legal)
  prepared hard_stepping/seed3: T=44000, starts=[16019, 43488] (27470 legal)
  prepared hard_stepping/seed7: T=44000, starts=[16019, 43488] (27470 legal)
  prepared hard_stepping/seed11: T=44000, starts=[16019, 43488] (27470 legal)
  prepared hard_stepping/seed15: T=44000, starts=[16019, 43488] (27470 legal)
  prepared hard_stepping/seed19: T=44000, starts=[16019, 43488] (27470 legal)
  prepared hard_stepping/seed23: T=44000, starts=[16019, 43488] (27470 legal)
  prepared stepping_stones/seed6: T=44000, starts=[16019, 43488] (27470 legal)
  prepared stepping_stones/seed14: T=44000, starts=[16019, 43488] (27470 legal)
  prepared stepping_stones/seed18: T=44000, starts=[16019, 43488] (27470 legal)
  prepared waves/seed1: T=44000, starts=[16019, 43488] (27470 legal)
  prepared waves/seed5: T=44000, starts=[16019, 43488] (27470 legal)
  prepared waves/seed9: T=44000, starts=[16019, 43488] (27470 legal)
  prepared waves/seed17: T=44000, starts=[16019, 43488] (27470 legal)
  prepared waves/seed21: T=44000, starts=[16019, 43488] (27470 legal)
  prepared flat/seed28: T=44000, starts=[16019, 43488] (27470 legal)
  prepared hard_stepping/seed27: T=44000, starts=[16019, 43488] (27470 legal)
  prepared stepping_stones/seed22: T=44000, starts=[16019, 43488] (27470 legal)
  prepared waves/seed25: T=44000, starts=[16019, 43488] (27470 legal)
== re-flooring contact measurement noise: pool collected at 0, training at 0.0001 (delta +0.0001 on diag(sigma_q)) ==
== measuring P0 ==
  P0 from flat/seed0 ticks [16019, 19019): diag(R)=[6.64983805e-05 6.89037297e-05 1.00027989e+00], diag(v)=[0.00079118 0.00077245 0.00018433], diag(p)=[0.12287249 0.12097755 0.12140872], diag(d)=[0.12287031 0.12097683 0.12141024 0.12286839 0.12097627 0.1214101
 0.1228721  0.12098173 0.12140916 0.12287092 0.12098141 0.12140908
 0.12291139 0.12104048 0.12144945 0.12291014 0.12104344 0.12144625
 0.12293942 0.12105974 0.12142006 0.12287423 0.12097469 0.12141085], eig in [8.791e-08, 1.152e+00]
== building network + batcher ==
  pose-weight measurement (warm batch, init net): L_vel=1.056e+00 L_pos=1.618e-01 L_ori=7.521e-02
  pose weights (frozen): w_pos=3.2634e+00 w_ori=0.0000e+00 (ratio=0.5, objective=l2_vel_pos)
== training ==
step    0 loss 1.58425e+00 |g| 4.73e+00 NIS/dof 1.110e+01 applied 1.00 reseeds 1
step   10 loss 2.27894e+00 |g| 2.21e+02 NIS/dof 1.321e+01 applied 1.00 reseeds 6
step   20 loss 1.51779e+00 |g| 7.76e+01 NIS/dof 8.629e+00 applied 1.00 reseeds 22
step   30 loss 1.37379e+00 |g| 1.12e+01 NIS/dof 7.929e+00 applied 1.00 reseeds 30
step   40 loss 1.32497e+00 |g| 1.11e+01 NIS/dof 7.909e+00 applied 1.00 reseeds 39
step   50 loss 1.21997e+00 |g| 2.47e+01 NIS/dof 7.653e+00 applied 1.00 reseeds 58
step   60 loss 1.22363e+00 |g| 9.19e+00 NIS/dof 7.454e+00 applied 1.00 reseeds 81
step   70 loss 1.14754e+00 |g| 1.52e+01 NIS/dof 7.665e+00 applied 1.00 reseeds 91
step   80 loss 1.14087e+00 |g| 1.50e+01 NIS/dof 7.997e+00 applied 1.00 reseeds 99
step   90 loss 1.33886e+00 |g| 2.56e+01 NIS/dof 8.838e+00 applied 1.00 reseeds 111
step  100 loss 1.17695e+00 |g| 1.52e+01 NIS/dof 9.306e+00 applied 1.00 reseeds 126
step  110 loss 1.14476e+00 |g| 3.20e+01 NIS/dof 8.659e+00 applied 1.00 reseeds 143
step  120 loss 1.02527e+00 |g| 2.41e+01 NIS/dof 8.157e+00 applied 1.00 reseeds 156
step  130 loss 1.04269e+00 |g| 1.55e+01 NIS/dof 8.633e+00 applied 1.00 reseeds 165
step  140 loss 9.81807e-01 |g| 1.37e+01 NIS/dof 7.904e+00 applied 1.00 reseeds 181
step  150 loss 1.12703e+00 |g| 2.15e+01 NIS/dof 9.377e+00 applied 1.00 reseeds 194
step  160 loss 1.06106e+00 |g| 1.92e+01 NIS/dof 8.883e+00 applied 1.00 reseeds 203
step  170 loss 1.07040e+00 |g| 2.84e+01 NIS/dof 8.195e+00 applied 1.00 reseeds 219
step  180 loss 1.17633e+00 |g| 2.40e+01 NIS/dof 9.347e+00 applied 1.00 reseeds 236
step  190 loss 1.03044e+00 |g| 1.29e+01 NIS/dof 9.060e+00 applied 1.00 reseeds 249
step  200 loss 8.83766e-01 |g| 3.65e+01 NIS/dof 8.327e+00 applied 1.00 reseeds 264
step  210 loss 9.17604e-01 |g| 1.90e+01 NIS/dof 7.883e+00 applied 1.00 reseeds 278
step  220 loss 8.93581e-01 |g| 1.35e+01 NIS/dof 7.966e+00 applied 1.00 reseeds 292
step  230 loss 8.93636e-01 |g| 2.13e+01 NIS/dof 8.608e+00 applied 1.00 reseeds 298
step  240 loss 6.35361e-01 |g| 2.23e+01 NIS/dof 6.815e+00 applied 1.00 reseeds 311
step  250 loss 6.27774e-01 |g| 2.74e+01 NIS/dof 6.249e+00 applied 1.00 reseeds 328
step  260 loss 6.08777e-01 |g| 3.19e+01 NIS/dof 6.737e+00 applied 1.00 reseeds 336
step  270 loss 6.11469e-01 |g| 2.36e+01 NIS/dof 5.596e+00 applied 1.00 reseeds 348
step  280 loss 6.57385e-01 |g| 2.17e+01 NIS/dof 6.860e+00 applied 1.00 reseeds 364
step  290 loss 4.39738e-01 |g| 3.88e+01 NIS/dof 5.298e+00 applied 1.00 reseeds 378
step  300 loss 3.94721e-01 |g| 2.37e+01 NIS/dof 4.207e+00 applied 1.00 reseeds 390
step  310 loss 4.37042e-01 |g| 4.33e+01 NIS/dof 3.947e+00 applied 1.00 reseeds 401
step  320 loss 2.99685e-01 |g| 2.33e+01 NIS/dof 3.471e+00 applied 1.00 reseeds 418
step  330 loss 2.39133e-01 |g| 3.22e+01 NIS/dof 3.254e+00 applied 1.00 reseeds 431
step  340 loss 1.41890e-01 |g| 1.15e+01 NIS/dof 2.375e+00 applied 1.00 reseeds 444
step  350 loss 1.05547e-01 |g| 5.71e+00 NIS/dof 1.950e+00 applied 1.00 reseeds 452
step  360 loss 8.13313e-02 |g| 3.53e+00 NIS/dof 1.809e+00 applied 1.00 reseeds 465
step  370 loss 5.69642e-02 |g| 5.38e+00 NIS/dof 1.536e+00 applied 1.00 reseeds 485
step  380 loss 4.63230e-02 |g| 2.82e+00 NIS/dof 1.326e+00 applied 1.00 reseeds 496
step  390 loss 4.55468e-02 |g| 5.27e+00 NIS/dof 1.486e+00 applied 1.00 reseeds 506
step  400 loss 3.34146e-02 |g| 1.47e+00 NIS/dof 1.168e+00 applied 1.00 reseeds 515
step  410 loss 4.04175e-02 |g| 2.30e+00 NIS/dof 1.212e+00 applied 1.00 reseeds 530
step  420 loss 2.59428e-02 |g| 2.13e+00 NIS/dof 8.791e-01 applied 1.00 reseeds 543
step  430 loss 2.72527e-02 |g| 2.48e+00 NIS/dof 9.110e-01 applied 1.00 reseeds 551
step  440 loss 2.61667e-02 |g| 1.73e+00 NIS/dof 9.044e-01 applied 1.00 reseeds 564
step  450 loss 2.87417e-02 |g| 2.11e+00 NIS/dof 9.559e-01 applied 1.00 reseeds 577
step  460 loss 2.57884e-02 |g| 1.72e+00 NIS/dof 7.816e-01 applied 1.00 reseeds 589
step  470 loss 1.84488e-02 |g| 1.62e+00 NIS/dof 6.308e-01 applied 1.00 reseeds 601
step  480 loss 1.94147e-02 |g| 2.67e+00 NIS/dof 6.572e-01 applied 1.00 reseeds 611
step  490 loss 2.09525e-02 |g| 2.01e+00 NIS/dof 6.110e-01 applied 1.00 reseeds 625
step  500 loss 1.54580e-02 |g| 1.12e+00 NIS/dof 6.101e-01 applied 1.00 reseeds 635
step  510 loss 1.37906e-02 |g| 8.87e-01 NIS/dof 4.518e-01 applied 1.00 reseeds 644
step  520 loss 1.42944e-02 |g| 8.42e-01 NIS/dof 5.113e-01 applied 1.00 reseeds 660
step  530 loss 1.66527e-02 |g| 2.01e+00 NIS/dof 4.521e-01 applied 1.00 reseeds 671
step  540 loss 1.05455e-02 |g| 9.48e-01 NIS/dof 3.517e-01 applied 1.00 reseeds 683
step  550 loss 1.50235e-02 |g| 3.45e+00 NIS/dof 3.745e-01 applied 1.00 reseeds 703
step  560 loss 1.26198e-02 |g| 1.40e+00 NIS/dof 4.021e-01 applied 1.00 reseeds 714
step  570 loss 1.25531e-02 |g| 1.49e+00 NIS/dof 4.252e-01 applied 1.00 reseeds 730
step  580 loss 1.02091e-02 |g| 1.05e+00 NIS/dof 3.310e-01 applied 1.00 reseeds 740
step  590 loss 7.28428e-03 |g| 4.23e-01 NIS/dof 2.687e-01 applied 1.00 reseeds 752
step  600 loss 1.18373e-02 |g| 1.26e+00 NIS/dof 3.231e-01 applied 1.00 reseeds 760
step  610 loss 8.60636e-03 |g| 6.42e-01 NIS/dof 2.984e-01 applied 1.00 reseeds 771
step  620 loss 9.18529e-03 |g| 1.38e+00 NIS/dof 2.979e-01 applied 1.00 reseeds 789
step  630 loss 8.53172e-03 |g| 4.97e-01 NIS/dof 2.656e-01 applied 1.00 reseeds 797
step  640 loss 6.49281e-03 |g| 7.49e-01 NIS/dof 2.172e-01 applied 1.00 reseeds 809
step  650 loss 6.82323e-03 |g| 5.81e-01 NIS/dof 2.507e-01 applied 1.00 reseeds 822
step  660 loss 7.18384e-03 |g| 8.87e-01 NIS/dof 2.228e-01 applied 1.00 reseeds 834
step  670 loss 8.07248e-03 |g| 6.00e-01 NIS/dof 2.599e-01 applied 1.00 reseeds 849
step  680 loss 8.20546e-03 |g| 7.65e-01 NIS/dof 2.493e-01 applied 1.00 reseeds 864
step  690 loss 6.23903e-03 |g| 6.38e-01 NIS/dof 2.008e-01 applied 1.00 reseeds 879
step  700 loss 6.64992e-03 |g| 4.74e-01 NIS/dof 2.261e-01 applied 1.00 reseeds 891
step  710 loss 6.57164e-03 |g| 4.61e-01 NIS/dof 2.306e-01 applied 1.00 reseeds 900
step  720 loss 5.39642e-03 |g| 5.79e-01 NIS/dof 1.832e-01 applied 1.00 reseeds 917
step  730 loss 4.42694e-03 |g| 4.99e-01 NIS/dof 1.718e-01 applied 1.00 reseeds 925
step  740 loss 6.39098e-03 |g| 5.76e-01 NIS/dof 2.065e-01 applied 1.00 reseeds 938
step  750 loss 5.28215e-03 |g| 2.66e-01 NIS/dof 1.974e-01 applied 1.00 reseeds 955
step  760 loss 5.22053e-03 |g| 5.29e-01 NIS/dof 1.989e-01 applied 1.00 reseeds 967
step  770 loss 5.09156e-03 |g| 3.87e-01 NIS/dof 1.652e-01 applied 1.00 reseeds 978
step  780 loss 6.06762e-03 |g| 3.13e-01 NIS/dof 1.778e-01 applied 1.00 reseeds 988
step  790 loss 4.06917e-03 |g| 2.20e-01 NIS/dof 1.522e-01 applied 1.00 reseeds 996
step  800 loss 3.51263e-03 |g| 2.07e-01 NIS/dof 1.513e-01 applied 1.00 reseeds 1006
step  810 loss 4.18020e-03 |g| 1.32e-01 NIS/dof 1.718e-01 applied 1.00 reseeds 1021
step  820 loss 4.06507e-03 |g| 2.68e-01 NIS/dof 1.629e-01 applied 1.00 reseeds 1037
step  830 loss 4.67683e-03 |g| 3.66e-01 NIS/dof 1.930e-01 applied 1.00 reseeds 1048
step  840 loss 3.70235e-03 |g| 1.69e-01 NIS/dof 1.326e-01 applied 1.00 reseeds 1064
step  850 loss 3.40866e-03 |g| 1.81e-01 NIS/dof 1.444e-01 applied 1.00 reseeds 1068
step  860 loss 3.86092e-03 |g| 2.90e-01 NIS/dof 1.416e-01 applied 1.00 reseeds 1082
step  870 loss 3.95207e-03 |g| 2.50e-01 NIS/dof 1.449e-01 applied 1.00 reseeds 1094
step  880 loss 4.33824e-03 |g| 2.43e-01 NIS/dof 1.558e-01 applied 1.00 reseeds 1108
step  890 loss 3.98288e-03 |g| 1.69e-01 NIS/dof 1.657e-01 applied 1.00 reseeds 1123
step  900 loss 3.19240e-03 |g| 2.25e-01 NIS/dof 1.275e-01 applied 1.00 reseeds 1136
step  910 loss 4.62649e-03 |g| 1.29e-01 NIS/dof 1.418e-01 applied 1.00 reseeds 1149
step  920 loss 3.99189e-03 |g| 1.31e-01 NIS/dof 1.512e-01 applied 1.00 reseeds 1159
step  930 loss 3.41327e-03 |g| 1.37e-01 NIS/dof 1.217e-01 applied 1.00 reseeds 1170
step  940 loss 3.22346e-03 |g| 2.77e-01 NIS/dof 1.452e-01 applied 1.00 reseeds 1182
step  950 loss 3.83995e-03 |g| 2.17e-01 NIS/dof 1.452e-01 applied 1.00 reseeds 1193
step  960 loss 4.25706e-03 |g| 8.00e-01 NIS/dof 1.447e-01 applied 1.00 reseeds 1206
step  970 loss 3.49388e-03 |g| 1.14e-01 NIS/dof 1.227e-01 applied 1.00 reseeds 1217
step  980 loss 3.74151e-03 |g| 1.48e-01 NIS/dof 1.232e-01 applied 1.00 reseeds 1229
step  990 loss 3.33588e-03 |g| 1.27e-01 NIS/dof 1.308e-01 applied 1.00 reseeds 1241
step 1000 loss 4.11478e-03 |g| 3.46e-01 NIS/dof 1.356e-01 applied 1.00 reseeds 1252
step 1010 loss 3.06529e-03 |g| 3.03e-01 NIS/dof 1.305e-01 applied 1.00 reseeds 1267
step 1020 loss 3.79761e-03 |g| 1.96e-01 NIS/dof 1.403e-01 applied 1.00 reseeds 1277
step 1030 loss 3.63248e-03 |g| 1.35e-01 NIS/dof 1.286e-01 applied 1.00 reseeds 1286
step 1040 loss 3.35866e-03 |g| 2.07e-01 NIS/dof 1.276e-01 applied 1.00 reseeds 1295
step 1050 loss 4.91878e-03 |g| 5.49e-01 NIS/dof 1.432e-01 applied 1.00 reseeds 1305
step 1060 loss 3.75214e-03 |g| 1.76e-01 NIS/dof 1.490e-01 applied 1.00 reseeds 1313
step 1070 loss 3.21921e-03 |g| 2.28e-01 NIS/dof 1.202e-01 applied 1.00 reseeds 1331
step 1080 loss 3.18070e-03 |g| 1.24e-01 NIS/dof 1.178e-01 applied 1.00 reseeds 1347
step 1090 loss 3.23135e-03 |g| 1.52e-01 NIS/dof 1.160e-01 applied 1.00 reseeds 1359
step 1100 loss 3.40137e-03 |g| 1.96e-01 NIS/dof 1.502e-01 applied 1.00 reseeds 1381
step 1110 loss 3.25462e-03 |g| 1.53e-01 NIS/dof 1.245e-01 applied 1.00 reseeds 1394
step 1120 loss 3.63654e-03 |g| 1.42e-01 NIS/dof 1.516e-01 applied 1.00 reseeds 1408
step 1130 loss 2.74249e-03 |g| 4.89e-02 NIS/dof 9.675e-02 applied 1.00 reseeds 1414
step 1140 loss 3.80335e-03 |g| 1.10e-01 NIS/dof 1.303e-01 applied 1.00 reseeds 1426
step 1150 loss 3.50115e-03 |g| 1.47e-01 NIS/dof 1.245e-01 applied 1.00 reseeds 1437
step 1160 loss 3.44627e-03 |g| 1.96e-01 NIS/dof 1.265e-01 applied 1.00 reseeds 1451
step 1170 loss 3.82835e-03 |g| 1.26e-01 NIS/dof 1.259e-01 applied 1.00 reseeds 1462
step 1180 loss 3.16454e-03 |g| 1.59e-01 NIS/dof 1.267e-01 applied 1.00 reseeds 1483
step 1190 loss 2.94410e-03 |g| 9.70e-02 NIS/dof 1.233e-01 applied 1.00 reseeds 1489
step 1200 loss 3.88871e-03 |g| 2.15e-01 NIS/dof 1.222e-01 applied 1.00 reseeds 1503
step 1210 loss 2.71954e-03 |g| 1.42e-01 NIS/dof 1.054e-01 applied 1.00 reseeds 1514
step 1220 loss 3.94211e-03 |g| 3.10e-01 NIS/dof 1.594e-01 applied 1.00 reseeds 1522