[2026-08-10 01:23:01] [stage4] retrain L256_A_l2vel (l2_velocity) at L=256, contact_meas_var=1e-3
Failed to import warp: No module named 'warp'
Failed to import mujoco_warp: No module named 'warp'
== run directory: /home/llibshutz/alex/invariant-estimation/results/zdrift/L256_A_l2vel_cmv1e-3 ==
collector: 9 filtered joints, 8 IMUs, 8 contacts, 4 off-path joints, dt=0.001 (1000 Hz)  [built in 0.9s]
pool 'n8fix': 25 rollouts over {'flat': 8, 'hard_stepping': 7, 'stepping_stones': 4, 'waves': 6}
train rollouts: ['flat_n8fix_seed000.npz', 'flat_n8fix_seed004.npz', 'flat_n8fix_seed008.npz', 'flat_n8fix_seed012.npz', 'flat_n8fix_seed016.npz', 'flat_n8fix_seed020.npz', 'flat_n8fix_seed024.npz', 'hard_stepping_n8fix_seed003.npz', 'hard_stepping_n8fix_seed007.npz', 'hard_stepping_n8fix_seed011.npz', 'hard_stepping_n8fix_seed015.npz', 'hard_stepping_n8fix_seed019.npz', 'hard_stepping_n8fix_seed023.npz', 'stepping_stones_n8fix_seed006.npz', 'stepping_stones_n8fix_seed014.npz', 'stepping_stones_n8fix_seed018.npz', 'waves_n8fix_seed001.npz', 'waves_n8fix_seed005.npz', 'waves_n8fix_seed009.npz', 'waves_n8fix_seed017.npz', 'waves_n8fix_seed021.npz']
val rollouts:   ['flat_n8fix_seed028.npz', 'hard_stepping_n8fix_seed027.npz', 'stepping_stones_n8fix_seed022.npz', 'waves_n8fix_seed025.npz']
== building channel caches ==
  reused flat_n8fix_seed000_feat.npz (cache newer than rollout, channels match)
  reused flat_n8fix_seed004_feat.npz (cache newer than rollout, channels match)
  reused flat_n8fix_seed008_feat.npz (cache newer than rollout, channels match)
  reused flat_n8fix_seed012_feat.npz (cache newer than rollout, channels match)
  reused flat_n8fix_seed016_feat.npz (cache newer than rollout, channels match)
  reused flat_n8fix_seed020_feat.npz (cache newer than rollout, channels match)
  reused flat_n8fix_seed024_feat.npz (cache newer than rollout, channels match)
  reused hard_stepping_n8fix_seed003_feat.npz (cache newer than rollout, channels match)
  reused hard_stepping_n8fix_seed007_feat.npz (cache newer than rollout, channels match)
  reused hard_stepping_n8fix_seed011_feat.npz (cache newer than rollout, channels match)
  reused hard_stepping_n8fix_seed015_feat.npz (cache newer than rollout, channels match)
  reused hard_stepping_n8fix_seed019_feat.npz (cache newer than rollout, channels match)
  reused hard_stepping_n8fix_seed023_feat.npz (cache newer than rollout, channels match)
  reused stepping_stones_n8fix_seed006_feat.npz (cache newer than rollout, channels match)
  reused stepping_stones_n8fix_seed014_feat.npz (cache newer than rollout, channels match)
  reused stepping_stones_n8fix_seed018_feat.npz (cache newer than rollout, channels match)
  reused waves_n8fix_seed001_feat.npz (cache newer than rollout, channels match)
  reused waves_n8fix_seed005_feat.npz (cache newer than rollout, channels match)
  reused waves_n8fix_seed009_feat.npz (cache newer than rollout, channels match)
  reused waves_n8fix_seed017_feat.npz (cache newer than rollout, channels match)
  reused waves_n8fix_seed021_feat.npz (cache newer than rollout, channels match)
  reused flat_n8fix_seed028_feat.npz (cache newer than rollout, channels match)
  reused hard_stepping_n8fix_seed027_feat.npz (cache newer than rollout, channels match)
  reused stepping_stones_n8fix_seed022_feat.npz (cache newer than rollout, channels match)
  reused waves_n8fix_seed025_feat.npz (cache newer than rollout, channels match)
== fitting normalization (train, walking set) ==
  floored channels: []
  cfg: F=30 d_in=600 H=20 (window 19 ms, consecutive ticks) L=256 B=32 objective=l2_velocity episode_s=43.0
== preparing rollouts ==
  prepared flat/seed0: T=44000, starts=[16019, 43744] (27726 legal)
  prepared flat/seed4: T=44000, starts=[16019, 43744] (27726 legal)
  prepared flat/seed8: T=44000, starts=[16019, 43744] (27726 legal)
  prepared flat/seed12: T=44000, starts=[16019, 43744] (27726 legal)
  prepared flat/seed16: T=44000, starts=[16019, 43744] (27726 legal)
  prepared flat/seed20: T=44000, starts=[16019, 43744] (27726 legal)
  prepared flat/seed24: T=44000, starts=[16019, 43744] (27726 legal)
  prepared hard_stepping/seed3: T=44000, starts=[16019, 43744] (27726 legal)
  prepared hard_stepping/seed7: T=44000, starts=[16019, 43744] (27726 legal)
  prepared hard_stepping/seed11: T=44000, starts=[16019, 43744] (27726 legal)
  prepared hard_stepping/seed15: T=44000, starts=[16019, 43744] (27726 legal)
  prepared hard_stepping/seed19: T=44000, starts=[16019, 43744] (27726 legal)
  prepared hard_stepping/seed23: T=44000, starts=[16019, 43744] (27726 legal)
  prepared stepping_stones/seed6: T=44000, starts=[16019, 43744] (27726 legal)
  prepared stepping_stones/seed14: T=44000, starts=[16019, 43744] (27726 legal)
  prepared stepping_stones/seed18: T=44000, starts=[16019, 43744] (27726 legal)
  prepared waves/seed1: T=44000, starts=[16019, 43744] (27726 legal)
  prepared waves/seed5: T=44000, starts=[16019, 43744] (27726 legal)
  prepared waves/seed9: T=44000, starts=[16019, 43744] (27726 legal)
  prepared waves/seed17: T=44000, starts=[16019, 43744] (27726 legal)
  prepared waves/seed21: T=44000, starts=[16019, 43744] (27726 legal)
  prepared flat/seed28: T=44000, starts=[16019, 43744] (27726 legal)
  prepared hard_stepping/seed27: T=44000, starts=[16019, 43744] (27726 legal)
  prepared stepping_stones/seed22: T=44000, starts=[16019, 43744] (27726 legal)
  prepared waves/seed25: T=44000, starts=[16019, 43744] (27726 legal)
== re-flooring contact measurement noise: pool collected at 0, training at 0.001 (delta +0.001 on diag(sigma_q)) ==
== measuring P0 ==
  P0 from flat/seed0 ticks [16019, 19019): diag(R)=[7.14802905e-05 7.28271671e-05 1.00028709e+00], diag(v)=[0.00098694 0.00100345 0.00021596], diag(p)=[0.12313766 0.12121895 0.1217686 ], diag(d)=[0.12313923 0.12122268 0.12177008 0.1231391  0.1212237  0.12176936
 0.123156   0.12124462 0.12177215 0.12315667 0.12124496 0.12177252
 0.12352416 0.12184401 0.12217279 0.1235117  0.1218735  0.12214136
 0.12380212 0.12203411 0.12188118 0.12313454 0.12120552 0.12177555], eig in [3.101e-07, 1.156e+00]
== building network + batcher ==
== training ==
step    0 loss 3.76285e-01 |g| 8.97e-01 NIS/dof 6.208e+00 applied 1.00 reseeds 1
step   10 loss 1.84503e+00 |g| 7.57e+01 NIS/dof 1.039e+01 applied 1.00 reseeds 4
step   20 loss 1.65928e+00 |g| 3.17e+01 NIS/dof 8.588e+00 applied 1.00 reseeds 5
step   30 loss 1.07857e+00 |g| 1.55e+01 NIS/dof 5.632e+00 applied 1.00 reseeds 16
step   40 loss 1.27758e+00 |g| 8.26e+00 NIS/dof 6.607e+00 applied 1.00 reseeds 21
step   50 loss 1.33119e+00 |g| 8.70e+00 NIS/dof 7.659e+00 applied 1.00 reseeds 26
step   60 loss 1.09039e+00 |g| 7.99e+00 NIS/dof 6.186e+00 applied 1.00 reseeds 29
step   70 loss 9.85356e-01 |g| 5.10e+00 NIS/dof 6.019e+00 applied 1.00 reseeds 34
step   80 loss 1.09742e+00 |g| 5.28e+00 NIS/dof 6.476e+00 applied 1.00 reseeds 38
step   90 loss 9.93751e-01 |g| 3.14e+00 NIS/dof 5.937e+00 applied 1.00 reseeds 44
step  100 loss 7.84019e-01 |g| 1.92e+00 NIS/dof 5.322e+00 applied 1.00 reseeds 57
step  110 loss 9.16980e-01 |g| 7.03e+00 NIS/dof 5.211e+00 applied 1.00 reseeds 67
step  120 loss 8.91616e-01 |g| 6.71e+00 NIS/dof 5.253e+00 applied 1.00 reseeds 79
step  130 loss 8.77295e-01 |g| 3.01e+00 NIS/dof 5.264e+00 applied 1.00 reseeds 85
step  140 loss 8.16390e-01 |g| 7.19e+00 NIS/dof 4.861e+00 applied 1.00 reseeds 91
step  150 loss 1.13976e+00 |g| 6.96e+00 NIS/dof 7.215e+00 applied 1.00 reseeds 96
step  160 loss 8.82044e-01 |g| 6.72e+00 NIS/dof 5.915e+00 applied 1.00 reseeds 97
step  170 loss 8.41970e-01 |g| 7.60e+00 NIS/dof 6.192e+00 applied 1.00 reseeds 102
step  180 loss 1.08401e+00 |g| 2.04e+01 NIS/dof 6.284e+00 applied 1.00 reseeds 110
step  190 loss 1.11243e+00 |g| 1.19e+01 NIS/dof 6.954e+00 applied 1.00 reseeds 115
step  200 loss 9.33427e-01 |g| 1.39e+01 NIS/dof 6.639e+00 applied 1.00 reseeds 125
step  210 loss 1.00269e+00 |g| 1.93e+01 NIS/dof 7.900e+00 applied 1.00 reseeds 136
step  220 loss 9.26717e-01 |g| 5.38e+00 NIS/dof 6.560e+00 applied 1.00 reseeds 143
step  230 loss 9.15103e-01 |g| 1.89e+01 NIS/dof 6.368e+00 applied 1.00 reseeds 148
step  240 loss 8.30719e-01 |g| 9.16e+00 NIS/dof 5.694e+00 applied 1.00 reseeds 152
step  250 loss 7.98407e-01 |g| 5.17e+00 NIS/dof 5.767e+00 applied 1.00 reseeds 159
step  260 loss 1.00992e+00 |g| 1.39e+01 NIS/dof 6.193e+00 applied 1.00 reseeds 162
step  270 loss 6.97123e-01 |g| 1.84e+01 NIS/dof 5.401e+00 applied 1.00 reseeds 170
step  280 loss 7.70209e-01 |g| 8.95e+00 NIS/dof 5.317e+00 applied 1.00 reseeds 177
step  290 loss 6.14577e-01 |g| 8.89e+00 NIS/dof 5.075e+00 applied 1.00 reseeds 187
step  300 loss 6.07880e-01 |g| 8.85e+00 NIS/dof 5.151e+00 applied 1.00 reseeds 192
step  310 loss 5.36124e-01 |g| 1.59e+01 NIS/dof 4.879e+00 applied 1.00 reseeds 196
step  320 loss 3.32014e-01 |g| 8.69e+00 NIS/dof 3.570e+00 applied 1.00 reseeds 202
step  330 loss 1.66956e-01 |g| 3.91e+00 NIS/dof 2.318e+00 applied 1.00 reseeds 210
step  340 loss 7.47356e-02 |g| 2.88e+00 NIS/dof 1.592e+00 applied 1.00 reseeds 218
step  350 loss 5.10275e-02 |g| 2.24e+00 NIS/dof 1.243e+00 applied 1.00 reseeds 222
step  360 loss 4.10670e-02 |g| 1.16e+00 NIS/dof 1.129e+00 applied 1.00 reseeds 233
step  370 loss 2.70900e-02 |g| 1.26e+00 NIS/dof 9.771e-01 applied 1.00 reseeds 239
step  380 loss 3.28592e-02 |g| 2.32e+00 NIS/dof 1.115e+00 applied 1.00 reseeds 247
step  390 loss 2.03408e-02 |g| 1.93e+00 NIS/dof 8.617e-01 applied 1.00 reseeds 254
step  400 loss 1.62993e-02 |g| 9.18e-01 NIS/dof 7.945e-01 applied 1.00 reseeds 260
step  410 loss 1.17049e-02 |g| 5.00e-01 NIS/dof 7.260e-01 applied 1.00 reseeds 266
step  420 loss 1.76753e-02 |g| 8.73e-01 NIS/dof 8.040e-01 applied 1.00 reseeds 275
step  430 loss 1.15524e-02 |g| 6.24e-01 NIS/dof 8.017e-01 applied 1.00 reseeds 278
step  440 loss 9.79983e-03 |g| 4.69e-01 NIS/dof 4.818e-01 applied 1.00 reseeds 289
step  450 loss 1.41992e-02 |g| 1.00e+00 NIS/dof 5.962e-01 applied 1.00 reseeds 293
step  460 loss 1.12778e-02 |g| 3.99e-01 NIS/dof 5.722e-01 applied 1.00 reseeds 297
step  470 loss 1.30274e-02 |g| 5.88e-01 NIS/dof 5.248e-01 applied 1.00 reseeds 306
step  480 loss 8.67443e-03 |g| 5.36e-01 NIS/dof 5.203e-01 applied 1.00 reseeds 309
step  490 loss 8.18542e-03 |g| 4.23e-01 NIS/dof 4.299e-01 applied 1.00 reseeds 314
step  500 loss 9.43154e-03 |g| 4.09e-01 NIS/dof 3.687e-01 applied 1.00 reseeds 323
step  510 loss 8.35819e-03 |g| 3.60e-01 NIS/dof 3.255e-01 applied 1.00 reseeds 329
step  520 loss 7.77376e-03 |g| 2.94e-01 NIS/dof 3.942e-01 applied 1.00 reseeds 334
step  530 loss 7.41926e-03 |g| 2.53e-01 NIS/dof 3.285e-01 applied 1.00 reseeds 338
step  540 loss 7.49687e-03 |g| 1.94e-01 NIS/dof 3.299e-01 applied 1.00 reseeds 343
step  550 loss 6.60012e-03 |g| 2.96e-01 NIS/dof 2.660e-01 applied 1.00 reseeds 350
step  560 loss 6.69590e-03 |g| 3.64e-01 NIS/dof 3.686e-01 applied 1.00 reseeds 357
step  570 loss 9.32685e-03 |g| 2.67e-01 NIS/dof 3.217e-01 applied 1.00 reseeds 367
step  580 loss 6.25295e-03 |g| 3.86e-01 NIS/dof 3.130e-01 applied 1.00 reseeds 375
step  590 loss 3.96689e-03 |g| 2.12e-01 NIS/dof 2.622e-01 applied 1.00 reseeds 381
step  600 loss 5.23981e-03 |g| 1.52e-01 NIS/dof 2.140e-01 applied 1.00 reseeds 386
step  610 loss 6.10332e-03 |g| 3.37e-01 NIS/dof 2.353e-01 applied 1.00 reseeds 390
step  620 loss 4.82648e-03 |g| 2.59e-01 NIS/dof 2.367e-01 applied 1.00 reseeds 398
step  630 loss 5.62246e-03 |g| 3.33e-01 NIS/dof 2.266e-01 applied 1.00 reseeds 405
step  640 loss 6.95683e-03 |g| 1.77e-01 NIS/dof 2.494e-01 applied 1.00 reseeds 411
step  650 loss 4.85222e-03 |g| 1.23e-01 NIS/dof 2.105e-01 applied 1.00 reseeds 419
step  660 loss 9.41065e-03 |g| 3.05e-01 NIS/dof 2.149e-01 applied 1.00 reseeds 429
step  670 loss 4.32198e-03 |g| 2.96e-01 NIS/dof 1.892e-01 applied 1.00 reseeds 433
step  680 loss 6.05410e-03 |g| 2.05e-01 NIS/dof 2.252e-01 applied 1.00 reseeds 438
step  690 loss 4.49250e-03 |g| 2.77e-01 NIS/dof 1.939e-01 applied 1.00 reseeds 444
step  700 loss 4.57359e-03 |g| 2.08e-01 NIS/dof 1.768e-01 applied 1.00 reseeds 447
step  710 loss 3.98571e-03 |g| 7.62e-02 NIS/dof 1.426e-01 applied 1.00 reseeds 452
step  720 loss 4.36461e-03 |g| 1.17e-01 NIS/dof 1.607e-01 applied 1.00 reseeds 456
step  730 loss 6.76673e-03 |g| 6.00e-01 NIS/dof 1.951e-01 applied 1.00 reseeds 467
step  740 loss 4.03133e-03 |g| 3.10e-01 NIS/dof 1.741e-01 applied 1.00 reseeds 477
step  750 loss 3.75082e-03 |g| 1.27e-01 NIS/dof 1.710e-01 applied 1.00 reseeds 487
step  760 loss 5.76176e-03 |g| 2.38e-01 NIS/dof 2.054e-01 applied 1.00 reseeds 490
step  770 loss 4.00675e-03 |g| 2.42e-01 NIS/dof 1.558e-01 applied 1.00 reseeds 498
step  780 loss 3.70663e-03 |g| 1.01e-01 NIS/dof 1.470e-01 applied 1.00 reseeds 502
step  790 loss 4.79128e-03 |g| 2.22e-01 NIS/dof 1.505e-01 applied 1.00 reseeds 507
step  800 loss 4.18802e-03 |g| 2.54e-01 NIS/dof 1.597e-01 applied 1.00 reseeds 512
step  810 loss 3.37162e-03 |g| 2.28e-01 NIS/dof 1.343e-01 applied 1.00 reseeds 519
step  820 loss 4.19511e-03 |g| 2.10e-01 NIS/dof 1.701e-01 applied 1.00 reseeds 524
step  830 loss 4.11405e-03 |g| 2.37e-01 NIS/dof 1.582e-01 applied 1.00 reseeds 530
step  840 loss 5.15134e-03 |g| 1.05e-01 NIS/dof 1.403e-01 applied 1.00 reseeds 537
step  850 loss 5.10504e-03 |g| 3.98e-01 NIS/dof 1.566e-01 applied 1.00 reseeds 543
step  860 loss 3.61141e-03 |g| 1.58e-01 NIS/dof 1.553e-01 applied 1.00 reseeds 547
step  870 loss 3.51162e-03 |g| 2.10e-01 NIS/dof 1.481e-01 applied 1.00 reseeds 553
step  880 loss 3.02079e-03 |g| 1.65e-01 NIS/dof 1.542e-01 applied 1.00 reseeds 557
step  890 loss 3.41874e-03 |g| 1.25e-01 NIS/dof 1.481e-01 applied 1.00 reseeds 564
step  900 loss 3.35548e-03 |g| 1.62e-01 NIS/dof 1.200e-01 applied 1.00 reseeds 572
step  910 loss 3.60950e-03 |g| 1.42e-01 NIS/dof 1.308e-01 applied 1.00 reseeds 578
step  920 loss 2.73486e-03 |g| 1.02e-01 NIS/dof 1.217e-01 applied 1.00 reseeds 584
step  930 loss 4.92143e-03 |g| 1.23e-01 NIS/dof 1.484e-01 applied 1.00 reseeds 589
step  940 loss 3.96118e-03 |g| 1.25e-01 NIS/dof 1.365e-01 applied 1.00 reseeds 596
step  950 loss 3.59271e-03 |g| 2.02e-01 NIS/dof 1.502e-01 applied 1.00 reseeds 601
step  960 loss 2.92164e-03 |g| 1.25e-01 NIS/dof 1.120e-01 applied 1.00 reseeds 607
step  970 loss 3.59938e-03 |g| 2.50e-01 NIS/dof 1.113e-01 applied 1.00 reseeds 610
step  980 loss 3.11511e-03 |g| 9.70e-02 NIS/dof 1.258e-01 applied 1.00 reseeds 619
step  990 loss 4.60640e-03 |g| 2.03e-01 NIS/dof 1.357e-01 applied 1.00 reseeds 625
step 1000 loss 4.73850e-03 |g| 1.07e-01 NIS/dof 1.271e-01 applied 1.00 reseeds 632
step 1010 loss 3.07156e-03 |g| 1.07e-01 NIS/dof 1.146e-01 applied 1.00 reseeds 636
step 1020 loss 3.69019e-03 |g| 8.18e-02 NIS/dof 1.038e-01 applied 1.00 reseeds 641
step 1030 loss 2.38743e-03 |g| 7.78e-02 NIS/dof 1.113e-01 applied 1.00 reseeds 645
step 1040 loss 2.68856e-03 |g| 1.21e-01 NIS/dof 1.199e-01 applied 1.00 reseeds 650
step 1050 loss 2.92228e-03 |g| 5.97e-02 NIS/dof 1.178e-01 applied 1.00 reseeds 660
step 1060 loss 2.58214e-03 |g| 6.40e-02 NIS/dof 1.065e-01 applied 1.00 reseeds 664
step 1070 loss 2.82931e-03 |g| 8.54e-02 NIS/dof 1.137e-01 applied 1.00 reseeds 671
step 1080 loss 3.60548e-03 |g| 2.01e-01 NIS/dof 1.388e-01 applied 1.00 reseeds 680
step 1090 loss 2.71267e-03 |g| 7.77e-02 NIS/dof 1.089e-01 applied 1.00 reseeds 683
step 1100 loss 2.65351e-03 |g| 5.80e-02 NIS/dof 9.762e-02 applied 1.00 reseeds 693
step 1110 loss 3.23834e-03 |g| 1.15e-01 NIS/dof 1.068e-01 applied 1.00 reseeds 700
step 1120 loss 3.29475e-03 |g| 1.02e-01 NIS/dof 1.325e-01 applied 1.00 reseeds 708
step 1130 loss 3.16889e-03 |g| 8.31e-02 NIS/dof 1.201e-01 applied 1.00 reseeds 713
step 1140 loss 2.81608e-03 |g| 8.90e-02 NIS/dof 1.061e-01 applied 1.00 reseeds 721
step 1150 loss 3.80889e-03 |g| 2.37e-01 NIS/dof 1.217e-01 applied 1.00 reseeds 729
step 1160 loss 3.02305e-03 |g| 1.05e-01 NIS/dof 1.035e-01 applied 1.00 reseeds 734
step 1170 loss 2.94483e-03 |g| 1.06e-01 NIS/dof 1.088e-01 applied 1.00 reseeds 740
step 1180 loss 3.49908e-03 |g| 1.57e-01 NIS/dof 1.279e-01 applied 1.00 reseeds 745
step 1190 loss 2.43879e-03 |g| 1.30e-01 NIS/dof 1.016e-01 applied 1.00 reseeds 751
step 1200 loss 3.49870e-03 |g| 1.18e-01 NIS/dof 1.232e-01 applied 1.00 reseeds 754
step 1210 loss 3.07455e-03 |g| 1.76e-01 NIS/dof 9.147e-02 applied 1.00 reseeds 760
step 1220 loss 3.61038e-03 |g| 7.96e-02 NIS/dof 1.134e-01 applied 1.00 reseeds 765
step 1230 loss 3.16099e-03 |g| 9.84e-02 NIS/dof 1.073e-01 applied 1.00 reseeds 770
step 1240 loss 2.68822e-03 |g| 1.34e-01 NIS/dof 9.365e-02 applied 1.00 reseeds 777
step 1250 loss 2.63311e-03 |g| 1.02e-01 NIS/dof 1.236e-01 applied 1.00 reseeds 785
step 1260 loss 4.34717e-03 |g| 1.86e-01 NIS/dof 1.257e-01 applied 1.00 reseeds 793
step 1270 loss 3.30290e-03 |g| 1.06e-01 NIS/dof 1.084e-01 applied 1.00 reseeds 796
step 1280 loss 2.83141e-03 |g| 1.43e-01 NIS/dof 9.862e-02 applied 1.00 reseeds 803
step 1290 loss 2.36373e-03 |g| 6.40e-02 NIS/dof 7.608e-02 applied 1.00 reseeds 806
step 1300 loss 3.11392e-03 |g| 6.64e-02 NIS/dof 9.359e-02 applied 1.00 reseeds 813
step 1310 loss 2.61686e-03 |g| 9.72e-02 NIS/dof 8.996e-02 applied 1.00 reseeds 821
step 1320 loss 2.19606e-03 |g| 1.57e-01 NIS/dof 1.122e-01 applied 1.00 reseeds 826
step 1330 loss 2.94014e-03 |g| 7.79e-02 NIS/dof 1.009e-01 applied 1.00 reseeds 832
step 1340 loss 2.35243e-03 |g| 5.94e-02 NIS/dof 1.263e-01 applied 1.00 reseeds 841
step 1350 loss 2.73952e-03 |g| 1.44e-01 NIS/dof 1.230e-01 applied 1.00 reseeds 845
step 1360 loss 3.40033e-03 |g| 1.42e-01 NIS/dof 1.131e-01 applied 1.00 reseeds 854
step 1370 loss 3.19529e-03 |g| 1.82e-01 NIS/dof 1.273e-01 applied 1.00 reseeds 861
step 1380 loss 2.80407e-03 |g| 9.57e-02 NIS/dof 1.044e-01 applied 1.00 reseeds 869
step 1390 loss 3.31150e-03 |g| 1.28e-01 NIS/dof 1.016e-01 applied 1.00 reseeds 876
step 1400 loss 3.60218e-03 |g| 1.63e-01 NIS/dof 1.288e-01 applied 1.00 reseeds 882
step 1410 loss 2.66540e-03 |g| 8.86e-02 NIS/dof 1.020e-01 applied 1.00 reseeds 888
step 1420 loss 2.62949e-03 |g| 7.86e-02 NIS/dof 1.087e-01 applied 1.00 reseeds 893
step 1430 loss 3.07474e-03 |g| 1.84e-01 NIS/dof 1.051e-01 applied 1.00 reseeds 896
step 1440 loss 2.54303e-03 |g| 1.20e-01 NIS/dof 1.136e-01 applied 1.00 reseeds 903
step 1450 loss 2.37012e-03 |g| 2.03e-01 NIS/dof 9.455e-02 applied 1.00 reseeds 912
step 1460 loss 1.93434e-03 |g| 7.78e-02 NIS/dof 8.440e-02 applied 1.00 reseeds 918
step 1470 loss 2.43183e-03 |g| 8.49e-02 NIS/dof 9.983e-02 applied 1.00 reseeds 921
step 1480 loss 2.33299e-03 |g| 1.40e-01 NIS/dof 9.482e-02 applied 1.00 reseeds 930
step 1490 loss 2.94475e-03 |g| 8.11e-02 NIS/dof 1.014e-01 applied 1.00 reseeds 936
step 1500 loss 2.91839e-03 |g| 1.41e-01 NIS/dof 9.078e-02 applied 1.00 reseeds 946
step 1510 loss 2.16710e-03 |g| 7.29e-02 NIS/dof 9.653e-02 applied 1.00 reseeds 951
step 1520 loss 1.77677e-03 |g| 5.02e-02 NIS/dof 9.616e-02 applied 1.00 reseeds 960
step 1530 loss 2.78438e-03 |g| 8.10e-02 NIS/dof 1.130e-01 applied 1.00 reseeds 962
step 1540 loss 2.71547e-03 |g| 5.72e-02 NIS/dof 1.027e-01 applied 1.00 reseeds 968
step 1550 loss 3.30684e-03 |g| 9.48e-02 NIS/dof 1.020e-01 applied 1.00 reseeds 976
step 1560 loss 2.82677e-03 |g| 9.78e-02 NIS/dof 1.023e-01 applied 1.00 reseeds 979
step 1570 loss 2.26528e-03 |g| 7.22e-02 NIS/dof 1.025e-01 applied 1.00 reseeds 984
step 1580 loss 2.71182e-03 |g| 8.12e-02 NIS/dof 1.021e-01 applied 1.00 reseeds 989
step 1590 loss 2.64878e-03 |g| 8.51e-02 NIS/dof 9.571e-02 applied 1.00 reseeds 992
step 1600 loss 2.29055e-03 |g| 8.66e-02 NIS/dof 1.070e-01 applied 1.00 reseeds 998
step 1610 loss 2.63060e-03 |g| 7.92e-02 NIS/dof 1.121e-01 applied 1.00 reseeds 1001
step 1620 loss 2.51792e-03 |g| 1.14e-01 NIS/dof 8.360e-02 applied 1.00 reseeds 1010
step 1630 loss 1.99818e-03 |g| 5.37e-02 NIS/dof 1.148e-01 applied 1.00 reseeds 1015
step 1640 loss 2.60106e-03 |g| 8.15e-02 NIS/dof 9.547e-02 applied 1.00 reseeds 1024
step 1650 loss 2.55765e-03 |g| 1.26e-01 NIS/dof 1.138e-01 applied 1.00 reseeds 1030
step 1660 loss 2.31558e-03 |g| 9.44e-02 NIS/dof 1.161e-01 applied 1.00 reseeds 1040
step 1670 loss 2.72185e-03 |g| 8.73e-02 NIS/dof 9.932e-02 applied 1.00 reseeds 1045
step 1680 loss 2.04649e-03 |g| 9.50e-02 NIS/dof 1.049e-01 applied 1.00 reseeds 1050
step 1690 loss 2.19369e-03 |g| 7.32e-02 NIS/dof 1.157e-01 applied 1.00 reseeds 1052
step 1700 loss 2.53282e-03 |g| 1.84e-01 NIS/dof 1.104e-01 applied 1.00 reseeds 1064
step 1710 loss 2.55904e-03 |g| 1.08e-01 NIS/dof 1.204e-01 applied 1.00 reseeds 1065
step 1720 loss 2.33882e-03 |g| 7.64e-02 NIS/dof 9.005e-02 applied 1.00 reseeds 1070
step 1730 loss 2.42021e-03 |g| 5.64e-02 NIS/dof 1.200e-01 applied 1.00 reseeds 1076
step 1740 loss 1.82652e-03 |g| 9.95e-02 NIS/dof 8.598e-02 applied 1.00 reseeds 1084
step 1750 loss 2.26286e-03 |g| 1.56e-01 NIS/dof 1.058e-01 applied 1.00 reseeds 1088
step 1760 loss 2.06258e-03 |g| 1.41e-01 NIS/dof 1.247e-01 applied 1.00 reseeds 1095
step 1770 loss 1.91064e-03 |g| 7.00e-02 NIS/dof 8.955e-02 applied 1.00 reseeds 1101
step 1780 loss 2.24307e-03 |g| 1.28e-01 NIS/dof 8.388e-02 applied 1.00 reseeds 1109
step 1790 loss 2.24119e-03 |g| 1.18e-01 NIS/dof 9.470e-02 applied 1.00 reseeds 1114
step 1800 loss 2.10599e-03 |g| 1.12e-01 NIS/dof 7.273e-02 applied 1.00 reseeds 1124
step 1810 loss 2.04868e-03 |g| 7.35e-02 NIS/dof 9.732e-02 applied 1.00 reseeds 1129
step 1820 loss 2.42895e-03 |g| 9.73e-02 NIS/dof 9.917e-02 applied 1.00 reseeds 1136
step 1830 loss 2.07137e-03 |g| 6.95e-02 NIS/dof 9.877e-02 applied 1.00 reseeds 1144
step 1840 loss 2.48472e-03 |g| 7.32e-02 NIS/dof 1.025e-01 applied 1.00 reseeds 1149
step 1850 loss 1.70046e-03 |g| 6.35e-02 NIS/dof 7.799e-02 applied 1.00 reseeds 1154
step 1860 loss 3.17996e-03 |g| 1.31e-01 NIS/dof 1.501e-01 applied 1.00 reseeds 1159
step 1870 loss 2.55337e-03 |g| 8.42e-02 NIS/dof 9.991e-02 applied 1.00 reseeds 1165
step 1880 loss 1.81411e-03 |g| 5.06e-02 NIS/dof 1.115e-01 applied 1.00 reseeds 1172
step 1890 loss 2.05691e-03 |g| 1.09e-01 NIS/dof 9.545e-02 applied 1.00 reseeds 1177
step 1900 loss 2.01437e-03 |g| 6.35e-02 NIS/dof 1.140e-01 applied 1.00 reseeds 1182
step 1910 loss 1.91671e-03 |g| 9.55e-02 NIS/dof 1.014e-01 applied 1.00 reseeds 1184
step 1920 loss 2.23087e-03 |g| 6.66e-02 NIS/dof 8.834e-02 applied 1.00 reseeds 1194
step 1930 loss 2.14274e-03 |g| 5.92e-02 NIS/dof 1.156e-01 applied 1.00 reseeds 1202
step 1940 loss 1.98691e-03 |g| 8.99e-02 NIS/dof 8.338e-02 applied 1.00 reseeds 1206
step 1950 loss 2.18113e-03 |g| 9.83e-02 NIS/dof 1.062e-01 applied 1.00 reseeds 1209
step 1960 loss 2.38497e-03 |g| 8.92e-02 NIS/dof 1.074e-01 applied 1.00 reseeds 1217
step 1970 loss 2.50640e-03 |g| 1.10e-01 NIS/dof 1.223e-01 applied 1.00 reseeds 1224
step 1980 loss 1.86454e-03 |g| 1.44e-01 NIS/dof 1.066e-01 applied 1.00 reseeds 1230
step 1990 loss 2.09008e-03 |g| 6.82e-02 NIS/dof 1.021e-01 applied 1.00 reseeds 1233
step 2000 loss 1.87205e-03 |g| 1.15e-01 NIS/dof 8.373e-02 applied 1.00 reseeds 1240
step 2010 loss 2.19235e-03 |g| 5.99e-02 NIS/dof 8.701e-02 applied 1.00 reseeds 1244
step 2020 loss 2.09190e-03 |g| 8.31e-02 NIS/dof 8.136e-02 applied 1.00 reseeds 1251
step 2030 loss 2.28730e-03 |g| 7.20e-02 NIS/dof 1.045e-01 applied 1.00 reseeds 1260
step 2040 loss 1.76327e-03 |g| 8.24e-02 NIS/dof 9.605e-02 applied 1.00 reseeds 1267
step 2050 loss 1.83275e-03 |g| 1.10e-01 NIS/dof 8.765e-02 applied 1.00 reseeds 1274
step 2060 loss 1.97943e-03 |g| 8.81e-02 NIS/dof 9.765e-02 applied 1.00 reseeds 1276
step 2070 loss 1.81908e-03 |g| 1.03e-01 NIS/dof 1.052e-01 applied 1.00 reseeds 1279
step 2080 loss 2.24349e-03 |g| 8.42e-02 NIS/dof 1.032e-01 applied 1.00 reseeds 1285
step 2090 loss 2.82503e-03 |g| 6.68e-02 NIS/dof 1.021e-01 applied 1.00 reseeds 1290
step 2100 loss 1.93149e-03 |g| 6.18e-02 NIS/dof 9.803e-02 applied 1.00 reseeds 1295
step 2110 loss 2.88413e-03 |g| 1.89e-01 NIS/dof 8.599e-02 applied 1.00 reseeds 1300
step 2120 loss 2.45667e-03 |g| 1.29e-01 NIS/dof 1.271e-01 applied 1.00 reseeds 1304
step 2130 loss 2.02313e-03 |g| 1.04e-01 NIS/dof 1.275e-01 applied 1.00 reseeds 1308
step 2140 loss 2.02612e-03 |g| 8.09e-02 NIS/dof 9.014e-02 applied 1.00 reseeds 1312
step 2150 loss 2.23025e-03 |g| 1.26e-01 NIS/dof 1.006e-01 applied 1.00 reseeds 1320
step 2160 loss 2.09243e-03 |g| 8.80e-02 NIS/dof 8.257e-02 applied 1.00 reseeds 1328
step 2170 loss 2.21488e-03 |g| 1.11e-01 NIS/dof 1.139e-01 applied 1.00 reseeds 1334
step 2180 loss 1.77456e-03 |g| 4.49e-02 NIS/dof 1.019e-01 applied 1.00 reseeds 1345
step 2190 loss 2.71836e-03 |g| 1.16e-01 NIS/dof 9.239e-02 applied 1.00 reseeds 1353
step 2200 loss 1.89393e-03 |g| 7.31e-02 NIS/dof 7.931e-02 applied 1.00 reseeds 1356
step 2210 loss 2.01078e-03 |g| 1.16e-01 NIS/dof 1.102e-01 applied 1.00 reseeds 1367
step 2220 loss 2.37662e-03 |g| 1.40e-01 NIS/dof 1.522e-01 applied 1.00 reseeds 1377
step 2230 loss 2.39060e-03 |g| 8.46e-02 NIS/dof 1.240e-01 applied 1.00 reseeds 1386
step 2240 loss 2.25656e-03 |g| 6.87e-02 NIS/dof 9.900e-02 applied 1.00 reseeds 1393
step 2250 loss 1.79295e-03 |g| 1.55e-01 NIS/dof 1.445e-01 applied 1.00 reseeds 1396
step 2260 loss 2.11005e-03 |g| 1.96e-01 NIS/dof 1.070e-01 applied 1.00 reseeds 1406
step 2270 loss 1.47864e-03 |g| 7.77e-02 NIS/dof 9.523e-02 applied 1.00 reseeds 1412
step 2280 loss 1.57144e-03 |g| 6.96e-02 NIS/dof 1.021e-01 applied 1.00 reseeds 1413
step 2290 loss 2.66944e-03 |g| 8.74e-02 NIS/dof 1.066e-01 applied 1.00 reseeds 1417
step 2300 loss 2.36322e-03 |g| 7.01e-02 NIS/dof 1.007e-01 applied 1.00 reseeds 1426
step 2310 loss 2.20828e-03 |g| 1.09e-01 NIS/dof 1.129e-01 applied 1.00 reseeds 1428
step 2320 loss 2.10092e-03 |g| 1.65e-01 NIS/dof 1.197e-01 applied 1.00 reseeds 1435
step 2330 loss 2.79924e-03 |g| 2.85e-01 NIS/dof 1.045e-01 applied 1.00 reseeds 1442
step 2340 loss 2.01618e-03 |g| 9.47e-02 NIS/dof 9.048e-02 applied 1.00 reseeds 1448
step 2350 loss 1.86132e-03 |g| 5.46e-02 NIS/dof 9.747e-02 applied 1.00 reseeds 1454
step 2360 loss 2.19098e-03 |g| 5.51e-02 NIS/dof 9.982e-02 applied 1.00 reseeds 1460
step 2370 loss 1.87342e-03 |g| 7.86e-02 NIS/dof 1.099e-01 applied 1.00 reseeds 1466
step 2380 loss 2.03731e-03 |g| 6.43e-02 NIS/dof 1.057e-01 applied 1.00 reseeds 1480
step 2390 loss 2.01079e-03 |g| 1.13e-01 NIS/dof 1.037e-01 applied 1.00 reseeds 1484
step 2400 loss 3.25727e-03 |g| 1.02e-01 NIS/dof 1.232e-01 applied 1.00 reseeds 1485
step 2410 loss 2.36836e-03 |g| 1.53e-01 NIS/dof 1.094e-01 applied 1.00 reseeds 1492
step 2420 loss 2.79997e-03 |g| 1.55e-01 NIS/dof 1.184e-01 applied 1.00 reseeds 1500
step 2430 loss 1.92859e-03 |g| 6.96e-02 NIS/dof 9.767e-02 applied 1.00 reseeds 1507
step 2440 loss 1.56806e-03 |g| 8.24e-02 NIS/dof 1.045e-01 applied 1.00 reseeds 1513
step 2450 loss 1.66008e-03 |g| 7.23e-02 NIS/dof 1.094e-01 applied 1.00 reseeds 1514
step 2460 loss 1.66914e-03 |g| 5.89e-02 NIS/dof 1.004e-01 applied 1.00 reseeds 1519
step 2470 loss 2.28939e-03 |g| 7.31e-02 NIS/dof 8.752e-02 applied 1.00 reseeds 1527
step 2480 loss 2.17650e-03 |g| 1.17e-01 NIS/dof 9.856e-02 applied 1.00 reseeds 1536
step 2490 loss 1.76512e-03 |g| 1.33e-01 NIS/dof 1.285e-01 applied 1.00 reseeds 1540
step 2500 loss 2.04258e-03 |g| 7.89e-02 NIS/dof 1.179e-01 applied 1.00 reseeds 1544
step 2510 loss 2.09431e-03 |g| 1.01e-01 NIS/dof 1.121e-01 applied 1.00 reseeds 1552
step 2520 loss 2.34479e-03 |g| 9.79e-02 NIS/dof 9.458e-02 applied 1.00 reseeds 1558
step 2530 loss 2.18025e-03 |g| 7.46e-02 NIS/dof 9.984e-02 applied 1.00 reseeds 1567
step 2540 loss 2.72405e-03 |g| 2.38e-01 NIS/dof 1.082e-01 applied 1.00 reseeds 1573
step 2550 loss 2.45366e-03 |g| 1.05e-01 NIS/dof 1.203e-01 applied 1.00 reseeds 1581
step 2560 loss 2.36832e-03 |g| 1.22e-01 NIS/dof 1.054e-01 applied 1.00 reseeds 1587
step 2570 loss 1.69998e-03 |g| 6.99e-02 NIS/dof 1.191e-01 applied 1.00 reseeds 1590
step 2580 loss 2.30535e-03 |g| 7.94e-02 NIS/dof 1.061e-01 applied 1.00 reseeds 1596
step 2590 loss 1.95339e-03 |g| 8.22e-02 NIS/dof 1.164e-01 applied 1.00 reseeds 1603
step 2600 loss 2.30154e-03 |g| 1.07e-01 NIS/dof 1.123e-01 applied 1.00 reseeds 1608
step 2610 loss 1.70819e-03 |g| 1.98e-01 NIS/dof 9.421e-02 applied 1.00 reseeds 1612
step 2620 loss 1.93089e-03 |g| 6.63e-02 NIS/dof 1.129e-01 applied 1.00 reseeds 1617
step 2630 loss 1.55549e-03 |g| 9.29e-02 NIS/dof 1.019e-01 applied 1.00 reseeds 1624
step 2640 loss 2.35170e-03 |g| 8.20e-02 NIS/dof 1.071e-01 applied 1.00 reseeds 1632
step 2650 loss 1.95909e-03 |g| 1.34e-01 NIS/dof 1.121e-01 applied 1.00 reseeds 1639
step 2660 loss 1.87264e-03 |g| 1.23e-01 NIS/dof 1.119e-01 applied 1.00 reseeds 1646
step 2670 loss 1.76575e-03 |g| 1.28e-01 NIS/dof 9.802e-02 applied 1.00 reseeds 1651
step 2680 loss 1.92889e-03 |g| 1.46e-01 NIS/dof 1.111e-01 applied 1.00 reseeds 1656
step 2690 loss 2.38812e-03 |g| 8.66e-02 NIS/dof 9.864e-02 applied 1.00 reseeds 1661
step 2700 loss 2.32626e-03 |g| 1.25e-01 NIS/dof 1.473e-01 applied 1.00 reseeds 1667
step 2710 loss 1.83683e-03 |g| 1.04e-01 NIS/dof 9.595e-02 applied 1.00 reseeds 1673
step 2720 loss 1.42140e-03 |g| 2.92e-02 NIS/dof 8.939e-02 applied 1.00 reseeds 1677
step 2730 loss 1.92857e-03 |g| 6.77e-02 NIS/dof 9.204e-02 applied 1.00 reseeds 1684
step 2740 loss 2.39516e-03 |g| 1.28e-01 NIS/dof 1.093e-01 applied 1.00 reseeds 1692
step 2750 loss 2.32323e-03 |g| 1.09e-01 NIS/dof 1.021e-01 applied 1.00 reseeds 1702
step 2760 loss 1.74864e-03 |g| 5.06e-02 NIS/dof 9.207e-02 applied 1.00 reseeds 1709
step 2770 loss 1.73292e-03 |g| 5.97e-02 NIS/dof 8.764e-02 applied 1.00 reseeds 1714
step 2780 loss 1.19644e-03 |g| 6.33e-02 NIS/dof 8.542e-02 applied 1.00 reseeds 1718
step 2790 loss 1.52355e-03 |g| 1.06e-01 NIS/dof 1.041e-01 applied 1.00 reseeds 1721
step 2800 loss 2.02178e-03 |g| 1.02e-01 NIS/dof 1.298e-01 applied 1.00 reseeds 1728
step 2810 loss 1.96050e-03 |g| 7.31e-02 NIS/dof 1.047e-01 applied 1.00 reseeds 1733
step 2820 loss 1.81713e-03 |g| 5.11e-02 NIS/dof 1.076e-01 applied 1.00 reseeds 1746
step 2830 loss 1.52191e-03 |g| 1.01e-01 NIS/dof 1.204e-01 applied 1.00 reseeds 1750
step 2840 loss 2.30263e-03 |g| 7.90e-02 NIS/dof 9.394e-02 applied 1.00 reseeds 1757
step 2850 loss 2.01983e-03 |g| 1.25e-01 NIS/dof 1.131e-01 applied 1.00 reseeds 1763
step 2860 loss 1.96783e-03 |g| 1.08e-01 NIS/dof 1.123e-01 applied 1.00 reseeds 1764
step 2870 loss 1.65417e-03 |g| 1.15e-01 NIS/dof 8.426e-02 applied 1.00 reseeds 1767
step 2880 loss 2.26272e-03 |g| 1.19e-01 NIS/dof 9.440e-02 applied 1.00 reseeds 1774
step 2890 loss 1.89800e-03 |g| 8.53e-02 NIS/dof 9.971e-02 applied 1.00 reseeds 1778
step 2900 loss 1.64490e-03 |g| 9.33e-02 NIS/dof 1.018e-01 applied 1.00 reseeds 1784
step 2910 loss 1.81535e-03 |g| 9.88e-02 NIS/dof 1.149e-01 applied 1.00 reseeds 1791
step 2920 loss 2.07362e-03 |g| 9.09e-02 NIS/dof 1.178e-01 applied 1.00 reseeds 1795
step 2930 loss 1.69710e-03 |g| 8.37e-02 NIS/dof 1.000e-01 applied 1.00 reseeds 1800
step 2940 loss 2.05870e-03 |g| 1.20e-01 NIS/dof 9.672e-02 applied 1.00 reseeds 1806
step 2950 loss 1.59332e-03 |g| 5.83e-02 NIS/dof 9.839e-02 applied 1.00 reseeds 1812
step 2960 loss 1.56358e-03 |g| 7.20e-02 NIS/dof 9.482e-02 applied 1.00 reseeds 1815
step 2970 loss 2.05745e-03 |g| 5.57e-02 NIS/dof 1.186e-01 applied 1.00 reseeds 1818
step 2980 loss 1.98357e-03 |g| 9.81e-02 NIS/dof 1.216e-01 applied 1.00 reseeds 1827
step 2990 loss 2.04704e-03 |g| 6.76e-02 NIS/dof 8.859e-02 applied 1.00 reseeds 1832
step 3000 loss 1.70713e-03 |g| 9.46e-02 NIS/dof 1.072e-01 applied 1.00 reseeds 1838
step 3010 loss 1.87976e-03 |g| 8.89e-02 NIS/dof 1.371e-01 applied 1.00 reseeds 1842
step 3020 loss 1.96853e-03 |g| 9.51e-02 NIS/dof 1.060e-01 applied 1.00 reseeds 1849
step 3030 loss 2.08158e-03 |g| 1.16e-01 NIS/dof 1.348e-01 applied 1.00 reseeds 1855
step 3040 loss 1.37216e-03 |g| 4.77e-02 NIS/dof 9.801e-02 applied 1.00 reseeds 1860
step 3050 loss 1.89230e-03 |g| 5.82e-02 NIS/dof 1.019e-01 applied 1.00 reseeds 1863
step 3060 loss 2.21011e-03 |g| 1.44e-01 NIS/dof 1.093e-01 applied 1.00 reseeds 1871
step 3070 loss 2.09181e-03 |g| 7.37e-02 NIS/dof 1.151e-01 applied 1.00 reseeds 1880
step 3080 loss 1.47703e-03 |g| 3.94e-02 NIS/dof 9.502e-02 applied 1.00 reseeds 1884
step 3090 loss 1.75988e-03 |g| 9.12e-02 NIS/dof 9.171e-02 applied 1.00 reseeds 1890
step 3100 loss 1.86583e-03 |g| 6.93e-02 NIS/dof 1.151e-01 applied 1.00 reseeds 1895
step 3110 loss 1.65685e-03 |g| 7.47e-02 NIS/dof 1.087e-01 applied 1.00 reseeds 1899
step 3120 loss 1.64860e-03 |g| 9.45e-02 NIS/dof 1.214e-01 applied 1.00 reseeds 1908
step 3130 loss 1.60283e-03 |g| 1.26e-01 NIS/dof 1.050e-01 applied 1.00 reseeds 1912
step 3140 loss 2.35505e-03 |g| 7.47e-02 NIS/dof 1.025e-01 applied 1.00 reseeds 1916
step 3150 loss 1.45516e-03 |g| 5.52e-02 NIS/dof 1.033e-01 applied 1.00 reseeds 1923
step 3160 loss 1.70766e-03 |g| 6.56e-02 NIS/dof 1.127e-01 applied 1.00 reseeds 1931
step 3170 loss 1.66171e-03 |g| 7.14e-02 NIS/dof 1.243e-01 applied 1.00 reseeds 1935
step 3180 loss 2.26622e-03 |g| 8.98e-02 NIS/dof 9.495e-02 applied 1.00 reseeds 1938
step 3190 loss 2.20083e-03 |g| 1.40e-01 NIS/dof 1.211e-01 applied 1.00 reseeds 1944
step 3200 loss 1.36887e-03 |g| 5.27e-02 NIS/dof 1.174e-01 applied 1.00 reseeds 1946
step 3210 loss 1.73519e-03 |g| 9.07e-02 NIS/dof 1.101e-01 applied 1.00 reseeds 1954
step 3220 loss 1.70110e-03 |g| 1.32e-01 NIS/dof 1.105e-01 applied 1.00 reseeds 1965
step 3230 loss 1.74146e-03 |g| 7.69e-02 NIS/dof 9.361e-02 applied 1.00 reseeds 1968
step 3240 loss 1.80545e-03 |g| 1.57e-01 NIS/dof 9.497e-02 applied 1.00 reseeds 1975
step 3250 loss 1.18683e-03 |g| 4.75e-02 NIS/dof 1.180e-01 applied 1.00 reseeds 1981
step 3260 loss 1.25024e-03 |g| 5.89e-02 NIS/dof 1.035e-01 applied 1.00 reseeds 1987
step 3270 loss 1.87823e-03 |g| 1.45e-01 NIS/dof 1.376e-01 applied 1.00 reseeds 1987
step 3280 loss 2.04493e-03 |g| 1.66e-01 NIS/dof 1.160e-01 applied 1.00 reseeds 1997
step 3290 loss 2.05793e-03 |g| 1.38e-01 NIS/dof 1.082e-01 applied 1.00 reseeds 2003
step 3300 loss 1.91675e-03 |g| 1.42e-01 NIS/dof 1.155e-01 applied 1.00 reseeds 2005
step 3310 loss 1.47083e-03 |g| 9.99e-02 NIS/dof 9.839e-02 applied 1.00 reseeds 2012
step 3320 loss 1.62377e-03 |g| 1.01e-01 NIS/dof 1.121e-01 applied 1.00 reseeds 2015
step 3330 loss 1.44606e-03 |g| 6.77e-02 NIS/dof 9.391e-02 applied 1.00 reseeds 2020
step 3340 loss 1.46656e-03 |g| 8.02e-02 NIS/dof 1.262e-01 applied 1.00 reseeds 2026
step 3350 loss 1.45239e-03 |g| 5.97e-02 NIS/dof 1.094e-01 applied 1.00 reseeds 2033
step 3360 loss 1.67999e-03 |g| 7.78e-02 NIS/dof 1.079e-01 applied 1.00 reseeds 2040
step 3370 loss 1.75318e-03 |g| 4.60e-02 NIS/dof 9.929e-02 applied 1.00 reseeds 2048
step 3380 loss 1.71809e-03 |g| 1.50e-01 NIS/dof 9.414e-02 applied 1.00 reseeds 2051
step 3390 loss 1.41328e-03 |g| 1.00e-01 NIS/dof 1.043e-01 applied 1.00 reseeds 2057
step 3400 loss 2.32600e-03 |g| 5.60e-02 NIS/dof 8.407e-02 applied 1.00 reseeds 2061
step 3410 loss 1.78266e-03 |g| 7.64e-02 NIS/dof 1.044e-01 applied 1.00 reseeds 2069
step 3420 loss 1.50800e-03 |g| 4.86e-02 NIS/dof 1.073e-01 applied 1.00 reseeds 2077
step 3430 loss 1.81836e-03 |g| 9.45e-02 NIS/dof 1.234e-01 applied 1.00 reseeds 2077
step 3440 loss 1.50844e-03 |g| 2.61e-01 NIS/dof 1.132e-01 applied 1.00 reseeds 2083
step 3450 loss 2.24452e-03 |g| 7.83e-02 NIS/dof 1.246e-01 applied 1.00 reseeds 2085
step 3460 loss 1.84391e-03 |g| 6.44e-02 NIS/dof 1.080e-01 applied 1.00 reseeds 2097
step 3470 loss 2.36447e-03 |g| 9.60e-02 NIS/dof 1.177e-01 applied 1.00 reseeds 2102
step 3480 loss 2.24605e-03 |g| 1.34e-01 NIS/dof 1.248e-01 applied 1.00 reseeds 2108
step 3490 loss 1.72337e-03 |g| 6.41e-02 NIS/dof 9.692e-02 applied 1.00 reseeds 2113
step 3500 loss 1.95271e-03 |g| 6.42e-02 NIS/dof 1.225e-01 applied 1.00 reseeds 2121
step 3510 loss 1.82087e-03 |g| 1.12e-01 NIS/dof 1.189e-01 applied 1.00 reseeds 2128
step 3520 loss 1.65084e-03 |g| 1.55e-01 NIS/dof 1.324e-01 applied 1.00 reseeds 2136
step 3530 loss 1.96779e-03 |g| 7.61e-02 NIS/dof 1.240e-01 applied 1.00 reseeds 2141
step 3540 loss 1.34094e-03 |g| 7.74e-02 NIS/dof 1.045e-01 applied 1.00 reseeds 2146
step 3550 loss 1.67178e-03 |g| 7.26e-02 NIS/dof 1.176e-01 applied 1.00 reseeds 2151
step 3560 loss 1.81964e-03 |g| 7.04e-02 NIS/dof 1.196e-01 applied 1.00 reseeds 2156
step 3570 loss 1.88059e-03 |g| 5.58e-02 NIS/dof 8.817e-02 applied 1.00 reseeds 2164
step 3580 loss 1.99114e-03 |g| 1.02e-01 NIS/dof 1.168e-01 applied 1.00 reseeds 2173
step 3590 loss 1.80251e-03 |g| 1.99e-01 NIS/dof 1.241e-01 applied 1.00 reseeds 2175
step 3600 loss 1.48275e-03 |g| 6.85e-02 NIS/dof 1.378e-01 applied 1.00 reseeds 2183
step 3610 loss 9.17627e-04 |g| 5.25e-02 NIS/dof 8.599e-02 applied 1.00 reseeds 2189
step 3620 loss 1.45354e-03 |g| 8.15e-02 NIS/dof 9.929e-02 applied 1.00 reseeds 2195
step 3630 loss 1.25576e-03 |g| 5.76e-02 NIS/dof 1.013e-01 applied 1.00 reseeds 2199
step 3640 loss 1.60871e-03 |g| 6.29e-02 NIS/dof 1.007e-01 applied 1.00 reseeds 2204
step 3650 loss 1.48666e-03 |g| 6.32e-02 NIS/dof 1.313e-01 applied 1.00 reseeds 2206
step 3660 loss 2.11380e-03 |g| 9.88e-02 NIS/dof 1.227e-01 applied 1.00 reseeds 2213
step 3670 loss 1.94477e-03 |g| 7.80e-02 NIS/dof 1.258e-01 applied 1.00 reseeds 2224
step 3680 loss 2.00519e-03 |g| 1.24e-01 NIS/dof 1.284e-01 applied 1.00 reseeds 2230
step 3690 loss 1.75924e-03 |g| 1.29e-01 NIS/dof 1.174e-01 applied 1.00 reseeds 2235
step 3700 loss 1.46123e-03 |g| 6.30e-02 NIS/dof 1.268e-01 applied 1.00 reseeds 2242
step 3710 loss 2.12161e-03 |g| 5.27e-02 NIS/dof 8.839e-02 applied 1.00 reseeds 2244
step 3720 loss 2.07740e-03 |g| 1.40e-01 NIS/dof 1.000e-01 applied 1.00 reseeds 2252
step 3730 loss 1.29297e-03 |g| 6.70e-02 NIS/dof 1.122e-01 applied 1.00 reseeds 2256
step 3740 loss 1.38203e-03 |g| 8.12e-02 NIS/dof 1.147e-01 applied 1.00 reseeds 2264
step 3750 loss 1.40640e-03 |g| 4.53e-02 NIS/dof 1.005e-01 applied 1.00 reseeds 2271
step 3760 loss 1.93718e-03 |g| 8.33e-02 NIS/dof 1.218e-01 applied 1.00 reseeds 2277
step 3770 loss 1.69008e-03 |g| 6.43e-02 NIS/dof 1.316e-01 applied 1.00 reseeds 2283
step 3780 loss 1.93000e-03 |g| 6.21e-02 NIS/dof 1.281e-01 applied 1.00 reseeds 2290
step 3790 loss 1.58920e-03 |g| 1.17e-01 NIS/dof 1.161e-01 applied 1.00 reseeds 2298
step 3800 loss 1.66473e-03 |g| 5.62e-02 NIS/dof 1.040e-01 applied 1.00 reseeds 2301
step 3810 loss 1.68158e-03 |g| 9.29e-02 NIS/dof 1.111e-01 applied 1.00 reseeds 2307
step 3820 loss 1.94376e-03 |g| 6.36e-02 NIS/dof 1.177e-01 applied 1.00 reseeds 2312
step 3830 loss 1.93921e-03 |g| 8.04e-02 NIS/dof 1.443e-01 applied 1.00 reseeds 2319
step 3840 loss 1.62393e-03 |g| 5.86e-02 NIS/dof 1.270e-01 applied 1.00 reseeds 2328
step 3850 loss 1.69458e-03 |g| 1.09e-01 NIS/dof 1.027e-01 applied 1.00 reseeds 2335
step 3860 loss 1.41372e-03 |g| 5.49e-02 NIS/dof 1.118e-01 applied 1.00 reseeds 2340
step 3870 loss 2.12434e-03 |g| 1.37e-01 NIS/dof 1.573e-01 applied 1.00 reseeds 2347
step 3880 loss 1.69994e-03 |g| 4.36e-02 NIS/dof 1.243e-01 applied 1.00 reseeds 2354
step 3890 loss 1.65908e-03 |g| 5.13e-02 NIS/dof 1.252e-01 applied 1.00 reseeds 2365
step 3900 loss 1.48640e-03 |g| 6.44e-02 NIS/dof 1.058e-01 applied 1.00 reseeds 2368
step 3910 loss 1.11164e-03 |g| 4.57e-02 NIS/dof 1.060e-01 applied 1.00 reseeds 2368
step 3920 loss 1.49269e-03 |g| 1.33e-01 NIS/dof 1.214e-01 applied 1.00 reseeds 2374
step 3930 loss 1.27263e-03 |g| 5.89e-02 NIS/dof 1.084e-01 applied 1.00 reseeds 2384
step 3940 loss 1.66632e-03 |g| 3.79e-02 NIS/dof 1.235e-01 applied 1.00 reseeds 2388
step 3950 loss 1.09295e-03 |g| 4.15e-02 NIS/dof 1.223e-01 applied 1.00 reseeds 2395
step 3960 loss 1.37028e-03 |g| 5.05e-02 NIS/dof 1.172e-01 applied 1.00 reseeds 2400
step 3970 loss 1.27456e-03 |g| 6.11e-02 NIS/dof 9.997e-02 applied 1.00 reseeds 2411
step 3980 loss 1.54376e-03 |g| 8.36e-02 NIS/dof 1.151e-01 applied 1.00 reseeds 2418
step 3990 loss 1.47243e-03 |g| 1.09e-01 NIS/dof 1.107e-01 applied 1.00 reseeds 2427
step 4000 loss 1.38350e-03 |g| 5.49e-02 NIS/dof 1.318e-01 applied 1.00 reseeds 2435
step 4010 loss 1.35218e-03 |g| 1.17e-01 NIS/dof 1.295e-01 applied 1.00 reseeds 2440
step 4020 loss 2.07876e-03 |g| 7.84e-02 NIS/dof 1.358e-01 applied 1.00 reseeds 2446
step 4030 loss 1.82769e-03 |g| 1.74e-01 NIS/dof 1.432e-01 applied 1.00 reseeds 2452
step 4040 loss 1.39240e-03 |g| 6.70e-02 NIS/dof 1.236e-01 applied 1.00 reseeds 2461
step 4050 loss 1.42443e-03 |g| 5.92e-02 NIS/dof 1.175e-01 applied 1.00 reseeds 2462
step 4060 loss 1.93614e-03 |g| 1.10e-01 NIS/dof 1.316e-01 applied 1.00 reseeds 2468
step 4070 loss 1.82412e-03 |g| 6.93e-02 NIS/dof 1.275e-01 applied 1.00 reseeds 2474
step 4080 loss 1.68632e-03 |g| 4.19e-02 NIS/dof 1.088e-01 applied 1.00 reseeds 2481
step 4090 loss 1.22780e-03 |g| 6.84e-02 NIS/dof 1.162e-01 applied 1.00 reseeds 2492
step 4100 loss 1.73463e-03 |g| 5.67e-02 NIS/dof 1.282e-01 applied 1.00 reseeds 2497
step 4110 loss 1.32610e-03 |g| 5.12e-02 NIS/dof 8.983e-02 applied 1.00 reseeds 2497
step 4120 loss 1.48839e-03 |g| 6.86e-02 NIS/dof 1.218e-01 applied 1.00 reseeds 2499
step 4130 loss 1.62851e-03 |g| 6.85e-02 NIS/dof 1.097e-01 applied 1.00 reseeds 2506
step 4140 loss 1.74971e-03 |g| 1.34e-01 NIS/dof 1.148e-01 applied 1.00 reseeds 2514
step 4150 loss 2.14037e-03 |g| 7.42e-02 NIS/dof 1.255e-01 applied 1.00 reseeds 2519
step 4160 loss 1.78715e-03 |g| 7.92e-02 NIS/dof 1.095e-01 applied 1.00 reseeds 2523
step 4170 loss 1.98375e-03 |g| 7.85e-02 NIS/dof 1.141e-01 applied 1.00 reseeds 2528
step 4180 loss 1.59282e-03 |g| 7.39e-02 NIS/dof 1.619e-01 applied 1.00 reseeds 2534
step 4190 loss 1.52299e-03 |g| 4.58e-02 NIS/dof 1.056e-01 applied 1.00 reseeds 2541
step 4200 loss 1.57621e-03 |g| 7.04e-02 NIS/dof 1.235e-01 applied 1.00 reseeds 2548
step 4210 loss 1.25287e-03 |g| 6.36e-02 NIS/dof 1.326e-01 applied 1.00 reseeds 2554
step 4220 loss 1.25991e-03 |g| 5.77e-02 NIS/dof 1.078e-01 applied 1.00 reseeds 2558
step 4230 loss 1.95386e-03 |g| 5.12e-02 NIS/dof 1.017e-01 applied 1.00 reseeds 2564
step 4240 loss 1.37973e-03 |g| 7.58e-02 NIS/dof 1.336e-01 applied 1.00 reseeds 2574
step 4250 loss 1.36165e-03 |g| 7.48e-02 NIS/dof 1.241e-01 applied 1.00 reseeds 2579
step 4260 loss 1.84856e-03 |g| 8.63e-02 NIS/dof 1.327e-01 applied 1.00 reseeds 2583
step 4270 loss 2.32709e-03 |g| 8.66e-02 NIS/dof 1.100e-01 applied 1.00 reseeds 2591
step 4280 loss 1.31980e-03 |g| 1.07e-01 NIS/dof 1.506e-01 applied 1.00 reseeds 2603
step 4290 loss 1.31588e-03 |g| 4.07e-02 NIS/dof 1.217e-01 applied 1.00 reseeds 2610
step 4300 loss 1.50940e-03 |g| 6.14e-02 NIS/dof 1.224e-01 applied 1.00 reseeds 2616
step 4310 loss 1.71837e-03 |g| 1.03e-01 NIS/dof 1.072e-01 applied 1.00 reseeds 2622
step 4320 loss 1.48372e-03 |g| 7.79e-02 NIS/dof 1.476e-01 applied 1.00 reseeds 2627
step 4330 loss 1.61228e-03 |g| 9.11e-02 NIS/dof 1.442e-01 applied 1.00 reseeds 2630
step 4340 loss 1.72105e-03 |g| 9.99e-02 NIS/dof 1.132e-01 applied 1.00 reseeds 2636
step 4350 loss 1.73226e-03 |g| 6.49e-02 NIS/dof 1.294e-01 applied 1.00 reseeds 2644
step 4360 loss 1.50791e-03 |g| 5.56e-02 NIS/dof 1.180e-01 applied 1.00 reseeds 2651
step 4370 loss 2.03113e-03 |g| 6.25e-02 NIS/dof 1.179e-01 applied 1.00 reseeds 2658
step 4380 loss 1.31978e-03 |g| 6.96e-02 NIS/dof 1.145e-01 applied 1.00 reseeds 2660
step 4390 loss 1.43859e-03 |g| 6.26e-02 NIS/dof 1.213e-01 applied 1.00 reseeds 2665
step 4400 loss 2.08364e-03 |g| 9.93e-02 NIS/dof 1.329e-01 applied 1.00 reseeds 2666
step 4410 loss 1.77212e-03 |g| 4.79e-02 NIS/dof 1.242e-01 applied 1.00 reseeds 2669
step 4420 loss 1.20886e-03 |g| 8.31e-02 NIS/dof 1.268e-01 applied 1.00 reseeds 2676
step 4430 loss 2.04571e-03 |g| 7.41e-02 NIS/dof 1.166e-01 applied 1.00 reseeds 2683
step 4440 loss 1.53072e-03 |g| 1.33e-01 NIS/dof 1.478e-01 applied 1.00 reseeds 2692
step 4450 loss 1.61689e-03 |g| 6.45e-02 NIS/dof 1.312e-01 applied 1.00 reseeds 2696
step 4460 loss 1.44411e-03 |g| 1.37e-01 NIS/dof 1.223e-01 applied 1.00 reseeds 2706
step 4470 loss 1.37592e-03 |g| 6.38e-02 NIS/dof 1.207e-01 applied 1.00 reseeds 2710
step 4480 loss 1.56288e-03 |g| 8.73e-02 NIS/dof 1.260e-01 applied 1.00 reseeds 2716
step 4490 loss 1.98333e-03 |g| 4.91e-02 NIS/dof 1.087e-01 applied 1.00 reseeds 2720
step 4500 loss 2.11707e-03 |g| 7.98e-02 NIS/dof 1.404e-01 applied 1.00 reseeds 2727
step 4510 loss 1.98426e-03 |g| 7.43e-02 NIS/dof 1.007e-01 applied 1.00 reseeds 2735
step 4520 loss 1.36469e-03 |g| 7.15e-02 NIS/dof 1.247e-01 applied 1.00 reseeds 2740
step 4530 loss 1.01601e-03 |g| 4.56e-02 NIS/dof 1.059e-01 applied 1.00 reseeds 2743
step 4540 loss 1.27216e-03 |g| 9.45e-02 NIS/dof 1.013e-01 applied 1.00 reseeds 2747
step 4550 loss 1.59745e-03 |g| 8.30e-02 NIS/dof 1.191e-01 applied 1.00 reseeds 2756
step 4560 loss 1.83819e-03 |g| 6.26e-02 NIS/dof 1.424e-01 applied 1.00 reseeds 2762
step 4570 loss 2.32774e-03 |g| 9.07e-02 NIS/dof 1.150e-01 applied 1.00 reseeds 2768
step 4580 loss 1.76034e-03 |g| 9.81e-02 NIS/dof 1.120e-01 applied 1.00 reseeds 2776
step 4590 loss 1.30955e-03 |g| 7.58e-02 NIS/dof 1.414e-01 applied 1.00 reseeds 2782
step 4600 loss 1.53786e-03 |g| 1.29e-01 NIS/dof 1.272e-01 applied 1.00 reseeds 2789
step 4610 loss 1.81367e-03 |g| 7.72e-02 NIS/dof 1.339e-01 applied 1.00 reseeds 2795
step 4620 loss 1.81134e-03 |g| 1.37e-01 NIS/dof 1.482e-01 applied 1.00 reseeds 2803
step 4630 loss 1.60473e-03 |g| 6.54e-02 NIS/dof 1.186e-01 applied 1.00 reseeds 2811
step 4640 loss 1.14400e-03 |g| 8.08e-02 NIS/dof 1.153e-01 applied 1.00 reseeds 2818
step 4650 loss 1.63750e-03 |g| 7.79e-02 NIS/dof 1.300e-01 applied 1.00 reseeds 2825
step 4660 loss 1.31585e-03 |g| 7.87e-02 NIS/dof 1.269e-01 applied 1.00 reseeds 2833
step 4670 loss 1.80057e-03 |g| 8.60e-02 NIS/dof 1.398e-01 applied 1.00 reseeds 2838
step 4680 loss 1.38895e-03 |g| 4.80e-02 NIS/dof 1.146e-01 applied 1.00 reseeds 2844
step 4690 loss 1.42372e-03 |g| 6.12e-02 NIS/dof 1.214e-01 applied 1.00 reseeds 2853
step 4700 loss 1.89228e-03 |g| 8.49e-02 NIS/dof 1.354e-01 applied 1.00 reseeds 2856
step 4710 loss 1.71168e-03 |g| 8.64e-02 NIS/dof 1.171e-01 applied 1.00 reseeds 2867
step 4720 loss 1.67181e-03 |g| 7.97e-02 NIS/dof 1.121e-01 applied 1.00 reseeds 2873
step 4730 loss 1.77903e-03 |g| 5.00e-02 NIS/dof 1.294e-01 applied 1.00 reseeds 2881
step 4740 loss 1.77935e-03 |g| 7.41e-02 NIS/dof 1.284e-01 applied 1.00 reseeds 2892
step 4750 loss 2.04127e-03 |g| 6.24e-02 NIS/dof 1.361e-01 applied 1.00 reseeds 2897
step 4760 loss 1.77976e-03 |g| 8.46e-02 NIS/dof 1.183e-01 applied 1.00 reseeds 2900
step 4770 loss 1.58120e-03 |g| 5.61e-02 NIS/dof 1.201e-01 applied 1.00 reseeds 2906
step 4780 loss 1.62592e-03 |g| 5.82e-02 NIS/dof 1.316e-01 applied 1.00 reseeds 2912
step 4790 loss 1.36225e-03 |g| 6.00e-02 NIS/dof 1.252e-01 applied 1.00 reseeds 2917
step 4800 loss 1.80573e-03 |g| 7.08e-02 NIS/dof 1.285e-01 applied 1.00 reseeds 2924
step 4810 loss 1.06880e-03 |g| 4.96e-02 NIS/dof 1.077e-01 applied 1.00 reseeds 2928
step 4820 loss 1.49963e-03 |g| 5.67e-02 NIS/dof 1.133e-01 applied 1.00 reseeds 2933
step 4830 loss 1.50711e-03 |g| 6.08e-02 NIS/dof 1.358e-01 applied 1.00 reseeds 2943
step 4840 loss 1.32839e-03 |g| 6.30e-02 NIS/dof 8.750e-02 applied 1.00 reseeds 2950
step 4850 loss 1.48850e-03 |g| 3.98e-02 NIS/dof 1.064e-01 applied 1.00 reseeds 2956
step 4860 loss 1.57309e-03 |g| 7.08e-02 NIS/dof 1.270e-01 applied 1.00 reseeds 2958
step 4870 loss 1.55908e-03 |g| 9.75e-02 NIS/dof 1.340e-01 applied 1.00 reseeds 2963
step 4880 loss 1.39154e-03 |g| 6.95e-02 NIS/dof 1.149e-01 applied 1.00 reseeds 2967
step 4890 loss 1.38678e-03 |g| 6.05e-02 NIS/dof 1.054e-01 applied 1.00 reseeds 2972
step 4900 loss 1.19656e-03 |g| 5.18e-02 NIS/dof 1.257e-01 applied 1.00 reseeds 2977
step 4910 loss 1.80860e-03 |g| 1.00e-01 NIS/dof 9.577e-02 applied 1.00 reseeds 2981
step 4920 loss 1.59377e-03 |g| 7.35e-02 NIS/dof 1.377e-01 applied 1.00 reseeds 2989
step 4930 loss 1.33246e-03 |g| 7.02e-02 NIS/dof 1.548e-01 applied 1.00 reseeds 2997
step 4940 loss 1.27735e-03 |g| 6.34e-02 NIS/dof 1.216e-01 applied 1.00 reseeds 3006
step 4950 loss 1.83116e-03 |g| 5.80e-02 NIS/dof 1.185e-01 applied 1.00 reseeds 3012
step 4960 loss 1.78259e-03 |g| 9.96e-02 NIS/dof 1.002e-01 applied 1.00 reseeds 3016
step 4970 loss 1.58068e-03 |g| 5.66e-02 NIS/dof 1.227e-01 applied 1.00 reseeds 3022
step 4980 loss 1.84828e-03 |g| 1.25e-01 NIS/dof 1.264e-01 applied 1.00 reseeds 3027
step 4990 loss 1.09631e-03 |g| 3.87e-02 NIS/dof 1.253e-01 applied 1.00 reseeds 3037
step 5000 loss 1.83681e-03 |g| 7.64e-02 NIS/dof 1.100e-01 applied 1.00 reseeds 3040
step 5010 loss 1.67661e-03 |g| 6.76e-02 NIS/dof 1.092e-01 applied 1.00 reseeds 3047
step 5020 loss 1.46306e-03 |g| 7.39e-02 NIS/dof 1.240e-01 applied 1.00 reseeds 3053
step 5030 loss 1.16469e-03 |g| 5.37e-02 NIS/dof 1.003e-01 applied 1.00 reseeds 3058
step 5040 loss 1.20368e-03 |g| 4.74e-02 NIS/dof 1.107e-01 applied 1.00 reseeds 3062
step 5050 loss 1.69178e-03 |g| 6.50e-02 NIS/dof 1.232e-01 applied 1.00 reseeds 3066
step 5060 loss 1.80363e-03 |g| 4.95e-02 NIS/dof 1.164e-01 applied 1.00 reseeds 3075
step 5070 loss 2.00304e-03 |g| 9.27e-02 NIS/dof 1.380e-01 applied 1.00 reseeds 3082
step 5080 loss 1.90183e-03 |g| 7.02e-02 NIS/dof 1.142e-01 applied 1.00 reseeds 3090
step 5090 loss 1.38056e-03 |g| 5.26e-02 NIS/dof 1.149e-01 applied 1.00 reseeds 3096
step 5100 loss 1.65422e-03 |g| 5.49e-02 NIS/dof 1.020e-01 applied 1.00 reseeds 3100
step 5110 loss 1.85908e-03 |g| 6.68e-02 NIS/dof 1.269e-01 applied 1.00 reseeds 3103
step 5120 loss 1.38531e-03 |g| 7.77e-02 NIS/dof 1.347e-01 applied 1.00 reseeds 3112
step 5130 loss 1.48646e-03 |g| 7.80e-02 NIS/dof 1.173e-01 applied 1.00 reseeds 3115
step 5140 loss 1.88177e-03 |g| 6.76e-02 NIS/dof 1.247e-01 applied 1.00 reseeds 3122
step 5150 loss 1.59900e-03 |g| 3.64e-02 NIS/dof 1.113e-01 applied 1.00 reseeds 3130
step 5160 loss 2.03609e-03 |g| 7.48e-02 NIS/dof 1.294e-01 applied 1.00 reseeds 3138
step 5170 loss 1.58837e-03 |g| 4.59e-02 NIS/dof 1.125e-01 applied 1.00 reseeds 3143
step 5180 loss 1.52163e-03 |g| 6.42e-02 NIS/dof 1.147e-01 applied 1.00 reseeds 3146
step 5190 loss 1.29340e-03 |g| 7.37e-02 NIS/dof 1.152e-01 applied 1.00 reseeds 3154
step 5200 loss 1.61715e-03 |g| 8.01e-02 NIS/dof 1.198e-01 applied 1.00 reseeds 3158
step 5210 loss 1.52945e-03 |g| 6.58e-02 NIS/dof 1.405e-01 applied 1.00 reseeds 3163
step 5220 loss 1.92623e-03 |g| 8.14e-02 NIS/dof 1.160e-01 applied 1.00 reseeds 3173
step 5230 loss 1.71033e-03 |g| 6.22e-02 NIS/dof 1.142e-01 applied 1.00 reseeds 3178
step 5240 loss 1.68593e-03 |g| 8.93e-02 NIS/dof 1.420e-01 applied 1.00 reseeds 3186
step 5250 loss 1.24033e-03 |g| 5.22e-02 NIS/dof 1.086e-01 applied 1.00 reseeds 3188
step 5260 loss 1.27163e-03 |g| 6.77e-02 NIS/dof 1.206e-01 applied 1.00 reseeds 3197
step 5270 loss 1.46922e-03 |g| 7.13e-02 NIS/dof 1.100e-01 applied 1.00 reseeds 3205
step 5280 loss 1.42449e-03 |g| 5.11e-02 NIS/dof 1.246e-01 applied 1.00 reseeds 3213
step 5290 loss 1.63204e-03 |g| 7.27e-02 NIS/dof 1.131e-01 applied 1.00 reseeds 3217
step 5300 loss 1.74191e-03 |g| 6.96e-02 NIS/dof 1.415e-01 applied 1.00 reseeds 3226
step 5310 loss 1.58297e-03 |g| 8.37e-02 NIS/dof 1.272e-01 applied 1.00 reseeds 3230
step 5320 loss 1.29753e-03 |g| 7.12e-02 NIS/dof 1.339e-01 applied 1.00 reseeds 3236
step 5330 loss 1.55108e-03 |g| 4.85e-02 NIS/dof 1.650e-01 applied 1.00 reseeds 3241
step 5340 loss 1.30287e-03 |g| 5.48e-02 NIS/dof 1.429e-01 applied 1.00 reseeds 3250
step 5350 loss 1.68843e-03 |g| 5.85e-02 NIS/dof 1.278e-01 applied 1.00 reseeds 3257
step 5360 loss 1.85336e-03 |g| 1.20e-01 NIS/dof 1.263e-01 applied 1.00 reseeds 3259
step 5370 loss 1.65049e-03 |g| 5.39e-02 NIS/dof 1.364e-01 applied 1.00 reseeds 3267
step 5380 loss 1.25485e-03 |g| 4.91e-02 NIS/dof 1.325e-01 applied 1.00 reseeds 3271
step 5390 loss 1.58325e-03 |g| 4.48e-02 NIS/dof 1.331e-01 applied 1.00 reseeds 3280
step 5400 loss 1.92647e-03 |g| 1.03e-01 NIS/dof 1.405e-01 applied 1.00 reseeds 3284
step 5410 loss 1.68351e-03 |g| 9.03e-02 NIS/dof 1.195e-01 applied 1.00 reseeds 3288
step 5420 loss 1.25347e-03 |g| 4.60e-02 NIS/dof 1.248e-01 applied 1.00 reseeds 3295
step 5430 loss 1.51382e-03 |g| 7.87e-02 NIS/dof 1.445e-01 applied 1.00 reseeds 3303
step 5440 loss 1.75490e-03 |g| 4.79e-02 NIS/dof 9.985e-02 applied 1.00 reseeds 3311
step 5450 loss 1.91640e-03 |g| 1.24e-01 NIS/dof 1.512e-01 applied 1.00 reseeds 3313
step 5460 loss 1.34299e-03 |g| 9.36e-02 NIS/dof 1.333e-01 applied 1.00 reseeds 3319
step 5470 loss 1.37234e-03 |g| 5.61e-02 NIS/dof 1.185e-01 applied 1.00 reseeds 3325
step 5480 loss 1.28199e-03 |g| 4.49e-02 NIS/dof 9.828e-02 applied 1.00 reseeds 3331
step 5490 loss 1.51693e-03 |g| 4.62e-02 NIS/dof 1.067e-01 applied 1.00 reseeds 3342
step 5500 loss 1.35613e-03 |g| 3.89e-02 NIS/dof 1.050e-01 applied 1.00 reseeds 3349
step 5510 loss 1.29481e-03 |g| 4.94e-02 NIS/dof 1.170e-01 applied 1.00 reseeds 3352
step 5520 loss 1.11111e-03 |g| 3.63e-02 NIS/dof 1.161e-01 applied 1.00 reseeds 3355
step 5530 loss 1.60900e-03 |g| 7.07e-02 NIS/dof 1.434e-01 applied 1.00 reseeds 3364
step 5540 loss 1.43945e-03 |g| 4.61e-02 NIS/dof 1.004e-01 applied 1.00 reseeds 3368
step 5550 loss 1.31741e-03 |g| 9.01e-02 NIS/dof 1.151e-01 applied 1.00 reseeds 3374
step 5560 loss 1.36862e-03 |g| 7.48e-02 NIS/dof 1.387e-01 applied 1.00 reseeds 3381
step 5570 loss 2.40162e-03 |g| 8.73e-02 NIS/dof 1.649e-01 applied 1.00 reseeds 3388
step 5580 loss 1.41262e-03 |g| 7.85e-02 NIS/dof 1.386e-01 applied 1.00 reseeds 3393
step 5590 loss 1.22147e-03 |g| 4.86e-02 NIS/dof 1.192e-01 applied 1.00 reseeds 3404
step 5600 loss 1.41622e-03 |g| 4.71e-02 NIS/dof 1.160e-01 applied 1.00 reseeds 3407
step 5610 loss 2.02204e-03 |g| 8.79e-02 NIS/dof 1.120e-01 applied 1.00 reseeds 3412
step 5620 loss 1.67238e-03 |g| 7.06e-02 NIS/dof 1.618e-01 applied 1.00 reseeds 3417
step 5630 loss 1.73245e-03 |g| 5.83e-02 NIS/dof 1.275e-01 applied 1.00 reseeds 3421
step 5640 loss 1.32966e-03 |g| 9.87e-02 NIS/dof 1.477e-01 applied 1.00 reseeds 3429
step 5650 loss 1.56338e-03 |g| 8.37e-02 NIS/dof 1.194e-01 applied 1.00 reseeds 3438
step 5660 loss 1.53025e-03 |g| 8.14e-02 NIS/dof 1.234e-01 applied 1.00 reseeds 3445
step 5670 loss 1.22259e-03 |g| 5.87e-02 NIS/dof 1.368e-01 applied 1.00 reseeds 3451
step 5680 loss 1.10708e-03 |g| 3.65e-02 NIS/dof 1.226e-01 applied 1.00 reseeds 3464
step 5690 loss 1.55384e-03 |g| 6.07e-02 NIS/dof 1.363e-01 applied 1.00 reseeds 3469
step 5700 loss 1.29891e-03 |g| 6.24e-02 NIS/dof 1.244e-01 applied 1.00 reseeds 3475
step 5710 loss 1.15100e-03 |g| 4.40e-02 NIS/dof 1.163e-01 applied 1.00 reseeds 3479
step 5720 loss 1.79338e-03 |g| 6.87e-02 NIS/dof 1.443e-01 applied 1.00 reseeds 3482
step 5730 loss 1.67860e-03 |g| 7.15e-02 NIS/dof 1.330e-01 applied 1.00 reseeds 3486
step 5740 loss 1.54815e-03 |g| 5.21e-02 NIS/dof 1.439e-01 applied 1.00 reseeds 3494
step 5750 loss 1.46460e-03 |g| 1.34e-01 NIS/dof 1.253e-01 applied 1.00 reseeds 3503
step 5760 loss 1.93486e-03 |g| 1.46e-01 NIS/dof 1.360e-01 applied 1.00 reseeds 3508
step 5770 loss 1.47579e-03 |g| 6.25e-02 NIS/dof 1.262e-01 applied 1.00 reseeds 3516
step 5780 loss 1.66495e-03 |g| 3.86e-02 NIS/dof 1.724e-01 applied 1.00 reseeds 3519
step 5790 loss 1.63896e-03 |g| 1.05e-01 NIS/dof 1.176e-01 applied 1.00 reseeds 3524
step 5800 loss 1.48981e-03 |g| 5.62e-02 NIS/dof 1.114e-01 applied 1.00 reseeds 3530
step 5810 loss 2.11617e-03 |g| 8.98e-02 NIS/dof 1.167e-01 applied 1.00 reseeds 3538
step 5820 loss 1.67664e-03 |g| 6.45e-02 NIS/dof 1.181e-01 applied 1.00 reseeds 3547
step 5830 loss 1.80224e-03 |g| 3.60e-02 NIS/dof 1.280e-01 applied 1.00 reseeds 3552
step 5840 loss 1.98678e-03 |g| 9.97e-02 NIS/dof 1.110e-01 applied 1.00 reseeds 3559
step 5850 loss 1.86914e-03 |g| 9.96e-02 NIS/dof 1.311e-01 applied 1.00 reseeds 3568
step 5860 loss 1.78923e-03 |g| 7.08e-02 NIS/dof 1.373e-01 applied 1.00 reseeds 3572
step 5870 loss 1.29782e-03 |g| 4.48e-02 NIS/dof 1.437e-01 applied 1.00 reseeds 3580
step 5880 loss 2.16496e-03 |g| 5.51e-02 NIS/dof 1.362e-01 applied 1.00 reseeds 3582
step 5890 loss 1.39562e-03 |g| 4.59e-02 NIS/dof 1.212e-01 applied 1.00 reseeds 3588
step 5900 loss 1.46264e-03 |g| 9.07e-02 NIS/dof 1.261e-01 applied 1.00 reseeds 3592
step 5910 loss 1.77532e-03 |g| 6.34e-02 NIS/dof 1.178e-01 applied 1.00 reseeds 3597
step 5920 loss 1.77892e-03 |g| 9.03e-02 NIS/dof 1.097e-01 applied 1.00 reseeds 3605
step 5930 loss 1.26837e-03 |g| 4.97e-02 NIS/dof 1.435e-01 applied 1.00 reseeds 3612
step 5940 loss 1.33455e-03 |g| 3.08e-02 NIS/dof 1.434e-01 applied 1.00 reseeds 3615
step 5950 loss 2.17269e-03 |g| 6.49e-02 NIS/dof 1.353e-01 applied 1.00 reseeds 3620
step 5960 loss 9.74677e-04 |g| 4.18e-02 NIS/dof 1.109e-01 applied 1.00 reseeds 3625
step 5970 loss 1.08290e-03 |g| 3.76e-02 NIS/dof 1.424e-01 applied 1.00 reseeds 3629
step 5980 loss 1.27112e-03 |g| 4.60e-02 NIS/dof 1.205e-01 applied 1.00 reseeds 3636
step 5990 loss 1.52781e-03 |g| 4.15e-02 NIS/dof 1.097e-01 applied 1.00 reseeds 3641
step 5999 loss 1.52542e-03 |g| 4.11e-02 NIS/dof 1.327e-01 applied 1.00 reseeds 3645
== validating on held-out ==
  flat/seed28: baseline={'vel_rmse': 0.05787318320905935, 'vel_nees': 3.5889887863366186, 'vel_nees_tangent': 4.667898794792067, 'vel_nees_x': 0.07818977033238572, 'vel_nees_y': 0.08705312798219444, 'vel_nees_z': 1.7422527597346016, 'nis_over_dof': 0.004873759797866317, 'applied': 0.9999999999999999}  learned={'vel_rmse': 0.04413619272802166, 'vel_nees': 2.173180178967566, 'vel_nees_tangent': 3.146507038403282, 'vel_nees_x': 0.05505010217809331, 'vel_nees_y': 0.05086777016042358, 'vel_nees_z': 1.3162409017561802, 'nis_over_dof': 0.11948633857697638, 'applied': 0.9999999999999999}
  hard_stepping/seed27: baseline={'vel_rmse': 0.06736223003605024, 'vel_nees': 3.9937546451751027, 'vel_nees_tangent': 5.676857622298503, 'vel_nees_x': 0.06049588891550296, 'vel_nees_y': 0.07462530450502061, 'vel_nees_z': 2.303087264145988, 'nis_over_dof': 0.008074505122329625, 'applied': 0.9999999999999999}  learned={'vel_rmse': 0.06036293029596049, 'vel_nees': 4.195947748306094, 'vel_nees_tangent': 5.657488067540066, 'vel_nees_x': 0.05108959869256796, 'vel_nees_y': 0.08795578814963079, 'vel_nees_z': 2.8676071810454253, 'nis_over_dof': 0.13713646331527726, 'applied': 0.9999999999999999}
  stepping_stones/seed22: baseline={'vel_rmse': 0.05882622470998164, 'vel_nees': 3.1569236957992355, 'vel_nees_tangent': 4.509250498452248, 'vel_nees_x': 0.08291286789684185, 'vel_nees_y': 0.05305739803127232, 'vel_nees_z': 1.7815395942311851, 'nis_over_dof': 0.005686336294145292, 'applied': 0.9999999999999999}  learned={'vel_rmse': 0.051222216365700846, 'vel_nees': 2.9842797844107136, 'vel_nees_tangent': 4.448793423644254, 'vel_nees_x': 0.07705615063928058, 'vel_nees_y': 0.06621086482427962, 'vel_nees_z': 2.104641463313359, 'nis_over_dof': 0.11911086388498095, 'applied': 0.9999999999999999}
  waves/seed25: baseline={'vel_rmse': 0.05887812101242093, 'vel_nees': 3.309183409158812, 'vel_nees_tangent': 4.696477446950371, 'vel_nees_x': 0.052548845303858116, 'vel_nees_y': 0.048839757209245285, 'vel_nees_z': 1.817690523848581, 'nis_over_dof': 0.004928821162655679, 'applied': 0.9999999999999999}  learned={'vel_rmse': 0.04369671726218676, 'vel_nees': 2.086020576506252, 'vel_nees_tangent': 2.8543689122873817, 'vel_nees_x': 0.026547905171815836, 'vel_nees_y': 0.026627712064159627, 'vel_nees_z': 1.3321535536443139, 'nis_over_dof': 0.11308301782719693, 'applied': 0.9999999999999999}
== summary ==
{
  "run": {
    "dir": "L256_A_l2vel_cmv1e-3",
    "started_at": "2026-08-10T01:23:02",
    "tag": null,
    "args": {
      "collect": false,
      "train_seeds": [
        0,
        1,
        2,
        3
      ],
      "val_seeds": [
        4,
        5,
        6,
        7
      ],
      "seconds": 45.0,
      "steps": 6000,
      "warmup_steps": 100,
      "time_budget_s": 86400.0,
      "tag": null,
      "out_dir": "results/zdrift/L256_A_l2vel_cmv1e-3",
      "contacts_per_foot": 4,
      "objective": "l2_velocity",
      "w_pos": null,
      "w_ori": null,
      "pose_weight_ratio": null,
      "L": 256,
      "remat": false,
      "contact_meas_var": 0.001,
      "pool": "n8fix"
    }
  },
  "n_train": 21,
  "n_val": 4,
  "steps_run": 6000,
  "final_reseeds": 3645,
  "floored": [],
  "cfg": {
    "F": 30,
    "d_in": 600,
    "H": 20,
    "window_span_s": 0.019,
    "L": 256,
    "B": 32,
    "objective": "l2_velocity",
    "remat": false,
    "contact_meas_var": 0.001,
    "w_pos": 0.0,
    "w_ori": 0.0,
    "pose_weight_ratio": 0.5,
    "episode_s": 43.0,
    "warm_in_s": 1.0,
    "peak_lr": 0.0001,
    "init_seed": 0,
    "batcher_seed": 0,
    "cmd_ranges": {
      "vx": [
        0.3,
        0.9
      ],
      "vy": [
        0.25,
        0.5
      ],
      "yaw": [
        0.3,
        1.5
      ]
    }
  },
  "wall_s": 7556.63144493103,
  "val": [
    {
      "mode": "flat/seed28",
      "rollout": "flat/seed28",
      "baseline": {
        "vel_rmse": 0.05787318320905935,
        "vel_nees": 3.5889887863366186,
        "vel_nees_tangent": 4.667898794792067,
        "vel_nees_x": 0.07818977033238572,
        "vel_nees_y": 0.08705312798219444,
        "vel_nees_z": 1.7422527597346016,
        "nis_over_dof": 0.004873759797866317,
        "applied": 0.9999999999999999
      },
      "learned": {
        "vel_rmse": 0.04413619272802166,
        "vel_nees": 2.173180178967566,
        "vel_nees_tangent": 3.146507038403282,
        "vel_nees_x": 0.05505010217809331,
        "vel_nees_y": 0.05086777016042358,
        "vel_nees_z": 1.3162409017561802,
        "nis_over_dof": 0.11948633857697638,
        "applied": 0.9999999999999999
      }
    },
    {
      "mode": "hard_stepping/seed27",
      "rollout": "hard_stepping/seed27",
      "baseline": {
        "vel_rmse": 0.06736223003605024,
        "vel_nees": 3.9937546451751027,
        "vel_nees_tangent": 5.676857622298503,
        "vel_nees_x": 0.06049588891550296,
        "vel_nees_y": 0.07462530450502061,
        "vel_nees_z": 2.303087264145988,
        "nis_over_dof": 0.008074505122329625,
        "applied": 0.9999999999999999
      },
      "learned": {
        "vel_rmse": 0.06036293029596049,
        "vel_nees": 4.195947748306094,
        "vel_nees_tangent": 5.657488067540066,
        "vel_nees_x": 0.05108959869256796,
        "vel_nees_y": 0.08795578814963079,
        "vel_nees_z": 2.8676071810454253,
        "nis_over_dof": 0.13713646331527726,
        "applied": 0.9999999999999999
      }
    },
    {
      "mode": "stepping_stones/seed22",
      "rollout": "stepping_stones/seed22",
      "baseline": {
        "vel_rmse": 0.05882622470998164,
        "vel_nees": 3.1569236957992355,
        "vel_nees_tangent": 4.509250498452248,
        "vel_nees_x": 0.08291286789684185,
        "vel_nees_y": 0.05305739803127232,
        "vel_nees_z": 1.7815395942311851,
        "nis_over_dof": 0.005686336294145292,
        "applied": 0.9999999999999999
      },
      "learned": {
        "vel_rmse": 0.051222216365700846,
        "vel_nees": 2.9842797844107136,
        "vel_nees_tangent": 4.448793423644254,
        "vel_nees_x": 0.07705615063928058,
        "vel_nees_y": 0.06621086482427962,
        "vel_nees_z": 2.104641463313359,
        "nis_over_dof": 0.11911086388498095,
        "applied": 0.9999999999999999
      }
    },
    {
      "mode": "waves/seed25",
      "rollout": "waves/seed25",
      "baseline": {
        "vel_rmse": 0.05887812101242093,
        "vel_nees": 3.309183409158812,
        "vel_nees_tangent": 4.696477446950371,
        "vel_nees_x": 0.052548845303858116,
        "vel_nees_y": 0.048839757209245285,
        "vel_nees_z": 1.817690523848581,
        "nis_over_dof": 0.004928821162655679,
        "applied": 0.9999999999999999
      },
      "learned": {
        "vel_rmse": 0.04369671726218676,
        "vel_nees": 2.086020576506252,
        "vel_nees_tangent": 2.8543689122873817,
        "vel_nees_x": 0.026547905171815836,
        "vel_nees_y": 0.026627712064159627,
        "vel_nees_z": 1.3321535536443139,
        "nis_over_dof": 0.11308301782719693,
        "applied": 0.9999999999999999
      }
    }
  ],
  "loss_first": 0.37628496480644347,
  "loss_last": 0.0015254152686961578
}
  plots -> /home/llibshutz/alex/invariant-estimation/results/zdrift/L256_A_l2vel_cmv1e-3/training.png, /home/llibshutz/alex/invariant-estimation/results/zdrift/L256_A_l2vel_cmv1e-3/validation.png
[2026-08-10 03:29:02] [stage4] retrain L256_A_l2vel: complete
[2026-08-10 03:29:02] [stage4] scoring everything trained so far at contact_meas_var=1e-3
Failed to import warp: No module named 'warp'
Failed to import mujoco_warp: No module named 'warp'
cells: ['L256_A_l2vel_cmv1e-3']
collector: 9 filtered joints, 8 IMUs, 8 contacts, 4 off-path joints, dt=0.001 (1000 Hz)  [built in 0.9s]
held-out: ['flat_n8fix_seed028.npz', 'hard_stepping_n8fix_seed027.npz', 'stepping_stones_n8fix_seed022.npz', 'waves_n8fix_seed025.npz']
  reused flat_n8fix_seed000_feat.npz (cache newer than rollout, channels match)
  reused flat_n8fix_seed004_feat.npz (cache newer than rollout, channels match)
  reused flat_n8fix_seed008_feat.npz (cache newer than rollout, channels match)
  reused flat_n8fix_seed012_feat.npz (cache newer than rollout, channels match)
  reused flat_n8fix_seed016_feat.npz (cache newer than rollout, channels match)
  reused flat_n8fix_seed020_feat.npz (cache newer than rollout, channels match)
  reused flat_n8fix_seed024_feat.npz (cache newer than rollout, channels match)
  reused hard_stepping_n8fix_seed003_feat.npz (cache newer than rollout, channels match)
  reused hard_stepping_n8fix_seed007_feat.npz (cache newer than rollout, channels match)
  reused hard_stepping_n8fix_seed011_feat.npz (cache newer than rollout, channels match)
  reused hard_stepping_n8fix_seed015_feat.npz (cache newer than rollout, channels match)
  reused hard_stepping_n8fix_seed019_feat.npz (cache newer than rollout, channels match)
  reused hard_stepping_n8fix_seed023_feat.npz (cache newer than rollout, channels match)
  reused stepping_stones_n8fix_seed006_feat.npz (cache newer than rollout, channels match)
  reused stepping_stones_n8fix_seed014_feat.npz (cache newer than rollout, channels match)
  reused stepping_stones_n8fix_seed018_feat.npz (cache newer than rollout, channels match)
  reused waves_n8fix_seed001_feat.npz (cache newer than rollout, channels match)
  reused waves_n8fix_seed005_feat.npz (cache newer than rollout, channels match)
  reused waves_n8fix_seed009_feat.npz (cache newer than rollout, channels match)
  reused waves_n8fix_seed017_feat.npz (cache newer than rollout, channels match)
  reused waves_n8fix_seed021_feat.npz (cache newer than rollout, channels match)
  reused flat_n8fix_seed028_feat.npz (cache newer than rollout, channels match)
  reused hard_stepping_n8fix_seed027_feat.npz (cache newer than rollout, channels match)
  reused stepping_stones_n8fix_seed022_feat.npz (cache newer than rollout, channels match)
  reused waves_n8fix_seed025_feat.npz (cache newer than rollout, channels match)
1 distinct normalization(s) across 1 cells
  P0 from flat/seed0 ticks [16019, 19019): diag(R)=[7.14802905e-05 7.28271671e-05 1.00028709e+00], diag(v)=[0.00098694 0.00100345 0.00021596], diag(p)=[0.12313766 0.12121895 0.1217686 ], diag(d)=[0.12313923 0.12122268 0.12177008 0.1231391  0.1212237  0.12176936
 0.123156   0.12124462 0.12177215 0.12315667 0.12124496 0.12177252
 0.12352416 0.12184401 0.12217279 0.1235117  0.1218735  0.12214136
 0.12380212 0.12203411 0.12188118 0.12313454 0.12120552 0.12177555], eig in [3.101e-07, 1.156e+00]
  L256_A_l2vel_cmv1e-3   drift_z -0.00328 m/s (analytic -0.00711)  rmse 0.0499

### Drift vs the metric the arms were selected on (28 s of held-out walking per rollout)

| cell | L | vel RMSE | |drift_z| [m/s] | analytic | ratio | final e_z | horiz % |
|---|---|---|---|---|---|---|---|
| L256_A_l2vel_cmv1e-3 | 256 | 0.0499 | 0.00328 | 0.00711 | 0.46x | -0.085 | 0.71 |

rank by |drift_z| : ['L256_A_l2vel_cmv1e-3']
rank by vel_rmse  : ['L256_A_l2vel_cmv1e-3']
[2026-08-10 03:33:28] [stage4] retrain L256_C_l2velori (l2_vel_ori) at L=256, contact_meas_var=1e-3
Failed to import warp: No module named 'warp'
Failed to import mujoco_warp: No module named 'warp'
== run directory: /home/llibshutz/alex/invariant-estimation/results/zdrift/L256_C_l2velori_cmv1e-3 ==
collector: 9 filtered joints, 8 IMUs, 8 contacts, 4 off-path joints, dt=0.001 (1000 Hz)  [built in 0.9s]
pool 'n8fix': 25 rollouts over {'flat': 8, 'hard_stepping': 7, 'stepping_stones': 4, 'waves': 6}
train rollouts: ['flat_n8fix_seed000.npz', 'flat_n8fix_seed004.npz', 'flat_n8fix_seed008.npz', 'flat_n8fix_seed012.npz', 'flat_n8fix_seed016.npz', 'flat_n8fix_seed020.npz', 'flat_n8fix_seed024.npz', 'hard_stepping_n8fix_seed003.npz', 'hard_stepping_n8fix_seed007.npz', 'hard_stepping_n8fix_seed011.npz', 'hard_stepping_n8fix_seed015.npz', 'hard_stepping_n8fix_seed019.npz', 'hard_stepping_n8fix_seed023.npz', 'stepping_stones_n8fix_seed006.npz', 'stepping_stones_n8fix_seed014.npz', 'stepping_stones_n8fix_seed018.npz', 'waves_n8fix_seed001.npz', 'waves_n8fix_seed005.npz', 'waves_n8fix_seed009.npz', 'waves_n8fix_seed017.npz', 'waves_n8fix_seed021.npz']
val rollouts:   ['flat_n8fix_seed028.npz', 'hard_stepping_n8fix_seed027.npz', 'stepping_stones_n8fix_seed022.npz', 'waves_n8fix_seed025.npz']
== building channel caches ==
  reused flat_n8fix_seed000_feat.npz (cache newer than rollout, channels match)
  reused flat_n8fix_seed004_feat.npz (cache newer than rollout, channels match)
  reused flat_n8fix_seed008_feat.npz (cache newer than rollout, channels match)
  reused flat_n8fix_seed012_feat.npz (cache newer than rollout, channels match)
  reused flat_n8fix_seed016_feat.npz (cache newer than rollout, channels match)
  reused flat_n8fix_seed020_feat.npz (cache newer than rollout, channels match)
  reused flat_n8fix_seed024_feat.npz (cache newer than rollout, channels match)
  reused hard_stepping_n8fix_seed003_feat.npz (cache newer than rollout, channels match)
  reused hard_stepping_n8fix_seed007_feat.npz (cache newer than rollout, channels match)
  reused hard_stepping_n8fix_seed011_feat.npz (cache newer than rollout, channels match)
  reused hard_stepping_n8fix_seed015_feat.npz (cache newer than rollout, channels match)
  reused hard_stepping_n8fix_seed019_feat.npz (cache newer than rollout, channels match)
  reused hard_stepping_n8fix_seed023_feat.npz (cache newer than rollout, channels match)
  reused stepping_stones_n8fix_seed006_feat.npz (cache newer than rollout, channels match)
  reused stepping_stones_n8fix_seed014_feat.npz (cache newer than rollout, channels match)
  reused stepping_stones_n8fix_seed018_feat.npz (cache newer than rollout, channels match)
  reused waves_n8fix_seed001_feat.npz (cache newer than rollout, channels match)
  reused waves_n8fix_seed005_feat.npz (cache newer than rollout, channels match)
  reused waves_n8fix_seed009_feat.npz (cache newer than rollout, channels match)
  reused waves_n8fix_seed017_feat.npz (cache newer than rollout, channels match)
  reused waves_n8fix_seed021_feat.npz (cache newer than rollout, channels match)
  reused flat_n8fix_seed028_feat.npz (cache newer than rollout, channels match)
  reused hard_stepping_n8fix_seed027_feat.npz (cache newer than rollout, channels match)
  reused stepping_stones_n8fix_seed022_feat.npz (cache newer than rollout, channels match)
  reused waves_n8fix_seed025_feat.npz (cache newer than rollout, channels match)
== fitting normalization (train, walking set) ==
  floored channels: []
  cfg: F=30 d_in=600 H=20 (window 19 ms, consecutive ticks) L=256 B=32 objective=l2_vel_ori episode_s=43.0
== preparing rollouts ==
  prepared flat/seed0: T=44000, starts=[16019, 43744] (27726 legal)
  prepared flat/seed4: T=44000, starts=[16019, 43744] (27726 legal)
  prepared flat/seed8: T=44000, starts=[16019, 43744] (27726 legal)
  prepared flat/seed12: T=44000, starts=[16019, 43744] (27726 legal)
  prepared flat/seed16: T=44000, starts=[16019, 43744] (27726 legal)
  prepared flat/seed20: T=44000, starts=[16019, 43744] (27726 legal)
  prepared flat/seed24: T=44000, starts=[16019, 43744] (27726 legal)
  prepared hard_stepping/seed3: T=44000, starts=[16019, 43744] (27726 legal)
  prepared hard_stepping/seed7: T=44000, starts=[16019, 43744] (27726 legal)
  prepared hard_stepping/seed11: T=44000, starts=[16019, 43744] (27726 legal)
  prepared hard_stepping/seed15: T=44000, starts=[16019, 43744] (27726 legal)
  prepared hard_stepping/seed19: T=44000, starts=[16019, 43744] (27726 legal)
  prepared hard_stepping/seed23: T=44000, starts=[16019, 43744] (27726 legal)
  prepared stepping_stones/seed6: T=44000, starts=[16019, 43744] (27726 legal)
  prepared stepping_stones/seed14: T=44000, starts=[16019, 43744] (27726 legal)
  prepared stepping_stones/seed18: T=44000, starts=[16019, 43744] (27726 legal)
  prepared waves/seed1: T=44000, starts=[16019, 43744] (27726 legal)
  prepared waves/seed5: T=44000, starts=[16019, 43744] (27726 legal)
  prepared waves/seed9: T=44000, starts=[16019, 43744] (27726 legal)
  prepared waves/seed17: T=44000, starts=[16019, 43744] (27726 legal)
  prepared waves/seed21: T=44000, starts=[16019, 43744] (27726 legal)
  prepared flat/seed28: T=44000, starts=[16019, 43744] (27726 legal)
  prepared hard_stepping/seed27: T=44000, starts=[16019, 43744] (27726 legal)
  prepared stepping_stones/seed22: T=44000, starts=[16019, 43744] (27726 legal)
  prepared waves/seed25: T=44000, starts=[16019, 43744] (27726 legal)
== re-flooring contact measurement noise: pool collected at 0, training at 0.001 (delta +0.001 on diag(sigma_q)) ==
== measuring P0 ==
  P0 from flat/seed0 ticks [16019, 19019): diag(R)=[7.14802905e-05 7.28271671e-05 1.00028709e+00], diag(v)=[0.00098694 0.00100345 0.00021596], diag(p)=[0.12313766 0.12121895 0.1217686 ], diag(d)=[0.12313923 0.12122268 0.12177008 0.1231391  0.1212237  0.12176936
 0.123156   0.12124462 0.12177215 0.12315667 0.12124496 0.12177252
 0.12352416 0.12184401 0.12217279 0.1235117  0.1218735  0.12214136
 0.12380212 0.12203411 0.12188118 0.12313454 0.12120552 0.12177555], eig in [3.101e-07, 1.156e+00]
== building network + batcher ==
  pose-weight measurement (warm batch, init net): L_vel=3.763e-01 L_pos=4.959e-02 L_ori=1.559e-02
  pose weights (frozen): w_pos=0.0000e+00 w_ori=1.2071e+01 (ratio=0.5, objective=l2_vel_ori)
== training ==
step    0 loss 5.64427e-01 |g| 1.37e+00 NIS/dof 6.208e+00 applied 1.00 reseeds 1
step   10 loss 2.07569e+00 |g| 1.05e+02 NIS/dof 1.034e+01 applied 1.00 reseeds 4
step   20 loss 1.86460e+00 |g| 4.94e+01 NIS/dof 8.344e+00 applied 1.00 reseeds 5
step   30 loss 1.16815e+00 |g| 1.02e+01 NIS/dof 5.301e+00 applied 1.00 reseeds 16
step   40 loss 1.46234e+00 |g| 5.58e+00 NIS/dof 6.542e+00 applied 1.00 reseeds 21
step   50 loss 1.55246e+00 |g| 7.58e+00 NIS/dof 7.546e+00 applied 1.00 reseeds 26
step   60 loss 1.26711e+00 |g| 7.89e+00 NIS/dof 6.149e+00 applied 1.00 reseeds 29
step   70 loss 1.15109e+00 |g| 3.88e+00 NIS/dof 5.985e+00 applied 1.00 reseeds 34
step   80 loss 1.28929e+00 |g| 5.90e+00 NIS/dof 6.498e+00 applied 1.00 reseeds 38
step   90 loss 1.13008e+00 |g| 3.71e+00 NIS/dof 5.982e+00 applied 1.00 reseeds 44
step  100 loss 8.97325e-01 |g| 3.73e+00 NIS/dof 5.438e+00 applied 1.00 reseeds 57
step  110 loss 1.02981e+00 |g| 6.96e+00 NIS/dof 5.287e+00 applied 1.00 reseeds 67
step  120 loss 1.00394e+00 |g| 1.65e+01 NIS/dof 5.283e+00 applied 1.00 reseeds 79
step  130 loss 1.02317e+00 |g| 6.09e+00 NIS/dof 5.293e+00 applied 1.00 reseeds 85
step  140 loss 9.33969e-01 |g| 3.31e+00 NIS/dof 4.897e+00 applied 1.00 reseeds 91
step  150 loss 1.34500e+00 |g| 1.47e+01 NIS/dof 7.236e+00 applied 1.00 reseeds 96
step  160 loss 1.08002e+00 |g| 6.20e+00 NIS/dof 6.009e+00 applied 1.00 reseeds 97
step  170 loss 9.82351e-01 |g| 7.11e+00 NIS/dof 6.283e+00 applied 1.00 reseeds 102
step  180 loss 1.23302e+00 |g| 1.50e+01 NIS/dof 6.315e+00 applied 1.00 reseeds 110
step  190 loss 1.29397e+00 |g| 2.68e+01 NIS/dof 6.982e+00 applied 1.00 reseeds 115
step  200 loss 1.07106e+00 |g| 8.75e+00 NIS/dof 6.659e+00 applied 1.00 reseeds 125
step  210 loss 1.16205e+00 |g| 9.28e+00 NIS/dof 8.048e+00 applied 1.00 reseeds 136
step  220 loss 1.09313e+00 |g| 7.06e+00 NIS/dof 6.611e+00 applied 1.00 reseeds 143
step  230 loss 1.05567e+00 |g| 1.13e+01 NIS/dof 6.322e+00 applied 1.00 reseeds 148
step  240 loss 9.59721e-01 |g| 8.90e+00 NIS/dof 5.729e+00 applied 1.00 reseeds 152
step  250 loss 9.43630e-01 |g| 7.07e+00 NIS/dof 5.807e+00 applied 1.00 reseeds 159
step  260 loss 1.18787e+00 |g| 1.41e+01 NIS/dof 6.314e+00 applied 1.00 reseeds 162
step  270 loss 8.81025e-01 |g| 1.08e+01 NIS/dof 5.872e+00 applied 1.00 reseeds 170
step  280 loss 9.49880e-01 |g| 6.90e+00 NIS/dof 5.414e+00 applied 1.00 reseeds 177
step  290 loss 7.97145e-01 |g| 2.13e+01 NIS/dof 5.217e+00 applied 1.00 reseeds 187
step  300 loss 9.45019e-01 |g| 2.09e+01 NIS/dof 5.927e+00 applied 1.00 reseeds 192
step  310 loss 9.90122e-01 |g| 2.05e+01 NIS/dof 5.921e+00 applied 1.00 reseeds 196
step  320 loss 6.63251e-01 |g| 1.46e+01 NIS/dof 5.066e+00 applied 1.00 reseeds 202
step  330 loss 4.79192e-01 |g| 1.43e+01 NIS/dof 3.772e+00 applied 1.00 reseeds 210
step  340 loss 2.60344e-01 |g| 8.34e+00 NIS/dof 2.635e+00 applied 1.00 reseeds 218
step  350 loss 1.42504e-01 |g| 5.00e+00 NIS/dof 1.559e+00 applied 1.00 reseeds 222
step  360 loss 1.07185e-01 |g| 2.83e+00 NIS/dof 1.362e+00 applied 1.00 reseeds 233
step  370 loss 8.50441e-02 |g| 2.29e+00 NIS/dof 1.119e+00 applied 1.00 reseeds 239
step  380 loss 7.10380e-02 |g| 3.42e+00 NIS/dof 1.065e+00 applied 1.00 reseeds 247
step  390 loss 4.77050e-02 |g| 6.80e+00 NIS/dof 9.301e-01 applied 1.00 reseeds 254
step  400 loss 3.26243e-02 |g| 1.81e+00 NIS/dof 7.097e-01 applied 1.00 reseeds 260
step  410 loss 1.86190e-02 |g| 7.86e-01 NIS/dof 6.256e-01 applied 1.00 reseeds 266
step  420 loss 2.40318e-02 |g| 1.23e+00 NIS/dof 6.292e-01 applied 1.00 reseeds 275
step  430 loss 1.94653e-02 |g| 2.36e+00 NIS/dof 6.490e-01 applied 1.00 reseeds 278
step  440 loss 1.55635e-02 |g| 8.27e-01 NIS/dof 4.345e-01 applied 1.00 reseeds 289
step  450 loss 1.85219e-02 |g| 5.36e-01 NIS/dof 4.438e-01 applied 1.00 reseeds 293
step  460 loss 1.54603e-02 |g| 4.92e-01 NIS/dof 4.368e-01 applied 1.00 reseeds 297
step  470 loss 1.96485e-02 |g| 1.67e+00 NIS/dof 4.102e-01 applied 1.00 reseeds 306
step  480 loss 1.11629e-02 |g| 4.51e-01 NIS/dof 3.386e-01 applied 1.00 reseeds 309
step  490 loss 1.17807e-02 |g| 6.21e-01 NIS/dof 3.347e-01 applied 1.00 reseeds 314
step  500 loss 1.15971e-02 |g| 4.72e-01 NIS/dof 2.684e-01 applied 1.00 reseeds 323
step  510 loss 1.02500e-02 |g| 5.22e-01 NIS/dof 2.305e-01 applied 1.00 reseeds 329
step  520 loss 9.44590e-03 |g| 3.26e-01 NIS/dof 2.790e-01 applied 1.00 reseeds 334
step  530 loss 8.67726e-03 |g| 3.68e-01 NIS/dof 2.320e-01 applied 1.00 reseeds 338
step  540 loss 1.02223e-02 |g| 2.51e-01 NIS/dof 2.413e-01 applied 1.00 reseeds 343
step  550 loss 6.44735e-03 |g| 2.26e-01 NIS/dof 1.971e-01 applied 1.00 reseeds 350
step  560 loss 8.92199e-03 |g| 3.54e-01 NIS/dof 2.633e-01 applied 1.00 reseeds 357
step  570 loss 9.53035e-03 |g| 2.01e-01 NIS/dof 2.389e-01 applied 1.00 reseeds 367
step  580 loss 6.76359e-03 |g| 2.04e-01 NIS/dof 2.019e-01 applied 1.00 reseeds 375
step  590 loss 4.66272e-03 |g| 1.32e-01 NIS/dof 1.751e-01 applied 1.00 reseeds 381
step  600 loss 6.07768e-03 |g| 1.96e-01 NIS/dof 1.628e-01 applied 1.00 reseeds 386
step  610 loss 6.69861e-03 |g| 1.19e-01 NIS/dof 1.704e-01 applied 1.00 reseeds 390
step  620 loss 6.13243e-03 |g| 2.38e-01 NIS/dof 1.720e-01 applied 1.00 reseeds 398
step  630 loss 5.89091e-03 |g| 2.40e-01 NIS/dof 1.596e-01 applied 1.00 reseeds 405
step  640 loss 9.19815e-03 |g| 1.76e-01 NIS/dof 1.725e-01 applied 1.00 reseeds 411
step  650 loss 5.81333e-03 |g| 1.14e-01 NIS/dof 1.589e-01 applied 1.00 reseeds 419
step  660 loss 8.12397e-03 |g| 2.55e-01 NIS/dof 1.518e-01 applied 1.00 reseeds 429
step  670 loss 5.05560e-03 |g| 2.04e-01 NIS/dof 1.379e-01 applied 1.00 reseeds 433
step  680 loss 7.04789e-03 |g| 2.62e-01 NIS/dof 1.575e-01 applied 1.00 reseeds 438
step  690 loss 5.25669e-03 |g| 2.15e-01 NIS/dof 1.282e-01 applied 1.00 reseeds 444
step  700 loss 4.67284e-03 |g| 1.07e-01 NIS/dof 1.286e-01 applied 1.00 reseeds 447
step  710 loss 4.20064e-03 |g| 7.85e-02 NIS/dof 9.721e-02 applied 1.00 reseeds 452
step  720 loss 4.17013e-03 |g| 7.45e-02 NIS/dof 1.073e-01 applied 1.00 reseeds 456
step  730 loss 7.24145e-03 |g| 2.87e-01 NIS/dof 1.207e-01 applied 1.00 reseeds 467
step  740 loss 4.81976e-03 |g| 1.09e-01 NIS/dof 1.246e-01 applied 1.00 reseeds 477
step  750 loss 4.93182e-03 |g| 1.97e-01 NIS/dof 1.377e-01 applied 1.00 reseeds 487
step  760 loss 8.50572e-03 |g| 8.98e-01 NIS/dof 1.406e-01 applied 1.00 reseeds 490
step  770 loss 4.91697e-03 |g| 2.50e-01 NIS/dof 1.118e-01 applied 1.00 reseeds 498
step  780 loss 3.78284e-03 |g| 7.89e-02 NIS/dof 1.047e-01 applied 1.00 reseeds 502
step  790 loss 6.13638e-03 |g| 1.38e-01 NIS/dof 1.106e-01 applied 1.00 reseeds 507
step  800 loss 4.89553e-03 |g| 2.52e-01 NIS/dof 1.151e-01 applied 1.00 reseeds 512
step  810 loss 3.46892e-03 |g| 1.63e-01 NIS/dof 9.706e-02 applied 1.00 reseeds 519
step  820 loss 4.30128e-03 |g| 8.55e-02 NIS/dof 1.104e-01 applied 1.00 reseeds 524
step  830 loss 4.44334e-03 |g| 9.09e-02 NIS/dof 1.063e-01 applied 1.00 reseeds 530
step  840 loss 5.25612e-03 |g| 1.45e-01 NIS/dof 9.695e-02 applied 1.00 reseeds 537
step  850 loss 5.36616e-03 |g| 2.35e-01 NIS/dof 1.059e-01 applied 1.00 reseeds 543
step  860 loss 4.04858e-03 |g| 1.27e-01 NIS/dof 1.117e-01 applied 1.00 reseeds 547
step  870 loss 3.94978e-03 |g| 1.89e-01 NIS/dof 1.078e-01 applied 1.00 reseeds 553
step  880 loss 3.56616e-03 |g| 1.12e-01 NIS/dof 9.965e-02 applied 1.00 reseeds 557
step  890 loss 4.18875e-03 |g| 8.55e-02 NIS/dof 9.640e-02 applied 1.00 reseeds 564
step  900 loss 4.58440e-03 |g| 1.19e-01 NIS/dof 8.382e-02 applied 1.00 reseeds 572
step  910 loss 4.34676e-03 |g| 1.12e-01 NIS/dof 8.641e-02 applied 1.00 reseeds 578
step  920 loss 3.72055e-03 |g| 1.14e-01 NIS/dof 8.612e-02 applied 1.00 reseeds 584
step  930 loss 4.49277e-03 |g| 9.82e-02 NIS/dof 1.035e-01 applied 1.00 reseeds 589
step  940 loss 4.76891e-03 |g| 8.81e-02 NIS/dof 8.910e-02 applied 1.00 reseeds 596
step  950 loss 3.85644e-03 |g| 7.36e-02 NIS/dof 9.764e-02 applied 1.00 reseeds 601
step  960 loss 3.28440e-03 |g| 8.26e-02 NIS/dof 7.884e-02 applied 1.00 reseeds 607
step  970 loss 3.81228e-03 |g| 1.51e-01 NIS/dof 7.261e-02 applied 1.00 reseeds 610
step  980 loss 3.32886e-03 |g| 9.14e-02 NIS/dof 7.987e-02 applied 1.00 reseeds 619
step  990 loss 4.65457e-03 |g| 1.44e-01 NIS/dof 8.883e-02 applied 1.00 reseeds 625
step 1000 loss 5.06232e-03 |g| 9.05e-02 NIS/dof 8.861e-02 applied 1.00 reseeds 632
step 1010 loss 3.83411e-03 |g| 1.13e-01 NIS/dof 8.244e-02 applied 1.00 reseeds 636
step 1020 loss 3.95157e-03 |g| 4.25e-02 NIS/dof 7.206e-02 applied 1.00 reseeds 641
step 1030 loss 2.70900e-03 |g| 8.88e-02 NIS/dof 7.820e-02 applied 1.00 reseeds 645
step 1040 loss 3.08839e-03 |g| 5.13e-02 NIS/dof 8.152e-02 applied 1.00 reseeds 650
step 1050 loss 3.46470e-03 |g| 6.57e-02 NIS/dof 7.658e-02 applied 1.00 reseeds 660
step 1060 loss 2.81135e-03 |g| 4.23e-02 NIS/dof 7.685e-02 applied 1.00 reseeds 664
step 1070 loss 3.62199e-03 |g| 8.51e-02 NIS/dof 8.006e-02 applied 1.00 reseeds 671
step 1080 loss 3.61972e-03 |g| 1.54e-01 NIS/dof 9.487e-02 applied 1.00 reseeds 680
step 1090 loss 3.04790e-03 |g| 7.38e-02 NIS/dof 7.621e-02 applied 1.00 reseeds 683
step 1100 loss 3.01574e-03 |g| 4.93e-02 NIS/dof 7.659e-02 applied 1.00 reseeds 693
step 1110 loss 3.40393e-03 |g| 7.50e-02 NIS/dof 7.953e-02 applied 1.00 reseeds 700
step 1120 loss 4.22412e-03 |g| 1.62e-01 NIS/dof 9.739e-02 applied 1.00 reseeds 708
step 1130 loss 3.71531e-03 |g| 8.80e-02 NIS/dof 8.089e-02 applied 1.00 reseeds 713
step 1140 loss 3.07374e-03 |g| 6.11e-02 NIS/dof 7.356e-02 applied 1.00 reseeds 721
step 1150 loss 3.32682e-03 |g| 1.01e-01 NIS/dof 8.029e-02 applied 1.00 reseeds 729
step 1160 loss 3.33437e-03 |g| 1.04e-01 NIS/dof 6.541e-02 applied 1.00 reseeds 734
step 1170 loss 3.26030e-03 |g| 8.88e-02 NIS/dof 6.869e-02 applied 1.00 reseeds 740
step 1180 loss 3.75839e-03 |g| 1.32e-01 NIS/dof 8.443e-02 applied 1.00 reseeds 745
step 1190 loss 2.55664e-03 |g| 9.72e-02 NIS/dof 6.517e-02 applied 1.00 reseeds 751
step 1200 loss 3.93952e-03 |g| 1.07e-01 NIS/dof 8.379e-02 applied 1.00 reseeds 754
step 1210 loss 3.47238e-03 |g| 7.97e-02 NIS/dof 6.062e-02 applied 1.00 reseeds 760
step 1220 loss 3.79880e-03 |g| 4.84e-02 NIS/dof 7.232e-02 applied 1.00 reseeds 765
step 1230 loss 3.61744e-03 |g| 1.70e-01 NIS/dof 7.976e-02 applied 1.00 reseeds 770
step 1240 loss 3.28168e-03 |g| 1.55e-01 NIS/dof 7.122e-02 applied 1.00 reseeds 777
step 1250 loss 3.28793e-03 |g| 8.32e-02 NIS/dof 8.612e-02 applied 1.00 reseeds 785
step 1260 loss 4.44217e-03 |g| 1.50e-01 NIS/dof 8.303e-02 applied 1.00 reseeds 793
step 1270 loss 4.16988e-03 |g| 1.01e-01 NIS/dof 6.900e-02 applied 1.00 reseeds 796
step 1280 loss 3.23532e-03 |g| 1.03e-01 NIS/dof 6.001e-02 applied 1.00 reseeds 803
step 1290 loss 2.64118e-03 |g| 2.87e-02 NIS/dof 6.002e-02 applied 1.00 reseeds 806
step 1300 loss 3.35249e-03 |g| 7.78e-02 NIS/dof 6.472e-02 applied 1.00 reseeds 813
step 1310 loss 2.83185e-03 |g| 8.76e-02 NIS/dof 5.782e-02 applied 1.00 reseeds 821
step 1320 loss 2.85697e-03 |g| 1.04e-01 NIS/dof 7.738e-02 applied 1.00 reseeds 826
step 1330 loss 3.51930e-03 |g| 8.56e-02 NIS/dof 6.412e-02 applied 1.00 reseeds 832
step 1340 loss 2.87333e-03 |g| 4.87e-02 NIS/dof 8.498e-02 applied 1.00 reseeds 841
step 1350 loss 3.03203e-03 |g| 6.71e-02 NIS/dof 8.995e-02 applied 1.00 reseeds 845
step 1360 loss 4.10179e-03 |g| 8.71e-02 NIS/dof 7.037e-02 applied 1.00 reseeds 854
step 1370 loss 3.65239e-03 |g| 1.20e-01 NIS/dof 8.244e-02 applied 1.00 reseeds 861
step 1380 loss 3.25485e-03 |g| 7.58e-02 NIS/dof 7.243e-02 applied 1.00 reseeds 869
step 1390 loss 3.76211e-03 |g| 5.40e-02 NIS/dof 6.292e-02 applied 1.00 reseeds 876
step 1400 loss 4.16582e-03 |g| 1.76e-01 NIS/dof 8.622e-02 applied 1.00 reseeds 882
step 1410 loss 3.11269e-03 |g| 9.14e-02 NIS/dof 6.326e-02 applied 1.00 reseeds 888
step 1420 loss 3.25862e-03 |g| 9.22e-02 NIS/dof 6.610e-02 applied 1.00 reseeds 893
step 1430 loss 4.14852e-03 |g| 1.65e-01 NIS/dof 7.135e-02 applied 1.00 reseeds 896
step 1440 loss 3.05279e-03 |g| 1.40e-01 NIS/dof 7.505e-02 applied 1.00 reseeds 903
step 1450 loss 2.71068e-03 |g| 9.65e-02 NIS/dof 5.649e-02 applied 1.00 reseeds 912
step 1460 loss 2.43458e-03 |g| 3.13e-02 NIS/dof 5.426e-02 applied 1.00 reseeds 918
step 1470 loss 2.81070e-03 |g| 6.47e-02 NIS/dof 7.481e-02 applied 1.00 reseeds 921
step 1480 loss 2.79773e-03 |g| 6.24e-02 NIS/dof 6.657e-02 applied 1.00 reseeds 930
step 1490 loss 3.55545e-03 |g| 4.65e-02 NIS/dof 5.868e-02 applied 1.00 reseeds 936
step 1500 loss 3.49918e-03 |g| 8.36e-02 NIS/dof 5.742e-02 applied 1.00 reseeds 946
step 1510 loss 2.75207e-03 |g| 4.46e-02 NIS/dof 5.831e-02 applied 1.00 reseeds 951
step 1520 loss 2.44497e-03 |g| 4.04e-02 NIS/dof 6.800e-02 applied 1.00 reseeds 960
step 1530 loss 3.29197e-03 |g| 5.28e-02 NIS/dof 6.937e-02 applied 1.00 reseeds 962
step 1540 loss 3.24140e-03 |g| 1.01e-01 NIS/dof 7.221e-02 applied 1.00 reseeds 968
step 1550 loss 3.65648e-03 |g| 8.83e-02 NIS/dof 6.264e-02 applied 1.00 reseeds 976
step 1560 loss 3.38437e-03 |g| 7.17e-02 NIS/dof 6.957e-02 applied 1.00 reseeds 979
step 1570 loss 2.75891e-03 |g| 6.33e-02 NIS/dof 6.306e-02 applied 1.00 reseeds 984
step 1580 loss 3.38367e-03 |g| 8.97e-02 NIS/dof 6.455e-02 applied 1.00 reseeds 989
step 1590 loss 3.10162e-03 |g| 6.38e-02 NIS/dof 5.931e-02 applied 1.00 reseeds 992
step 1600 loss 2.63259e-03 |g| 5.40e-02 NIS/dof 7.011e-02 applied 1.00 reseeds 998
step 1610 loss 2.97975e-03 |g| 5.81e-02 NIS/dof 6.489e-02 applied 1.00 reseeds 1001
step 1620 loss 3.11531e-03 |g| 8.85e-02 NIS/dof 5.406e-02 applied 1.00 reseeds 1010
step 1630 loss 2.47037e-03 |g| 8.72e-02 NIS/dof 7.521e-02 applied 1.00 reseeds 1015
step 1640 loss 3.42155e-03 |g| 9.27e-02 NIS/dof 6.446e-02 applied 1.00 reseeds 1024
step 1650 loss 3.11871e-03 |g| 5.65e-02 NIS/dof 7.748e-02 applied 1.00 reseeds 1030
step 1660 loss 2.81036e-03 |g| 4.47e-02 NIS/dof 7.289e-02 applied 1.00 reseeds 1040
step 1670 loss 2.62576e-03 |g| 9.31e-02 NIS/dof 5.552e-02 applied 1.00 reseeds 1045
step 1680 loss 2.52467e-03 |g| 7.92e-02 NIS/dof 6.735e-02 applied 1.00 reseeds 1050
step 1690 loss 3.01757e-03 |g| 1.06e-01 NIS/dof 6.987e-02 applied 1.00 reseeds 1052
step 1700 loss 3.01936e-03 |g| 8.06e-02 NIS/dof 6.499e-02 applied 1.00 reseeds 1064
step 1710 loss 2.92138e-03 |g| 8.90e-02 NIS/dof 6.755e-02 applied 1.00 reseeds 1065
step 1720 loss 2.76377e-03 |g| 5.95e-02 NIS/dof 5.992e-02 applied 1.00 reseeds 1070
step 1730 loss 2.75649e-03 |g| 5.50e-02 NIS/dof 7.173e-02 applied 1.00 reseeds 1076
step 1740 loss 2.06069e-03 |g| 5.35e-02 NIS/dof 5.220e-02 applied 1.00 reseeds 1084
step 1750 loss 2.90817e-03 |g| 6.26e-02 NIS/dof 6.645e-02 applied 1.00 reseeds 1088
step 1760 loss 2.86078e-03 |g| 5.91e-02 NIS/dof 7.263e-02 applied 1.00 reseeds 1095
step 1770 loss 2.33803e-03 |g| 6.29e-02 NIS/dof 5.861e-02 applied 1.00 reseeds 1101
step 1780 loss 2.70892e-03 |g| 5.75e-02 NIS/dof 5.053e-02 applied 1.00 reseeds 1109
step 1790 loss 2.73233e-03 |g| 7.40e-02 NIS/dof 5.671e-02 applied 1.00 reseeds 1114
step 1800 loss 2.59666e-03 |g| 7.08e-02 NIS/dof 4.794e-02 applied 1.00 reseeds 1124
step 1810 loss 2.53636e-03 |g| 5.70e-02 NIS/dof 5.724e-02 applied 1.00 reseeds 1129
step 1820 loss 2.89411e-03 |g| 8.54e-02 NIS/dof 6.230e-02 applied 1.00 reseeds 1136
step 1830 loss 2.31110e-03 |g| 6.99e-02 NIS/dof 6.249e-02 applied 1.00 reseeds 1144
step 1840 loss 2.91540e-03 |g| 1.03e-01 NIS/dof 5.888e-02 applied 1.00 reseeds 1149
step 1850 loss 2.37057e-03 |g| 4.51e-02 NIS/dof 4.923e-02 applied 1.00 reseeds 1154
step 1860 loss 3.39933e-03 |g| 5.99e-02 NIS/dof 1.042e-01 applied 1.00 reseeds 1159
step 1870 loss 2.93956e-03 |g| 8.39e-02 NIS/dof 6.438e-02 applied 1.00 reseeds 1165
step 1880 loss 2.37181e-03 |g| 5.00e-02 NIS/dof 6.971e-02 applied 1.00 reseeds 1172
step 1890 loss 2.52617e-03 |g| 8.23e-02 NIS/dof 5.443e-02 applied 1.00 reseeds 1177
step 1900 loss 2.54087e-03 |g| 4.02e-02 NIS/dof 6.625e-02 applied 1.00 reseeds 1182
step 1910 loss 2.31062e-03 |g| 4.16e-02 NIS/dof 5.779e-02 applied 1.00 reseeds 1184
step 1920 loss 2.63611e-03 |g| 4.66e-02 NIS/dof 5.310e-02 applied 1.00 reseeds 1194
step 1930 loss 2.60657e-03 |g| 5.89e-02 NIS/dof 6.449e-02 applied 1.00 reseeds 1202
step 1940 loss 2.48543e-03 |g| 4.12e-02 NIS/dof 4.693e-02 applied 1.00 reseeds 1206
step 1950 loss 2.86438e-03 |g| 4.41e-02 NIS/dof 6.776e-02 applied 1.00 reseeds 1209
step 1960 loss 3.06187e-03 |g| 8.66e-02 NIS/dof 6.660e-02 applied 1.00 reseeds 1217
step 1970 loss 3.10770e-03 |g| 7.51e-02 NIS/dof 6.888e-02 applied 1.00 reseeds 1224
step 1980 loss 2.65733e-03 |g| 7.19e-02 NIS/dof 5.847e-02 applied 1.00 reseeds 1230
step 1990 loss 2.25371e-03 |g| 6.82e-02 NIS/dof 5.633e-02 applied 1.00 reseeds 1233
step 2000 loss 2.06922e-03 |g| 4.95e-02 NIS/dof 4.818e-02 applied 1.00 reseeds 1240
step 2010 loss 2.78326e-03 |g| 5.60e-02 NIS/dof 5.248e-02 applied 1.00 reseeds 1244
step 2020 loss 2.33530e-03 |g| 4.06e-02 NIS/dof 4.869e-02 applied 1.00 reseeds 1251
step 2030 loss 2.83802e-03 |g| 1.11e-01 NIS/dof 6.021e-02 applied 1.00 reseeds 1260
step 2040 loss 2.04309e-03 |g| 6.43e-02 NIS/dof 5.602e-02 applied 1.00 reseeds 1267
step 2050 loss 2.41976e-03 |g| 6.91e-02 NIS/dof 5.637e-02 applied 1.00 reseeds 1274
step 2060 loss 2.30125e-03 |g| 6.30e-02 NIS/dof 5.527e-02 applied 1.00 reseeds 1276
step 2070 loss 2.44594e-03 |g| 3.28e-02 NIS/dof 6.411e-02 applied 1.00 reseeds 1279
step 2080 loss 2.65395e-03 |g| 7.85e-02 NIS/dof 6.058e-02 applied 1.00 reseeds 1285
step 2090 loss 3.41544e-03 |g| 9.02e-02 NIS/dof 7.060e-02 applied 1.00 reseeds 1290
step 2100 loss 2.44572e-03 |g| 6.22e-02 NIS/dof 5.974e-02 applied 1.00 reseeds 1295
step 2110 loss 3.56330e-03 |g| 1.41e-01 NIS/dof 5.707e-02 applied 1.00 reseeds 1300
step 2120 loss 2.93910e-03 |g| 7.75e-02 NIS/dof 6.774e-02 applied 1.00 reseeds 1304
step 2130 loss 2.63400e-03 |g| 7.82e-02 NIS/dof 8.399e-02 applied 1.00 reseeds 1308
step 2140 loss 2.61353e-03 |g| 5.98e-02 NIS/dof 5.261e-02 applied 1.00 reseeds 1312
step 2150 loss 2.96355e-03 |g| 7.82e-02 NIS/dof 6.455e-02 applied 1.00 reseeds 1320
step 2160 loss 2.52645e-03 |g| 3.49e-02 NIS/dof 5.319e-02 applied 1.00 reseeds 1328
step 2170 loss 2.63492e-03 |g| 4.67e-02 NIS/dof 6.730e-02 applied 1.00 reseeds 1334
step 2180 loss 2.22902e-03 |g| 3.97e-02 NIS/dof 5.557e-02 applied 1.00 reseeds 1345
step 2190 loss 3.28260e-03 |g| 7.88e-02 NIS/dof 6.027e-02 applied 1.00 reseeds 1353
step 2200 loss 2.34994e-03 |g| 7.36e-02 NIS/dof 5.277e-02 applied 1.00 reseeds 1356
step 2210 loss 2.68849e-03 |g| 7.72e-02 NIS/dof 6.336e-02 applied 1.00 reseeds 1367
step 2220 loss 2.93471e-03 |g| 7.65e-02 NIS/dof 8.983e-02 applied 1.00 reseeds 1377
step 2230 loss 2.80620e-03 |g| 9.31e-02 NIS/dof 7.584e-02 applied 1.00 reseeds 1386
step 2240 loss 2.82803e-03 |g| 7.75e-02 NIS/dof 5.757e-02 applied 1.00 reseeds 1393
step 2250 loss 2.30451e-03 |g| 9.70e-02 NIS/dof 7.444e-02 applied 1.00 reseeds 1396
step 2260 loss 2.68061e-03 |g| 1.21e-01 NIS/dof 5.923e-02 applied 1.00 reseeds 1406
step 2270 loss 2.15516e-03 |g| 4.75e-02 NIS/dof 5.641e-02 applied 1.00 reseeds 1412
step 2280 loss 2.14942e-03 |g| 6.77e-02 NIS/dof 4.965e-02 applied 1.00 reseeds 1413
step 2290 loss 3.08309e-03 |g| 7.37e-02 NIS/dof 6.685e-02 applied 1.00 reseeds 1417
step 2300 loss 2.63404e-03 |g| 7.72e-02 NIS/dof 6.746e-02 applied 1.00 reseeds 1426
step 2310 loss 2.67649e-03 |g| 9.04e-02 NIS/dof 6.252e-02 applied 1.00 reseeds 1428
step 2320 loss 2.26708e-03 |g| 9.37e-02 NIS/dof 7.184e-02 applied 1.00 reseeds 1435
step 2330 loss 3.22314e-03 |g| 7.71e-02 NIS/dof 5.409e-02 applied 1.00 reseeds 1442
step 2340 loss 2.16296e-03 |g| 5.45e-02 NIS/dof 5.051e-02 applied 1.00 reseeds 1448
step 2350 loss 2.36936e-03 |g| 5.05e-02 NIS/dof 6.227e-02 applied 1.00 reseeds 1454
step 2360 loss 2.43152e-03 |g| 5.82e-02 NIS/dof 6.269e-02 applied 1.00 reseeds 1460
step 2370 loss 2.13651e-03 |g| 3.07e-02 NIS/dof 5.996e-02 applied 1.00 reseeds 1466
step 2380 loss 2.37451e-03 |g| 3.13e-02 NIS/dof 5.951e-02 applied 1.00 reseeds 1480
step 2390 loss 2.08934e-03 |g| 3.21e-02 NIS/dof 6.037e-02 applied 1.00 reseeds 1484
step 2400 loss 3.61969e-03 |g| 9.80e-02 NIS/dof 6.796e-02 applied 1.00 reseeds 1485
step 2410 loss 2.60381e-03 |g| 4.15e-02 NIS/dof 7.217e-02 applied 1.00 reseeds 1492
step 2420 loss 3.21546e-03 |g| 1.07e-01 NIS/dof 6.782e-02 applied 1.00 reseeds 1500
step 2430 loss 2.52115e-03 |g| 4.19e-02 NIS/dof 5.544e-02 applied 1.00 reseeds 1507
step 2440 loss 2.02727e-03 |g| 5.43e-02 NIS/dof 5.717e-02 applied 1.00 reseeds 1513
step 2450 loss 1.97348e-03 |g| 3.92e-02 NIS/dof 5.826e-02 applied 1.00 reseeds 1514
step 2460 loss 1.94205e-03 |g| 4.94e-02 NIS/dof 5.699e-02 applied 1.00 reseeds 1519
step 2470 loss 2.72667e-03 |g| 4.66e-02 NIS/dof 5.488e-02 applied 1.00 reseeds 1527
step 2480 loss 2.68931e-03 |g| 5.97e-02 NIS/dof 5.934e-02 applied 1.00 reseeds 1536
step 2490 loss 2.35588e-03 |g| 6.46e-02 NIS/dof 6.959e-02 applied 1.00 reseeds 1540
step 2500 loss 2.28097e-03 |g| 6.67e-02 NIS/dof 5.468e-02 applied 1.00 reseeds 1544
step 2510 loss 2.75279e-03 |g| 8.47e-02 NIS/dof 6.756e-02 applied 1.00 reseeds 1552
step 2520 loss 2.90289e-03 |g| 9.41e-02 NIS/dof 5.509e-02 applied 1.00 reseeds 1558
step 2530 loss 2.60557e-03 |g| 3.64e-02 NIS/dof 5.687e-02 applied 1.00 reseeds 1567
step 2540 loss 2.81557e-03 |g| 1.44e-01 NIS/dof 5.293e-02 applied 1.00 reseeds 1573
step 2550 loss 3.18400e-03 |g| 9.95e-02 NIS/dof 7.702e-02 applied 1.00 reseeds 1581
step 2560 loss 2.81602e-03 |g| 6.71e-02 NIS/dof 5.880e-02 applied 1.00 reseeds 1587
step 2570 loss 2.09795e-03 |g| 5.74e-02 NIS/dof 6.666e-02 applied 1.00 reseeds 1590
step 2580 loss 2.97824e-03 |g| 5.20e-02 NIS/dof 5.909e-02 applied 1.00 reseeds 1596
step 2590 loss 2.33836e-03 |g| 3.75e-02 NIS/dof 6.118e-02 applied 1.00 reseeds 1603
step 2600 loss 2.62004e-03 |g| 8.53e-02 NIS/dof 6.518e-02 applied 1.00 reseeds 1608
step 2610 loss 2.22180e-03 |g| 2.62e-01 NIS/dof 5.732e-02 applied 1.00 reseeds 1612
step 2620 loss 2.58070e-03 |g| 8.32e-02 NIS/dof 5.612e-02 applied 1.00 reseeds 1617
step 2630 loss 1.97123e-03 |g| 4.20e-02 NIS/dof 5.296e-02 applied 1.00 reseeds 1624
step 2640 loss 2.78217e-03 |g| 4.36e-02 NIS/dof 6.372e-02 applied 1.00 reseeds 1632
step 2650 loss 2.35058e-03 |g| 7.92e-02 NIS/dof 6.525e-02 applied 1.00 reseeds 1639
step 2660 loss 2.11004e-03 |g| 3.49e-02 NIS/dof 6.292e-02 applied 1.00 reseeds 1646
step 2670 loss 2.22499e-03 |g| 6.16e-02 NIS/dof 6.425e-02 applied 1.00 reseeds 1651
step 2680 loss 2.49773e-03 |g| 6.33e-02 NIS/dof 6.038e-02 applied 1.00 reseeds 1656
step 2690 loss 2.72557e-03 |g| 9.33e-02 NIS/dof 6.572e-02 applied 1.00 reseeds 1661
step 2700 loss 2.82432e-03 |g| 9.55e-02 NIS/dof 8.660e-02 applied 1.00 reseeds 1667
step 2710 loss 2.06484e-03 |g| 4.52e-02 NIS/dof 5.357e-02 applied 1.00 reseeds 1673
step 2720 loss 1.93243e-03 |g| 2.42e-02 NIS/dof 4.928e-02 applied 1.00 reseeds 1677
step 2730 loss 2.26832e-03 |g| 7.55e-02 NIS/dof 5.697e-02 applied 1.00 reseeds 1684
step 2740 loss 2.60535e-03 |g| 4.54e-02 NIS/dof 6.835e-02 applied 1.00 reseeds 1692
step 2750 loss 2.95622e-03 |g| 8.02e-02 NIS/dof 5.940e-02 applied 1.00 reseeds 1702
step 2760 loss 2.27102e-03 |g| 5.73e-02 NIS/dof 4.854e-02 applied 1.00 reseeds 1709
step 2770 loss 1.93227e-03 |g| 3.44e-02 NIS/dof 4.911e-02 applied 1.00 reseeds 1714
step 2780 loss 1.78942e-03 |g| 6.53e-02 NIS/dof 4.918e-02 applied 1.00 reseeds 1718
step 2790 loss 1.96494e-03 |g| 4.15e-02 NIS/dof 6.199e-02 applied 1.00 reseeds 1721
step 2800 loss 2.57578e-03 |g| 5.98e-02 NIS/dof 6.186e-02 applied 1.00 reseeds 1728
step 2810 loss 2.41273e-03 |g| 5.90e-02 NIS/dof 6.052e-02 applied 1.00 reseeds 1733
step 2820 loss 2.02720e-03 |g| 3.52e-02 NIS/dof 6.230e-02 applied 1.00 reseeds 1746
step 2830 loss 1.91142e-03 |g| 4.31e-02 NIS/dof 6.739e-02 applied 1.00 reseeds 1750
step 2840 loss 2.61951e-03 |g| 4.56e-02 NIS/dof 5.496e-02 applied 1.00 reseeds 1757
step 2850 loss 2.47219e-03 |g| 4.85e-02 NIS/dof 5.792e-02 applied 1.00 reseeds 1763
step 2860 loss 2.68571e-03 |g| 8.46e-02 NIS/dof 6.469e-02 applied 1.00 reseeds 1764
step 2870 loss 1.89302e-03 |g| 4.39e-02 NIS/dof 5.225e-02 applied 1.00 reseeds 1767
step 2880 loss 2.69447e-03 |g| 3.85e-02 NIS/dof 5.394e-02 applied 1.00 reseeds 1774
step 2890 loss 2.13817e-03 |g| 2.94e-02 NIS/dof 5.676e-02 applied 1.00 reseeds 1778
step 2900 loss 2.04752e-03 |g| 1.13e-01 NIS/dof 5.636e-02 applied 1.00 reseeds 1784
step 2910 loss 2.17229e-03 |g| 4.99e-02 NIS/dof 5.793e-02 applied 1.00 reseeds 1791
step 2920 loss 2.46312e-03 |g| 4.46e-02 NIS/dof 7.182e-02 applied 1.00 reseeds 1795
step 2930 loss 2.02449e-03 |g| 3.92e-02 NIS/dof 5.541e-02 applied 1.00 reseeds 1800
step 2940 loss 2.70897e-03 |g| 6.22e-02 NIS/dof 4.893e-02 applied 1.00 reseeds 1806
step 2950 loss 2.08744e-03 |g| 3.68e-02 NIS/dof 5.216e-02 applied 1.00 reseeds 1812
step 2960 loss 1.71789e-03 |g| 6.71e-02 NIS/dof 5.351e-02 applied 1.00 reseeds 1815
step 2970 loss 2.43822e-03 |g| 4.90e-02 NIS/dof 6.298e-02 applied 1.00 reseeds 1818
step 2980 loss 2.11625e-03 |g| 5.12e-02 NIS/dof 7.856e-02 applied 1.00 reseeds 1827
step 2990 loss 2.46866e-03 |g| 2.88e-02 NIS/dof 5.437e-02 applied 1.00 reseeds 1832
step 3000 loss 2.26654e-03 |g| 7.96e-02 NIS/dof 5.977e-02 applied 1.00 reseeds 1838
step 3010 loss 2.44625e-03 |g| 4.51e-02 NIS/dof 6.478e-02 applied 1.00 reseeds 1842
step 3020 loss 2.65486e-03 |g| 2.84e-02 NIS/dof 5.866e-02 applied 1.00 reseeds 1849
step 3030 loss 2.46957e-03 |g| 4.63e-02 NIS/dof 6.517e-02 applied 1.00 reseeds 1855
step 3040 loss 1.73336e-03 |g| 7.09e-02 NIS/dof 5.457e-02 applied 1.00 reseeds 1860
step 3050 loss 2.30352e-03 |g| 4.29e-02 NIS/dof 6.038e-02 applied 1.00 reseeds 1863
step 3060 loss 2.76367e-03 |g| 1.25e-01 NIS/dof 6.256e-02 applied 1.00 reseeds 1871
step 3070 loss 2.61792e-03 |g| 8.56e-02 NIS/dof 6.497e-02 applied 1.00 reseeds 1880
step 3080 loss 1.78750e-03 |g| 2.79e-02 NIS/dof 4.277e-02 applied 1.00 reseeds 1884
step 3090 loss 2.07578e-03 |g| 8.32e-02 NIS/dof 5.087e-02 applied 1.00 reseeds 1890
step 3100 loss 2.43041e-03 |g| 9.57e-02 NIS/dof 6.319e-02 applied 1.00 reseeds 1895
step 3110 loss 2.29709e-03 |g| 5.14e-02 NIS/dof 6.224e-02 applied 1.00 reseeds 1899
step 3120 loss 2.00553e-03 |g| 5.70e-02 NIS/dof 6.116e-02 applied 1.00 reseeds 1908
step 3130 loss 2.17093e-03 |g| 4.93e-02 NIS/dof 5.367e-02 applied 1.00 reseeds 1912
step 3140 loss 2.88469e-03 |g| 6.84e-02 NIS/dof 5.945e-02 applied 1.00 reseeds 1916
step 3150 loss 1.90794e-03 |g| 4.41e-02 NIS/dof 5.624e-02 applied 1.00 reseeds 1923
step 3160 loss 2.35101e-03 |g| 4.06e-02 NIS/dof 5.837e-02 applied 1.00 reseeds 1931
step 3170 loss 2.21565e-03 |g| 7.68e-02 NIS/dof 6.022e-02 applied 1.00 reseeds 1935
step 3180 loss 2.82832e-03 |g| 9.82e-02 NIS/dof 5.877e-02 applied 1.00 reseeds 1938
step 3190 loss 2.82888e-03 |g| 5.78e-02 NIS/dof 6.758e-02 applied 1.00 reseeds 1944
step 3200 loss 1.91462e-03 |g| 4.11e-02 NIS/dof 5.697e-02 applied 1.00 reseeds 1946
step 3210 loss 2.20475e-03 |g| 6.42e-02 NIS/dof 5.886e-02 applied 1.00 reseeds 1954
step 3220 loss 2.10959e-03 |g| 6.91e-02 NIS/dof 5.748e-02 applied 1.00 reseeds 1965
step 3230 loss 2.26709e-03 |g| 3.63e-02 NIS/dof 5.665e-02 applied 1.00 reseeds 1968
step 3240 loss 2.16962e-03 |g| 7.00e-02 NIS/dof 5.336e-02 applied 1.00 reseeds 1975
step 3250 loss 1.69114e-03 |g| 4.99e-02 NIS/dof 6.136e-02 applied 1.00 reseeds 1981
step 3260 loss 1.57437e-03 |g| 3.79e-02 NIS/dof 5.758e-02 applied 1.00 reseeds 1987
step 3270 loss 2.55564e-03 |g| 1.40e-01 NIS/dof 7.485e-02 applied 1.00 reseeds 1987
step 3280 loss 2.67023e-03 |g| 1.45e-01 NIS/dof 6.463e-02 applied 1.00 reseeds 1997
step 3290 loss 2.74082e-03 |g| 1.35e-01 NIS/dof 5.076e-02 applied 1.00 reseeds 2003
step 3300 loss 2.30069e-03 |g| 5.37e-02 NIS/dof 6.703e-02 applied 1.00 reseeds 2005
step 3310 loss 1.84867e-03 |g| 2.99e-02 NIS/dof 5.399e-02 applied 1.00 reseeds 2012
step 3320 loss 2.09070e-03 |g| 5.69e-02 NIS/dof 6.221e-02 applied 1.00 reseeds 2015
step 3330 loss 1.92822e-03 |g| 4.10e-02 NIS/dof 5.533e-02 applied 1.00 reseeds 2020
step 3340 loss 2.16723e-03 |g| 6.01e-02 NIS/dof 7.211e-02 applied 1.00 reseeds 2026
step 3350 loss 1.82907e-03 |g| 5.25e-02 NIS/dof 5.659e-02 applied 1.00 reseeds 2033
step 3360 loss 2.37993e-03 |g| 6.44e-02 NIS/dof 6.556e-02 applied 1.00 reseeds 2040
step 3370 loss 2.57090e-03 |g| 8.97e-02 NIS/dof 5.212e-02 applied 1.00 reseeds 2048
step 3380 loss 2.09350e-03 |g| 9.96e-02 NIS/dof 5.386e-02 applied 1.00 reseeds 2051
step 3390 loss 1.72523e-03 |g| 6.62e-02 NIS/dof 4.952e-02 applied 1.00 reseeds 2057
step 3400 loss 2.81414e-03 |g| 7.99e-02 NIS/dof 4.961e-02 applied 1.00 reseeds 2061
step 3410 loss 2.20172e-03 |g| 3.15e-02 NIS/dof 5.764e-02 applied 1.00 reseeds 2069
step 3420 loss 1.78505e-03 |g| 5.57e-02 NIS/dof 5.974e-02 applied 1.00 reseeds 2077
step 3430 loss 2.32306e-03 |g| 5.51e-02 NIS/dof 6.528e-02 applied 1.00 reseeds 2077
step 3440 loss 1.81822e-03 |g| 1.42e-01 NIS/dof 5.705e-02 applied 1.00 reseeds 2083
step 3450 loss 2.88145e-03 |g| 7.33e-02 NIS/dof 7.556e-02 applied 1.00 reseeds 2085
step 3460 loss 2.51966e-03 |g| 6.53e-02 NIS/dof 6.158e-02 applied 1.00 reseeds 2097
step 3470 loss 2.67953e-03 |g| 1.10e-01 NIS/dof 6.465e-02 applied 1.00 reseeds 2102
step 3480 loss 2.54437e-03 |g| 7.57e-02 NIS/dof 6.721e-02 applied 1.00 reseeds 2108
step 3490 loss 2.16315e-03 |g| 3.39e-02 NIS/dof 5.671e-02 applied 1.00 reseeds 2113
step 3500 loss 2.54876e-03 |g| 1.33e-01 NIS/dof 6.899e-02 applied 1.00 reseeds 2121
step 3510 loss 2.31954e-03 |g| 1.07e-01 NIS/dof 5.756e-02 applied 1.00 reseeds 2128
step 3520 loss 2.05794e-03 |g| 5.76e-02 NIS/dof 6.747e-02 applied 1.00 reseeds 2136
step 3530 loss 2.46275e-03 |g| 8.05e-02 NIS/dof 6.056e-02 applied 1.00 reseeds 2141
step 3540 loss 1.91517e-03 |g| 1.27e-01 NIS/dof 5.553e-02 applied 1.00 reseeds 2146
step 3550 loss 2.09493e-03 |g| 6.78e-02 NIS/dof 5.856e-02 applied 1.00 reseeds 2151
step 3560 loss 2.45022e-03 |g| 5.63e-02 NIS/dof 5.861e-02 applied 1.00 reseeds 2156
step 3570 loss 2.33146e-03 |g| 5.67e-02 NIS/dof 5.144e-02 applied 1.00 reseeds 2164
step 3580 loss 2.48411e-03 |g| 7.48e-02 NIS/dof 6.800e-02 applied 1.00 reseeds 2173
step 3590 loss 2.08946e-03 |g| 6.32e-02 NIS/dof 6.568e-02 applied 1.00 reseeds 2175
step 3600 loss 2.23041e-03 |g| 7.28e-02 NIS/dof 6.374e-02 applied 1.00 reseeds 2183
step 3610 loss 1.24559e-03 |g| 3.25e-02 NIS/dof 4.337e-02 applied 1.00 reseeds 2189
step 3620 loss 1.71019e-03 |g| 3.37e-02 NIS/dof 5.829e-02 applied 1.00 reseeds 2195
step 3630 loss 1.80490e-03 |g| 3.96e-02 NIS/dof 5.806e-02 applied 1.00 reseeds 2199
step 3640 loss 2.04728e-03 |g| 3.26e-02 NIS/dof 6.132e-02 applied 1.00 reseeds 2204
step 3650 loss 2.12483e-03 |g| 5.03e-02 NIS/dof 6.486e-02 applied 1.00 reseeds 2206
step 3660 loss 2.45217e-03 |g| 6.61e-02 NIS/dof 6.791e-02 applied 1.00 reseeds 2213
step 3670 loss 2.69879e-03 |g| 9.40e-02 NIS/dof 6.953e-02 applied 1.00 reseeds 2224
step 3680 loss 2.60040e-03 |g| 1.55e-01 NIS/dof 7.633e-02 applied 1.00 reseeds 2230
step 3690 loss 2.25550e-03 |g| 3.42e-02 NIS/dof 6.315e-02 applied 1.00 reseeds 2235
step 3700 loss 1.97938e-03 |g| 3.34e-02 NIS/dof 6.076e-02 applied 1.00 reseeds 2242
step 3710 loss 2.43371e-03 |g| 7.92e-02 NIS/dof 5.144e-02 applied 1.00 reseeds 2244
step 3720 loss 2.63527e-03 |g| 1.44e-01 NIS/dof 4.703e-02 applied 1.00 reseeds 2252
step 3730 loss 1.89330e-03 |g| 4.58e-02 NIS/dof 6.411e-02 applied 1.00 reseeds 2256
step 3740 loss 1.81785e-03 |g| 4.36e-02 NIS/dof 5.672e-02 applied 1.00 reseeds 2264
step 3750 loss 2.06556e-03 |g| 3.99e-02 NIS/dof 5.344e-02 applied 1.00 reseeds 2271
step 3760 loss 2.54517e-03 |g| 7.57e-02 NIS/dof 6.509e-02 applied 1.00 reseeds 2277
step 3770 loss 2.06070e-03 |g| 5.88e-02 NIS/dof 6.973e-02 applied 1.00 reseeds 2283
step 3780 loss 2.40338e-03 |g| 2.05e-01 NIS/dof 7.297e-02 applied 1.00 reseeds 2290
step 3790 loss 2.24752e-03 |g| 4.61e-02 NIS/dof 6.454e-02 applied 1.00 reseeds 2298
step 3800 loss 2.16368e-03 |g| 8.96e-02 NIS/dof 5.267e-02 applied 1.00 reseeds 2301
step 3810 loss 2.19683e-03 |g| 8.76e-02 NIS/dof 6.605e-02 applied 1.00 reseeds 2307
step 3820 loss 2.47011e-03 |g| 1.03e-01 NIS/dof 6.127e-02 applied 1.00 reseeds 2312
step 3830 loss 2.52678e-03 |g| 8.67e-02 NIS/dof 8.032e-02 applied 1.00 reseeds 2319
step 3840 loss 1.90719e-03 |g| 7.47e-02 NIS/dof 6.347e-02 applied 1.00 reseeds 2328
step 3850 loss 2.08138e-03 |g| 8.06e-02 NIS/dof 5.524e-02 applied 1.00 reseeds 2335
step 3860 loss 2.01333e-03 |g| 6.43e-02 NIS/dof 5.841e-02 applied 1.00 reseeds 2340
step 3870 loss 2.68580e-03 |g| 7.18e-02 NIS/dof 8.593e-02 applied 1.00 reseeds 2347
step 3880 loss 2.21341e-03 |g| 5.32e-02 NIS/dof 7.508e-02 applied 1.00 reseeds 2354
step 3890 loss 1.96728e-03 |g| 3.90e-02 NIS/dof 6.268e-02 applied 1.00 reseeds 2365
step 3900 loss 1.90174e-03 |g| 5.00e-02 NIS/dof 5.116e-02 applied 1.00 reseeds 2368
step 3910 loss 1.48599e-03 |g| 2.65e-02 NIS/dof 4.695e-02 applied 1.00 reseeds 2368
step 3920 loss 1.96424e-03 |g| 3.80e-02 NIS/dof 6.516e-02 applied 1.00 reseeds 2374
step 3930 loss 1.76512e-03 |g| 7.42e-02 NIS/dof 5.881e-02 applied 1.00 reseeds 2384
step 3940 loss 2.26937e-03 |g| 3.42e-02 NIS/dof 6.250e-02 applied 1.00 reseeds 2388
step 3950 loss 1.84188e-03 |g| 5.23e-02 NIS/dof 5.754e-02 applied 1.00 reseeds 2395
step 3960 loss 1.82096e-03 |g| 5.92e-02 NIS/dof 5.706e-02 applied 1.00 reseeds 2400
step 3970 loss 1.70021e-03 |g| 4.33e-02 NIS/dof 4.761e-02 applied 1.00 reseeds 2411
step 3980 loss 1.93501e-03 |g| 6.27e-02 NIS/dof 5.536e-02 applied 1.00 reseeds 2418
step 3990 loss 1.94888e-03 |g| 3.91e-02 NIS/dof 6.358e-02 applied 1.00 reseeds 2427
step 4000 loss 2.01713e-03 |g| 6.91e-02 NIS/dof 7.047e-02 applied 1.00 reseeds 2435
step 4010 loss 1.84284e-03 |g| 5.79e-02 NIS/dof 6.419e-02 applied 1.00 reseeds 2440
step 4020 loss 2.60314e-03 |g| 3.87e-02 NIS/dof 6.559e-02 applied 1.00 reseeds 2446
step 4030 loss 2.44003e-03 |g| 8.50e-02 NIS/dof 6.262e-02 applied 1.00 reseeds 2452
step 4040 loss 1.88490e-03 |g| 3.14e-02 NIS/dof 6.336e-02 applied 1.00 reseeds 2461
step 4050 loss 2.02698e-03 |g| 4.47e-02 NIS/dof 5.813e-02 applied 1.00 reseeds 2462
step 4060 loss 2.42779e-03 |g| 7.77e-02 NIS/dof 7.714e-02 applied 1.00 reseeds 2468
step 4070 loss 2.45739e-03 |g| 5.67e-02 NIS/dof 6.472e-02 applied 1.00 reseeds 2474
step 4080 loss 2.14159e-03 |g| 3.41e-02 NIS/dof 6.144e-02 applied 1.00 reseeds 2481
step 4090 loss 1.60147e-03 |g| 3.98e-02 NIS/dof 5.221e-02 applied 1.00 reseeds 2492
step 4100 loss 2.48237e-03 |g| 5.68e-02 NIS/dof 5.791e-02 applied 1.00 reseeds 2497
step 4110 loss 1.59370e-03 |g| 3.00e-02 NIS/dof 4.014e-02 applied 1.00 reseeds 2497
step 4120 loss 2.07635e-03 |g| 7.62e-02 NIS/dof 6.566e-02 applied 1.00 reseeds 2499
step 4130 loss 1.93275e-03 |g| 7.07e-02 NIS/dof 5.824e-02 applied 1.00 reseeds 2506
step 4140 loss 2.37221e-03 |g| 9.42e-02 NIS/dof 5.980e-02 applied 1.00 reseeds 2514
step 4150 loss 2.78042e-03 |g| 6.80e-02 NIS/dof 6.943e-02 applied 1.00 reseeds 2519
step 4160 loss 2.21588e-03 |g| 6.17e-02 NIS/dof 6.723e-02 applied 1.00 reseeds 2523
step 4170 loss 2.66196e-03 |g| 6.59e-02 NIS/dof 5.880e-02 applied 1.00 reseeds 2528
step 4180 loss 2.03489e-03 |g| 7.97e-02 NIS/dof 8.143e-02 applied 1.00 reseeds 2534
step 4190 loss 1.96350e-03 |g| 4.00e-02 NIS/dof 5.459e-02 applied 1.00 reseeds 2541
step 4200 loss 2.15928e-03 |g| 3.51e-02 NIS/dof 6.724e-02 applied 1.00 reseeds 2548
step 4210 loss 1.87497e-03 |g| 3.77e-02 NIS/dof 6.253e-02 applied 1.00 reseeds 2554
step 4220 loss 1.79569e-03 |g| 3.75e-02 NIS/dof 6.093e-02 applied 1.00 reseeds 2558
step 4230 loss 2.28746e-03 |g| 3.64e-02 NIS/dof 5.736e-02 applied 1.00 reseeds 2564
step 4240 loss 2.08017e-03 |g| 5.83e-02 NIS/dof 6.710e-02 applied 1.00 reseeds 2574
step 4250 loss 1.91960e-03 |g| 9.68e-02 NIS/dof 6.725e-02 applied 1.00 reseeds 2579
step 4260 loss 2.36839e-03 |g| 7.29e-02 NIS/dof 6.463e-02 applied 1.00 reseeds 2583
step 4270 loss 2.83542e-03 |g| 8.89e-02 NIS/dof 6.188e-02 applied 1.00 reseeds 2591
step 4280 loss 1.75023e-03 |g| 5.66e-02 NIS/dof 6.761e-02 applied 1.00 reseeds 2603
step 4290 loss 1.79535e-03 |g| 6.76e-02 NIS/dof 6.485e-02 applied 1.00 reseeds 2610
step 4300 loss 2.11676e-03 |g| 6.13e-02 NIS/dof 5.895e-02 applied 1.00 reseeds 2616
step 4310 loss 2.07860e-03 |g| 6.33e-02 NIS/dof 5.501e-02 applied 1.00 reseeds 2622
step 4320 loss 2.18349e-03 |g| 6.74e-02 NIS/dof 7.268e-02 applied 1.00 reseeds 2627
step 4330 loss 2.18688e-03 |g| 1.03e-01 NIS/dof 7.024e-02 applied 1.00 reseeds 2630
step 4340 loss 2.13860e-03 |g| 6.95e-02 NIS/dof 5.974e-02 applied 1.00 reseeds 2636
step 4350 loss 2.32624e-03 |g| 6.17e-02 NIS/dof 6.191e-02 applied 1.00 reseeds 2644
step 4360 loss 2.24718e-03 |g| 5.82e-02 NIS/dof 5.484e-02 applied 1.00 reseeds 2651
step 4370 loss 2.83879e-03 |g| 1.44e-01 NIS/dof 6.204e-02 applied 1.00 reseeds 2658
step 4380 loss 1.86279e-03 |g| 7.10e-02 NIS/dof 6.608e-02 applied 1.00 reseeds 2660
step 4390 loss 2.21029e-03 |g| 5.83e-02 NIS/dof 5.337e-02 applied 1.00 reseeds 2665
step 4400 loss 2.30714e-03 |g| 7.42e-02 NIS/dof 6.701e-02 applied 1.00 reseeds 2666
step 4410 loss 2.31315e-03 |g| 3.32e-02 NIS/dof 5.654e-02 applied 1.00 reseeds 2669
step 4420 loss 1.79894e-03 |g| 8.70e-02 NIS/dof 5.753e-02 applied 1.00 reseeds 2676
step 4430 loss 2.28326e-03 |g| 5.58e-02 NIS/dof 6.435e-02 applied 1.00 reseeds 2683
step 4440 loss 1.96644e-03 |g| 1.24e-01 NIS/dof 7.705e-02 applied 1.00 reseeds 2692
step 4450 loss 2.03051e-03 |g| 9.24e-02 NIS/dof 7.396e-02 applied 1.00 reseeds 2696
step 4460 loss 2.09515e-03 |g| 7.15e-02 NIS/dof 7.163e-02 applied 1.00 reseeds 2706
step 4470 loss 1.74970e-03 |g| 4.75e-02 NIS/dof 5.273e-02 applied 1.00 reseeds 2710
step 4480 loss 2.18006e-03 |g| 4.04e-02 NIS/dof 5.215e-02 applied 1.00 reseeds 2716
step 4490 loss 2.18680e-03 |g| 8.66e-02 NIS/dof 6.967e-02 applied 1.00 reseeds 2720
step 4500 loss 2.63321e-03 |g| 1.04e-01 NIS/dof 7.323e-02 applied 1.00 reseeds 2727
step 4510 loss 2.11095e-03 |g| 5.97e-02 NIS/dof 5.731e-02 applied 1.00 reseeds 2735
step 4520 loss 2.03905e-03 |g| 4.15e-02 NIS/dof 6.519e-02 applied 1.00 reseeds 2740
step 4530 loss 1.50502e-03 |g| 5.09e-02 NIS/dof 5.529e-02 applied 1.00 reseeds 2743
step 4540 loss 1.59828e-03 |g| 6.17e-02 NIS/dof 4.642e-02 applied 1.00 reseeds 2747
step 4550 loss 2.01569e-03 |g| 4.53e-02 NIS/dof 4.939e-02 applied 1.00 reseeds 2756
step 4560 loss 2.33607e-03 |g| 4.11e-02 NIS/dof 7.415e-02 applied 1.00 reseeds 2762
step 4570 loss 2.83757e-03 |g| 9.35e-02 NIS/dof 6.521e-02 applied 1.00 reseeds 2768
step 4580 loss 2.11272e-03 |g| 3.42e-02 NIS/dof 6.117e-02 applied 1.00 reseeds 2776
step 4590 loss 1.99175e-03 |g| 7.43e-02 NIS/dof 7.339e-02 applied 1.00 reseeds 2782
step 4600 loss 1.84818e-03 |g| 4.77e-02 NIS/dof 6.074e-02 applied 1.00 reseeds 2789
step 4610 loss 2.28473e-03 |g| 3.80e-02 NIS/dof 6.058e-02 applied 1.00 reseeds 2795
step 4620 loss 2.42087e-03 |g| 9.41e-02 NIS/dof 7.151e-02 applied 1.00 reseeds 2803
step 4630 loss 2.01150e-03 |g| 7.10e-02 NIS/dof 5.879e-02 applied 1.00 reseeds 2811
step 4640 loss 1.62733e-03 |g| 5.81e-02 NIS/dof 6.733e-02 applied 1.00 reseeds 2818
step 4650 loss 2.09579e-03 |g| 6.22e-02 NIS/dof 6.745e-02 applied 1.00 reseeds 2825
step 4660 loss 1.70672e-03 |g| 5.85e-02 NIS/dof 6.368e-02 applied 1.00 reseeds 2833
step 4670 loss 2.46048e-03 |g| 5.31e-02 NIS/dof 7.704e-02 applied 1.00 reseeds 2838
step 4680 loss 2.19451e-03 |g| 5.23e-02 NIS/dof 5.717e-02 applied 1.00 reseeds 2844
step 4690 loss 1.99558e-03 |g| 3.89e-02 NIS/dof 6.788e-02 applied 1.00 reseeds 2853
step 4700 loss 2.39597e-03 |g| 6.75e-02 NIS/dof 7.873e-02 applied 1.00 reseeds 2856
step 4710 loss 2.14470e-03 |g| 7.41e-02 NIS/dof 5.837e-02 applied 1.00 reseeds 2867
step 4720 loss 2.08256e-03 |g| 5.04e-02 NIS/dof 6.074e-02 applied 1.00 reseeds 2873
step 4730 loss 2.36198e-03 |g| 4.60e-02 NIS/dof 6.831e-02 applied 1.00 reseeds 2881
step 4740 loss 2.29380e-03 |g| 5.36e-02 NIS/dof 6.109e-02 applied 1.00 reseeds 2892
step 4750 loss 2.72110e-03 |g| 7.57e-02 NIS/dof 6.772e-02 applied 1.00 reseeds 2897
step 4760 loss 2.26734e-03 |g| 7.50e-02 NIS/dof 5.710e-02 applied 1.00 reseeds 2900
step 4770 loss 2.29864e-03 |g| 5.04e-02 NIS/dof 5.853e-02 applied 1.00 reseeds 2906
step 4780 loss 1.90438e-03 |g| 5.87e-02 NIS/dof 7.480e-02 applied 1.00 reseeds 2912
step 4790 loss 1.87812e-03 |g| 7.58e-02 NIS/dof 6.338e-02 applied 1.00 reseeds 2917
step 4800 loss 2.35040e-03 |g| 6.98e-02 NIS/dof 6.792e-02 applied 1.00 reseeds 2924
step 4810 loss 1.65459e-03 |g| 3.47e-02 NIS/dof 5.985e-02 applied 1.00 reseeds 2928
step 4820 loss 1.92330e-03 |g| 4.17e-02 NIS/dof 6.252e-02 applied 1.00 reseeds 2933
step 4830 loss 2.13184e-03 |g| 4.88e-02 NIS/dof 6.664e-02 applied 1.00 reseeds 2943
step 4840 loss 1.59282e-03 |g| 4.87e-02 NIS/dof 4.750e-02 applied 1.00 reseeds 2950
step 4850 loss 1.94193e-03 |g| 4.49e-02 NIS/dof 6.061e-02 applied 1.00 reseeds 2956
step 4860 loss 2.12123e-03 |g| 8.10e-02 NIS/dof 6.617e-02 applied 1.00 reseeds 2958
step 4870 loss 2.12036e-03 |g| 8.53e-02 NIS/dof 7.146e-02 applied 1.00 reseeds 2963
step 4880 loss 1.86346e-03 |g| 3.37e-02 NIS/dof 6.553e-02 applied 1.00 reseeds 2967
step 4890 loss 1.79826e-03 |g| 7.53e-02 NIS/dof 5.012e-02 applied 1.00 reseeds 2972
step 4900 loss 1.45835e-03 |g| 2.70e-02 NIS/dof 5.406e-02 applied 1.00 reseeds 2977
step 4910 loss 2.23605e-03 |g| 4.50e-02 NIS/dof 4.865e-02 applied 1.00 reseeds 2981
step 4920 loss 1.97607e-03 |g| 6.15e-02 NIS/dof 6.650e-02 applied 1.00 reseeds 2989
step 4930 loss 1.98572e-03 |g| 6.16e-02 NIS/dof 8.781e-02 applied 1.00 reseeds 2997
step 4940 loss 1.76436e-03 |g| 3.64e-02 NIS/dof 5.614e-02 applied 1.00 reseeds 3006
step 4950 loss 2.33869e-03 |g| 3.86e-02 NIS/dof 6.234e-02 applied 1.00 reseeds 3012
step 4960 loss 2.16564e-03 |g| 4.01e-02 NIS/dof 5.709e-02 applied 1.00 reseeds 3016
step 4970 loss 2.09650e-03 |g| 4.86e-02 NIS/dof 6.204e-02 applied 1.00 reseeds 3022
step 4980 loss 2.30251e-03 |g| 5.52e-02 NIS/dof 6.152e-02 applied 1.00 reseeds 3027
step 4990 loss 1.66494e-03 |g| 4.11e-02 NIS/dof 5.606e-02 applied 1.00 reseeds 3037
step 5000 loss 2.06359e-03 |g| 5.16e-02 NIS/dof 6.100e-02 applied 1.00 reseeds 3040
step 5010 loss 2.12486e-03 |g| 4.75e-02 NIS/dof 5.414e-02 applied 1.00 reseeds 3047
step 5020 loss 1.95360e-03 |g| 3.84e-02 NIS/dof 6.147e-02 applied 1.00 reseeds 3053
step 5030 loss 1.54171e-03 |g| 3.01e-02 NIS/dof 5.133e-02 applied 1.00 reseeds 3058
step 5040 loss 1.67684e-03 |g| 4.40e-02 NIS/dof 5.952e-02 applied 1.00 reseeds 3062
step 5050 loss 2.13982e-03 |g| 5.06e-02 NIS/dof 6.298e-02 applied 1.00 reseeds 3066
step 5060 loss 2.31856e-03 |g| 6.17e-02 NIS/dof 6.230e-02 applied 1.00 reseeds 3075
step 5070 loss 2.41632e-03 |g| 7.09e-02 NIS/dof 7.440e-02 applied 1.00 reseeds 3082
step 5080 loss 2.59029e-03 |g| 6.56e-02 NIS/dof 5.856e-02 applied 1.00 reseeds 3090
step 5090 loss 1.84446e-03 |g| 5.54e-02 NIS/dof 5.474e-02 applied 1.00 reseeds 3096
step 5100 loss 2.14618e-03 |g| 4.84e-02 NIS/dof 5.039e-02 applied 1.00 reseeds 3100
step 5110 loss 2.15326e-03 |g| 9.51e-02 NIS/dof 6.401e-02 applied 1.00 reseeds 3103
step 5120 loss 1.89702e-03 |g| 4.05e-02 NIS/dof 5.682e-02 applied 1.00 reseeds 3112
step 5130 loss 1.95756e-03 |g| 6.45e-02 NIS/dof 6.033e-02 applied 1.00 reseeds 3115
step 5140 loss 2.58190e-03 |g| 5.49e-02 NIS/dof 6.547e-02 applied 1.00 reseeds 3122
step 5150 loss 1.96345e-03 |g| 2.97e-02 NIS/dof 4.810e-02 applied 1.00 reseeds 3130
step 5160 loss 2.47766e-03 |g| 5.40e-02 NIS/dof 5.720e-02 applied 1.00 reseeds 3138
step 5170 loss 2.07737e-03 |g| 5.55e-02 NIS/dof 5.694e-02 applied 1.00 reseeds 3143
step 5180 loss 1.94615e-03 |g| 4.16e-02 NIS/dof 5.934e-02 applied 1.00 reseeds 3146
step 5190 loss 1.82181e-03 |g| 7.25e-02 NIS/dof 5.439e-02 applied 1.00 reseeds 3154
step 5200 loss 2.02877e-03 |g| 5.60e-02 NIS/dof 6.663e-02 applied 1.00 reseeds 3158
step 5210 loss 2.21519e-03 |g| 7.83e-02 NIS/dof 7.069e-02 applied 1.00 reseeds 3163
step 5220 loss 2.24412e-03 |g| 5.75e-02 NIS/dof 5.687e-02 applied 1.00 reseeds 3173
step 5230 loss 2.23377e-03 |g| 5.82e-02 NIS/dof 6.624e-02 applied 1.00 reseeds 3178
step 5240 loss 2.19126e-03 |g| 6.49e-02 NIS/dof 7.271e-02 applied 1.00 reseeds 3186
step 5250 loss 1.67300e-03 |g| 3.91e-02 NIS/dof 5.064e-02 applied 1.00 reseeds 3188
step 5260 loss 1.97757e-03 |g| 2.85e-02 NIS/dof 5.811e-02 applied 1.00 reseeds 3197
step 5270 loss 1.92664e-03 |g| 8.53e-02 NIS/dof 6.246e-02 applied 1.00 reseeds 3205
step 5280 loss 1.85830e-03 |g| 5.29e-02 NIS/dof 6.780e-02 applied 1.00 reseeds 3213
step 5290 loss 2.20076e-03 |g| 6.43e-02 NIS/dof 5.846e-02 applied 1.00 reseeds 3217
step 5300 loss 2.36864e-03 |g| 9.08e-02 NIS/dof 6.482e-02 applied 1.00 reseeds 3226
step 5310 loss 2.05963e-03 |g| 6.21e-02 NIS/dof 6.463e-02 applied 1.00 reseeds 3230
step 5320 loss 1.78236e-03 |g| 5.55e-02 NIS/dof 6.734e-02 applied 1.00 reseeds 3236
step 5330 loss 2.17064e-03 |g| 5.34e-02 NIS/dof 8.897e-02 applied 1.00 reseeds 3241
step 5340 loss 1.90564e-03 |g| 6.83e-02 NIS/dof 6.637e-02 applied 1.00 reseeds 3250
step 5350 loss 2.33381e-03 |g| 6.48e-02 NIS/dof 6.244e-02 applied 1.00 reseeds 3257
step 5360 loss 2.35499e-03 |g| 1.06e-01 NIS/dof 6.056e-02 applied 1.00 reseeds 3259
step 5370 loss 2.09104e-03 |g| 5.22e-02 NIS/dof 7.073e-02 applied 1.00 reseeds 3267
step 5380 loss 1.77995e-03 |g| 4.49e-02 NIS/dof 7.161e-02 applied 1.00 reseeds 3271
step 5390 loss 2.28007e-03 |g| 3.23e-02 NIS/dof 6.497e-02 applied 1.00 reseeds 3280
step 5400 loss 2.53253e-03 |g| 1.01e-01 NIS/dof 6.895e-02 applied 1.00 reseeds 3284
step 5410 loss 2.24553e-03 |g| 7.62e-02 NIS/dof 5.970e-02 applied 1.00 reseeds 3288
step 5420 loss 1.67539e-03 |g| 3.93e-02 NIS/dof 6.354e-02 applied 1.00 reseeds 3295
step 5430 loss 2.07912e-03 |g| 7.20e-02 NIS/dof 6.713e-02 applied 1.00 reseeds 3303
step 5440 loss 2.18246e-03 |g| 6.10e-02 NIS/dof 5.065e-02 applied 1.00 reseeds 3311
step 5450 loss 2.34024e-03 |g| 5.33e-02 NIS/dof 8.325e-02 applied 1.00 reseeds 3313
step 5460 loss 1.89429e-03 |g| 7.68e-02 NIS/dof 6.807e-02 applied 1.00 reseeds 3319
step 5470 loss 1.92148e-03 |g| 5.01e-02 NIS/dof 6.363e-02 applied 1.00 reseeds 3325
step 5480 loss 1.75987e-03 |g| 3.26e-02 NIS/dof 5.150e-02 applied 1.00 reseeds 3331
step 5490 loss 2.07356e-03 |g| 5.04e-02 NIS/dof 5.318e-02 applied 1.00 reseeds 3342
step 5500 loss 1.74400e-03 |g| 3.16e-02 NIS/dof 5.599e-02 applied 1.00 reseeds 3349
step 5510 loss 1.85277e-03 |g| 5.20e-02 NIS/dof 4.889e-02 applied 1.00 reseeds 3352
step 5520 loss 1.63520e-03 |g| 3.87e-02 NIS/dof 5.715e-02 applied 1.00 reseeds 3355
step 5530 loss 1.89271e-03 |g| 5.05e-02 NIS/dof 7.006e-02 applied 1.00 reseeds 3364
step 5540 loss 1.78029e-03 |g| 4.10e-02 NIS/dof 5.420e-02 applied 1.00 reseeds 3368
step 5550 loss 1.88865e-03 |g| 6.97e-02 NIS/dof 6.806e-02 applied 1.00 reseeds 3374
step 5560 loss 1.99668e-03 |g| 6.01e-02 NIS/dof 6.724e-02 applied 1.00 reseeds 3381
step 5570 loss 3.20643e-03 |g| 7.27e-02 NIS/dof 9.290e-02 applied 1.00 reseeds 3388
step 5580 loss 2.18919e-03 |g| 5.75e-02 NIS/dof 6.138e-02 applied 1.00 reseeds 3393
step 5590 loss 1.94360e-03 |g| 5.39e-02 NIS/dof 6.170e-02 applied 1.00 reseeds 3404
step 5600 loss 1.96249e-03 |g| 4.30e-02 NIS/dof 5.669e-02 applied 1.00 reseeds 3407
step 5610 loss 2.43300e-03 |g| 6.08e-02 NIS/dof 5.855e-02 applied 1.00 reseeds 3412
step 5620 loss 2.10738e-03 |g| 4.04e-02 NIS/dof 8.289e-02 applied 1.00 reseeds 3417
step 5630 loss 2.29605e-03 |g| 3.82e-02 NIS/dof 6.913e-02 applied 1.00 reseeds 3421
step 5640 loss 1.82589e-03 |g| 6.12e-02 NIS/dof 6.421e-02 applied 1.00 reseeds 3429
step 5650 loss 2.18393e-03 |g| 4.45e-02 NIS/dof 5.248e-02 applied 1.00 reseeds 3438
step 5660 loss 2.11585e-03 |g| 4.43e-02 NIS/dof 6.656e-02 applied 1.00 reseeds 3445
step 5670 loss 1.83409e-03 |g| 5.75e-02 NIS/dof 7.325e-02 applied 1.00 reseeds 3451
step 5680 loss 1.77975e-03 |g| 2.41e-02 NIS/dof 5.424e-02 applied 1.00 reseeds 3464
step 5690 loss 2.01139e-03 |g| 5.67e-02 NIS/dof 7.595e-02 applied 1.00 reseeds 3469
step 5700 loss 1.81106e-03 |g| 5.18e-02 NIS/dof 6.276e-02 applied 1.00 reseeds 3475
step 5710 loss 1.87558e-03 |g| 4.31e-02 NIS/dof 5.810e-02 applied 1.00 reseeds 3479
step 5720 loss 2.20896e-03 |g| 4.38e-02 NIS/dof 7.549e-02 applied 1.00 reseeds 3482
step 5730 loss 2.15778e-03 |g| 4.16e-02 NIS/dof 6.099e-02 applied 1.00 reseeds 3486
step 5740 loss 2.01979e-03 |g| 3.44e-02 NIS/dof 6.064e-02 applied 1.00 reseeds 3494
step 5750 loss 2.01695e-03 |g| 4.97e-02 NIS/dof 6.272e-02 applied 1.00 reseeds 3503
step 5760 loss 2.34100e-03 |g| 9.05e-02 NIS/dof 6.936e-02 applied 1.00 reseeds 3508
step 5770 loss 2.07943e-03 |g| 3.17e-02 NIS/dof 5.379e-02 applied 1.00 reseeds 3516
step 5780 loss 2.27975e-03 |g| 3.60e-02 NIS/dof 7.259e-02 applied 1.00 reseeds 3519
step 5790 loss 2.26712e-03 |g| 4.63e-02 NIS/dof 5.818e-02 applied 1.00 reseeds 3524
step 5800 loss 1.83939e-03 |g| 3.78e-02 NIS/dof 5.986e-02 applied 1.00 reseeds 3530
step 5810 loss 2.48740e-03 |g| 9.66e-02 NIS/dof 6.723e-02 applied 1.00 reseeds 3538
step 5820 loss 1.99621e-03 |g| 3.36e-02 NIS/dof 6.957e-02 applied 1.00 reseeds 3547
step 5830 loss 1.97688e-03 |g| 4.37e-02 NIS/dof 6.238e-02 applied 1.00 reseeds 3552
step 5840 loss 2.38908e-03 |g| 1.31e-01 NIS/dof 6.037e-02 applied 1.00 reseeds 3559
step 5850 loss 2.27098e-03 |g| 8.21e-02 NIS/dof 7.272e-02 applied 1.00 reseeds 3568
step 5860 loss 2.31155e-03 |g| 5.83e-02 NIS/dof 6.639e-02 applied 1.00 reseeds 3572
step 5870 loss 1.64488e-03 |g| 2.45e-02 NIS/dof 7.729e-02 applied 1.00 reseeds 3580
step 5880 loss 2.66235e-03 |g| 5.28e-02 NIS/dof 6.902e-02 applied 1.00 reseeds 3582
step 5890 loss 2.02896e-03 |g| 6.04e-02 NIS/dof 5.570e-02 applied 1.00 reseeds 3588
step 5900 loss 1.98415e-03 |g| 3.50e-02 NIS/dof 7.125e-02 applied 1.00 reseeds 3592
step 5910 loss 2.21637e-03 |g| 5.73e-02 NIS/dof 5.983e-02 applied 1.00 reseeds 3597
step 5920 loss 2.12691e-03 |g| 4.46e-02 NIS/dof 6.181e-02 applied 1.00 reseeds 3605
step 5930 loss 1.90680e-03 |g| 3.98e-02 NIS/dof 7.039e-02 applied 1.00 reseeds 3612
step 5940 loss 1.89196e-03 |g| 4.19e-02 NIS/dof 5.732e-02 applied 1.00 reseeds 3615
step 5950 loss 2.66926e-03 |g| 7.58e-02 NIS/dof 6.696e-02 applied 1.00 reseeds 3620
step 5960 loss 1.40357e-03 |g| 3.05e-02 NIS/dof 4.985e-02 applied 1.00 reseeds 3625
step 5970 loss 1.61489e-03 |g| 3.43e-02 NIS/dof 5.830e-02 applied 1.00 reseeds 3629
step 5980 loss 1.82747e-03 |g| 3.58e-02 NIS/dof 6.010e-02 applied 1.00 reseeds 3636
step 5990 loss 2.10094e-03 |g| 2.98e-02 NIS/dof 5.605e-02 applied 1.00 reseeds 3641
step 5999 loss 2.03791e-03 |g| 3.49e-02 NIS/dof 6.031e-02 applied 1.00 reseeds 3645
== validating on held-out ==
  flat/seed28: baseline={'vel_rmse': 0.05787318320905935, 'vel_nees': 3.5889887863366186, 'vel_nees_tangent': 4.667898794792066, 'vel_nees_x': 0.07818977033238572, 'vel_nees_y': 0.08705312798219444, 'vel_nees_z': 1.7422527597346016, 'nis_over_dof': 0.004873759797866317, 'applied': 0.9999999999999999}  learned={'vel_rmse': 0.043986526439429734, 'vel_nees': 1.9286604861422663, 'vel_nees_tangent': 2.489291302297042, 'vel_nees_x': 0.04277110252355022, 'vel_nees_y': 0.0437955214078633, 'vel_nees_z': 1.142984757064883, 'nis_over_dof': 0.06225013433359233, 'applied': 0.9999999999999999}
  hard_stepping/seed27: baseline={'vel_rmse': 0.06736223003605024, 'vel_nees': 3.9937546451751027, 'vel_nees_tangent': 5.676857622298503, 'vel_nees_x': 0.06049588891550296, 'vel_nees_y': 0.07462530450502061, 'vel_nees_z': 2.303087264145988, 'nis_over_dof': 0.008074505122329625, 'applied': 0.9999999999999999}  learned={'vel_rmse': 0.05783750482495336, 'vel_nees': 3.119463459412154, 'vel_nees_tangent': 4.391820020794276, 'vel_nees_x': 0.048117134857923696, 'vel_nees_y': 0.054213819486904326, 'vel_nees_z': 1.9624629695774924, 'nis_over_dof': 0.07644045415989481, 'applied': 0.9999999999999999}
  stepping_stones/seed22: baseline={'vel_rmse': 0.05882622470998164, 'vel_nees': 3.156923695799236, 'vel_nees_tangent': 4.509250498452249, 'vel_nees_x': 0.08291286789684185, 'vel_nees_y': 0.05305739803127232, 'vel_nees_z': 1.7815395942311851, 'nis_over_dof': 0.0056863362941452925, 'applied': 0.9999999999999999}  learned={'vel_rmse': 0.04986825502501314, 'vel_nees': 2.206038990258558, 'vel_nees_tangent': 3.1852751377468964, 'vel_nees_x': 0.05338384548456799, 'vel_nees_y': 0.042169127036978254, 'vel_nees_z': 1.4412869078196773, 'nis_over_dof': 0.06123108795949892, 'applied': 0.9999999999999999}
  waves/seed25: baseline={'vel_rmse': 0.05887812101242093, 'vel_nees': 3.3091834091588126, 'vel_nees_tangent': 4.696477446950371, 'vel_nees_x': 0.052548845303858116, 'vel_nees_y': 0.048839757209245285, 'vel_nees_z': 1.817690523848581, 'nis_over_dof': 0.004928821162655679, 'applied': 0.9999999999999999}  learned={'vel_rmse': 0.04379996224397426, 'vel_nees': 2.178454381021399, 'vel_nees_tangent': 3.0115678812345372, 'vel_nees_x': 0.02914096898719611, 'vel_nees_y': 0.04275978679258316, 'vel_nees_z': 1.4434344382986493, 'nis_over_dof': 0.06630896288642854, 'applied': 0.9999999999999999}
== summary ==
{
  "run": {
    "dir": "L256_C_l2velori_cmv1e-3",
    "started_at": "2026-08-10T03:41:26",
    "tag": null,
    "args": {
      "collect": false,
      "train_seeds": [
        0,
        1,
        2,
        3
      ],
      "val_seeds": [
        4,
        5,
        6,
        7
      ],
      "seconds": 45.0,
      "steps": 6000,
      "warmup_steps": 100,
      "time_budget_s": 86400.0,
      "tag": null,
      "out_dir": "results/zdrift/L256_C_l2velori_cmv1e-3",
      "contacts_per_foot": 4,
      "objective": "l2_vel_ori",
      "w_pos": null,
      "w_ori": null,
      "pose_weight_ratio": null,
      "L": 256,
      "remat": false,
      "contact_meas_var": 0.001,
      "pool": "n8fix"
    }
  },
  "n_train": 21,
  "n_val": 4,
  "steps_run": 6000,
  "final_reseeds": 3645,
  "floored": [],
  "cfg": {
    "F": 30,
    "d_in": 600,
    "H": 20,
    "window_span_s": 0.019,
    "L": 256,
    "B": 32,
    "objective": "l2_vel_ori",
    "remat": false,
    "contact_meas_var": 0.001,
    "w_pos": 0.0,
    "w_ori": 12.070992541536208,
    "pose_weight_ratio": 0.5,
    "episode_s": 43.0,
    "warm_in_s": 1.0,
    "peak_lr": 0.0001,
    "init_seed": 0,
    "batcher_seed": 0,
    "cmd_ranges": {
      "vx": [
        0.3,
        0.9
      ],
      "vy": [
        0.25,
        0.5
      ],
      "yaw": [
        0.3,
        1.5
      ]
    }
  },
  "wall_s": 7741.293840885162,
  "val": [
    {
      "mode": "flat/seed28",
      "rollout": "flat/seed28",
      "baseline": {
        "vel_rmse": 0.05787318320905935,
        "vel_nees": 3.5889887863366186,
        "vel_nees_tangent": 4.667898794792066,
        "vel_nees_x": 0.07818977033238572,
        "vel_nees_y": 0.08705312798219444,
        "vel_nees_z": 1.7422527597346016,
        "nis_over_dof": 0.004873759797866317,
        "applied": 0.9999999999999999
      },
      "learned": {
        "vel_rmse": 0.043986526439429734,
        "vel_nees": 1.9286604861422663,
        "vel_nees_tangent": 2.489291302297042,
        "vel_nees_x": 0.04277110252355022,
        "vel_nees_y": 0.0437955214078633,
        "vel_nees_z": 1.142984757064883,
        "nis_over_dof": 0.06225013433359233,
        "applied": 0.9999999999999999
      }
    },
    {
      "mode": "hard_stepping/seed27",
      "rollout": "hard_stepping/seed27",
      "baseline": {
        "vel_rmse": 0.06736223003605024,
        "vel_nees": 3.9937546451751027,
        "vel_nees_tangent": 5.676857622298503,
        "vel_nees_x": 0.06049588891550296,
        "vel_nees_y": 0.07462530450502061,
        "vel_nees_z": 2.303087264145988,
        "nis_over_dof": 0.008074505122329625,
        "applied": 0.9999999999999999
      },
      "learned": {
        "vel_rmse": 0.05783750482495336,
        "vel_nees": 3.119463459412154,
        "vel_nees_tangent": 4.391820020794276,
        "vel_nees_x": 0.048117134857923696,
        "vel_nees_y": 0.054213819486904326,
        "vel_nees_z": 1.9624629695774924,
        "nis_over_dof": 0.07644045415989481,
        "applied": 0.9999999999999999
      }
    },
    {
      "mode": "stepping_stones/seed22",
      "rollout": "stepping_stones/seed22",
      "baseline": {
        "vel_rmse": 0.05882622470998164,
        "vel_nees": 3.156923695799236,
        "vel_nees_tangent": 4.509250498452249,
        "vel_nees_x": 0.08291286789684185,
        "vel_nees_y": 0.05305739803127232,
        "vel_nees_z": 1.7815395942311851,
        "nis_over_dof": 0.0056863362941452925,
        "applied": 0.9999999999999999
      },
      "learned": {
        "vel_rmse": 0.04986825502501314,
        "vel_nees": 2.206038990258558,
        "vel_nees_tangent": 3.1852751377468964,
        "vel_nees_x": 0.05338384548456799,
        "vel_nees_y": 0.042169127036978254,
        "vel_nees_z": 1.4412869078196773,
        "nis_over_dof": 0.06123108795949892,
        "applied": 0.9999999999999999
      }
    },
    {
      "mode": "waves/seed25",
      "rollout": "waves/seed25",
      "baseline": {
        "vel_rmse": 0.05887812101242093,
        "vel_nees": 3.3091834091588126,
        "vel_nees_tangent": 4.696477446950371,
        "vel_nees_x": 0.052548845303858116,
        "vel_nees_y": 0.048839757209245285,
        "vel_nees_z": 1.817690523848581,
        "nis_over_dof": 0.004928821162655679,
        "applied": 0.9999999999999999
      },
      "learned": {
        "vel_rmse": 0.04379996224397426,
        "vel_nees": 2.178454381021399,
        "vel_nees_tangent": 3.0115678812345372,
        "vel_nees_x": 0.02914096898719611,
        "vel_nees_y": 0.04275978679258316,
        "vel_nees_z": 1.4434344382986493,
        "nis_over_dof": 0.06630896288642854,
        "applied": 0.9999999999999999
      }
    }
  ],
  "loss_first": 0.5644274472096652,
  "loss_last": 0.0020379065425557208
}
  plots -> /home/llibshutz/alex/invariant-estimation/results/zdrift/L256_C_l2velori_cmv1e-3/training.png, /home/llibshutz/alex/invariant-estimation/results/zdrift/L256_C_l2velori_cmv1e-3/validation.png
[2026-08-10 05:50:30] [stage4] retrain L256_C_l2velori: complete
[2026-08-10 05:50:30] [stage4] scoring everything trained so far at contact_meas_var=1e-3
Failed to import warp: No module named 'warp'
Failed to import mujoco_warp: No module named 'warp'
cells: ['L256_A_l2vel_cmv1e-3', 'L256_C_l2velori_cmv1e-3']
collector: 9 filtered joints, 8 IMUs, 8 contacts, 4 off-path joints, dt=0.001 (1000 Hz)  [built in 0.9s]
held-out: ['flat_n8fix_seed028.npz', 'hard_stepping_n8fix_seed027.npz', 'stepping_stones_n8fix_seed022.npz', 'waves_n8fix_seed025.npz']
  reused flat_n8fix_seed000_feat.npz (cache newer than rollout, channels match)
  reused flat_n8fix_seed004_feat.npz (cache newer than rollout, channels match)
  reused flat_n8fix_seed008_feat.npz (cache newer than rollout, channels match)
  reused flat_n8fix_seed012_feat.npz (cache newer than rollout, channels match)
  reused flat_n8fix_seed016_feat.npz (cache newer than rollout, channels match)
  reused flat_n8fix_seed020_feat.npz (cache newer than rollout, channels match)
  reused flat_n8fix_seed024_feat.npz (cache newer than rollout, channels match)
  reused hard_stepping_n8fix_seed003_feat.npz (cache newer than rollout, channels match)
  reused hard_stepping_n8fix_seed007_feat.npz (cache newer than rollout, channels match)
  reused hard_stepping_n8fix_seed011_feat.npz (cache newer than rollout, channels match)
  reused hard_stepping_n8fix_seed015_feat.npz (cache newer than rollout, channels match)
  reused hard_stepping_n8fix_seed019_feat.npz (cache newer than rollout, channels match)
  reused hard_stepping_n8fix_seed023_feat.npz (cache newer than rollout, channels match)
  reused stepping_stones_n8fix_seed006_feat.npz (cache newer than rollout, channels match)
  reused stepping_stones_n8fix_seed014_feat.npz (cache newer than rollout, channels match)
  reused stepping_stones_n8fix_seed018_feat.npz (cache newer than rollout, channels match)
  reused waves_n8fix_seed001_feat.npz (cache newer than rollout, channels match)
  reused waves_n8fix_seed005_feat.npz (cache newer than rollout, channels match)
  reused waves_n8fix_seed009_feat.npz (cache newer than rollout, channels match)
  reused waves_n8fix_seed017_feat.npz (cache newer than rollout, channels match)
  reused waves_n8fix_seed021_feat.npz (cache newer than rollout, channels match)
  reused flat_n8fix_seed028_feat.npz (cache newer than rollout, channels match)
  reused hard_stepping_n8fix_seed027_feat.npz (cache newer than rollout, channels match)
  reused stepping_stones_n8fix_seed022_feat.npz (cache newer than rollout, channels match)
  reused waves_n8fix_seed025_feat.npz (cache newer than rollout, channels match)
1 distinct normalization(s) across 2 cells
  P0 from flat/seed0 ticks [16019, 19019): diag(R)=[7.14802905e-05 7.28271671e-05 1.00028709e+00], diag(v)=[0.00098694 0.00100345 0.00021596], diag(p)=[0.12313766 0.12121895 0.1217686 ], diag(d)=[0.12313923 0.12122268 0.12177008 0.1231391  0.1212237  0.12176936
 0.123156   0.12124462 0.12177215 0.12315667 0.12124496 0.12177252
 0.12352416 0.12184401 0.12217279 0.1235117  0.1218735  0.12214136
 0.12380212 0.12203411 0.12188118 0.12313454 0.12120552 0.12177555], eig in [3.101e-07, 1.156e+00]
  L256_A_l2vel_cmv1e-3   drift_z -0.00328 m/s (analytic -0.00711)  rmse 0.0499
  L256_C_l2velori_cmv1e-3 drift_z -0.00151 m/s (analytic -0.00711)  rmse 0.0489

### Drift vs the metric the arms were selected on (28 s of held-out walking per rollout)

| cell | L | vel RMSE | |drift_z| [m/s] | analytic | ratio | final e_z | horiz % |
|---|---|---|---|---|---|---|---|
| L256_C_l2velori_cmv1e-3 | 256 | 0.0489 | 0.00151 | 0.00711 | 0.21x | -0.025 | 0.63 |
| L256_A_l2vel_cmv1e-3 | 256 | 0.0499 | 0.00328 | 0.00711 | 0.46x | -0.085 | 0.71 |

rank by |drift_z| : ['L256_C_l2velori_cmv1e-3', 'L256_A_l2vel_cmv1e-3']
rank by vel_rmse  : ['L256_C_l2velori_cmv1e-3', 'L256_A_l2vel_cmv1e-3']
[2026-08-10 06:06:25] [stage4] === stage 4 complete ===
